run_id,experiment_tag,timestamp_s,sample_kind,track_id,detector_track_id,source,source_label,x_m,y_m,z_m,vx_mps,vy_mps,vz_mps,confidence,distance_m,bbox_area_px,inbound,last_observed_age_s,prediction_horizon_s,position_uncertainty_m,velocity_uncertainty_mps
tracking_cdrone3_20260822_201250_360_milestone4,milestone4,1787454770.360361099,raw,1,1,0,detected,2.023290,3.502532,0.253895,0.177350,0.076800,-0.021935,0.503906,13.663852,279.000,0,0.000000,0.000000,0.000000,0.000000
tracking_cdrone3_20260822_201250_360_milestone4,milestone4,1787454770.374820948,target_map,1,1,0,detected,2.023670,3.502774,0.254010,0.039844,0.025355,0.012039,0.502704,13.663852,279.000,0,0.009543,0.000000,0.153340,0.352386
tracking_cdrone3_20260822_201250_360_milestone4,milestone4,1787454770.374820948,target_map,2,3,2,predicted,-2.622303,1.348302,0.254545,-0.078086,-0.000568,-0.001478,0.223556,8.942363,4077.875,1,2.681517,2.681517,1.088531,1.020379
tracking_cdrone3_20260822_201250_360_milestone4,milestone4,1787454770.480362177,target_map,1,1,0,detected,2.027875,3.505450,0.255280,0.039844,0.025355,0.012039,0.489410,13.663852,279.000,0,0.115074,0.000000,0.190276,0.378769
tracking_cdrone3_20260822_201250_360_milestone4,milestone4,1787454770.480362177,target_map,2,3,2,predicted,-2.630544,1.348242,0.254389,-0.078086,-0.000568,-0.001478,0.205663,8.942363,4077.875,1,2.787048,2.787048,1.125467,1.046762
tracking_cdrone3_20260822_201250_360_milestone4,milestone4,1787454770.571244001,raw,1,1,0,detected,2.014111,3.494865,0.258275,-0.043524,-0.036356,0.020771,0.488525,13.653272,275.125,1,0.000000,0.000000,0.000000,0.000000
tracking_cdrone3_20260822_201250_360_milestone4,milestone4,1787454770.575972795,target_map,1,1,0,detected,2.014101,3.494851,0.258302,-0.006008,-0.008586,0.016841,0.488330,13.653272,275.125,1,0.001600,0.000000,0.150560,0.350400
tracking_cdrone3_20260822_201250_360_milestone4,milestone4,1787454770.575972795,target_map,2,3,2,predicted,-2.638011,1.348188,0.254247,-0.078086,-0.000568,-0.001478,0.189448,8.942363,4077.875,1,2.882681,2.882681,1.158938,1.070670
tracking_cdrone3_20260822_201250_360_milestone4,milestone4,1787454770.674919367,target_map,1,1,0,detected,2.013507,3.494002,0.259968,-0.006008,-0.008586,0.016841,0.476247,13.653272,275.125,1,0.100535,0.000000,0.185187,0.375134
tracking_cdrone3_20260822_201250_360_milestone4,milestone4,1787454770.674919367,target_map,2,3,2,predicted,-2.645737,1.348131,0.254101,-0.078086,-0.000568,-0.001478,0.172673,8.942363,4077.875,1,2.981616,2.981616,1.193565,1.095404
tracking_cdrone3_20260822_201250_360_milestone4,milestone4,1787454770.705979586,raw,1,1,0,detected,1.985617,3.486618,0.245682,-0.211404,-0.061185,-0.093433,0.491455,13.623577,271.250,1,0.000000,0.000000,0.000000,0.000000
tracking_cdrone3_20260822_201250_360_milestone4,milestone4,1787454770.775234222,target_map,1,1,0,detected,1.977739,3.484134,0.242781,-0.118976,-0.037515,-0.043810,0.483320,13.623577,271.250,1,0.066212,0.000000,0.173174,0.366553
tracking_cdrone3_20260822_201250_360_milestone4,milestone4,1787454770.775234222,target_map,2,3,2,predicted,-2.653568,1.348074,0.253953,-0.078086,-0.000568,-0.001478,0.155667,8.942363,4077.875,1,3.081911,3.081911,1.228669,1.120478
tracking_cdrone3_20260822_201250_360_milestone4,milestone4,1787454770.820058346,raw,1,1,0,detected,1.952544,3.482947,0.252410,-0.290061,-0.032201,0.059012,0.487549,13.590549,271.250,1,0.000000,0.000000,0.000000,0.000000
tracking_cdrone3_20260822_201250_360_milestone4,milestone4,1787454770.875646353,target_map,1,1,0,detected,1.941236,3.481111,0.253087,-0.213073,-0.034592,0.012742,0.481080,13.590549,271.250,1,0.053071,0.000000,0.168575,0.363268
tracking_cdrone3_20260822_201250_360_milestone4,milestone4,1787454770.875646353,target_map,2,3,2,predicted,-2.661411,1.348017,0.253805,-0.078086,-0.000568,-0.001478,0.138639,8.942363,4077.875,1,3.182341,3.182341,1.263819,1.145585
tracking_cdrone3_20260822_201250_360_milestone4,milestone4,1787454770.975036621,target_map,1,1,0,detected,1.920059,3.477673,0.254353,-0.213073,-0.034592,0.012742,0.468966,13.590549,271.250,1,0.152459,0.000000,0.203361,0.388115
tracking_cdrone3_20260822_201250_360_milestone4,milestone4,1787454770.975036621,target_map,2,3,2,predicted,-2.669171,1.347961,0.253658,-0.078086,-0.000568,-0.001478,0.121787,8.942363,4077.875,1,3.281729,3.281729,1.298605,1.170432
tracking_cdrone3_20260822_201250_360_milestone4,milestone4,1787454770.981164694,raw,1,1,0,detected,2.021328,3.498303,0.252603,0.426894,0.095303,0.001197,0.485352,13.661040,262.500,0,0.000000,0.000000,0.000000,0.000000
tracking_cdrone3_20260822_201250_360_milestone4,milestone4,1787454771.075154305,target_map,1,1,0,detected,2.031101,3.500895,0.253053,0.138909,0.036850,0.006393,0.476815,13.661040,262.500,0,0.070354,0.000000,0.174624,0.367589
tracking_cdrone3_20260822_201250_360_milestone4,milestone4,1787454771.075154305,target_map,2,3,2,predicted,-2.676989,1.347904,0.253510,-0.078086,-0.000568,-0.001478,0.104811,8.942363,4077.875,1,3.381848,3.381848,1.333647,1.195462
tracking_cdrone3_20260822_201250_360_milestone4,milestone4,1787454771.174996138,target_map,1,1,0,detected,2.044970,3.504575,0.253691,0.138909,0.036850,0.006393,0.464701,13.661040,262.500,0,0.170195,0.000000,0.209568,0.392549
tracking_cdrone3_20260822_201250_360_milestone4,milestone4,1787454771.174996138,target_map,2,3,2,predicted,-2.684785,1.347848,0.253362,-0.078086,-0.000568,-0.001478,0.087883,8.942363,4077.875,1,3.481688,3.481688,1.368591,1.220422
tracking_cdrone3_20260822_201250_360_milestone4,milestone4,1787454771.274725914,target_map,1,1,2,predicted,2.058825,3.508250,0.254329,0.138909,0.036850,0.006393,0.452598,13.661040,262.500,0,0.269933,0.269933,0.244477,0.417483
tracking_cdrone3_20260822_201250_360_milestone4,milestone4,1787454771.274725914,target_map,2,3,2,predicted,-2.692573,1.347791,0.253215,-0.078086,-0.000568,-0.001478,0.070971,8.942363,4077.875,1,3.581427,3.581427,1.403499,1.245357
tracking_cdrone3_20260822_201250_360_milestone4,milestone4,1787454771.302836895,raw,1,1,0,detected,2.015718,3.500950,0.238760,-0.017443,0.008232,-0.043039,0.493164,13.655944,262.500,0,0.000000,0.000000,0.000000,0.000000
tracking_cdrone3_20260822_201250_360_milestone4,milestone4,1787454771.374760628,target_map,1,1,0,detected,2.019319,3.502387,0.237344,0.052916,0.021110,-0.020795,0.484774,13.655944,262.500,0,0.068052,0.000000,0.173818,0.367013
tracking_cdrone3_20260822_201250_360_milestone4,milestone4,1787454771.374760628,target_map,2,3,2,predicted,-2.700384,1.347734,0.253067,-0.078086,-0.000568,-0.001478,0.054010,8.942363,4077.875,1,3.681459,3.681459,1.438511,1.270365
tracking_cdrone3_20260822_201250_360_milestone4,milestone4,1787454771.475033045,target_map,1,1,0,detected,2.024625,3.504503,0.235259,0.052916,0.021110,-0.020795,0.472412,13.655944,262.500,0,0.168319,0.000000,0.208912,0.392080
tracking_cdrone3_20260822_201250_360_milestone4,milestone4,1787454771.475033045,target_map,2,3,2,predicted,-2.708214,1.347677,0.252919,-0.078086,-0.000568,-0.001478,0.037010,8.942363,4077.875,1,3.781726,3.781726,1.473604,1.295432
tracking_cdrone3_20260822_201250_360_milestone4,milestone4,1787454771.563214540,raw,1,1,0,detected,2.061970,3.508573,0.251020,0.177632,0.029274,0.047085,0.491455,13.702913,271.250,0,0.000000,0.000000,0.000000,0.000000
tracking_cdrone3_20260822_201250_360_milestone4,milestone4,1787454771.574715376,target_map,1,1,0,detected,2.063066,3.508804,0.251169,0.121510,0.025600,0.016539,0.490347,13.702913,271.250,0,0.009022,0.000000,0.153158,0.352255
tracking_cdrone3_20260822_201250_360_milestone4,milestone4,1787454771.574715376,target_map,2,3,2,predicted,-2.715998,1.347621,0.252771,-0.078086,-0.000568,-0.001478,0.020106,8.942363,4077.875,1,3.881418,3.881418,1.508496,1.320355
tracking_cdrone3_20260822_201250_360_milestone4,milestone4,1787454771.674774408,target_map,1,1,0,detected,2.075224,3.511365,0.252824,0.121510,0.025600,0.016539,0.478054,13.702913,271.250,0,0.109076,0.000000,0.188177,0.377269
tracking_cdrone3_20260822_201250_360_milestone4,milestone4,1787454771.674774408,target_map,2,3,2,predicted,-2.723811,1.347564,0.252623,-0.078086,-0.000568,-0.001478,0.003141,8.942363,4077.875,1,3.981472,3.981472,1.543515,1.345368
tracking_cdrone3_20260822_201250_360_milestone4,milestone4,1787454771.774886608,target_map,1,1,0,detected,2.087389,3.513928,0.254480,0.121510,0.025600,0.016539,0.465753,13.702913,271.250,0,0.209188,0.000000,0.223216,0.402297
tracking_cdrone3_20260822_201250_360_milestone4,milestone4,1787454771.774886608,target_map,2,3,2,predicted,-2.731628,1.347507,0.252475,-0.078086,-0.000568,-0.001478,0.000000,8.942363,4077.875,1,4.081584,4.081584,1.578555,1.370396
tracking_cdrone3_20260822_201250_360_milestone4,milestone4,1787454771.862104177,raw,1,1,0,detected,2.085928,3.513352,0.252840,0.080159,0.015991,0.006091,0.504883,13.727365,288.000,0,0.000000,0.000000,0.000000,0.000000
tracking_cdrone3_20260822_201250_360_milestone4,milestone4,1787454771.874947548,target_map,1,1,0,detected,2.086760,3.513523,0.252931,0.098767,0.020315,0.010793,0.503820,13.727365,288.000,0,0.008420,0.000000,0.152947,0.352105
tracking_cdrone3_20260822_201250_360_milestone4,milestone4,1787454771.874947548,target_map,2,3,2,predicted,-2.739442,1.347450,0.252327,-0.078086,-0.000568,-0.001478,0.000000,8.942363,4077.875,1,4.181647,4.181647,1.613577,1.395412
tracking_cdrone3_20260822_201250_360_milestone4,milestone4,1787454771.974881649,target_map,1,1,0,detected,2.096630,3.515553,0.254010,0.098767,0.020315,0.010793,0.491207,13.727365,288.000,0,0.108352,0.000000,0.187923,0.377088
tracking_cdrone3_20260822_201250_360_milestone4,milestone4,1787454771.974881649,target_map,2,3,2,predicted,-2.747245,1.347393,0.252180,-0.078086,-0.000568,-0.001478,0.000000,8.942363,4077.875,1,4.281580,4.281580,1.648553,1.420395
tracking_cdrone3_20260822_201250_360_milestone4,milestone4,1787454772.074993849,target_map,1,1,0,detected,2.106517,3.517587,0.255090,0.098767,0.020315,0.010793,0.478571,13.727365,288.000,0,0.208460,0.000000,0.222961,0.402115
tracking_cdrone3_20260822_201250_360_milestone4,milestone4,1787454772.074993849,target_map,2,3,2,predicted,-2.755062,1.347337,0.252032,-0.078086,-0.000568,-0.001478,0.000000,8.942363,4077.875,1,4.381687,4.381687,1.683591,1.445422
tracking_cdrone3_20260822_201250_360_milestone4,milestone4,1787454772.149925470,raw,1,1,0,detected,2.065356,3.509556,0.255263,-0.071458,-0.013187,0.008417,0.497070,13.706516,275.125,1,0.000000,0.000000,0.000000,0.000000
tracking_cdrone3_20260822_201250_360_milestone4,milestone4,1787454772.176816702,target_map,1,1,0,detected,2.065479,3.509601,0.255489,0.005143,0.001889,0.009486,0.494111,13.706516,275.125,1,0.023811,0.000000,0.158334,0.355953
tracking_cdrone3_20260822_201250_360_milestone4,milestone4,1787454772.176816702,target_map,2,3,2,predicted,-2.763014,1.347279,0.251881,-0.078086,-0.000568,-0.001478,0.000000,8.942363,4077.875,1,4.483515,4.483515,1.719230,1.470879
tracking_cdrone3_20260822_201250_360_milestone4,milestone4,1787454772.276273012,target_map,1,1,0,detected,2.065990,3.509789,0.256433,0.005143,0.001889,0.009486,0.481753,13.706516,275.125,1,0.123265,0.000000,0.193143,0.380816
tracking_cdrone3_20260822_201250_360_milestone4,milestone4,1787454772.276273012,target_map,2,3,2,predicted,-2.770779,1.347222,0.251734,-0.078086,-0.000568,-0.001478,0.000000,8.942363,4077.875,1,4.582969,4.582969,1.754039,1.495742
tracking_cdrone3_20260822_201250_360_milestone4,milestone4,1787454772.376713514,target_map,1,1,0,detected,2.066507,3.509978,0.257385,0.005143,0.001889,0.009486,0.469272,13.706516,275.125,1,0.223697,0.000000,0.228294,0.405924
tracking_cdrone3_20260822_201250_360_milestone4,milestone4,1787454772.376713514,target_map,2,3,2,predicted,-2.778622,1.347165,0.251586,-0.078086,-0.000568,-0.001478,0.000000,8.942363,4077.875,1,4.683402,4.683402,1.789191,1.520850
tracking_cdrone3_20260822_201250_360_milestone4,milestone4,1787454772.447809219,raw,1,1,0,detected,2.059851,3.502792,0.252340,-0.018484,-0.022708,-0.009815,0.476807,13.699627,275.125,0,0.000000,0.000000,0.000000,0.000000
tracking_cdrone3_20260822_201250_360_milestone4,milestone4,1787454772.474674702,target_map,1,1,0,detected,2.059672,3.502527,0.252314,-0.007852,-0.011639,-0.001130,0.474096,13.699627,275.125,0,0.022743,0.000000,0.157960,0.355686
tracking_cdrone3_20260822_201250_360_milestone4,milestone4,1787454772.474674702,target_map,2,3,2,predicted,-2.786272,1.347110,0.251441,-0.078086,-0.000568,-0.001478,0.000000,8.942363,4077.875,1,4.781376,4.781376,1.823481,1.545344
tracking_cdrone3_20260822_201250_360_milestone4,milestone4,1787454772.575085640,target_map,1,1,0,detected,2.058884,3.501359,0.252201,-0.007852,-0.011639,-0.001130,0.462127,13.699627,275.125,0,0.123146,0.000000,0.193101,0.380786
tracking_cdrone3_20260822_201250_360_milestone4,milestone4,1787454772.575085640,target_map,2,3,2,predicted,-2.794112,1.347053,0.251292,-0.078086,-0.000568,-0.001478,0.000000,8.942363,4077.875,1,4.881778,4.881778,1.858622,1.570445
tracking_cdrone3_20260822_201250_360_milestone4,milestone4,1787454772.677046537,target_map,1,1,0,detected,2.058083,3.500172,0.252085,-0.007852,-0.011639,-0.001130,0.449973,13.699627,275.125,0,0.225112,0.000000,0.228789,0.406278
tracking_cdrone3_20260822_201250_360_milestone4,milestone4,1787454772.677046537,target_map,2,3,2,predicted,-2.802074,1.346995,0.251142,-0.078086,-0.000568,-0.001478,0.000000,8.942363,4077.875,1,4.983745,4.983745,1.894310,1.595936
tracking_cdrone3_20260822_201250_360_milestone4,milestone4,1787454772.775035858,target_map,1,1,2,predicted,2.057314,3.499032,0.251975,-0.007852,-0.011639,-0.001130,0.438294,13.699627,275.125,0,0.323088,0.323088,0.263081,0.430772
tracking_cdrone3_20260822_201250_360_milestone4,milestone4,1787454772.803000927,raw,1,1,0,detected,2.058193,3.509735,0.246433,-0.004668,0.019547,-0.016632,0.492188,13.699421,267.375,0,0.000000,0.000000,0.000000,0.000000
tracking_cdrone3_20260822_201250_360_milestone4,milestone4,1787454772.878322124,target_map,1,1,0,detected,2.057819,3.510073,0.245840,-0.006101,0.005513,-0.009656,0.484635,13.699421,267.375,0,0.061376,0.000000,0.171481,0.365344
tracking_cdrone3_20260822_201250_360_milestone4,milestone4,1787454772.975005150,target_map,1,1,0,detected,2.057229,3.510606,0.244906,-0.006101,0.005513,-0.009656,0.472739,13.699421,267.375,0,0.158060,0.000000,0.205321,0.389515
tracking_cdrone3_20260822_201250_360_milestone4,milestone4,1787454773.074868202,target_map,1,1,2,predicted,2.056619,3.511157,0.243942,-0.006101,0.005513,-0.009656,0.460450,13.699421,267.375,0,0.257930,0.257930,0.240276,0.414483
tracking_cdrone3_20260822_201250_360_milestone4,milestone4,1787454773.127112865,raw,1,1,0,detected,2.039071,3.501997,0.258560,-0.058998,-0.023873,0.037418,0.493164,13.679218,279.000,1,0.000000,0.000000,0.000000,0.000000
tracking_cdrone3_20260822_201250_360_milestone4,milestone4,1787454773.175309896,target_map,1,1,0,detected,2.037465,3.501511,0.259301,-0.035194,-0.010649,0.016235,0.487537,13.679218,279.000,1,0.045642,0.000000,0.165975,0.361410
tracking_cdrone3_20260822_201250_360_milestone4,milestone4,1787454773.275063992,target_map,1,1,0,detected,2.033955,3.500449,0.260920,-0.035194,-0.010649,0.016235,0.475240,13.679218,279.000,1,0.145383,0.000000,0.200884,0.386346
tracking_cdrone3_20260822_201250_360_milestone4,milestone4,1787454773.375148058,target_map,1,1,0,detected,2.030433,3.499383,0.262545,-0.035194,-0.010649,0.016235,0.462901,13.679218,279.000,1,0.245458,0.000000,0.235910,0.411365
tracking_cdrone3_20260822_201250_360_milestone4,milestone4,1787454773.412606955,raw,1,1,0,detected,2.074710,3.511703,0.250690,0.124834,0.033998,-0.027565,0.493164,13.716040,270.000,0,0.000000,0.000000,0.000000,0.000000
tracking_cdrone3_20260822_201250_360_milestone4,milestone4,1787454773.474951744,target_map,1,1,0,detected,2.077871,3.512536,0.250220,0.052821,0.013907,-0.007855,0.485786,13.716040,270.000,0,0.059841,0.000000,0.170944,0.364960
tracking_cdrone3_20260822_201250_360_milestone4,milestone4,1787454773.575124264,target_map,1,1,0,detected,2.083162,3.513929,0.249434,0.052821,0.013907,-0.007855,0.473436,13.716040,270.000,0,0.160011,0.000000,0.206004,0.390003
tracking_cdrone3_20260822_201250_360_milestone4,milestone4,1787454773.674749851,target_map,1,1,2,predicted,2.088425,3.515314,0.248651,0.052821,0.013907,-0.007855,0.461153,13.716040,270.000,0,0.259640,0.259640,0.240874,0.414910
tracking_cdrone3_20260822_201250_360_milestone4,milestone4,1787454773.735165119,raw,1,1,0,detected,2.043968,3.502711,0.254505,-0.095310,-0.027880,0.011826,0.484375,13.684155,266.250,1,0.000000,0.000000,0.000000,0.000000
tracking_cdrone3_20260822_201250_360_milestone4,milestone4,1787454773.774774790,target_map,1,1,0,detected,2.043228,3.502477,0.254582,-0.028651,-0.009076,0.002970,0.481247,13.684155,266.250,1,0.025833,0.000000,0.159042,0.356458
tracking_cdrone3_20260822_201250_360_milestone4,milestone4,1787454773.874728203,target_map,1,1,0,detected,2.040364,3.501570,0.254879,-0.028651,-0.009076,0.002970,0.469144,13.684155,266.250,1,0.125782,0.000000,0.194024,0.381445
tracking_cdrone3_20260822_201250_360_milestone4,milestone4,1787454773.974779606,target_map,1,1,0,detected,2.037498,3.500661,0.255176,-0.028651,-0.009076,0.002970,0.457028,13.684155,266.250,1,0.225832,0.000000,0.229041,0.406458
tracking_cdrone3_20260822_201250_360_milestone4,milestone4,1787454774.020039320,raw,1,1,0,detected,2.042925,3.504427,0.248977,-0.003661,0.006022,-0.019404,0.493164,13.683410,266.250,0,0.000000,0.000000,0.000000,0.000000
tracking_cdrone3_20260822_201250_360_milestone4,milestone4,1787454774.074913979,target_map,1,1,0,detected,2.042261,3.504392,0.248561,-0.014906,-0.000772,-0.009336,0.487673,13.683410,266.250,0,0.044536,0.000000,0.165588,0.361134
tracking_cdrone3_20260822_201250_360_milestone4,milestone4,1787454774.174969673,target_map,1,1,0,detected,2.040770,3.504315,0.247627,-0.014906,-0.000772,-0.009336,0.475338,13.683410,266.250,0,0.144583,0.000000,0.200604,0.386146
tracking_cdrone3_20260822_201250_360_milestone4,milestone4,1787454774.231339216,raw,1,1,0,detected,2.057931,3.506635,0.243908,0.071019,0.010450,-0.023990,0.503906,13.698468,279.000,0,0.000000,0.000000,0.000000,0.000000
tracking_cdrone3_20260822_201250_360_milestone4,milestone4,1787454774.274722099,target_map,1,1,0,detected,2.059253,3.506855,0.243198,0.032352,0.005400,-0.017395,0.498760,13.698468,279.000,0,0.040848,0.000000,0.164297,0.360212
tracking_cdrone3_20260822_201250_360_milestone4,milestone4,1787454774.374736071,target_map,1,1,0,detected,2.062488,3.507396,0.241458,0.032352,0.005400,-0.017395,0.486161,13.698468,279.000,0,0.140864,0.000000,0.199303,0.385216
tracking_cdrone3_20260822_201250_360_milestone4,milestone4,1787454774.467039108,raw,1,1,0,detected,2.047651,3.505235,0.253776,-0.043616,-0.005940,0.041867,0.495117,13.688190,279.000,0,0.000000,0.000000,0.000000,0.000000
tracking_cdrone3_20260822_201250_360_milestone4,milestone4,1787454774.482010126,target_map,1,1,0,detected,2.047542,3.505225,0.253952,-0.009430,-0.000837,0.015199,0.493682,13.688190,279.000,0,0.011596,0.000000,0.154059,0.352899
tracking_cdrone3_20260822_201250_360_milestone4,milestone4,1787454774.574737072,target_map,1,1,0,detected,2.046667,3.505148,0.255362,-0.009430,-0.000837,0.015199,0.482203,13.688190,279.000,0,0.104333,0.000000,0.186516,0.376083
tracking_cdrone3_20260822_201250_360_milestone4,milestone4,1787454774.674697876,target_map,1,1,0,detected,2.045724,3.505064,0.256881,-0.009430,-0.000837,0.015199,0.469830,13.688190,279.000,0,0.204295,0.000000,0.221503,0.401074
tracking_cdrone3_20260822_201250_360_milestone4,milestone4,1787454774.710639000,raw,1,1,0,detected,2.069208,3.510624,0.259478,0.088490,0.022121,0.023406,0.487549,13.710505,279.000,0,0.000000,0.000000,0.000000,0.000000
tracking_cdrone3_20260822_201250_360_milestone4,milestone4,1787454774.774934292,target_map,1,1,0,detected,2.071894,3.511337,0.260670,0.044426,0.011790,0.019713,0.480180,13.710505,279.000,0,0.060458,0.000000,0.171160,0.365114
tracking_cdrone3_20260822_201250_360_milestone4,milestone4,1787454774.874784231,target_map,1,1,0,detected,2.076330,3.512514,0.262638,0.044426,0.011790,0.019713,0.468009,13.710505,279.000,0,0.160308,0.000000,0.206108,0.390077
tracking_cdrone3_20260822_201250_360_milestone4,milestone4,1787454774.938018322,raw,1,1,0,detected,2.074540,3.508326,0.244287,0.023448,-0.010107,-0.066806,0.500977,13.715075,270.000,0,0.000000,0.000000,0.000000,0.000000
tracking_cdrone3_20260822_201250_360_milestone4,milestone4,1787454774.975082636,target_map,1,1,0,detected,2.075660,3.508317,0.243338,0.032888,-0.000253,-0.027873,0.496709,13.715075,270.000,0,0.034071,0.000000,0.161925,0.358518
tracking_cdrone3_20260822_201250_360_milestone4,milestone4,1787454775.076464176,target_map,1,1,0,detected,2.078995,3.508291,0.240512,0.032888,-0.000253,-0.027873,0.484011,13.715075,270.000,0,0.135462,0.000000,0.197412,0.383865
tracking_cdrone3_20260822_201250_360_milestone4,milestone4,1787454775.177883387,target_map,1,1,0,detected,2.082330,3.508265,0.237685,0.032888,-0.000253,-0.027873,0.471310,13.715075,270.000,0,0.236870,0.000000,0.232904,0.409217
tracking_cdrone3_20260822_201250_360_milestone4,milestone4,1787454775.184472561,raw,1,1,0,detected,2.082914,3.513163,0.243724,0.033979,0.019629,-0.002287,0.508789,13.724304,275.125,0,0.000000,0.000000,0.000000,0.000000
tracking_cdrone3_20260822_201250_360_milestone4,milestone4,1787454775.274970055,target_map,1,1,0,detected,2.085806,3.514086,0.242532,0.033488,0.010682,-0.013800,0.497804,13.724304,275.125,0,0.086361,0.000000,0.180226,0.371590
tracking_cdrone3_20260822_201250_360_milestone4,milestone4,1787454775.375102043,target_map,1,1,0,detected,2.089159,3.515155,0.241150,0.033488,0.010682,-0.013800,0.485069,13.724304,275.125,0,0.186486,0.000000,0.215270,0.396622
tracking_cdrone3_20260822_201250_360_milestone4,milestone4,1787454775.409388304,raw,1,1,0,detected,2.080861,3.508451,0.242412,-0.009126,-0.020951,-0.005830,0.495117,13.721196,275.125,0,0.000000,0.000000,0.000000,0.000000
tracking_cdrone3_20260822_201250_360_milestone4,milestone4,1787454775.475053787,target_map,1,1,0,detected,2.081482,3.508036,0.241831,0.010050,-0.006716,-0.009417,0.487474,13.721196,275.125,0,0.061752,0.000000,0.171613,0.365438
tracking_cdrone3_20260822_201250_360_milestone4,milestone4,1787454775.574852705,target_map,1,1,0,detected,2.082485,3.507366,0.240891,0.010050,-0.006716,-0.009417,0.475120,13.721196,275.125,0,0.161555,0.000000,0.206544,0.390389
tracking_cdrone3_20260822_201250_360_milestone4,milestone4,1787454775.656166077,raw,1,1,0,detected,2.063882,3.505699,0.255261,-0.068799,-0.011149,0.052063,0.488525,13.704179,271.250,1,0.000000,0.000000,0.000000,0.000000
tracking_cdrone3_20260822_201250_360_milestone4,milestone4,1787454775.674905300,target_map,1,1,0,detected,2.063428,3.505575,0.255594,-0.033317,-0.009154,0.024397,0.486862,13.704179,271.250,1,0.013618,0.000000,0.154766,0.353404
tracking_cdrone3_20260822_201250_360_milestone4,milestone4,1787454775.775076151,target_map,1,1,0,detected,2.060091,3.504658,0.258037,-0.033317,-0.009154,0.024397,0.474629,13.704179,271.250,1,0.113786,0.000000,0.189825,0.378446
tracking_cdrone3_20260822_201250_360_milestone4,milestone4,1787454775.859167576,raw,1,1,0,detected,2.085405,3.510729,0.251147,0.106028,0.024778,-0.020269,0.492188,13.726264,275.125,0,0.000000,0.000000,0.000000,0.000000
tracking_cdrone3_20260822_201250_360_milestone4,milestone4,1787454775.875010967,target_map,1,1,0,detected,2.085978,3.510855,0.251145,0.043323,0.009508,-0.000169,0.490561,13.726264,275.125,0,0.013221,0.000000,0.154627,0.353305
tracking_cdrone3_20260822_201250_360_milestone4,milestone4,1787454775.974781513,target_map,1,1,0,detected,2.090300,3.511804,0.251128,0.043323,0.009508,-0.000169,0.478284,13.726264,275.125,0,0.112990,0.000000,0.189546,0.378247
tracking_cdrone3_20260822_201250_360_milestone4,milestone4,1787454776.075048447,target_map,1,1,0,detected,2.094644,3.512757,0.251111,0.043323,0.009508,-0.000169,0.465947,13.726264,275.125,0,0.213255,0.000000,0.224639,0.403314
tracking_cdrone3_20260822_201250_360_milestone4,milestone4,1787454776.080601215,raw,1,1,0,detected,2.085806,3.514037,0.244583,0.001811,0.014938,-0.029642,0.473633,13.727290,271.250,0,0.000000,0.000000,0.000000,0.000000
tracking_cdrone3_20260822_201250_360_milestone4,milestone4,1787454776.174973488,target_map,1,1,0,detected,2.087677,3.515178,0.243088,0.020491,0.012495,-0.016379,0.462822,13.727290,271.250,0,0.091300,0.000000,0.181955,0.372825
tracking_cdrone3_20260822_201250_360_milestone4,milestone4,1787454776.275956869,target_map,1,1,0,detected,2.089750,3.516442,0.241431,0.020491,0.012495,-0.016379,0.450844,13.727290,271.250,0,0.192456,0.000000,0.217360,0.398114
tracking_cdrone3_20260822_201250_360_milestone4,milestone4,1787454776.289776325,raw,1,1,0,detected,2.117185,3.522128,0.258761,0.150013,0.038682,0.067781,0.497070,13.759815,266.250,0,0.000000,0.000000,0.000000,0.000000
tracking_cdrone3_20260822_201250_360_milestone4,milestone4,1787454776.374998569,target_map,1,1,0,detected,2.124793,3.524359,0.261242,0.091728,0.026897,0.029909,0.486763,13.759815,266.250,0,0.082941,0.000000,0.179029,0.370735
tracking_cdrone3_20260822_201250_360_milestone4,milestone4,1787454776.475080729,target_map,1,1,0,detected,2.133972,3.527051,0.264235,0.091728,0.026897,0.029909,0.474328,13.759815,266.250,0,0.183010,0.000000,0.214054,0.395753
tracking_cdrone3_20260822_201250_360_milestone4,milestone4,1787454776.513584852,raw,1,1,0,detected,2.095363,3.517829,0.249339,-0.096391,-0.018989,-0.041620,0.501953,13.737489,284.000,1,0.000000,0.000000,0.000000,0.000000
tracking_cdrone3_20260822_201250_360_milestone4,milestone4,1787454776.574695826,target_map,1,1,0,detected,2.094743,3.517917,0.248840,-0.011737,0.001660,-0.009432,0.495317,13.737489,284.000,1,0.052882,0.000000,0.168509,0.363220
tracking_cdrone3_20260822_201250_360_milestone4,milestone4,1787454776.674753189,target_map,1,1,0,detected,2.093568,3.518083,0.247896,-0.011737,0.001660,-0.009432,0.482761,13.737489,284.000,1,0.152936,0.000000,0.203528,0.388234
tracking_cdrone3_20260822_201250_360_milestone4,milestone4,1787454776.744255781,raw,1,1,0,detected,2.100569,3.517889,0.255171,0.022823,0.000261,0.025569,0.494141,13.742640,275.125,0,0.000000,0.000000,0.000000,0.000000
tracking_cdrone3_20260822_201250_360_milestone4,milestone4,1787454776.774949551,target_map,1,1,0,detected,2.100774,3.517914,0.255447,0.007271,0.000891,0.009819,0.490664,13.742640,275.125,0,0.028140,0.000000,0.159849,0.357035
tracking_cdrone3_20260822_201250_360_milestone4,milestone4,1787454776.875029564,target_map,1,1,0,detected,2.101501,3.518003,0.256430,0.007271,0.000891,0.009819,0.478301,13.742640,275.125,0,0.128219,0.000000,0.194877,0.382055
tracking_cdrone3_20260822_201250_360_milestone4,milestone4,1787454776.975273371,target_map,1,1,0,detected,2.102230,3.518093,0.257414,0.007271,0.000891,0.009819,0.465919,13.742640,275.125,0,0.228450,0.000000,0.229957,0.407112
tracking_cdrone3_20260822_201250_360_milestone4,milestone4,1787454776.978418112,raw,1,1,0,detected,2.114877,3.522995,0.257945,0.061101,0.021802,0.011847,0.494141,13.757727,280.000,0,0.000000,0.000000,0.000000,0.000000
tracking_cdrone3_20260822_201250_360_milestone4,milestone4,1787454777.075431824,target_map,1,1,0,detected,2.118327,3.524154,0.258968,0.036878,0.012392,0.010934,0.482586,13.757727,280.000,0,0.093535,0.000000,0.182737,0.373384
tracking_cdrone3_20260822_201250_360_milestone4,milestone4,1787454777.175687075,target_map,1,1,0,detected,2.122022,3.525395,0.260064,0.036878,0.012392,0.010934,0.470207,13.757727,280.000,0,0.193736,0.000000,0.217808,0.398434
tracking_cdrone3_20260822_201250_360_milestone4,milestone4,1787454777.188115597,raw,1,1,0,detected,2.085492,3.518765,0.248943,-0.140128,-0.020166,-0.042931,0.491455,13.728024,275.125,1,0.000000,0.000000,0.000000,0.000000
tracking_cdrone3_20260822_201250_360_milestone4,milestone4,1787454777.275567532,target_map,1,1,0,detected,2.081573,3.518408,0.247731,-0.060476,-0.005515,-0.018691,0.483492,13.728024,275.125,1,0.064814,0.000000,0.172685,0.366204
tracking_cdrone3_20260822_201250_360_milestone4,milestone4,1787454777.374750137,target_map,1,1,0,detected,2.075574,3.517861,0.245877,-0.060476,-0.005515,-0.018691,0.471305,13.728024,275.125,1,0.164003,0.000000,0.207401,0.391001
tracking_cdrone3_20260822_201250_360_milestone4,milestone4,1787454777.474971056,target_map,1,1,2,predicted,2.069514,3.517308,0.244004,-0.060476,-0.005515,-0.018691,0.458993,13.728024,275.125,1,0.264213,0.264213,0.242474,0.416053
tracking_cdrone3_20260822_201250_360_milestone4,milestone4,1787454777.483215094,raw,1,1,0,detected,2.130906,3.521729,0.252460,0.153902,0.010041,0.011919,0.497070,13.773055,275.125,0,0.000000,0.000000,0.000000,0.000000
tracking_cdrone3_20260822_201250_360_milestone4,milestone4,1787454777.574977398,target_map,1,1,0,detected,2.136023,3.521999,0.252294,0.057432,0.003041,-0.001856,0.485998,13.773055,275.125,0,0.089099,0.000000,0.181185,0.372275
tracking_cdrone3_20260822_201250_360_milestone4,milestone4,1787454777.675034523,target_map,1,1,0,detected,2.141769,3.522304,0.252109,0.057432,0.003041,-0.001856,0.473566,13.773055,275.125,0,0.189145,0.000000,0.216201,0.397286
tracking_cdrone3_20260822_201250_360_milestone4,milestone4,1787454777.711809397,raw,1,1,0,detected,2.126755,3.519343,0.250520,-0.018158,-0.010437,-0.008487,0.502930,13.768485,279.000,0,0.000000,0.000000,0.000000,0.000000
tracking_cdrone3_20260822_201250_360_milestone4,milestone4,1787454777.774964571,target_map,1,1,0,detected,2.127714,3.519078,0.250187,0.015857,-0.004372,-0.005503,0.495323,13.768485,279.000,0,0.060496,0.000000,0.171174,0.365124
tracking_cdrone3_20260822_201250_360_milestone4,milestone4,1787454777.875040293,target_map,1,1,0,detected,2.129301,3.518641,0.249636,0.015857,-0.004372,-0.005503,0.482741,13.768485,279.000,0,0.160565,0.000000,0.206198,0.390141
tracking_cdrone3_20260822_201250_360_milestone4,milestone4,1787454777.922681093,raw,1,1,0,detected,2.082297,3.511077,0.245837,-0.210803,-0.039193,-0.022201,0.477539,13.723253,279.000,1,0.000000,0.000000,0.000000,0.000000
tracking_cdrone3_20260822_201250_360_milestone4,milestone4,1787454777.974674702,target_map,1,1,0,detected,2.076944,3.509919,0.245115,-0.108806,-0.023524,-0.014687,0.471666,13.723253,279.000,1,0.049197,0.000000,0.167219,0.362299
tracking_cdrone3_20260822_201250_360_milestone4,milestone4,1787454778.074835539,target_map,1,1,0,detected,2.066047,3.507564,0.243644,-0.108806,-0.023524,-0.014687,0.459709,13.723253,279.000,1,0.149347,0.000000,0.202271,0.387337
tracking_cdrone3_20260822_201250_360_milestone4,milestone4,1787454778.135866642,raw,1,1,0,detected,2.063263,3.513335,0.260828,-0.089291,0.010596,0.070324,0.483398,13.705318,279.000,1,0.000000,0.000000,0.000000,0.000000
tracking_cdrone3_20260822_201250_360_milestone4,milestone4,1787454778.174667120,target_map,1,1,0,detected,2.059944,3.513175,0.261913,-0.098073,-0.004758,0.032069,0.479309,13.705318,279.000,1,0.033843,0.000000,0.161845,0.358461
tracking_cdrone3_20260822_201250_360_milestone4,milestone4,1787454778.274706841,target_map,1,1,0,detected,2.050134,3.512698,0.265121,-0.098073,-0.004758,0.032069,0.467220,13.705318,279.000,1,0.133873,0.000000,0.196856,0.383468
tracking_cdrone3_20260822_201250_360_milestone4,milestone4,1787454778.355052710,raw,1,1,0,detected,2.118605,3.520786,0.255633,0.252469,0.033988,-0.023699,0.488525,13.760854,262.500,0,0.000000,0.000000,0.000000,0.000000
tracking_cdrone3_20260822_201250_360_milestone4,milestone4,1787454778.375053406,target_map,1,1,0,detected,2.119576,3.520955,0.255648,0.094725,0.016552,0.001397,0.487274,13.760854,262.500,0,0.010249,0.000000,0.153587,0.352562
tracking_cdrone3_20260822_201250_360_milestone4,milestone4,1787454778.474721193,target_map,1,1,0,detected,2.129049,3.522610,0.255787,0.094725,0.016552,0.001397,0.475060,13.760854,262.500,0,0.110251,0.000000,0.188588,0.377563
tracking_cdrone3_20260822_201250_360_milestone4,milestone4,1787454778.565629244,raw,1,1,0,detected,2.120413,3.521741,0.255738,0.008584,0.004537,0.000495,0.497070,13.762811,282.875,0,0.000000,0.000000,0.000000,0.000000
tracking_cdrone3_20260822_201250_360_milestone4,milestone4,1787454778.577624798,target_map,1,1,0,detected,2.120842,3.521831,0.255746,0.047348,0.009944,0.000901,0.495943,13.762811,282.875,0,0.009069,0.000000,0.153174,0.352267
tracking_cdrone3_20260822_201250_360_milestone4,milestone4,1787454778.674855709,target_map,1,1,0,detected,2.125443,3.522797,0.255833,0.047348,0.009944,0.000901,0.483867,13.762811,282.875,0,0.106247,0.000000,0.187187,0.376562
tracking_cdrone3_20260822_201250_360_milestone4,milestone4,1787454778.775254250,target_map,1,1,0,detected,2.130199,3.523796,0.255924,0.047348,0.009944,0.000901,0.471384,13.762811,282.875,0,0.206699,0.000000,0.222345,0.401675
tracking_cdrone3_20260822_201250_360_milestone4,milestone4,1787454778.789410114,raw,1,1,0,detected,2.091630,3.512134,0.250566,-0.128608,-0.042929,-0.023107,0.493164,13.732621,262.500,1,0.000000,0.000000,0.000000,0.000000
tracking_cdrone3_20260822_201250_360_milestone4,milestone4,1787454778.875065327,target_map,1,1,0,detected,2.087840,3.510666,0.249623,-0.049428,-0.019136,-0.012304,0.483710,13.732621,262.500,1,0.076681,0.000000,0.176838,0.369170
tracking_cdrone3_20260822_201250_360_milestone4,milestone4,1787454778.974762917,target_map,1,1,0,detected,2.082913,3.508759,0.248396,-0.049428,-0.019136,-0.012304,0.471420,13.732621,262.500,1,0.176366,0.000000,0.211728,0.394091
tracking_cdrone3_20260822_201250_360_milestone4,milestone4,1787454778.994217873,raw,1,1,0,detected,2.076990,3.508237,0.246224,-0.071488,-0.019025,-0.021201,0.493164,13.717442,266.250,1,0.000000,0.000000,0.000000,0.000000
tracking_cdrone3_20260822_201250_360_milestone4,milestone4,1787454779.074715853,target_map,1,1,0,detected,2.072221,3.506760,0.244892,-0.061561,-0.019075,-0.017197,0.483614,13.717442,266.250,1,0.077460,0.000000,0.177111,0.369365
tracking_cdrone3_20260822_201250_360_milestone4,milestone4,1787454779.174916029,target_map,1,1,0,detected,2.066053,3.504849,0.243169,-0.061561,-0.019075,-0.017197,0.471262,13.717442,266.250,1,0.177649,0.000000,0.212177,0.394412
tracking_cdrone3_20260822_201250_360_milestone4,milestone4,1787454779.204327106,raw,1,1,0,detected,2.134717,3.524372,0.255435,0.274703,0.076780,0.043832,0.490479,13.777384,258.750,0,0.000000,0.000000,0.000000,0.000000
tracking_cdrone3_20260822_201250_360_milestone4,milestone4,1787454779.274702549,target_map,1,1,0,detected,2.143022,3.526637,0.256537,0.123384,0.033645,0.016369,0.482225,13.777384,258.750,0,0.067308,0.000000,0.173558,0.366827
tracking_cdrone3_20260822_201250_360_milestone4,milestone4,1787454779.376693487,target_map,1,1,0,detected,2.155605,3.530068,0.258206,0.123384,0.033645,0.016369,0.469720,13.777384,258.750,0,0.169292,0.000000,0.209252,0.392323
tracking_cdrone3_20260822_201250_360_milestone4,milestone4,1787454779.453700781,raw,1,1,0,detected,2.107716,3.521002,0.251191,-0.108281,-0.013518,-0.017018,0.496094,13.750233,271.250,1,0.000000,0.000000,0.000000,0.000000
tracking_cdrone3_20260822_201250_360_milestone4,milestone4,1787454779.474693060,target_map,1,1,0,detected,2.107640,3.521147,0.251154,-0.004032,0.007706,-0.001994,0.493756,13.750233,271.250,1,0.018846,0.000000,0.156596,0.354711
tracking_cdrone3_20260822_201250_360_milestone4,milestone4,1787454779.574746370,target_map,1,1,0,detected,2.107237,3.521918,0.250954,-0.004032,0.007706,-0.001994,0.481348,13.750233,271.250,1,0.118894,0.000000,0.191613,0.379724
tracking_cdrone3_20260822_201250_360_milestone4,milestone4,1787454779.674703360,target_map,1,1,0,detected,2.106833,3.522688,0.250755,-0.004032,0.007706,-0.001994,0.468951,13.750233,271.250,1,0.218853,0.000000,0.226598,0.404713
tracking_cdrone3_20260822_201250_360_milestone4,milestone4,1787454779.699174643,raw,1,1,0,detected,2.150894,3.523766,0.251923,0.175909,0.011264,0.002981,0.502930,13.793055,275.125,0,0.000000,0.000000,0.000000,0.000000
tracking_cdrone3_20260822_201250_360_milestone4,milestone4,1787454779.774984837,target_map,1,1,0,detected,2.157820,3.524471,0.251977,0.094935,0.009663,0.000742,0.493757,13.793055,275.125,0,0.072952,0.000000,0.175533,0.368238
tracking_cdrone3_20260822_201250_360_milestone4,milestone4,1787454779.875008821,target_map,1,1,0,detected,2.167315,3.525438,0.252052,0.094935,0.009663,0.000742,0.481181,13.793055,275.125,0,0.172973,0.000000,0.210541,0.393243
tracking_cdrone3_20260822_201250_360_milestone4,milestone4,1787454779.905583143,raw,1,1,0,detected,2.156088,3.526806,0.251198,0.025160,0.014727,-0.003512,0.490479,13.798753,275.125,0,0.000000,0.000000,0.000000,0.000000
tracking_cdrone3_20260822_201250_360_milestone4,milestone4,1787454779.974966049,target_map,1,1,0,detected,2.159505,3.527558,0.251102,0.056559,0.012448,-0.001598,0.483070,13.798753,275.125,0,0.060418,0.000000,0.171146,0.365105
tracking_cdrone3_20260822_201250_360_milestone4,milestone4,1787454780.074668646,target_map,1,1,0,detected,2.165144,3.528799,0.250943,0.056559,0.012448,-0.001598,0.470844,13.798753,275.125,0,0.160127,0.000000,0.206045,0.390032
tracking_cdrone3_20260822_201250_360_milestone4,milestone4,1787454780.140109539,raw,1,1,0,detected,2.109975,3.519037,0.256952,-0.196629,-0.033129,0.024533,0.498047,13.752055,262.500,1,0.000000,0.000000,0.000000,0.000000
tracking_cdrone3_20260822_201250_360_milestone4,milestone4,1787454780.174674749,target_map,1,1,0,detected,2.107422,3.518647,0.257346,-0.082694,-0.012620,0.012774,0.494203,13.752055,262.500,1,0.030875,0.000000,0.160806,0.357719
tracking_cdrone3_20260822_201250_360_milestone4,milestone4,1787454780.274771214,target_map,1,1,0,detected,2.099144,3.517384,0.258625,-0.082694,-0.012620,0.012774,0.481739,13.752055,262.500,1,0.130971,0.000000,0.195840,0.382743
tracking_cdrone3_20260822_201250_360_milestone4,milestone4,1787454780.363156796,raw,1,1,0,detected,2.093323,3.514700,0.258482,-0.074653,-0.019442,0.006859,0.486328,13.734943,275.125,1,0.000000,0.000000,0.000000,0.000000
tracking_cdrone3_20260822_201250_360_milestone4,milestone4,1787454780.374758959,target_map,1,1,0,detected,2.092603,3.514549,0.258569,-0.078272,-0.016372,0.009521,0.485209,13.734943,275.125,1,0.009208,0.000000,0.153223,0.352302
tracking_cdrone3_20260822_201250_360_milestone4,milestone4,1787454780.474825382,target_map,1,1,0,detected,2.084771,3.512911,0.259522,-0.078272,-0.016372,0.009521,0.473043,13.734943,275.125,1,0.109266,0.000000,0.188243,0.377317
tracking_cdrone3_20260822_201250_360_milestone4,milestone4,1787454780.574700117,target_map,1,1,0,detected,2.076953,3.511276,0.260473,-0.078272,-0.016372,0.009521,0.460899,13.734943,275.125,1,0.209149,0.000000,0.223202,0.402287
tracking_cdrone3_20260822_201250_360_milestone4,milestone4,1787454780.589187384,raw,1,1,0,detected,2.124673,3.518616,0.252470,0.138698,0.017324,-0.026595,0.516602,13.766297,282.875,0,0.000000,0.000000,0.000000,0.000000
tracking_cdrone3_20260822_201250_360_milestone4,milestone4,1787454780.678155422,target_map,1,1,0,detected,2.128206,3.518802,0.251581,0.041062,0.002161,-0.010343,0.505491,13.766297,282.875,0,0.086028,0.000000,0.180110,0.371507
tracking_cdrone3_20260822_201250_360_milestone4,milestone4,1787454780.775066376,target_map,1,1,0,detected,2.132185,3.519011,0.250578,0.041062,0.002161,-0.010343,0.492975,13.766297,282.875,0,0.182941,0.000000,0.214029,0.395735
tracking_cdrone3_20260822_201250_360_milestone4,milestone4,1787454780.790788889,raw,1,1,0,detected,2.117417,3.517725,0.256789,-0.035993,-0.004417,0.021421,0.499023,13.759129,282.875,0,0.000000,0.000000,0.000000,0.000000
tracking_cdrone3_20260822_201250_360_milestone4,milestone4,1787454780.874977112,target_map,1,1,0,detected,2.117315,3.517612,0.257341,-0.001318,-0.001457,0.007127,0.489356,13.759129,282.875,0,0.077491,0.000000,0.177122,0.369373
tracking_cdrone3_20260822_201250_360_milestone4,milestone4,1787454780.975104332,target_map,1,1,0,detected,2.117183,3.517467,0.258055,-0.001318,-0.001457,0.007127,0.476866,13.759129,282.875,0,0.177606,0.000000,0.212162,0.394401
tracking_cdrone3_20260822_201250_360_milestone4,milestone4,1787454781.031849861,raw,1,1,0,detected,2.066130,3.506779,0.255264,-0.212769,-0.045412,-0.006328,0.493164,13.706592,279.000,1,0.000000,0.000000,0.000000,0.000000
tracking_cdrone3_20260822_201250_360_milestone4,milestone4,1787454781.074759245,target_map,1,1,0,detected,2.062044,3.505889,0.255254,-0.117616,-0.025632,-0.000273,0.488881,13.706592,279.000,1,0.034741,0.000000,0.162159,0.358685
tracking_cdrone3_20260822_201250_360_milestone4,milestone4,1787454781.174837589,target_map,1,1,0,detected,2.050272,3.503323,0.255227,-0.117616,-0.025632,-0.000273,0.476541,13.706592,279.000,1,0.134827,0.000000,0.197189,0.383707
tracking_cdrone3_20260822_201250_360_milestone4,milestone4,1787454781.275271654,target_map,1,1,0,detected,2.038460,3.500749,0.255199,-0.117616,-0.025632,-0.000273,0.464158,13.706592,279.000,1,0.235265,0.000000,0.232343,0.408816
tracking_cdrone3_20260822_201250_360_milestone4,milestone4,1787454781.277045727,raw,1,1,0,detected,2.083449,3.512801,0.238913,0.070628,0.024559,-0.066681,0.492188,13.724615,275.125,0,0.000000,0.000000,0.000000,0.000000
tracking_cdrone3_20260822_201250_360_milestone4,milestone4,1787454781.375172615,target_map,1,1,0,detected,2.082117,3.512988,0.235433,-0.014082,0.001973,-0.036798,0.480551,13.724615,275.125,0,0.094572,0.000000,0.183100,0.373643
tracking_cdrone3_20260822_201250_360_milestone4,milestone4,1787454781.474719524,target_map,1,1,0,detected,2.080716,3.513184,0.231770,-0.014082,0.001973,-0.036798,0.468301,13.724615,275.125,0,0.194123,0.000000,0.217943,0.398531
tracking_cdrone3_20260822_201250_360_milestone4,milestone4,1787454781.505348444,raw,1,1,0,detected,2.094862,3.511647,0.256000,0.049993,-0.005056,0.074845,0.501953,13.735726,279.000,0,0.000000,0.000000,0.000000,0.000000
tracking_cdrone3_20260822_201250_360_milestone4,milestone4,1787454781.574894667,target_map,1,1,0,detected,2.096214,3.511526,0.257572,0.021160,-0.001893,0.024606,0.493935,13.735726,279.000,0,0.063893,0.000000,0.172363,0.365973
tracking_cdrone3_20260822_201250_360_milestone4,milestone4,1787454781.675006151,target_map,1,1,0,detected,2.098333,3.511336,0.260036,0.021160,-0.001893,0.024606,0.481372,13.735726,279.000,0,0.164009,0.000000,0.207403,0.391002
tracking_cdrone3_20260822_201250_360_milestone4,milestone4,1787454781.741861105,raw,1,1,0,detected,2.100384,3.516422,0.252358,0.023345,0.020189,-0.015398,0.492188,13.742106,275.125,0,0.000000,0.000000,0.000000,0.000000
tracking_cdrone3_20260822_201250_360_milestone4,milestone4,1787454781.774967909,target_map,1,1,0,detected,2.101060,3.516732,0.252437,0.022361,0.010252,0.002604,0.488465,13.742106,275.125,0,0.030252,0.000000,0.160588,0.357563
tracking_cdrone3_20260822_201250_360_milestone4,milestone4,1787454781.874908924,target_map,1,1,0,detected,2.103295,3.517756,0.252697,0.022361,0.010252,0.002604,0.476168,13.742106,275.125,0,0.130191,0.000000,0.195567,0.382548
tracking_cdrone3_20260822_201250_360_milestone4,milestone4,1787454781.974594116,raw,1,1,0,detected,2.085894,3.513499,0.254240,-0.062149,-0.012538,0.008072,0.500000,13.727364,266.250,1,0.000000,0.000000,0.000000,0.000000
tracking_cdrone3_20260822_201250_360_milestone4,milestone4,1787454781.975911617,target_map,1,1,0,detected,2.105554,3.518792,0.252960,0.022361,0.010252,0.002604,0.463740,13.742106,275.125,0,0.231196,0.000000,0.230919,0.407799
tracking_cdrone3_20260822_201250_360_milestone4,milestone4,1787454782.074847221,target_map,1,1,0,detected,2.083674,3.513288,0.254757,-0.024120,-0.002283,0.005611,0.488492,13.727364,266.250,1,0.092060,0.000000,0.182221,0.373015
tracking_cdrone3_20260822_201250_360_milestone4,milestone4,1787454782.175185442,target_map,1,1,0,detected,2.081254,3.513059,0.255320,-0.024120,-0.002283,0.005611,0.475952,13.727364,266.250,1,0.192386,0.000000,0.217335,0.398097
tracking_cdrone3_20260822_201250_360_milestone4,milestone4,1787454782.184199572,raw,1,1,0,detected,2.078027,3.510759,0.249256,-0.037604,-0.013093,-0.023827,0.500000,13.719049,279.000,0,0.000000,0.000000,0.000000,0.000000
tracking_cdrone3_20260822_201250_360_milestone4,milestone4,1787454782.274654388,target_map,1,1,0,detected,2.075578,3.510120,0.248434,-0.031536,-0.008228,-0.010580,0.490292,13.719049,279.000,0,0.077666,0.000000,0.177183,0.369417
tracking_cdrone3_20260822_201250_360_milestone4,milestone4,1787454782.374843359,target_map,1,1,0,detected,2.072419,3.509296,0.247374,-0.031536,-0.008228,-0.010580,0.477769,13.719049,279.000,0,0.177850,0.000000,0.212247,0.394462
tracking_cdrone3_20260822_201250_360_milestone4,milestone4,1787454782.391248226,raw,1,1,0,detected,2.109226,3.517537,0.256717,0.150678,0.032731,0.036034,0.503906,13.751056,262.500,0,0.000000,0.000000,0.000000,0.000000
tracking_cdrone3_20260822_201250_360_milestone4,milestone4,1787454782.475045443,target_map,1,1,0,detected,2.114422,3.518618,0.257856,0.068682,0.014299,0.015058,0.494376,13.751056,262.500,0,0.075654,0.000000,0.176479,0.368914
tracking_cdrone3_20260822_201250_360_milestone4,milestone4,1787454782.575091839,target_map,1,1,0,detected,2.121293,3.520049,0.259362,0.068682,0.014299,0.015058,0.481772,13.751056,262.500,0,0.175700,0.000000,0.211495,0.393925
tracking_cdrone3_20260822_201250_360_milestone4,milestone4,1787454782.615464926,raw,1,1,0,detected,2.151527,3.524493,0.246612,0.188671,0.031027,-0.045068,0.505859,13.793754,275.125,0,0.000000,0.000000,0.000000,0.000000
tracking_cdrone3_20260822_201250_360_milestone4,milestone4,1787454782.674877644,target_map,1,1,0,detected,2.159213,3.525834,0.245584,0.134676,0.023500,-0.018011,0.498642,13.793754,275.125,0,0.057069,0.000000,0.169974,0.364267
tracking_cdrone3_20260822_201250_360_milestone4,milestone4,1787454782.776812315,target_map,1,1,0,detected,2.172940,3.528229,0.243748,0.134676,0.023500,-0.018011,0.485752,13.793754,275.125,0,0.158999,0.000000,0.205650,0.389750
tracking_cdrone3_20260822_201250_360_milestone4,milestone4,1787454782.838629484,raw,1,1,0,detected,2.112843,3.516405,0.249713,-0.173344,-0.036240,0.013893,0.509766,13.754271,279.000,1,0.000000,0.000000,0.000000,0.000000
tracking_cdrone3_20260822_201250_360_milestone4,milestone4,1787454782.874714136,target_map,1,1,0,detected,2.112005,3.516180,0.249701,-0.034735,-0.009357,-0.000464,0.506694,13.754271,279.000,1,0.024099,0.000000,0.158435,0.356025
tracking_cdrone3_20260822_201250_360_milestone4,milestone4,1787454782.974730492,target_map,1,1,0,detected,2.108532,3.515244,0.249655,-0.034735,-0.009357,-0.000464,0.493949,13.754271,279.000,1,0.124108,0.000000,0.193438,0.381027
tracking_cdrone3_20260822_201250_360_milestone4,milestone4,1787454783.055388212,raw,1,1,0,detected,2.074775,3.508939,0.250529,-0.175594,-0.034440,0.003766,0.482178,13.715465,275.125,1,0.000000,0.000000,0.000000,0.000000
tracking_cdrone3_20260822_201250_360_milestone4,milestone4,1787454783.074663401,target_map,1,1,0,detected,2.072941,3.508560,0.250560,-0.112208,-0.023153,0.001863,0.480207,13.715465,275.125,1,0.016348,0.000000,0.155722,0.354087
tracking_cdrone3_20260822_201250_360_milestone4,milestone4,1787454783.174781322,target_map,1,1,0,detected,2.061707,3.506243,0.250746,-0.112208,-0.023153,0.001863,0.468139,13.715465,275.125,1,0.116465,0.000000,0.190763,0.379116
tracking_cdrone3_20260822_201250_360_milestone4,milestone4,1787454783.275009155,target_map,1,1,0,detected,2.050462,3.503922,0.250933,-0.112208,-0.023153,0.001863,0.456058,13.715465,275.125,1,0.216684,0.000000,0.225839,0.404171
tracking_cdrone3_20260822_201250_360_milestone4,milestone4,1787454783.280918121,raw,1,1,0,detected,2.047264,3.499156,0.250933,-0.122002,-0.043385,0.001789,0.498047,13.686551,275.125,1,0.000000,0.000000,0.000000,0.000000
tracking_cdrone3_20260822_201250_360_milestone4,milestone4,1787454783.374970913,target_map,1,1,0,detected,2.036591,3.496044,0.251098,-0.117595,-0.034281,0.001822,0.486746,13.686551,275.125,1,0.090759,0.000000,0.181766,0.372690
tracking_cdrone3_20260822_201250_360_milestone4,milestone4,1787454783.475031376,target_map,1,1,0,detected,2.024825,3.492615,0.251280,-0.117595,-0.034281,0.001822,0.474289,13.686551,275.125,1,0.190810,0.000000,0.216784,0.397703
tracking_cdrone3_20260822_201250_360_milestone4,milestone4,1787454783.495610237,raw,1,1,0,detected,2.080738,3.509231,0.247394,0.155924,0.046928,-0.016483,0.489502,13.721364,275.125,0,0.000000,0.000000,0.000000,0.000000
tracking_cdrone3_20260822_201250_360_milestone4,milestone4,1787454783.575041294,target_map,1,1,0,detected,2.083218,3.510015,0.246771,0.032841,0.010384,-0.008246,0.480263,13.721364,275.125,0,0.075500,0.000000,0.176425,0.368875
tracking_cdrone3_20260822_201250_360_milestone4,milestone4,1787454783.674910784,target_map,1,1,0,detected,2.086498,3.511052,0.245948,0.032841,0.010384,-0.008246,0.468038,13.721364,275.125,0,0.175391,0.000000,0.211387,0.393848
tracking_cdrone3_20260822_201250_360_milestone4,milestone4,1787454783.694671869,raw,1,1,0,detected,2.050300,3.503743,0.255018,-0.152915,-0.027570,0.038302,0.498047,13.690463,288.000,1,0.000000,0.000000,0.000000,0.000000
tracking_cdrone3_20260822_201250_360_milestone4,milestone4,1787454783.774975061,target_map,1,1,0,detected,2.044922,3.502929,0.256365,-0.069325,-0.010490,0.017356,0.488387,13.690463,288.000,1,0.077578,0.000000,0.177152,0.369395
tracking_cdrone3_20260822_201250_360_milestone4,milestone4,1787454783.875296831,target_map,1,1,0,detected,2.037970,3.501877,0.258105,-0.069325,-0.010490,0.017356,0.475901,13.690463,288.000,1,0.177858,0.000000,0.212250,0.394465
tracking_cdrone3_20260822_201250_360_milestone4,milestone4,1787454783.897853136,raw,1,1,0,detected,2.093759,3.518773,0.249986,0.213882,0.073971,-0.024765,0.493164,13.736118,266.250,0,0.000000,0.000000,0.000000,0.000000
tracking_cdrone3_20260822_201250_360_milestone4,milestone4,1787454783.974693775,target_map,1,1,0,detected,2.099219,3.521045,0.249619,0.086439,0.035963,-0.005811,0.485376,13.736118,266.250,0,0.063172,0.000000,0.172110,0.365793
tracking_cdrone3_20260822_201250_360_milestone4,milestone4,1787454784.075037003,target_map,1,1,0,detected,2.107890,3.524652,0.249036,0.086439,0.035963,-0.005811,0.473008,13.736118,266.250,0,0.163486,0.000000,0.207220,0.390871
tracking_cdrone3_20260822_201250_360_milestone4,milestone4,1787454784.111680031,raw,1,1,0,detected,2.086412,3.510938,0.248501,-0.034356,-0.036639,-0.006947,0.490479,13.727275,266.250,0,0.000000,0.000000,0.000000,0.000000
tracking_cdrone3_20260822_201250_360_milestone4,milestone4,1787454784.174668550,target_map,1,1,0,detected,2.087591,3.510705,0.248122,0.020002,-0.003968,-0.006436,0.483254,13.727275,266.250,0,0.058915,0.000000,0.170620,0.364729
tracking_cdrone3_20260822_201250_360_milestone4,milestone4,1787454784.275095224,target_map,1,1,0,detected,2.089599,3.510306,0.247475,0.020002,-0.003968,-0.006436,0.470943,13.727275,266.250,0,0.159320,0.000000,0.205762,0.389830
tracking_cdrone3_20260822_201250_360_milestone4,milestone4,1787454784.317398310,raw,1,1,0,detected,2.078474,3.512970,0.251290,-0.038591,0.009874,0.013560,0.473633,13.719977,258.750,0,0.000000,0.000000,0.000000,0.000000
tracking_cdrone3_20260822_201250_360_milestone4,milestone4,1787454784.375038862,target_map,1,1,0,detected,2.077868,3.513150,0.251516,-0.012225,0.003645,0.004562,0.467760,13.719977,258.750,0,0.049594,0.000000,0.167358,0.362399
tracking_cdrone3_20260822_201250_360_milestone4,milestone4,1787454784.474992037,target_map,1,1,0,detected,2.076646,3.513515,0.251972,-0.012225,0.003645,0.004562,0.455925,13.719977,258.750,0,0.149551,0.000000,0.202343,0.387388
tracking_cdrone3_20260822_201250_360_milestone4,milestone4,1787454784.535811663,raw,1,1,0,detected,2.107007,3.516542,0.256137,0.130633,0.016355,0.022192,0.494141,13.748659,271.250,0,0.000000,0.000000,0.000000,0.000000
tracking_cdrone3_20260822_201250_360_milestone4,milestone4,1787454784.574670553,target_map,1,1,0,detected,2.109177,3.516890,0.256604,0.066347,0.010636,0.014258,0.490100,13.748659,271.250,0,0.032709,0.000000,0.161448,0.358177
tracking_cdrone3_20260822_201250_360_milestone4,milestone4,1787454784.674671412,target_map,1,1,0,detected,2.115811,3.517953,0.258029,0.066347,0.010636,0.014258,0.477747,13.748659,271.250,0,0.132701,0.000000,0.196445,0.383175
tracking_cdrone3_20260822_201250_360_milestone4,milestone4,1787454784.732532024,raw,1,1,0,detected,2.110358,3.512517,0.243787,0.017036,-0.020458,-0.062780,0.495117,13.750950,262.500,0,0.000000,0.000000,0.000000,0.000000
tracking_cdrone3_20260822_201250_360_milestone4,milestone4,1787454784.774927378,target_map,1,1,0,detected,2.111911,3.512262,0.242674,0.039226,-0.006466,-0.028113,0.490218,13.750950,262.500,0,0.039579,0.000000,0.163853,0.359895
tracking_cdrone3_20260822_201250_360_milestone4,milestone4,1787454784.875037193,target_map,1,1,0,detected,2.115837,3.511614,0.239860,0.039226,-0.006466,-0.028113,0.477827,13.750950,262.500,0,0.139682,0.000000,0.198889,0.384921
tracking_cdrone3_20260822_201250_360_milestone4,milestone4,1787454784.927255630,raw,1,1,0,detected,2.142393,3.527104,0.251742,0.164508,0.074904,0.040853,0.487549,13.785443,275.125,0,0.000000,0.000000,0.000000,0.000000
tracking_cdrone3_20260822_201250_360_milestone4,milestone4,1787454784.975152493,target_map,1,1,0,detected,2.147275,3.528832,0.252186,0.108131,0.038288,0.009818,0.482047,13.785443,275.125,0,0.045143,0.000000,0.165800,0.361286
tracking_cdrone3_20260822_201250_360_milestone4,milestone4,1787454785.075010300,target_map,1,1,0,detected,2.158072,3.532655,0.253166,0.108131,0.038288,0.009818,0.469876,13.785443,275.125,0,0.144993,0.000000,0.200747,0.386248
tracking_cdrone3_20260822_201250_360_milestone4,milestone4,1787454785.124775410,raw,1,1,0,detected,2.138036,3.523353,0.257340,-0.022057,-0.018988,0.028338,0.497070,13.780400,275.125,0,0.000000,0.000000,0.000000,0.000000
tracking_cdrone3_20260822_201250_360_milestone4,milestone4,1787454785.174645424,target_map,1,1,0,detected,2.139355,3.523598,0.258062,0.036528,0.006786,0.020004,0.492584,13.780400,275.125,0,0.036101,0.000000,0.162635,0.359025
tracking_cdrone3_20260822_201250_360_milestone4,milestone4,1787454785.275531769,target_map,1,1,0,detected,2.143040,3.524283,0.260080,0.036528,0.006786,0.020004,0.480049,13.780400,275.125,0,0.136976,0.000000,0.197942,0.384244
tracking_cdrone3_20260822_201250_360_milestone4,milestone4,1787454785.331348419,raw,1,1,0,detected,2.112920,3.517407,0.254772,-0.121594,-0.028786,-0.012431,0.486328,13.754584,262.500,1,0.000000,0.000000,0.000000,0.000000
tracking_cdrone3_20260822_201250_360_milestone4,milestone4,1787454785.375344276,target_map,1,1,0,detected,2.110919,3.516900,0.254858,-0.050439,-0.012779,0.002165,0.481507,13.754584,262.500,1,0.039655,0.000000,0.163879,0.359914
tracking_cdrone3_20260822_201250_360_milestone4,milestone4,1787454785.474988699,target_map,1,1,0,detected,2.105894,3.515627,0.255073,-0.050439,-0.012779,0.002165,0.469393,13.754584,262.500,1,0.139293,0.000000,0.198753,0.384823
tracking_cdrone3_20260822_201250_360_milestone4,milestone4,1787454785.568444014,raw,1,1,0,detected,2.160547,3.531945,0.251046,0.200859,0.061310,-0.015713,0.488525,13.804174,262.500,0,0.000000,0.000000,0.000000,0.000000
tracking_cdrone3_20260822_201250_360_milestone4,milestone4,1787454785.575247526,target_map,1,1,0,detected,2.160900,3.532057,0.251015,0.087775,0.027970,-0.007668,0.488035,13.804174,262.500,0,0.004017,0.000000,0.151406,0.351004
tracking_cdrone3_20260822_201250_360_milestone4,milestone4,1787454785.675080538,target_map,1,1,0,detected,2.169663,3.534849,0.250250,0.087775,0.027970,-0.007668,0.475842,13.804174,262.500,0,0.103851,0.000000,0.186348,0.375963
tracking_cdrone3_20260822_201250_360_milestone4,milestone4,1787454785.774964809,target_map,1,1,0,detected,2.178430,3.537643,0.249484,0.087775,0.027970,-0.007668,0.463643,13.804174,262.500,0,0.203732,0.000000,0.221306,0.400933
tracking_cdrone3_20260822_201250_360_milestone4,milestone4,1787454785.808136463,raw,1,1,0,detected,2.110457,3.522465,0.252215,-0.208978,-0.039548,0.004878,0.491455,13.753233,275.125,1,0.000000,0.000000,0.000000,0.000000
tracking_cdrone3_20260822_201250_360_milestone4,milestone4,1787454785.874969006,target_map,1,1,0,detected,2.105826,3.521903,0.252168,-0.075439,-0.009165,-0.000767,0.483914,13.753233,275.125,1,0.061378,0.000000,0.171482,0.365344
tracking_cdrone3_20260822_201250_360_milestone4,milestone4,1787454785.975103140,target_map,1,1,0,detected,2.098273,3.520985,0.252091,-0.075439,-0.009165,-0.000767,0.471612,13.753233,275.125,1,0.161506,0.000000,0.206527,0.390377
tracking_cdrone3_20260822_201250_360_milestone4,milestone4,1787454786.040895224,raw,1,1,0,detected,2.156883,3.529301,0.257979,0.199487,0.029374,0.024766,0.499023,13.800086,271.250,0,0.000000,0.000000,0.000000,0.000000
tracking_cdrone3_20260822_201250_360_milestone4,milestone4,1787454786.074960947,target_map,1,1,0,detected,2.159100,3.529653,0.258367,0.075770,0.012031,0.013276,0.495374,13.800086,271.250,0,0.029253,0.000000,0.160239,0.357313
tracking_cdrone3_20260822_201250_360_milestone4,milestone4,1787454786.175654888,target_map,1,1,0,detected,2.166729,3.530865,0.259704,0.075770,0.012031,0.013276,0.482813,13.800086,271.250,0,0.129936,0.000000,0.195478,0.382484
tracking_cdrone3_20260822_201250_360_milestone4,milestone4,1787454786.273605108,raw,1,1,0,detected,2.141859,3.527643,0.253151,-0.064559,-0.007128,-0.020748,0.491455,13.785020,271.250,1,0.000000,0.000000,0.000000,0.000000
tracking_cdrone3_20260822_201250_360_milestone4,milestone4,1787454786.275717735,target_map,1,1,0,detected,2.174311,3.532069,0.261033,0.075770,0.012031,0.013276,0.470329,13.800086,271.250,0,0.230003,0.000000,0.230501,0.407501
tracking_cdrone3_20260822_201250_360_milestone4,milestone4,1787454786.374983072,target_map,1,1,0,detected,2.141728,3.527782,0.252643,-0.001411,0.001494,-0.005437,0.479992,13.785020,271.250,1,0.093299,0.000000,0.182655,0.373325
tracking_cdrone3_20260822_201250_360_milestone4,milestone4,1787454786.475027800,target_map,1,1,0,detected,2.141587,3.527931,0.252099,-0.001411,0.001494,-0.005437,0.467701,13.785020,271.250,1,0.193341,0.000000,0.217669,0.398335
tracking_cdrone3_20260822_201250_360_milestone4,milestone4,1787454786.513861179,raw,1,1,0,detected,2.167024,3.531814,0.251216,0.104734,0.017361,-0.008050,0.492188,13.810499,270.000,0,0.000000,0.000000,0.000000,0.000000
tracking_cdrone3_20260822_201250_360_milestone4,milestone4,1787454786.574808359,target_map,1,1,0,detected,2.170215,3.532387,0.250831,0.056969,0.010221,-0.006874,0.485294,13.810499,270.000,0,0.056019,0.000000,0.169607,0.364005
tracking_cdrone3_20260822_201250_360_milestone4,milestone4,1787454786.674820900,target_map,1,1,0,detected,2.175912,3.533409,0.250144,0.056969,0.010221,-0.006874,0.472989,13.810499,270.000,0,0.156025,0.000000,0.204609,0.389006
tracking_cdrone3_20260822_201250_360_milestone4,milestone4,1787454786.752888441,raw,1,1,0,detected,2.147525,3.524866,0.251522,-0.081569,-0.029065,0.001278,0.503906,13.789977,262.500,1,0.000000,0.000000,0.000000,0.000000
tracking_cdrone3_20260822_201250_360_milestone4,milestone4,1787454786.777959824,target_map,1,1,0,detected,2.147169,3.524656,0.251478,-0.019227,-0.011386,-0.002391,0.501574,13.789977,262.500,1,0.018512,0.000000,0.156479,0.354628
tracking_cdrone3_20260822_201250_360_milestone4,milestone4,1787454786.875233412,target_map,1,1,0,detected,2.145302,3.523550,0.251245,-0.019227,-0.011386,-0.002391,0.489342,13.789977,262.500,1,0.115614,0.000000,0.190465,0.378904
tracking_cdrone3_20260822_201250_360_milestone4,milestone4,1787454786.975072622,target_map,1,1,0,detected,2.143380,3.522411,0.251006,-0.019227,-0.011386,-0.002391,0.476743,13.789977,262.500,1,0.215618,0.000000,0.225466,0.403904
tracking_cdrone3_20260822_201250_360_milestone4,milestone4,1787454786.984684467,raw,1,1,0,detected,2.140393,3.527155,0.259163,-0.030777,0.009875,0.032970,0.498047,13.783568,266.250,0,0.000000,0.000000,0.000000,0.000000
tracking_cdrone3_20260822_201250_360_milestone4,milestone4,1787454787.074688673,target_map,1,1,0,detected,2.138211,3.527181,0.260618,-0.025580,0.000307,0.017058,0.487426,13.783568,266.250,0,0.085300,0.000000,0.179855,0.371325
tracking_cdrone3_20260822_201250_360_milestone4,milestone4,1787454787.176470041,target_map,1,1,0,detected,2.135607,3.527213,0.262354,-0.025580,0.000307,0.017058,0.474753,13.783568,266.250,0,0.187084,0.000000,0.215479,0.396771
tracking_cdrone3_20260822_201250_360_milestone4,milestone4,1787454787.215336561,raw,1,1,0,detected,2.161121,3.530858,0.254068,0.089872,0.016056,-0.022091,0.486328,13.804567,270.000,0,0.000000,0.000000,0.000000,0.000000
tracking_cdrone3_20260822_201250_360_milestone4,milestone4,1787454787.274694204,target_map,1,1,0,detected,2.163275,3.531368,0.253814,0.037919,0.008969,-0.004474,0.479421,13.804567,270.000,0,0.056812,0.000000,0.169884,0.364203
tracking_cdrone3_20260822_201250_360_milestone4,milestone4,1787454787.374876261,target_map,1,1,0,detected,2.167073,3.532266,0.253366,0.037919,0.008969,-0.004474,0.467245,13.804567,270.000,0,0.156957,0.000000,0.204935,0.389239
tracking_cdrone3_20260822_201250_360_milestone4,milestone4,1787454787.475146294,raw,1,1,0,detected,2.196841,3.538792,0.244361,0.136683,0.030357,-0.037145,0.499023,13.841060,266.250,0,0.000000,0.000000,0.000000,0.000000
tracking_cdrone3_20260822_201250_360_milestone4,milestone4,1787454787.475160360,target_map,1,1,2,predicted,2.170876,3.533166,0.252917,0.037919,0.008969,-0.004474,0.455049,13.804567,270.000,0,0.257265,0.257265,0.240043,0.414316
tracking_cdrone3_20260822_201250_360_milestone4,milestone4,1787454787.575028658,target_map,1,1,0,detected,2.205574,3.540755,0.242236,0.092239,0.020733,-0.022443,0.487211,13.841060,266.250,0,0.094681,0.000000,0.183138,0.373670
tracking_cdrone3_20260822_201250_360_milestone4,milestone4,1787454787.674694538,target_map,1,1,0,detected,2.214768,3.542821,0.239999,0.092239,0.020733,-0.022443,0.474777,13.841060,266.250,0,0.194352,0.000000,0.218023,0.398588
tracking_cdrone3_20260822_201250_360_milestone4,milestone4,1787454787.706393242,raw,1,1,0,detected,2.195325,3.536235,0.248622,-0.006599,-0.011128,0.018549,0.486328,13.839057,266.250,0,0.000000,0.000000,0.000000,0.000000
tracking_cdrone3_20260822_201250_360_milestone4,milestone4,1787454787.776084900,target_map,1,1,0,detected,2.197743,3.536440,0.248628,0.037878,0.003210,0.000102,0.478566,13.839057,266.250,0,0.063845,0.000000,0.172346,0.365961
tracking_cdrone3_20260822_201250_360_milestone4,milestone4,1787454787.875063419,target_map,1,1,0,detected,2.201492,3.536758,0.248638,0.037878,0.003210,0.000102,0.466532,13.839057,266.250,0,0.162817,0.000000,0.206986,0.390704
tracking_cdrone3_20260822_201250_360_milestone4,milestone4,1787454787.925563097,raw,1,1,0,detected,2.174428,3.533042,0.254548,-0.095342,-0.014569,0.027037,0.487549,13.818006,262.500,1,0.000000,0.000000,0.000000,0.000000
tracking_cdrone3_20260822_201250_360_milestone4,milestone4,1787454787.974987745,target_map,1,1,0,detected,2.173133,3.532802,0.255093,-0.035393,-0.006569,0.014916,0.483091,13.818006,262.500,1,0.036573,0.000000,0.162800,0.359143
tracking_cdrone3_20260822_201250_360_milestone4,milestone4,1787454788.074668884,target_map,1,1,0,detected,2.169605,3.532147,0.256580,-0.035393,-0.006569,0.014916,0.470940,13.818006,262.500,1,0.136260,0.000000,0.197691,0.384065
tracking_cdrone3_20260822_201250_360_milestone4,milestone4,1787454788.156155825,raw,1,1,0,detected,2.159571,3.533017,0.248835,-0.064427,-0.000108,-0.024776,0.498047,13.803418,279.000,1,0.000000,0.000000,0.000000,0.000000
tracking_cdrone3_20260822_201250_360_milestone4,milestone4,1787454788.174980402,target_map,1,1,0,detected,2.158777,3.532970,0.248728,-0.051362,-0.003015,-0.006915,0.496122,13.803418,279.000,1,0.015460,0.000000,0.155411,0.353865
tracking_cdrone3_20260822_201250_360_milestone4,milestone4,1787454788.274670601,target_map,1,1,0,detected,2.153657,3.532670,0.248038,-0.051362,-0.003015,-0.006915,0.483709,13.803418,279.000,1,0.115155,0.000000,0.190304,0.378789
tracking_cdrone3_20260822_201250_360_milestone4,milestone4,1787454788.366679907,raw,1,1,0,detected,2.213869,3.542535,0.241562,0.257922,0.045209,-0.034548,0.500977,13.858418,262.500,0,0.000000,0.000000,0.000000,0.000000
tracking_cdrone3_20260822_201250_360_milestone4,milestone4,1787454788.375114202,target_map,1,1,0,detected,2.214549,3.542669,0.241435,0.118744,0.023508,-0.022113,0.500259,13.858418,262.500,0,0.005731,0.000000,0.152006,0.351433
tracking_cdrone3_20260822_201250_360_milestone4,milestone4,1787454788.474698544,target_map,1,1,0,detected,2.226377,3.545011,0.239232,0.118744,0.023508,-0.022113,0.487784,13.858418,262.500,0,0.105335,0.000000,0.186867,0.376334
tracking_cdrone3_20260822_201250_360_milestone4,milestone4,1787454788.575010777,target_map,1,1,0,detected,2.238287,3.547369,0.237014,0.118744,0.023508,-0.022113,0.475222,13.858418,262.500,0,0.205638,0.000000,0.221973,0.401409
tracking_cdrone3_20260822_201250_360_milestone4,milestone4,1787454788.584633589,raw,1,1,0,detected,2.205574,3.536463,0.246255,-0.038058,-0.027859,0.021536,0.496094,13.849126,267.375,0,0.000000,0.000000,0.000000,0.000000
tracking_cdrone3_20260822_201250_360_milestone4,milestone4,1787454788.675132275,target_map,1,1,0,detected,2.208383,3.536053,0.246419,0.032503,-0.004744,0.001894,0.485375,13.849126,267.375,0,0.086425,0.000000,0.180249,0.371606
tracking_cdrone3_20260822_201250_360_milestone4,milestone4,1787454788.775331259,target_map,1,1,0,detected,2.211640,3.535578,0.246609,0.032503,-0.004744,0.001894,0.472949,13.849126,267.375,0,0.186617,0.000000,0.215316,0.396654
tracking_cdrone3_20260822_201250_360_milestone4,milestone4,1787454788.787133217,raw,1,1,0,detected,2.186987,3.535942,0.251028,-0.091777,-0.002574,0.023564,0.491455,13.830853,271.250,1,0.000000,0.000000,0.000000,0.000000
tracking_cdrone3_20260822_201250_360_milestone4,milestone4,1787454788.875046492,target_map,1,1,0,detected,2.183950,3.535641,0.252198,-0.035851,-0.003550,0.013813,0.481048,13.830853,271.250,1,0.084702,0.000000,0.179646,0.371176
tracking_cdrone3_20260822_201250_360_milestone4,milestone4,1787454788.974928379,target_map,1,1,0,detected,2.180368,3.535286,0.253578,-0.035851,-0.003550,0.013813,0.468774,13.830853,271.250,1,0.184607,0.000000,0.214612,0.396152
tracking_cdrone3_20260822_201250_360_milestone4,milestone4,1787454788.998340368,raw,1,1,0,detected,2.237189,3.544997,0.249236,0.237717,0.042881,-0.008484,0.491455,13.881788,262.500,0,0.000000,0.000000,0.000000,0.000000
tracking_cdrone3_20260822_201250_360_milestone4,milestone4,1787454789.075284958,target_map,1,1,0,detected,2.245740,3.546638,0.249351,0.114611,0.021987,0.001549,0.482288,13.881788,262.500,0,0.074609,0.000000,0.176113,0.368652
tracking_cdrone3_20260822_201250_360_milestone4,milestone4,1787454789.174823046,target_map,1,1,0,detected,2.257148,3.548826,0.249506,0.114611,0.021987,0.001549,0.470059,13.881788,262.500,0,0.174143,0.000000,0.210950,0.393536
tracking_cdrone3_20260822_201250_360_milestone4,milestone4,1787454789.219622374,raw,1,1,0,detected,2.280500,3.555537,0.254043,0.195719,0.047625,0.021723,0.490479,13.926469,258.750,0,0.000000,0.000000,0.000000,0.000000
tracking_cdrone3_20260822_201250_360_milestone4,milestone4,1787454789.274695158,target_map,1,1,0,detected,2.288828,3.557424,0.254704,0.159220,0.036088,0.012645,0.484065,13.926469,258.750,0,0.052305,0.000000,0.168307,0.363076
tracking_cdrone3_20260822_201250_360_milestone4,milestone4,1787454789.375011206,target_map,1,1,0,detected,2.304799,3.561044,0.255973,0.159220,0.036088,0.012645,0.471765,13.926469,258.750,0,0.152611,0.000000,0.203414,0.388153
tracking_cdrone3_20260822_201250_360_milestone4,milestone4,1787454789.446414232,raw,1,1,0,detected,2.254606,3.551887,0.254403,-0.114174,-0.016091,0.001589,0.496094,13.900367,266.250,1,0.000000,0.000000,0.000000,0.000000
tracking_cdrone3_20260822_201250_360_milestone4,milestone4,1787454789.474958897,target_map,1,1,0,detected,2.254832,3.552075,0.254570,0.008853,0.007390,0.006564,0.492936,13.900367,266.250,1,0.025457,0.000000,0.158910,0.356364
tracking_cdrone3_20260822_201250_360_milestone4,milestone4,1787454789.574902296,target_map,1,1,0,detected,2.255717,3.552814,0.255226,0.008853,0.007390,0.006564,0.480541,13.900367,266.250,1,0.125400,0.000000,0.193890,0.381350
tracking_cdrone3_20260822_201250_360_milestone4,milestone4,1787454789.675017834,target_map,1,1,0,detected,2.256603,3.553554,0.255883,0.008853,0.007390,0.006564,0.468125,13.900367,266.250,1,0.225516,0.000000,0.228931,0.406379
tracking_cdrone3_20260822_201250_360_milestone4,milestone4,1787454789.680870056,raw,1,1,0,detected,2.235842,3.546471,0.251944,-0.080035,-0.023103,-0.010490,0.480225,13.880861,262.500,1,0.000000,0.000000,0.000000,0.000000
tracking_cdrone3_20260822_201250_360_milestone4,milestone4,1787454789.775034189,target_map,1,1,0,detected,2.232305,3.545642,0.251695,-0.040035,-0.009381,-0.002816,0.469617,13.880861,262.500,1,0.088353,0.000000,0.180924,0.372088
tracking_cdrone3_20260822_201250_360_milestone4,milestone4,1787454789.874861479,target_map,1,1,0,detected,2.228308,3.544705,0.251414,-0.040035,-0.009381,-0.002816,0.457632,13.880861,262.500,1,0.188184,0.000000,0.215864,0.397046
tracking_cdrone3_20260822_201250_360_milestone4,milestone4,1787454789.907286882,raw,1,1,0,detected,2.208717,3.540505,0.251347,-0.119803,-0.026351,-0.002636,0.494141,13.853066,270.000,1,0.000000,0.000000,0.000000,0.000000
tracking_cdrone3_20260822_201250_360_milestone4,milestone4,1787454789.974982977,target_map,1,1,0,detected,2.203380,3.539315,0.251174,-0.083908,-0.018714,-0.002717,0.486284,13.853066,270.000,1,0.063601,0.000000,0.172260,0.365900
tracking_cdrone3_20260822_201250_360_milestone4,milestone4,1787454790.074914694,target_map,1,1,0,detected,2.194995,3.537444,0.250903,-0.083908,-0.018714,-0.002717,0.473938,13.853066,270.000,1,0.163534,0.000000,0.207237,0.390884
tracking_cdrone3_20260822_201250_360_milestone4,milestone4,1787454790.132629395,raw,1,1,0,detected,2.222872,3.543398,0.254269,0.062810,0.012837,0.012964,0.490479,13.867570,258.750,0,0.000000,0.000000,0.000000,0.000000
tracking_cdrone3_20260822_201250_360_milestone4,milestone4,1787454790.174981356,target_map,1,1,0,detected,2.222759,3.543350,0.254477,-0.003213,-0.001361,0.005908,0.486153,13.867570,258.750,0,0.035279,0.000000,0.162348,0.358820
tracking_cdrone3_20260822_201250_360_milestone4,milestone4,1787454790.276091814,target_map,1,1,0,detected,2.222434,3.543212,0.255075,-0.003213,-0.001361,0.005908,0.473756,13.867570,258.750,0,0.136375,0.000000,0.197731,0.384094
tracking_cdrone3_20260822_201250_360_milestone4,milestone4,1787454790.364593029,raw,1,1,0,detected,2.214898,3.543160,0.254804,-0.034381,-0.001026,0.002306,0.489502,13.859747,275.125,0,0.000000,0.000000,0.000000,0.000000
tracking_cdrone3_20260822_201250_360_milestone4,milestone4,1787454790.374959230,target_map,1,1,0,detected,2.214823,3.543155,0.254818,-0.020355,-0.001177,0.003927,0.489050,13.859747,275.125,0,0.003690,0.000000,0.151292,0.350922
tracking_cdrone3_20260822_201250_360_milestone4,milestone4,1787454790.474883556,target_map,1,1,0,detected,2.212789,3.543038,0.255211,-0.020355,-0.001177,0.003927,0.476822,13.859747,275.125,0,0.103616,0.000000,0.186266,0.375904
tracking_cdrone3_20260822_201250_360_milestone4,milestone4,1787454790.574942350,target_map,1,1,0,detected,2.210753,3.542920,0.255603,-0.020355,-0.001177,0.003927,0.464579,13.859747,275.125,0,0.203661,0.000000,0.221281,0.400915
tracking_cdrone3_20260822_201250_360_milestone4,milestone4,1787454790.602488518,raw,1,1,0,detected,2.219013,3.541499,0.254764,0.017296,-0.006979,-0.000168,0.500977,13.863386,262.500,0,0.000000,0.000000,0.000000,0.000000
tracking_cdrone3_20260822_201250_360_milestone4,milestone4,1787454790.674849510,target_map,1,1,0,detected,2.219037,3.541206,0.254876,0.000353,-0.004368,0.001674,0.492558,13.863386,262.500,0,0.067219,0.000000,0.173526,0.366805
tracking_cdrone3_20260822_201250_360_milestone4,milestone4,1787454790.775530100,target_map,1,1,0,detected,2.219073,3.540766,0.255045,0.000353,-0.004368,0.001674,0.479950,13.863386,262.500,0,0.167882,0.000000,0.208759,0.391971
tracking_cdrone3_20260822_201250_360_milestone4,milestone4,1787454790.849589348,raw,1,1,0,detected,2.229635,3.543809,0.250090,0.042986,0.009348,-0.018915,0.493164,13.874218,275.125,0,0.000000,0.000000,0.000000,0.000000
tracking_cdrone3_20260822_201250_360_milestone4,milestone4,1787454790.874740839,target_map,1,1,0,detected,2.230153,3.543878,0.249880,0.023801,0.003176,-0.009650,0.490482,13.874218,275.125,0,0.021757,0.000000,0.157615,0.355439
tracking_cdrone3_20260822_201250_360_milestone4,milestone4,1787454790.974846363,target_map,1,1,0,detected,2.232536,3.544196,0.248914,0.023801,0.003176,-0.009650,0.478140,13.874218,275.125,0,0.121862,0.000000,0.192652,0.380465
tracking_cdrone3_20260822_201250_360_milestone4,milestone4,1787454791.075100422,target_map,1,1,0,detected,2.234921,3.544514,0.247947,0.023801,0.003176,-0.009650,0.465785,13.874218,275.125,0,0.222071,0.000000,0.227725,0.405518
tracking_cdrone3_20260822_201250_360_milestone4,milestone4,1787454791.078319550,raw,1,1,0,detected,2.258025,3.552585,0.252859,0.124122,0.038366,0.012107,0.500977,13.903879,271.250,0,0.000000,0.000000,0.000000,0.000000
tracking_cdrone3_20260822_201250_360_milestone4,milestone4,1787454791.175159216,target_map,1,1,0,detected,2.265454,3.554704,0.253077,0.078977,0.022530,0.002317,0.489197,13.903879,271.250,0,0.094053,0.000000,0.182919,0.373513
tracking_cdrone3_20260822_201250_360_milestone4,milestone4,1787454791.275023699,target_map,1,1,0,detected,2.273352,3.556957,0.253308,0.078977,0.022530,0.002317,0.476672,13.903879,271.250,0,0.194059,0.000000,0.217921,0.398515
tracking_cdrone3_20260822_201250_360_milestone4,milestone4,1787454791.302030325,raw,1,1,0,detected,2.251271,3.550579,0.251644,-0.030193,-0.008964,-0.005432,0.482178,13.896812,270.000,0,0.000000,0.000000,0.000000,0.000000
tracking_cdrone3_20260822_201250_360_milestone4,milestone4,1787454791.375652552,target_map,1,1,0,detected,2.252592,3.550943,0.251508,0.018934,0.005208,-0.001945,0.473768,13.896812,270.000,0,0.069767,0.000000,0.174418,0.367442
tracking_cdrone3_20260822_201250_360_milestone4,milestone4,1787454791.475057602,target_map,1,1,0,detected,2.254474,3.551461,0.251315,0.018934,0.005208,-0.001945,0.461786,13.896812,270.000,0,0.169165,0.000000,0.209208,0.392291
tracking_cdrone3_20260822_201250_360_milestone4,milestone4,1787454791.527122736,raw,1,1,0,detected,2.246921,3.552111,0.255060,-0.019324,0.006804,0.015176,0.474854,13.892907,262.500,0,0.000000,0.000000,0.000000,0.000000
tracking_cdrone3_20260822_201250_360_milestone4,milestone4,1787454791.574855566,target_map,1,1,0,detected,2.246826,3.552387,0.255398,-0.002108,0.006086,0.007471,0.469476,13.892907,262.500,0,0.045298,0.000000,0.165854,0.361324
tracking_cdrone3_20260822_201250_360_milestone4,milestone4,1787454791.674671888,target_map,1,1,0,detected,2.246615,3.552994,0.256144,-0.002108,0.006086,0.007471,0.457626,13.892907,262.500,0,0.145118,0.000000,0.200791,0.386280
tracking_cdrone3_20260822_201250_360_milestone4,milestone4,1787454791.727618217,raw,1,1,0,detected,2.240419,3.547545,0.255762,-0.032432,-0.022772,0.003506,0.485352,13.885586,271.250,0,0.000000,0.000000,0.000000,0.000000
tracking_cdrone3_20260822_201250_360_milestone4,milestone4,1787454791.774653673,target_map,1,1,0,detected,2.239666,3.547153,0.255974,-0.018786,-0.009786,0.005290,0.480488,13.885586,271.250,0,0.040081,0.000000,0.164028,0.360020
tracking_cdrone3_20260822_201250_360_milestone4,milestone4,1787454791.874671698,target_map,1,1,0,detected,2.237787,3.546174,0.256503,-0.018786,-0.009786,0.005290,0.468354,13.885586,271.250,0,0.140083,0.000000,0.199029,0.385021
tracking_cdrone3_20260822_201250_360_milestone4,milestone4,1787454791.945875168,raw,1,1,0,detected,2.234733,3.548387,0.260882,-0.025948,0.003842,0.023359,0.490479,13.880279,275.125,0,0.000000,0.000000,0.000000,0.000000
tracking_cdrone3_20260822_201250_360_milestone4,milestone4,1787454791.975020170,target_map,1,1,0,detected,2.234175,3.548331,0.261255,-0.022725,-0.002291,0.015228,0.487471,13.880279,275.125,0,0.024529,0.000000,0.158585,0.356132
tracking_cdrone3_20260822_201250_360_milestone4,milestone4,1787454792.075274706,target_map,1,1,0,detected,2.231899,3.548101,0.262780,-0.022725,-0.002291,0.015228,0.475191,13.880279,275.125,0,0.124671,0.000000,0.193635,0.381168
tracking_cdrone3_20260822_201250_360_milestone4,milestone4,1787454792.173345804,raw,1,1,0,detected,2.234148,3.546741,0.261330,-0.002579,-0.007265,0.001980,0.492188,13.879353,271.250,0,0.000000,0.000000,0.000000,0.000000
tracking_cdrone3_20260822_201250_360_milestone4,milestone4,1787454792.175039530,target_map,1,1,0,detected,2.229630,3.547873,0.264301,-0.022725,-0.002291,0.015228,0.462944,13.880279,275.125,0,0.224553,0.000000,0.228594,0.406138
tracking_cdrone3_20260822_201250_360_milestone4,milestone4,1787454792.275000095,target_map,1,1,0,detected,2.233034,3.546260,0.262090,-0.011645,-0.005027,0.007942,0.480414,13.879353,271.250,0,0.095686,0.000000,0.183490,0.373921
tracking_cdrone3_20260822_201250_360_milestone4,milestone4,1787454792.375183105,target_map,1,1,0,detected,2.231867,3.545756,0.262886,-0.011645,-0.005027,0.007942,0.468083,13.879353,271.250,0,0.195896,0.000000,0.218564,0.398974
tracking_cdrone3_20260822_201250_360_milestone4,milestone4,1787454792.403287411,raw,1,1,0,detected,2.228815,3.542692,0.258566,-0.023196,-0.017610,-0.012024,0.491455,13.873290,275.125,0,0.000000,0.000000,0.000000,0.000000
tracking_cdrone3_20260822_201250_360_milestone4,milestone4,1787454792.475091696,target_map,1,1,0,detected,2.227577,3.541870,0.258357,-0.017998,-0.011947,-0.003039,0.483005,13.873290,275.125,0,0.068773,0.000000,0.174071,0.367193
tracking_cdrone3_20260822_201250_360_milestone4,milestone4,1787454792.574762583,target_map,1,1,0,detected,2.225783,3.540679,0.258054,-0.017998,-0.011947,-0.003039,0.470760,13.873290,275.125,0,0.168439,0.000000,0.208954,0.392110
tracking_cdrone3_20260822_201250_360_milestone4,milestone4,1787454792.608457804,raw,1,1,0,detected,2.218032,3.541837,0.257282,-0.052556,-0.004169,-0.006259,0.495117,13.862524,258.750,1,0.000000,0.000000,0.000000,0.000000
tracking_cdrone3_20260822_201250_360_milestone4,milestone4,1787454792.675343752,target_map,1,1,0,detected,2.215834,3.541381,0.256996,-0.037005,-0.007669,-0.004810,0.487765,13.862524,258.750,1,0.059395,0.000000,0.170788,0.364849
tracking_cdrone3_20260822_201250_360_milestone4,milestone4,1787454792.776162624,target_map,1,1,0,detected,2.212104,3.540608,0.256511,-0.037005,-0.007669,-0.004810,0.475287,13.862524,258.750,1,0.160206,0.000000,0.206072,0.390052
tracking_cdrone3_20260822_201250_360_milestone4,milestone4,1787454792.831051111,raw,1,1,0,detected,2.267765,3.551135,0.249884,0.223428,0.041773,-0.033234,0.478516,13.913056,262.500,0,0.000000,0.000000,0.000000,0.000000
tracking_cdrone3_20260822_201250_360_milestone4,milestone4,1787454792.886218071,target_map,1,1,0,detected,2.272890,3.552077,0.248898,0.106233,0.019524,-0.020443,0.472744,13.913056,262.500,0,0.048249,0.000000,0.166887,0.362062
tracking_cdrone3_20260822_201250_360_milestone4,milestone4,1787454792.974699020,target_map,1,1,0,detected,2.282290,3.553804,0.247089,0.106233,0.019524,-0.020443,0.462158,13.913056,262.500,0,0.136735,0.000000,0.197857,0.384184
tracking_cdrone3_20260822_201250_360_milestone4,milestone4,1787454793.040418148,raw,1,1,0,detected,2.230788,3.543449,0.253382,-0.176613,-0.036712,0.016706,0.492188,13.875322,271.250,1,0.000000,0.000000,0.000000,0.000000
tracking_cdrone3_20260822_201250_360_milestone4,milestone4,1787454793.074826241,target_map,1,1,0,detected,2.229306,3.543106,0.253382,-0.049333,-0.011405,-0.000011,0.488491,13.875322,271.250,1,0.030045,0.000000,0.160516,0.357511
tracking_cdrone3_20260822_201250_360_milestone4,milestone4,1787454793.174924135,target_map,1,1,0,detected,2.224368,3.541965,0.253381,-0.049333,-0.011405,-0.000011,0.476175,13.875322,271.250,1,0.130135,0.000000,0.195547,0.382534
tracking_cdrone3_20260822_201250_360_milestone4,milestone4,1787454793.277027369,raw,1,1,0,detected,2.219673,3.544065,0.252209,-0.046975,0.002603,-0.004958,0.490479,13.864519,262.500,0,0.000000,0.000000,0.000000,0.000000
tracking_cdrone3_20260822_201250_360_milestone4,milestone4,1787454793.280103445,target_map,1,1,0,detected,2.219179,3.540765,0.253379,-0.049333,-0.011405,-0.000011,0.463233,13.875322,271.250,1,0.235311,0.000000,0.232359,0.408828
tracking_cdrone3_20260822_201250_360_milestone4,milestone4,1787454793.375335932,target_map,1,1,0,detected,2.215265,3.543725,0.251958,-0.048036,-0.003701,-0.002732,0.479225,13.864519,262.500,0,0.091776,0.000000,0.182122,0.372944
tracking_cdrone3_20260822_201250_360_milestone4,milestone4,1787454793.475068092,target_map,1,1,0,detected,2.210475,3.543356,0.251686,-0.048036,-0.003701,-0.002732,0.466997,13.864519,262.500,0,0.191498,0.000000,0.217024,0.397875
tracking_cdrone3_20260822_201250_360_milestone4,milestone4,1787454793.513581038,raw,1,1,0,detected,2.213900,3.542004,0.253436,-0.024405,-0.008711,0.005188,0.499023,13.858456,275.125,0,0.000000,0.000000,0.000000,0.000000
tracking_cdrone3_20260822_201250_360_milestone4,milestone4,1787454793.574956656,target_map,1,1,0,detected,2.211852,3.541626,0.253531,-0.035039,-0.006456,0.001624,0.491731,13.858456,275.125,0,0.058450,0.000000,0.170457,0.364612
tracking_cdrone3_20260822_201250_360_milestone4,milestone4,1787454793.675088406,target_map,1,1,0,detected,2.208344,3.540980,0.253694,-0.035039,-0.006456,0.001624,0.479241,13.858456,275.125,0,0.158568,0.000000,0.205499,0.389642
tracking_cdrone3_20260822_201250_360_milestone4,milestone4,1787454793.735394716,raw,1,1,0,detected,2.226895,3.544456,0.250053,0.058585,0.011054,-0.015253,0.487549,13.871617,279.000,0,0.000000,0.000000,0.000000,0.000000
tracking_cdrone3_20260822_201250_360_milestone4,milestone4,1787454793.774889231,target_map,1,1,0,detected,2.227490,3.544570,0.249776,0.016454,0.003174,-0.007658,0.483141,13.871617,279.000,0,0.036160,0.000000,0.162656,0.359040
tracking_cdrone3_20260822_201250_360_milestone4,milestone4,1787454793.874895334,target_map,1,1,0,detected,2.229135,3.544888,0.249010,0.016454,0.003174,-0.007658,0.470952,13.871617,279.000,0,0.136166,0.000000,0.197658,0.384042
tracking_cdrone3_20260822_201250_360_milestone4,milestone4,1787454793.953286171,raw,1,1,0,detected,2.273773,3.554444,0.254619,0.215148,0.045842,0.020955,0.487549,13.919645,258.750,0,0.000000,0.000000,0.000000,0.000000
tracking_cdrone3_20260822_201250_360_milestone4,milestone4,1787454793.975379467,target_map,1,1,0,detected,2.275813,3.554876,0.254750,0.125736,0.026642,0.008079,0.485572,13.919645,258.750,0,0.016218,0.000000,0.155676,0.354055
tracking_cdrone3_20260822_201250_360_milestone4,milestone4,1787454794.074815035,target_map,1,1,0,detected,2.288315,3.557525,0.255553,0.125736,0.026642,0.008079,0.473452,13.919645,258.750,0,0.115653,0.000000,0.190478,0.378913
tracking_cdrone3_20260822_201250_360_milestone4,milestone4,1787454794.157968760,raw,1,1,0,detected,2.279588,3.549665,0.240205,0.028404,-0.023350,-0.070418,0.475830,13.924146,262.500,0,0.000000,0.000000,0.000000,0.000000
tracking_cdrone3_20260822_201250_360_milestone4,milestone4,1787454794.175067663,target_map,1,1,0,detected,2.280353,3.549656,0.239833,0.072203,-0.000854,-0.035095,0.474568,13.924146,262.500,0,0.010606,0.000000,0.153712,0.352652
tracking_cdrone3_20260822_201250_360_milestone4,milestone4,1787454794.274841309,target_map,1,1,0,detected,2.287557,3.549571,0.236331,0.072203,-0.000854,-0.035095,0.462699,13.924146,262.500,0,0.110381,0.000000,0.188633,0.377595
tracking_cdrone3_20260822_201250_360_milestone4,milestone4,1787454794.374989986,target_map,1,1,0,detected,2.294788,3.549485,0.232817,0.072203,-0.000854,-0.035095,0.450786,13.924146,262.500,0,0.210527,0.000000,0.223684,0.402632
tracking_cdrone3_20260822_201250_360_milestone4,milestone4,1787454794.382365465,raw,1,1,0,detected,2.296240,3.558029,0.251547,0.074212,0.037275,0.050549,0.485352,13.942310,275.125,0,0.000000,0.000000,0.000000,0.000000
tracking_cdrone3_20260822_201250_360_milestone4,milestone4,1787454794.474948168,target_map,1,1,0,detected,2.302798,3.559829,0.252622,0.073308,0.020117,0.012009,0.474497,13.942310,275.125,0,0.089457,0.000000,0.181310,0.372364
tracking_cdrone3_20260822_201250_360_milestone4,milestone4,1787454794.574664354,target_map,1,1,0,detected,2.310108,3.561835,0.253819,0.073308,0.020117,0.012009,0.462397,13.942310,275.125,0,0.189176,0.000000,0.216212,0.397294
tracking_cdrone3_20260822_201250_360_milestone4,milestone4,1787454794.609315157,raw,1,1,0,detected,2.241026,3.550187,0.248778,-0.243252,-0.034549,-0.012200,0.490479,13.886635,262.500,1,0.000000,0.000000,0.000000,0.000000
tracking_cdrone3_20260822_201250_360_milestone4,milestone4,1787454794.674852133,target_map,1,1,0,detected,2.234726,3.549565,0.248697,-0.100800,-0.009949,-0.001306,0.482815,13.886635,262.500,1,0.062501,0.000000,0.171875,0.365625
tracking_cdrone3_20260822_201250_360_milestone4,milestone4,1787454794.774982452,target_map,1,1,0,detected,2.224634,3.548569,0.248566,-0.100800,-0.009949,-0.001306,0.470537,13.886635,262.500,1,0.162625,0.000000,0.206919,0.390656
tracking_cdrone3_20260822_201250_360_milestone4,milestone4,1787454794.812114954,raw,1,1,0,detected,2.235019,3.544512,0.259603,-0.029624,-0.027989,0.053382,0.489502,13.879728,262.500,0,0.000000,0.000000,0.000000,0.000000
tracking_cdrone3_20260822_201250_360_milestone4,milestone4,1787454794.876549721,target_map,1,1,0,detected,2.231453,3.543362,0.261267,-0.061653,-0.019871,0.028773,0.482424,13.879728,262.500,0,0.057839,0.000000,0.170244,0.364460
tracking_cdrone3_20260822_201250_360_milestone4,milestone4,1787454794.976567745,target_map,1,1,0,detected,2.225288,3.541375,0.264144,-0.061653,-0.019871,0.028773,0.470186,13.879728,262.500,0,0.157840,0.000000,0.205244,0.389460
tracking_cdrone3_20260822_201250_360_milestone4,milestone4,1787454795.014874697,raw,1,1,0,detected,2.251156,3.551612,0.249980,0.079582,0.035019,-0.047458,0.508789,13.896858,266.250,0,0.000000,0.000000,0.000000,0.000000
tracking_cdrone3_20260822_201250_360_milestone4,milestone4,1787454795.075013876,target_map,1,1,0,detected,2.252070,3.552201,0.249229,0.016026,0.010318,-0.013154,0.501530,13.896858,266.250,0,0.057068,0.000000,0.169974,0.364267
tracking_cdrone3_20260822_201250_360_milestone4,milestone4,1787454795.175432444,target_map,1,1,0,detected,2.253680,3.553237,0.247908,0.016026,0.010318,-0.013154,0.488758,13.896858,266.250,0,0.157481,0.000000,0.205119,0.389370
tracking_cdrone3_20260822_201250_360_milestone4,milestone4,1787454795.231051922,raw,1,1,0,detected,2.192999,3.534720,0.253888,-0.269022,-0.078141,0.018077,0.500977,13.836505,279.000,1,0.000000,0.000000,0.000000,0.000000
tracking_cdrone3_20260822_201250_360_milestone4,milestone4,1787454795.274910212,target_map,1,1,0,detected,2.187543,3.533234,0.254044,-0.140750,-0.038334,0.004023,0.496122,13.836505,279.000,1,0.038761,0.000000,0.163566,0.359690
tracking_cdrone3_20260822_201250_360_milestone4,milestone4,1787454795.374710798,target_map,1,1,0,detected,2.173496,3.529408,0.254445,-0.140750,-0.038334,0.004023,0.483622,13.836505,279.000,1,0.138566,0.000000,0.198498,0.384641
tracking_cdrone3_20260822_201250_360_milestone4,milestone4,1787454795.434783936,raw,1,1,0,detected,2.144971,3.529725,0.253209,-0.235744,-0.024517,-0.003333,0.490479,13.788538,262.500,1,0.000000,0.000000,0.000000,0.000000
tracking_cdrone3_20260822_201250_360_milestone4,milestone4,1787454795.475160837,target_map,1,1,0,detected,2.137697,3.528567,0.253208,-0.192997,-0.030735,-0.000023,0.485857,13.788538,262.500,1,0.037686,0.000000,0.163190,0.359422
tracking_cdrone3_20260822_201250_360_milestone4,milestone4,1787454795.574707985,target_map,1,1,0,detected,2.118486,3.525507,0.253206,-0.192997,-0.030735,-0.000023,0.473651,13.788538,262.500,1,0.137231,0.000000,0.198031,0.384308
tracking_cdrone3_20260822_201250_360_milestone4,milestone4,1787454795.651761532,raw,1,1,0,detected,2.130337,3.525515,0.250940,-0.067439,-0.019399,-0.010453,0.484375,13.773302,262.500,1,0.000000,0.000000,0.000000,0.000000
tracking_cdrone3_20260822_201250_360_milestone4,milestone4,1787454795.675096989,target_map,1,1,0,detected,2.127771,3.525008,0.250821,-0.123940,-0.024500,-0.005759,0.481868,13.773302,262.500,1,0.020702,0.000000,0.157246,0.355175
tracking_cdrone3_20260822_201250_360_milestone4,milestone4,1787454795.774986982,target_map,1,1,0,detected,2.115391,3.522561,0.250246,-0.123940,-0.024500,-0.005759,0.469772,13.773302,262.500,1,0.120590,0.000000,0.192207,0.380148
tracking_cdrone3_20260822_201250_360_milestone4,milestone4,1787454795.859757900,raw,1,1,0,detected,2.148599,3.529222,0.258056,0.087808,0.017822,0.034212,0.478516,13.792050,271.250,0,0.000000,0.000000,0.000000,0.000000
tracking_cdrone3_20260822_201250_360_milestone4,milestone4,1787454795.875060797,target_map,1,1,0,detected,2.148506,3.529207,0.258259,-0.007479,-0.001223,0.016225,0.477018,13.792050,271.250,0,0.012516,0.000000,0.154381,0.353129
tracking_cdrone3_20260822_201250_360_milestone4,milestone4,1787454795.974986315,target_map,1,1,0,detected,2.147758,3.529084,0.259880,-0.007479,-0.001223,0.016225,0.465064,13.792050,271.250,0,0.112442,0.000000,0.189355,0.378110
tracking_cdrone3_20260822_201250_360_milestone4,milestone4,1787454796.075338125,target_map,1,1,0,detected,2.147008,3.528962,0.261509,-0.007479,-0.001223,0.016225,0.453059,13.792050,271.250,0,0.212794,0.000000,0.224478,0.403199
tracking_cdrone3_20260822_201250_360_milestone4,milestone4,1787454796.099508047,raw,1,1,0,detected,2.123230,3.524411,0.246881,-0.105822,-0.020069,-0.046615,0.490479,13.766121,279.000,1,0.000000,0.000000,0.000000,0.000000
tracking_cdrone3_20260822_201250_360_milestone4,milestone4,1787454796.174941540,target_map,1,1,0,detected,2.118771,3.523571,0.245553,-0.061568,-0.011588,-0.018337,0.481598,13.766121,279.000,1,0.072422,0.000000,0.175348,0.368106
tracking_cdrone3_20260822_201250_360_milestone4,milestone4,1787454796.275026798,target_map,1,1,0,detected,2.112609,3.522412,0.243718,-0.061568,-0.011588,-0.018337,0.469326,13.766121,279.000,1,0.172502,0.000000,0.210376,0.393125
tracking_cdrone3_20260822_201250_360_milestone4,milestone4,1787454796.320959806,raw,1,1,0,detected,2.136183,3.522869,0.239645,0.058486,-0.006962,-0.032672,0.483398,13.778318,258.750,0,0.000000,0.000000,0.000000,0.000000
tracking_cdrone3_20260822_201250_360_milestone4,milestone4,1787454796.375013113,target_map,1,1,0,detected,2.136411,3.522405,0.238301,0.004462,-0.009044,-0.026221,0.477205,13.778318,258.750,0,0.051249,0.000000,0.167937,0.362812
tracking_cdrone3_20260822_201250_360_milestone4,milestone4,1787454796.475509405,target_map,1,1,0,detected,2.136858,3.521500,0.235675,0.004462,-0.009044,-0.026221,0.465102,13.778318,258.750,0,0.151399,0.000000,0.202990,0.387850
tracking_cdrone3_20260822_201250_360_milestone4,milestone4,1787454796.522734404,raw,1,1,0,detected,2.163424,3.530285,0.246311,0.134860,0.036714,0.032999,0.488525,13.806593,275.125,0,0.000000,0.000000,0.000000,0.000000
tracking_cdrone3_20260822_201250_360_milestone4,milestone4,1787454796.574994087,target_map,1,1,0,detected,2.167122,3.531068,0.246619,0.076181,0.016123,0.006350,0.482596,13.806593,275.125,0,0.048546,0.000000,0.166991,0.362136
tracking_cdrone3_20260822_201250_360_milestone4,milestone4,1787454796.674872637,target_map,1,1,0,detected,2.174731,3.532678,0.247253,0.076181,0.016123,0.006350,0.470398,13.806593,275.125,0,0.148428,0.000000,0.201950,0.387107
tracking_cdrone3_20260822_201250_360_milestone4,milestone4,1787454796.745648384,raw,1,1,0,detected,2.152984,3.530813,0.251421,-0.046880,0.002372,0.022950,0.472656,13.796592,258.750,0,0.000000,0.000000,0.000000,0.000000
tracking_cdrone3_20260822_201250_360_milestone4,milestone4,1787454796.775513411,target_map,1,1,0,detected,2.153208,3.531039,0.251829,0.008497,0.008560,0.015480,0.469544,13.796592,258.750,0,0.026337,0.000000,0.159218,0.356584
tracking_cdrone3_20260822_201250_360_milestone4,milestone4,1787454796.875081301,target_map,1,1,0,detected,2.154054,3.531891,0.253370,0.008497,0.008560,0.015480,0.457780,13.796592,258.750,0,0.125896,0.000000,0.194063,0.381474
tracking_cdrone3_20260822_201250_360_milestone4,milestone4,1787454796.958738327,raw,1,1,0,detected,2.154374,3.529060,0.260451,0.006524,-0.008229,0.042378,0.494141,13.797662,275.125,0,0.000000,0.000000,0.000000,0.000000
tracking_cdrone3_20260822_201250_360_milestone4,milestone4,1787454796.975967169,target_map,1,1,0,detected,2.154479,3.529050,0.260878,0.007412,-0.000674,0.030274,0.492400,13.797662,275.125,0,0.014091,0.000000,0.154932,0.353523
tracking_cdrone3_20260822_201250_360_milestone4,milestone4,1787454797.074802399,target_map,1,1,0,detected,2.155211,3.528984,0.263870,0.007412,-0.000674,0.030274,0.480191,13.797662,275.125,0,0.112923,0.000000,0.189523,0.378231
tracking_cdrone3_20260822_201250_360_milestone4,milestone4,1787454797.175059795,target_map,1,1,0,detected,2.155954,3.528916,0.266905,0.007412,-0.000674,0.030274,0.467807,13.797662,275.125,0,0.213168,0.000000,0.224609,0.403292
tracking_cdrone3_20260822_201250_360_milestone4,milestone4,1787454797.184605598,raw,1,1,0,detected,2.179920,3.531864,0.257678,0.113108,0.012418,-0.012281,0.479492,13.823150,262.500,0,0.000000,0.000000,0.000000,0.000000
tracking_cdrone3_20260822_201250_360_milestone4,milestone4,1787454797.275257587,target_map,1,1,0,detected,2.185504,3.532420,0.258263,0.065545,0.006526,0.006869,0.469280,13.823150,262.500,0,0.085194,0.000000,0.179818,0.371299
tracking_cdrone3_20260822_201250_360_milestone4,milestone4,1787454797.374946594,target_map,1,1,0,detected,2.192038,3.533071,0.258948,0.065545,0.006526,0.006869,0.457330,13.823150,262.500,0,0.184880,0.000000,0.214708,0.396220
tracking_cdrone3_20260822_201250_360_milestone4,milestone4,1787454797.399881601,raw,1,1,0,detected,2.196617,3.536584,0.258621,0.077563,0.021926,0.004384,0.488525,13.840528,271.250,0,0.000000,0.000000,0.000000,0.000000
tracking_cdrone3_20260822_201250_360_milestone4,milestone4,1787454797.475190639,target_map,1,1,0,detected,2.201887,3.537680,0.259023,0.072155,0.014996,0.005502,0.479605,13.840528,271.250,0,0.073038,0.000000,0.175563,0.368259
tracking_cdrone3_20260822_201250_360_milestone4,milestone4,1787454797.575691223,target_map,1,1,0,detected,2.209139,3.539187,0.259576,0.072155,0.014996,0.005502,0.467331,13.840528,271.250,0,0.173534,0.000000,0.210737,0.393383
tracking_cdrone3_20260822_201250_360_milestone4,milestone4,1787454797.621066570,raw,1,1,0,detected,2.274853,3.554613,0.261866,0.353649,0.081495,0.014666,0.489502,13.920774,271.250,0,0.000000,0.000000,0.000000,0.000000
tracking_cdrone3_20260822_201250_360_milestone4,milestone4,1787454797.676519632,target_map,1,1,0,detected,2.286721,3.557309,0.262417,0.226977,0.051570,0.010542,0.483103,13.920774,271.250,0,0.052288,0.000000,0.168301,0.363072
tracking_cdrone3_20260822_201250_360_milestone4,milestone4,1787454797.775107384,target_map,1,1,0,detected,2.309101,3.562394,0.263457,0.226977,0.051570,0.010542,0.471037,13.920774,271.250,0,0.150888,0.000000,0.202811,0.387722
tracking_cdrone3_20260822_201250_360_milestone4,milestone4,1787454797.859196186,raw,1,1,0,detected,2.200022,3.539120,0.258314,-0.314276,-0.065068,-0.014916,0.500000,13.844330,275.125,1,0.000000,0.000000,0.000000,0.000000
tracking_cdrone3_20260822_201250_360_milestone4,milestone4,1787454797.876457691,target_map,1,1,0,detected,2.199000,3.538938,0.258264,-0.070712,-0.012581,-0.003460,0.498193,13.844330,275.125,1,0.014456,0.000000,0.155060,0.353614
tracking_cdrone3_20260822_201250_360_milestone4,milestone4,1787454797.975055695,target_map,1,1,0,detected,2.192029,3.537698,0.257923,-0.070712,-0.012581,-0.003460,0.485870,13.844330,275.125,1,0.113042,0.000000,0.189565,0.378260
tracking_cdrone3_20260822_201250_360_milestone4,milestone4,1787454798.074980974,target_map,1,1,0,detected,2.184962,3.536441,0.257578,-0.070712,-0.012581,-0.003460,0.473378,13.844330,275.125,1,0.212978,0.000000,0.224542,0.403244
tracking_cdrone3_20260822_201250_360_milestone4,milestone4,1787454798.121538401,raw,1,1,0,detected,2.153652,3.527884,0.250419,-0.176740,-0.042824,-0.030092,0.495117,13.796603,258.750,1,0.000000,0.000000,0.000000,0.000000
tracking_cdrone3_20260822_201250_360_milestone4,milestone4,1787454798.174985409,target_map,1,1,0,detected,2.147241,3.526433,0.249520,-0.129027,-0.029215,-0.018108,0.488966,13.796603,258.750,1,0.049691,0.000000,0.167392,0.362423
tracking_cdrone3_20260822_201250_360_milestone4,milestone4,1787454798.274930716,target_map,1,1,0,detected,2.134345,3.523513,0.247710,-0.129027,-0.029215,-0.018108,0.476595,13.796603,258.750,1,0.149642,0.000000,0.202375,0.387410
tracking_cdrone3_20260822_201250_360_milestone4,milestone4,1787454798.370349646,raw,1,1,0,detected,2.177411,3.531698,0.251306,0.095485,0.015327,0.003562,0.489502,13.820592,262.500,0,0.000000,0.000000,0.000000,0.000000
tracking_cdrone3_20260822_201250_360_milestone4,milestone4,1787454798.374774694,target_map,1,1,0,detected,2.177403,3.531691,0.251297,-0.005546,-0.004717,-0.006189,0.489329,13.820592,262.500,0,0.001413,0.000000,0.150495,0.350353
tracking_cdrone3_20260822_201250_360_milestone4,milestone4,1787454798.474934101,target_map,1,1,0,detected,2.176847,3.531219,0.250677,-0.005546,-0.004717,-0.006189,0.477073,13.820592,262.500,0,0.101563,0.000000,0.185547,0.375391
tracking_cdrone3_20260822_201250_360_milestone4,milestone4,1787454798.574963093,target_map,1,1,0,detected,2.176293,3.530747,0.250058,-0.005546,-0.004717,-0.006189,0.464834,13.820592,262.500,0,0.201578,0.000000,0.220552,0.400394
tracking_cdrone3_20260822_201250_360_milestone4,milestone4,1787454798.603812933,raw,1,1,0,detected,2.132428,3.522194,0.250042,-0.192700,-0.040715,-0.005415,0.492188,13.774657,279.000,1,0.000000,0.000000,0.000000,0.000000
tracking_cdrone3_20260822_201250_360_milestone4,milestone4,1787454798.675108194,target_map,1,1,0,detected,2.125057,3.520528,0.249650,-0.108480,-0.024516,-0.005764,0.483827,13.774657,279.000,1,0.067949,0.000000,0.173782,0.366987
tracking_cdrone3_20260822_201250_360_milestone4,milestone4,1787454798.775064707,target_map,1,1,0,detected,2.114214,3.518077,0.249074,-0.108480,-0.024516,-0.005764,0.471527,13.774657,279.000,1,0.167904,0.000000,0.208766,0.391976
tracking_cdrone3_20260822_201250_360_milestone4,milestone4,1787454798.855938673,raw,1,1,0,detected,2.129265,3.522555,0.257050,-0.012545,0.001433,0.027796,0.486328,13.771697,262.500,0,0.000000,0.000000,0.000000,0.000000
tracking_cdrone3_20260822_201250_360_milestone4,milestone4,1787454798.880122662,target_map,1,1,0,detected,2.128091,3.522339,0.257318,-0.055716,-0.010244,0.012694,0.483766,13.771697,262.500,0,0.021073,0.000000,0.157375,0.355268
tracking_cdrone3_20260822_201250_360_milestone4,milestone4,1787454798.975174904,target_map,1,1,0,detected,2.122796,3.521365,0.258524,-0.055716,-0.010244,0.012694,0.472211,13.771697,262.500,0,0.116115,0.000000,0.190640,0.379029
tracking_cdrone3_20260822_201250_360_milestone4,milestone4,1787454799.075037718,target_map,1,1,0,detected,2.117232,3.520342,0.259792,-0.055716,-0.010244,0.012694,0.460069,13.771697,262.500,0,0.215981,0.000000,0.225593,0.403995
tracking_cdrone3_20260822_201250_360_milestone4,milestone4,1787454799.094366074,raw,1,1,0,detected,2.171277,3.532731,0.247641,0.176218,0.042682,-0.039464,0.496094,13.814777,275.125,0,0.000000,0.000000,0.000000,0.000000
tracking_cdrone3_20260822_201250_360_milestone4,milestone4,1787454799.175049305,target_map,1,1,0,detected,2.176866,3.534198,0.246397,0.071848,0.018865,-0.015993,0.486446,13.814777,275.125,0,0.077790,0.000000,0.177226,0.369447
tracking_cdrone3_20260822_201250_360_milestone4,milestone4,1787454799.274955273,target_map,1,1,0,detected,2.184045,3.536083,0.244799,0.071848,0.018865,-0.015993,0.474055,13.814777,275.125,0,0.177700,0.000000,0.212195,0.394425
tracking_cdrone3_20260822_201250_360_milestone4,milestone4,1787454799.319864035,raw,1,1,0,detected,2.156549,3.530312,0.252813,-0.065315,-0.010728,0.022934,0.483398,13.799943,262.500,1,0.000000,0.000000,0.000000,0.000000
tracking_cdrone3_20260822_201250_360_milestone4,milestone4,1787454799.375010252,target_map,1,1,0,detected,2.156361,3.530447,0.253096,-0.003592,0.002589,0.005417,0.477075,13.799943,262.500,1,0.052323,0.000000,0.168313,0.363081
tracking_cdrone3_20260822_201250_360_milestone4,milestone4,1787454799.474950790,target_map,1,1,0,detected,2.156002,3.530706,0.253638,-0.003592,0.002589,0.005417,0.464997,13.799943,262.500,1,0.152269,0.000000,0.203294,0.388067
tracking_cdrone3_20260822_201250_360_milestone4,milestone4,1787454799.555971384,raw,1,1,0,detected,2.165768,3.528642,0.253500,0.039052,-0.007069,0.002908,0.482178,13.808596,288.000,0,0.000000,0.000000,0.000000,0.000000
tracking_cdrone3_20260822_201250_360_milestone4,milestone4,1787454799.578352690,target_map,1,1,0,detected,2.166158,3.528589,0.253579,0.019862,-0.002723,0.004037,0.479812,13.808596,288.000,0,0.019625,0.000000,0.156869,0.354906
tracking_cdrone3_20260822_201250_360_milestone4,milestone4,1787454799.676183939,target_map,1,1,0,detected,2.168101,3.528322,0.253974,0.019862,-0.002723,0.004037,0.468019,13.808596,288.000,0,0.117456,0.000000,0.191110,0.379364
tracking_cdrone3_20260822_201250_360_milestone4,milestone4,1787454799.776464701,target_map,1,1,0,detected,2.170093,3.528049,0.254379,0.019862,-0.002723,0.004037,0.455932,13.808596,288.000,0,0.217723,0.000000,0.226203,0.404431
tracking_cdrone3_20260822_201250_360_milestone4,milestone4,1787454799.784198999,raw,1,1,0,detected,2.167668,3.534652,0.256664,0.008322,0.026333,0.013863,0.477539,13.811802,271.250,0,0.000000,0.000000,0.000000,0.000000
tracking_cdrone3_20260822_201250_360_milestone4,milestone4,1787454799.874966621,target_map,1,1,0,detected,2.168711,3.535676,0.257393,0.013515,0.013258,0.009442,0.468320,13.811802,271.250,0,0.077217,0.000000,0.177026,0.369304
tracking_cdrone3_20260822_201250_360_milestone4,milestone4,1787454799.975047112,target_map,1,1,0,detected,2.170064,3.537003,0.258338,0.013515,0.013258,0.009442,0.456374,13.811802,271.250,0,0.177288,0.000000,0.212051,0.394322
tracking_cdrone3_20260822_201250_360_milestone4,milestone4,1787454800.003219604,raw,1,1,0,detected,2.161836,3.530453,0.253960,-0.026628,-0.019176,-0.012344,0.491455,13.805140,262.500,0,0.000000,0.000000,0.000000,0.000000
tracking_cdrone3_20260822_201250_360_milestone4,milestone4,1787454800.075767517,target_map,1,1,0,detected,2.161240,3.530134,0.253783,-0.008563,-0.004581,-0.002541,0.482910,13.805140,262.500,0,0.069547,0.000000,0.174342,0.367387
tracking_cdrone3_20260822_201250_360_milestone4,milestone4,1787454800.175278187,target_map,1,1,0,detected,2.160388,3.529678,0.253531,-0.008563,-0.004581,-0.002541,0.470687,13.805140,262.500,0,0.169036,0.000000,0.209163,0.392259
tracking_cdrone3_20260822_201250_360_milestone4,milestone4,1787454800.210766077,raw,1,1,0,detected,2.241839,3.545944,0.261431,0.385475,0.074641,0.035996,0.500000,13.886680,275.125,0,0.000000,0.000000,0.000000,0.000000
tracking_cdrone3_20260822_201250_360_milestone4,milestone4,1787454800.275002241,target_map,1,1,0,detected,2.253374,3.548105,0.262464,0.208158,0.038991,0.018654,0.493073,13.886680,275.125,0,0.055414,0.000000,0.169395,0.363854
tracking_cdrone3_20260822_201250_360_milestone4,milestone4,1787454800.375056982,target_map,1,1,0,detected,2.274199,3.552006,0.264331,0.208158,0.038991,0.018654,0.480567,13.886680,275.125,0,0.155461,0.000000,0.204411,0.388865
tracking_cdrone3_20260822_201250_360_milestone4,milestone4,1787454800.427474022,raw,1,1,0,detected,2.207567,3.537346,0.257926,-0.158136,-0.039674,-0.016172,0.501953,13.851354,275.125,1,0.000000,0.000000,0.000000,0.000000
tracking_cdrone3_20260822_201250_360_milestone4,milestone4,1787454800.474835873,target_map,1,1,0,detected,2.207733,3.537240,0.257913,0.006696,-0.004274,-0.000500,0.498845,13.851354,275.125,1,0.024767,0.000000,0.158669,0.356192
tracking_cdrone3_20260822_201250_360_milestone4,milestone4,1787454800.574863195,target_map,1,1,0,detected,2.208403,3.536812,0.257863,0.006696,-0.004274,-0.000500,0.486293,13.851354,275.125,1,0.124790,0.000000,0.193676,0.381197
tracking_cdrone3_20260822_201250_360_milestone4,milestone4,1787454800.674969673,target_map,1,1,0,detected,2.209073,3.536384,0.257813,0.006696,-0.004274,-0.000500,0.473732,13.851354,275.125,1,0.224892,0.000000,0.228712,0.406223
tracking_cdrone3_20260822_201250_360_milestone4,milestone4,1787454800.708313942,raw,1,1,0,detected,2.206834,3.541147,0.253170,-0.002611,0.013538,-0.016934,0.480225,13.851406,271.250,0,0.000000,0.000000,0.000000,0.000000
tracking_cdrone3_20260822_201250_360_milestone4,milestone4,1787454800.774865389,target_map,1,1,0,detected,2.206935,3.541501,0.252559,0.001577,0.005522,-0.009539,0.472531,13.851406,271.250,0,0.064086,0.000000,0.172430,0.366021
tracking_cdrone3_20260822_201250_360_milestone4,milestone4,1787454800.875032663,target_map,1,1,0,detected,2.207093,3.542055,0.251604,0.001577,0.005522,-0.009539,0.460505,13.851406,271.250,0,0.164254,0.000000,0.207489,0.391063
tracking_cdrone3_20260822_201250_360_milestone4,milestone4,1787454800.965145826,raw,1,1,0,detected,2.215754,3.542735,0.259113,0.034733,0.006181,0.023137,0.492188,13.860512,279.000,0,0.000000,0.000000,0.000000,0.000000
tracking_cdrone3_20260822_201250_360_milestone4,milestone4,1787454800.974737406,target_map,1,1,0,detected,2.215880,3.542772,0.259166,0.019813,0.005885,0.008433,0.491409,13.860512,279.000,0,0.006328,0.000000,0.152215,0.351582
tracking_cdrone3_20260822_201250_360_milestone4,milestone4,1787454801.074974060,target_map,1,1,0,detected,2.217865,3.543362,0.260011,0.019813,0.005885,0.008433,0.479076,13.860512,279.000,0,0.106556,0.000000,0.187295,0.376639
tracking_cdrone3_20260822_201250_360_milestone4,milestone4,1787454801.175068378,target_map,1,1,0,detected,2.219848,3.543951,0.260855,0.019813,0.005885,0.008433,0.466761,13.860512,279.000,0,0.206639,0.000000,0.222324,0.401660
tracking_cdrone3_20260822_201250_360_milestone4,milestone4,1787454801.207396030,raw,1,1,0,detected,2.249327,3.550736,0.258252,0.138581,0.033024,-0.003552,0.475830,13.894995,270.000,0,0.000000,0.000000,0.000000,0.000000
tracking_cdrone3_20260822_201250_360_milestone4,milestone4,1787454801.274836063,target_map,1,1,0,detected,2.254670,3.552042,0.258368,0.085136,0.020812,0.001841,0.468365,13.894995,270.000,0,0.062750,0.000000,0.171963,0.365688
tracking_cdrone3_20260822_201250_360_milestone4,milestone4,1787454801.374899149,target_map,1,1,0,detected,2.263187,3.554124,0.258552,0.085136,0.020812,0.001841,0.456464,13.894995,270.000,0,0.162795,0.000000,0.206978,0.390699
tracking_cdrone3_20260822_201250_360_milestone4,milestone4,1787454801.455679655,raw,1,1,0,detected,2.230425,3.549235,0.255533,-0.076137,-0.006046,-0.010953,0.494141,13.876199,271.250,1,0.000000,0.000000,0.000000,0.000000
tracking_cdrone3_20260822_201250_360_milestone4,milestone4,1787454801.475028515,target_map,1,1,0,detected,2.230370,3.549329,0.255452,-0.003564,0.006040,-0.005196,0.492218,13.876199,271.250,1,0.015562,0.000000,0.155447,0.353890
tracking_cdrone3_20260822_201250_360_milestone4,milestone4,1787454801.575223923,target_map,1,1,0,detected,2.230013,3.549934,0.254932,-0.003564,0.006040,-0.005196,0.479841,13.876199,271.250,1,0.115753,0.000000,0.190513,0.378938
tracking_cdrone3_20260822_201250_360_milestone4,milestone4,1787454801.675323963,target_map,1,1,0,detected,2.229656,3.550539,0.254411,-0.003564,0.006040,-0.005196,0.467476,13.876199,271.250,1,0.215850,0.000000,0.225548,0.403963
tracking_cdrone3_20260822_201250_360_milestone4,milestone4,1787454801.730229139,raw,1,1,0,detected,2.234884,3.545792,0.250629,0.016238,-0.012538,-0.017861,0.476807,13.879766,275.125,0,0.000000,0.000000,0.000000,0.000000
tracking_cdrone3_20260822_201250_360_milestone4,milestone4,1787454801.775000572,target_map,1,1,0,detected,2.235190,3.545617,0.250120,0.007327,-0.004178,-0.012161,0.471818,13.879766,275.125,0,0.041852,0.000000,0.164648,0.360463
tracking_cdrone3_20260822_201250_360_milestone4,milestone4,1787454801.874827385,target_map,1,1,0,detected,2.235922,3.545200,0.248906,0.007327,-0.004178,-0.012161,0.459917,13.879766,275.125,0,0.141686,0.000000,0.199590,0.385421
tracking_cdrone3_20260822_201250_360_milestone4,milestone4,1787454801.975221872,target_map,1,1,0,detected,2.236657,3.544781,0.247685,0.007327,-0.004178,-0.012161,0.447952,13.879766,275.125,0,0.242069,0.000000,0.234724,0.410517
tracking_cdrone3_20260822_201250_360_milestone4,milestone4,1787454801.997436762,raw,1,1,0,detected,2.242295,3.547569,0.254941,0.027739,0.006650,0.016140,0.499023,13.887418,262.500,0,0.000000,0.000000,0.000000,0.000000
tracking_cdrone3_20260822_201250_360_milestone4,milestone4,1787454802.074954748,target_map,1,1,0,detected,2.243690,3.547703,0.255197,0.018554,0.001778,0.003404,0.489641,13.887418,262.500,0,0.075203,0.000000,0.176321,0.368801
tracking_cdrone3_20260822_201250_360_milestone4,milestone4,1787454802.175227165,target_map,1,1,0,detected,2.245550,3.547881,0.255538,0.018554,0.001778,0.003404,0.477134,13.887418,262.500,0,0.175458,0.000000,0.211410,0.393865
tracking_cdrone3_20260822_201250_360_milestone4,milestone4,1787454802.223734617,raw,1,1,0,detected,2.247497,3.548333,0.252777,0.022988,0.003376,-0.009564,0.486328,13.892647,262.500,0,0.000000,0.000000,0.000000,0.000000
tracking_cdrone3_20260822_201250_360_milestone4,milestone4,1787454802.275059223,target_map,1,1,0,detected,2.248516,3.548462,0.252596,0.020992,0.002656,-0.003728,0.480429,13.892647,262.500,0,0.048523,0.000000,0.166983,0.362131
tracking_cdrone3_20260822_201250_360_milestone4,milestone4,1787454802.375216007,target_map,1,1,0,detected,2.250618,3.548728,0.252223,0.020992,0.002656,-0.003728,0.468256,13.892647,262.500,0,0.148645,0.000000,0.202026,0.387161
tracking_cdrone3_20260822_201250_360_milestone4,milestone4,1787454802.450660467,raw,1,1,0,detected,2.240219,3.550678,0.254394,-0.032073,0.010333,0.007125,0.495117,13.886052,266.250,0,0.000000,0.000000,0.000000,0.000000
tracking_cdrone3_20260822_201250_360_milestone4,milestone4,1787454802.475019693,target_map,1,1,0,detected,2.240042,3.550826,0.254442,-0.008194,0.006878,0.002241,0.492452,13.886052,266.250,0,0.021533,0.000000,0.157537,0.355383
tracking_cdrone3_20260822_201250_360_milestone4,milestone4,1787454802.577425957,target_map,1,1,0,detected,2.239203,3.551530,0.254671,-0.008194,0.006878,0.002241,0.479776,13.886052,266.250,0,0.123941,0.000000,0.193379,0.380985
tracking_cdrone3_20260822_201250_360_milestone4,milestone4,1787454802.674796343,target_map,1,1,0,detected,2.238405,3.552200,0.254890,-0.008194,0.006878,0.002241,0.467723,13.886052,266.250,0,0.221318,0.000000,0.227461,0.405330
tracking_cdrone3_20260822_201250_360_milestone4,milestone4,1787454802.676235676,raw,1,1,0,detected,2.227659,3.540654,0.251231,-0.055679,-0.044438,-0.014021,0.500977,13.871633,275.125,1,0.000000,0.000000,0.000000,0.000000
tracking_cdrone3_20260822_201250_360_milestone4,milestone4,1787454802.775093794,target_map,1,1,0,detected,2.224586,3.538742,0.250630,-0.034311,-0.021345,-0.006703,0.489757,13.871633,275.125,1,0.089578,0.000000,0.181352,0.372395
tracking_cdrone3_20260822_201250_360_milestone4,milestone4,1787454802.874840498,target_map,1,1,0,detected,2.221163,3.536613,0.249962,-0.034311,-0.021345,-0.006703,0.477264,13.871633,275.125,1,0.189328,0.000000,0.216265,0.397332
tracking_cdrone3_20260822_201250_360_milestone4,milestone4,1787454802.912460327,raw,1,1,0,detected,2.185699,3.535277,0.253469,-0.177631,-0.022763,0.009474,0.509766,13.829500,275.125,1,0.000000,0.000000,0.000000,0.000000
tracking_cdrone3_20260822_201250_360_milestone4,milestone4,1787454802.976575851,target_map,1,1,0,detected,2.178776,3.533923,0.253603,-0.113137,-0.022125,0.002194,0.501967,13.829500,275.125,1,0.061192,0.000000,0.171417,0.365298
tracking_cdrone3_20260822_201250_360_milestone4,milestone4,1787454803.075371981,target_map,1,1,0,detected,2.167598,3.531737,0.253820,-0.113137,-0.022125,0.002194,0.489376,13.829500,275.125,1,0.159993,0.000000,0.205998,0.389998
tracking_cdrone3_20260822_201250_360_milestone4,milestone4,1787454803.174458027,raw,1,1,0,detected,2.200868,3.538346,0.253214,0.057895,0.011715,-0.000971,0.486328,13.844973,271.250,0,0.000000,0.000000,0.000000,0.000000
tracking_cdrone3_20260822_201250_360_milestone4,milestone4,1787454803.174676418,target_map,1,1,2,predicted,2.156363,3.529540,0.254038,-0.113137,-0.022125,0.002194,0.476720,13.829500,275.125,1,0.259299,0.259299,0.240755,0.414825
tracking_cdrone3_20260822_201250_360_milestone4,milestone4,1787454803.274970770,target_map,1,1,0,detected,2.199028,3.538007,0.253258,-0.019069,-0.003513,0.000453,0.474598,13.844973,271.250,0,0.096480,0.000000,0.183768,0.374120
tracking_cdrone3_20260822_201250_360_milestone4,milestone4,1787454803.375009060,target_map,1,1,0,detected,2.197121,3.537656,0.253303,-0.019069,-0.003513,0.000453,0.462435,13.844973,271.250,0,0.196516,0.000000,0.218781,0.399129
tracking_cdrone3_20260822_201250_360_milestone4,milestone4,1787454803.407988071,raw,1,1,0,detected,2.155353,3.527335,0.250251,-0.194899,-0.047152,-0.012688,0.487549,13.798088,262.500,1,0.000000,0.000000,0.000000,0.000000
tracking_cdrone3_20260822_201250_360_milestone4,milestone4,1787454803.474848986,target_map,1,1,0,detected,2.148029,3.525594,0.249823,-0.115775,-0.027514,-0.006774,0.479838,13.798088,262.500,1,0.063261,0.000000,0.172141,0.365815
tracking_cdrone3_20260822_201250_360_milestone4,milestone4,1787454803.575519800,target_map,1,1,0,detected,2.136376,3.522825,0.249141,-0.115775,-0.027514,-0.006774,0.467570,13.798088,262.500,1,0.163911,0.000000,0.207369,0.390978
tracking_cdrone3_20260822_201250_360_milestone4,milestone4,1787454803.650695562,raw,1,1,0,detected,2.179654,3.535150,0.255896,0.100111,0.032195,0.023254,0.490479,13.823565,275.125,0,0.000000,0.000000,0.000000,0.000000
tracking_cdrone3_20260822_201250_360_milestone4,milestone4,1787454803.674682379,target_map,1,1,0,detected,2.179716,3.535260,0.256097,0.002962,0.005326,0.009741,0.487945,13.823565,275.125,0,0.020659,0.000000,0.157231,0.355165
tracking_cdrone3_20260822_201250_360_milestone4,milestone4,1787454803.774927378,target_map,1,1,0,detected,2.180012,3.535794,0.257074,0.002962,0.005326,0.009741,0.475654,13.823565,275.125,0,0.120898,0.000000,0.192314,0.380225
tracking_cdrone3_20260822_201250_360_milestone4,milestone4,1787454803.875251293,raw,1,1,0,detected,2.150892,3.532117,0.245808,-0.128111,-0.013509,-0.044932,0.499023,13.794737,279.000,1,0.000000,0.000000,0.000000,0.000000
tracking_cdrone3_20260822_201250_360_milestone4,milestone4,1787454803.878789663,target_map,1,1,0,detected,2.180320,3.536347,0.258086,0.002962,0.005326,0.009741,0.462918,13.823565,275.125,0,0.224764,0.000000,0.228667,0.406191
tracking_cdrone3_20260822_201250_360_milestone4,milestone4,1787454803.974957228,target_map,1,1,0,detected,2.144438,3.531647,0.243910,-0.069128,-0.005033,-0.020329,0.487375,13.794737,279.000,1,0.093366,0.000000,0.182678,0.373342
tracking_cdrone3_20260822_201250_360_milestone4,milestone4,1787454804.074934006,target_map,1,1,0,detected,2.137527,3.531144,0.241878,-0.069128,-0.005033,-0.020329,0.474904,13.794737,279.000,1,0.193332,0.000000,0.217666,0.398333
tracking_cdrone3_20260822_201250_360_milestone4,milestone4,1787454804.115275383,raw,1,1,0,detected,2.159646,3.540470,0.266731,0.036469,0.034798,0.087157,0.489502,13.805282,279.000,0,0.000000,0.000000,0.000000,0.000000
tracking_cdrone3_20260822_201250_360_milestone4,milestone4,1787454804.175033808,target_map,1,1,0,detected,2.159024,3.541420,0.268914,-0.011049,0.016874,0.038788,0.482613,13.805282,279.000,0,0.056294,0.000000,0.169703,0.364074
tracking_cdrone3_20260822_201250_360_milestone4,milestone4,1787454804.275637150,target_map,1,1,0,detected,2.157913,3.543118,0.272816,-0.011049,0.016874,0.038788,0.470303,13.805282,279.000,0,0.156886,0.000000,0.204910,0.389222
tracking_cdrone3_20260822_201250_360_milestone4,milestone4,1787454804.347336054,raw,1,1,0,detected,2.104137,3.515338,0.273352,-0.239229,-0.108310,0.028534,0.505859,13.745638,292.000,1,0.000000,0.000000,0.000000,0.000000
tracking_cdrone3_20260822_201250_360_milestone4,milestone4,1787454804.374905586,target_map,1,1,0,detected,2.100748,3.514048,0.274174,-0.136548,-0.051978,0.033148,0.502721,13.745638,292.000,1,0.024820,0.000000,0.158687,0.356205
tracking_cdrone3_20260822_201250_360_milestone4,milestone4,1787454804.476787806,target_map,1,1,0,detected,2.086836,3.508753,0.277552,-0.136548,-0.051978,0.033148,0.489837,13.745638,292.000,1,0.126698,0.000000,0.194344,0.381675
tracking_cdrone3_20260822_201250_360_milestone4,milestone4,1787454804.575116634,target_map,1,1,0,detected,2.073411,3.503643,0.280811,-0.136548,-0.051978,0.033148,0.477403,13.745638,292.000,1,0.225016,0.000000,0.228756,0.406254
tracking_cdrone3_20260822_201250_360_milestone4,milestone4,1787454804.600978851,raw,1,1,0,detected,2.130175,3.518212,0.256728,0.102658,0.011329,-0.065540,0.491455,13.771608,279.000,0,0.000000,0.000000,0.000000,0.000000
tracking_cdrone3_20260822_201250_360_milestone4,milestone4,1787454804.675183058,target_map,1,1,0,detected,2.129820,3.516988,0.255220,-0.004985,-0.017159,-0.021130,0.482690,13.771608,279.000,0,0.071343,0.000000,0.174970,0.367836
tracking_cdrone3_20260822_201250_360_milestone4,milestone4,1787454804.775603056,target_map,1,1,0,detected,2.129319,3.515263,0.253097,-0.004985,-0.017159,-0.021130,0.470340,13.771608,279.000,0,0.171856,0.000000,0.210150,0.392964
tracking_cdrone3_20260822_201250_360_milestone4,milestone4,1787454804.831370592,raw,1,1,0,detected,2.059471,3.502402,0.258929,-0.306887,-0.068622,0.009554,0.478516,13.699149,279.000,1,0.000000,0.000000,0.000000,0.000000
tracking_cdrone3_20260822_201250_360_milestone4,milestone4,1787454804.875284433,target_map,1,1,0,detected,2.053011,3.500685,0.258768,-0.171031,-0.045463,-0.004254,0.473997,13.699149,279.000,1,0.037771,0.000000,0.163220,0.359443
tracking_cdrone3_20260822_201250_360_milestone4,milestone4,1787454804.974948168,target_map,1,1,0,detected,2.035970,3.496155,0.258345,-0.171031,-0.045463,-0.004254,0.462078,13.699149,279.000,1,0.137409,0.000000,0.198093,0.384352
tracking_cdrone3_20260822_201250_360_milestone4,milestone4,1787454805.062782049,raw,1,1,0,detected,2.087959,3.516882,0.261791,0.123107,0.062576,0.012367,0.462158,13.730125,262.500,0,0.000000,0.000000,0.000000,0.000000
tracking_cdrone3_20260822_201250_360_milestone4,milestone4,1787454805.075024366,target_map,1,1,0,detected,2.087887,3.516991,0.261829,-0.009255,0.013958,0.004888,0.461256,13.730125,262.500,0,0.007813,0.000000,0.152734,0.351953
tracking_cdrone3_20260822_201250_360_milestone4,milestone4,1787454805.174649477,target_map,1,1,0,detected,2.086964,3.518382,0.262316,-0.009255,0.013958,0.004888,0.449745,13.730125,262.500,0,0.107441,0.000000,0.187604,0.376860
tracking_cdrone3_20260822_201250_360_milestone4,milestone4,1787454805.274868965,target_map,1,1,0,detected,2.086037,3.519781,0.262806,-0.009255,0.013958,0.004888,0.438165,13.730125,262.500,0,0.207658,0.000000,0.222680,0.401915
tracking_cdrone3_20260822_201250_360_milestone4,milestone4,1787454805.323242188,raw,1,1,0,detected,2.157080,3.522058,0.254009,0.265380,0.019868,-0.029879,0.541016,13.798747,324.000,0,0.000000,0.000000,0.000000,0.000000
tracking_cdrone3_20260822_201250_360_milestone4,milestone4,1787454805.374802351,target_map,1,1,0,detected,2.163892,3.522884,0.253325,0.141794,0.017209,-0.014234,0.534519,13.798747,324.000,0,0.048036,0.000000,0.166813,0.362009
tracking_cdrone3_20260822_201250_360_milestone4,milestone4,1787454805.474962234,target_map,1,1,0,detected,2.178093,3.524608,0.251899,0.141794,0.017209,-0.014234,0.520972,13.798747,324.000,0,0.148193,0.000000,0.201867,0.387048
tracking_cdrone3_20260822_201250_360_milestone4,milestone4,1787454805.551007032,raw,1,1,0,detected,1.559761,3.407534,0.251913,-2.622441,-0.502799,-0.009201,0.505859,13.190677,319.500,1,0.000000,0.000000,0.000000,0.000000
tracking_cdrone3_20260822_201250_360_milestone4,milestone4,1787454805.551007032,raw,4,4,0,detected,0.421406,-2.620140,0.307972,0.000000,0.000000,0.000000,0.436035,12.164730,360.000,0,0.000000,0.000000,0.000000,0.000000
tracking_cdrone3_20260822_201250_360_milestone4,milestone4,1787454805.577161789,target_map,1,1,0,detected,1.529567,3.401646,0.251662,-1.378535,-0.268796,-0.011466,0.503089,13.190677,319.500,1,0.021903,0.000000,0.157666,0.355476
tracking_cdrone3_20260822_201250_360_milestone4,milestone4,1787454805.577161789,target_map,3,4,0,detected,0.421406,-2.620140,0.307972,0.000000,0.000000,0.000000,0.433648,12.164730,360.000,0,0.021903,0.000000,0.157666,0.355476
tracking_cdrone3_20260822_201250_360_milestone4,milestone4,1787454805.674982786,target_map,1,1,0,detected,1.394710,3.375351,0.250540,-1.378535,-0.268796,-0.011466,0.490718,13.190677,319.500,1,0.119729,0.000000,0.191905,0.379932
tracking_cdrone3_20260822_201250_360_milestone4,milestone4,1787454805.674982786,target_map,3,4,0,detected,0.421406,-2.620140,0.307972,0.000000,0.000000,0.000000,0.422984,12.164730,360.000,0,0.119729,0.000000,0.191905,0.379932
tracking_cdrone3_20260822_201250_360_milestone4,milestone4,1787454805.775653839,target_map,1,1,0,detected,1.255926,3.348290,0.249385,-1.378535,-0.268796,-0.011466,0.477986,13.190677,319.500,1,0.220404,0.000000,0.227141,0.405101
tracking_cdrone3_20260822_201250_360_milestone4,milestone4,1787454805.775653839,target_map,3,4,0,detected,0.421406,-2.620140,0.307972,0.000000,0.000000,0.000000,0.412009,12.164730,360.000,0,0.220404,0.000000,0.227141,0.405101
tracking_cdrone3_20260822_201250_360_milestone4,milestone4,1787454805.786713839,raw,1,1,0,detected,2.482515,3.601991,0.257055,3.915112,0.825055,0.021817,0.499023,14.133674,324.000,0,0.000000,0.000000,0.000000,0.000000
tracking_cdrone3_20260822_201250_360_milestone4,milestone4,1787454805.786713839,raw,4,4,0,detected,1.446841,-2.909776,0.277162,4.350772,-1.228882,-0.130723,0.436035,13.229736,360.000,0,0.000000,0.000000,0.000000,0.000000
tracking_cdrone3_20260822_201250_360_milestone4,milestone4,1787454805.875020027,target_map,1,1,0,detected,2.613343,3.630395,0.257638,1.532971,0.332822,0.006839,0.488376,14.133674,324.000,0,0.085343,0.000000,0.179870,0.371336
tracking_cdrone3_20260822_201250_360_milestone4,milestone4,1787454805.875020027,target_map,3,4,0,detected,1.651060,-2.967458,0.271026,2.392925,-0.675885,-0.071898,0.426732,13.229736,360.000,0,0.085343,0.000000,0.179870,0.371336
tracking_cdrone3_20260822_201250_360_milestone4,milestone4,1787454805.975646973,target_map,1,1,0,detected,2.767601,3.663886,0.258327,1.532971,0.332822,0.006839,0.475823,14.133674,324.000,0,0.185969,0.000000,0.215089,0.396492
tracking_cdrone3_20260822_201250_360_milestone4,milestone4,1787454805.975646973,target_map,3,4,0,detected,1.891852,-3.035470,0.263791,2.392925,-0.675885,-0.071898,0.415763,13.229736,360.000,0,0.185969,0.000000,0.215089,0.396492
tracking_cdrone3_20260822_201250_360_milestone4,milestone4,1787454806.011772156,raw,1,1,0,detected,2.117457,3.542908,0.218465,-1.621872,-0.262494,-0.171443,0.531250,13.764219,280.000,1,0.000000,0.000000,0.000000,0.000000
tracking_cdrone3_20260822_201250_360_milestone4,milestone4,1787454806.011772156,raw,4,4,0,detected,1.076109,-2.786893,0.254732,-1.647082,0.545940,-0.099651,0.436035,12.839561,360.000,1,0.000000,0.000000,0.000000,0.000000
tracking_cdrone3_20260822_201250_360_milestone4,milestone4,1787454806.074950218,target_map,1,1,0,detected,2.105466,3.543228,0.213056,-0.202193,0.005398,-0.091216,0.523374,13.764219,280.000,1,0.059303,0.000000,0.170756,0.364826
tracking_cdrone3_20260822_201250_360_milestone4,milestone4,1787454806.074950218,target_map,3,4,0,detected,1.086245,-2.787123,0.249563,0.170921,-0.003881,-0.087162,0.429571,12.839561,360.000,1,0.059303,0.000000,0.170756,0.364826
tracking_cdrone3_20260822_201250_360_milestone4,milestone4,1787454806.174900770,target_map,1,1,0,detected,2.085258,3.543768,0.203939,-0.202193,0.005398,-0.091216,0.510100,13.764219,280.000,1,0.159250,0.000000,0.205737,0.389812
tracking_cdrone3_20260822_201250_360_milestone4,milestone4,1787454806.174900770,target_map,3,4,0,detected,1.103328,-2.787511,0.240851,0.170921,-0.003881,-0.087162,0.418676,12.839561,360.000,1,0.159250,0.000000,0.205737,0.389812
tracking_cdrone3_20260822_201250_360_milestone4,milestone4,1787454806.263611317,raw,1,1,0,detected,2.189265,3.536263,0.240541,0.285163,-0.026389,0.087668,0.515625,13.833066,271.250,0,0.000000,0.000000,0.000000,0.000000
tracking_cdrone3_20260822_201250_360_milestone4,milestone4,1787454806.275060654,target_map,1,1,0,detected,2.189881,3.536150,0.240608,0.065853,-0.012085,0.007170,0.514420,13.833066,271.250,0,0.009348,0.000000,0.153272,0.352337
tracking_cdrone3_20260822_201250_360_milestone4,milestone4,1787454806.275060654,target_map,3,4,2,predicted,1.120448,-2.787900,0.232121,0.170921,-0.003881,-0.087162,0.407757,12.839561,360.000,1,0.259412,0.259412,0.240794,0.414853
tracking_cdrone3_20260822_201250_360_milestone4,milestone4,1787454806.374778509,target_map,1,1,0,detected,2.196445,3.534945,0.241323,0.065853,-0.012085,0.007170,0.501571,13.833066,271.250,0,0.109029,0.000000,0.188160,0.377257
tracking_cdrone3_20260822_201250_360_milestone4,milestone4,1787454806.374778509,target_map,3,4,2,predicted,1.137485,-2.788287,0.223433,0.170921,-0.003881,-0.087162,0.396891,12.839561,360.000,1,0.359093,0.359093,0.275682,0.439773
tracking_cdrone3_20260822_201250_360_milestone4,milestone4,1787454806.474973202,target_map,1,1,0,detected,2.203045,3.533734,0.242042,0.065853,-0.012085,0.007170,0.488651,13.833066,271.250,0,0.209252,0.000000,0.223238,0.402313
tracking_cdrone3_20260822_201250_360_milestone4,milestone4,1787454806.474973202,target_map,3,4,2,predicted,1.154616,-2.788676,0.214697,0.170921,-0.003881,-0.087162,0.385966,12.839561,360.000,1,0.459316,0.459316,0.310761,0.464829
tracking_cdrone3_20260822_201250_360_milestone4,milestone4,1787454806.493136883,raw,1,1,0,detected,2.957718,3.695895,0.249816,3.310593,0.687718,0.039957,0.532227,14.618039,279.000,0,0.000000,0.000000,0.000000,0.000000
tracking_cdrone3_20260822_201250_360_milestone4,milestone4,1787454806.574910164,target_map,1,1,0,detected,3.085547,3.721649,0.251557,1.850460,0.372807,0.025203,0.523035,14.618039,279.000,0,0.069080,0.000000,0.174178,0.367270
tracking_cdrone3_20260822_201250_360_milestone4,milestone4,1787454806.574910164,target_map,3,4,2,predicted,1.171698,-2.789064,0.205986,0.170921,-0.003881,-0.087162,0.375071,12.839561,360.000,1,0.559262,0.559262,0.345742,0.489816
tracking_cdrone3_20260822_201250_360_milestone4,milestone4,1787454806.675037384,target_map,1,1,0,detected,3.270822,3.758976,0.254081,1.850460,0.372807,0.025203,0.509713,14.618039,279.000,0,0.169204,0.000000,0.209221,0.392301
tracking_cdrone3_20260822_201250_360_milestone4,milestone4,1787454806.675037384,target_map,3,4,2,predicted,1.188812,-2.789453,0.197259,0.170921,-0.003881,-0.087162,0.364156,12.839561,360.000,1,0.659386,0.659386,0.380785,0.514847
tracking_cdrone3_20260822_201250_360_milestone4,milestone4,1787454806.712734699,raw,1,1,0,detected,2.513627,3.591694,0.217938,-2.046426,-0.480173,-0.146899,0.547363,14.161634,316.000,1,0.000000,0.000000,0.000000,0.000000
tracking_cdrone3_20260822_201250_360_milestone4,milestone4,1787454806.775105238,target_map,1,1,0,detected,2.496115,3.585933,0.213784,-0.292827,-0.096332,-0.069453,0.539180,14.161634,316.000,1,0.059803,0.000000,0.170931,0.364951
tracking_cdrone3_20260822_201250_360_milestone4,milestone4,1787454806.775105238,target_map,3,4,2,predicted,1.205917,-2.789841,0.188535,0.170921,-0.003881,-0.087162,0.353247,12.839561,360.000,1,0.759465,0.759465,0.415813,0.539866
tracking_cdrone3_20260822_201250_360_milestone4,milestone4,1787454806.875524282,target_map,1,1,0,detected,2.466714,3.576261,0.206811,-0.292827,-0.096332,-0.069453,0.525440,14.161634,316.000,1,0.160207,0.000000,0.206073,0.390052
tracking_cdrone3_20260822_201250_360_milestone4,milestone4,1787454806.875524282,target_map,3,4,2,predicted,1.223079,-2.790231,0.179784,0.170921,-0.003881,-0.087162,0.342302,12.839561,360.000,1,0.859869,0.859869,0.450954,0.564967
tracking_cdrone3_20260822_201250_360_milestone4,milestone4,1787454806.944344521,raw,1,1,0,detected,2.806959,3.670616,0.225039,1.266518,0.340763,0.030662,0.519531,14.465238,276.000,0,0.000000,0.000000,0.000000,0.000000
tracking_cdrone3_20260822_201250_360_milestone4,milestone4,1787454806.974925280,target_map,1,1,0,detected,2.820688,3.674119,0.224689,0.564813,0.144070,-0.014390,0.516374,14.465238,276.000,0,0.024308,0.000000,0.158508,0.356077
tracking_cdrone3_20260822_201250_360_milestone4,milestone4,1787454806.974925280,target_map,3,4,2,predicted,1.240070,-2.790617,0.171119,0.170921,-0.003881,-0.087162,0.331466,12.839561,360.000,1,0.959277,0.959277,0.485747,0.589819
tracking_cdrone3_20260822_201250_360_milestone4,milestone4,1787454807.074886322,target_map,1,1,0,detected,2.877146,3.688519,0.223251,0.564813,0.144070,-0.014390,0.503391,14.465238,276.000,0,0.124267,0.000000,0.193493,0.381067
tracking_cdrone3_20260822_201250_360_milestone4,milestone4,1787454807.074886322,target_map,3,4,2,predicted,1.257155,-2.791004,0.162407,0.170921,-0.003881,-0.087162,0.320569,12.839561,360.000,1,1.059236,1.059236,0.520733,0.614809
tracking_cdrone3_20260822_201250_360_milestone4,milestone4,1787454807.174770594,target_map,1,1,0,detected,2.933567,3.702911,0.221814,0.564813,0.144070,-0.014390,0.490417,14.465238,276.000,0,0.224159,0.000000,0.228456,0.406040
tracking_cdrone3_20260822_201250_360_milestone4,milestone4,1787454807.174770594,target_map,3,4,2,predicted,1.274228,-2.791392,0.153700,0.170921,-0.003881,-0.087162,0.309680,12.839561,360.000,1,1.159128,1.159128,0.555695,0.639782
tracking_cdrone3_20260822_201250_360_milestone4,milestone4,1787454807.189908981,raw,1,1,0,detected,2.758532,3.648059,0.300268,-0.197181,-0.091850,0.306315,0.535156,14.413637,275.125,1,0.000000,0.000000,0.000000,0.000000
tracking_cdrone3_20260822_201250_360_milestone4,milestone4,1787454807.274874687,target_map,1,1,0,detected,2.769527,3.649139,0.312492,0.145716,0.014314,0.161998,0.525061,14.413637,275.125,1,0.075454,0.000000,0.176409,0.368863
tracking_cdrone3_20260822_201250_360_milestone4,milestone4,1787454807.274874687,target_map,3,4,2,predicted,1.291337,-2.791781,0.144975,0.170921,-0.003881,-0.087162,0.298768,12.839561,360.000,1,1.259228,1.259228,0.590730,0.664807
tracking_cdrone3_20260822_201250_360_milestone4,milestone4,1787454807.374925613,target_map,1,1,0,detected,2.784106,3.650571,0.328700,0.145716,0.014314,0.161998,0.511676,14.413637,275.125,1,0.175504,0.000000,0.211426,0.393876
tracking_cdrone3_20260822_201250_360_milestone4,milestone4,1787454807.374925613,target_map,3,4,2,predicted,1.308438,-2.792169,0.136255,0.170921,-0.003881,-0.087162,0.287862,12.839561,360.000,1,1.359278,1.359278,0.625747,0.689820
tracking_cdrone3_20260822_201250_360_milestone4,milestone4,1787454807.436591864,raw,1,1,0,detected,2.630423,3.730292,0.234854,-0.519392,0.333401,-0.265208,0.535156,14.305711,275.125,1,0.000000,0.000000,0.000000,0.000000
tracking_cdrone3_20260822_201250_360_milestone4,milestone4,1787454807.475317478,target_map,1,1,0,detected,2.622510,3.737117,0.232231,-0.220093,0.189812,-0.072965,0.530346,14.305711,275.125,1,0.035953,0.000000,0.162583,0.358988
tracking_cdrone3_20260822_201250_360_milestone4,milestone4,1787454807.475317478,target_map,3,4,2,predicted,1.325596,-2.792559,0.127505,0.170921,-0.003881,-0.087162,0.276919,12.839561,360.000,1,1.459666,1.459666,0.660883,0.714916
tracking_cdrone3_20260822_201250_360_milestone4,milestone4,1787454807.574963093,target_map,1,1,0,detected,2.600578,3.756032,0.224960,-0.220093,0.189812,-0.072965,0.517014,14.305711,275.125,1,0.135603,0.000000,0.197461,0.383901
tracking_cdrone3_20260822_201250_360_milestone4,milestone4,1787454807.574963093,target_map,3,4,2,predicted,1.342629,-2.792945,0.118819,0.170921,-0.003881,-0.087162,0.266056,12.839561,360.000,1,1.559316,1.559316,0.695761,0.739829
tracking_cdrone3_20260822_201250_360_milestone4,milestone4,1787454807.675004721,target_map,1,1,0,detected,2.578561,3.775019,0.217661,-0.220093,0.189812,-0.072965,0.503631,14.305711,275.125,1,0.235636,0.000000,0.232473,0.408909
tracking_cdrone3_20260822_201250_360_milestone4,milestone4,1787454807.675004721,target_map,3,4,2,predicted,1.359727,-2.793334,0.110100,0.170921,-0.003881,-0.087162,0.255152,12.839561,360.000,1,1.659349,1.659349,0.730772,0.764837
tracking_cdrone3_20260822_201250_360_milestone4,milestone4,1787454807.701633453,raw,1,1,0,detected,2.624248,3.748080,0.558223,-0.023298,0.067108,1.219947,0.513672,14.309560,434.500,0,0.000000,0.000000,0.000000,0.000000
tracking_cdrone3_20260822_201250_360_milestone4,milestone4,1787454807.775004387,target_map,1,1,0,detected,2.616989,3.756019,0.599637,-0.111856,0.122325,0.638137,0.505338,14.309560,434.500,0,0.064898,0.000000,0.172714,0.366224
tracking_cdrone3_20260822_201250_360_milestone4,milestone4,1787454807.775004387,target_map,3,4,2,predicted,1.376820,-2.793722,0.101383,0.170921,-0.003881,-0.087162,0.244250,12.839561,360.000,1,1.759357,1.759357,0.765775,0.789839
tracking_cdrone3_20260822_201250_360_milestone4,milestone4,1787454807.875012159,target_map,1,1,0,detected,2.605803,3.768252,0.663451,-0.111856,0.122325,0.638137,0.492496,14.309560,434.500,0,0.164899,0.000000,0.207715,0.391225
tracking_cdrone3_20260822_201250_360_milestone4,milestone4,1787454807.875012159,target_map,3,4,2,predicted,1.393912,-2.794110,0.092667,0.170921,-0.003881,-0.087162,0.233349,12.839561,360.000,1,1.859357,1.859357,0.800775,0.814839
tracking_cdrone3_20260822_201250_360_milestone4,milestone4,1787454807.962728739,raw,1,1,0,detected,2.596705,3.471052,0.121515,-0.105495,-1.061099,-1.672715,0.559082,14.213887,451.000,1,0.000000,0.000000,0.000000,0.000000
tracking_cdrone3_20260822_201250_360_milestone4,milestone4,1787454807.962728739,raw,4,4,0,detected,1.176831,-2.994956,0.337473,0.000000,0.000000,0.000000,0.633789,13.000998,338.250,0,0.000000,0.000000,0.000000,0.000000
tracking_cdrone3_20260822_201250_360_milestone4,milestone4,1787454807.975039959,target_map,1,1,0,detected,2.595719,3.466241,0.115756,-0.108357,-0.528558,-0.632832,0.557810,14.213887,451.000,1,0.009101,0.000000,0.153185,0.352275
tracking_cdrone3_20260822_201250_360_milestone4,milestone4,1787454807.975039959,target_map,3,4,0,detected,1.176934,-2.995487,0.337764,0.011312,-0.058287,0.032050,0.632347,13.000998,338.250,0,0.009101,0.000000,0.153185,0.352275
tracking_cdrone3_20260822_201250_360_milestone4,milestone4,1787454808.075061560,target_map,1,1,0,detected,2.584882,3.413381,0.052467,-0.108357,-0.528558,-0.632832,0.543832,14.213887,451.000,1,0.109110,0.000000,0.188188,0.377277
tracking_cdrone3_20260822_201250_360_milestone4,milestone4,1787454808.075061560,target_map,3,4,0,detected,1.178066,-3.001316,0.340970,0.011312,-0.058287,0.032050,0.616501,13.000998,338.250,0,0.109110,0.000000,0.188188,0.377277
tracking_cdrone3_20260822_201250_360_milestone4,milestone4,1787454808.175509691,target_map,1,1,0,detected,2.573997,3.360282,-0.011108,-0.108357,-0.528558,-0.632832,0.529790,14.213887,451.000,1,0.209570,0.000000,0.223349,0.402392
tracking_cdrone3_20260822_201250_360_milestone4,milestone4,1787454808.175509691,target_map,3,4,0,detected,1.179202,-3.007172,0.344189,0.011312,-0.058287,0.032050,0.600583,13.000998,338.250,0,0.209570,0.000000,0.223349,0.402392
tracking_cdrone3_20260822_201250_360_milestone4,milestone4,1787454808.263145447,raw,1,1,0,detected,2.286654,3.356920,0.058791,-1.032063,-0.379909,-0.208788,0.511719,13.877607,282.875,1,0.000000,0.000000,0.000000,0.000000
tracking_cdrone3_20260822_201250_360_milestone4,milestone4,1787454808.263145447,raw,4,4,0,detected,0.799015,-2.937670,0.334556,-1.257630,0.190689,-0.009708,0.404541,12.629128,480.000,1,0.000000,0.000000,0.000000,0.000000
tracking_cdrone3_20260822_201250_360_milestone4,milestone4,1787454808.277353048,target_map,1,1,0,detected,2.279930,3.352046,0.054431,-0.616395,-0.446801,-0.399608,0.510323,13.877607,282.875,1,0.010909,0.000000,0.153818,0.352727
tracking_cdrone3_20260822_201250_360_milestone4,milestone4,1787454808.277353048,target_map,3,4,0,detected,0.791525,-2.936812,0.334655,-0.686606,0.078650,0.009083,0.403438,12.629128,480.000,1,0.010909,0.000000,0.153818,0.352727
tracking_cdrone3_20260822_201250_360_milestone4,milestone4,1787454808.374827147,target_map,1,1,0,detected,2.219841,3.308490,0.015476,-0.616395,-0.446801,-0.399608,0.497852,13.877607,282.875,1,0.108393,0.000000,0.187938,0.377098
tracking_cdrone3_20260822_201250_360_milestone4,milestone4,1787454808.374827147,target_map,3,4,0,detected,0.724591,-2.929145,0.335541,-0.686606,0.078650,0.009083,0.393579,12.629128,480.000,1,0.108393,0.000000,0.187938,0.377098
tracking_cdrone3_20260822_201250_360_milestone4,milestone4,1787454808.474916458,target_map,1,1,0,detected,2.158148,3.263771,-0.024520,-0.616395,-0.446801,-0.399608,0.485048,13.877607,282.875,1,0.208480,0.000000,0.222968,0.402120
tracking_cdrone3_20260822_201250_360_milestone4,milestone4,1787454808.474916458,target_map,3,4,0,detected,0.655871,-2.921273,0.336450,-0.686606,0.078650,0.009083,0.383456,12.629128,480.000,1,0.208480,0.000000,0.222968,0.402120
tracking_cdrone3_20260822_201250_360_milestone4,milestone4,1787454808.523256302,raw,1,1,0,detected,3.021488,3.646243,0.172937,2.823145,1.111545,0.438535,0.421631,14.638377,425.500,0,0.000000,0.000000,0.000000,0.000000
tracking_cdrone3_20260822_201250_360_milestone4,milestone4,1787454808.523256302,raw,4,4,0,detected,1.512333,-3.031037,0.231363,2.740484,-0.358706,-0.396457,0.404541,13.352468,480.000,0,0.000000,0.000000,0.000000,0.000000
tracking_cdrone3_20260822_201250_360_milestone4,milestone4,1787454808.575345755,target_map,1,1,0,detected,3.082625,3.665911,0.175879,1.275352,0.410289,0.061371,0.416578,14.638377,425.500,0,0.047937,0.000000,0.166778,0.361984
tracking_cdrone3_20260822_201250_360_milestone4,milestone4,1787454808.575345755,target_map,3,4,0,detected,1.569776,-3.038798,0.221106,1.198293,-0.161896,-0.213964,0.399693,13.352468,480.000,0,0.047937,0.000000,0.166778,0.361984
tracking_cdrone3_20260822_201250_360_milestone4,milestone4,1787454808.675071716,target_map,1,1,0,detected,3.209803,3.706825,0.181999,1.275352,0.410289,0.061371,0.406067,14.638377,425.500,0,0.147658,0.000000,0.201680,0.386914
tracking_cdrone3_20260822_201250_360_milestone4,milestone4,1787454808.675071716,target_map,3,4,0,detected,1.689270,-3.054942,0.199769,1.198293,-0.161896,-0.213964,0.389608,13.352468,480.000,0,0.147658,0.000000,0.201680,0.386914
tracking_cdrone3_20260822_201250_360_milestone4,milestone4,1787454808.776366472,target_map,1,1,0,detected,3.338998,3.748388,0.188216,1.275352,0.410289,0.061371,0.395389,14.638377,425.500,0,0.248959,0.000000,0.237136,0.412240
tracking_cdrone3_20260822_201250_360_milestone4,milestone4,1787454808.776366472,target_map,3,4,0,detected,1.810659,-3.071342,0.178094,1.198293,-0.161896,-0.213964,0.379362,13.352468,480.000,0,0.248959,0.000000,0.237136,0.412240
tracking_cdrone3_20260822_201250_360_milestone4,milestone4,1787454808.796934843,raw,1,1,0,detected,2.877498,3.691178,0.165655,-0.526480,0.164301,-0.026625,0.421631,14.505989,425.500,1,0.000000,0.000000,0.000000,0.000000
tracking_cdrone3_20260822_201250_360_milestone4,milestone4,1787454808.796934843,raw,4,4,0,detected,1.179769,-2.885639,0.191517,-1.215977,0.531628,-0.145692,0.493164,13.001225,765.000,1,0.000000,0.000000,0.000000,0.000000
tracking_cdrone3_20260822_201250_360_milestone4,milestone4,1787454808.796934843,raw,6,6,0,detected,-2.920756,1.292058,0.143721,0.000000,0.000000,0.000000,0.578613,8.421062,5651.250,0,0.000000,0.000000,0.000000,0.000000
tracking_cdrone3_20260822_201250_360_milestone4,milestone4,1787454808.875149965,target_map,1,1,0,detected,2.898636,3.711621,0.166619,0.284344,0.274996,0.012973,0.413795,14.505989,425.500,1,0.074338,0.000000,0.176018,0.368584
tracking_cdrone3_20260822_201250_360_milestone4,milestone4,1787454808.875149965,target_map,3,4,0,detected,1.170138,-2.869319,0.178402,-0.129555,0.219542,-0.176414,0.483999,13.001225,765.000,1,0.074338,0.000000,0.176018,0.368584
tracking_cdrone3_20260822_201250_360_milestone4,milestone4,1787454808.875149965,target_map,4,6,0,detected,-2.920756,1.292058,0.143721,0.000000,0.000000,0.000000,0.567860,8.421062,5651.250,0,0.074338,0.000000,0.176018,0.368584
tracking_cdrone3_20260822_201250_360_milestone4,milestone4,1787454808.976454020,target_map,1,1,0,detected,2.927438,3.739476,0.167933,0.284344,0.274996,0.012973,0.403118,14.505989,425.500,1,0.175632,0.000000,0.211471,0.393908
tracking_cdrone3_20260822_201250_360_milestone4,milestone4,1787454808.976454020,target_map,3,4,0,detected,1.157015,-2.847081,0.160533,-0.129555,0.219542,-0.176414,0.471510,13.001225,765.000,1,0.175632,0.000000,0.211471,0.393908
tracking_cdrone3_20260822_201250_360_milestone4,milestone4,1787454808.976454020,target_map,4,6,0,detected,-2.920756,1.292058,0.143721,0.000000,0.000000,0.000000,0.553208,8.421062,5651.250,0,0.175632,0.000000,0.211471,0.393908
tracking_cdrone3_20260822_201250_360_milestone4,milestone4,1787454809.058587074,raw,1,1,0,detected,2.959417,3.818093,0.215471,0.313080,0.485046,0.190387,0.421631,14.615730,425.500,0,0.000000,0.000000,0.000000,0.000000
tracking_cdrone3_20260822_201250_360_milestone4,milestone4,1787454809.058587074,raw,4,4,0,detected,0.477415,-2.584003,0.217354,-2.684275,1.152801,0.098747,0.527344,12.252677,623.500,1,0.000000,0.000000,0.000000,0.000000
tracking_cdrone3_20260822_201250_360_milestone4,milestone4,1787454809.058587074,raw,6,6,0,detected,-2.932081,1.365728,0.177529,-0.043283,0.281555,0.129210,0.409180,8.422018,8057.750,0,0.000000,0.000000,0.000000,0.000000
tracking_cdrone3_20260822_201250_360_milestone4,milestone4,1787454809.075050831,target_map,1,1,0,detected,2.963081,3.822861,0.216820,0.300149,0.390524,0.110551,0.420344,14.615730,425.500,0,0.012208,0.000000,0.154273,0.353052
tracking_cdrone3_20260822_201250_360_milestone4,milestone4,1787454809.075050831,target_map,3,4,0,detected,0.458681,-2.575057,0.217048,-1.534651,0.732834,-0.025075,0.525734,12.252677,623.500,1,0.012208,0.000000,0.154273,0.353052
tracking_cdrone3_20260822_201250_360_milestone4,milestone4,1787454809.075050831,target_map,4,6,0,detected,-2.932372,1.367618,0.178397,-0.023806,0.154855,0.071066,0.407931,8.422018,8057.750,0,0.012208,0.000000,0.154273,0.353052
tracking_cdrone3_20260822_201250_360_milestone4,milestone4,1787454809.174916267,target_map,1,1,0,detected,2.993055,3.861859,0.227860,0.300149,0.390524,0.110551,0.409818,14.615730,425.500,0,0.112070,0.000000,0.189224,0.378017
tracking_cdrone3_20260822_201250_360_milestone4,milestone4,1787454809.174916267,target_map,3,4,0,detected,0.305427,-2.501874,0.214544,-1.534651,0.732834,-0.025075,0.512569,12.252677,623.500,1,0.112070,0.000000,0.189224,0.378017
tracking_cdrone3_20260822_201250_360_milestone4,milestone4,1787454809.174916267,target_map,4,6,0,detected,-2.934749,1.383083,0.185494,-0.023806,0.154855,0.071066,0.397716,8.422018,8057.750,0,0.112070,0.000000,0.189224,0.378017
tracking_cdrone3_20260822_201250_360_milestone4,milestone4,1787454809.274975300,target_map,1,1,0,detected,3.023085,3.900932,0.238921,0.300149,0.390524,0.110551,0.399272,14.615730,425.500,0,0.212121,0.000000,0.224242,0.403030
tracking_cdrone3_20260822_201250_360_milestone4,milestone4,1787454809.274975300,target_map,3,4,0,detected,0.151883,-2.428554,0.212035,-1.534651,0.732834,-0.025075,0.499379,12.252677,623.500,1,0.212121,0.000000,0.224242,0.403030
tracking_cdrone3_20260822_201250_360_milestone4,milestone4,1787454809.274975300,target_map,4,6,0,detected,-2.937131,1.398576,0.192604,-0.023806,0.154855,0.071066,0.387481,8.422018,8057.750,0,0.212121,0.000000,0.224242,0.403030
tracking_cdrone3_20260822_201250_360_milestone4,milestone4,1787454809.316850901,raw,1,1,0,detected,2.592608,3.651262,0.124256,-1.420298,-0.645979,-0.353185,0.598145,14.246037,450.000,1,0.000000,0.000000,0.000000,0.000000
tracking_cdrone3_20260822_201250_360_milestone4,milestone4,1787454809.316850901,raw,4,4,0,detected,-0.015641,-2.529785,0.171746,-1.909132,0.209936,-0.176598,0.527344,11.790465,623.500,1,0.000000,0.000000,0.000000,0.000000
tracking_cdrone3_20260822_201250_360_milestone4,milestone4,1787454809.316850901,raw,6,6,0,detected,-2.951001,1.313225,0.142695,-0.073258,-0.203294,-0.134879,0.667969,8.428350,5408.000,0,0.000000,0.000000,0.000000,0.000000
tracking_cdrone3_20260822_201250_360_milestone4,milestone4,1787454809.374680758,target_map,1,1,0,detected,2.558902,3.641895,0.116718,-0.646097,-0.179553,-0.144504,0.590343,14.246037,450.000,1,0.052169,0.000000,0.168259,0.363042
tracking_cdrone3_20260822_201250_360_milestone4,milestone4,1787454809.374680758,target_map,3,4,0,detected,-0.106447,-2.506557,0.166090,-1.740616,0.445240,-0.108413,0.520466,11.790465,623.500,1,0.052169,0.000000,0.168259,0.363042
tracking_cdrone3_20260822_201250_360_milestone4,milestone4,1787454809.374680758,target_map,4,6,0,detected,-2.953662,1.311027,0.140494,-0.051005,-0.042127,-0.042204,0.659257,8.428350,5408.000,0,0.052169,0.000000,0.168259,0.363042
tracking_cdrone3_20260822_201250_360_milestone4,milestone4,1787454809.474977255,target_map,1,1,0,detected,2.494104,3.623887,0.102225,-0.646097,-0.179553,-0.144504,0.575346,14.246037,450.000,1,0.152461,0.000000,0.203361,0.388115
tracking_cdrone3_20260822_201250_360_milestone4,milestone4,1787454809.474977255,target_map,3,4,0,detected,-0.281016,-2.461903,0.155217,-1.740616,0.445240,-0.108413,0.507244,11.790465,623.500,1,0.152461,0.000000,0.203361,0.388115
tracking_cdrone3_20260822_201250_360_milestone4,milestone4,1787454809.474977255,target_map,4,6,0,detected,-2.958777,1.306802,0.136261,-0.051005,-0.042127,-0.042204,0.642509,8.428350,5408.000,0,0.152461,0.000000,0.203361,0.388115
tracking_cdrone3_20260822_201250_360_milestone4,milestone4,1787454809.575532675,target_map,1,1,2,predicted,2.429132,3.605831,0.087694,-0.646097,-0.179553,-0.144504,0.560309,14.246037,450.000,1,0.253021,0.253021,0.238557,0.413255
tracking_cdrone3_20260822_201250_360_milestone4,milestone4,1787454809.575532675,target_map,3,4,2,predicted,-0.456053,-2.417130,0.144315,-1.740616,0.445240,-0.108413,0.493987,11.790465,623.500,1,0.253021,0.253021,0.238557,0.413255
tracking_cdrone3_20260822_201250_360_milestone4,milestone4,1787454809.575532675,target_map,4,6,2,predicted,-2.963907,1.302566,0.132017,-0.051005,-0.042127,-0.042204,0.625716,8.428350,5408.000,0,0.253021,0.253021,0.238557,0.413255
tracking_cdrone3_20260822_201250_360_milestone4,milestone4,1787454809.590582609,raw,1,1,0,detected,2.134201,3.473729,0.132592,-1.674625,-0.648550,0.030449,0.505859,13.793053,383.875,1,0.000000,0.000000,0.000000,0.000000
tracking_cdrone3_20260822_201250_360_milestone4,milestone4,1787454809.590582609,raw,4,4,0,detected,-0.339753,-2.512051,0.167707,-1.184023,0.064782,-0.014752,0.527344,11.505519,623.500,1,0.000000,0.000000,0.000000,0.000000
tracking_cdrone3_20260822_201250_360_milestone4,milestone4,1787454809.590582609,raw,6,6,0,detected,-2.917000,1.240303,0.184206,0.124212,-0.266395,0.151644,0.595215,8.491061,4734.125,0,0.000000,0.000000,0.000000,0.000000
tracking_cdrone3_20260822_201250_360_milestone4,milestone4,1787454809.674993038,target_map,1,1,0,detected,2.036613,3.438496,0.128704,-1.211787,-0.437501,-0.048280,0.495675,13.793053,383.875,1,0.080532,0.000000,0.178186,0.370133
tracking_cdrone3_20260822_201250_360_milestone4,milestone4,1787454809.674993038,target_map,3,4,0,detected,-0.455275,-2.493047,0.163125,-1.434490,0.235988,-0.056900,0.516727,11.505519,623.500,1,0.080532,0.000000,0.178186,0.370133
tracking_cdrone3_20260822_201250_360_milestone4,milestone4,1787454809.674993038,target_map,4,6,0,detected,-2.913346,1.226977,0.189393,0.045365,-0.165474,0.064412,0.583231,8.491061,4734.125,0,0.080532,0.000000,0.178186,0.370133
tracking_cdrone3_20260822_201250_360_milestone4,milestone4,1787454809.775075197,target_map,1,1,0,detected,1.915334,3.394710,0.123872,-1.211787,-0.437501,-0.048280,0.483018,13.793053,383.875,1,0.180614,0.000000,0.213215,0.395154
tracking_cdrone3_20260822_201250_360_milestone4,milestone4,1787454809.775075197,target_map,3,4,0,detected,-0.598842,-2.469429,0.157430,-1.434490,0.235988,-0.056900,0.503532,11.505519,623.500,1,0.180614,0.000000,0.213215,0.395154
tracking_cdrone3_20260822_201250_360_milestone4,milestone4,1787454809.775075197,target_map,4,6,0,detected,-2.908806,1.210415,0.195840,0.045365,-0.165474,0.064412,0.568339,8.491061,4734.125,0,0.180614,0.000000,0.213215,0.395154
tracking_cdrone3_20260822_201250_360_milestone4,milestone4,1787454809.854011297,raw,1,1,0,detected,1.973855,3.424665,0.161556,-0.608676,-0.186249,0.109949,0.582520,13.638665,405.000,1,0.000000,0.000000,0.000000,0.000000
tracking_cdrone3_20260822_201250_360_milestone4,milestone4,1787454809.854011297,raw,4,4,0,detected,-0.843338,-2.379248,0.179390,-1.911619,0.504126,0.044348,0.527344,10.998025,623.500,1,0.000000,0.000000,0.000000,0.000000
tracking_cdrone3_20260822_201250_360_milestone4,milestone4,1787454809.854011297,raw,6,6,0,detected,-2.362806,1.198444,0.203730,2.103728,-0.158895,0.074113,0.693359,9.053128,3816.000,0,0.000000,0.000000,0.000000,0.000000
tracking_cdrone3_20260822_201250_360_milestone4,milestone4,1787454809.874894381,target_map,1,1,0,detected,1.963131,3.421018,0.162028,-0.880076,-0.299313,0.038746,0.580745,13.638665,405.000,1,0.012185,0.000000,0.154265,0.353046
tracking_cdrone3_20260822_201250_360_milestone4,milestone4,1787454809.874894381,target_map,3,4,0,detected,-0.864014,-2.374575,0.179375,-1.696911,0.383464,-0.001213,0.525737,10.998025,623.500,1,0.012185,0.000000,0.154265,0.353046
tracking_cdrone3_20260822_201250_360_milestone4,milestone4,1787454809.874894381,target_map,4,6,0,detected,-2.348459,1.196472,0.204580,1.177465,-0.161856,0.069748,0.691247,9.053128,3816.000,0,0.012185,0.000000,0.154265,0.353046
tracking_cdrone3_20260822_201250_360_milestone4,milestone4,1787454809.975790739,target_map,1,1,0,detected,1.874338,3.390819,0.165937,-0.880076,-0.299313,0.038746,0.566052,13.638665,405.000,1,0.113077,0.000000,0.189577,0.378269
tracking_cdrone3_20260822_201250_360_milestone4,milestone4,1787454809.975790739,target_map,3,4,0,detected,-1.035220,-2.335886,0.179253,-1.696911,0.383464,-0.001213,0.512436,10.998025,623.500,1,0.113077,0.000000,0.189577,0.378269
tracking_cdrone3_20260822_201250_360_milestone4,milestone4,1787454809.975790739,target_map,4,6,0,detected,-2.229661,1.180142,0.211617,1.177465,-0.161856,0.069748,0.673759,9.053128,3816.000,0,0.113077,0.000000,0.189577,0.378269
tracking_cdrone3_20260822_201250_360_milestone4,milestone4,1787454810.075217724,target_map,1,1,0,detected,1.786849,3.361064,0.169789,-0.880076,-0.299313,0.038746,0.551575,13.638665,405.000,1,0.212489,0.000000,0.224371,0.403122
tracking_cdrone3_20260822_201250_360_milestone4,milestone4,1787454810.075217724,target_map,3,4,0,detected,-1.203912,-2.297766,0.179132,-1.696911,0.383464,-0.001213,0.499330,10.998025,623.500,1,0.212489,0.000000,0.224371,0.403122
tracking_cdrone3_20260822_201250_360_milestone4,milestone4,1787454810.075217724,target_map,4,6,0,detected,-2.112608,1.164052,0.218551,1.177465,-0.161856,0.069748,0.656527,9.053128,3816.000,0,0.212489,0.000000,0.224371,0.403122
tracking_cdrone3_20260822_201250_360_milestone4,milestone4,1787454810.110038519,raw,1,1,0,detected,1.860851,3.494740,0.032516,-0.441389,0.273712,-0.504027,0.582520,13.581161,405.000,1,0.000000,0.000000,0.000000,0.000000
tracking_cdrone3_20260822_201250_360_milestone4,milestone4,1787454810.110038519,raw,4,4,0,detected,-1.304264,-2.178966,0.045304,-1.800367,0.782297,-0.523735,0.527344,10.539543,623.500,1,0.000000,0.000000,0.000000,0.000000
tracking_cdrone3_20260822_201250_360_milestone4,milestone4,1787454810.110038519,raw,6,6,0,detected,-1.217241,1.237695,0.119379,4.474546,0.153311,-0.329472,0.753906,10.232101,4413.125,0,0.000000,0.000000,0.000000,0.000000
tracking_cdrone3_20260822_201250_360_milestone4,milestone4,1787454810.175037861,target_map,1,1,0,detected,1.821880,3.495707,0.016667,-0.638798,0.015851,-0.259779,0.573635,13.581161,405.000,1,0.061008,0.000000,0.171353,0.365252
tracking_cdrone3_20260822_201250_360_milestone4,milestone4,1787454810.175037861,target_map,3,4,0,detected,-1.411261,-2.142189,0.027697,-1.753812,0.602822,-0.288600,0.519301,10.539543,623.500,1,0.061008,0.000000,0.171353,0.365252
tracking_cdrone3_20260822_201250_360_milestone4,milestone4,1787454810.175037861,target_map,4,6,0,detected,-1.034774,1.238395,0.110239,2.990860,0.011486,-0.149823,0.742408,10.232101,4413.125,0,0.061008,0.000000,0.171353,0.365252
tracking_cdrone3_20260822_201250_360_milestone4,milestone4,1787454810.279149771,target_map,1,1,0,detected,1.755383,3.497357,-0.010375,-0.638798,0.015851,-0.259779,0.558475,13.581161,405.000,1,0.165105,0.000000,0.207787,0.391276
tracking_cdrone3_20260822_201250_360_milestone4,milestone4,1787454810.279149771,target_map,3,4,0,detected,-1.593827,-2.079437,-0.002345,-1.753812,0.602822,-0.288600,0.505577,10.539543,623.500,1,0.165105,0.000000,0.207787,0.391276
tracking_cdrone3_20260822_201250_360_milestone4,milestone4,1787454810.279149771,target_map,4,6,0,detected,-0.723436,1.239591,0.094643,2.990860,0.011486,-0.149823,0.722788,10.232101,4413.125,0,0.165105,0.000000,0.207787,0.391276
tracking_cdrone3_20260822_201250_360_milestone4,milestone4,1787454810.369016171,raw,1,1,0,detected,1.663025,3.402542,0.094364,-0.763868,-0.356002,0.238813,0.582520,13.395410,405.000,1,0.000000,0.000000,0.000000,0.000000
tracking_cdrone3_20260822_201250_360_milestone4,milestone4,1787454810.369016171,raw,6,6,0,detected,-0.277103,1.193066,0.138622,3.630151,-0.172326,0.074302,0.753906,11.193030,4413.125,0,0.000000,0.000000,0.000000,0.000000
tracking_cdrone3_20260822_201250_360_milestone4,milestone4,1787454810.369016171,raw,7,7,0,detected,-11.381282,0.677489,1.336962,0.000000,0.000000,0.000000,0.827148,0.013414,1296.000,0,0.000000,0.000000,0.000000,0.000000
tracking_cdrone3_20260822_201250_360_milestone4,milestone4,1787454810.374763727,target_map,1,1,0,detected,1.661694,3.402188,0.094391,-0.707586,-0.188668,0.014446,0.582246,13.395410,405.000,1,0.001880,0.000000,0.150658,0.350470
tracking_cdrone3_20260822_201250_360_milestone4,milestone4,1787454810.374763727,target_map,3,4,2,predicted,-1.761569,-2.021780,-0.029948,-1.753812,0.602822,-0.288600,0.492968,10.539543,623.500,1,0.260749,0.260749,0.241262,0.415187
tracking_cdrone3_20260822_201250_360_milestone4,milestone4,1787454810.374763727,target_map,4,6,0,detected,-0.270818,1.192897,0.138572,3.342470,-0.089610,-0.026554,0.753552,11.193030,4413.125,0,0.001880,0.000000,0.150658,0.350470
tracking_cdrone3_20260822_201250_360_milestone4,milestone4,1787454810.374763727,target_map,5,7,0,detected,-11.381282,0.677489,1.336962,0.000000,0.000000,0.000000,0.826760,0.013414,1296.000,0,0.001880,0.000000,0.150658,0.350470
tracking_cdrone3_20260822_201250_360_milestone4,milestone4,1787454810.475497007,target_map,1,1,0,detected,1.590464,3.383195,0.095845,-0.707586,-0.188668,0.014446,0.567586,13.395410,405.000,1,0.102546,0.000000,0.185891,0.375637
tracking_cdrone3_20260822_201250_360_milestone4,milestone4,1787454810.475497007,target_map,3,4,2,predicted,-1.938118,-1.961097,-0.059000,-1.753812,0.602822,-0.288600,0.479696,10.539543,623.500,1,0.361415,0.361415,0.276495,0.440354
tracking_cdrone3_20260822_201250_360_milestone4,milestone4,1787454810.475497007,target_map,4,6,0,detected,0.065656,1.183876,0.135899,3.342470,-0.089610,-0.026554,0.734579,11.193030,4413.125,0,0.102546,0.000000,0.185891,0.375637
tracking_cdrone3_20260822_201250_360_milestone4,milestone4,1787454810.475497007,target_map,5,7,0,detected,-11.381282,0.677489,1.336962,0.000000,0.000000,0.000000,0.805943,0.013414,1296.000,0,0.102546,0.000000,0.185891,0.375637
tracking_cdrone3_20260822_201250_360_milestone4,milestone4,1787454810.575903654,target_map,1,1,0,detected,1.519395,3.364246,0.097296,-0.707586,-0.188668,0.014446,0.552959,13.395410,405.000,1,0.202985,0.000000,0.221045,0.400746
tracking_cdrone3_20260822_201250_360_milestone4,milestone4,1787454810.575903654,target_map,3,4,2,predicted,-2.114269,-1.900550,-0.087987,-1.753812,0.602822,-0.288600,0.466455,10.539543,623.500,1,0.461854,0.461854,0.311649,0.465463
tracking_cdrone3_20260822_201250_360_milestone4,milestone4,1787454810.575903654,target_map,4,6,0,detected,0.401369,1.174876,0.133232,3.342470,-0.089610,-0.026554,0.715648,11.193030,4413.125,0,0.202985,0.000000,0.221045,0.400746
tracking_cdrone3_20260822_201250_360_milestone4,milestone4,1787454810.575903654,target_map,5,7,0,detected,-11.381282,0.677489,1.336962,0.000000,0.000000,0.000000,0.785174,0.013414,1296.000,0,0.202985,0.000000,0.221045,0.400746
tracking_cdrone3_20260822_201250_360_milestone4,milestone4,1787454810.650811195,raw,1,1,0,detected,1.324730,3.289925,0.227688,-1.200517,-0.399649,0.473133,0.582520,13.069304,405.000,1,0.000000,0.000000,0.000000,0.000000
tracking_cdrone3_20260822_201250_360_milestone4,milestone4,1787454810.650811195,raw,6,6,0,detected,0.065700,1.114366,0.271237,1.216516,-0.279283,0.470616,0.753906,11.553067,4413.125,0,0.000000,0.000000,0.000000,0.000000
tracking_cdrone3_20260822_201250_360_milestone4,milestone4,1787454810.650811195,raw,7,7,1,held,-11.403307,0.651733,1.468083,-0.078161,-0.091400,0.465312,0.827148,0.013414,1296.000,0,0.281790,0.281790,0.000000,0.000000
tracking_cdrone3_20260822_201250_360_milestone4,milestone4,1787454810.675422192,target_map,1,1,0,detected,1.304802,3.283720,0.233119,-0.978698,-0.304708,0.266724,0.579554,13.069304,405.000,1,0.020362,0.000000,0.157127,0.355091
tracking_cdrone3_20260822_201250_360_milestone4,milestone4,1787454810.675422192,target_map,3,4,2,predicted,-2.288856,-1.840541,-0.116716,-1.753812,0.602822,-0.288600,0.453331,10.539543,623.500,1,0.561401,0.561401,0.346490,0.490350
tracking_cdrone3_20260822_201250_360_milestone4,milestone4,1787454810.675422192,target_map,4,6,0,detected,0.109951,1.110417,0.276264,2.173195,-0.193930,0.246889,0.750068,11.553067,4413.125,0,0.020362,0.000000,0.157127,0.355091
tracking_cdrone3_20260822_201250_360_milestone4,milestone4,1787454810.675422192,target_map,5,7,1,held,-11.404182,0.650710,1.473294,-0.042988,-0.050270,0.255922,0.764667,0.013414,1296.000,0,0.302153,0.000000,0.157127,0.355091
tracking_cdrone3_20260822_201250_360_milestone4,milestone4,1787454810.775434256,target_map,1,1,0,detected,1.206932,3.253250,0.259791,-0.978698,-0.304708,0.266724,0.564991,13.069304,405.000,1,0.120362,0.000000,0.192127,0.380091
tracking_cdrone3_20260822_201250_360_milestone4,milestone4,1787454810.775434256,target_map,3,4,2,predicted,-2.464236,-1.780259,-0.145576,-1.753812,0.602822,-0.288600,0.440147,10.539543,623.500,1,0.661401,0.661401,0.381490,0.515350
tracking_cdrone3_20260822_201250_360_milestone4,milestone4,1787454810.775434256,target_map,4,6,0,detected,0.327270,1.091024,0.300953,2.173195,-0.193930,0.246889,0.731221,11.553067,4413.125,0,0.120362,0.000000,0.192127,0.380091
tracking_cdrone3_20260822_201250_360_milestone4,milestone4,1787454810.775434256,target_map,5,7,1,held,-11.408481,0.645683,1.498886,-0.042988,-0.050270,0.255922,0.743988,0.013414,1296.000,0,0.402153,0.000000,0.192127,0.380091
tracking_cdrone3_20260822_201250_360_milestone4,milestone4,1787454810.875401735,target_map,1,1,0,detected,1.109097,3.222790,0.286455,-0.978698,-0.304708,0.266724,0.550433,13.069304,405.000,1,0.220327,0.000000,0.227114,0.405082
tracking_cdrone3_20260822_201250_360_milestone4,milestone4,1787454810.875401735,target_map,3,4,2,predicted,-2.639556,-1.719998,-0.174426,-1.753812,0.602822,-0.288600,0.426968,10.539543,623.500,1,0.761366,0.761366,0.416478,0.540341
tracking_cdrone3_20260822_201250_360_milestone4,milestone4,1787454810.875401735,target_map,4,6,0,detected,0.544514,1.071638,0.325633,2.173195,-0.193930,0.246889,0.712380,11.553067,4413.125,0,0.220327,0.000000,0.227114,0.405082
tracking_cdrone3_20260822_201250_360_milestone4,milestone4,1787454810.875401735,target_map,5,7,1,held,-11.412779,0.640657,1.524469,-0.042988,-0.050270,0.255922,0.723317,0.013414,1296.000,0,0.502118,0.000000,0.227114,0.405082
tracking_cdrone3_20260822_201250_360_milestone4,milestone4,1787454810.912163973,raw,1,1,0,detected,1.156257,3.246902,0.189585,-0.644612,-0.164617,-0.145790,0.582520,12.911031,405.000,1,0.000000,0.000000,0.000000,0.000000
tracking_cdrone3_20260822_201250_360_milestone4,milestone4,1787454810.912163973,raw,6,6,0,detected,0.599191,1.073357,0.228320,2.041248,-0.156910,-0.164208,0.753906,12.095652,4413.125,0,0.000000,0.000000,0.000000,0.000000
tracking_cdrone3_20260822_201250_360_milestone4,milestone4,1787454810.912163973,raw,7,7,0,detected,-11.404279,0.639473,1.481629,-0.003718,-0.046908,0.051833,0.446777,0.020590,614.250,0,0.000000,0.000000,0.000000,0.000000
tracking_cdrone3_20260822_201250_360_milestone4,milestone4,1787454810.975232363,target_map,1,1,0,detected,1.109565,3.233530,0.191925,-0.794951,-0.227658,0.039841,0.573966,12.911031,405.000,1,0.058736,0.000000,0.170558,0.364684
tracking_cdrone3_20260822_201250_360_milestone4,milestone4,1787454810.975232363,target_map,3,4,2,predicted,-2.814658,-1.659812,-0.203240,-1.753812,0.602822,-0.288600,0.413806,10.539543,623.500,1,0.861206,0.861206,0.451422,0.565302
tracking_cdrone3_20260822_201250_360_milestone4,milestone4,1787454810.975232363,target_map,4,6,0,detected,0.722573,1.063162,0.229541,2.100624,-0.173569,0.020786,0.742836,12.095652,4413.125,0,0.058736,0.000000,0.170558,0.364684
tracking_cdrone3_20260822_201250_360_milestone4,milestone4,1787454810.975232363,target_map,5,7,0,detected,-11.405535,0.636629,1.490068,-0.021389,-0.048421,0.143673,0.440217,0.020590,614.250,0,0.058736,0.000000,0.170558,0.364684
tracking_cdrone3_20260822_201250_360_milestone4,milestone4,1787454811.075884104,target_map,1,1,0,detected,1.029560,3.210618,0.195935,-0.794951,-0.227658,0.039841,0.559309,12.911031,405.000,1,0.159377,0.000000,0.205782,0.389844
tracking_cdrone3_20260822_201250_360_milestone4,milestone4,1787454811.075884104,target_map,3,4,2,predicted,-2.991164,-1.599143,-0.232285,-1.753812,0.602822,-0.288600,0.400538,10.539543,623.500,1,0.961848,0.961848,0.486647,0.590462
tracking_cdrone3_20260822_201250_360_milestone4,milestone4,1787454811.075884104,target_map,4,6,0,detected,0.933983,1.045694,0.231633,2.100624,-0.173569,0.020786,0.723867,12.095652,4413.125,0,0.159377,0.000000,0.205782,0.389844
tracking_cdrone3_20260822_201250_360_milestone4,milestone4,1787454811.075884104,target_map,5,7,0,detected,-11.407688,0.631756,1.504528,-0.021389,-0.048421,0.143673,0.428976,0.020590,614.250,0,0.159377,0.000000,0.205782,0.389844
tracking_cdrone3_20260822_201250_360_milestone4,milestone4,1787454811.175676823,target_map,1,1,2,predicted,0.950224,3.187898,0.199911,-0.794951,-0.227658,0.039841,0.544776,12.911031,405.000,1,0.259177,0.259177,0.240712,0.414794
tracking_cdrone3_20260822_201250_360_milestone4,milestone4,1787454811.175676823,target_map,3,4,2,predicted,-3.166194,-1.538981,-0.261088,-1.753812,0.602822,-0.288600,0.387380,10.539543,623.500,1,1.061647,1.061647,0.521577,0.615412
tracking_cdrone3_20260822_201250_360_milestone4,milestone4,1787454811.175676823,target_map,4,6,2,predicted,1.143624,1.028372,0.233707,2.100624,-0.173569,0.020786,0.705057,12.095652,4413.125,0,0.259177,0.259177,0.240712,0.414794
tracking_cdrone3_20260822_201250_360_milestone4,milestone4,1787454811.175676823,target_map,5,7,2,predicted,-11.409822,0.626924,1.518866,-0.021389,-0.048421,0.143673,0.417829,0.020590,614.250,0,0.259177,0.259177,0.240712,0.414794
tracking_cdrone3_20260822_201250_360_milestone4,milestone4,1787454811.189093351,raw,1,1,0,detected,0.787630,3.184745,0.213705,-1.331116,-0.224449,0.087098,0.582520,12.552876,405.000,1,0.000000,0.000000,0.000000,0.000000
tracking_cdrone3_20260822_201250_360_milestone4,milestone4,1787454811.189093351,raw,6,6,0,detected,0.879796,1.037659,0.275203,1.013267,-0.128904,0.169294,0.753906,12.382264,4413.125,0,0.000000,0.000000,0.000000,0.000000
tracking_cdrone3_20260822_201250_360_milestone4,milestone4,1787454811.189093351,raw,7,7,0,detected,-11.417401,0.624960,1.504854,-0.047387,-0.052408,0.083865,0.462158,0.018152,906.500,0,0.000000,0.000000,0.000000,0.000000
tracking_cdrone3_20260822_201250_360_milestone4,milestone4,1787454811.275488853,target_map,1,1,0,detected,0.700390,3.166662,0.218975,-1.089842,-0.225893,0.065833,0.570862,12.552876,405.000,1,0.080049,0.000000,0.178017,0.370012
tracking_cdrone3_20260822_201250_360_milestone4,milestone4,1787454811.275488853,target_map,3,4,2,predicted,-3.341244,-1.478813,-0.289893,-1.753812,0.602822,-0.288600,0.374222,10.539543,623.500,1,1.161458,1.161458,0.556510,0.640365
tracking_cdrone3_20260822_201250_360_milestone4,milestone4,1787454811.275488853,target_map,4,6,0,detected,1.000076,1.025732,0.283405,1.502578,-0.149003,0.102465,0.738819,12.382264,4413.125,0,0.080049,0.000000,0.178017,0.370012
tracking_cdrone3_20260822_201250_360_milestone4,milestone4,1787454811.275488853,target_map,5,7,0,detected,-11.420259,0.620908,1.513722,-0.035688,-0.050614,0.110778,0.452909,0.018152,906.500,0,0.080049,0.000000,0.178017,0.370012
tracking_cdrone3_20260822_201250_360_milestone4,milestone4,1787454811.375532150,target_map,1,1,0,detected,0.591377,3.144067,0.225560,-1.089842,-0.225893,0.065833,0.556295,12.552876,405.000,1,0.180075,0.000000,0.213026,0.395019
tracking_cdrone3_20260822_201250_360_milestone4,milestone4,1787454811.375532150,target_map,3,4,2,predicted,-3.516671,-1.418515,-0.318761,-1.753812,0.602822,-0.288600,0.361035,10.539543,623.500,1,1.261485,1.261485,0.591520,0.665371
tracking_cdrone3_20260822_201250_360_milestone4,milestone4,1787454811.375532150,target_map,4,6,0,detected,1.150373,1.010828,0.293654,1.502578,-0.149003,0.102465,0.719966,12.382264,4413.125,0,0.180075,0.000000,0.213026,0.395019
tracking_cdrone3_20260822_201250_360_milestone4,milestone4,1787454811.375532150,target_map,5,7,0,detected,-11.423828,0.615846,1.524803,-0.035688,-0.050614,0.110778,0.441352,0.018152,906.500,0,0.180075,0.000000,0.213026,0.395019
tracking_cdrone3_20260822_201250_360_milestone4,milestone4,1787454811.453288317,raw,1,1,0,detected,0.432367,3.131849,0.165978,-1.344685,-0.200213,-0.180648,0.582520,12.227789,405.000,1,0.000000,0.000000,0.000000,0.000000
tracking_cdrone3_20260822_201250_360_milestone4,milestone4,1787454811.453288317,raw,6,6,0,detected,1.212156,1.005838,0.216679,1.257995,-0.120447,-0.221514,0.753906,12.739162,4413.125,0,0.000000,0.000000,0.000000,0.000000
tracking_cdrone3_20260822_201250_360_milestone4,milestone4,1787454811.453288317,raw,7,7,0,detected,-11.433135,0.600273,1.582626,-0.059552,-0.093441,0.294368,0.462891,0.014926,972.125,0,0.000000,0.000000,0.000000,0.000000
tracking_cdrone3_20260822_201250_360_milestone4,milestone4,1787454811.475856304,target_map,1,1,0,detected,0.410873,3.128148,0.164760,-1.230005,-0.211769,-0.069731,0.579975,12.227789,405.000,1,0.017475,0.000000,0.156116,0.354369
tracking_cdrone3_20260822_201250_360_milestone4,milestone4,1787454811.475856304,target_map,3,4,2,predicted,-3.692663,-1.358023,-0.347721,-1.753812,0.602822,-0.288600,0.347805,10.539543,623.500,1,1.361833,1.361833,0.626642,0.690458
tracking_cdrone3_20260822_201250_360_milestone4,milestone4,1787454811.475856304,target_map,4,6,0,detected,1.236063,1.003508,0.215356,1.368057,-0.133297,-0.075723,0.750613,12.739162,4413.125,0,0.017475,0.000000,0.156116,0.354369
tracking_cdrone3_20260822_201250_360_milestone4,milestone4,1787454811.475856304,target_map,5,7,0,detected,-11.433988,0.598977,1.586326,-0.048813,-0.074169,0.211753,0.460868,0.014926,972.125,0,0.017475,0.000000,0.156116,0.354369
tracking_cdrone3_20260822_201250_360_milestone4,milestone4,1787454811.574872971,target_map,1,1,0,detected,0.289089,3.107181,0.157856,-1.230005,-0.211769,-0.069731,0.565556,12.227789,405.000,1,0.116486,0.000000,0.190770,0.379122
tracking_cdrone3_20260822_201250_360_milestone4,milestone4,1787454811.574872971,target_map,3,4,2,predicted,-3.866310,-1.298337,-0.376296,-1.753812,0.602822,-0.288600,0.334752,10.539543,623.500,1,1.460844,1.460844,0.661295,0.715211
tracking_cdrone3_20260822_201250_360_milestone4,milestone4,1787454811.574872971,target_map,4,6,0,detected,1.371515,0.990310,0.207859,1.368057,-0.133297,-0.075723,0.731951,12.739162,4413.125,0,0.116486,0.000000,0.190770,0.379122
tracking_cdrone3_20260822_201250_360_milestone4,milestone4,1787454811.574872971,target_map,5,7,0,detected,-11.438821,0.591633,1.607292,-0.048813,-0.074169,0.211753,0.449411,0.014926,972.125,0,0.116486,0.000000,0.190770,0.379122
tracking_cdrone3_20260822_201250_360_milestone4,milestone4,1787454811.675079107,target_map,1,1,0,detected,0.165846,3.085962,0.150869,-1.230005,-0.211769,-0.069731,0.550964,12.227789,405.000,1,0.216683,0.000000,0.225839,0.404171
tracking_cdrone3_20260822_201250_360_milestone4,milestone4,1787454811.675079107,target_map,3,4,2,predicted,-4.042037,-1.237936,-0.405213,-1.753812,0.602822,-0.288600,0.321542,10.539543,623.500,1,1.561041,1.561041,0.696364,0.740260
tracking_cdrone3_20260822_201250_360_milestone4,milestone4,1787454811.675079107,target_map,4,6,0,detected,1.508590,0.976954,0.200271,1.368057,-0.133297,-0.075723,0.713067,12.739162,4413.125,0,0.216683,0.000000,0.225839,0.404171
tracking_cdrone3_20260822_201250_360_milestone4,milestone4,1787454811.675079107,target_map,5,7,0,detected,-11.443712,0.584202,1.628509,-0.048813,-0.074169,0.211753,0.437816,0.014926,972.125,0,0.216683,0.000000,0.225839,0.404171
tracking_cdrone3_20260822_201250_360_milestone4,milestone4,1787454811.728109360,raw,1,1,0,detected,0.259561,3.049354,0.165384,-0.628809,-0.300184,-0.002162,0.582520,12.056271,405.000,1,0.000000,0.000000,0.000000,0.000000
tracking_cdrone3_20260822_201250_360_milestone4,milestone4,1787454811.728109360,raw,6,6,0,detected,1.676717,0.908882,0.228277,1.690450,-0.352801,0.042203,0.753906,13.207106,4413.125,0,0.000000,0.000000,0.000000,0.000000
tracking_cdrone3_20260822_201250_360_milestone4,milestone4,1787454811.728109360,raw,7,7,0,detected,-11.437880,0.586146,1.635209,-0.017264,-0.051406,0.191342,0.500000,0.014313,866.875,0,0.000000,0.000000,0.000000,0.000000
tracking_cdrone3_20260822_201250_360_milestone4,milestone4,1787454811.775621891,target_map,1,1,0,detected,0.224515,3.039207,0.164115,-0.899347,-0.260397,-0.032568,0.576845,12.056271,405.000,1,0.038968,0.000000,0.163639,0.359742
tracking_cdrone3_20260822_201250_360_milestone4,milestone4,1787454811.775621891,target_map,3,4,2,predicted,-4.217345,-1.177678,-0.434061,-1.753812,0.602822,-0.288600,0.308364,10.539543,623.500,1,1.661000,1.661000,0.731350,0.765250
tracking_cdrone3_20260822_201250_360_milestone4,milestone4,1787454811.775621891,target_map,4,6,0,detected,1.736937,0.898984,0.227854,1.545373,-0.254025,-0.010864,0.746562,13.207106,4413.125,0,0.038968,0.000000,0.163639,0.359742
tracking_cdrone3_20260822_201250_360_milestone4,milestone4,1787454811.775621891,target_map,5,7,0,detected,-11.439106,0.583744,1.643023,-0.031461,-0.061649,0.200527,0.495129,0.014313,866.875,0,0.038968,0.000000,0.163639,0.359742
tracking_cdrone3_20260822_201250_360_milestone4,milestone4,1787454811.875030041,target_map,1,1,0,detected,0.134576,3.013166,0.160858,-0.899347,-0.260397,-0.032568,0.562281,12.056271,405.000,1,0.138974,0.000000,0.198641,0.384743
tracking_cdrone3_20260822_201250_360_milestone4,milestone4,1787454811.875030041,target_map,3,4,2,predicted,-4.392736,-1.117393,-0.462923,-1.753812,0.602822,-0.288600,0.295180,10.539543,623.500,1,1.761006,1.761006,0.766352,0.790251
tracking_cdrone3_20260822_201250_360_milestone4,milestone4,1787454811.875030041,target_map,4,6,0,detected,1.891483,0.873580,0.226768,1.545373,-0.254025,-0.010864,0.727713,13.207106,4413.125,0,0.138974,0.000000,0.198641,0.384743
tracking_cdrone3_20260822_201250_360_milestone4,milestone4,1787454811.875030041,target_map,5,7,0,detected,-11.442252,0.577578,1.663077,-0.031461,-0.061649,0.200527,0.482628,0.014313,866.875,0,0.138974,0.000000,0.198641,0.384743
tracking_cdrone3_20260822_201250_360_milestone4,milestone4,1787454811.975034237,target_map,1,1,0,detected,0.044644,2.987127,0.157602,-0.899347,-0.260397,-0.032568,0.547718,12.056271,405.000,1,0.238970,0.000000,0.233639,0.409742
tracking_cdrone3_20260822_201250_360_milestone4,milestone4,1787454811.975034237,target_map,3,4,2,predicted,-4.568111,-1.057113,-0.491782,-1.753812,0.602822,-0.288600,0.281997,10.539543,623.500,1,1.861002,1.861002,0.801351,0.815250
tracking_cdrone3_20260822_201250_360_milestone4,milestone4,1787454811.975034237,target_map,4,6,0,detected,2.046015,0.848178,0.225681,1.545373,-0.254025,-0.010864,0.708866,13.207106,4413.125,0,0.238970,0.000000,0.233639,0.409742
tracking_cdrone3_20260822_201250_360_milestone4,milestone4,1787454811.975034237,target_map,5,7,0,detected,-11.445397,0.571414,1.683129,-0.031461,-0.061649,0.200527,0.470129,0.014313,866.875,0,0.238970,0.000000,0.233639,0.409742
tracking_cdrone3_20260822_201250_360_milestone4,milestone4,1787454811.987121105,raw,1,1,0,detected,0.115981,3.049467,0.166195,-0.554337,0.000435,0.003130,0.582520,11.923721,405.000,1,0.000000,0.000000,0.000000,0.000000
tracking_cdrone3_20260822_201250_360_milestone4,milestone4,1787454811.987121105,raw,6,6,0,detected,2.030084,0.884155,0.261832,1.364282,-0.095466,0.129550,0.753906,13.559282,4413.125,0,0.000000,0.000000,0.000000,0.000000
tracking_cdrone3_20260822_201250_360_milestone4,milestone4,1787454811.987121105,raw,7,7,0,detected,-11.435868,0.577319,1.666085,0.007763,-0.034081,0.119204,0.401855,0.018062,991.375,0,0.000000,0.000000,0.000000,0.000000
tracking_cdrone3_20260822_201250_360_milestone4,milestone4,1787454812.074978828,target_map,1,1,0,detected,0.062168,3.040598,0.165214,-0.709592,-0.116939,-0.012934,0.571475,11.923721,405.000,1,0.075837,0.000000,0.176543,0.368959
tracking_cdrone3_20260822_201250_360_milestone4,milestone4,1787454812.074978828,target_map,3,4,2,predicted,-4.743409,-0.996859,-0.520628,-1.753812,0.602822,-0.288600,0.268819,10.539543,623.500,1,1.960954,1.960954,0.836334,0.840239
tracking_cdrone3_20260822_201250_360_milestone4,milestone4,1787454812.074978828,target_map,4,6,0,detected,2.139726,0.871505,0.266865,1.445773,-0.166817,0.066364,0.739613,13.559282,4413.125,0,0.075837,0.000000,0.176543,0.368959
tracking_cdrone3_20260822_201250_360_milestone4,milestone4,1787454812.074978828,target_map,5,7,0,detected,-11.436618,0.573793,1.677900,-0.009888,-0.046486,0.155799,0.394237,0.018062,991.375,0,0.075837,0.000000,0.176543,0.368959
tracking_cdrone3_20260822_201250_360_milestone4,milestone4,1787454812.175067902,target_map,1,1,0,detected,-0.008842,3.028896,0.163920,-0.709592,-0.116939,-0.012934,0.556902,11.923721,405.000,1,0.175907,0.000000,0.211568,0.393977
tracking_cdrone3_20260822_201250_360_milestone4,milestone4,1787454812.175067902,target_map,3,4,2,predicted,-4.918914,-0.936535,-0.549508,-1.753812,0.602822,-0.288600,0.255627,10.539543,623.500,1,2.061025,2.061025,0.871359,0.865256
tracking_cdrone3_20260822_201250_360_milestone4,milestone4,1787454812.175067902,target_map,4,6,0,detected,2.284406,0.854811,0.273506,1.445773,-0.166817,0.066364,0.720752,13.559282,4413.125,0,0.175907,0.000000,0.211568,0.393977
tracking_cdrone3_20260822_201250_360_milestone4,milestone4,1787454812.175067902,target_map,5,7,0,detected,-11.437608,0.569141,1.693491,-0.009888,-0.046486,0.155799,0.384183,0.018062,991.375,0,0.175907,0.000000,0.211568,0.393977
tracking_cdrone3_20260822_201250_360_milestone4,milestone4,1787454812.263717413,raw,1,1,0,detected,-0.098601,3.029137,0.190819,-0.775787,-0.073498,0.089024,0.582520,11.716399,405.000,1,0.000000,0.000000,0.000000,0.000000
tracking_cdrone3_20260822_201250_360_milestone4,milestone4,1787454812.263717413,raw,7,7,0,detected,-11.438566,0.567266,1.708476,-0.009751,-0.036344,0.153259,0.443604,0.015726,1063.125,0,0.000000,0.000000,0.000000,0.000000
tracking_cdrone3_20260822_201250_360_milestone4,milestone4,1787454812.275012493,target_map,1,1,0,detected,-0.104633,3.028385,0.191168,-0.745999,-0.093047,0.043143,0.581342,11.716399,405.000,1,0.008085,0.000000,0.152830,0.352021
tracking_cdrone3_20260822_201250_360_milestone4,milestone4,1787454812.275012493,target_map,3,4,2,predicted,-5.094225,-0.876276,-0.578357,-1.753812,0.602822,-0.288600,0.242448,10.539543,623.500,1,2.160985,2.160985,0.906345,0.890246
tracking_cdrone3_20260822_201250_360_milestone4,milestone4,1787454812.275012493,target_map,4,6,2,predicted,2.428926,0.838136,0.280140,1.445773,-0.166817,0.066364,0.701912,13.559282,4413.125,0,0.275867,0.275867,0.246554,0.418967
tracking_cdrone3_20260822_201250_360_milestone4,milestone4,1787454812.275012493,target_map,5,7,0,detected,-11.438645,0.566935,1.709724,-0.009813,-0.040908,0.154402,0.442707,0.015726,1063.125,0,0.008085,0.000000,0.152830,0.352021
tracking_cdrone3_20260822_201250_360_milestone4,milestone4,1787454812.374925375,target_map,1,1,0,detected,-0.179164,3.019089,0.195478,-0.745999,-0.093047,0.043143,0.566792,11.716399,405.000,1,0.107994,0.000000,0.187798,0.376998
tracking_cdrone3_20260822_201250_360_milestone4,milestone4,1787454812.374925375,target_map,3,4,2,predicted,-5.269446,-0.816049,-0.607191,-1.753812,0.602822,-0.288600,0.229277,10.539543,623.500,1,2.260894,2.260894,0.941313,0.915224
tracking_cdrone3_20260822_201250_360_milestone4,milestone4,1787454812.374925375,target_map,4,6,2,predicted,2.573371,0.821469,0.286770,1.445773,-0.166817,0.066364,0.683081,13.559282,4413.125,0,0.375776,0.375776,0.281522,0.443944
tracking_cdrone3_20260822_201250_360_milestone4,milestone4,1787454812.374925375,target_map,5,7,0,detected,-11.439626,0.562848,1.725150,-0.009813,-0.040908,0.154402,0.431627,0.015726,1063.125,0,0.107994,0.000000,0.187798,0.376998
tracking_cdrone3_20260822_201250_360_milestone4,milestone4,1787454812.475585222,target_map,1,1,0,detected,-0.254258,3.009722,0.199821,-0.745999,-0.093047,0.043143,0.552133,11.716399,405.000,1,0.208656,0.000000,0.223030,0.402164
tracking_cdrone3_20260822_201250_360_milestone4,milestone4,1787454812.475585222,target_map,3,4,2,predicted,-5.445989,-0.755368,-0.636242,-1.753812,0.602822,-0.288600,0.216006,10.539543,623.500,1,2.361556,2.361556,0.976545,0.940389
tracking_cdrone3_20260822_201250_360_milestone4,milestone4,1787454812.475585222,target_map,4,6,2,predicted,2.718906,0.804677,0.293451,1.445773,-0.166817,0.066364,0.664109,13.559282,4413.125,0,0.476439,0.476439,0.316753,0.469110
tracking_cdrone3_20260822_201250_360_milestone4,milestone4,1787454812.475585222,target_map,5,7,0,detected,-11.440614,0.558730,1.740693,-0.009813,-0.040908,0.154402,0.420463,0.015726,1063.125,0,0.208656,0.000000,0.223030,0.402164
tracking_cdrone3_20260822_201250_360_milestone4,milestone4,1787454812.516978502,raw,1,1,0,detected,-0.268286,2.923354,0.230784,-0.669975,-0.417667,0.157794,0.582520,11.530887,405.000,1,0.000000,0.000000,0.000000,0.000000
tracking_cdrone3_20260822_201250_360_milestone4,milestone4,1787454812.516978502,raw,7,7,0,detected,-11.431785,0.553949,1.753961,0.026776,-0.052580,0.179590,0.443604,0.020541,1063.125,0,0.000000,0.000000,0.000000,0.000000
tracking_cdrone3_20260822_201250_360_milestone4,milestone4,1787454812.574942827,target_map,1,1,0,detected,-0.302032,2.910339,0.235873,-0.704186,-0.271588,0.106201,0.575541,11.530887,405.000,1,0.047922,0.000000,0.166773,0.361981
tracking_cdrone3_20260822_201250_360_milestone4,milestone4,1787454812.574942827,target_map,3,4,2,predicted,-5.620244,-0.695473,-0.664917,-1.753812,0.602822,-0.288600,0.202907,10.539543,623.500,1,2.460914,2.460914,1.011320,0.965229
tracking_cdrone3_20260822_201250_360_milestone4,milestone4,1787454812.574942827,target_map,4,6,2,predicted,2.862555,0.788103,0.300044,1.445773,-0.166817,0.066364,0.645382,13.559282,4413.125,0,0.575796,0.575796,0.351529,0.493949
tracking_cdrone3_20260822_201250_360_milestone4,milestone4,1787454812.574942827,target_map,5,7,0,detected,-11.431291,0.551681,1.762024,0.010311,-0.047328,0.168255,0.438289,0.020541,1063.125,0,0.047922,0.000000,0.166773,0.361981
tracking_cdrone3_20260822_201250_360_milestone4,milestone4,1787454812.674713612,target_map,1,1,0,detected,-0.372290,2.883243,0.246469,-0.704186,-0.271588,0.106201,0.561011,11.530887,405.000,1,0.147693,0.000000,0.201693,0.386923
tracking_cdrone3_20260822_201250_360_milestone4,milestone4,1787454812.674713612,target_map,3,4,2,predicted,-5.795224,-0.635329,-0.693711,-1.753812,0.602822,-0.288600,0.189753,10.539543,623.500,1,2.560685,2.560685,1.046240,0.990171
tracking_cdrone3_20260822_201250_360_milestone4,milestone4,1787454812.674713612,target_map,4,6,2,predicted,3.006801,0.771459,0.306665,1.445773,-0.166817,0.066364,0.626578,13.559282,4413.125,0,0.675567,0.675567,0.386449,0.518892
tracking_cdrone3_20260822_201250_360_milestone4,milestone4,1787454812.674713612,target_map,5,7,0,detected,-11.430262,0.546959,1.778811,0.010311,-0.047328,0.168255,0.427224,0.020541,1063.125,0,0.147693,0.000000,0.201693,0.386923
tracking_cdrone3_20260822_201250_360_milestone4,milestone4,1787454812.775031090,target_map,1,1,0,detected,-0.442926,2.856000,0.257122,-0.704186,-0.271588,0.106201,0.546403,11.530887,405.000,1,0.248002,0.000000,0.236801,0.412000
tracking_cdrone3_20260822_201250_360_milestone4,milestone4,1787454812.775031090,target_map,3,4,2,predicted,-5.971146,-0.574860,-0.722660,-1.753812,0.602822,-0.288600,0.176529,10.539543,623.500,1,2.660994,2.660994,1.081348,1.015248
tracking_cdrone3_20260822_201250_360_milestone4,milestone4,1787454812.775031090,target_map,4,6,2,predicted,3.151824,0.754726,0.313322,1.445773,-0.166817,0.066364,0.607672,13.559282,4413.125,0,0.775876,0.775876,0.421557,0.543969
tracking_cdrone3_20260822_201250_360_milestone4,milestone4,1787454812.775031090,target_map,5,7,0,detected,-11.429228,0.542212,1.795688,0.010311,-0.047328,0.168255,0.416100,0.020541,1063.125,0,0.248002,0.000000,0.236801,0.412000
tracking_cdrone3_20260822_201250_360_milestone4,milestone4,1787454812.794600010,raw,1,1,0,detected,-0.594886,2.887856,0.187821,-1.167269,-0.126870,-0.153548,0.582520,11.215039,405.000,1,0.000000,0.000000,0.000000,0.000000
tracking_cdrone3_20260822_201250_360_milestone4,milestone4,1787454812.794600010,raw,7,7,0,detected,-11.421726,0.535442,1.812123,0.035948,-0.066144,0.207872,0.660156,0.020118,914.250,0,0.000000,0.000000,0.000000,0.000000
tracking_cdrone3_20260822_201250_360_milestone4,milestone4,1787454812.875027657,target_map,1,1,0,detected,-0.666880,2.873441,0.185069,-0.958882,-0.191993,-0.036661,0.571586,11.215039,405.000,1,0.075081,0.000000,0.176278,0.368770
tracking_cdrone3_20260822_201250_360_milestone4,milestone4,1787454812.875027657,target_map,3,4,2,predicted,-6.146546,-0.514572,-0.751523,-1.753812,0.602822,-0.288600,0.163344,10.539543,623.500,1,2.761005,2.761005,1.116352,1.040251
tracking_cdrone3_20260822_201250_360_milestone4,milestone4,1787454812.875027657,target_map,4,6,2,predicted,3.296418,0.738042,0.319959,1.445773,-0.166817,0.066364,0.588822,13.559282,4413.125,0,0.875887,0.875887,0.456560,0.568972
tracking_cdrone3_20260822_201250_360_milestone4,milestone4,1787454812.875027657,target_map,5,7,0,detected,-11.419893,0.531112,1.826392,0.024411,-0.057676,0.190045,0.647765,0.020118,914.250,0,0.075081,0.000000,0.176278,0.368770
tracking_cdrone3_20260822_201250_360_milestone4,milestone4,1787454812.975618362,target_map,1,1,0,detected,-0.763332,2.854129,0.181381,-0.958882,-0.191993,-0.036661,0.556937,11.215039,405.000,1,0.175669,0.000000,0.211484,0.393917
tracking_cdrone3_20260822_201250_360_milestone4,milestone4,1787454812.975618362,target_map,3,4,2,predicted,-6.322960,-0.453935,-0.780553,-1.753812,0.602822,-0.288600,0.150083,10.539543,623.500,1,2.861593,2.861593,1.151558,1.065398
tracking_cdrone3_20260822_201250_360_milestone4,milestone4,1787454812.975618362,target_map,4,6,2,predicted,3.441846,0.721262,0.326635,1.445773,-0.166817,0.066364,0.569863,13.559282,4413.125,0,0.976475,0.976475,0.491766,0.594119
tracking_cdrone3_20260822_201250_360_milestone4,milestone4,1787454812.975618362,target_map,5,7,0,detected,-11.417438,0.525310,1.845508,0.024411,-0.057676,0.190045,0.631164,0.020118,914.250,0,0.175669,0.000000,0.211484,0.393917
tracking_cdrone3_20260822_201250_360_milestone4,milestone4,1787454813.055071592,raw,1,1,0,detected,-0.774872,2.819571,0.258110,-0.696866,-0.264384,0.272143,0.582520,11.011707,405.000,1,0.000000,0.000000,0.000000,0.000000
tracking_cdrone3_20260822_201250_360_milestone4,milestone4,1787454813.055071592,raw,7,7,0,detected,-11.412980,0.524073,1.829210,0.033863,-0.044021,0.066156,0.735840,0.018695,1110.000,0,0.000000,0.000000,0.000000,0.000000
tracking_cdrone3_20260822_201250_360_milestone4,milestone4,1787454813.075010061,target_map,1,1,0,detected,-0.787926,2.815857,0.260244,-0.814773,-0.231808,0.133181,0.580186,11.011707,405.000,1,0.016022,0.000000,0.155608,0.354006
tracking_cdrone3_20260822_201250_360_milestone4,milestone4,1787454813.075010061,target_map,3,4,2,predicted,-6.497262,-0.394023,-0.809235,-1.753812,0.602822,-0.288600,0.136980,10.539543,623.500,1,2.960978,2.960978,1.186342,1.090245
tracking_cdrone3_20260822_201250_360_milestone4,milestone4,1787454813.075010061,target_map,4,6,2,predicted,3.585534,0.704683,0.333230,1.445773,-0.166817,0.066364,0.551132,13.559282,4413.125,0,1.075860,1.075860,0.526551,0.618965
tracking_cdrone3_20260822_201250_360_milestone4,milestone4,1787454813.075010061,target_map,5,7,0,detected,-11.412506,0.523269,1.831163,0.029609,-0.050166,0.121906,0.732892,0.018695,1110.000,0,0.016022,0.000000,0.155608,0.354006
tracking_cdrone3_20260822_201250_360_milestone4,milestone4,1787454813.175000191,target_map,1,1,0,detected,-0.869397,2.792678,0.273561,-0.814773,-0.231808,0.133181,0.565624,11.011707,405.000,1,0.116014,0.000000,0.190605,0.379004
tracking_cdrone3_20260822_201250_360_milestone4,milestone4,1787454813.175000191,target_map,3,4,2,predicted,-6.672629,-0.333746,-0.838093,-1.753812,0.602822,-0.288600,0.123798,10.539543,623.500,1,3.060970,3.060970,1.221340,1.115242
tracking_cdrone3_20260822_201250_360_milestone4,milestone4,1787454813.175000191,target_map,4,6,2,predicted,3.730100,0.688003,0.339866,1.445773,-0.166817,0.066364,0.532286,13.559282,4413.125,0,1.175852,1.175852,0.561548,0.643963
tracking_cdrone3_20260822_201250_360_milestone4,milestone4,1787454813.175000191,target_map,5,7,0,detected,-11.409545,0.518253,1.843353,0.029609,-0.050166,0.121906,0.714498,0.018695,1110.000,0,0.116014,0.000000,0.190605,0.379004
tracking_cdrone3_20260822_201250_360_milestone4,milestone4,1787454813.276330471,target_map,1,1,0,detected,-0.951956,2.769190,0.287056,-0.814773,-0.231808,0.133181,0.550868,11.011707,405.000,1,0.217342,0.000000,0.226070,0.404335
tracking_cdrone3_20260822_201250_360_milestone4,milestone4,1787454813.276330471,target_map,3,4,2,predicted,-6.850338,-0.272663,-0.867336,-1.753812,0.602822,-0.288600,0.110439,10.539543,623.500,1,3.162297,3.162297,1.256804,1.140574
tracking_cdrone3_20260822_201250_360_milestone4,milestone4,1787454813.276330471,target_map,4,6,2,predicted,3.876596,0.671100,0.346591,1.445773,-0.166817,0.066364,0.513188,13.559282,4413.125,0,1.277180,1.277180,0.597013,0.669295
tracking_cdrone3_20260822_201250_360_milestone4,milestone4,1787454813.276330471,target_map,5,7,0,detected,-11.406545,0.513169,1.855705,0.029609,-0.050166,0.121906,0.695858,0.018695,1110.000,0,0.217342,0.000000,0.226070,0.404335
tracking_cdrone3_20260822_201250_360_milestone4,milestone4,1787454813.299987555,raw,7,7,0,detected,-11.407860,0.516795,1.824372,0.020906,-0.029716,-0.019754,0.735840,0.019602,1110.000,0,0.000000,0.000000,0.000000,0.000000
tracking_cdrone3_20260822_201250_360_milestone4,milestone4,1787454813.375099182,target_map,1,1,2,predicted,-1.032434,2.746293,0.300210,-0.814773,-0.231808,0.133181,0.536484,11.011707,405.000,1,0.316116,0.316116,0.260641,0.429029
tracking_cdrone3_20260822_201250_360_milestone4,milestone4,1787454813.375099182,target_map,3,4,2,predicted,-7.023570,-0.213120,-0.895842,-1.753812,0.602822,-0.288600,0.097417,10.539543,623.500,1,3.261072,3.261072,1.291375,1.165268
tracking_cdrone3_20260822_201250_360_milestone4,milestone4,1787454813.375099182,target_map,4,6,2,predicted,4.019401,0.654622,0.353146,1.445773,-0.166817,0.066364,0.494571,13.559282,4413.125,0,1.375954,1.375954,0.631584,0.693989
tracking_cdrone3_20260822_201250_360_milestone4,milestone4,1787454813.375099182,target_map,5,7,0,detected,-11.406057,0.513969,1.827567,0.024823,-0.038918,0.043993,0.722480,0.019602,1110.000,0,0.072621,0.000000,0.175417,0.368155
tracking_cdrone3_20260822_201250_360_milestone4,milestone4,1787454813.474936724,target_map,1,1,2,predicted,-1.113773,2.723152,0.313506,-0.814773,-0.231808,0.133181,0.521945,11.011707,405.000,1,0.415945,0.415945,0.295581,0.453986
tracking_cdrone3_20260822_201250_360_milestone4,milestone4,1787454813.474936724,target_map,3,4,2,predicted,-7.198652,-0.152941,-0.924653,-1.753812,0.602822,-0.288600,0.084256,10.539543,623.500,1,3.360901,3.360901,1.326315,1.190225
tracking_cdrone3_20260822_201250_360_milestone4,milestone4,1787454813.474936724,target_map,4,6,2,predicted,4.163732,0.637969,0.359771,1.445773,-0.166817,0.066364,0.475756,13.559282,4413.125,0,1.475783,1.475783,0.666524,0.718946
tracking_cdrone3_20260822_201250_360_milestone4,milestone4,1787454813.474936724,target_map,5,7,0,detected,-11.403579,0.510083,1.831958,0.024823,-0.038918,0.043993,0.704116,0.019602,1110.000,0,0.172451,0.000000,0.210358,0.393113
tracking_cdrone3_20260822_201250_360_milestone4,milestone4,1787454813.560617208,raw,7,7,0,detected,-11.403905,0.502650,1.815506,0.015176,-0.054268,-0.034014,0.735840,0.020143,1110.000,0,0.000000,0.000000,0.000000,0.000000
tracking_cdrone3_20260822_201250_360_milestone4,milestone4,1787454813.574993610,target_map,1,1,2,predicted,-1.195272,2.699965,0.326828,-0.814773,-0.231808,0.133181,0.507378,11.011707,405.000,1,0.515973,0.515973,0.330590,0.478993
tracking_cdrone3_20260822_201250_360_milestone4,milestone4,1787454813.574993610,target_map,3,4,2,predicted,-7.374081,-0.092642,-0.953521,-1.753812,0.602822,-0.288600,0.071069,10.539543,623.500,1,3.460929,3.460929,1.361325,1.215232
tracking_cdrone3_20260822_201250_360_milestone4,milestone4,1787454813.574993610,target_map,4,6,2,predicted,4.308349,0.621283,0.366409,1.445773,-0.166817,0.066364,0.456903,13.559282,4413.125,0,1.575811,1.575811,0.701534,0.743953
tracking_cdrone3_20260822_201250_360_milestone4,milestone4,1787454813.574993610,target_map,5,7,0,detected,-11.403790,0.502372,1.815513,0.019517,-0.047360,0.001089,0.734758,0.020143,1110.000,0,0.005879,0.000000,0.152058,0.351470
tracking_cdrone3_20260822_201250_360_milestone4,milestone4,1787454813.675747633,target_map,1,1,2,predicted,-1.277388,2.676603,0.340250,-0.814773,-0.231808,0.133181,0.492701,11.011707,405.000,1,0.616756,0.616756,0.365865,0.504189
tracking_cdrone3_20260822_201250_360_milestone4,milestone4,1787454813.675747633,target_map,3,4,2,predicted,-7.550836,-0.031888,-0.982607,-1.753812,0.602822,-0.288600,0.057782,10.539543,623.500,1,3.561712,3.561712,1.396599,1.240428
tracking_cdrone3_20260822_201250_360_milestone4,milestone4,1787454813.675747633,target_map,4,6,2,predicted,4.454059,0.604470,0.373097,1.445773,-0.166817,0.066364,0.437908,13.559282,4413.125,0,1.676594,1.676594,0.736808,0.769149
tracking_cdrone3_20260822_201250_360_milestone4,milestone4,1787454813.675747633,target_map,5,7,0,detected,-11.401823,0.497599,1.815623,0.019517,-0.047360,0.001089,0.716218,0.020143,1110.000,0,0.106663,0.000000,0.187332,0.376666
tracking_cdrone3_20260822_201250_360_milestone4,milestone4,1787454813.775043726,target_map,1,1,2,predicted,-1.358302,2.653582,0.353476,-0.814773,-0.231808,0.133181,0.478239,11.011707,405.000,1,0.716064,0.716064,0.400623,0.529016
tracking_cdrone3_20260822_201250_360_milestone4,milestone4,1787454813.775043726,target_map,3,4,2,predicted,-7.725004,0.027978,-1.011268,-1.753812,0.602822,-0.288600,0.044690,10.539543,623.500,1,3.661020,3.661020,1.431357,1.265255
tracking_cdrone3_20260822_201250_360_milestone4,milestone4,1787454813.775043726,target_map,4,6,2,predicted,4.597636,0.587904,0.379688,1.445773,-0.166817,0.066364,0.419190,13.559282,4413.125,0,1.775903,1.775903,0.771566,0.793976
tracking_cdrone3_20260822_201250_360_milestone4,milestone4,1787454813.775043726,target_map,5,7,0,detected,-11.399885,0.492896,1.815731,0.019517,-0.047360,0.001089,0.697949,0.020143,1110.000,0,0.205971,0.000000,0.222090,0.401493
tracking_cdrone3_20260822_201250_360_milestone4,milestone4,1787454813.820544481,raw,7,7,0,detected,-11.405073,0.487952,1.826630,-0.004496,-0.056548,0.042796,0.735840,0.019827,1110.000,0,0.000000,0.000000,0.000000,0.000000
tracking_cdrone3_20260822_201250_360_milestone4,milestone4,1787454813.875099897,target_map,1,1,2,predicted,-1.439821,2.630389,0.366801,-0.814773,-0.231808,0.133181,0.463669,11.011707,405.000,1,0.816116,0.816116,0.435641,0.554029
tracking_cdrone3_20260822_201250_360_milestone4,milestone4,1787454813.875099897,target_map,3,4,2,predicted,-7.900476,0.088291,-1.040143,-1.753812,0.602822,-0.288600,0.031499,10.539543,623.500,1,3.761072,3.761072,1.466375,1.290268
tracking_cdrone3_20260822_201250_360_milestone4,milestone4,1787454813.875099897,target_map,4,6,2,predicted,4.742288,0.571214,0.386327,1.445773,-0.166817,0.066364,0.400333,13.559282,4413.125,0,1.875954,1.875954,0.806584,0.818989
tracking_cdrone3_20260822_201250_360_milestone4,milestone4,1787454813.875099897,target_map,5,7,0,detected,-11.404779,0.485512,1.827749,0.006310,-0.052414,0.024028,0.727275,0.019827,1110.000,0,0.046557,0.000000,0.166295,0.361639
tracking_cdrone3_20260822_201250_360_milestone4,milestone4,1787454813.975059509,target_map,1,1,2,predicted,-1.521263,2.607219,0.380113,-0.814773,-0.231808,0.133181,0.449112,11.011707,405.000,1,0.916072,0.916072,0.470625,0.579018
tracking_cdrone3_20260822_201250_360_milestone4,milestone4,1787454813.975059509,target_map,3,4,2,predicted,-8.075780,0.148547,-1.068990,-1.753812,0.602822,-0.288600,0.018321,10.539543,623.500,1,3.861028,3.861028,1.501360,1.315257
tracking_cdrone3_20260822_201250_360_milestone4,milestone4,1787454813.975059509,target_map,4,6,2,predicted,4.886802,0.554539,0.392961,1.445773,-0.166817,0.066364,0.381493,13.559282,4413.125,0,1.975910,1.975910,0.841569,0.843978
tracking_cdrone3_20260822_201250_360_milestone4,milestone4,1787454813.975059509,target_map,5,7,0,detected,-11.404149,0.480273,1.830150,0.006310,-0.052414,0.024028,0.708887,0.019827,1110.000,0,0.146513,0.000000,0.201280,0.386628
tracking_cdrone3_20260822_201250_360_milestone4,milestone4,1787454814.075172901,target_map,1,1,2,predicted,-1.602804,2.584020,0.393442,-0.814773,-0.231808,0.133181,0.434538,11.011707,405.000,1,1.016151,1.016151,0.505653,0.604038
tracking_cdrone3_20260822_201250_360_milestone4,milestone4,1787454814.075172901,target_map,3,4,2,predicted,-8.251299,0.208876,-1.097873,-1.753812,0.602822,-0.288600,0.005128,10.539543,623.500,1,3.961107,3.961107,1.536387,1.340277
tracking_cdrone3_20260822_201250_360_milestone4,milestone4,1787454814.075172901,target_map,4,6,2,predicted,5.031493,0.537844,0.399602,1.445773,-0.166817,0.066364,0.362631,13.559282,4413.125,0,2.075989,2.075989,0.876596,0.868997
tracking_cdrone3_20260822_201250_360_milestone4,milestone4,1787454814.075172901,target_map,5,7,0,detected,-11.403517,0.475028,1.832555,0.006310,-0.052414,0.024028,0.690477,0.019827,1110.000,0,0.246592,0.000000,0.236307,0.411648
tracking_cdrone3_20260822_201250_360_milestone4,milestone4,1787454814.099945307,raw,7,7,0,detected,-11.409572,0.473289,1.841033,-0.016099,-0.052479,0.051549,0.735840,0.020198,1110.000,0,0.000000,0.000000,0.000000,0.000000
tracking_cdrone3_20260822_201250_360_milestone4,milestone4,1787454814.175294876,target_map,1,1,2,predicted,-1.684416,2.560801,0.406782,-0.814773,-0.231808,0.133181,0.419950,11.011707,405.000,1,1.116317,1.116317,0.540711,0.629079
tracking_cdrone3_20260822_201250_360_milestone4,milestone4,1787454814.175294876,target_map,3,4,2,predicted,-8.426970,0.269258,-1.126781,-1.753812,0.602822,-0.288600,0.000000,10.539543,623.500,1,4.061273,4.061273,1.571445,1.365318
tracking_cdrone3_20260822_201250_360_milestone4,milestone4,1787454814.175294876,target_map,4,6,2,predicted,5.176310,0.521135,0.406250,1.445773,-0.166817,0.066364,0.343752,13.559282,4413.125,0,2.176155,2.176155,0.911654,0.894039
tracking_cdrone3_20260822_201250_360_milestone4,milestone4,1787454814.175294876,target_map,5,7,0,detected,-11.410008,0.469483,1.843875,-0.006015,-0.052450,0.039164,0.722492,0.020198,1110.000,0,0.072560,0.000000,0.175396,0.368140
tracking_cdrone3_20260822_201250_360_milestone4,milestone4,1787454814.274902344,target_map,1,1,2,predicted,-1.765537,2.537721,0.420042,-0.814773,-0.231808,0.133181,0.405451,11.011707,405.000,1,1.215879,1.215879,0.575558,0.653970
tracking_cdrone3_20260822_201250_360_milestone4,milestone4,1787454814.274902344,target_map,3,4,2,predicted,-8.601584,0.329277,-1.155514,-1.753812,0.602822,-0.288600,0.000000,10.539543,623.500,1,4.160835,4.160835,1.606292,1.390209
tracking_cdrone3_20260822_201250_360_milestone4,milestone4,1787454814.274902344,target_map,4,6,2,predicted,5.320255,0.504526,0.412857,1.445773,-0.166817,0.066364,0.324987,13.559282,4413.125,0,2.275717,2.275717,0.946501,0.918929
tracking_cdrone3_20260822_201250_360_milestone4,milestone4,1787454814.274902344,target_map,5,7,0,detected,-11.410607,0.464262,1.847774,-0.006015,-0.052450,0.039164,0.704176,0.020198,1110.000,0,0.172123,0.000000,0.210243,0.393031
tracking_cdrone3_20260822_201250_360_milestone4,milestone4,1787454814.351289272,raw,7,7,0,detected,-11.412240,0.466564,1.848366,-0.010619,-0.026756,0.029173,0.509766,0.020067,1073.000,0,0.000000,0.000000,0.000000,0.000000
tracking_cdrone3_20260822_201250_360_milestone4,milestone4,1787454814.351289272,raw,8,8,0,detected,-11.417958,0.474531,1.846611,0.000000,0.000000,0.000000,0.631348,0.013827,307.500,0,0.000000,0.000000,0.000000,0.000000
tracking_cdrone3_20260822_201250_360_milestone4,milestone4,1787454814.376325607,target_map,1,1,2,predicted,-1.848209,2.514200,0.433555,-0.814773,-0.231808,0.133181,0.390675,11.011707,405.000,1,1.317345,1.317345,0.611071,0.679336
tracking_cdrone3_20260822_201250_360_milestone4,milestone4,1787454814.376325607,target_map,3,4,2,predicted,-8.779537,0.390443,-1.184798,-1.753812,0.602822,-0.288600,0.000000,10.539543,623.500,1,4.262300,4.262300,1.641805,1.415575
tracking_cdrone3_20260822_201250_360_milestone4,milestone4,1787454814.376325607,target_map,4,6,2,predicted,5.466951,0.487600,0.419591,1.445773,-0.166817,0.066364,0.305863,13.559282,4413.125,0,2.377183,2.377183,0.982014,0.944296
tracking_cdrone3_20260822_201250_360_milestone4,milestone4,1787454814.376325607,target_map,5,8,0,detected,-11.418244,0.474662,1.846744,-0.017342,0.007903,0.008018,0.628739,0.013827,307.500,0,0.016525,0.000000,0.155784,0.354131
tracking_cdrone3_20260822_201250_360_milestone4,milestone4,1787454814.376325607,target_map,6,7,0,detected,-11.412416,0.466122,1.848848,-0.010619,-0.026756,0.029173,0.507660,0.020067,1073.000,0,0.016525,0.000000,0.155784,0.354131
tracking_cdrone3_20260822_201250_360_milestone4,milestone4,1787454814.474978924,target_map,1,1,2,predicted,-1.928584,2.491333,0.446693,-0.814773,-0.231808,0.133181,0.376309,11.011707,405.000,1,1.415992,1.415992,0.645597,0.703998
tracking_cdrone3_20260822_201250_360_milestone4,milestone4,1787454814.474978924,target_map,3,4,2,predicted,-8.952545,0.449909,-1.213267,-1.753812,0.602822,-0.288600,0.000000,10.539543,623.500,1,4.360948,4.360948,1.676332,1.440237
tracking_cdrone3_20260822_201250_360_milestone4,milestone4,1787454814.474978924,target_map,4,6,2,predicted,5.609572,0.471144,0.426137,1.445773,-0.166817,0.066364,0.287270,13.559282,4413.125,0,2.475830,2.475830,1.016540,0.968957
tracking_cdrone3_20260822_201250_360_milestone4,milestone4,1787454814.474978924,target_map,5,8,0,detected,-11.419955,0.475442,1.847535,-0.017342,0.007903,0.008018,0.613169,0.013827,307.500,0,0.115171,0.000000,0.190310,0.378793
tracking_cdrone3_20260822_201250_360_milestone4,milestone4,1787454814.474978924,target_map,6,7,0,detected,-11.413463,0.463483,1.851726,-0.010619,-0.026756,0.029173,0.495088,0.020067,1073.000,0,0.115171,0.000000,0.190310,0.378793
tracking_cdrone3_20260822_201250_360_milestone4,milestone4,1787454814.576137543,target_map,1,1,2,predicted,-2.010997,2.467886,0.460164,-0.814773,-0.231808,0.133181,0.361579,11.011707,405.000,1,1.517141,1.517141,0.680999,0.729285
tracking_cdrone3_20260822_201250_360_milestone4,milestone4,1787454814.576137543,target_map,3,4,2,predicted,-9.129941,0.510884,-1.242459,-1.753812,0.602822,-0.288600,0.000000,10.539543,623.500,1,4.462096,4.462096,1.711734,1.465524
tracking_cdrone3_20260822_201250_360_milestone4,milestone4,1787454814.576137543,target_map,4,6,2,predicted,5.755811,0.454270,0.432850,1.445773,-0.166817,0.066364,0.268206,13.559282,4413.125,0,2.576979,2.576979,1.051943,0.994245
tracking_cdrone3_20260822_201250_360_milestone4,milestone4,1787454814.576137543,target_map,5,8,0,detected,-11.421710,0.476241,1.848346,-0.017342,0.007903,0.008018,0.597204,0.013827,307.500,0,0.216320,0.000000,0.225712,0.404080
tracking_cdrone3_20260822_201250_360_milestone4,milestone4,1787454814.576137543,target_map,6,7,0,detected,-11.414537,0.460776,1.854676,-0.010619,-0.026756,0.029173,0.482197,0.020067,1073.000,0,0.216320,0.000000,0.225712,0.404080
tracking_cdrone3_20260822_201250_360_milestone4,milestone4,1787454814.586188078,raw,7,7,0,detected,-11.416327,0.458215,1.857915,-0.017398,-0.035546,0.040654,0.509766,0.020327,1073.000,0,0.000000,0.000000,0.000000,0.000000
tracking_cdrone3_20260822_201250_360_milestone4,milestone4,1787454814.586188078,raw,8,8,0,detected,-11.418254,0.467056,1.856259,-0.001258,-0.031826,0.041073,0.634277,0.017936,300.875,0,0.000000,0.000000,0.000000,0.000000
tracking_cdrone3_20260822_201250_360_milestone4,milestone4,1787454814.674959421,target_map,1,1,2,predicted,-2.091527,2.444975,0.473327,-0.814773,-0.231808,0.133181,0.347185,11.011707,405.000,1,1.615978,1.615978,0.715592,0.753994
tracking_cdrone3_20260822_201250_360_milestone4,milestone4,1787454814.674959421,target_map,3,4,2,predicted,-9.303283,0.570465,-1.270983,-1.753812,0.602822,-0.288600,0.000000,10.539543,623.500,1,4.560934,4.560934,1.746327,1.490233
tracking_cdrone3_20260822_201250_360_milestone4,milestone4,1787454814.674959421,target_map,4,6,2,predicted,5.898707,0.437783,0.439409,1.445773,-0.166817,0.066364,0.249578,13.559282,4413.125,0,2.675816,2.675816,1.086536,1.018954
tracking_cdrone3_20260822_201250_360_milestone4,milestone4,1787454814.674959421,target_map,5,8,0,detected,-11.418971,0.465878,1.858471,-0.008496,-0.013948,0.026198,0.620889,0.017936,300.875,0,0.084429,0.000000,0.179550,0.371107
tracking_cdrone3_20260822_201250_360_milestone4,milestone4,1787454814.674959421,target_map,6,7,0,detected,-11.417538,0.455548,1.860911,-0.014347,-0.031590,0.035487,0.499006,0.020327,1073.000,0,0.084429,0.000000,0.179550,0.371107
tracking_cdrone3_20260822_201250_360_milestone4,milestone4,1787454814.776707649,target_map,1,1,2,predicted,-2.174427,2.421389,0.486878,-0.814773,-0.231808,0.133181,0.332368,11.011707,405.000,1,1.717725,1.717725,0.751204,0.779431
tracking_cdrone3_20260822_201250_360_milestone4,milestone4,1787454814.776707649,target_map,3,4,2,predicted,-9.481728,0.631800,-1.300347,-1.753812,0.602822,-0.288600,0.000000,10.539543,623.500,1,4.662681,4.662681,1.781938,1.515670
tracking_cdrone3_20260822_201250_360_milestone4,milestone4,1787454814.776707649,target_map,4,6,2,predicted,6.045810,0.420809,0.446161,1.445773,-0.166817,0.066364,0.230401,13.559282,4413.125,0,2.777563,2.777563,1.122147,1.044391
tracking_cdrone3_20260822_201250_360_milestone4,milestone4,1787454814.776707649,target_map,5,8,0,detected,-11.419836,0.464459,1.861136,-0.008496,-0.013948,0.026198,0.604756,0.017936,300.875,0,0.186176,0.000000,0.215162,0.396544
tracking_cdrone3_20260822_201250_360_milestone4,milestone4,1787454814.776707649,target_map,6,7,0,detected,-11.418998,0.452334,1.864522,-0.014347,-0.031590,0.035487,0.486039,0.020327,1073.000,0,0.186176,0.000000,0.215162,0.396544
tracking_cdrone3_20260822_201250_360_milestone4,milestone4,1787454814.875882626,target_map,1,1,2,predicted,-2.255227,2.398401,0.500085,-0.814773,-0.231808,0.133181,0.317926,11.011707,405.000,1,1.816893,1.816893,0.785913,0.804223
tracking_cdrone3_20260822_201250_360_milestone4,milestone4,1787454814.875882626,target_map,3,4,2,predicted,-9.655650,0.691581,-1.328967,-1.753812,0.602822,-0.288600,0.000000,10.539543,623.500,1,4.761848,4.761848,1.816647,1.540462
tracking_cdrone3_20260822_201250_360_milestone4,milestone4,1787454814.875882626,target_map,4,6,2,predicted,6.189185,0.404266,0.452742,1.445773,-0.166817,0.066364,0.211710,13.559282,4413.125,0,2.876731,2.876731,1.156856,1.069183
tracking_cdrone3_20260822_201250_360_milestone4,milestone4,1787454814.875882626,target_map,5,8,2,predicted,-11.420678,0.463076,1.863734,-0.008496,-0.013948,0.026198,0.589031,0.017936,300.875,0,0.285344,0.285344,0.249871,0.421336
tracking_cdrone3_20260822_201250_360_milestone4,milestone4,1787454814.875882626,target_map,6,7,2,predicted,-11.420421,0.449201,1.868041,-0.014347,-0.031590,0.035487,0.473401,0.020327,1073.000,0,0.285344,0.285344,0.249871,0.421336
tracking_cdrone3_20260822_201250_360_milestone4,milestone4,1787454814.882810593,raw,7,7,0,detected,-11.424162,0.447395,1.872055,-0.026412,-0.036477,0.047668,0.509766,0.020194,1073.000,0,0.000000,0.000000,0.000000,0.000000
tracking_cdrone3_20260822_201250_360_milestone4,milestone4,1787454814.882810593,raw,8,8,0,detected,-11.424905,0.456382,1.870518,-0.022421,-0.035983,0.048069,0.634277,0.019042,300.875,0,0.000000,0.000000,0.000000,0.000000
tracking_cdrone3_20260822_201250_360_milestone4,milestone4,1787454814.974882364,target_map,1,1,2,predicted,-2.335890,2.375452,0.513270,-0.814773,-0.231808,0.133181,0.303508,11.011707,405.000,1,1.915894,1.915894,0.820563,0.828973
tracking_cdrone3_20260822_201250_360_milestone4,milestone4,1787454814.974882364,target_map,3,4,2,predicted,-9.829278,0.751261,-1.357539,-1.753812,0.602822,-0.288600,0.000000,10.539543,623.500,1,4.860849,4.860849,1.851297,1.565212
tracking_cdrone3_20260822_201250_360_milestone4,milestone4,1787454814.974882364,target_map,4,6,2,predicted,6.332317,0.387751,0.459313,1.445773,-0.166817,0.066364,0.193051,13.559282,4413.125,0,2.975732,2.975732,1.191506,1.093933
tracking_cdrone3_20260822_201250_360_milestone4,milestone4,1787454814.974882364,target_map,5,8,0,detected,-11.426309,0.454117,1.873840,-0.016154,-0.026067,0.038227,0.620497,0.019042,300.875,0,0.086902,0.000000,0.180416,0.371726
tracking_cdrone3_20260822_201250_360_milestone4,milestone4,1787454814.974882364,target_map,6,7,0,detected,-11.425985,0.444416,1.875721,-0.020983,-0.034278,0.042187,0.498691,0.020194,1073.000,0,0.086902,0.000000,0.180416,0.371726
tracking_cdrone3_20260822_201250_360_milestone4,milestone4,1787454815.074867249,target_map,1,1,2,predicted,-2.417359,2.352274,0.526587,-0.814773,-0.231808,0.133181,0.288947,11.011707,405.000,1,2.015883,2.015883,0.855559,0.853971
tracking_cdrone3_20260822_201250_360_milestone4,milestone4,1787454815.074867249,target_map,3,4,2,predicted,-10.004642,0.811537,-1.386396,-1.753812,0.602822,-0.288600,0.000000,10.539543,623.500,1,4.960839,4.960839,1.886294,1.590210
tracking_cdrone3_20260822_201250_360_milestone4,milestone4,1787454815.074867249,target_map,4,6,2,predicted,6.476880,0.371071,0.465948,1.445773,-0.166817,0.066364,0.174205,13.559282,4413.125,0,3.075722,3.075722,1.226503,1.118930
tracking_cdrone3_20260822_201250_360_milestone4,milestone4,1787454815.074867249,target_map,5,8,0,detected,-11.427924,0.451510,1.877662,-0.016154,-0.026067,0.038227,0.604642,0.019042,300.875,0,0.186892,0.000000,0.215412,0.396723
tracking_cdrone3_20260822_201250_360_milestone4,milestone4,1787454815.074867249,target_map,6,7,0,detected,-11.428083,0.440989,1.879939,-0.020983,-0.034278,0.042187,0.485948,0.020194,1073.000,0,0.186892,0.000000,0.215412,0.396723
tracking_cdrone3_20260822_201250_360_milestone4,milestone4,1787454815.127880096,raw,8,8,0,detected,-11.451086,0.438082,1.891212,-0.106836,-0.074676,0.084445,0.886719,0.005882,6873.875,1,0.000000,0.000000,0.000000,0.000000
tracking_cdrone3_20260822_201250_360_milestone4,milestone4,1787454815.127880096,raw,7,7,1,held,-11.437696,0.432710,1.893291,-0.055228,-0.059922,0.086659,0.509766,0.020084,1073.000,0,0.245058,0.245058,0.000000,0.000000
tracking_cdrone3_20260822_201250_360_milestone4,milestone4,1787454815.174998522,target_map,1,1,2,predicted,-2.498938,2.329064,0.539922,-0.814773,-0.231808,0.133181,0.274365,11.011707,405.000,1,2.116009,2.116009,0.890603,0.879002
tracking_cdrone3_20260822_201250_360_milestone4,milestone4,1787454815.174998522,target_map,4,6,2,predicted,6.621638,0.354369,0.472593,1.445773,-0.166817,0.066364,0.155334,13.559282,4413.125,0,3.175847,3.175847,1.261546,1.143962
tracking_cdrone3_20260822_201250_360_milestone4,milestone4,1787454815.174998522,target_map,5,8,0,detected,-11.453901,0.435830,1.893926,-0.066029,-0.052802,0.063647,0.877266,0.005882,6873.875,1,0.042643,0.000000,0.164925,0.360661
tracking_cdrone3_20260822_201250_360_milestone4,milestone4,1787454815.174998522,target_map,6,7,1,held,-11.439393,0.430647,1.896133,-0.039818,-0.048382,0.066646,0.473101,0.020084,1073.000,0,0.287701,0.000000,0.164925,0.360661
tracking_cdrone3_20260822_201250_360_milestone4,milestone4,1787454815.275177956,target_map,1,1,2,predicted,-2.580550,2.305845,0.553262,-0.814773,-0.231808,0.133181,0.259778,11.011707,405.000,1,2.216173,2.216173,0.925661,0.904043
tracking_cdrone3_20260822_201250_360_milestone4,milestone4,1787454815.275177956,target_map,4,6,2,predicted,6.766454,0.337659,0.479240,1.445773,-0.166817,0.066364,0.136455,13.559282,4413.125,0,3.276011,3.276011,1.296604,1.169003
tracking_cdrone3_20260822_201250_360_milestone4,milestone4,1787454815.275177956,target_map,5,8,0,detected,-11.460516,0.430541,1.900301,-0.066029,-0.052802,0.063647,0.855061,0.005882,6873.875,1,0.142808,0.000000,0.199983,0.385702
tracking_cdrone3_20260822_201250_360_milestone4,milestone4,1787454815.275177956,target_map,6,7,1,held,-11.443382,0.425801,1.902809,-0.039818,-0.048382,0.066646,0.460335,0.020084,1073.000,0,0.387866,0.000000,0.199983,0.385702
tracking_cdrone3_20260822_201250_360_milestone4,milestone4,1787454815.361941338,raw,8,8,0,detected,-4.894582,0.614896,2.219778,28.010887,0.755391,1.403710,0.879883,6.576975,6683.375,0,0.000000,0.000000,0.000000,0.000000
tracking_cdrone3_20260822_201250_360_milestone4,milestone4,1787454815.361941338,raw,7,7,1,held,-11.441928,0.426646,1.900221,-0.018082,-0.025910,0.029608,0.509766,0.019979,1073.000,0,0.479128,0.479128,0.000000,0.000000
tracking_cdrone3_20260822_201250_360_milestone4,milestone4,1787454815.376519442,target_map,1,1,2,predicted,-2.663137,2.282348,0.566761,-0.814773,-0.231808,0.133181,0.245017,11.011707,405.000,1,2.317535,2.317535,0.961137,0.929384
tracking_cdrone3_20260822_201250_360_milestone4,milestone4,1787454815.376519442,target_map,4,6,2,predicted,6.913000,0.320751,0.485967,1.445773,-0.166817,0.066364,0.117351,13.559282,4413.125,0,3.377373,3.377373,1.332081,1.194343
tracking_cdrone3_20260822_201250_360_milestone4,milestone4,1787454815.376519442,target_map,5,8,0,detected,-4.861475,0.615615,2.221666,4.363179,0.094705,0.248782,0.878214,6.576975,6683.375,0,0.007588,0.000000,0.152656,0.351897
tracking_cdrone3_20260822_201250_360_milestone4,milestone4,1787454815.376519442,target_map,6,7,1,held,-11.442140,0.426372,1.900573,-0.027863,-0.036022,0.046275,0.447738,0.019979,1073.000,0,0.486716,0.000000,0.152656,0.351897
tracking_cdrone3_20260822_201250_360_milestone4,milestone4,1787454815.474988937,target_map,1,1,2,predicted,-2.743361,2.259524,0.579874,-0.814773,-0.231808,0.133181,0.230678,11.011707,405.000,1,2.415998,2.415998,0.995599,0.953999
tracking_cdrone3_20260822_201250_360_milestone4,milestone4,1787454815.474988937,target_map,4,6,2,predicted,7.055354,0.304325,0.492501,1.445773,-0.166817,0.066364,0.098793,13.559282,4413.125,0,3.475836,3.475836,1.366542,1.218959
tracking_cdrone3_20260822_201250_360_milestone4,milestone4,1787454815.474988937,target_map,5,8,0,detected,-4.431866,0.624940,2.246161,4.363179,0.094705,0.248782,0.856555,6.576975,6683.375,0,0.106050,0.000000,0.187118,0.376513
tracking_cdrone3_20260822_201250_360_milestone4,milestone4,1787454815.474988937,target_map,6,7,1,held,-11.444882,0.422826,1.905129,-0.027863,-0.036022,0.046275,0.435190,0.019979,1073.000,0,0.585178,0.000000,0.187118,0.376513
tracking_cdrone3_20260822_201250_360_milestone4,milestone4,1787454815.574977636,target_map,1,1,2,predicted,-2.824831,2.236346,0.593191,-0.814773,-0.231808,0.133181,0.216116,11.011707,405.000,1,2.515988,2.515988,1.030596,0.978997
tracking_cdrone3_20260822_201250_360_milestone4,milestone4,1787454815.574977636,target_map,4,6,2,predicted,7.199918,0.287645,0.499137,1.445773,-0.166817,0.066364,0.079947,13.559282,4413.125,0,3.575826,3.575826,1.401539,1.243957
tracking_cdrone3_20260822_201250_360_milestone4,milestone4,1787454815.574977636,target_map,5,8,0,detected,-3.995588,0.634409,2.271037,4.363179,0.094705,0.248782,0.834560,6.576975,6683.375,0,0.206041,0.000000,0.222114,0.401510
tracking_cdrone3_20260822_201250_360_milestone4,milestone4,1787454815.574977636,target_map,6,7,1,held,-11.447669,0.419224,1.909756,-0.027863,-0.036022,0.046275,0.422447,0.019979,1073.000,0,0.685169,0.000000,0.222114,0.401510
tracking_cdrone3_20260822_201250_360_milestone4,milestone4,1787454815.589496374,raw,7,7,0,detected,-11.445680,0.419527,1.908047,-0.016486,-0.031282,0.034390,0.509766,0.020428,1073.000,0,0.000000,0.000000,0.000000,0.000000
tracking_cdrone3_20260822_201250_360_milestone4,milestone4,1787454815.589496374,raw,8,8,0,detected,-5.901164,0.490993,2.244193,-4.423385,-0.544488,0.107293,0.883301,5.574816,6184.500,1,0.000000,0.000000,0.000000,0.000000
tracking_cdrone3_20260822_201250_360_milestone4,milestone4,1787454815.675079823,target_map,1,1,2,predicted,-2.906394,2.213140,0.606523,-0.814773,-0.231808,0.133181,0.201538,11.011707,405.000,1,2.616093,2.616093,1.065633,1.004023
tracking_cdrone3_20260822_201250_360_milestone4,milestone4,1787454815.675079823,target_map,4,6,2,predicted,7.344647,0.270946,0.505780,1.445773,-0.166817,0.066364,0.061079,13.559282,4413.125,0,3.675931,3.675931,1.436576,1.268983
tracking_cdrone3_20260822_201250_360_milestone4,milestone4,1787454815.675079823,target_map,5,8,0,detected,-5.939217,0.470172,2.258052,-0.469431,-0.256851,0.170963,0.865400,5.574816,6184.500,1,0.081063,0.000000,0.178372,0.370266
tracking_cdrone3_20260822_201250_360_milestone4,milestone4,1787454815.675079823,target_map,6,7,0,detected,-11.447431,0.416819,1.911268,-0.021606,-0.033415,0.039738,0.499435,0.020428,1073.000,0,0.081063,0.000000,0.178372,0.370266
tracking_cdrone3_20260822_201250_360_milestone4,milestone4,1787454815.775852203,target_map,1,1,2,predicted,-2.988499,2.189781,0.619944,-0.814773,-0.231808,0.133181,0.186863,11.011707,405.000,1,2.716864,2.716864,1.100903,1.029216
tracking_cdrone3_20260822_201250_360_milestone4,milestone4,1787454815.775852203,target_map,4,6,2,predicted,7.490340,0.254135,0.512468,1.445773,-0.166817,0.066364,0.042086,13.559282,4413.125,0,3.776702,3.776702,1.471846,1.294176
tracking_cdrone3_20260822_201250_360_milestone4,milestone4,1787454815.775852203,target_map,5,8,0,detected,-5.986522,0.444289,2.275280,-0.469431,-0.256851,0.170963,0.843147,5.574816,6184.500,1,0.181834,0.000000,0.213642,0.395458
tracking_cdrone3_20260822_201250_360_milestone4,milestone4,1787454815.775852203,target_map,6,7,0,detected,-11.449608,0.413451,1.915273,-0.021606,-0.033415,0.039738,0.486592,0.020428,1073.000,0,0.181834,0.000000,0.213642,0.395458
tracking_cdrone3_20260822_201250_360_milestone4,milestone4,1787454815.819382906,raw,8,8,0,detected,-6.019334,0.391111,2.269871,-0.514055,-0.434499,0.111702,0.882812,5.461565,5886.000,1,0.000000,0.000000,0.000000,0.000000
tracking_cdrone3_20260822_201250_360_milestone4,milestone4,1787454815.876899242,target_map,1,1,2,predicted,-3.070832,2.166356,0.633402,-0.814773,-0.231808,0.133181,0.172147,11.011707,405.000,1,2.817915,2.817915,1.136270,1.054479
tracking_cdrone3_20260822_201250_360_milestone4,milestone4,1787454815.876899242,target_map,4,6,2,predicted,7.636436,0.237278,0.519174,1.445773,-0.166817,0.066364,0.023041,13.559282,4413.125,0,3.877753,3.877753,1.507214,1.319438
tracking_cdrone3_20260822_201250_360_milestone4,milestone4,1787454815.876899242,target_map,5,8,0,detected,-6.046290,0.371763,2.277422,-0.493974,-0.354558,0.138370,0.870769,5.461565,5886.000,1,0.054569,0.000000,0.169099,0.363642
tracking_cdrone3_20260822_201250_360_milestone4,milestone4,1787454815.876899242,target_map,6,7,2,predicted,-11.451792,0.410075,1.919288,-0.021606,-0.033415,0.039738,0.473714,0.020428,1073.000,0,0.282885,0.282885,0.249010,0.420721
tracking_cdrone3_20260822_201250_360_milestone4,milestone4,1787454815.975048780,target_map,1,1,2,predicted,-3.150798,2.143606,0.646473,-0.814773,-0.231808,0.133181,0.157854,11.011707,405.000,1,2.916059,2.916059,1.170621,1.079015
tracking_cdrone3_20260822_201250_360_milestone4,milestone4,1787454815.975048780,target_map,4,6,2,predicted,7.778330,0.220906,0.525687,1.445773,-0.166817,0.066364,0.004543,13.559282,4413.125,0,3.975897,3.975897,1.541564,1.343974
tracking_cdrone3_20260822_201250_360_milestone4,milestone4,1787454815.975048780,target_map,5,8,0,detected,-6.094770,0.336965,2.291002,-0.493974,-0.354558,0.138370,0.849108,5.461565,5886.000,1,0.152714,0.000000,0.203450,0.388178
tracking_cdrone3_20260822_201250_360_milestone4,milestone4,1787454815.975048780,target_map,6,7,2,predicted,-11.453912,0.406795,1.923188,-0.021606,-0.033415,0.039738,0.461207,0.020428,1073.000,0,0.381029,0.381029,0.283360,0.445257
tracking_cdrone3_20260822_201250_360_milestone4,milestone4,1787454816.069254875,raw,8,8,0,detected,-6.047686,0.289751,2.294033,-0.113459,-0.405621,0.096690,0.846191,5.439677,6664.000,1,0.000000,0.000000,0.000000,0.000000
tracking_cdrone3_20260822_201250_360_milestone4,milestone4,1787454816.074698448,target_map,1,1,2,predicted,-3.231995,2.120505,0.659745,-0.814773,-0.231808,0.133181,0.143341,11.011707,405.000,1,3.015715,3.015715,1.205500,1.103929
tracking_cdrone3_20260822_201250_360_milestone4,milestone4,1787454816.074698448,target_map,4,6,2,predicted,7.922410,0.204282,0.532301,1.445773,-0.166817,0.066364,0.000000,13.559282,4413.125,0,4.075553,4.075553,1.576444,1.368888
tracking_cdrone3_20260822_201250_360_milestone4,milestone4,1787454816.074698448,target_map,5,8,0,detected,-6.048091,0.289205,2.294197,-0.284691,-0.382643,0.115446,0.845890,5.439677,6664.000,1,0.001426,0.000000,0.150499,0.350356
tracking_cdrone3_20260822_201250_360_milestone4,milestone4,1787454816.074698448,target_map,6,7,2,predicted,-11.456065,0.403465,1.927149,-0.021606,-0.033415,0.039738,0.448506,0.020428,1073.000,0,0.480685,0.480685,0.318240,0.470171
tracking_cdrone3_20260822_201250_360_milestone4,milestone4,1787454816.175159693,target_map,1,1,2,predicted,-3.313829,2.097222,0.673122,-0.814773,-0.231808,0.133181,0.128714,11.011707,405.000,1,3.116154,3.116154,1.240654,1.129038
tracking_cdrone3_20260822_201250_360_milestone4,milestone4,1787454816.175159693,target_map,4,6,2,predicted,8.067621,0.187527,0.538966,1.445773,-0.166817,0.066364,0.000000,13.559282,4413.125,0,4.175992,4.175992,1.611597,1.393998
tracking_cdrone3_20260822_201250_360_milestone4,milestone4,1787454816.175159693,target_map,5,8,0,detected,-6.076685,0.250774,2.305793,-0.284691,-0.382643,0.115446,0.824642,5.439677,6664.000,1,0.101864,0.000000,0.185652,0.375466
tracking_cdrone3_20260822_201250_360_milestone4,milestone4,1787454816.175159693,target_map,6,7,2,predicted,-11.458236,0.400109,1.931140,-0.021606,-0.033415,0.039738,0.435706,0.020428,1073.000,0,0.581123,0.581123,0.353393,0.495281
tracking_cdrone3_20260822_201250_360_milestone4,milestone4,1787454816.275001526,target_map,1,1,2,predicted,-3.395182,2.074077,0.686420,-0.814773,-0.231808,0.133181,0.114174,11.011707,405.000,1,3.216000,3.216000,1.275600,1.154000
tracking_cdrone3_20260822_201250_360_milestone4,milestone4,1787454816.275001526,target_map,4,6,2,predicted,8.211977,0.170871,0.545592,1.445773,-0.166817,0.066364,0.000000,13.559282,4413.125,0,4.275838,4.275838,1.646543,1.418960
tracking_cdrone3_20260822_201250_360_milestone4,milestone4,1787454816.275001526,target_map,5,8,0,detected,-6.105111,0.212568,2.317319,-0.284691,-0.382643,0.115446,0.803520,5.439677,6664.000,1,0.201710,0.000000,0.220599,0.400428
tracking_cdrone3_20260822_201250_360_milestone4,milestone4,1787454816.275001526,target_map,6,7,2,predicted,-11.460393,0.396773,1.935108,-0.021606,-0.033415,0.039738,0.422982,0.020428,1073.000,0,0.680970,0.680970,0.388339,0.520243
tracking_cdrone3_20260822_201250_360_milestone4,milestone4,1787454816.330820084,raw,8,8,0,detected,-6.187897,0.218228,2.269969,-0.536093,-0.273466,-0.092005,0.872070,5.302396,7704.000,1,0.000000,0.000000,0.000000,0.000000
tracking_cdrone3_20260822_201250_360_milestone4,milestone4,1787454816.375205994,target_map,1,1,2,predicted,-3.476844,2.050844,0.699768,-0.814773,-0.231808,0.133181,0.099578,11.011707,405.000,1,3.316227,3.316227,1.310680,1.179057
tracking_cdrone3_20260822_201250_360_milestone4,milestone4,1787454816.375205994,target_map,4,6,2,predicted,8.356883,0.154151,0.552244,1.445773,-0.166817,0.066364,0.000000,13.559282,4413.125,0,4.376065,4.376065,1.681623,1.444016
tracking_cdrone3_20260822_201250_360_milestone4,milestone4,1787454816.375205994,target_map,5,8,0,detected,-6.204514,0.205554,2.270022,-0.422962,-0.322596,0.001348,0.863505,5.302396,7704.000,1,0.039285,0.000000,0.163750,0.359821
tracking_cdrone3_20260822_201250_360_milestone4,milestone4,1787454816.375205994,target_map,6,7,2,predicted,-11.462558,0.393424,1.939090,-0.021606,-0.033415,0.039738,0.410209,0.020428,1073.000,0,0.781197,0.781197,0.423419,0.545299
tracking_cdrone3_20260822_201250_360_milestone4,milestone4,1787454816.474907160,target_map,1,1,2,predicted,-3.558072,2.027734,0.713045,-0.814773,-0.231808,0.133181,0.085059,11.011707,405.000,1,3.415921,3.415921,1.345572,1.203980
tracking_cdrone3_20260822_201250_360_milestone4,milestone4,1787454816.474907160,target_map,4,6,2,predicted,8.501017,0.137521,0.558860,1.445773,-0.166817,0.066364,0.000000,13.559282,4413.125,0,4.475759,4.475759,1.716516,1.468940
tracking_cdrone3_20260822_201250_360_milestone4,milestone4,1787454816.474907160,target_map,5,8,0,detected,-6.246680,0.173394,2.270157,-0.422962,-0.322596,0.001348,0.841771,5.302396,7704.000,1,0.138979,0.000000,0.198643,0.384745
tracking_cdrone3_20260822_201250_360_milestone4,milestone4,1787454816.474907160,target_map,6,7,2,predicted,-11.464712,0.390092,1.943052,-0.021606,-0.033415,0.039738,0.397504,0.020428,1073.000,0,0.880891,0.880891,0.458312,0.570223
tracking_cdrone3_20260822_201250_360_milestone4,milestone4,1787454816.571291447,raw,8,8,0,detected,-6.209371,0.151391,2.302849,-0.089294,-0.277929,0.136723,0.887207,5.288307,7728.000,1,0.000000,0.000000,0.000000,0.000000
tracking_cdrone3_20260822_201250_360_milestone4,milestone4,1787454816.578561544,target_map,1,1,2,predicted,-3.642508,2.003711,0.726847,-0.814773,-0.231808,0.133181,0.069968,11.011707,405.000,1,3.519552,3.519552,1.381843,1.229888
tracking_cdrone3_20260822_201250_360_milestone4,milestone4,1787454816.578561544,target_map,4,6,2,predicted,8.650845,0.120233,0.565737,1.445773,-0.166817,0.066364,0.000000,13.559282,4413.125,0,4.579391,4.579391,1.752787,1.494848
tracking_cdrone3_20260822_201250_360_milestone4,milestone4,1787454816.578561544,target_map,5,8,0,detected,-6.290512,0.139963,2.270296,-0.422962,-0.322596,0.001348,0.819177,5.302396,7704.000,1,0.242610,0.000000,0.234914,0.410653
tracking_cdrone3_20260822_201250_360_milestone4,milestone4,1787454816.578561544,target_map,6,7,2,predicted,-11.466951,0.386629,1.947170,-0.021606,-0.033415,0.039738,0.384297,0.020428,1073.000,0,0.984522,0.984522,0.494583,0.596131
tracking_cdrone3_20260822_201250_360_milestone4,milestone4,1787454816.675067663,target_map,1,1,2,predicted,-3.721157,1.981335,0.739703,-0.814773,-0.231808,0.133181,0.055910,11.011707,405.000,1,3.616082,3.616082,1.415629,1.254020
tracking_cdrone3_20260822_201250_360_milestone4,milestone4,1787454816.675067663,target_map,4,6,2,predicted,8.790404,0.104130,0.572143,1.445773,-0.166817,0.066364,0.000000,13.559282,4413.125,0,4.675920,4.675920,1.786572,1.518980
tracking_cdrone3_20260822_201250_360_milestone4,milestone4,1787454816.675067663,target_map,5,8,0,detected,-6.229744,0.126033,2.309299,-0.239445,-0.298029,0.075804,0.868335,5.288307,7728.000,1,0.085086,0.000000,0.179780,0.371272
tracking_cdrone3_20260822_201250_360_milestone4,milestone4,1787454816.675067663,target_map,6,7,2,predicted,-11.469037,0.383404,1.951006,-0.021606,-0.033415,0.039738,0.371995,0.020428,1073.000,0,1.081051,1.081051,0.528368,0.620263
tracking_cdrone3_20260822_201250_360_milestone4,milestone4,1787454816.778164387,target_map,1,1,2,predicted,-3.805152,1.957438,0.753432,-0.814773,-0.231808,0.133181,0.040897,11.011707,405.000,1,3.719171,3.719171,1.451710,1.279793
tracking_cdrone3_20260822_201250_360_milestone4,milestone4,1787454816.778164387,target_map,4,6,2,predicted,8.939448,0.086933,0.578984,1.445773,-0.166817,0.066364,0.000000,13.559282,4413.125,0,4.779009,4.779009,1.822653,1.544752
tracking_cdrone3_20260822_201250_360_milestone4,milestone4,1787454816.778164387,target_map,5,8,0,detected,-6.254428,0.095309,2.317113,-0.239445,-0.298029,0.075804,0.845469,5.288307,7728.000,1,0.188175,0.000000,0.215861,0.397044
tracking_cdrone3_20260822_201250_360_milestone4,milestone4,1787454816.778164387,target_map,6,7,2,predicted,-11.471264,0.379959,1.955103,-0.021606,-0.033415,0.039738,0.358857,0.020428,1073.000,0,1.184141,1.184141,0.564449,0.646035
tracking_cdrone3_20260822_201250_360_milestone4,milestone4,1787454816.825748682,raw,8,8,0,detected,-6.187329,0.077623,2.282227,0.086624,-0.289912,-0.081042,0.888184,5.319294,8362.000,0,0.000000,0.000000,0.000000,0.000000
tracking_cdrone3_20260822_201250_360_milestone4,milestone4,1787454816.874870777,target_map,1,1,2,predicted,-3.883950,1.935019,0.766312,-0.814773,-0.231808,0.133181,0.026813,11.011707,405.000,1,3.815883,3.815883,1.485559,1.303971
tracking_cdrone3_20260822_201250_360_milestone4,milestone4,1787454816.874870777,target_map,4,6,2,predicted,9.079271,0.070800,0.585403,1.445773,-0.166817,0.066364,0.000000,13.559282,4413.125,0,4.875721,4.875721,1.856502,1.568930
tracking_cdrone3_20260822_201250_360_milestone4,milestone4,1787454816.874870777,target_map,5,8,0,detected,-6.190117,0.064009,2.281742,-0.060107,-0.293565,-0.010462,0.877886,5.319294,8362.000,0,0.046375,0.000000,0.166231,0.361594
tracking_cdrone3_20260822_201250_360_milestone4,milestone4,1787454816.874870777,target_map,6,7,2,predicted,-11.473353,0.376728,1.958946,-0.021606,-0.033415,0.039738,0.346532,0.020428,1073.000,0,1.280853,1.280853,0.598298,0.670213
tracking_cdrone3_20260822_201250_360_milestone4,milestone4,1787454816.975054264,target_map,1,1,2,predicted,-3.965576,1.911796,0.779655,-0.814773,-0.231808,0.133181,0.012223,11.011707,405.000,1,3.916066,3.916066,1.520623,1.329016
tracking_cdrone3_20260822_201250_360_milestone4,milestone4,1787454816.975054264,target_map,4,6,2,predicted,9.224113,0.054088,0.592051,1.445773,-0.166817,0.066364,0.000000,13.559282,4413.125,0,4.975904,4.975904,1.891566,1.593976
tracking_cdrone3_20260822_201250_360_milestone4,milestone4,1787454816.975054264,target_map,5,8,0,detected,-6.196138,0.034599,2.280694,-0.060107,-0.293565,-0.010462,0.855641,5.319294,8362.000,0,0.146558,0.000000,0.201295,0.386639
tracking_cdrone3_20260822_201250_360_milestone4,milestone4,1787454816.975054264,target_map,6,7,2,predicted,-11.475518,0.373380,1.962927,-0.021606,-0.033415,0.039738,0.333765,0.020428,1073.000,0,1.381035,1.381035,0.633362,0.695259
tracking_cdrone3_20260822_201250_360_milestone4,milestone4,1787454817.074966431,target_map,1,1,2,predicted,-4.046974,1.888638,0.792960,-0.814773,-0.231808,0.133181,0.000000,11.011707,405.000,1,4.015968,4.015968,1.555589,1.353992
tracking_cdrone3_20260822_201250_360_milestone4,milestone4,1787454817.074966431,target_map,5,8,0,detected,-6.202143,0.005271,2.279649,-0.060107,-0.293565,-0.010462,0.833458,5.319294,8362.000,0,0.246460,0.000000,0.236261,0.411615
tracking_cdrone3_20260822_201250_360_milestone4,milestone4,1787454817.074966431,target_map,6,7,2,predicted,-11.477676,0.370042,1.966897,-0.021606,-0.033415,0.039738,0.321033,0.020428,1073.000,0,1.480938,1.480938,0.668328,0.720235
tracking_cdrone3_20260822_201250_360_milestone4,milestone4,1787454817.090762854,raw,8,8,0,detected,-6.051652,0.016048,2.264576,0.511924,-0.232331,-0.066601,0.896484,5.469018,7987.500,0,0.000000,0.000000,0.000000,0.000000
tracking_cdrone3_20260822_201250_360_milestone4,milestone4,1787454817.175046444,target_map,1,1,2,predicted,-4.128525,1.865436,0.806290,-0.814773,-0.231808,0.133181,0.000000,11.011707,405.000,1,4.116058,4.116058,1.590621,1.379015
tracking_cdrone3_20260822_201250_360_milestone4,milestone4,1787454817.175046444,target_map,5,8,0,detected,-6.031633,-0.004395,2.261324,0.254510,-0.259886,-0.041338,0.878855,5.469018,7987.500,0,0.078660,0.000000,0.177531,0.369665
tracking_cdrone3_20260822_201250_360_milestone4,milestone4,1787454817.175046444,target_map,6,7,2,predicted,-11.479839,0.366697,1.970874,-0.021606,-0.033415,0.039738,0.308277,0.020428,1073.000,0,1.581028,1.581028,0.703360,0.745257
tracking_cdrone3_20260822_201250_360_milestone4,milestone4,1787454817.275126457,target_map,1,1,2,predicted,-4.210062,1.842239,0.819618,-0.814773,-0.231808,0.133181,0.000000,11.011707,405.000,1,4.216132,4.216132,1.625646,1.404033
tracking_cdrone3_20260822_201250_360_milestone4,milestone4,1787454817.275126457,target_map,5,8,0,detected,-6.006163,-0.030403,2.257187,0.254510,-0.259886,-0.041338,0.856427,5.469018,7987.500,0,0.178733,0.000000,0.212557,0.394683
tracking_cdrone3_20260822_201250_360_milestone4,milestone4,1787454817.275126457,target_map,6,7,2,predicted,-11.482001,0.363353,1.974851,-0.021606,-0.033415,0.039738,0.295524,0.020428,1073.000,0,1.681102,1.681102,0.738386,0.770275
tracking_cdrone3_20260822_201250_360_milestone4,milestone4,1787454817.330361366,raw,8,8,0,detected,-6.131682,-0.066018,2.259990,-0.334045,-0.342545,-0.019140,0.896484,5.402594,7345.000,1,0.000000,0.000000,0.000000,0.000000
tracking_cdrone3_20260822_201250_360_milestone4,milestone4,1787454817.374983311,target_map,1,1,2,predicted,-4.291430,1.819089,0.832918,-0.814773,-0.231808,0.133181,0.000000,11.011707,405.000,1,4.315997,4.315997,1.660599,1.428999
tracking_cdrone3_20260822_201250_360_milestone4,milestone4,1787454817.374983311,target_map,5,8,0,detected,-6.134103,-0.076700,2.258971,-0.069195,-0.305348,-0.029129,0.888644,5.402594,7345.000,1,0.034985,0.000000,0.162245,0.358746
tracking_cdrone3_20260822_201250_360_milestone4,milestone4,1787454817.374983311,target_map,6,7,2,predicted,-11.484159,0.360016,1.978820,-0.021606,-0.033415,0.039738,0.282797,0.020428,1073.000,0,1.780967,1.780967,0.773338,0.795242
tracking_cdrone3_20260822_201250_360_milestone4,milestone4,1787454817.474976540,target_map,1,1,2,predicted,-4.372902,1.795910,0.846235,-0.814773,-0.231808,0.133181,0.000000,11.011707,405.000,1,4.415992,4.415992,1.695597,1.453998
tracking_cdrone3_20260822_201250_360_milestone4,milestone4,1787454817.474976540,target_map,5,8,0,detected,-6.141022,-0.107233,2.256059,-0.069195,-0.305348,-0.029129,0.866233,5.402594,7345.000,1,0.134979,0.000000,0.197243,0.383745
tracking_cdrone3_20260822_201250_360_milestone4,milestone4,1787454817.474976540,target_map,6,7,2,predicted,-11.486320,0.356675,1.982793,-0.021606,-0.033415,0.039738,0.270053,0.020428,1073.000,0,1.880961,1.880961,0.808336,0.820240
tracking_cdrone3_20260822_201250_360_milestone4,milestone4,1787454817.570033312,raw,8,8,0,detected,-6.104699,-0.167017,2.257071,0.112574,-0.421380,-0.012180,0.898926,5.443523,7689.000,0,0.000000,0.000000,0.000000,0.000000
tracking_cdrone3_20260822_201250_360_milestone4,milestone4,1787454817.574699879,target_map,1,1,2,predicted,-4.454166,1.772789,0.859519,-0.814773,-0.231808,0.133181,0.000000,11.011707,405.000,1,4.515730,4.515730,1.730505,1.478932
tracking_cdrone3_20260822_201250_360_milestone4,milestone4,1787454817.574699879,target_map,5,8,0,detected,-6.104640,-0.167725,2.257033,0.030778,-0.369166,-0.019807,0.898495,5.443523,7689.000,0,0.001919,0.000000,0.150671,0.350480
tracking_cdrone3_20260822_201250_360_milestone4,milestone4,1787454817.574699879,target_map,6,7,2,predicted,-11.488474,0.353342,1.986757,-0.021606,-0.033415,0.039738,0.257342,0.020428,1073.000,0,1.980700,1.980700,0.843245,0.845175
tracking_cdrone3_20260822_201250_360_milestone4,milestone4,1787454817.675029993,target_map,1,1,2,predicted,-4.535892,1.749538,0.872877,-0.814773,-0.231808,0.133181,0.000000,11.011707,405.000,1,4.616035,4.616035,1.765612,1.504009
tracking_cdrone3_20260822_201250_360_milestone4,milestone4,1787454817.675029993,target_map,5,8,0,detected,-6.101553,-0.204754,2.255046,0.030778,-0.369166,-0.019807,0.875953,5.443523,7689.000,0,0.102223,0.000000,0.185778,0.375556
tracking_cdrone3_20260822_201250_360_milestone4,milestone4,1787454817.675029993,target_map,6,7,2,predicted,-11.490642,0.349991,1.990743,-0.021606,-0.033415,0.039738,0.244560,0.020428,1073.000,0,2.081004,2.081004,0.878351,0.870251
tracking_cdrone3_20260822_201250_360_milestone4,milestone4,1787454817.775135756,target_map,1,1,2,predicted,-4.617448,1.726335,0.886208,-0.814773,-0.231808,0.133181,0.000000,11.011707,405.000,1,4.716132,4.716132,1.800646,1.529033
tracking_cdrone3_20260822_201250_360_milestone4,milestone4,1787454817.775135756,target_map,5,8,0,detected,-6.098472,-0.241707,2.253064,0.030778,-0.369166,-0.019807,0.853458,5.443523,7689.000,0,0.202321,0.000000,0.220812,0.400580
tracking_cdrone3_20260822_201250_360_milestone4,milestone4,1787454817.775135756,target_map,6,7,2,predicted,-11.492804,0.346646,1.994720,-0.021606,-0.033415,0.039738,0.231803,0.020428,1073.000,0,2.181102,2.181102,0.913386,0.895275
tracking_cdrone3_20260822_201250_360_milestone4,milestone4,1787454817.820205450,raw,8,8,0,detected,-5.931183,-0.270456,2.215286,0.693578,-0.413467,-0.167025,0.888184,5.632528,9261.000,0,0.000000,0.000000,0.000000,0.000000
tracking_cdrone3_20260822_201250_360_milestone4,milestone4,1787454817.874979734,target_map,1,1,2,predicted,-4.698812,1.703186,0.899508,-0.814773,-0.231808,0.133181,0.000000,11.011707,405.000,1,4.815993,4.815993,1.835598,1.553998
tracking_cdrone3_20260822_201250_360_milestone4,milestone4,1787454817.874979734,target_map,5,8,0,detected,-5.914506,-0.287058,2.211034,0.395318,-0.393532,-0.100777,0.878816,5.632528,9261.000,0,0.042187,0.000000,0.164765,0.360547
tracking_cdrone3_20260822_201250_360_milestone4,milestone4,1787454817.874979734,target_map,6,7,2,predicted,-11.494962,0.343309,1.998689,-0.021606,-0.033415,0.039738,0.219077,0.020428,1073.000,0,2.280963,2.280963,0.948337,0.920241
tracking_cdrone3_20260822_201250_360_milestone4,milestone4,1787454817.975589514,target_map,1,1,2,predicted,-4.780786,1.679864,0.912907,-0.814773,-0.231808,0.133181,0.000000,11.011707,405.000,1,4.916602,4.916602,1.870811,1.579150
tracking_cdrone3_20260822_201250_360_milestone4,milestone4,1787454817.975589514,target_map,5,8,0,detected,-5.874734,-0.326651,2.200895,0.395318,-0.393532,-0.100777,0.856476,5.632528,9261.000,0,0.142795,0.000000,0.199978,0.385699
tracking_cdrone3_20260822_201250_360_milestone4,milestone4,1787454817.975589514,target_map,6,7,2,predicted,-11.497135,0.339947,2.002687,-0.021606,-0.033415,0.039738,0.206255,0.020428,1073.000,0,2.381571,2.381571,0.983550,0.945393
tracking_cdrone3_20260822_201250_360_milestone4,milestone4,1787454818.067930460,raw,8,8,0,detected,-6.051564,-0.291692,2.176115,-0.485974,-0.085729,-0.158133,0.898926,5.521307,7922.000,1,0.000000,0.000000,0.000000,0.000000
tracking_cdrone3_20260822_201250_360_milestone4,milestone4,1787454818.076545715,target_map,5,8,0,detected,-6.052121,-0.293088,2.175291,-0.089393,-0.224240,-0.132323,0.897527,5.521307,7922.000,1,0.006226,0.000000,0.152179,0.351556
tracking_cdrone3_20260822_201250_360_milestone4,milestone4,1787454818.076545715,target_map,6,7,2,predicted,-11.499316,0.336573,2.006699,-0.021606,-0.033415,0.039738,0.193388,0.020428,1073.000,0,2.482533,2.482533,1.018887,0.970633
tracking_cdrone3_20260822_201250_360_milestone4,milestone4,1787454818.178284407,target_map,5,8,0,detected,-6.061215,-0.315901,2.161829,-0.089393,-0.224240,-0.132323,0.874664,5.521307,7922.000,1,0.107960,0.000000,0.187786,0.376990
tracking_cdrone3_20260822_201250_360_milestone4,milestone4,1787454818.178284407,target_map,6,7,2,predicted,-11.501514,0.333174,2.010741,-0.021606,-0.033415,0.039738,0.180423,0.020428,1073.000,0,2.584267,2.584267,1.054494,0.996067
tracking_cdrone3_20260822_201250_360_milestone4,milestone4,1787454818.274947405,target_map,5,8,0,detected,-6.069855,-0.337575,2.149039,-0.089393,-0.224240,-0.132323,0.852942,5.521307,7922.000,1,0.204615,0.000000,0.221615,0.401154
tracking_cdrone3_20260822_201250_360_milestone4,milestone4,1787454818.274947405,target_map,6,7,2,predicted,-11.503603,0.329944,2.014582,-0.021606,-0.033415,0.039738,0.168105,0.020428,1073.000,0,2.680922,2.680922,1.088323,1.020231
tracking_cdrone3_20260822_201250_360_milestone4,milestone4,1787454818.325495481,raw,8,8,0,detected,-6.205100,-0.311027,2.158497,-0.596051,-0.075063,-0.068393,0.888184,5.380799,7649.250,1,0.000000,0.000000,0.000000,0.000000
tracking_cdrone3_20260822_201250_360_milestone4,milestone4,1787454818.375028849,target_map,5,8,0,detected,-6.221673,-0.317430,2.154122,-0.368055,-0.142193,-0.097161,0.878185,5.380799,7649.250,1,0.045027,0.000000,0.165760,0.361257
tracking_cdrone3_20260822_201250_360_milestone4,milestone4,1787454818.375028849,target_map,6,7,2,predicted,-11.505765,0.326601,2.018559,-0.021606,-0.033415,0.039738,0.155353,0.020428,1073.000,0,2.780987,2.780987,1.123345,1.045247
tracking_cdrone3_20260822_201250_360_milestone4,milestone4,1787454818.475059986,target_map,5,8,0,detected,-6.258498,-0.331657,2.144401,-0.368055,-0.142193,-0.097161,0.855969,5.380799,7649.250,1,0.145082,0.000000,0.200779,0.386270
tracking_cdrone3_20260822_201250_360_milestone4,milestone4,1787454818.475059986,target_map,6,7,2,predicted,-11.507927,0.323257,2.022535,-0.021606,-0.033415,0.039738,0.142602,0.020428,1073.000,0,2.881041,2.881041,1.158364,1.070260
tracking_cdrone3_20260822_201250_360_milestone4,milestone4,1787454818.569988489,raw,8,8,0,detected,-6.038632,-0.273980,2.126944,0.680903,0.151537,-0.129064,0.870605,5.545093,7401.500,0,0.000000,0.000000,0.000000,0.000000
tracking_cdrone3_20260822_201250_360_milestone4,milestone4,1787454818.577279568,target_map,5,8,0,detected,-6.296123,-0.346193,2.134469,-0.368055,-0.142193,-0.097161,0.833270,5.380799,7649.250,1,0.247307,0.000000,0.236557,0.411827
tracking_cdrone3_20260822_201250_360_milestone4,milestone4,1787454818.577279568,target_map,6,7,2,predicted,-11.510136,0.319841,2.026597,-0.021606,-0.033415,0.039738,0.129574,0.020428,1073.000,0,2.983266,2.983266,1.194143,1.095817
tracking_cdrone3_20260822_201250_360_milestone4,milestone4,1787454818.674954414,target_map,5,8,0,detected,-6.019027,-0.272163,2.116177,0.208872,0.019358,-0.114708,0.850176,5.545093,7401.500,0,0.093861,0.000000,0.182851,0.373465
tracking_cdrone3_20260822_201250_360_milestone4,milestone4,1787454818.674954414,target_map,6,7,2,predicted,-11.512246,0.316578,2.030478,-0.021606,-0.033415,0.039738,0.117126,0.020428,1073.000,0,3.080940,3.080940,1.228329,1.120235
tracking_cdrone3_20260822_201250_360_milestone4,milestone4,1787454818.775036335,target_map,5,8,0,detected,-5.998124,-0.270225,2.104697,0.208872,0.019358,-0.114708,0.828395,5.545093,7401.500,0,0.193937,0.000000,0.217878,0.398484
tracking_cdrone3_20260822_201250_360_milestone4,milestone4,1787454818.775036335,target_map,6,7,2,predicted,-11.514408,0.313234,2.034455,-0.021606,-0.033415,0.039738,0.104373,0.020428,1073.000,0,3.181015,3.181015,1.263355,1.145254
tracking_cdrone3_20260822_201250_360_milestone4,milestone4,1787454818.829196453,raw,8,8,1,held,-5.871680,-0.305104,2.090012,0.644116,-0.120080,-0.142487,0.870605,5.719653,7401.500,0,0.259196,0.259196,0.000000,0.000000
tracking_cdrone3_20260822_201250_360_milestone4,milestone4,1787454818.876314402,target_map,5,8,1,held,-5.851585,-0.307674,2.084184,0.448256,-0.057333,-0.129986,0.804434,5.719653,7401.500,0,0.304025,0.000000,0.165690,0.361207
tracking_cdrone3_20260822_201250_360_milestone4,milestone4,1787454818.876314402,target_map,6,7,2,predicted,-11.516596,0.309849,2.038480,-0.021606,-0.033415,0.039738,0.091464,0.020428,1073.000,0,3.282305,3.282305,1.298807,1.170576
tracking_cdrone3_20260822_201250_360_milestone4,milestone4,1787454818.975011587,target_map,5,8,1,held,-5.807344,-0.313333,2.071355,0.448256,-0.057333,-0.129986,0.782952,5.719653,7401.500,0,0.402722,0.000000,0.200234,0.385881
tracking_cdrone3_20260822_201250_360_milestone4,milestone4,1787454818.975011587,target_map,6,7,2,predicted,-11.518728,0.306551,2.042402,-0.021606,-0.033415,0.039738,0.078886,0.020428,1073.000,0,3.381001,3.381001,1.333351,1.195250
tracking_cdrone3_20260822_201250_360_milestone4,milestone4,1787454819.065073490,raw,8,8,0,detected,-11.540813,0.371425,2.015814,-24.035101,2.868240,-0.314571,0.870605,0.019832,7401.500,1,0.000000,0.000000,0.000000,0.000000
tracking_cdrone3_20260822_201250_360_milestone4,milestone4,1787454819.074851751,target_map,5,8,0,detected,-11.563071,0.374072,2.015196,-4.166916,0.495533,-0.115670,0.869443,0.019832,7401.500,1,0.005342,0.000000,0.151870,0.351335
tracking_cdrone3_20260822_201250_360_milestone4,milestone4,1787454819.074851751,target_map,6,7,2,predicted,-11.520885,0.303215,2.046370,-0.021606,-0.033415,0.039738,0.066162,0.020428,1073.000,0,3.480841,3.480841,1.368294,1.220210
tracking_cdrone3_20260822_201250_360_milestone4,milestone4,1787454819.175292730,target_map,5,8,0,detected,-11.981595,0.423843,2.003578,-4.166916,0.495533,-0.115670,0.847582,0.019832,7401.500,1,0.105781,0.000000,0.187023,0.376445
tracking_cdrone3_20260822_201250_360_milestone4,milestone4,1787454819.175292730,target_map,6,7,2,predicted,-11.523056,0.299859,2.050361,-0.021606,-0.033415,0.039738,0.053362,0.020428,1073.000,0,3.581281,3.581281,1.403448,1.245320
tracking_cdrone3_20260822_201250_360_milestone4,milestone4,1787454819.275077820,target_map,5,8,0,detected,-12.397362,0.473286,1.992037,-4.166916,0.495533,-0.115670,0.825865,0.019832,7401.500,1,0.205559,0.000000,0.221946,0.401390
tracking_cdrone3_20260822_201250_360_milestone4,milestone4,1787454819.275077820,target_map,6,7,2,predicted,-11.525211,0.296525,2.054326,-0.021606,-0.033415,0.039738,0.040646,0.020428,1073.000,0,3.681059,3.681059,1.438370,1.270265
tracking_cdrone3_20260822_201250_360_milestone4,milestone4,1787454819.315502405,raw,8,8,0,detected,-11.547707,0.370173,2.015352,-0.027524,-0.004997,-0.001847,0.870605,0.019357,7401.500,0,0.000000,0.000000,0.000000,0.000000
tracking_cdrone3_20260822_201250_360_milestone4,milestone4,1787454819.375066280,target_map,5,8,0,detected,-11.654128,0.382573,2.012364,-1.890251,0.220241,-0.053067,0.858352,0.019357,7401.500,0,0.056300,0.000000,0.169705,0.364075
tracking_cdrone3_20260822_201250_360_milestone4,milestone4,1787454819.375066280,target_map,6,7,2,predicted,-11.527372,0.293184,2.058299,-0.021606,-0.033415,0.039738,0.027904,0.020428,1073.000,0,3.781044,3.781044,1.473365,1.295261
tracking_cdrone3_20260822_201250_360_milestone4,milestone4,1787454819.475076199,target_map,5,8,0,detected,-11.843176,0.404600,2.007056,-1.890251,0.220241,-0.053067,0.836584,0.019357,7401.500,0,0.156312,0.000000,0.204709,0.389078
tracking_cdrone3_20260822_201250_360_milestone4,milestone4,1787454819.475076199,target_map,6,7,2,predicted,-11.529532,0.289842,2.062274,-0.021606,-0.033415,0.039738,0.015158,0.020428,1073.000,0,3.881056,3.881056,1.508370,1.320264
tracking_cdrone3_20260822_201250_360_milestone4,milestone4,1787454819.575795889,target_map,5,8,2,predicted,-12.033567,0.426783,2.001711,-1.890251,0.220241,-0.053067,0.814661,0.019357,7401.500,0,0.257035,0.257035,0.239962,0.414259
tracking_cdrone3_20260822_201250_360_milestone4,milestone4,1787454819.575795889,target_map,6,7,2,predicted,-11.531709,0.286476,2.066276,-0.021606,-0.033415,0.039738,0.002322,0.020428,1073.000,0,3.981779,3.981779,1.543623,1.345445
tracking_cdrone3_20260822_201250_360_milestone4,milestone4,1787454819.582564116,raw,8,8,0,detected,-11.550786,0.376333,2.013034,-0.011532,0.023064,-0.008678,0.410156,0.018672,546.000,0,0.000000,0.000000,0.000000,0.000000
tracking_cdrone3_20260822_201250_360_milestone4,milestone4,1787454819.674871922,target_map,5,8,0,detected,-11.624857,0.385995,2.010557,-0.856956,0.111794,-0.028653,0.401293,0.018672,546.000,0,0.086435,0.000000,0.180252,0.371609
tracking_cdrone3_20260822_201250_360_milestone4,milestone4,1787454819.674871922,target_map,6,7,2,predicted,-11.533850,0.283165,2.070213,-0.021606,-0.033415,0.039738,0.000000,0.020428,1073.000,0,4.080858,4.080858,1.578300,1.370214
tracking_cdrone3_20260822_201250_360_milestone4,milestone4,1787454819.774987698,target_map,5,8,0,detected,-11.710649,0.397187,2.007689,-0.856956,0.111794,-0.028653,0.391028,0.018672,546.000,0,0.186547,0.000000,0.215292,0.396637
tracking_cdrone3_20260822_201250_360_milestone4,milestone4,1787454819.774987698,target_map,6,7,2,predicted,-11.536013,0.279820,2.074192,-0.021606,-0.033415,0.039738,0.000000,0.020428,1073.000,0,4.180970,4.180970,1.613340,1.395243
tracking_cdrone3_20260822_201250_360_milestone4,milestone4,1787454819.839732647,raw,7,7,0,detected,-11.555146,0.365000,2.011543,0.000000,0.000000,0.000000,0.465820,0.018129,927.500,0,0.000000,0.000000,0.000000,0.000000
tracking_cdrone3_20260822_201250_360_milestone4,milestone4,1787454819.839732647,raw,8,8,0,detected,-11.555229,0.373338,2.009214,-0.017276,-0.011644,-0.014854,0.410156,0.017767,546.000,0,0.000000,0.000000,0.000000,0.000000
tracking_cdrone3_20260822_201250_360_milestone4,milestone4,1787454819.874902725,target_map,5,8,0,detected,-11.566041,0.374539,2.008638,-0.395132,0.043903,-0.021064,0.407350,0.017767,546.000,0,0.027363,0.000000,0.159577,0.356841
tracking_cdrone3_20260822_201250_360_milestone4,milestone4,1787454819.874902725,target_map,6,7,0,detected,-11.555474,0.364899,2.011801,-0.011994,-0.003709,0.009409,0.462634,0.018129,927.500,0,0.027363,0.000000,0.159577,0.356841
tracking_cdrone3_20260822_201250_360_milestone4,milestone4,1787454819.975221395,target_map,5,8,0,detected,-11.605618,0.378937,2.006528,-0.395132,0.043903,-0.021064,0.397080,0.017767,546.000,0,0.127525,0.000000,0.194634,0.381881
tracking_cdrone3_20260822_201250_360_milestone4,milestone4,1787454819.975221395,target_map,6,7,0,detected,-11.556676,0.364527,2.012743,-0.011994,-0.003709,0.009409,0.450969,0.018129,927.500,0,0.127525,0.000000,0.194634,0.381881
tracking_cdrone3_20260822_201250_360_milestone4,milestone4,1787454820.076171398,target_map,5,8,0,detected,-11.645562,0.383375,2.004399,-0.395132,0.043903,-0.021064,0.386714,0.017767,546.000,0,0.228614,0.000000,0.230015,0.407154
tracking_cdrone3_20260822_201250_360_milestone4,milestone4,1787454820.076171398,target_map,6,7,0,detected,-11.557888,0.364153,2.013694,-0.011994,-0.003709,0.009409,0.439197,0.018129,927.500,0,0.228614,0.000000,0.230015,0.407154
tracking_cdrone3_20260822_201250_360_milestone4,milestone4,1787454820.106746912,raw,7,7,0,detected,-11.561466,0.358377,2.005264,-0.023668,-0.024801,-0.023514,0.465820,0.017191,927.500,0,0.000000,0.000000,0.000000,0.000000
tracking_cdrone3_20260822_201250_360_milestone4,milestone4,1787454820.106746912,raw,8,8,0,detected,-11.558278,0.366981,2.002955,-0.011418,-0.023805,-0.023438,0.410156,0.020164,546.000,0,0.000000,0.000000,0.000000,0.000000
tracking_cdrone3_20260822_201250_360_milestone4,milestone4,1787454820.175481796,target_map,5,8,0,detected,-11.570076,0.367408,2.001521,-0.184089,0.006664,-0.022370,0.403585,0.020164,546.000,0,0.064086,0.000000,0.172430,0.366022
tracking_cdrone3_20260822_201250_360_milestone4,milestone4,1787454820.175481796,target_map,6,7,0,detected,-11.562646,0.357396,2.004706,-0.018414,-0.015310,-0.008699,0.458357,0.017191,927.500,0,0.064086,0.000000,0.172430,0.366022
tracking_cdrone3_20260822_201250_360_milestone4,milestone4,1787454820.275059700,target_map,5,8,0,detected,-11.588373,0.368070,1.999298,-0.184089,0.006664,-0.022370,0.393393,0.020164,546.000,0,0.163483,0.000000,0.207219,0.390871
tracking_cdrone3_20260822_201250_360_milestone4,milestone4,1787454820.275059700,target_map,6,7,0,detected,-11.564477,0.355874,2.003841,-0.018414,-0.015310,-0.008699,0.446782,0.017191,927.500,0,0.163483,0.000000,0.207219,0.390871
tracking_cdrone3_20260822_201250_360_milestone4,milestone4,1787454820.353092432,raw,7,7,0,detected,-11.563171,0.352091,2.002180,-0.006921,-0.025522,-0.012517,0.465820,0.018093,927.500,0,0.000000,0.000000,0.000000,0.000000
tracking_cdrone3_20260822_201250_360_milestone4,milestone4,1787454820.390156269,target_map,5,8,2,predicted,-11.609594,0.368839,1.996719,-0.184089,0.006664,-0.022370,0.381573,0.020164,546.000,0,0.278757,0.278757,0.247565,0.419689
tracking_cdrone3_20260822_201250_360_milestone4,milestone4,1787454820.390156269,target_map,6,7,0,detected,-11.563561,0.351416,2.001832,-0.012093,-0.020927,-0.010799,0.462068,0.018093,927.500,0,0.032223,0.000000,0.161278,0.358056
tracking_cdrone3_20260822_201250_360_milestone4,milestone4,1787454820.475129604,target_map,5,8,2,predicted,-11.625235,0.369405,1.994819,-0.184089,0.006664,-0.022370,0.372861,0.020164,546.000,0,0.363720,0.363720,0.277302,0.440930
tracking_cdrone3_20260822_201250_360_milestone4,milestone4,1787454820.475129604,target_map,6,7,0,detected,-11.564589,0.349638,2.000915,-0.012093,-0.020927,-0.010799,0.452173,0.018093,927.500,0,0.117185,0.000000,0.191015,0.379296
tracking_cdrone3_20260822_201250_360_milestone4,milestone4,1787454820.576081753,target_map,5,8,2,predicted,-11.643821,0.370078,1.992560,-0.184089,0.006664,-0.022370,0.362508,0.020164,546.000,0,0.464682,0.464682,0.312639,0.466170
tracking_cdrone3_20260822_201250_360_milestone4,milestone4,1787454820.576081753,target_map,6,7,0,detected,-11.565809,0.347526,1.999825,-0.012093,-0.020927,-0.010799,0.440416,0.018093,927.500,0,0.218148,0.000000,0.226352,0.404537
tracking_cdrone3_20260822_201250_360_milestone4,milestone4,1787454820.676101685,target_map,5,8,2,predicted,-11.662233,0.370744,1.990323,-0.184089,0.006664,-0.022370,0.352252,0.020164,546.000,0,0.564702,0.564702,0.347646,0.491175
tracking_cdrone3_20260822_201250_360_milestone4,milestone4,1787454820.676101685,target_map,6,7,2,predicted,-11.567019,0.345432,1.998744,-0.012093,-0.020927,-0.010799,0.428768,0.018093,927.500,0,0.318167,0.318167,0.261359,0.429542
tracking_cdrone3_20260822_201250_360_milestone4,milestone4,1787454820.775387526,target_map,5,8,2,predicted,-11.680510,0.371406,1.988102,-0.184089,0.006664,-0.022370,0.342072,0.020164,546.000,0,0.663980,0.663980,0.382393,0.515995
tracking_cdrone3_20260822_201250_360_milestone4,milestone4,1787454820.775387526,target_map,6,7,2,predicted,-11.568220,0.343355,1.997672,-0.012093,-0.020927,-0.010799,0.417207,0.018093,927.500,0,0.417445,0.417445,0.296106,0.454361
tracking_cdrone3_20260822_201250_360_milestone4,milestone4,1787454820.874982119,target_map,5,8,2,predicted,-11.698841,0.372069,1.985875,-0.184089,0.006664,-0.022370,0.331862,0.020164,546.000,0,0.763559,0.763559,0.417246,0.540890
tracking_cdrone3_20260822_201250_360_milestone4,milestone4,1787454820.874982119,target_map,6,7,2,predicted,-11.569424,0.341271,1.996597,-0.012093,-0.020927,-0.010799,0.405610,0.018093,927.500,0,0.517025,0.517025,0.330959,0.479256
tracking_cdrone3_20260822_201250_360_milestone4,milestone4,1787454820.975344658,target_map,5,8,2,predicted,-11.717321,0.372738,1.983629,-0.184089,0.006664,-0.022370,0.321568,0.020164,546.000,0,0.863948,0.863948,0.452382,0.565987
tracking_cdrone3_20260822_201250_360_milestone4,milestone4,1787454820.975344658,target_map,6,7,2,predicted,-11.570638,0.339170,1.995513,-0.012093,-0.020927,-0.010799,0.393919,0.018093,927.500,0,0.617414,0.617414,0.366095,0.504353
tracking_cdrone3_20260822_201250_360_milestone4,milestone4,1787454821.077086449,target_map,5,8,2,predicted,-11.736050,0.373416,1.981353,-0.184089,0.006664,-0.022370,0.311136,0.020164,546.000,0,0.965682,0.965682,0.487989,0.591421
tracking_cdrone3_20260822_201250_360_milestone4,milestone4,1787454821.077086449,target_map,6,7,2,predicted,-11.571868,0.337041,1.994414,-0.012093,-0.020927,-0.010799,0.382072,0.018093,927.500,0,0.719148,0.719148,0.401702,0.529787
tracking_cdrone3_20260822_201250_360_milestone4,milestone4,1787454821.174888372,target_map,5,8,2,predicted,-11.754055,0.374068,1.979165,-0.184089,0.006664,-0.022370,0.301107,0.020164,546.000,0,1.063492,1.063492,0.522222,0.615873
tracking_cdrone3_20260822_201250_360_milestone4,milestone4,1787454821.174888372,target_map,6,7,2,predicted,-11.573051,0.334994,1.993358,-0.012093,-0.020927,-0.010799,0.370681,0.018093,927.500,0,0.816958,0.816958,0.435935,0.554239
tracking_cdrone3_20260822_201250_360_milestone4,milestone4,1787454821.275023937,target_map,5,8,2,predicted,-11.772489,0.374735,1.976925,-0.184089,0.006664,-0.022370,0.290839,0.020164,546.000,0,1.163622,1.163622,0.557268,0.640906
tracking_cdrone3_20260822_201250_360_milestone4,milestone4,1787454821.275023937,target_map,6,7,2,predicted,-11.574262,0.332899,1.992277,-0.012093,-0.020927,-0.010799,0.359021,0.018093,927.500,0,0.917088,0.917088,0.470981,0.579272
tracking_cdrone3_20260822_201250_360_milestone4,milestone4,1787454821.374971151,target_map,5,8,2,predicted,-11.790888,0.375401,1.974689,-0.184089,0.006664,-0.022370,0.280591,0.020164,546.000,0,1.263571,1.263571,0.592250,0.665893
tracking_cdrone3_20260822_201250_360_milestone4,milestone4,1787454821.374971151,target_map,6,7,2,predicted,-11.575471,0.330807,1.991197,-0.012093,-0.020927,-0.010799,0.347381,0.018093,927.500,0,1.017037,1.017037,0.505963,0.604259
tracking_cdrone3_20260822_201250_360_milestone4,milestone4,1787454821.474924564,target_map,5,8,2,predicted,-11.809288,0.376067,1.972453,-0.184089,0.006664,-0.022370,0.270342,0.020164,546.000,0,1.363524,1.363524,0.627233,0.690881
tracking_cdrone3_20260822_201250_360_milestone4,milestone4,1787454821.474924564,target_map,6,7,2,predicted,-11.576679,0.328716,1.990118,-0.012093,-0.020927,-0.010799,0.335741,0.018093,927.500,0,1.116989,1.116989,0.540946,0.629247
tracking_cdrone3_20260822_201250_360_milestone4,milestone4,1787454821.574980736,target_map,5,8,2,predicted,-11.827707,0.376734,1.970215,-0.184089,0.006664,-0.022370,0.260082,0.020164,546.000,0,1.463578,1.463578,0.662252,0.715895
tracking_cdrone3_20260822_201250_360_milestone4,milestone4,1787454821.574980736,target_map,6,7,2,predicted,-11.577889,0.326622,1.989037,-0.012093,-0.020927,-0.010799,0.324089,0.018093,927.500,0,1.217044,1.217044,0.575965,0.654261
tracking_cdrone3_20260822_201250_360_milestone4,milestone4,1787454821.675133228,target_map,5,8,2,predicted,-11.846142,0.377401,1.967975,-0.184089,0.006664,-0.022370,0.249814,0.020164,546.000,0,1.563721,1.563721,0.697302,0.740930
tracking_cdrone3_20260822_201250_360_milestone4,milestone4,1787454821.675133228,target_map,6,7,2,predicted,-11.579101,0.324526,1.987956,-0.012093,-0.020927,-0.010799,0.312427,0.018093,927.500,0,1.317186,1.317186,0.611015,0.679297
tracking_cdrone3_20260822_201250_360_milestone4,milestone4,1787454821.775823116,target_map,5,8,2,predicted,-11.864675,0.378072,1.965723,-0.184089,0.006664,-0.022370,0.239491,0.020164,546.000,0,1.664390,1.664390,0.732537,0.766098
tracking_cdrone3_20260822_201250_360_milestone4,milestone4,1787454821.775823116,target_map,6,7,2,predicted,-11.580317,0.322420,1.986869,-0.012093,-0.020927,-0.010799,0.300704,0.018093,927.500,0,1.417856,1.417856,0.646250,0.704464
tracking_cdrone3_20260822_201250_360_milestone4,milestone4,1787454821.874968529,target_map,5,8,2,predicted,-11.882930,0.378733,1.963505,-0.184089,0.006664,-0.022370,0.229323,0.020164,546.000,0,1.763559,1.763559,0.767246,0.790890
tracking_cdrone3_20260822_201250_360_milestone4,milestone4,1787454821.874968529,target_map,6,7,2,predicted,-11.581517,0.320344,1.985798,-0.012093,-0.020927,-0.010799,0.289155,0.018093,927.500,0,1.517025,1.517025,0.680959,0.729256
tracking_cdrone3_20260822_201250_360_milestone4,milestone4,1787454821.975949526,target_map,5,8,2,predicted,-11.901522,0.379406,1.961246,-0.184089,0.006664,-0.022370,0.218967,0.020164,546.000,0,1.864549,1.864549,0.802592,0.816137
tracking_cdrone3_20260822_201250_360_milestone4,milestone4,1787454821.975949526,target_map,6,7,2,predicted,-11.582739,0.318231,1.984707,-0.012093,-0.020927,-0.010799,0.277394,0.018093,927.500,0,1.618015,1.618015,0.716305,0.754504
tracking_cdrone3_20260822_201250_360_milestone4,milestone4,1787454822.074784279,target_map,5,8,2,predicted,-11.919717,0.380065,1.959035,-0.184089,0.006664,-0.022370,0.208832,0.020164,546.000,0,1.963389,1.963389,0.837186,0.840847
tracking_cdrone3_20260822_201250_360_milestone4,milestone4,1787454822.074784279,target_map,6,7,2,predicted,-11.583934,0.316162,1.983640,-0.012093,-0.020927,-0.010799,0.265884,0.018093,927.500,0,1.716854,1.716854,0.750899,0.779214
tracking_cdrone3_20260822_201250_360_milestone4,milestone4,1787454822.175072193,target_map,5,8,2,predicted,-11.938177,0.380733,1.956792,-0.184089,0.006664,-0.022370,0.198550,0.020164,546.000,0,2.063667,2.063667,0.872283,0.865917
tracking_cdrone3_20260822_201250_360_milestone4,milestone4,1787454822.175072193,target_map,6,7,2,predicted,-11.585147,0.314064,1.982557,-0.012093,-0.020927,-0.010799,0.254206,0.018093,927.500,0,1.817133,1.817133,0.785996,0.804283
tracking_cdrone3_20260822_201250_360_milestone4,milestone4,1787454822.275100946,target_map,5,8,2,predicted,-11.956578,0.381399,1.954556,-0.184089,0.006664,-0.022370,0.188300,0.020164,546.000,0,2.163626,2.163626,0.907269,0.890907
tracking_cdrone3_20260822_201250_360_milestone4,milestone4,1787454822.275100946,target_map,6,7,2,predicted,-11.586355,0.311972,1.981478,-0.012093,-0.020927,-0.010799,0.242565,0.018093,927.500,0,1.917092,1.917092,0.820982,0.829273
tracking_cdrone3_20260822_201250_360_milestone4,milestone4,1787454822.375787020,target_map,5,8,2,predicted,-11.975127,0.382070,1.952302,-0.184089,0.006664,-0.022370,0.177968,0.020164,546.000,0,2.264387,2.264387,0.942536,0.916097
tracking_cdrone3_20260822_201250_360_milestone4,milestone4,1787454822.375787020,target_map,6,7,2,predicted,-11.587574,0.309864,1.980389,-0.012093,-0.020927,-0.010799,0.230831,0.018093,927.500,0,2.017853,2.017853,0.856248,0.854463
tracking_cdrone3_20260822_201250_360_milestone4,milestone4,1787454822.475003719,target_map,5,8,2,predicted,-11.993390,0.382732,1.950082,-0.184089,0.006664,-0.022370,0.167795,0.020164,546.000,0,2.363596,2.363596,0.977259,0.940899
tracking_cdrone3_20260822_201250_360_milestone4,milestone4,1787454822.475003719,target_map,6,7,2,predicted,-11.588774,0.307787,1.979318,-0.012093,-0.020927,-0.010799,0.219278,0.018093,927.500,0,2.117062,2.117062,0.890972,0.879265
tracking_cdrone3_20260822_201250_360_milestone4,milestone4,1787454822.575003147,target_map,5,8,2,predicted,-12.011800,0.383398,1.947845,-0.184089,0.006664,-0.022370,0.157541,0.020164,546.000,0,2.463601,2.463601,1.012260,0.965900
tracking_cdrone3_20260822_201250_360_milestone4,milestone4,1787454822.575003147,target_map,6,7,2,predicted,-11.589983,0.305695,1.978238,-0.012093,-0.020927,-0.010799,0.207632,0.018093,927.500,0,2.217067,2.217067,0.925973,0.904267
tracking_cdrone3_20260822_201250_360_milestone4,milestone4,1787454822.676039219,target_map,5,8,2,predicted,-12.030392,0.384071,1.945586,-0.184089,0.006664,-0.022370,0.147185,0.020164,546.000,0,2.564594,2.564594,1.047608,0.991148
tracking_cdrone3_20260822_201250_360_milestone4,milestone4,1787454822.676039219,target_map,6,7,2,predicted,-11.591205,0.303581,1.977147,-0.012093,-0.020927,-0.010799,0.195871,0.018093,927.500,0,2.318059,2.318059,0.961321,0.929515
tracking_cdrone3_20260822_201250_360_milestone4,milestone4,1787454822.776298761,target_map,5,8,2,predicted,-12.048858,0.384739,1.943342,-0.184089,0.006664,-0.022370,0.136899,0.020164,546.000,0,2.664906,2.664906,1.082717,1.016226
tracking_cdrone3_20260822_201250_360_milestone4,milestone4,1787454822.776298761,target_map,6,7,2,predicted,-11.592418,0.301482,1.976064,-0.012093,-0.020927,-0.010799,0.184189,0.018093,927.500,0,2.418371,2.418371,0.996430,0.954593
tracking_cdrone3_20260822_201250_360_milestone4,milestone4,1787454822.874899149,target_map,5,8,2,predicted,-12.067007,0.385396,1.941137,-0.184089,0.006664,-0.022370,0.126790,0.020164,546.000,0,2.763494,2.763494,1.117223,1.040873
tracking_cdrone3_20260822_201250_360_milestone4,milestone4,1787454822.874899149,target_map,6,7,2,predicted,-11.593610,0.299419,1.975000,-0.012093,-0.020927,-0.010799,0.172708,0.018093,927.500,0,2.516959,2.516959,1.030936,0.979240
tracking_cdrone3_20260822_201250_360_milestone4,milestone4,1787454822.965943336,raw,13,13,0,detected,-11.652540,0.310248,1.991136,0.000000,0.000000,0.000000,0.416992,0.014202,510.000,0,0.000000,0.000000,0.000000,0.000000
tracking_cdrone3_20260822_201250_360_milestone4,milestone4,1787454822.975044727,target_map,5,8,2,predicted,-12.085443,0.386064,1.938897,-0.184089,0.006664,-0.022370,0.116521,0.020164,546.000,0,2.863644,2.863644,1.152275,1.065911
tracking_cdrone3_20260822_201250_360_milestone4,milestone4,1787454822.975044727,target_map,6,13,0,detected,-11.652651,0.310206,1.991128,-0.017617,-0.006722,-0.001247,0.416339,0.014202,510.000,0,0.006262,0.000000,0.152192,0.351566
tracking_cdrone3_20260822_201250_360_milestone4,milestone4,1787454823.075011492,target_map,5,8,2,predicted,-12.103847,0.386730,1.936660,-0.184089,0.006664,-0.022370,0.106270,0.020164,546.000,0,2.963611,2.963611,1.187264,1.090903
tracking_cdrone3_20260822_201250_360_milestone4,milestone4,1787454823.075011492,target_map,6,13,0,detected,-11.654411,0.309534,1.991003,-0.017617,-0.006722,-0.001247,0.405918,0.014202,510.000,0,0.106230,0.000000,0.187180,0.376557
tracking_cdrone3_20260822_201250_360_milestone4,milestone4,1787454823.175122023,target_map,5,8,2,predicted,-12.122275,0.387397,1.934421,-0.184089,0.006664,-0.022370,0.096005,0.020164,546.000,0,3.063720,3.063720,1.222302,1.115930
tracking_cdrone3_20260822_201250_360_milestone4,milestone4,1787454823.175122023,target_map,6,13,0,detected,-11.656176,0.308861,1.990878,-0.017617,-0.006722,-0.001247,0.395482,0.014202,510.000,0,0.206339,0.000000,0.222219,0.401585
tracking_cdrone3_20260822_201250_360_milestone4,milestone4,1787454823.237891674,raw,13,13,0,detected,-11.680072,0.311165,1.992333,-0.101153,0.003369,0.004398,0.504883,0.013545,516.750,0,0.000000,0.000000,0.000000,0.000000
tracking_cdrone3_20260822_201250_360_milestone4,milestone4,1787454823.275422812,target_map,5,8,2,predicted,-12.140739,0.388065,1.932177,-0.184089,0.006664,-0.022370,0.085721,0.020164,546.000,0,3.164019,3.164019,1.257406,1.141005
tracking_cdrone3_20260822_201250_360_milestone4,milestone4,1787454823.275422812,target_map,6,13,0,detected,-11.682039,0.311128,1.992390,-0.063562,-0.001172,0.001858,0.500976,0.013545,516.750,0,0.030955,0.000000,0.160834,0.357739
tracking_cdrone3_20260822_201250_360_milestone4,milestone4,1787454823.375271797,target_map,5,8,2,predicted,-12.159119,0.388731,1.929944,-0.184089,0.006664,-0.022370,0.075483,0.020164,546.000,0,3.263860,3.263860,1.292351,1.165965
tracking_cdrone3_20260822_201250_360_milestone4,milestone4,1787454823.375271797,target_map,6,13,0,detected,-11.688386,0.311011,1.992576,-0.063562,-0.001172,0.001858,0.488374,0.013545,516.750,0,0.130797,0.000000,0.195779,0.382699
tracking_cdrone3_20260822_201250_360_milestone4,milestone4,1787454823.475136518,target_map,5,8,2,predicted,-12.177504,0.389396,1.927710,-0.184089,0.006664,-0.022370,0.065243,0.020164,546.000,0,3.363725,3.363725,1.327304,1.190931
tracking_cdrone3_20260822_201250_360_milestone4,milestone4,1787454823.475136518,target_map,6,13,0,detected,-11.694734,0.310894,1.992761,-0.063562,-0.001172,0.001858,0.475768,0.013545,516.750,0,0.230662,0.000000,0.230732,0.407666
tracking_cdrone3_20260822_201250_360_milestone4,milestone4,1787454823.485465288,raw,13,13,0,detected,-11.693019,0.312938,1.994654,-0.052354,0.007172,0.009385,0.447510,0.012336,456.250,0,0.000000,0.000000,0.000000,0.000000
tracking_cdrone3_20260822_201250_360_milestone4,milestone4,1787454823.574870110,target_map,5,8,2,predicted,-12.195866,0.390061,1.925478,-0.184089,0.006664,-0.022370,0.055015,0.020164,546.000,0,3.463475,3.463475,1.362216,1.215869
tracking_cdrone3_20260822_201250_360_milestone4,milestone4,1787454823.574870110,target_map,6,13,0,detected,-11.697889,0.313228,1.995163,-0.057397,0.003417,0.005998,0.438016,0.012336,456.250,0,0.084860,0.000000,0.179701,0.371215
tracking_cdrone3_20260822_201250_360_milestone4,milestone4,1787454823.675303221,target_map,5,8,2,predicted,-12.214349,0.390730,1.923233,-0.184089,0.006664,-0.022370,0.044720,0.020164,546.000,0,3.563877,3.563877,1.397357,1.240969
tracking_cdrone3_20260822_201250_360_milestone4,milestone4,1787454823.675303221,target_map,6,13,0,detected,-11.703652,0.313572,1.995765,-0.057397,0.003417,0.005998,0.426783,0.012336,456.250,0,0.185262,0.000000,0.214842,0.396315
tracking_cdrone3_20260822_201250_360_milestone4,milestone4,1787454823.749539852,raw,13,13,0,detected,-11.701976,0.314213,1.996436,-0.033916,0.004828,0.006748,0.599121,0.010774,434.875,0,0.000000,0.000000,0.000000,0.000000
tracking_cdrone3_20260822_201250_360_milestone4,milestone4,1787454823.775423050,target_map,5,8,2,predicted,-12.232785,0.391397,1.920992,-0.184089,0.006664,-0.022370,0.034450,0.020164,546.000,0,3.664027,3.664027,1.432410,1.266007
tracking_cdrone3_20260822_201250_360_milestone4,milestone4,1787454823.775423050,target_map,6,13,0,detected,-11.702994,0.314309,1.996583,-0.044483,0.004193,0.006410,0.595692,0.010774,434.875,0,0.022893,0.000000,0.158013,0.355723
tracking_cdrone3_20260822_201250_360_milestone4,milestone4,1787454823.874939919,target_map,5,8,2,predicted,-12.251104,0.392060,1.918766,-0.184089,0.006664,-0.022370,0.024247,0.020164,546.000,0,3.763538,3.763538,1.467238,1.290884
tracking_cdrone3_20260822_201250_360_milestone4,milestone4,1787454823.874939919,target_map,6,13,0,detected,-11.707420,0.314727,1.997220,-0.044483,0.004193,0.006410,0.580787,0.010774,434.875,0,0.122404,0.000000,0.192841,0.380601
tracking_cdrone3_20260822_201250_360_milestone4,milestone4,1787454823.974149942,raw,13,13,0,detected,-11.704130,0.315517,2.000211,-0.009593,0.005802,0.016805,0.521484,0.019620,484.500,0,0.000000,0.000000,0.000000,0.000000
tracking_cdrone3_20260822_201250_360_milestone4,milestone4,1787454823.976285696,target_map,5,8,2,predicted,-12.269761,0.392736,1.916499,-0.184089,0.006664,-0.022370,0.013854,0.020164,546.000,0,3.864887,3.864887,1.502710,1.316222
tracking_cdrone3_20260822_201250_360_milestone4,milestone4,1787454823.976285696,target_map,6,13,0,detected,-11.711929,0.315152,1.997870,-0.044483,0.004193,0.006410,0.565607,0.010774,434.875,0,0.223753,0.000000,0.228314,0.405938
tracking_cdrone3_20260822_201250_360_milestone4,milestone4,1787454824.074926138,target_map,5,8,2,predicted,-12.287919,0.393393,1.914293,-0.184089,0.006664,-0.022370,0.003740,0.020164,546.000,0,3.963522,3.963522,1.537233,1.340881
tracking_cdrone3_20260822_201250_360_milestone4,milestone4,1787454824.074926138,target_map,6,13,0,detected,-11.706447,0.315982,2.001322,-0.025294,0.005078,0.012128,0.509542,0.019620,484.500,0,0.091602,0.000000,0.182061,0.372900
tracking_cdrone3_20260822_201250_360_milestone4,milestone4,1787454824.175078630,target_map,5,8,2,predicted,-12.306357,0.394060,1.912052,-0.184089,0.006664,-0.022370,0.000000,0.020164,546.000,0,4.063680,4.063680,1.572288,1.365920
tracking_cdrone3_20260822_201250_360_milestone4,milestone4,1787454824.175078630,target_map,6,13,0,detected,-11.708981,0.316490,2.002536,-0.025294,0.005078,0.012128,0.496484,0.019620,484.500,0,0.191759,0.000000,0.217116,0.397940
tracking_cdrone3_20260822_201250_360_milestone4,milestone4,1787454824.249312639,raw,13,13,0,detected,-11.721483,0.323971,2.005013,-0.063067,0.030726,0.017453,0.709961,0.015140,486.000,0,0.000000,0.000000,0.000000,0.000000
tracking_cdrone3_20260822_201250_360_milestone4,milestone4,1787454824.274999619,target_map,5,8,2,predicted,-12.324752,0.394726,1.909817,-0.184089,0.006664,-0.022370,0.000000,0.020164,546.000,0,4.163600,4.163600,1.607260,1.390900
tracking_cdrone3_20260822_201250_360_milestone4,milestone4,1787454824.274999619,target_map,6,13,0,detected,-11.722544,0.324413,2.005359,-0.046069,0.019184,0.015056,0.705874,0.015140,486.000,0,0.023026,0.000000,0.158059,0.355756
tracking_cdrone3_20260822_201250_360_milestone4,milestone4,1787454824.375585318,target_map,5,8,2,predicted,-12.343268,0.395397,1.907567,-0.184089,0.006664,-0.022370,0.000000,0.020164,546.000,0,4.264187,4.264187,1.642465,1.416047
tracking_cdrone3_20260822_201250_360_milestone4,milestone4,1787454824.375585318,target_map,6,13,0,detected,-11.727178,0.326342,2.006874,-0.046069,0.019184,0.015056,0.688021,0.015140,486.000,0,0.123612,0.000000,0.193264,0.380903
tracking_cdrone3_20260822_201250_360_milestone4,milestone4,1787454824.475076675,target_map,5,8,2,predicted,-12.361582,0.396060,1.905342,-0.184089,0.006664,-0.022370,0.000000,0.020164,546.000,0,4.363669,4.363669,1.677284,1.440917
tracking_cdrone3_20260822_201250_360_milestone4,milestone4,1787454824.475076675,target_map,6,13,0,detected,-11.731761,0.328251,2.008372,-0.046069,0.019184,0.015056,0.670364,0.015140,486.000,0,0.223094,0.000000,0.228083,0.405774
tracking_cdrone3_20260822_201250_360_milestone4,milestone4,1787454824.503810406,raw,13,13,0,detected,-11.728199,0.330461,2.007355,-0.026383,0.025497,0.009204,0.546875,0.017426,574.000,0,0.000000,0.000000,0.000000,0.000000
tracking_cdrone3_20260822_201250_360_milestone4,milestone4,1787454824.574987650,target_map,5,8,2,predicted,-12.379976,0.396725,1.903106,-0.184089,0.006664,-0.022370,0.000000,0.020164,546.000,0,4.463590,4.463590,1.712257,1.465898
tracking_cdrone3_20260822_201250_360_milestone4,milestone4,1787454824.574987650,target_map,6,13,0,detected,-11.730606,0.332009,2.008164,-0.035242,0.022657,0.011838,0.537535,0.017426,574.000,0,0.068316,0.000000,0.173910,0.367079
tracking_cdrone3_20260822_201250_360_milestone4,milestone4,1787454824.675006866,target_map,5,8,2,predicted,-12.398386,0.397392,1.900869,-0.184089,0.006664,-0.022370,0.000000,0.020164,546.000,0,4.563596,4.563596,1.747259,1.490899
tracking_cdrone3_20260822_201250_360_milestone4,milestone4,1787454824.675006866,target_map,6,13,0,detected,-11.734131,0.334274,2.009348,-0.035242,0.022657,0.011838,0.523862,0.017426,574.000,0,0.168322,0.000000,0.208913,0.392080
tracking_cdrone3_20260822_201250_360_milestone4,milestone4,1787454824.757942438,raw,13,13,0,detected,-11.731129,0.333278,2.008874,-0.011530,0.011087,0.005975,0.518555,0.019344,533.000,0,0.000000,0.000000,0.000000,0.000000
tracking_cdrone3_20260822_201250_360_milestone4,milestone4,1787454824.775362730,target_map,5,8,2,predicted,-12.416862,0.398061,1.898624,-0.184089,0.006664,-0.022370,0.000000,0.020164,546.000,0,4.663963,4.663963,1.782387,1.515991
tracking_cdrone3_20260822_201250_360_milestone4,milestone4,1787454824.775362730,target_map,6,13,0,detected,-11.731451,0.333515,2.008999,-0.022200,0.016293,0.008613,0.516672,0.019344,533.000,0,0.014519,0.000000,0.155082,0.353630
tracking_cdrone3_20260822_201250_360_milestone4,milestone4,1787454824.874952555,target_map,5,8,2,predicted,-12.435195,0.398724,1.896396,-0.184089,0.006664,-0.022370,0.000000,0.020164,546.000,0,4.763548,4.763548,1.817242,1.540887
tracking_cdrone3_20260822_201250_360_milestone4,milestone4,1787454824.874952555,target_map,6,13,0,detected,-11.733662,0.335137,2.009857,-0.022200,0.016293,0.008613,0.503762,0.019344,533.000,0,0.114104,0.000000,0.189936,0.378526
tracking_cdrone3_20260822_201250_360_milestone4,milestone4,1787454824.975188494,target_map,5,8,2,predicted,-12.453649,0.399392,1.894154,-0.184089,0.006664,-0.022370,0.000000,0.020164,546.000,0,4.863788,4.863788,1.852326,1.565947
tracking_cdrone3_20260822_201250_360_milestone4,milestone4,1787454824.975188494,target_map,6,13,0,detected,-11.735888,0.336770,2.010720,-0.022200,0.016293,0.008613,0.490768,0.019344,533.000,0,0.214343,0.000000,0.225020,0.403586
tracking_cdrone3_20260822_201250_360_milestone4,milestone4,1787454824.999364376,raw,13,13,0,detected,-11.742845,0.340299,2.011083,-0.048527,0.029082,0.009152,0.560059,0.014711,497.250,0,0.000000,0.000000,0.000000,0.000000
tracking_cdrone3_20260822_201250_360_milestone4,milestone4,1787454825.079421997,target_map,5,8,2,predicted,-12.472836,0.400087,1.891822,-0.184089,0.006664,-0.022370,0.000000,0.020164,546.000,0,4.968022,4.968022,1.888808,1.592005
tracking_cdrone3_20260822_201250_360_milestone4,milestone4,1787454825.079421997,target_map,6,13,0,detected,-11.745688,0.342108,2.011774,-0.036680,0.023327,0.008910,0.549203,0.014711,497.250,0,0.077534,0.000000,0.177137,0.369383
tracking_cdrone3_20260822_201250_360_milestone4,milestone4,1787454825.175191879,target_map,6,13,0,detected,-11.749202,0.344342,2.012627,-0.036680,0.023327,0.008910,0.535794,0.014711,497.250,0,0.173302,0.000000,0.210656,0.393325
tracking_cdrone3_20260822_201250_360_milestone4,milestone4,1787454825.230905771,raw,13,13,0,detected,-11.757541,0.352290,2.013521,-0.063474,0.051787,0.010526,0.554199,0.012992,382.500,0,0.000000,0.000000,0.000000,0.000000
tracking_cdrone3_20260822_201250_360_milestone4,milestone4,1787454825.275034666,target_map,6,13,0,detected,-11.759665,0.353900,2.013925,-0.051417,0.038980,0.009799,0.548477,0.012992,382.500,0,0.041299,0.000000,0.164455,0.360325
tracking_cdrone3_20260822_201250_360_milestone4,milestone4,1787454825.375056267,target_map,6,13,0,detected,-11.764807,0.357798,2.014905,-0.051417,0.038980,0.009799,0.534620,0.012992,382.500,0,0.141314,0.000000,0.199460,0.385328
tracking_cdrone3_20260822_201250_360_milestone4,milestone4,1787454825.475536108,raw,13,13,0,detected,-11.763268,0.358110,2.014472,-0.023408,0.023792,0.003887,0.491455,0.012605,434.750,0,0.000000,0.000000,0.000000,0.000000
tracking_cdrone3_20260822_201250_360_milestone4,milestone4,1787454825.475717068,target_map,6,13,0,detected,-11.769982,0.361722,2.015892,-0.051417,0.038980,0.009799,0.520673,0.012992,382.500,0,0.241982,0.000000,0.234694,0.410496
tracking_cdrone3_20260822_201250_360_milestone4,milestone4,1787454825.574956417,target_map,6,13,0,detected,-11.766628,0.360968,2.015083,-0.036012,0.030626,0.006547,0.479988,0.012605,434.750,0,0.093329,0.000000,0.182665,0.373332
tracking_cdrone3_20260822_201250_360_milestone4,milestone4,1787454825.675311804,target_map,6,13,0,detected,-11.770243,0.364041,2.015740,-0.036012,0.030626,0.006547,0.467659,0.012605,434.750,0,0.193680,0.000000,0.217788,0.398420
tracking_cdrone3_20260822_201250_360_milestone4,milestone4,1787454825.741975546,raw,13,13,0,detected,-11.768463,0.365038,2.013617,-0.019503,0.026004,-0.003208,0.650391,0.013975,602.000,0,0.000000,0.000000,0.000000,0.000000
tracking_cdrone3_20260822_201250_360_milestone4,milestone4,1787454825.774917364,target_map,6,13,0,detected,-11.769168,0.365773,2.013648,-0.026932,0.028084,0.001182,0.646138,0.013975,602.000,0,0.026157,0.000000,0.159155,0.356539
tracking_cdrone3_20260822_201250_360_milestone4,milestone4,1787454825.875199318,target_map,6,13,0,detected,-11.771869,0.368589,2.013766,-0.026932,0.028084,0.001182,0.629832,0.013975,602.000,0,0.126439,0.000000,0.194254,0.381610
tracking_cdrone3_20260822_201250_360_milestone4,milestone4,1787454825.975149155,target_map,6,13,0,detected,-11.774560,0.371396,2.013884,-0.026932,0.028084,0.001182,0.613581,0.013975,602.000,0,0.226384,0.000000,0.229234,0.406596
tracking_cdrone3_20260822_201250_360_milestone4,milestone4,1787454826.005440474,raw,13,13,0,detected,-11.777443,0.376025,2.015554,-0.034081,0.041701,0.007353,0.461182,0.014394,502.250,0,0.000000,0.000000,0.000000,0.000000
tracking_cdrone3_20260822_201250_360_milestone4,milestone4,1787454826.074943304,target_map,6,13,0,detected,-11.779521,0.378420,2.015862,-0.030864,0.035573,0.004576,0.453419,0.014394,502.250,0,0.067324,0.000000,0.173564,0.366831
tracking_cdrone3_20260822_201250_360_milestone4,milestone4,1787454826.175181150,target_map,6,13,0,detected,-11.782615,0.381986,2.016321,-0.030864,0.035573,0.004576,0.441861,0.014394,502.250,0,0.167572,0.000000,0.208650,0.391893
tracking_cdrone3_20260822_201250_360_milestone4,milestone4,1787454826.249096394,raw,13,13,0,detected,-11.791832,0.397849,2.021031,-0.059054,0.089567,0.022479,0.507812,0.012735,546.000,0,0.000000,0.000000,0.000000,0.000000
tracking_cdrone3_20260822_201250_360_milestone4,milestone4,1787454826.275270939,target_map,6,13,0,detected,-11.792928,0.399392,2.021372,-0.046369,0.065270,0.014423,0.504812,0.012735,546.000,0,0.023636,0.000000,0.158273,0.355909
tracking_cdrone3_20260822_201250_360_milestone4,milestone4,1787454826.375627518,target_map,6,13,0,detected,-11.797582,0.405943,2.022820,-0.046369,0.065270,0.014423,0.492070,0.012735,546.000,0,0.124003,0.000000,0.193401,0.381001
tracking_cdrone3_20260822_201250_360_milestone4,milestone4,1787454826.474920988,target_map,6,13,0,detected,-11.802186,0.412423,2.024252,-0.046369,0.065270,0.014423,0.479465,0.012735,546.000,0,0.223292,0.000000,0.228152,0.405823
tracking_cdrone3_20260822_201250_360_milestone4,milestone4,1787454826.503115892,raw,13,13,0,detected,-11.796249,0.407153,2.023904,-0.017390,0.036628,0.011310,0.578613,0.013614,475.000,0,0.000000,0.000000,0.000000,0.000000
tracking_cdrone3_20260822_201250_360_milestone4,milestone4,1787454826.575182676,target_map,6,13,0,detected,-11.798357,0.410583,2.024785,-0.030431,0.049517,0.012711,0.568595,0.013614,475.000,0,0.069255,0.000000,0.174239,0.367314
tracking_cdrone3_20260822_201250_360_milestone4,milestone4,1787454826.675073624,target_map,6,13,0,detected,-11.801396,0.415529,2.026054,-0.030431,0.049517,0.012711,0.554145,0.013614,475.000,0,0.169149,0.000000,0.209202,0.392287
tracking_cdrone3_20260822_201250_360_milestone4,milestone4,1787454826.775612116,target_map,6,13,2,predicted,-11.804456,0.420507,2.027332,-0.030431,0.049517,0.012711,0.539602,0.013614,475.000,0,0.269687,0.269687,0.244390,0.417422
tracking_cdrone3_20260822_201250_360_milestone4,milestone4,1787454826.782381773,raw,13,13,0,detected,-11.799215,0.415153,2.026183,-0.010621,0.028646,0.008159,0.477539,0.015292,708.000,0,0.000000,0.000000,0.000000,0.000000
tracking_cdrone3_20260822_201250_360_milestone4,milestone4,1787454826.874838114,target_map,6,13,0,detected,-11.800978,0.418585,2.027104,-0.019535,0.038038,0.010207,0.466767,0.015292,708.000,0,0.090226,0.000000,0.181579,0.372556
tracking_cdrone3_20260822_201250_360_milestone4,milestone4,1787454826.976090431,target_map,6,13,0,detected,-11.802956,0.422436,2.028137,-0.019535,0.038038,0.010207,0.454681,0.015292,708.000,0,0.191464,0.000000,0.217012,0.397866
tracking_cdrone3_20260822_201250_360_milestone4,milestone4,1787454827.009324789,raw,13,13,0,detected,-11.807195,0.425924,2.028615,-0.035161,0.047464,0.010719,0.477539,0.015400,708.000,0,0.000000,0.000000,0.000000,0.000000
tracking_cdrone3_20260822_201250_360_milestone4,milestone4,1787454827.076622248,target_map,6,13,0,detected,-11.808930,0.428591,2.029262,-0.028130,0.043222,0.010489,0.470173,0.015400,708.000,0,0.061703,0.000000,0.171596,0.365426
tracking_cdrone3_20260822_201250_360_milestone4,milestone4,1787454827.174984455,target_map,6,13,0,detected,-11.811697,0.432843,2.030294,-0.028130,0.043222,0.010489,0.458430,0.015400,708.000,0,0.160059,0.000000,0.206021,0.390015
tracking_cdrone3_20260822_201250_360_milestone4,milestone4,1787454827.253137589,raw,13,13,0,detected,-11.813636,0.431792,2.030616,-0.026419,0.024065,0.008207,0.477539,0.017258,708.000,0,0.000000,0.000000,0.000000,0.000000
tracking_cdrone3_20260822_201250_360_milestone4,milestone4,1787454827.276384115,target_map,6,13,0,detected,-11.814196,0.432465,2.030806,-0.027189,0.032686,0.009234,0.475082,0.017258,708.000,0,0.020582,0.000000,0.157204,0.355145
tracking_cdrone3_20260822_201250_360_milestone4,milestone4,1787454827.375369310,target_map,6,13,0,detected,-11.816887,0.435700,2.031720,-0.027189,0.032686,0.009234,0.463264,0.017258,708.000,0,0.119569,0.000000,0.191849,0.379892
tracking_cdrone3_20260822_201250_360_milestone4,milestone4,1787454827.475077629,target_map,6,13,0,detected,-11.819597,0.438959,2.032641,-0.027189,0.032686,0.009234,0.451361,0.017258,708.000,0,0.219272,0.000000,0.226745,0.404818
tracking_cdrone3_20260822_201250_360_milestone4,milestone4,1787454827.510039091,raw,13,13,0,detected,-11.823623,0.438398,2.033289,-0.038874,0.025715,0.010404,0.477539,0.018500,708.000,0,0.000000,0.000000,0.000000,0.000000
tracking_cdrone3_20260822_201250_360_milestone4,milestone4,1787454827.575610399,target_map,6,13,0,detected,-11.825708,0.440188,2.033902,-0.033616,0.028852,0.009877,0.470131,0.018500,708.000,0,0.062048,0.000000,0.171717,0.365512
tracking_cdrone3_20260822_201250_360_milestone4,milestone4,1787454827.675241947,target_map,6,13,0,detected,-11.829058,0.443062,2.034886,-0.033616,0.028852,0.009877,0.458238,0.018500,708.000,0,0.161670,0.000000,0.206585,0.390418
tracking_cdrone3_20260822_201250_360_milestone4,milestone4,1787454827.761213303,raw,13,13,0,detected,-11.825096,0.438856,2.033966,-0.005865,0.001825,0.002694,0.477539,0.017283,708.000,0,0.000000,0.000000,0.000000,0.000000
tracking_cdrone3_20260822_201250_360_milestone4,milestone4,1787454827.775419712,target_map,6,13,0,detected,-11.825292,0.439005,2.034029,-0.018353,0.013987,0.005926,0.476266,0.017283,708.000,0,0.010666,0.000000,0.153733,0.352666
tracking_cdrone3_20260822_201250_360_milestone4,milestone4,1787454827.875013828,target_map,6,13,0,detected,-11.827120,0.440398,2.034619,-0.018353,0.013987,0.005926,0.464376,0.017283,708.000,0,0.110261,0.000000,0.188591,0.377565
tracking_cdrone3_20260822_201250_360_milestone4,milestone4,1787454827.975378275,target_map,6,13,0,detected,-11.828961,0.441802,2.035214,-0.018353,0.013987,0.005926,0.452395,0.017283,708.000,0,0.210613,0.000000,0.223715,0.402653
tracking_cdrone3_20260822_201250_360_milestone4,milestone4,1787454828.015042067,raw,13,13,0,detected,-11.823538,0.437598,2.033511,0.006137,-0.004958,-0.001792,0.477539,0.017411,708.000,0,0.000000,0.000000,0.000000,0.000000
tracking_cdrone3_20260822_201250_360_milestone4,milestone4,1787454828.074927807,target_map,6,13,0,detected,-11.823812,0.437799,2.033606,-0.004883,0.003567,0.001682,0.470822,0.017411,708.000,0,0.056264,0.000000,0.169692,0.364066
tracking_cdrone3_20260822_201250_360_milestone4,milestone4,1787454828.175117254,target_map,6,13,0,detected,-11.824302,0.438156,2.033774,-0.004883,0.003567,0.001682,0.458863,0.017411,708.000,0,0.156434,0.000000,0.204752,0.389109
tracking_cdrone3_20260822_201250_360_milestone4,milestone4,1787454828.270846844,raw,13,13,0,detected,-11.816825,0.434318,2.036551,0.026242,-0.012821,0.011883,0.500977,0.017712,637.000,0,0.000000,0.000000,0.000000,0.000000
tracking_cdrone3_20260822_201250_360_milestone4,milestone4,1787454828.275211811,target_map,6,13,2,predicted,-11.824791,0.438513,2.033942,-0.004883,0.003567,0.001682,0.446912,0.017411,708.000,0,0.256540,0.256540,0.239789,0.414135
tracking_cdrone3_20260822_201250_360_milestone4,milestone4,1787454828.374943733,target_map,6,13,0,detected,-11.815668,0.433803,2.037240,0.012236,-0.005446,0.007292,0.489137,0.017712,637.000,0,0.094534,0.000000,0.183087,0.373634
tracking_cdrone3_20260822_201250_360_milestone4,milestone4,1787454828.475492954,target_map,6,13,0,detected,-11.814438,0.433255,2.037973,0.012236,-0.005446,0.007292,0.476544,0.017712,637.000,0,0.195078,0.000000,0.218277,0.398770
tracking_cdrone3_20260822_201250_360_milestone4,milestone4,1787454828.550929308,raw,13,13,0,detected,-11.800598,0.425790,2.037501,0.057940,-0.030449,0.003392,0.500977,0.017239,637.000,0,0.000000,0.000000,0.000000,0.000000
tracking_cdrone3_20260822_201250_360_milestone4,milestone4,1787454828.576849461,target_map,6,13,0,detected,-11.800114,0.425542,2.037567,0.037373,-0.019198,0.005147,0.499353,0.017239,637.000,0,0.012959,0.000000,0.154536,0.353240
tracking_cdrone3_20260822_201250_360_milestone4,milestone4,1787454828.674976587,target_map,6,13,0,detected,-11.796447,0.423658,2.038072,0.037373,-0.019198,0.005147,0.487064,0.017239,637.000,0,0.111081,0.000000,0.188878,0.377770
tracking_cdrone3_20260822_201250_360_milestone4,milestone4,1787454828.775192499,target_map,6,13,0,detected,-11.792702,0.421734,2.038588,0.037373,-0.019198,0.005147,0.474514,0.017239,637.000,0,0.211285,0.000000,0.223950,0.402821
tracking_cdrone3_20260822_201250_360_milestone4,milestone4,1787454828.790536404,raw,13,13,1,held,-11.786549,0.418780,2.035600,0.058631,-0.029258,-0.007931,0.500977,0.016836,637.000,0,0.239619,0.239619,0.000000,0.000000
tracking_cdrone3_20260822_201250_360_milestone4,milestone4,1787454828.875262737,target_map,6,13,1,held,-11.782613,0.416796,2.035436,0.049065,-0.024731,-0.002046,0.460920,0.016836,637.000,0,0.319826,0.000000,0.178073,0.370052
tracking_cdrone3_20260822_201250_360_milestone4,milestone4,1787454828.975016356,target_map,6,13,1,held,-11.777719,0.414329,2.035232,0.049065,-0.024731,-0.002046,0.448427,0.016836,637.000,0,0.419580,0.000000,0.212986,0.394990
tracking_cdrone3_20260822_201250_360_milestone4,milestone4,1787454829.031780243,raw,13,13,0,detected,-11.777441,0.413886,2.034298,0.037755,-0.020286,-0.005397,0.556641,0.018555,612.750,0,0.000000,0.000000,0.000000,0.000000
tracking_cdrone3_20260822_201250_360_milestone4,milestone4,1787454829.074931145,target_map,6,13,0,detected,-11.775712,0.412987,2.034142,0.042844,-0.022286,-0.003889,0.551026,0.018555,612.750,0,0.040346,0.000000,0.164121,0.360086
tracking_cdrone3_20260822_201250_360_milestone4,milestone4,1787454829.174955130,target_map,6,13,0,detected,-11.771427,0.410758,2.033752,0.042844,-0.022286,-0.003889,0.537106,0.018555,612.750,0,0.140373,0.000000,0.199130,0.385093
tracking_cdrone3_20260822_201250_360_milestone4,milestone4,1787454829.272669315,raw,13,13,0,detected,-11.766779,0.405472,2.030133,0.044161,-0.034848,-0.017251,0.733887,0.018102,532.000,0,0.000000,0.000000,0.000000,0.000000
tracking_cdrone3_20260822_201250_360_milestone4,milestone4,1787454829.275079727,target_map,6,13,0,detected,-11.767138,0.408527,2.033363,0.042844,-0.022286,-0.003889,0.523177,0.018555,612.750,0,0.240469,0.000000,0.234164,0.410117
tracking_cdrone3_20260822_201250_360_milestone4,milestone4,1787454829.375240088,target_map,6,13,0,detected,-11.762604,0.402674,2.029056,0.043569,-0.029195,-0.011238,0.716304,0.018102,532.000,0,0.095833,0.000000,0.183542,0.373958
tracking_cdrone3_20260822_201250_360_milestone4,milestone4,1787454829.475650787,target_map,6,13,0,detected,-11.758229,0.399743,2.027928,0.043569,-0.029195,-0.011238,0.697882,0.018102,532.000,0,0.196241,0.000000,0.218684,0.399060
tracking_cdrone3_20260822_201250_360_milestone4,milestone4,1787454829.504256725,raw,13,13,0,detected,-11.754022,0.392681,2.026956,0.055213,-0.055358,-0.013751,0.742676,0.017729,499.500,0,0.000000,0.000000,0.000000,0.000000
tracking_cdrone3_20260822_201250_360_milestone4,milestone4,1787454829.575164557,target_map,6,13,0,detected,-11.751328,0.390332,2.026276,0.049973,-0.043585,-0.012620,0.732668,0.017729,499.500,0,0.053903,0.000000,0.168866,0.363476
tracking_cdrone3_20260822_201250_360_milestone4,milestone4,1787454829.675070524,target_map,6,13,0,detected,-11.746336,0.385978,2.025015,0.049973,-0.043585,-0.012620,0.714120,0.017729,499.500,0,0.153800,0.000000,0.203830,0.388450
tracking_cdrone3_20260822_201250_360_milestone4,milestone4,1787454829.750789165,raw,13,13,0,detected,-11.746461,0.383578,2.024581,0.030672,-0.036927,-0.009634,0.467041,0.017706,495.000,0,0.000000,0.000000,0.000000,0.000000
tracking_cdrone3_20260822_201250_360_milestone4,milestone4,1787454829.775155783,target_map,6,13,0,detected,-11.745653,0.382759,2.024356,0.039357,-0.039923,-0.010978,0.464646,0.017706,495.000,0,0.020514,0.000000,0.157180,0.355129
tracking_cdrone3_20260822_201250_360_milestone4,milestone4,1787454829.875159264,target_map,6,13,0,detected,-11.741718,0.378767,2.023258,0.039357,-0.039923,-0.010978,0.452971,0.017706,495.000,0,0.120506,0.000000,0.192177,0.380126
tracking_cdrone3_20260822_201250_360_milestone4,milestone4,1787454829.975131750,target_map,6,13,0,detected,-11.737783,0.374776,2.022161,0.039357,-0.039923,-0.010978,0.441298,0.017706,495.000,0,0.220480,0.000000,0.227168,0.405120
tracking_cdrone3_20260822_201250_360_milestone4,milestone4,1787454830.000045300,raw,13,13,0,detected,-11.743882,0.380725,2.024451,0.010343,-0.011448,-0.000521,0.787598,0.019137,490.000,0,0.000000,0.000000,0.000000,0.000000
tracking_cdrone3_20260822_201250_360_milestone4,milestone4,1787454830.076908112,target_map,6,13,0,detected,-11.742163,0.378943,2.024067,0.023400,-0.024262,-0.005227,0.773133,0.019137,490.000,0,0.073464,0.000000,0.175713,0.368366
tracking_cdrone3_20260822_201250_360_milestone4,milestone4,1787454830.175046921,target_map,6,13,0,detected,-11.739867,0.376562,2.023554,0.023400,-0.024262,-0.005227,0.753810,0.019137,490.000,0,0.171599,0.000000,0.210060,0.392900
tracking_cdrone3_20260822_201250_360_milestone4,milestone4,1787454830.233584166,raw,13,13,0,detected,6.182492,-5.255422,3.450843,76.761665,-24.134272,6.107882,0.775391,18.863512,545.750,0,0.000000,0.000000,0.000000,0.000000
tracking_cdrone3_20260822_201250_360_milestone4,milestone4,1787454830.276270628,target_map,6,13,0,detected,6.350238,-5.308466,3.464062,4.195919,-1.326826,0.330677,0.767641,18.863512,545.750,0,0.039978,0.000000,0.163992,0.359995
tracking_cdrone3_20260822_201250_360_milestone4,milestone4,1787454830.374891043,target_map,6,13,0,detected,6.764027,-5.439313,3.496673,4.195919,-1.326826,0.330677,0.748524,18.863512,545.750,0,0.138595,0.000000,0.198508,0.384649
tracking_cdrone3_20260822_201250_360_milestone4,milestone4,1787454830.475231409,target_map,6,13,0,detected,7.185020,-5.572439,3.529851,4.195919,-1.326826,0.330677,0.729075,18.863512,545.750,0,0.238929,0.000000,0.233625,0.409732
tracking_cdrone3_20260822_201250_360_milestone4,milestone4,1787454830.507094860,raw,13,13,0,detected,4.189176,-4.679487,3.404434,-7.287575,2.105619,-0.169671,0.711426,16.793110,549.000,1,0.000000,0.000000,0.000000,0.000000
tracking_cdrone3_20260822_201250_360_milestone4,milestone4,1787454830.574946165,target_map,6,13,0,detected,4.059126,-4.645072,3.407838,-2.120003,0.561019,0.055486,0.700515,16.793110,549.000,1,0.061344,0.000000,0.171470,0.365336
tracking_cdrone3_20260822_201250_360_milestone4,milestone4,1787454830.677319765,target_map,6,13,0,detected,3.842148,-4.587653,3.413517,-2.120003,0.561019,0.055486,0.682312,16.793110,549.000,1,0.163692,0.000000,0.207292,0.390923
tracking_cdrone3_20260822_201250_360_milestone4,milestone4,1787454830.754286051,raw,13,13,0,detected,4.893425,-4.771951,3.512829,2.848986,-0.374055,0.438506,0.752930,17.509531,533.750,0,0.000000,0.000000,0.000000,0.000000
tracking_cdrone3_20260822_201250_360_milestone4,milestone4,1787454830.774997950,target_map,6,13,0,detected,4.901348,-4.771347,3.516270,0.612941,0.046728,0.266147,0.750496,17.509531,533.750,0,0.012928,0.000000,0.154525,0.353232
tracking_cdrone3_20260822_201250_360_milestone4,milestone4,1787454830.875056505,target_map,6,13,0,detected,4.962675,-4.766671,3.542899,0.612941,0.046728,0.266147,0.731663,17.509531,533.750,0,0.112981,0.000000,0.189543,0.378245
tracking_cdrone3_20260822_201250_360_milestone4,milestone4,1787454830.975401163,target_map,6,13,0,detected,5.024174,-4.761983,3.569602,0.612941,0.046728,0.266147,0.712777,17.509531,533.750,0,0.213315,0.000000,0.224660,0.403329
tracking_cdrone3_20260822_201250_360_milestone4,milestone4,1787454831.056915522,raw,13,13,0,detected,4.683479,-4.513692,4.403663,-0.693775,0.853429,2.943800,0.511719,17.343231,1400.000,1,0.000000,0.000000,0.000000,0.000000
tracking_cdrone3_20260822_201250_360_milestone4,milestone4,1787454831.075008869,target_map,6,13,0,detected,4.681824,-4.506016,4.430881,-0.105753,0.490414,1.738856,0.509716,17.343231,1400.000,1,0.015653,0.000000,0.155478,0.353913
tracking_cdrone3_20260822_201250_360_milestone4,milestone4,1787454831.175184965,target_map,6,13,0,detected,4.671231,-4.456892,4.605057,-0.105753,0.490414,1.738856,0.496902,17.343231,1400.000,1,0.115820,0.000000,0.190537,0.378955
tracking_cdrone3_20260822_201250_360_milestone4,milestone4,1787454831.275024176,target_map,6,13,0,detected,4.660673,-4.407934,4.778650,-0.105753,0.490414,1.738856,0.484131,17.343231,1400.000,1,0.215651,0.000000,0.225478,0.403913
tracking_cdrone3_20260822_201250_360_milestone4,milestone4,1787454831.343820572,raw,13,13,0,detected,2.275125,-3.586428,2.900551,-8.393753,3.231761,-5.238744,0.737305,14.645912,673.750,1,0.000000,0.000000,0.000000,0.000000
tracking_cdrone3_20260822_201250_360_milestone4,milestone4,1787454831.374959230,target_map,6,13,0,detected,2.173306,-3.541495,2.860001,-3.595778,1.586809,-1.432026,0.732085,14.645912,673.750,1,0.028316,0.000000,0.159911,0.357079
tracking_cdrone3_20260822_201250_360_milestone4,milestone4,1787454831.474932194,target_map,6,13,0,detected,1.814013,-3.382940,2.716912,-3.595778,1.586809,-1.432026,0.713667,14.645912,673.750,1,0.128237,0.000000,0.194883,0.382059
tracking_cdrone3_20260822_201250_360_milestone4,milestone4,1787454831.575253010,target_map,6,13,0,detected,1.453135,-3.223685,2.573192,-3.595778,1.586809,-1.432026,0.695168,14.645912,673.750,1,0.228599,0.000000,0.230010,0.407150
tracking_cdrone3_20260822_201250_360_milestone4,milestone4,1787454831.636237144,raw,13,13,0,detected,5.150712,-4.827236,3.242513,9.834592,-4.243602,1.169522,0.632324,17.742804,483.750,0,0.000000,0.000000,0.000000,0.000000
tracking_cdrone3_20260822_201250_360_milestone4,milestone4,1787454831.676537514,target_map,6,13,0,detected,5.228428,-4.860257,3.237107,2.397976,-1.018863,-0.166823,0.627201,17.742804,483.750,0,0.032409,0.000000,0.161343,0.358102
tracking_cdrone3_20260822_201250_360_milestone4,milestone4,1787454831.774982929,target_map,6,13,0,detected,5.464485,-4.960554,3.220685,2.397976,-1.018863,-0.166823,0.611639,17.742804,483.750,0,0.130849,0.000000,0.195797,0.382712
tracking_cdrone3_20260822_201250_360_milestone4,milestone4,1787454831.875033855,target_map,6,13,0,detected,5.704392,-5.062487,3.203995,2.397976,-1.018863,-0.166823,0.595824,17.742804,483.750,0,0.230895,0.000000,0.230813,0.407724
tracking_cdrone3_20260822_201250_360_milestone4,milestone4,1787454831.919293404,raw,13,13,0,detected,4.453414,-4.546430,4.676159,-2.463383,0.992022,5.064728,0.729492,17.135189,1134.000,1,0.000000,0.000000,0.000000,0.000000
tracking_cdrone3_20260822_201250_360_milestone4,milestone4,1787454831.975195408,target_map,6,13,0,detected,4.438719,-4.541787,4.820598,-0.275771,0.087124,2.710530,0.719774,17.135189,1134.000,1,0.053288,0.000000,0.168651,0.363322
tracking_cdrone3_20260822_201250_360_milestone4,milestone4,1787454832.075187683,target_map,6,13,0,detected,4.411144,-4.533075,5.091628,-0.275771,0.087124,2.710530,0.701538,17.135189,1134.000,1,0.153279,0.000000,0.203648,0.388320
tracking_cdrone3_20260822_201250_360_milestone4,milestone4,1787454832.175018072,target_map,6,13,2,predicted,4.383615,-4.524378,5.362208,-0.275771,0.087124,2.710530,0.683333,17.135189,1134.000,1,0.253105,0.253105,0.238587,0.413276
tracking_cdrone3_20260822_201250_360_milestone4,milestone4,1787454832.268517733,raw,13,13,0,detected,5.853241,-4.886230,0.793070,4.008369,-0.973010,-11.119130,0.729492,18.409456,1134.000,0,0.000000,0.000000,0.000000,0.000000
tracking_cdrone3_20260822_201250_360_milestone4,milestone4,1787454832.268517733,raw,14,14,0,detected,4.013567,4.413366,0.215972,0.000000,0.000000,0.000000,0.583984,16.419895,1179.375,0,0.000000,0.000000,0.000000,0.000000
tracking_cdrone3_20260822_201250_360_milestone4,milestone4,1787454832.278246641,target_map,6,13,2,predicted,4.355146,-4.515384,5.642022,-0.275771,0.087124,2.710530,0.664506,17.135189,1134.000,1,0.356337,0.356337,0.274718,0.439084
tracking_cdrone3_20260822_201250_360_milestone4,milestone4,1787454832.375069618,target_map,6,13,0,detected,5.977848,-4.915648,0.527451,1.363045,-0.321790,-2.905560,0.712820,18.409456,1134.000,0,0.091418,0.000000,0.181996,0.372854
tracking_cdrone3_20260822_201250_360_milestone4,milestone4,1787454832.375069618,target_map,7,14,0,detected,4.013567,4.413366,0.215972,0.000000,0.000000,0.000000,0.570638,16.419895,1179.375,0,0.091418,0.000000,0.181996,0.372854
tracking_cdrone3_20260822_201250_360_milestone4,milestone4,1787454832.475622416,target_map,6,13,0,detected,6.114897,-4.948002,0.235307,1.363045,-0.321790,-2.905560,0.694483,18.409456,1134.000,0,0.191964,0.000000,0.217187,0.397991
tracking_cdrone3_20260822_201250_360_milestone4,milestone4,1787454832.475622416,target_map,7,14,0,detected,4.013567,4.413366,0.215972,0.000000,0.000000,0.000000,0.555958,16.419895,1179.375,0,0.191964,0.000000,0.217187,0.397991
tracking_cdrone3_20260822_201250_360_milestone4,milestone4,1787454832.575021744,target_map,6,13,2,predicted,6.250399,-4.979991,-0.053539,1.363045,-0.321790,-2.905560,0.676353,18.409456,1134.000,0,0.291376,0.291376,0.251981,0.422844
tracking_cdrone3_20260822_201250_360_milestone4,milestone4,1787454832.575021744,target_map,7,14,2,predicted,4.013567,4.413366,0.215972,0.000000,0.000000,0.000000,0.541445,16.419895,1179.375,0,0.291376,0.291376,0.251981,0.422844
tracking_cdrone3_20260822_201250_360_milestone4,milestone4,1787454832.600569010,raw,13,13,0,detected,4.863483,-4.610884,5.547003,-2.980803,0.829246,14.317183,0.678223,17.571848,983.125,1,0.000000,0.000000,0.000000,0.000000
tracking_cdrone3_20260822_201250_360_milestone4,milestone4,1787454832.600569010,raw,14,14,0,detected,4.624430,4.118694,2.692165,1.839704,-0.887450,7.457427,0.423584,16.810341,642.000,0,0.000000,0.000000,0.000000,0.000000
tracking_cdrone3_20260822_201250_360_milestone4,milestone4,1787454832.675023556,target_map,6,13,0,detected,4.843330,-4.603431,5.760895,-0.282030,0.104291,2.993220,0.666106,17.571848,983.125,1,0.071459,0.000000,0.175011,0.367865
tracking_cdrone3_20260822_201250_360_milestone4,milestone4,1787454832.675023556,target_map,7,14,0,detected,4.696734,4.083815,2.985260,1.011837,-0.488097,4.101585,0.416017,16.810341,642.000,0,0.071459,0.000000,0.175011,0.367865
tracking_cdrone3_20260822_201250_360_milestone4,milestone4,1787454832.774981260,target_map,6,13,0,detected,4.815140,-4.593007,6.060081,-0.282030,0.104291,2.993220,0.649159,17.571848,983.125,1,0.171413,0.000000,0.209995,0.392853
tracking_cdrone3_20260822_201250_360_milestone4,milestone4,1787454832.774981260,target_map,7,14,0,detected,4.797872,4.035028,3.395232,1.011837,-0.488097,4.101585,0.405432,16.810341,642.000,0,0.171413,0.000000,0.209995,0.392853
tracking_cdrone3_20260822_201250_360_milestone4,milestone4,1787454832.874863863,target_map,6,13,2,predicted,4.786969,-4.582590,6.359058,-0.282030,0.104291,2.993220,0.632223,17.571848,983.125,1,0.271298,0.271298,0.244954,0.417825
tracking_cdrone3_20260822_201250_360_milestone4,milestone4,1787454832.874863863,target_map,7,14,2,predicted,4.898939,3.986274,3.804918,1.011837,-0.488097,4.101585,0.394855,16.810341,642.000,0,0.271298,0.271298,0.244954,0.417825
tracking_cdrone3_20260822_201250_360_milestone4,milestone4,1787454832.947313547,raw,13,13,0,detected,4.030655,-4.461114,3.864515,-2.401803,0.431922,-4.852150,0.570801,16.372807,1209.500,1,0.000000,0.000000,0.000000,0.000000
tracking_cdrone3_20260822_201250_360_milestone4,milestone4,1787454832.947313547,raw,14,14,0,detected,4.779716,4.088543,1.825089,0.447831,-0.086951,-2.500572,0.423584,16.918291,642.000,0,0.000000,0.000000,0.000000,0.000000
tracking_cdrone3_20260822_201250_360_milestone4,milestone4,1787454832.974949837,target_map,6,13,0,detected,3.995538,-4.454215,3.832457,-1.447905,0.284488,-1.321734,0.567340,16.372807,1209.500,1,0.024254,0.000000,0.158489,0.356064
tracking_cdrone3_20260822_201250_360_milestone4,milestone4,1787454832.974949837,target_map,7,14,0,detected,4.796733,4.082056,1.836498,0.701634,-0.267467,0.470398,0.421016,16.918291,642.000,0,0.024254,0.000000,0.158489,0.356064
tracking_cdrone3_20260822_201250_360_milestone4,milestone4,1787454833.074985504,target_map,6,13,0,detected,3.850702,-4.425756,3.700242,-1.447905,0.284488,-1.321734,0.553065,16.372807,1209.500,1,0.124285,0.000000,0.193500,0.381071
tracking_cdrone3_20260822_201250_360_milestone4,milestone4,1787454833.074985504,target_map,7,14,0,detected,4.866919,4.055301,1.883552,0.701634,-0.267467,0.470398,0.410423,16.918291,642.000,0,0.124285,0.000000,0.193500,0.381071
tracking_cdrone3_20260822_201250_360_milestone4,milestone4,1787454833.175231934,target_map,6,13,0,detected,3.705573,-4.397241,3.567760,-1.447905,0.284488,-1.321734,0.538762,16.372807,1209.500,1,0.224519,0.000000,0.228582,0.406130
tracking_cdrone3_20260822_201250_360_milestone4,milestone4,1787454833.175231934,target_map,7,14,0,detected,4.937246,4.028491,1.930702,0.701634,-0.267467,0.470398,0.399808,16.918291,642.000,0,0.224519,0.000000,0.228582,0.406130
tracking_cdrone3_20260822_201250_360_milestone4,milestone4,1787454833.274888039,target_map,6,13,2,predicted,3.561278,-4.368890,3.436039,-1.447905,0.284488,-1.321734,0.524541,16.372807,1209.500,1,0.324177,0.324177,0.263462,0.431044
tracking_cdrone3_20260822_201250_360_milestone4,milestone4,1787454833.274888039,target_map,7,14,2,predicted,5.007169,4.001836,1.977581,0.701634,-0.267467,0.470398,0.389255,16.918291,642.000,0,0.324177,0.324177,0.263462,0.431044
tracking_cdrone3_20260822_201250_360_milestone4,milestone4,1787454833.301351547,raw,13,13,0,detected,4.905657,-4.854107,2.767106,2.471523,-1.110045,-3.099731,0.778809,17.173634,516.000,0,0.000000,0.000000,0.000000,0.000000
tracking_cdrone3_20260822_201250_360_milestone4,milestone4,1787454833.301351547,raw,14,14,0,detected,5.860476,4.329490,1.055293,3.052707,0.680577,-2.174359,0.423584,18.027945,642.000,0,0.000000,0.000000,0.000000,0.000000
tracking_cdrone3_20260822_201250_360_milestone4,milestone4,1787454833.375008583,target_map,6,13,0,detected,4.955642,-4.888183,2.604701,0.707780,-0.482505,-2.299633,0.765058,17.173634,516.000,0,0.070622,0.000000,0.174718,0.367655
tracking_cdrone3_20260822_201250_360_milestone4,milestone4,1787454833.375008583,target_map,7,14,0,detected,6.001348,4.347425,0.985785,1.994724,0.253957,-0.984218,0.416105,18.027945,642.000,0,0.070622,0.000000,0.174718,0.367655
tracking_cdrone3_20260822_201250_360_milestone4,milestone4,1787454833.475291491,target_map,6,13,0,detected,5.026612,-4.936564,2.374113,0.707780,-0.482505,-2.299633,0.745535,17.173634,516.000,0,0.170894,0.000000,0.209813,0.392723
tracking_cdrone3_20260822_201250_360_milestone4,milestone4,1787454833.475291491,target_map,7,14,0,detected,6.201362,4.372890,0.887096,1.994724,0.253957,-0.984218,0.405487,18.027945,642.000,0,0.170894,0.000000,0.209813,0.392723
tracking_cdrone3_20260822_201250_360_milestone4,milestone4,1787454833.575223923,target_map,6,13,2,predicted,5.097321,-4.984767,2.144376,0.707780,-0.482505,-2.299633,0.726084,17.173634,516.000,0,0.270795,0.270795,0.244778,0.417699
tracking_cdrone3_20260822_201250_360_milestone4,milestone4,1787454833.575223923,target_map,7,14,2,predicted,6.400638,4.398261,0.788771,1.994724,0.253957,-0.984218,0.394908,18.027945,642.000,0,0.270795,0.270795,0.244778,0.417699
tracking_cdrone3_20260822_201250_360_milestone4,milestone4,1787454833.642200470,raw,13,13,0,detected,3.040706,-3.972049,5.198733,-5.471142,2.587664,7.133577,0.547363,15.381365,1592.250,1,0.000000,0.000000,0.000000,0.000000
tracking_cdrone3_20260822_201250_360_milestone4,milestone4,1787454833.642200470,raw,14,14,0,detected,6.110496,4.281249,2.462061,0.733473,-0.141524,4.126986,0.447510,18.204716,1049.344,0,0.000000,0.000000,0.000000,0.000000
tracking_cdrone3_20260822_201250_360_milestone4,milestone4,1787454833.675268412,target_map,6,13,0,detected,2.973556,-3.942270,5.267835,-2.254759,0.999937,2.320324,0.543288,15.381365,1592.250,1,0.029781,0.000000,0.160423,0.357445
tracking_cdrone3_20260822_201250_360_milestone4,milestone4,1787454833.675268412,target_map,7,14,0,detected,6.149242,4.282334,2.516470,1.301036,0.036443,1.826944,0.444178,18.204716,1049.344,0,0.029781,0.000000,0.160423,0.357445
tracking_cdrone3_20260822_201250_360_milestone4,milestone4,1787454833.774953127,target_map,6,13,0,detected,2.748797,-3.842594,5.499130,-2.254759,0.999937,2.320324,0.529647,15.381365,1592.250,1,0.129463,0.000000,0.195312,0.382366
tracking_cdrone3_20260822_201250_360_milestone4,milestone4,1787454833.774953127,target_map,7,14,0,detected,6.278932,4.285966,2.698584,1.301036,0.036443,1.826944,0.433026,18.204716,1049.344,0,0.129463,0.000000,0.195312,0.382366
tracking_cdrone3_20260822_201250_360_milestone4,milestone4,1787454833.878257275,target_map,6,13,0,detected,2.515878,-3.739299,5.738821,-2.254759,0.999937,2.320324,0.515512,15.381365,1592.250,1,0.232764,0.000000,0.231467,0.408191
tracking_cdrone3_20260822_201250_360_milestone4,milestone4,1787454833.878257275,target_map,7,14,0,detected,6.413330,4.289731,2.887308,1.301036,0.036443,1.826944,0.421469,18.204716,1049.344,0,0.232764,0.000000,0.231467,0.408191
tracking_cdrone3_20260822_201250_360_milestone4,milestone4,1787454833.956084013,raw,13,13,0,detected,3.582477,-4.438606,4.088482,1.726120,-1.486483,-3.537333,0.699219,15.702189,860.625,0,0.000000,0.000000,0.000000,0.000000
tracking_cdrone3_20260822_201250_360_milestone4,milestone4,1787454833.956084013,raw,14,14,0,detected,6.882760,4.214676,1.800045,2.460486,-0.212104,-2.109229,0.447510,18.883385,1049.344,0,0.000000,0.000000,0.000000,0.000000
tracking_cdrone3_20260822_201250_360_milestone4,milestone4,1787454833.975162506,target_map,6,13,0,detected,3.581923,-4.441726,4.080833,-0.065276,-0.367594,-0.901387,0.697735,15.702189,860.625,0,0.008486,0.000000,0.152970,0.352121
tracking_cdrone3_20260822_201250_360_milestone4,milestone4,1787454833.975162506,target_map,7,14,0,detected,6.899211,4.213826,1.797177,1.938734,-0.100258,-0.337951,0.446560,18.883385,1049.344,0,0.008486,0.000000,0.152970,0.352121
tracking_cdrone3_20260822_201250_360_milestone4,milestone4,1787454834.075026512,target_map,6,13,0,detected,3.575404,-4.478436,3.990815,-0.065276,-0.367594,-0.901387,0.680278,15.702189,860.625,0,0.108352,0.000000,0.187923,0.377088
tracking_cdrone3_20260822_201250_360_milestone4,milestone4,1787454834.075026512,target_map,7,14,0,detected,7.092826,4.203813,1.763427,1.938734,-0.100258,-0.337951,0.435388,18.883385,1049.344,0,0.108352,0.000000,0.187923,0.377088
tracking_cdrone3_20260822_201250_360_milestone4,milestone4,1787454834.174962282,target_map,6,13,0,detected,3.568881,-4.515170,3.900739,-0.065276,-0.367594,-0.901387,0.662810,15.702189,860.625,0,0.208282,0.000000,0.222899,0.402071
tracking_cdrone3_20260822_201250_360_milestone4,milestone4,1787454834.174962282,target_map,7,14,0,detected,7.286564,4.193794,1.729655,1.938734,-0.100258,-0.337951,0.424208,18.883385,1049.344,0,0.208282,0.000000,0.222899,0.402071
tracking_cdrone3_20260822_201250_360_milestone4,milestone4,1787454834.274892330,target_map,6,13,2,predicted,3.562358,-4.551903,3.810665,-0.065276,-0.367594,-0.901387,0.645342,15.702189,860.625,0,0.308211,0.308211,0.257874,0.427053
tracking_cdrone3_20260822_201250_360_milestone4,milestone4,1787454834.274892330,target_map,7,14,2,predicted,7.480299,4.183776,1.695884,1.938734,-0.100258,-0.337951,0.413028,18.883385,1049.344,0,0.308211,0.308211,0.257874,0.427053
tracking_cdrone3_20260822_201250_360_milestone4,milestone4,1787454834.339830875,raw,13,13,0,detected,2.442070,-4.126134,3.408731,-2.970885,0.814025,-1.770826,0.612305,14.300735,551.250,1,0.000000,0.000000,0.000000,0.000000
tracking_cdrone3_20260822_201250_360_milestone4,milestone4,1787454834.339830875,raw,14,14,0,detected,7.813153,4.454216,1.381241,2.423776,0.624027,-1.091028,0.447510,19.789732,1049.344,0,0.000000,0.000000,0.000000,0.000000
tracking_cdrone3_20260822_201250_360_milestone4,milestone4,1787454834.375121355,target_map,6,13,0,detected,2.392465,-4.117715,3.367589,-1.663361,0.282297,-1.379579,0.607740,14.300735,551.250,1,0.029822,0.000000,0.160438,0.357456
tracking_cdrone3_20260822_201250_360_milestone4,milestone4,1787454834.375121355,target_map,7,14,0,detected,7.878926,4.463106,1.358811,2.205507,0.298098,-0.752144,0.444173,19.789732,1049.344,0,0.029822,0.000000,0.160438,0.357456
tracking_cdrone3_20260822_201250_360_milestone4,milestone4,1787454834.476712704,target_map,6,13,0,detected,2.223479,-4.089036,3.227433,-1.663361,0.282297,-1.379579,0.592188,14.300735,551.250,1,0.131415,0.000000,0.195995,0.382854
tracking_cdrone3_20260822_201250_360_milestone4,milestone4,1787454834.476712704,target_map,7,14,0,detected,8.102990,4.493391,1.282398,2.205507,0.298098,-0.752144,0.432807,19.789732,1049.344,0,0.131415,0.000000,0.195995,0.382854
tracking_cdrone3_20260822_201250_360_milestone4,milestone4,1787454834.575149298,target_map,6,13,0,detected,2.059753,-4.061249,3.091640,-1.663361,0.282297,-1.379579,0.577121,14.300735,551.250,1,0.229846,0.000000,0.230446,0.407461
tracking_cdrone3_20260822_201250_360_milestone4,milestone4,1787454834.575149298,target_map,7,14,0,detected,8.320080,4.522733,1.208364,2.205507,0.298098,-0.752144,0.421795,19.789732,1049.344,0,0.229846,0.000000,0.230446,0.407461
tracking_cdrone3_20260822_201250_360_milestone4,milestone4,1787454834.675103188,target_map,6,13,2,predicted,1.893497,-4.033033,2.953749,-1.663361,0.282297,-1.379579,0.561821,14.300735,551.250,1,0.329798,0.329798,0.265429,0.432449
tracking_cdrone3_20260822_201250_360_milestone4,milestone4,1787454834.675103188,target_map,7,14,2,predicted,8.540524,4.552528,1.133186,2.205507,0.298098,-0.752144,0.410613,19.789732,1049.344,0,0.329798,0.329798,0.265429,0.432449
tracking_cdrone3_20260822_201250_360_milestone4,milestone4,1787454834.704431534,raw,13,13,0,detected,1.591694,-3.748889,2.615224,-2.333111,1.035018,-2.177083,0.612305,13.265697,551.250,1,0.000000,0.000000,0.000000,0.000000
tracking_cdrone3_20260822_201250_360_milestone4,milestone4,1787454834.704431534,raw,14,14,0,detected,8.068561,4.963748,0.723204,0.700742,1.397962,-1.805406,0.492188,20.172670,1013.906,0,0.000000,0.000000,0.000000,0.000000
tracking_cdrone3_20260822_201250_360_milestone4,milestone4,1787454834.775056124,target_map,6,13,0,detected,1.455100,-3.702077,2.492985,-2.031723,0.696293,-1.818206,0.602013,13.265697,551.250,1,0.067230,0.000000,0.173531,0.366808
tracking_cdrone3_20260822_201250_360_milestone4,milestone4,1787454834.775056124,target_map,7,14,0,detected,8.161197,5.024458,0.633691,1.377886,0.903023,-1.331438,0.483915,20.172670,1013.906,0,0.067230,0.000000,0.173531,0.366808
tracking_cdrone3_20260822_201250_360_milestone4,milestone4,1787454834.875488281,target_map,6,13,0,detected,1.251053,-3.632148,2.310382,-2.031723,0.696293,-1.818206,0.586640,13.265697,551.250,1,0.167661,0.000000,0.208681,0.391915
tracking_cdrone3_20260822_201250_360_milestone4,milestone4,1787454834.875488281,target_map,7,14,0,detected,8.299579,5.115149,0.499974,1.377886,0.903023,-1.331438,0.471557,20.172670,1013.906,0,0.167661,0.000000,0.208681,0.391915
tracking_cdrone3_20260822_201250_360_milestone4,milestone4,1787454834.978710413,target_map,6,13,2,predicted,1.041356,-3.560282,2.122722,-2.031723,0.696293,-1.818206,0.570841,13.265697,551.250,1,0.270872,0.270872,0.244805,0.417718
tracking_cdrone3_20260822_201250_360_milestone4,milestone4,1787454834.978710413,target_map,7,14,2,predicted,8.441792,5.208352,0.362554,1.377886,0.903023,-1.331438,0.458858,20.172670,1013.906,0,0.270872,0.270872,0.244805,0.417718
tracking_cdrone3_20260822_201250_360_milestone4,milestone4,1787454835.069952011,raw,13,13,0,detected,-11.164974,-0.696910,2.194183,-34.899826,8.349637,-1.151888,0.736816,0.012307,868.000,1,0.000000,0.000000,0.000000,0.000000
tracking_cdrone3_20260822_201250_360_milestone4,milestone4,1787454835.069952011,raw,14,14,0,detected,8.734796,5.041638,1.824306,1.822690,0.213094,3.012406,0.492188,20.724592,1013.906,0,0.000000,0.000000,0.000000,0.000000
tracking_cdrone3_20260822_201250_360_milestone4,milestone4,1787454835.074985743,target_map,6,13,0,detected,-11.173337,-0.694756,2.192637,-5.191308,1.336594,-0.959359,0.736520,0.012307,868.000,1,0.001611,0.000000,0.150564,0.350403
tracking_cdrone3_20260822_201250_360_milestone4,milestone4,1787454835.074985743,target_map,7,14,0,detected,8.737410,5.042481,1.826010,1.622528,0.523562,1.057676,0.491989,20.724592,1013.906,0,0.001611,0.000000,0.150564,0.350403
tracking_cdrone3_20260822_201250_360_milestone4,milestone4,1787454835.174955845,target_map,6,13,0,detected,-11.692335,-0.561131,2.096726,-5.191308,1.336594,-0.959359,0.718104,0.012307,868.000,1,0.101585,0.000000,0.185555,0.375396
tracking_cdrone3_20260822_201250_360_milestone4,milestone4,1787454835.174955845,target_map,7,14,0,detected,8.899621,5.094824,1.931750,1.622528,0.523562,1.057676,0.479688,20.724592,1013.906,0,0.101585,0.000000,0.185555,0.375396
tracking_cdrone3_20260822_201250_360_milestone4,milestone4,1787454835.275060654,target_map,6,13,0,detected,-12.211982,-0.427339,2.000695,-5.191308,1.336594,-0.959359,0.699665,0.012307,868.000,1,0.201685,0.000000,0.220590,0.400421
tracking_cdrone3_20260822_201250_360_milestone4,milestone4,1787454835.275060654,target_map,7,14,0,detected,9.062035,5.147233,2.037623,1.622528,0.523562,1.057676,0.467371,20.724592,1013.906,0,0.201685,0.000000,0.220590,0.400421
tracking_cdrone3_20260822_201250_360_milestone4,milestone4,1787454835.374879122,target_map,6,13,2,predicted,-12.730182,-0.293919,1.904931,-5.191308,1.336594,-0.959359,0.681278,0.012307,868.000,1,0.301505,0.301505,0.255527,0.425376
tracking_cdrone3_20260822_201250_360_milestone4,milestone4,1787454835.374879122,target_map,7,14,2,predicted,9.223996,5.199495,2.143201,1.622528,0.523562,1.057676,0.455088,20.724592,1013.906,0,0.301505,0.301505,0.255527,0.425376
tracking_cdrone3_20260822_201250_360_milestone4,milestone4,1787454835.395287991,raw,13,13,0,detected,-10.986464,-0.887942,2.250353,0.548700,-0.587189,0.172653,0.630371,0.013401,686.000,0,0.000000,0.000000,0.000000,0.000000
tracking_cdrone3_20260822_201250_360_milestone4,milestone4,1787454835.474954605,target_map,6,13,0,detected,-11.140899,-0.866798,2.224788,-2.034304,0.278514,-0.336752,0.618407,0.013401,686.000,0,0.075916,0.000000,0.176570,0.368979
tracking_cdrone3_20260822_201250_360_milestone4,milestone4,1787454835.474954605,target_map,7,14,2,predicted,9.386379,5.251893,2.249053,1.622528,0.523562,1.057676,0.442774,20.724592,1013.906,0,0.401585,0.401585,0.290555,0.450396
tracking_cdrone3_20260822_201250_360_milestone4,milestone4,1787454835.575044155,target_map,6,13,0,detected,-11.344494,-0.838924,2.191086,-2.034304,0.278514,-0.336752,0.602635,0.013401,686.000,0,0.175996,0.000000,0.211599,0.393999
tracking_cdrone3_20260822_201250_360_milestone4,milestone4,1787454835.575044155,target_map,7,14,2,predicted,9.548763,5.304291,2.354906,1.622528,0.523562,1.057676,0.430459,20.724592,1013.906,0,0.501666,0.501666,0.325583,0.475417
tracking_cdrone3_20260822_201250_360_milestone4,milestone4,1787454835.675390720,target_map,6,13,2,predicted,-11.548621,-0.810978,2.157295,-2.034304,0.278514,-0.336752,0.586822,0.013401,686.000,0,0.276339,0.276339,0.246719,0.419085
tracking_cdrone3_20260822_201250_360_milestone4,milestone4,1787454835.675390720,target_map,7,14,2,predicted,9.711572,5.356827,2.461036,1.622528,0.523562,1.057676,0.418112,20.724592,1013.906,0,0.602009,0.602009,0.360703,0.500502
tracking_cdrone3_20260822_201250_360_milestone4,milestone4,1787454835.771506310,raw,13,13,0,detected,4.708917,-4.368941,2.218913,41.718678,-9.252576,-0.083568,0.714355,15.996992,618.750,0,0.000000,0.000000,0.000000,0.000000
tracking_cdrone3_20260822_201250_360_milestone4,milestone4,1787454835.775286436,target_map,6,13,0,detected,4.712736,-4.369876,2.218732,3.380176,-0.827371,-0.160143,0.714154,15.996992,618.750,0,0.001130,0.000000,0.150395,0.350282
tracking_cdrone3_20260822_201250_360_milestone4,milestone4,1787454835.775286436,target_map,7,14,2,predicted,9.873701,5.409143,2.566723,1.622528,0.523562,1.057676,0.405817,20.724592,1013.906,0,0.701933,0.701933,0.395676,0.525483
tracking_cdrone3_20260822_201250_360_milestone4,milestone4,1787454835.874997854,target_map,6,13,0,detected,5.049701,-4.452355,2.202767,3.380176,-0.827371,-0.160143,0.696350,15.996992,618.750,0,0.100818,0.000000,0.185286,0.375205
tracking_cdrone3_20260822_201250_360_milestone4,milestone4,1787454835.874997854,target_map,7,14,2,predicted,10.035449,5.461337,2.672161,1.622528,0.523562,1.057676,0.393551,20.724592,1013.906,0,0.801621,0.801621,0.430567,0.550405
tracking_cdrone3_20260822_201250_360_milestone4,milestone4,1787454835.975188255,target_map,6,13,0,detected,5.388351,-4.535247,2.186723,3.380176,-0.827371,-0.160143,0.678458,15.996992,618.750,0,0.201005,0.000000,0.220352,0.400251
tracking_cdrone3_20260822_201250_360_milestone4,milestone4,1787454835.975188255,target_map,7,14,2,predicted,10.198005,5.513791,2.778127,1.622528,0.523562,1.057676,0.381223,20.724592,1013.906,0,0.901808,0.901808,0.465633,0.575452
tracking_cdrone3_20260822_201250_360_milestone4,milestone4,1787454836.065475941,raw,13,13,0,detected,-10.758541,-1.067821,2.207688,-52.612595,11.228768,-0.038182,0.785645,0.015495,740.000,1,0.000000,0.000000,0.000000,0.000000
tracking_cdrone3_20260822_201250_360_milestone4,milestone4,1787454836.065475941,raw,15,15,0,detected,-4.073195,0.046563,1.227038,0.000000,0.000000,0.000000,0.890625,6.862185,6473.250,0,0.000000,0.000000,0.000000,0.000000
tracking_cdrone3_20260822_201250_360_milestone4,milestone4,1787454836.075102091,target_map,6,13,0,detected,-10.776104,-1.064374,2.207213,-2.782009,0.546063,-0.075187,0.784405,0.015495,740.000,1,0.006313,0.000000,0.152209,0.351578
tracking_cdrone3_20260822_201250_360_milestone4,milestone4,1787454836.075102091,target_map,7,14,2,predicted,10.360084,5.566091,2.883781,1.622528,0.523562,1.057676,0.368931,20.724592,1013.906,0,1.001701,1.001701,0.500595,0.600425
tracking_cdrone3_20260822_201250_360_milestone4,milestone4,1787454836.075102091,target_map,8,15,0,detected,-4.073195,0.046563,1.227038,0.000000,0.000000,0.000000,0.889219,6.862185,6473.250,0,0.006313,0.000000,0.152209,0.351578
tracking_cdrone3_20260822_201250_360_milestone4,milestone4,1787454836.175007582,target_map,6,13,0,detected,-11.054123,-1.009803,2.199699,-2.782009,0.546063,-0.075187,0.764776,0.015495,740.000,1,0.106248,0.000000,0.187187,0.376562
tracking_cdrone3_20260822_201250_360_milestone4,milestone4,1787454836.175007582,target_map,7,14,2,predicted,10.522231,5.618412,2.989480,1.622528,0.523562,1.057676,0.356635,20.724592,1013.906,0,1.101636,1.101636,0.535572,0.625409
tracking_cdrone3_20260822_201250_360_milestone4,milestone4,1787454836.175007582,target_map,8,15,0,detected,-4.073195,0.046563,1.227038,0.000000,0.000000,0.000000,0.866968,6.862185,6473.250,0,0.106248,0.000000,0.187187,0.376562
tracking_cdrone3_20260822_201250_360_milestone4,milestone4,1787454836.274994850,target_map,6,13,0,detected,-11.332276,-0.955206,2.192182,-2.782009,0.546063,-0.075187,0.745139,0.015495,740.000,1,0.206231,0.000000,0.222181,0.401558
tracking_cdrone3_20260822_201250_360_milestone4,milestone4,1787454836.274994850,target_map,7,14,2,predicted,10.684456,5.670760,3.095229,1.622528,0.523562,1.057676,0.344332,20.724592,1013.906,0,1.201619,1.201619,0.570567,0.650405
tracking_cdrone3_20260822_201250_360_milestone4,milestone4,1787454836.274994850,target_map,8,15,0,detected,-4.073195,0.046563,1.227038,0.000000,0.000000,0.000000,0.844706,6.862185,6473.250,0,0.206231,0.000000,0.222181,0.401558
tracking_cdrone3_20260822_201250_360_milestone4,milestone4,1787454836.375005007,target_map,6,13,2,predicted,-11.610504,-0.900594,2.184662,-2.782009,0.546063,-0.075187,0.725496,0.015495,740.000,1,0.306240,0.306240,0.257184,0.426560
tracking_cdrone3_20260822_201250_360_milestone4,milestone4,1787454836.375005007,target_map,7,14,2,predicted,10.846725,5.723121,3.201007,1.622528,0.523562,1.057676,0.332026,20.724592,1013.906,0,1.301628,1.301628,0.605570,0.675407
tracking_cdrone3_20260822_201250_360_milestone4,milestone4,1787454836.375005007,target_map,8,15,2,predicted,-4.073195,0.046563,1.227038,0.000000,0.000000,0.000000,0.822439,6.862185,6473.250,0,0.306240,0.306240,0.257184,0.426560
tracking_cdrone3_20260822_201250_360_milestone4,milestone4,1787454836.416296721,raw,13,13,0,detected,4.195815,-4.466078,3.873875,42.626102,-9.686438,4.749322,0.803711,15.361989,961.875,0,0.000000,0.000000,0.000000,0.000000
tracking_cdrone3_20260822_201250_360_milestone4,milestone4,1787454836.416296721,raw,15,15,0,detected,-3.286994,0.083526,1.301865,2.240998,0.105360,0.213288,0.890625,7.550729,6473.250,0,0.000000,0.000000,0.000000,0.000000
tracking_cdrone3_20260822_201250_360_milestone4,milestone4,1787454836.474975348,target_map,6,13,0,detected,4.362703,-4.506148,3.898320,3.013607,-0.723574,0.441421,0.792584,15.361989,961.875,0,0.055378,0.000000,0.169382,0.363845
tracking_cdrone3_20260822_201250_360_milestone4,milestone4,1787454836.474975348,target_map,7,14,2,predicted,11.008941,5.775465,3.306751,1.622528,0.523562,1.057676,0.319724,20.724592,1013.906,0,1.401606,1.401606,0.640562,0.700401
tracking_cdrone3_20260822_201250_360_milestone4,milestone4,1787454836.474975348,target_map,8,15,0,detected,-3.218738,0.086735,1.308362,1.232549,0.057948,0.117309,0.878295,7.550729,6473.250,0,0.055378,0.000000,0.169382,0.363845
tracking_cdrone3_20260822_201250_360_milestone4,milestone4,1787454836.575035095,target_map,6,13,0,detected,4.664225,-4.578544,3.942486,3.013607,-0.723574,0.441421,0.772480,15.361989,961.875,0,0.155432,0.000000,0.204401,0.388858
tracking_cdrone3_20260822_201250_360_milestone4,milestone4,1787454836.575035095,target_map,7,14,2,predicted,11.171280,5.827850,3.412575,1.622528,0.523562,1.057676,0.307413,20.724592,1013.906,0,1.501659,1.501659,0.675581,0.725415
tracking_cdrone3_20260822_201250_360_milestone4,milestone4,1787454836.575035095,target_map,8,15,0,detected,-3.095417,0.092533,1.320099,1.232549,0.057948,0.117309,0.856017,7.550729,6473.250,0,0.155432,0.000000,0.204401,0.388858
tracking_cdrone3_20260822_201250_360_milestone4,milestone4,1787454836.674996376,target_map,6,13,2,predicted,4.965448,-4.650868,3.986608,3.013607,-0.723574,0.441421,0.752397,15.361989,961.875,0,0.255386,0.255386,0.239385,0.413846
tracking_cdrone3_20260822_201250_360_milestone4,milestone4,1787454836.674996376,target_map,7,14,2,predicted,11.333459,5.880182,3.518294,1.622528,0.523562,1.057676,0.295114,20.724592,1013.906,0,1.601613,1.601613,0.710565,0.750403
tracking_cdrone3_20260822_201250_360_milestone4,milestone4,1787454836.674996376,target_map,8,15,2,predicted,-2.972219,0.098325,1.331824,1.232549,0.057948,0.117309,0.833762,7.550729,6473.250,0,0.255386,0.255386,0.239385,0.413846
tracking_cdrone3_20260822_201250_360_milestone4,milestone4,1787454836.774992466,target_map,6,13,2,predicted,5.266816,-4.723228,4.030751,3.013607,-0.723574,0.441421,0.732304,15.361989,961.875,0,0.355388,0.355388,0.274386,0.438847
tracking_cdrone3_20260822_201250_360_milestone4,milestone4,1787454836.774992466,target_map,7,14,2,predicted,11.495715,5.932539,3.624064,1.622528,0.523562,1.057676,0.282809,20.724592,1013.906,0,1.701616,1.701616,0.745566,0.775404
tracking_cdrone3_20260822_201250_360_milestone4,milestone4,1787454836.774992466,target_map,8,15,2,predicted,-2.848961,0.104120,1.343556,1.232549,0.057948,0.117309,0.811496,7.550729,6473.250,0,0.355388,0.355388,0.274386,0.438847
tracking_cdrone3_20260822_201250_360_milestone4,milestone4,1787454836.815941334,raw,15,15,0,detected,1.317798,-0.056403,-0.105654,11.522343,-0.350137,-3.521965,0.890625,12.214033,6473.250,0,0.000000,0.000000,0.000000,0.000000
tracking_cdrone3_20260822_201250_360_milestone4,milestone4,1787454836.815941334,raw,13,13,1,held,4.562590,-4.397192,3.363846,0.917762,0.172369,-1.276220,0.803711,15.611989,961.875,0,0.399640,0.399640,0.000000,0.000000
tracking_cdrone3_20260822_201250_360_milestone4,milestone4,1787454836.874839306,target_map,6,13,1,held,4.665586,-4.409966,3.335990,1.860892,-0.230806,-0.503282,0.712291,15.611989,961.875,0,0.454988,0.000000,0.169372,0.363837
tracking_cdrone3_20260822_201250_360_milestone4,milestone4,1787454836.874839306,target_map,7,14,2,predicted,11.657733,5.984820,3.729678,1.622528,0.523562,1.057676,0.270522,20.724592,1013.906,0,1.801471,1.801471,0.780515,0.800368
tracking_cdrone3_20260822_201250_360_milestone4,milestone4,1787454836.874839306,target_map,8,15,0,detected,1.581291,-0.062034,-0.173889,4.760691,-0.101735,-1.232847,0.878302,12.214033,6473.250,0,0.055348,0.000000,0.169372,0.363837
tracking_cdrone3_20260822_201250_360_milestone4,milestone4,1787454836.976347208,target_map,6,13,1,held,4.854462,-4.433393,3.284908,1.860892,-0.230806,-0.503282,0.691898,15.611989,961.875,0,0.556486,0.000000,0.204896,0.389211
tracking_cdrone3_20260822_201250_360_milestone4,milestone4,1787454836.976347208,target_map,7,14,2,predicted,11.822416,6.037960,3.837030,1.622528,0.523562,1.057676,0.258033,20.724592,1013.906,0,1.902969,1.902969,0.816039,0.825742
tracking_cdrone3_20260822_201250_360_milestone4,milestone4,1787454836.976347208,target_map,8,15,0,detected,2.064491,-0.072360,-0.299021,4.760691,-0.101735,-1.232847,0.855702,12.214033,6473.250,0,0.156846,0.000000,0.204896,0.389211
tracking_cdrone3_20260822_201250_360_milestone4,milestone4,1787454837.074981928,target_map,6,13,2,predicted,5.038019,-4.456159,3.235265,1.860892,-0.230806,-0.503282,0.672078,15.611989,961.875,0,0.655125,0.655125,0.239420,0.413871
tracking_cdrone3_20260822_201250_360_milestone4,milestone4,1787454837.074981928,target_map,7,14,2,predicted,11.982461,6.089604,3.941359,1.622528,0.523562,1.057676,0.245896,20.724592,1013.906,0,2.001608,2.001608,0.850563,0.850402
tracking_cdrone3_20260822_201250_360_milestone4,milestone4,1787454837.074981928,target_map,8,15,2,predicted,2.534082,-0.082395,-0.420628,4.760691,-0.101735,-1.232847,0.833740,12.214033,6473.250,0,0.255485,0.255485,0.239420,0.413871
tracking_cdrone3_20260822_201250_360_milestone4,milestone4,1787454837.175380230,target_map,6,13,2,predicted,5.224745,-4.479319,3.184765,1.860892,-0.230806,-0.503282,0.651917,15.611989,961.875,0,0.755467,0.755467,0.274539,0.438957
tracking_cdrone3_20260822_201250_360_milestone4,milestone4,1787454837.175380230,target_map,7,14,2,predicted,12.145268,6.142139,4.047488,1.622528,0.523562,1.057676,0.233549,20.724592,1013.906,0,2.101950,2.101950,0.885682,0.875487
tracking_cdrone3_20260822_201250_360_milestone4,milestone4,1787454837.175380230,target_map,8,15,2,predicted,3.011779,-0.092603,-0.544334,4.760691,-0.101735,-1.232847,0.811398,12.214033,6473.250,0,0.355827,0.355827,0.274539,0.438957
tracking_cdrone3_20260822_201250_360_milestone4,milestone4,1787454837.223106861,raw,13,13,0,detected,-10.405063,-1.075046,1.957992,-36.761898,8.159489,-3.452902,0.734375,0.019658,897.750,1,0.000000,0.000000,0.000000,0.000000
tracking_cdrone3_20260822_201250_360_milestone4,milestone4,1787454837.274963379,target_map,6,13,0,detected,-10.573982,-1.033527,1.927144,-3.440120,0.845555,-0.628248,0.725360,0.019658,897.750,1,0.049103,0.000000,0.167186,0.362276
tracking_cdrone3_20260822_201250_360_milestone4,milestone4,1787454837.274963379,target_map,7,14,2,predicted,12.306945,6.194309,4.152880,1.622528,0.523562,1.057676,0.221288,20.724592,1013.906,0,2.201594,2.201594,0.920558,0.900399
tracking_cdrone3_20260822_201250_360_milestone4,milestone4,1787454837.274963379,target_map,8,15,2,predicted,3.486156,-0.102740,-0.667180,4.760691,-0.101735,-1.232847,0.789211,12.214033,6473.250,0,0.455471,0.455471,0.309415,0.463868
tracking_cdrone3_20260822_201250_360_milestone4,milestone4,1787454837.377470493,target_map,6,13,0,detected,-10.926607,-0.946855,1.862746,-3.440120,0.845555,-0.628248,0.706541,0.019658,897.750,1,0.151607,0.000000,0.203062,0.387902
tracking_cdrone3_20260822_201250_360_milestone4,milestone4,1787454837.377470493,target_map,7,14,2,predicted,12.473260,6.247976,4.261295,1.622528,0.523562,1.057676,0.208675,20.724592,1013.906,0,2.304098,2.304098,0.956434,0.926025
tracking_cdrone3_20260822_201250_360_milestone4,milestone4,1787454837.377470493,target_map,8,15,2,predicted,3.974145,-0.113169,-0.793552,4.760691,-0.101735,-1.232847,0.766388,12.214033,6473.250,0,0.557975,0.557975,0.345291,0.489494
tracking_cdrone3_20260822_201250_360_milestone4,milestone4,1787454837.475097418,target_map,6,13,0,detected,-11.262430,-0.864312,1.801417,-3.440120,0.845555,-0.628248,0.688619,0.019658,897.750,1,0.249226,0.000000,0.237229,0.412307
tracking_cdrone3_20260822_201250_360_milestone4,milestone4,1787454837.475097418,target_map,7,14,2,predicted,12.631651,6.299086,4.364545,1.622528,0.523562,1.057676,0.196664,20.724592,1013.906,0,2.401718,2.401718,0.990601,0.950429
tracking_cdrone3_20260822_201250_360_milestone4,milestone4,1787454837.475097418,target_map,8,15,2,predicted,4.438881,-0.123100,-0.913902,4.760691,-0.101735,-1.232847,0.744653,12.214033,6473.250,0,0.655595,0.655595,0.379458,0.513899
tracking_cdrone3_20260822_201250_360_milestone4,milestone4,1787454837.544625998,raw,13,13,0,detected,-10.241319,-0.973775,1.868481,0.509302,0.314990,-0.278412,0.764160,0.017961,1773.250,0,0.000000,0.000000,0.000000,0.000000
tracking_cdrone3_20260822_201250_360_milestone4,milestone4,1787454837.575021982,target_map,6,13,0,detected,-10.275455,-0.958867,1.856747,-1.267938,0.553744,-0.435838,0.759017,0.017961,1773.250,0,0.026922,0.000000,0.159423,0.356730
tracking_cdrone3_20260822_201250_360_milestone4,milestone4,1787454837.575021982,target_map,7,14,2,predicted,12.793792,6.351407,4.470240,1.622528,0.523562,1.057676,0.184367,20.724592,1013.906,0,2.501649,2.501649,1.025577,0.975412
tracking_cdrone3_20260822_201250_360_milestone4,milestone4,1787454837.575021982,target_map,8,15,2,predicted,4.914622,-0.133266,-1.037102,4.760691,-0.101735,-1.232847,0.722403,12.214033,6473.250,0,0.755526,0.755526,0.414434,0.538881
tracking_cdrone3_20260822_201250_360_milestone4,milestone4,1787454837.675032377,target_map,6,13,0,detected,-10.402259,-0.903488,1.813160,-1.267938,0.553744,-0.435838,0.739911,0.017961,1773.250,0,0.126931,0.000000,0.194426,0.381733
tracking_cdrone3_20260822_201250_360_milestone4,milestone4,1787454837.675032377,target_map,7,14,2,predicted,12.956059,6.403767,4.576017,1.622528,0.523562,1.057676,0.172062,20.724592,1013.906,0,2.601658,2.601658,1.060580,1.000414
tracking_cdrone3_20260822_201250_360_milestone4,milestone4,1787454837.675032377,target_map,8,15,2,predicted,5.390734,-0.143441,-1.160397,4.760691,-0.101735,-1.232847,0.700135,12.214033,6473.250,0,0.855535,0.855535,0.449437,0.563884
tracking_cdrone3_20260822_201250_360_milestone4,milestone4,1787454837.774989605,target_map,6,13,0,detected,-10.529001,-0.848136,1.769594,-1.267938,0.553744,-0.435838,0.720815,0.017961,1773.250,0,0.226890,0.000000,0.229412,0.406723
tracking_cdrone3_20260822_201250_360_milestone4,milestone4,1787454837.774989605,target_map,7,14,2,predicted,13.118246,6.456102,4.681741,1.622528,0.523562,1.057676,0.159762,20.724592,1013.906,0,2.701617,2.701617,1.095566,1.025404
tracking_cdrone3_20260822_201250_360_milestone4,milestone4,1787454837.774989605,target_map,8,15,2,predicted,5.866608,-0.153610,-1.283632,4.760691,-0.101735,-1.232847,0.677878,12.214033,6473.250,0,0.955494,0.955494,0.484423,0.588873
tracking_cdrone3_20260822_201250_360_milestone4,milestone4,1787454837.835642338,raw,13,13,0,detected,3.720618,-4.078203,3.108455,47.975685,-10.667363,4.260770,0.705078,14.280488,553.500,0,0.000000,0.000000,0.000000,0.000000
tracking_cdrone3_20260822_201250_360_milestone4,milestone4,1787454837.878228188,target_map,6,13,0,detected,3.870338,-4.106555,3.115880,3.708485,-0.702261,0.183900,0.697962,14.280488,553.500,0,0.040372,0.000000,0.164130,0.360093
tracking_cdrone3_20260822_201250_360_milestone4,milestone4,1787454837.878228188,target_map,7,14,2,predicted,13.285762,6.510157,4.790940,1.622528,0.523562,1.057676,0.147058,20.724592,1013.906,0,2.804861,2.804861,1.131701,1.051215
tracking_cdrone3_20260822_201250_360_milestone4,milestone4,1787454837.878228188,target_map,8,15,2,predicted,6.358121,-0.164114,-1.410916,4.760691,-0.101735,-1.232847,0.654890,12.214033,6473.250,0,1.058738,1.058738,0.520558,0.614684
tracking_cdrone3_20260822_201250_360_milestone4,milestone4,1787454837.975636482,target_map,6,13,0,detected,4.231488,-4.174944,3.133789,3.708485,-0.702261,0.183900,0.680796,14.280488,553.500,0,0.137757,0.000000,0.198215,0.384439
tracking_cdrone3_20260822_201250_360_milestone4,milestone4,1787454837.975636482,target_map,7,14,2,predicted,13.443771,6.561144,4.893942,1.622528,0.523562,1.057676,0.135075,20.724592,1013.906,0,2.902246,2.902246,1.165786,1.075561
tracking_cdrone3_20260822_201250_360_milestone4,milestone4,1787454837.975636482,target_map,8,15,2,predicted,6.821740,-0.174021,-1.530976,4.760691,-0.101735,-1.232847,0.633207,12.214033,6473.250,0,1.156122,1.156122,0.554643,0.639031
tracking_cdrone3_20260822_201250_360_milestone4,milestone4,1787454838.074767828,target_map,6,13,0,detected,4.599173,-4.244572,3.152022,3.708485,-0.702261,0.183900,0.663319,14.280488,553.500,0,0.236904,0.000000,0.232916,0.409226
tracking_cdrone3_20260822_201250_360_milestone4,milestone4,1787454838.074767828,target_map,7,14,2,predicted,13.604640,6.613053,4.998807,1.622528,0.523562,1.057676,0.122876,20.724592,1013.906,0,3.001393,3.001393,1.200487,1.100348
tracking_cdrone3_20260822_201250_360_milestone4,milestone4,1787454838.074767828,target_map,8,15,2,predicted,7.293748,-0.184108,-1.653209,4.760691,-0.101735,-1.232847,0.611131,12.214033,6473.250,0,1.255270,1.255270,0.589344,0.663817
tracking_cdrone3_20260822_201250_360_milestone4,milestone4,1787454838.145716906,raw,13,13,0,detected,5.574460,-4.717117,3.844574,5.977439,-2.060084,2.373505,0.779785,16.167917,888.000,0,0.000000,0.000000,0.000000,0.000000
tracking_cdrone3_20260822_201250_360_milestone4,milestone4,1787454838.175029278,target_map,6,13,0,detected,5.695913,-4.752625,3.878590,4.956410,-1.449064,1.388183,0.775008,16.167917,888.000,0,0.024504,0.000000,0.158576,0.356126
tracking_cdrone3_20260822_201250_360_milestone4,milestone4,1787454838.175029278,target_map,7,14,2,predicted,13.767319,6.665547,5.104852,1.622528,0.523562,1.057676,0.110539,20.724592,1013.906,0,3.101655,3.101655,1.235579,1.125414
tracking_cdrone3_20260822_201250_360_milestone4,milestone4,1787454838.175029278,target_map,8,15,2,predicted,7.771064,-0.194308,-1.776817,4.760691,-0.101735,-1.232847,0.588807,12.214033,6473.250,0,1.355531,1.355531,0.624436,0.688883
tracking_cdrone3_20260822_201250_360_milestone4,milestone4,1787454838.275023699,target_map,6,13,0,detected,6.191514,-4.897520,4.017397,4.956410,-1.449064,1.388183,0.755515,16.167917,888.000,0,0.124496,0.000000,0.193574,0.381124
tracking_cdrone3_20260822_201250_360_milestone4,milestone4,1787454838.275023699,target_map,7,14,2,predicted,13.929558,6.717899,5.210611,1.622528,0.523562,1.057676,0.098235,20.724592,1013.906,0,3.201647,3.201647,1.270576,1.150412
tracking_cdrone3_20260822_201250_360_milestone4,milestone4,1787454838.275023699,target_map,8,15,2,predicted,8.247095,-0.204481,-1.900092,4.760691,-0.101735,-1.232847,0.566544,12.214033,6473.250,0,1.455523,1.455523,0.659433,0.713881
tracking_cdrone3_20260822_201250_360_milestone4,milestone4,1787454838.375060797,target_map,6,13,0,detected,6.687303,-5.042470,4.156257,4.956410,-1.449064,1.388183,0.736015,16.167917,888.000,0,0.224526,0.000000,0.228584,0.406131
tracking_cdrone3_20260822_201250_360_milestone4,milestone4,1787454838.375060797,target_map,7,14,2,predicted,14.091859,6.770270,5.316410,1.622528,0.523562,1.057676,0.085927,20.724592,1013.906,0,3.301676,3.301676,1.305587,1.175419
tracking_cdrone3_20260822_201250_360_milestone4,milestone4,1787454838.375060797,target_map,8,15,2,predicted,8.723306,-0.214657,-2.023413,4.760691,-0.101735,-1.232847,0.544271,12.214033,6473.250,0,1.555553,1.555553,0.694444,0.738888
tracking_cdrone3_20260822_201250_360_milestone4,milestone4,1787454838.475002289,target_map,6,13,2,predicted,7.182719,-5.187310,4.295012,4.956410,-1.449064,1.388183,0.716529,16.167917,888.000,0,0.324481,0.324481,0.263568,0.431120
tracking_cdrone3_20260822_201250_360_milestone4,milestone4,1787454838.475002289,target_map,7,14,2,predicted,14.254039,6.822603,5.422130,1.622528,0.523562,1.057676,0.073627,20.724592,1013.906,0,3.401631,3.401631,1.340571,1.200408
tracking_cdrone3_20260822_201250_360_milestone4,milestone4,1787454838.475002289,target_map,8,15,2,predicted,9.199159,-0.224826,-2.146642,4.760691,-0.101735,-1.232847,0.522016,12.214033,6473.250,0,1.655508,1.655508,0.729428,0.763877
tracking_cdrone3_20260822_201250_360_milestone4,milestone4,1787454838.492089272,raw,13,13,0,detected,5.308654,-4.254021,3.724955,-0.767534,1.337223,-0.345408,0.799805,15.714317,950.625,1,0.000000,0.000000,0.000000,0.000000
tracking_cdrone3_20260822_201250_360_milestone4,milestone4,1787454838.575552940,target_map,6,13,0,detected,5.453564,-4.247338,3.759792,1.808241,0.083394,0.434708,0.783781,15.714317,950.625,1,0.080139,0.000000,0.178049,0.370035
tracking_cdrone3_20260822_201250_360_milestone4,milestone4,1787454838.575552940,target_map,7,14,2,predicted,14.417184,6.875247,5.528479,1.622528,0.523562,1.057676,0.061255,20.724592,1013.906,0,3.502181,3.502181,1.375763,1.225545
tracking_cdrone3_20260822_201250_360_milestone4,milestone4,1787454838.575552940,target_map,8,15,2,predicted,9.677846,-0.235056,-2.270605,4.760691,-0.101735,-1.232847,0.499628,12.214033,6473.250,0,1.756058,1.756058,0.764620,0.789014
tracking_cdrone3_20260822_201250_360_milestone4,milestone4,1787454838.675468922,target_map,6,13,0,detected,5.633588,-4.239036,3.803070,1.808241,0.083394,0.434708,0.763874,15.714317,950.625,1,0.179696,0.000000,0.212894,0.394924
tracking_cdrone3_20260822_201250_360_milestone4,milestone4,1787454838.675468922,target_map,7,14,2,predicted,14.578718,6.927372,5.633779,1.622528,0.523562,1.057676,0.049005,20.724592,1013.906,0,3.601738,3.601738,1.410608,1.250435
tracking_cdrone3_20260822_201250_360_milestone4,milestone4,1787454838.675468922,target_map,8,15,2,predicted,10.151808,-0.245184,-2.393344,4.760691,-0.101735,-1.232847,0.477461,12.214033,6473.250,0,1.855615,1.855615,0.799465,0.813904
tracking_cdrone3_20260822_201250_360_milestone4,milestone4,1787454838.775372744,target_map,6,13,2,predicted,5.814864,-4.230675,3.846650,1.808241,0.083394,0.434708,0.743829,15.714317,950.625,1,0.279946,0.279946,0.247981,0.419987
tracking_cdrone3_20260822_201250_360_milestone4,milestone4,1787454838.775372744,target_map,7,14,2,predicted,14.741377,6.979859,5.739810,1.622528,0.523562,1.057676,0.036669,20.724592,1013.906,0,3.701988,3.701988,1.445696,1.275497
tracking_cdrone3_20260822_201250_360_milestone4,milestone4,1787454838.775372744,target_map,8,15,2,predicted,10.629067,-0.255383,-2.516937,4.760691,-0.101735,-1.232847,0.455139,12.214033,6473.250,0,1.955865,1.955865,0.834553,0.838966
tracking_cdrone3_20260822_201250_360_milestone4,milestone4,1787454838.857208967,raw,13,13,0,detected,-9.851118,-0.902723,1.863783,-41.520603,9.178761,-5.097503,0.669922,0.019913,811.250,1,0.000000,0.000000,0.000000,0.000000
tracking_cdrone3_20260822_201250_360_milestone4,milestone4,1787454838.879462242,target_map,6,13,0,detected,-9.915051,-0.884563,1.857706,-3.452024,0.980532,-0.328087,0.666820,0.019913,811.250,1,0.018521,0.000000,0.156482,0.354630
tracking_cdrone3_20260822_201250_360_milestone4,milestone4,1787454838.879462242,target_map,7,14,2,predicted,14.910293,7.034365,5.849922,1.622528,0.523562,1.057676,0.023859,20.724592,1013.906,0,3.806095,3.806095,1.482133,1.301524
tracking_cdrone3_20260822_201250_360_milestone4,milestone4,1787454838.879462242,target_map,8,15,2,predicted,11.124687,-0.265974,-2.645284,4.760691,-0.101735,-1.232847,0.431959,12.214033,6473.250,0,2.059972,2.059972,0.870990,0.864993
tracking_cdrone3_20260822_201250_360_milestone4,milestone4,1787454838.975014925,target_map,6,13,0,detected,-10.244888,-0.790874,1.826358,-3.452024,0.980532,-0.328087,0.650817,0.019913,811.250,1,0.114069,0.000000,0.189924,0.378517
tracking_cdrone3_20260822_201250_360_milestone4,milestone4,1787454838.975014925,target_map,7,14,2,predicted,15.065324,7.084391,5.950982,1.622528,0.523562,1.057676,0.012102,20.724592,1013.906,0,3.901644,3.901644,1.515575,1.325411
tracking_cdrone3_20260822_201250_360_milestone4,milestone4,1787454838.975014925,target_map,8,15,2,predicted,11.579565,-0.275695,-2.763082,4.760691,-0.101735,-1.232847,0.410685,12.214033,6473.250,0,2.155521,2.155521,0.904432,0.888880
tracking_cdrone3_20260822_201250_360_milestone4,milestone4,1787454839.074827194,target_map,6,13,0,detected,-10.589415,-0.693013,1.793614,-3.452024,0.980532,-0.328087,0.634102,0.019913,811.250,1,0.213873,0.000000,0.224856,0.403468
tracking_cdrone3_20260822_201250_360_milestone4,milestone4,1787454839.074827194,target_map,7,14,2,predicted,15.227259,7.136644,6.056541,1.622528,0.523562,1.057676,0.000000,20.724592,1013.906,0,4.001448,4.001448,1.550507,1.350362
tracking_cdrone3_20260822_201250_360_milestone4,milestone4,1787454839.074827194,target_map,8,15,2,predicted,12.054701,-0.285849,-2.886125,4.760691,-0.101735,-1.232847,0.388463,12.214033,6473.250,0,2.255325,2.255325,0.939364,0.913831
tracking_cdrone3_20260822_201250_360_milestone4,milestone4,1787454839.175022125,target_map,6,13,2,predicted,-10.935251,-0.594780,1.760745,-3.452024,0.980532,-0.328087,0.617323,0.019913,811.250,1,0.314057,0.314057,0.259920,0.428514
tracking_cdrone3_20260822_201250_360_milestone4,milestone4,1787454839.175022125,target_map,7,14,2,predicted,15.389810,7.189097,6.162504,1.622528,0.523562,1.057676,0.000000,20.724592,1013.906,0,4.101632,4.101632,1.585571,1.375408
tracking_cdrone3_20260822_201250_360_milestone4,milestone4,1787454839.175022125,target_map,8,15,2,predicted,12.531646,-0.296041,-3.009636,4.760691,-0.101735,-1.232847,0.366156,12.214033,6473.250,0,2.355509,2.355509,0.974428,0.938877
tracking_cdrone3_20260822_201250_360_milestone4,milestone4,1787454839.216999769,raw,13,13,0,detected,-9.694743,-1.022306,1.923962,0.434619,-0.332364,0.167257,0.669922,0.016330,811.250,0,0.000000,0.000000,0.000000,0.000000
tracking_cdrone3_20260822_201250_360_milestone4,milestone4,1787454839.274996042,target_map,6,13,0,detected,-9.765423,-1.008409,1.920969,-1.314370,0.258440,-0.055648,0.660916,0.016330,811.250,0,0.053775,0.000000,0.168821,0.363444
tracking_cdrone3_20260822_201250_360_milestone4,milestone4,1787454839.274996042,target_map,7,14,2,predicted,15.552056,7.241451,6.268268,1.622528,0.523562,1.057676,0.000000,20.724592,1013.906,0,4.201628,4.201628,1.620570,1.400407
tracking_cdrone3_20260822_201250_360_milestone4,milestone4,1787454839.274996042,target_map,8,15,2,predicted,13.007697,-0.306214,-3.132916,4.760691,-0.101735,-1.232847,0.343892,12.214033,6473.250,0,2.455505,2.455505,1.009427,0.963876
tracking_cdrone3_20260822_201250_360_milestone4,milestone4,1787454839.375024796,target_map,6,13,0,detected,-9.896884,-0.982560,1.915403,-1.314370,0.258440,-0.055648,0.644165,0.016330,811.250,0,0.153793,0.000000,0.203827,0.388448
tracking_cdrone3_20260822_201250_360_milestone4,milestone4,1787454839.375024796,target_map,7,14,2,predicted,15.714338,7.293817,6.374054,1.622528,0.523562,1.057676,0.000000,20.724592,1013.906,0,4.301646,4.301646,1.655576,1.425411
tracking_cdrone3_20260822_201250_360_milestone4,milestone4,1787454839.375024796,target_map,8,15,2,predicted,13.483851,-0.316389,-3.256223,4.760691,-0.101735,-1.232847,0.321622,12.214033,6473.250,0,2.555523,2.555523,1.044433,0.988881
tracking_cdrone3_20260822_201250_360_milestone4,milestone4,1787454839.475421190,target_map,6,13,2,predicted,-10.028830,-0.956616,1.909817,-1.314370,0.258440,-0.055648,0.627352,0.016330,811.250,0,0.254180,0.254180,0.238963,0.413545
tracking_cdrone3_20260822_201250_360_milestone4,milestone4,1787454839.475421190,target_map,7,14,2,predicted,15.877219,7.346375,6.480231,1.622528,0.523562,1.057676,0.000000,20.724592,1013.906,0,4.402033,4.402033,1.690711,1.450508
tracking_cdrone3_20260822_201250_360_milestone4,milestone4,1787454839.475421190,target_map,8,15,2,predicted,13.961763,-0.326602,-3.379985,4.760691,-0.101735,-1.232847,0.299270,12.214033,6473.250,0,2.655910,2.655910,1.079568,1.013977
tracking_cdrone3_20260822_201250_360_milestone4,milestone4,1787454839.571225405,raw,13,13,1,held,-9.601996,-1.109448,1.960554,0.261825,-0.246001,0.103302,0.669922,0.013108,811.250,0,0.354232,0.354232,0.000000,0.000000
tracking_cdrone3_20260822_201250_360_milestone4,milestone4,1787454839.578325510,target_map,6,13,2,predicted,-10.164085,-0.930022,1.904091,-1.314370,0.258440,-0.055648,0.610117,0.016330,811.250,0,0.357085,0.357085,0.274980,0.439271
tracking_cdrone3_20260822_201250_360_milestone4,milestone4,1787454839.578325510,target_map,7,14,2,predicted,16.044186,7.400253,6.589071,1.622528,0.523562,1.057676,0.000000,20.724592,1013.906,0,4.504938,4.504938,1.726728,1.476235
tracking_cdrone3_20260822_201250_360_milestone4,milestone4,1787454839.578325510,target_map,8,15,2,predicted,14.451663,-0.337071,-3.506851,4.760691,-0.101735,-1.232847,0.276358,12.214033,6473.250,0,2.758815,2.758815,1.115585,1.039704
tracking_cdrone3_20260822_201250_360_milestone4,milestone4,1787454839.674984455,target_map,6,13,1,held,-9.639717,-1.111050,1.963233,-0.447463,-0.019003,0.031775,0.596476,0.013108,811.250,0,0.438531,0.000000,0.179505,0.371075
tracking_cdrone3_20260822_201250_360_milestone4,milestone4,1787454839.674984455,target_map,7,14,2,predicted,16.201038,7.450866,6.691318,1.622528,0.523562,1.057676,0.000000,20.724592,1013.906,0,4.601609,4.601609,1.760563,1.500402
tracking_cdrone3_20260822_201250_360_milestone4,milestone4,1787454839.674984455,target_map,8,15,2,predicted,14.911884,-0.346906,-3.626032,4.760691,-0.101735,-1.232847,0.254833,12.214033,6473.250,0,2.855486,2.855486,1.149420,1.063872
tracking_cdrone3_20260822_201250_360_milestone4,milestone4,1787454839.775378227,target_map,6,13,1,held,-9.684616,-1.112957,1.966421,-0.447463,-0.019003,0.031775,0.579671,0.013108,811.250,0,0.538872,0.000000,0.214624,0.396160
tracking_cdrone3_20260822_201250_360_milestone4,milestone4,1787454839.775378227,target_map,7,14,2,predicted,16.363842,7.503401,6.797446,1.622528,0.523562,1.057676,0.000000,20.724592,1013.906,0,4.701950,4.701950,1.795682,1.525487
tracking_cdrone3_20260822_201250_360_milestone4,milestone4,1787454839.775378227,target_map,8,15,2,predicted,15.389575,-0.357114,-3.749737,4.760691,-0.101735,-1.232847,0.232492,12.214033,6473.250,0,2.955827,2.955827,1.184539,1.088957
tracking_cdrone3_20260822_201250_360_milestone4,milestone4,1787454839.875013590,target_map,6,13,2,predicted,-9.729222,-1.114851,1.969589,-0.447463,-0.019003,0.031775,0.562976,0.013108,811.250,0,0.638559,0.638559,0.249514,0.421082
tracking_cdrone3_20260822_201250_360_milestone4,milestone4,1787454839.875013590,target_map,7,14,2,predicted,16.525587,7.555593,6.902882,1.622528,0.523562,1.057676,0.000000,20.724592,1013.906,0,4.801637,4.801637,1.830573,1.550409
tracking_cdrone3_20260822_201250_360_milestone4,milestone4,1787454839.875013590,target_map,8,15,2,predicted,15.864152,-0.367256,-3.872635,4.760691,-0.101735,-1.232847,0.210296,12.214033,6473.250,0,3.055513,3.055513,1.219430,1.113878
tracking_cdrone3_20260822_201250_360_milestone4,milestone4,1787454839.891225100,raw,13,13,0,detected,-9.531321,-1.169440,1.947143,0.220864,-0.187479,-0.041911,0.724121,0.019288,432.000,0,0.000000,0.000000,0.000000,0.000000
tracking_cdrone3_20260822_201250_360_milestone4,milestone4,1787454839.974915028,target_map,6,13,0,detected,-9.537569,-1.178175,1.946459,-0.079883,-0.111665,-0.008752,0.709960,0.019288,432.000,0,0.078226,0.000000,0.177379,0.369556
tracking_cdrone3_20260822_201250_360_milestone4,milestone4,1787454839.974915028,target_map,7,14,2,predicted,16.687689,7.607900,7.008551,1.622528,0.523562,1.057676,0.000000,20.724592,1013.906,0,4.901543,4.901543,1.865540,1.575386
tracking_cdrone3_20260822_201250_360_milestone4,milestone4,1787454839.974915028,target_map,8,15,2,predicted,16.339777,-0.377420,-3.995805,4.760691,-0.101735,-1.232847,0.188051,12.214033,6473.250,0,3.155420,3.155420,1.254397,1.138855
tracking_cdrone3_20260822_201250_360_milestone4,milestone4,1787454840.074976206,target_map,6,13,0,detected,-9.545562,-1.189348,1.945583,-0.079883,-0.111665,-0.008752,0.691848,0.019288,432.000,0,0.178277,0.000000,0.212397,0.394569
tracking_cdrone3_20260822_201250_360_milestone4,milestone4,1787454840.074976206,target_map,8,15,2,predicted,16.816090,-0.387599,-4.119153,4.760691,-0.101735,-1.232847,0.165774,12.214033,6473.250,0,3.255471,3.255471,1.289415,1.163868
tracking_cdrone3_20260822_201250_360_milestone4,milestone4,1787454840.175042629,target_map,6,13,2,predicted,-9.553555,-1.200522,1.944707,-0.079883,-0.111665,-0.008752,0.673732,0.019288,432.000,0,0.278348,0.278348,0.247422,0.419587
tracking_cdrone3_20260822_201250_360_milestone4,milestone4,1787454840.175042629,target_map,8,15,2,predicted,17.292496,-0.397779,-4.242525,4.760691,-0.101735,-1.232847,0.143493,12.214033,6473.250,0,3.355542,3.355542,1.324440,1.188886
tracking_cdrone3_20260822_201250_360_milestone4,milestone4,1787454840.194427013,raw,13,13,0,detected,-9.480811,-1.208243,1.903738,0.166588,-0.127977,-0.143156,0.665527,0.010958,432.000,0,0.000000,0.000000,0.000000,0.000000
tracking_cdrone3_20260822_201250_360_milestone4,milestone4,1787454840.275009632,target_map,6,13,0,detected,-9.476484,-1.217618,1.897314,0.055676,-0.120637,-0.082674,0.652598,0.010958,432.000,0,0.077710,0.000000,0.177199,0.369428
tracking_cdrone3_20260822_201250_360_milestone4,milestone4,1787454840.275009632,target_map,8,15,2,predicted,17.768433,-0.407950,-4.365775,4.760691,-0.101735,-1.232847,0.121233,12.214033,6473.250,0,3.455514,3.455514,1.359430,1.213879
tracking_cdrone3_20260822_201250_360_milestone4,milestone4,1787454840.374992371,target_map,6,13,0,detected,-9.470919,-1.229677,1.889049,0.055676,-0.120637,-0.082674,0.635965,0.010958,432.000,0,0.177675,0.000000,0.212186,0.394419
tracking_cdrone3_20260822_201250_360_milestone4,milestone4,1787454840.374992371,target_map,8,15,2,predicted,18.244335,-0.418120,-4.489017,4.760691,-0.101735,-1.232847,0.098975,12.214033,6473.250,0,3.555479,3.555479,1.394418,1.238870
tracking_cdrone3_20260822_201250_360_milestone4,milestone4,1787454840.470182657,raw,13,13,0,detected,-9.463800,-1.215236,1.883503,0.061686,-0.025359,-0.073381,0.812012,0.010809,582.750,0,0.000000,0.000000,0.000000,0.000000
tracking_cdrone3_20260822_201250_360_milestone4,milestone4,1787454840.474626541,target_map,6,13,0,detected,-9.463687,-1.215367,1.883354,0.058982,-0.068234,-0.077563,0.811622,0.010809,582.750,0,0.001919,0.000000,0.150672,0.350480
tracking_cdrone3_20260822_201250_360_milestone4,milestone4,1787454840.474626541,target_map,8,15,2,predicted,18.718855,-0.428260,-4.611900,4.760691,-0.101735,-1.232847,0.076782,12.214033,6473.250,0,3.655154,3.655154,1.429304,1.263788
tracking_cdrone3_20260822_201250_360_milestone4,milestone4,1787454840.575207472,target_map,6,13,0,detected,-9.457756,-1.222228,1.875555,0.058982,-0.068234,-0.077563,0.791209,0.010809,582.750,0,0.102476,0.000000,0.185867,0.375619
tracking_cdrone3_20260822_201250_360_milestone4,milestone4,1787454840.575207472,target_map,8,15,2,predicted,19.197578,-0.438491,-4.735872,4.760691,-0.101735,-1.232847,0.054392,12.214033,6473.250,0,3.755711,3.755711,1.464499,1.288928
tracking_cdrone3_20260822_201250_360_milestone4,milestone4,1787454840.675134659,target_map,6,13,0,detected,-9.451863,-1.229046,1.867805,0.058982,-0.068234,-0.077563,0.770927,0.010809,582.750,0,0.202387,0.000000,0.220835,0.400597
tracking_cdrone3_20260822_201250_360_milestone4,milestone4,1787454840.675134659,target_map,8,15,2,predicted,19.673222,-0.448655,-4.859047,4.760691,-0.101735,-1.232847,0.032147,12.214033,6473.250,0,3.855622,3.855622,1.499468,1.313905
tracking_cdrone3_20260822_201250_360_milestone4,milestone4,1787454840.758562326,raw,13,13,0,detected,-9.449943,-1.218911,1.861905,0.048056,-0.012744,-0.074895,0.458008,0.009429,525.000,0,0.000000,0.000000,0.000000,0.000000
tracking_cdrone3_20260822_201250_360_milestone4,milestone4,1787454840.774847507,target_map,6,13,0,detected,-9.449271,-1.219389,1.860941,0.052972,-0.037714,-0.076095,0.456557,0.009429,525.000,0,0.012674,0.000000,0.154436,0.353168
tracking_cdrone3_20260822_201250_360_milestone4,milestone4,1787454840.774847507,target_map,8,15,2,predicted,20.148024,-0.458801,-4.982003,4.760691,-0.101735,-1.232847,0.009940,12.214033,6473.250,0,3.955356,3.955356,1.534375,1.338839
tracking_cdrone3_20260822_201250_360_milestone4,milestone4,1787454840.874774933,target_map,6,13,0,detected,-9.443978,-1.223158,1.853337,0.052972,-0.037714,-0.076095,0.445115,0.009429,525.000,0,0.112597,0.000000,0.189409,0.378149
tracking_cdrone3_20260822_201250_360_milestone4,milestone4,1787454840.874774933,target_map,8,15,2,predicted,20.623728,-0.468967,-5.105194,4.760691,-0.101735,-1.232847,0.000000,12.214033,6473.250,0,4.055279,4.055279,1.569348,1.363820
tracking_cdrone3_20260822_201250_360_milestone4,milestone4,1787454840.974992752,target_map,6,13,0,detected,-9.438669,-1.226937,1.845711,0.052972,-0.037714,-0.076095,0.433640,0.009429,525.000,0,0.212812,0.000000,0.224484,0.403203
tracking_cdrone3_20260822_201250_360_milestone4,milestone4,1787454840.974992752,target_map,8,15,2,predicted,21.100821,-0.479163,-5.228744,4.760691,-0.101735,-1.232847,0.000000,12.214033,6473.250,0,4.155494,4.155494,1.604423,1.388874
tracking_cdrone3_20260822_201250_360_milestone4,milestone4,1787454841.017591476,raw,13,13,0,detected,-9.429456,-1.221427,1.846000,0.079092,-0.009712,-0.061404,0.799805,0.019335,540.000,0,0.000000,0.000000,0.000000,0.000000
tracking_cdrone3_20260822_201250_360_milestone4,milestone4,1787454841.075419664,target_map,6,13,0,detected,-9.425746,-1.222656,1.842252,0.067338,-0.022313,-0.068015,0.788788,0.019335,540.000,0,0.055095,0.000000,0.169283,0.363774
tracking_cdrone3_20260822_201250_360_milestone4,milestone4,1787454841.075419664,target_map,8,15,2,predicted,21.578955,-0.489380,-5.352563,4.760691,-0.101735,-1.232847,0.000000,12.214033,6473.250,0,4.255928,4.255928,1.639575,1.413982
tracking_cdrone3_20260822_201250_360_milestone4,milestone4,1787454841.175012827,target_map,6,13,0,detected,-9.419041,-1.224878,1.835479,0.067338,-0.022313,-0.068015,0.768877,0.019335,540.000,0,0.154675,0.000000,0.204136,0.388669
tracking_cdrone3_20260822_201250_360_milestone4,milestone4,1787454841.175012827,target_map,8,15,2,predicted,22.053022,-0.499511,-5.475329,4.760691,-0.101735,-1.232847,0.000000,12.214033,6473.250,0,4.355508,4.355508,1.674428,1.438877
tracking_cdrone3_20260822_201250_360_milestone4,milestone4,1787454841.273536205,raw,13,13,0,detected,-9.413078,-1.220006,1.802265,0.063987,0.005551,-0.170872,0.768555,0.019089,469.000,0,0.000000,0.000000,0.000000,0.000000
tracking_cdrone3_20260822_201250_360_milestone4,milestone4,1787454841.275971174,target_map,6,13,2,predicted,-9.412242,-1.227131,1.828613,0.067338,-0.022313,-0.068015,0.748690,0.019335,540.000,0,0.255637,0.255637,0.239473,0.413909
tracking_cdrone3_20260822_201250_360_milestone4,milestone4,1787454841.275971174,target_map,8,15,2,predicted,22.533674,-0.509782,-5.599801,4.760691,-0.101735,-1.232847,0.000000,12.214033,6473.250,0,4.456470,4.456470,1.709765,1.464118
tracking_cdrone3_20260822_201250_360_milestone4,milestone4,1787454841.374975681,target_map,6,13,0,detected,-9.406853,-1.220670,1.790422,0.065495,-0.006988,-0.124586,0.750291,0.019089,469.000,0,0.095057,0.000000,0.183270,0.373764
tracking_cdrone3_20260822_201250_360_milestone4,milestone4,1787454841.374975681,target_map,8,15,2,predicted,23.005024,-0.519855,-5.721863,4.760691,-0.101735,-1.232847,0.000000,12.214033,6473.250,0,4.555479,4.555479,1.744418,1.488870
tracking_cdrone3_20260822_201250_360_milestone4,milestone4,1787454841.475189209,target_map,6,13,0,detected,-9.400289,-1.221371,1.777937,0.065495,-0.006988,-0.124586,0.731036,0.019089,469.000,0,0.195271,0.000000,0.218345,0.398818
tracking_cdrone3_20260822_201250_360_milestone4,milestone4,1787454841.475189209,target_map,8,15,2,predicted,23.482111,-0.530050,-5.845412,4.760691,-0.101735,-1.232847,0.000000,12.214033,6473.250,0,4.655693,4.655693,1.779492,1.513923
tracking_cdrone3_20260822_201250_360_milestone4,milestone4,1787454841.510842323,raw,13,13,1,held,-9.411386,-1.220285,1.788324,0.007133,-0.001175,-0.058746,0.768555,0.018862,469.000,0,0.237298,0.237298,0.000000,0.000000
tracking_cdrone3_20260822_201250_360_milestone4,milestone4,1787454841.574965477,target_map,6,13,1,held,-9.409531,-1.220496,1.783415,0.033396,-0.003791,-0.088374,0.712286,0.018862,469.000,0,0.292854,0.000000,0.169444,0.363889
tracking_cdrone3_20260822_201250_360_milestone4,milestone4,1787454841.574965477,target_map,8,15,2,predicted,23.957136,-0.540201,-5.968426,4.760691,-0.101735,-1.232847,0.000000,12.214033,6473.250,0,4.755473,4.755473,1.814416,1.538868
tracking_cdrone3_20260822_201250_360_milestone4,milestone4,1787454841.674978256,target_map,6,13,1,held,-9.406190,-1.220875,1.774577,0.033396,-0.003791,-0.088374,0.693071,0.018862,469.000,0,0.392860,0.000000,0.204447,0.388891
tracking_cdrone3_20260822_201250_360_milestone4,milestone4,1787454841.674978256,target_map,8,15,2,predicted,24.433237,-0.550376,-6.091719,4.760691,-0.101735,-1.232847,0.000000,12.214033,6473.250,0,4.855480,4.855480,1.849418,1.563870
tracking_cdrone3_20260822_201250_360_milestone4,milestone4,1787454841.776438475,target_map,6,13,2,predicted,-9.402802,-1.221259,1.765611,0.033396,-0.003791,-0.088374,0.673577,0.018862,469.000,0,0.494317,0.494317,0.239956,0.414255
tracking_cdrone3_20260822_201250_360_milestone4,milestone4,1787454841.776438475,target_map,8,15,2,predicted,24.916239,-0.560697,-6.216799,4.760691,-0.101735,-1.232847,0.000000,12.214033,6473.250,0,4.956936,4.956936,1.884928,1.589234
tracking_cdrone3_20260822_201250_360_milestone4,milestone4,1787454841.798950911,raw,13,13,0,detected,-9.409477,-1.220028,1.774692,0.006621,0.000893,-0.047313,0.770020,0.019351,472.500,0,0.000000,0.000000,0.000000,0.000000
tracking_cdrone3_20260822_201250_360_milestone4,milestone4,1787454841.874912262,target_map,6,13,0,detected,-9.408133,-1.220115,1.769955,0.018670,-0.001215,-0.065790,0.756159,0.019351,472.500,0,0.072002,0.000000,0.175201,0.368001
tracking_cdrone3_20260822_201250_360_milestone4,milestone4,1787454841.974970102,target_map,6,13,0,detected,-9.406265,-1.220237,1.763374,0.018670,-0.001215,-0.065790,0.736901,0.019351,472.500,0,0.172038,0.000000,0.210213,0.393009
tracking_cdrone3_20260822_201250_360_milestone4,milestone4,1787454842.074925661,target_map,6,13,2,predicted,-9.404399,-1.220358,1.756796,0.018670,-0.001215,-0.065790,0.717656,0.019351,472.500,0,0.272013,0.272013,0.245205,0.418003
tracking_cdrone3_20260822_201250_360_milestone4,milestone4,1787454842.077412367,raw,13,13,0,detected,-9.401777,-1.224780,1.742330,0.027657,-0.017069,-0.116230,0.613770,0.019315,507.500,0,0.000000,0.000000,0.000000,0.000000
tracking_cdrone3_20260822_201250_360_milestone4,milestone4,1787454842.174956560,target_map,6,13,0,detected,-9.399545,-1.225720,1.733485,0.023613,-0.009934,-0.093532,0.599260,0.019315,507.500,0,0.094561,0.000000,0.183096,0.373640
tracking_cdrone3_20260822_201250_360_milestone4,milestone4,1787454842.277299643,target_map,6,13,0,detected,-9.397128,-1.226736,1.723914,0.023613,-0.009934,-0.093532,0.583557,0.019315,507.500,0,0.196896,0.000000,0.218914,0.399224
tracking_cdrone3_20260822_201250_360_milestone4,milestone4,1787454842.352638006,raw,13,13,0,detected,-9.399293,-1.225074,1.726611,0.009026,-0.001067,-0.057109,0.563477,0.017638,492.750,0,0.000000,0.000000,0.000000,0.000000
tracking_cdrone3_20260822_201250_360_milestone4,milestone4,1787454842.376076937,target_map,6,13,0,detected,-9.399146,-1.225121,1.725919,0.015590,-0.005058,-0.073499,0.562150,0.017638,492.750,0,0.009415,0.000000,0.153295,0.352354
tracking_cdrone3_20260822_201250_360_milestone4,milestone4,1787454842.475035667,target_map,6,13,0,detected,-9.397603,-1.225622,1.718646,0.015590,-0.005058,-0.073499,0.548210,0.017638,492.750,0,0.108372,0.000000,0.187930,0.377093
tracking_cdrone3_20260822_201250_360_milestone4,milestone4,1787454842.575041056,target_map,6,13,0,detected,-9.396045,-1.226128,1.711296,0.015590,-0.005058,-0.073499,0.534123,0.017638,492.750,0,0.208374,0.000000,0.222931,0.402093
tracking_cdrone3_20260822_201250_360_milestone4,milestone4,1787454842.595455885,raw,13,13,0,detected,-9.405585,-1.226083,1.722021,-0.025774,-0.004135,-0.018802,0.437500,0.011025,756.000,0,0.000000,0.000000,0.000000,0.000000
tracking_cdrone3_20260822_201250_360_milestone4,milestone4,1787454842.675010920,target_map,6,13,0,detected,-9.406127,-1.226427,1.718739,-0.007160,-0.004550,-0.043416,0.429232,0.011025,756.000,0,0.075598,0.000000,0.176459,0.368899
tracking_cdrone3_20260822_201250_360_milestone4,milestone4,1787454842.774880648,target_map,6,13,0,detected,-9.406841,-1.226882,1.714403,-0.007160,-0.004550,-0.043416,0.418308,0.011025,756.000,0,0.175469,0.000000,0.211414,0.393867
tracking_cdrone3_20260822_201250_360_milestone4,milestone4,1787454842.875065804,target_map,6,13,2,predicted,-9.407558,-1.227337,1.710054,-0.007160,-0.004550,-0.043416,0.407352,0.011025,756.000,0,0.275643,0.275643,0.246475,0.418911
tracking_cdrone3_20260822_201250_360_milestone4,milestone4,1787454842.889802217,raw,13,13,0,detected,-9.405425,-1.226834,1.715099,0.000544,-0.002562,-0.023618,0.693359,0.013575,909.500,0,0.000000,0.000000,0.000000,0.000000
tracking_cdrone3_20260822_201250_360_milestone4,milestone4,1787454842.975868225,target_map,6,13,0,detected,-9.405638,-1.227085,1.712736,-0.002923,-0.003457,-0.032527,0.680771,0.013575,909.500,0,0.072620,0.000000,0.175417,0.368155
tracking_cdrone3_20260822_201250_360_milestone4,milestone4,1787454843.075215340,target_map,6,13,0,detected,-9.405927,-1.227428,1.709512,-0.002923,-0.003457,-0.032527,0.663587,0.013575,909.500,0,0.171756,0.000000,0.210115,0.392939
tracking_cdrone3_20260822_201250_360_milestone4,milestone4,1787454843.143659592,raw,13,13,0,detected,-9.408819,-1.229512,1.709215,-0.013374,-0.010550,-0.023184,0.731934,0.018219,724.500,0,0.000000,0.000000,0.000000,0.000000
tracking_cdrone3_20260822_201250_360_milestone4,milestone4,1787454843.176039934,target_map,6,13,0,detected,-9.409039,-1.229699,1.708519,-0.008671,-0.007358,-0.027388,0.727284,0.018219,724.500,0,0.025409,0.000000,0.158893,0.356352
tracking_cdrone3_20260822_201250_360_milestone4,milestone4,1787454843.275715828,target_map,6,13,0,detected,-9.409904,-1.230432,1.705789,-0.008671,-0.007358,-0.027388,0.709044,0.018219,724.500,0,0.125091,0.000000,0.193782,0.381273
tracking_cdrone3_20260822_201250_360_milestone4,milestone4,1787454843.375006914,target_map,6,13,0,detected,-9.410765,-1.231163,1.703070,-0.008671,-0.007358,-0.027388,0.690875,0.018219,724.500,0,0.224383,0.000000,0.228534,0.406096
tracking_cdrone3_20260822_201250_360_milestone4,milestone4,1787454843.386432409,raw,13,13,0,detected,-9.411118,-1.232058,1.708145,-0.009469,-0.010489,-0.004409,0.749023,0.019315,731.250,0,0.000000,0.000000,0.000000,0.000000
tracking_cdrone3_20260822_201250_360_milestone4,milestone4,1787454843.474994659,target_map,6,13,0,detected,-9.411872,-1.232810,1.706923,-0.009110,-0.009080,-0.014749,0.733516,0.019315,731.250,0,0.082815,0.000000,0.178985,0.370704
tracking_cdrone3_20260822_201250_360_milestone4,milestone4,1787454843.575036526,target_map,6,13,0,detected,-9.412784,-1.233718,1.705448,-0.009110,-0.009080,-0.014749,0.714783,0.019315,731.250,0,0.182853,0.000000,0.213999,0.395713
tracking_cdrone3_20260822_201250_360_milestone4,milestone4,1787454843.626531363,raw,13,13,0,detected,-9.412796,-1.233340,1.707840,-0.006988,-0.005338,-0.001269,0.720215,0.019330,615.000,0,0.000000,0.000000,0.000000,0.000000
tracking_cdrone3_20260822_201250_360_milestone4,milestone4,1787454843.674980402,target_map,6,13,0,detected,-9.413157,-1.233659,1.707507,-0.007943,-0.007022,-0.007335,0.712035,0.019330,615.000,0,0.045430,0.000000,0.165901,0.361358
tracking_cdrone3_20260822_201250_360_milestone4,milestone4,1787454843.775212526,target_map,6,13,0,detected,-9.413953,-1.234362,1.706772,-0.007943,-0.007022,-0.007335,0.693997,0.019330,615.000,0,0.145610,0.000000,0.200963,0.386402
tracking_cdrone3_20260822_201250_360_milestone4,milestone4,1787454843.875293255,target_map,6,13,0,detected,-9.414748,-1.235065,1.706038,-0.007943,-0.007022,-0.007335,0.675969,0.019330,615.000,0,0.245736,0.000000,0.236008,0.411434
tracking_cdrone3_20260822_201250_360_milestone4,milestone4,1787454843.887395620,raw,13,13,1,held,-9.415408,-1.235683,1.707064,-0.010014,-0.008983,-0.002977,0.720215,0.019347,615.000,0,0.260859,0.260859,0.000000,0.000000
tracking_cdrone3_20260822_201250_360_milestone4,milestone4,1787454843.975001574,target_map,6,13,1,held,-9.416167,-1.236360,1.706651,-0.009082,-0.008100,-0.004938,0.658193,0.019347,615.000,0,0.344462,0.000000,0.179261,0.370901
tracking_cdrone3_20260822_201250_360_milestone4,milestone4,1787454844.076585293,target_map,6,13,1,held,-9.417077,-1.237171,1.706156,-0.009082,-0.008100,-0.004938,0.640156,0.019347,615.000,0,0.444639,0.000000,0.214323,0.395945
tracking_cdrone3_20260822_201250_360_milestone4,milestone4,1787454844.123403549,raw,13,13,0,detected,-9.413994,-1.237678,1.705185,0.005992,-0.008452,-0.007958,0.797363,0.019765,708.750,0,0.000000,0.000000,0.000000,0.000000
tracking_cdrone3_20260822_201250_360_milestone4,milestone4,1787454844.174969912,target_map,6,13,0,detected,-9.414033,-1.238083,1.704863,-0.000791,-0.008294,-0.006599,0.787614,0.019765,708.750,0,0.048909,0.000000,0.167118,0.362227
tracking_cdrone3_20260822_201250_360_milestone4,milestone4,1787454844.274935484,target_map,6,13,0,detected,-9.414112,-1.238912,1.704203,-0.000791,-0.008294,-0.006599,0.767688,0.019765,708.750,0,0.148868,0.000000,0.202104,0.387217
tracking_cdrone3_20260822_201250_360_milestone4,milestone4,1787454844.364524603,raw,13,13,0,detected,-9.424555,-1.236270,1.704827,-0.043801,0.005839,-0.001487,0.783691,0.009767,549.000,0,0.000000,0.000000,0.000000,0.000000
tracking_cdrone3_20260822_201250_360_milestone4,milestone4,1787454844.375836134,target_map,6,13,0,detected,-9.424743,-1.236274,1.704798,-0.024447,-0.000521,-0.003787,0.782189,0.009767,549.000,0,0.007666,0.000000,0.152683,0.351917
tracking_cdrone3_20260822_201250_360_milestone4,milestone4,1787454844.475067377,target_map,6,13,0,detected,-9.427168,-1.236326,1.704422,-0.024447,-0.000521,-0.003787,0.762748,0.009767,549.000,0,0.106895,0.000000,0.187413,0.376724
tracking_cdrone3_20260822_201250_360_milestone4,milestone4,1787454844.576215982,target_map,6,13,0,detected,-9.429640,-1.236378,1.704039,-0.024447,-0.000521,-0.003787,0.742938,0.009767,549.000,0,0.208007,0.000000,0.222803,0.402002
tracking_cdrone3_20260822_201250_360_milestone4,milestone4,1787454844.614088535,raw,13,13,0,detected,-9.425398,-1.235940,1.704123,-0.003379,0.001322,-0.002818,0.791504,0.010343,625.250,0,0.000000,0.000000,0.000000,0.000000
tracking_cdrone3_20260822_201250_360_milestone4,milestone4,1787454844.675049067,target_map,6,13,0,detected,-9.426147,-1.235911,1.703934,-0.012859,0.000492,-0.003254,0.779986,0.010343,625.250,0,0.058206,0.000000,0.170372,0.364551
tracking_cdrone3_20260822_201250_360_milestone4,milestone4,1787454844.775930405,target_map,6,13,0,detected,-9.427444,-1.235862,1.703606,-0.012859,0.000492,-0.003254,0.760024,0.010343,625.250,0,0.159088,0.000000,0.205681,0.389772
tracking_cdrone3_20260822_201250_360_milestone4,milestone4,1787454844.853960514,raw,13,13,0,detected,-9.429584,-1.235050,1.703065,-0.017431,0.003706,-0.004407,0.832520,0.008125,627.750,0,0.000000,0.000000,0.000000,0.000000
tracking_cdrone3_20260822_201250_360_milestone4,milestone4,1787454844.875003815,target_map,6,13,0,detected,-9.429860,-1.235010,1.702995,-0.015374,0.002260,-0.003889,0.828777,0.008125,627.750,0,0.017983,0.000000,0.156294,0.354496
tracking_cdrone3_20260822_201250_360_milestone4,milestone4,1787454844.975224018,target_map,6,13,0,detected,-9.431400,-1.234783,1.702606,-0.015374,0.002260,-0.003889,0.807919,0.008125,627.750,0,0.118197,0.000000,0.191369,0.379549
tracking_cdrone3_20260822_201250_360_milestone4,milestone4,1787454845.074933529,target_map,6,13,0,detected,-9.432934,-1.234558,1.702218,-0.015374,0.002260,-0.003889,0.787162,0.008125,627.750,0,0.217931,0.000000,0.226276,0.404483
tracking_cdrone3_20260822_201250_360_milestone4,milestone4,1787454845.094628572,raw,13,13,0,detected,-9.430376,-1.232435,1.703853,-0.003297,0.010875,0.003274,0.853516,0.008771,763.250,0,0.000000,0.000000,0.000000,0.000000
tracking_cdrone3_20260822_201250_360_milestone4,milestone4,1787454845.174894094,target_map,6,13,0,detected,-9.431053,-1.231893,1.703857,-0.008732,0.006998,0.000051,0.836978,0.008771,763.250,0,0.077502,0.000000,0.177126,0.369375
tracking_cdrone3_20260822_201250_360_milestone4,milestone4,1787454845.274874210,target_map,6,13,0,detected,-9.431926,-1.231193,1.703862,-0.008732,0.006998,0.000051,0.815647,0.008771,763.250,0,0.177474,0.000000,0.212116,0.394368
tracking_cdrone3_20260822_201250_360_milestone4,milestone4,1787454845.358425379,raw,13,13,0,detected,-9.429350,-1.230507,1.704752,0.003890,0.007310,0.003409,0.854980,0.009899,845.500,0,0.000000,0.000000,0.000000,0.000000
tracking_cdrone3_20260822_201250_360_milestone4,milestone4,1787454845.375018120,target_map,6,13,0,detected,-9.429372,-1.230419,1.704775,-0.001790,0.007170,0.001898,0.852346,0.009899,845.500,0,0.012323,0.000000,0.154313,0.353081
tracking_cdrone3_20260822_201250_360_milestone4,milestone4,1787454845.475054026,target_map,6,13,0,detected,-9.429551,-1.229701,1.704965,-0.001790,0.007170,0.001898,0.830964,0.009899,845.500,0,0.112360,0.000000,0.189326,0.378090
tracking_cdrone3_20260822_201250_360_milestone4,milestone4,1787454845.575550318,target_map,6,13,0,detected,-9.429730,-1.228981,1.705156,-0.001790,0.007170,0.001898,0.809495,0.009899,845.500,0,0.212805,0.000000,0.224482,0.403201
tracking_cdrone3_20260822_201250_360_milestone4,milestone4,1787454845.594678164,raw,13,13,0,detected,-9.429952,-1.230812,1.705295,-0.002546,-0.001291,0.002297,0.746582,0.009757,944.062,0,0.000000,0.000000,0.000000,0.000000
tracking_cdrone3_20260822_201250_360_milestone4,milestone4,1787454845.675116301,target_map,6,13,0,detected,-9.430120,-1.230620,1.705456,-0.002205,0.002516,0.002117,0.732313,0.009757,944.062,0,0.076451,0.000000,0.176758,0.369113
tracking_cdrone3_20260822_201250_360_milestone4,milestone4,1787454845.775049686,target_map,6,13,0,detected,-9.430341,-1.230368,1.705668,-0.002205,0.002516,0.002117,0.713661,0.009757,944.062,0,0.176382,0.000000,0.211734,0.394095
tracking_cdrone3_20260822_201250_360_milestone4,milestone4,1787454845.833810568,raw,13,13,0,detected,-9.430136,-1.235575,1.708692,-0.000770,-0.019916,0.014206,0.851074,0.011447,961.875,0,0.000000,0.000000,0.000000,0.000000
tracking_cdrone3_20260822_201250_360_milestone4,milestone4,1787454845.874938726,target_map,6,13,0,detected,-9.430190,-1.235950,1.709027,-0.001416,-0.009822,0.008766,0.842944,0.011447,961.875,0,0.038210,0.000000,0.163374,0.359553
tracking_cdrone3_20260822_201250_360_milestone4,milestone4,1787454845.974985838,target_map,6,13,0,detected,-9.430331,-1.236933,1.709904,-0.001416,-0.009822,0.008766,0.821657,0.011447,961.875,0,0.138258,0.000000,0.198390,0.384565
tracking_cdrone3_20260822_201250_360_milestone4,milestone4,1787454846.070559025,raw,13,13,0,detected,-9.434800,-1.246499,1.713256,-0.019702,-0.046143,0.019278,0.821777,0.009141,1018.500,0,0.000000,0.000000,0.000000,0.000000
tracking_cdrone3_20260822_201250_360_milestone4,milestone4,1787454846.075119257,target_map,6,13,0,detected,-9.434819,-1.246549,1.713280,-0.011473,-0.029798,0.014547,0.821431,0.009141,1018.500,0,0.001686,0.000000,0.150590,0.350421
tracking_cdrone3_20260822_201250_360_milestone4,milestone4,1787454846.177266359,target_map,6,13,0,detected,-9.435991,-1.249593,1.714766,-0.011473,-0.029798,0.014547,0.800445,0.009141,1018.500,0,0.103835,0.000000,0.186342,0.375959
tracking_cdrone3_20260822_201250_360_milestone4,milestone4,1787454846.275372267,target_map,6,13,0,detected,-9.437117,-1.252515,1.716193,-0.011473,-0.029798,0.014547,0.780294,0.009141,1018.500,0,0.201919,0.000000,0.220672,0.400480
tracking_cdrone3_20260822_201250_360_milestone4,milestone4,1787454846.331150770,raw,13,13,0,detected,-9.434017,-1.255230,1.712792,0.003004,-0.033506,-0.001777,0.814453,0.009679,902.500,0,0.000000,0.000000,0.000000,0.000000
tracking_cdrone3_20260822_201250_360_milestone4,milestone4,1787454846.378115892,target_map,6,13,0,detected,-9.434157,-1.256503,1.713015,-0.003511,-0.031838,0.005569,0.806308,0.009679,902.500,0,0.040002,0.000000,0.164001,0.360001
tracking_cdrone3_20260822_201250_360_milestone4,milestone4,1787454846.475234747,target_map,6,13,0,detected,-9.434499,-1.259595,1.713556,-0.003511,-0.031838,0.005569,0.786535,0.009679,902.500,0,0.137113,0.000000,0.197989,0.384278
tracking_cdrone3_20260822_201250_360_milestone4,milestone4,1787454846.567810297,raw,13,13,0,detected,-9.434081,-1.261717,1.712035,-0.000270,-0.027410,-0.003198,0.819336,0.009447,779.375,0,0.000000,0.000000,0.000000,0.000000
tracking_cdrone3_20260822_201250_360_milestone4,milestone4,1787454846.574976206,target_map,6,13,0,detected,-9.434089,-1.261848,1.712039,-0.001728,-0.029402,0.000747,0.818423,0.009447,779.375,0,0.004459,0.000000,0.151561,0.351115
tracking_cdrone3_20260822_201250_360_milestone4,milestone4,1787454846.674993753,target_map,6,13,0,detected,-9.434261,-1.264789,1.712113,-0.001728,-0.029402,0.000747,0.797936,0.009447,779.375,0,0.104474,0.000000,0.186566,0.376118
tracking_cdrone3_20260822_201250_360_milestone4,milestone4,1787454846.774863005,target_map,6,13,0,detected,-9.434434,-1.267725,1.712188,-0.001728,-0.029402,0.000747,0.777480,0.009447,779.375,0,0.204340,0.000000,0.221519,0.401085
tracking_cdrone3_20260822_201250_360_milestone4,milestone4,1787454846.832356691,raw,13,13,0,detected,-9.424180,-1.273570,1.712422,0.037427,-0.044804,0.001463,0.810059,0.018694,878.750,0,0.000000,0.000000,0.000000,0.000000
tracking_cdrone3_20260822_201250_360_milestone4,milestone4,1787454846.875108719,target_map,6,13,0,detected,-9.423470,-1.274926,1.712463,0.019807,-0.037873,0.001141,0.802806,0.018694,878.750,0,0.035812,0.000000,0.162534,0.358953
tracking_cdrone3_20260822_201250_360_milestone4,milestone4,1787454846.976239681,target_map,6,13,0,detected,-9.421468,-1.278756,1.712579,0.019807,-0.037873,0.001141,0.782327,0.018694,878.750,0,0.136939,0.000000,0.197929,0.384235
tracking_cdrone3_20260822_201250_360_milestone4,milestone4,1787454847.074982643,target_map,6,13,0,detected,-9.419512,-1.282496,1.712691,0.019807,-0.037873,0.001141,0.762329,0.018694,878.750,0,0.235683,0.000000,0.232489,0.408921
tracking_cdrone3_20260822_201250_360_milestone4,milestone4,1787454847.079461575,raw,13,13,0,detected,-9.426204,-1.291597,1.710054,-0.008190,-0.072954,-0.009584,0.810059,0.020267,1113.750,0,0.000000,0.000000,0.000000,0.000000
tracking_cdrone3_20260822_201250_360_milestone4,milestone4,1787454847.175051451,target_map,6,13,0,detected,-9.425796,-1.296891,1.709614,0.004408,-0.057168,-0.004758,0.791303,0.020267,1113.750,0,0.092615,0.000000,0.182415,0.373154
tracking_cdrone3_20260822_201250_360_milestone4,milestone4,1787454847.275096178,target_map,6,13,0,detected,-9.425354,-1.302611,1.709138,0.004408,-0.057168,-0.004758,0.771042,0.020267,1113.750,0,0.192662,0.000000,0.217432,0.398165
tracking_cdrone3_20260822_201250_360_milestone4,milestone4,1787454847.317295313,raw,13,13,1,held,-9.425436,-1.304901,1.710819,0.003229,-0.055936,0.003215,0.810059,0.021780,1113.750,0,0.237843,0.237843,0.000000,0.000000
tracking_cdrone3_20260822_201250_360_milestone4,milestone4,1787454847.376423597,target_map,6,13,1,held,-9.425224,-1.308087,1.710798,0.003760,-0.056490,-0.000373,0.750469,0.021780,1113.750,0,0.294249,0.000000,0.169742,0.364102
tracking_cdrone3_20260822_201250_360_milestone4,milestone4,1787454847.474854946,target_map,6,13,1,held,-9.424854,-1.313647,1.710761,0.003760,-0.056490,-0.000373,0.730536,0.021780,1113.750,0,0.392678,0.000000,0.204192,0.388709
tracking_cdrone3_20260822_201250_360_milestone4,milestone4,1787454847.552476406,raw,13,13,1,held,-9.422933,-1.309965,1.710709,0.010645,-0.021534,-0.000466,0.810059,0.023277,1113.750,0,0.473024,0.473024,0.000000,0.000000
tracking_cdrone3_20260822_201250_360_milestone4,milestone4,1787454847.574997425,target_map,6,13,1,held,-9.422801,-1.310613,1.710702,0.007547,-0.037264,-0.000424,0.710742,0.023277,1113.750,0,0.490419,0.000000,0.156088,0.354349
tracking_cdrone3_20260822_201250_360_milestone4,milestone4,1787454847.675032854,target_map,6,13,1,held,-9.422047,-1.314341,1.710659,0.007547,-0.037264,-0.000424,0.690484,0.023277,1113.750,0,0.590449,0.000000,0.191099,0.379356
tracking_cdrone3_20260822_201250_360_milestone4,milestone4,1787454847.775082827,target_map,6,13,1,held,-9.421291,-1.318069,1.710617,0.007547,-0.037264,-0.000424,0.670222,0.023277,1113.750,0,0.690499,0.000000,0.226116,0.404369
tracking_cdrone3_20260822_201250_360_milestone4,milestone4,1787454847.874889612,target_map,6,13,2,predicted,-9.420538,-1.321789,1.710575,0.007547,-0.037264,-0.000424,0.650008,0.023277,1113.750,0,0.790316,0.790316,0.261052,0.429323
tracking_cdrone3_20260822_201250_360_milestone4,milestone4,1787454847.975080490,target_map,6,13,2,predicted,-9.419782,-1.325522,1.710532,0.007547,-0.037264,-0.000424,0.629721,0.023277,1113.750,0,0.890490,0.890490,0.296113,0.454367
tracking_cdrone3_20260822_201250_360_milestone4,milestone4,1787454848.074790716,target_map,6,13,2,predicted,-9.419029,-1.329238,1.710490,0.007547,-0.037264,-0.000424,0.609525,0.023277,1113.750,0,0.990220,0.990220,0.331019,0.479299
tracking_cdrone3_20260822_201250_360_milestone4,milestone4,1787454848.174945354,target_map,6,13,2,predicted,-9.418274,-1.332970,1.710447,0.007547,-0.037264,-0.000424,0.589243,0.023277,1113.750,0,1.090370,1.090370,0.366071,0.504337
tracking_cdrone3_20260822_201250_360_milestone4,milestone4,1787454848.275092840,target_map,6,13,2,predicted,-9.417518,-1.336702,1.710405,0.007547,-0.037264,-0.000424,0.568963,0.023277,1113.750,0,1.190508,1.190508,0.401120,0.529371
tracking_cdrone3_20260822_201250_360_milestone4,milestone4,1787454848.292783022,raw,13,13,0,detected,0.633150,-3.840562,3.192050,0.000000,0.000000,0.000000,0.849609,10.475224,1283.250,0,0.000000,0.000000,0.000000,0.000000
tracking_cdrone3_20260822_201250_360_milestone4,milestone4,1787454848.374995232,target_map,6,13,0,detected,0.961013,-3.923449,3.240330,4.229954,-1.069372,0.622892,0.833146,10.475224,1283.250,0,0.077510,0.000000,0.177128,0.369377
tracking_cdrone3_20260822_201250_360_milestone4,milestone4,1787454848.476392746,target_map,6,13,0,detected,1.389870,-4.031868,3.303482,4.229954,-1.069372,0.622892,0.811612,10.475224,1283.250,0,0.178895,0.000000,0.212613,0.394724
tracking_cdrone3_20260822_201250_360_milestone4,milestone4,1787454848.537627220,raw,13,13,0,detected,-0.481029,-3.741161,2.993418,-4.550598,0.405980,-0.811263,0.842285,9.348473,1276.000,1,0.000000,0.000000,0.000000,0.000000
tracking_cdrone3_20260822_201250_360_milestone4,milestone4,1787454848.575029373,target_map,6,13,0,detected,-0.501856,-3.750124,2.987653,-0.599349,-0.257928,-0.165893,0.834968,9.348473,1276.000,1,0.034750,0.000000,0.162163,0.358688
tracking_cdrone3_20260822_201250_360_milestone4,milestone4,1787454848.675094843,target_map,6,13,0,detected,-0.561826,-3.775932,2.971055,-0.599349,-0.257928,-0.165893,0.813898,9.348473,1276.000,1,0.134808,0.000000,0.197183,0.383702
tracking_cdrone3_20260822_201250_360_milestone4,milestone4,1787454848.775296211,target_map,6,13,0,detected,-0.621880,-3.801776,2.954432,-0.599349,-0.257928,-0.165893,0.792799,9.348473,1276.000,1,0.235007,0.000000,0.232252,0.408752
tracking_cdrone3_20260822_201250_360_milestone4,milestone4,1787454848.842087269,raw,13,13,0,detected,5.404690,-5.483957,5.466072,19.331314,-5.724114,8.121292,0.707031,15.849794,1569.500,0,0.000000,0.000000,0.000000,0.000000
tracking_cdrone3_20260822_201250_360_milestone4,milestone4,1787454848.874760151,target_map,6,13,0,detected,5.514454,-5.522361,5.513350,3.643651,-1.274836,1.569392,0.701706,15.849794,1569.500,0,0.030125,0.000000,0.160544,0.357531
tracking_cdrone3_20260822_201250_360_milestone4,milestone4,1787454848.975051880,target_map,6,13,0,detected,5.879844,-5.650203,5.670731,3.643651,-1.274836,1.569392,0.683981,15.849794,1569.500,0,0.130406,0.000000,0.195642,0.382602
tracking_cdrone3_20260822_201250_360_milestone4,milestone4,1787454849.074983835,target_map,6,13,0,detected,6.243990,-5.777610,5.827575,3.643651,-1.274836,1.569392,0.666316,15.849794,1569.500,0,0.230346,0.000000,0.230621,0.407586
tracking_cdrone3_20260822_201250_360_milestone4,milestone4,1787454849.112889767,raw,13,13,0,detected,6.750690,-5.851656,3.475384,4.970248,-1.357769,-7.350822,0.794922,16.839636,1126.125,0,0.000000,0.000000,0.000000,0.000000
tracking_cdrone3_20260822_201250_360_milestone4,milestone4,1787454849.175915956,target_map,6,13,0,detected,6.996930,-5.926521,3.300374,4.075844,-1.239196,-2.896829,0.782916,16.839636,1126.125,0,0.060414,0.000000,0.171145,0.365104
tracking_cdrone3_20260822_201250_360_milestone4,milestone4,1787454849.275318146,target_map,6,13,0,detected,7.402057,-6.049694,3.012438,4.075844,-1.239196,-2.896829,0.763162,16.839636,1126.125,0,0.159811,0.000000,0.205934,0.389953
tracking_cdrone3_20260822_201250_360_milestone4,milestone4,1787454849.374845505,target_map,6,13,2,predicted,7.807734,-6.173033,2.724111,4.075844,-1.239196,-2.896829,0.743382,16.839636,1126.125,0,0.259343,0.259343,0.240770,0.414836
tracking_cdrone3_20260822_201250_360_milestone4,milestone4,1787454849.400972128,raw,13,13,0,detected,6.843368,-6.108375,3.001237,0.321706,-0.891137,-1.645888,0.832520,16.836489,1473.250,0,0.000000,0.000000,0.000000,0.000000
tracking_cdrone3_20260822_201250_360_milestone4,milestone4,1787454849.476748705,target_map,6,13,0,detected,6.989245,-6.184377,2.841016,2.011068,-1.047763,-2.208812,0.817422,16.836489,1473.250,0,0.072537,0.000000,0.175388,0.368134
tracking_cdrone3_20260822_201250_360_milestone4,milestone4,1787454849.575028896,target_map,6,13,0,detected,7.186878,-6.287344,2.623950,2.011068,-1.047763,-2.208812,0.796969,16.836489,1473.250,0,0.170810,0.000000,0.209783,0.392702
tracking_cdrone3_20260822_201250_360_milestone4,milestone4,1787454849.674987793,target_map,6,13,2,predicted,7.387911,-6.392081,2.403150,2.011068,-1.047763,-2.208812,0.776164,16.836489,1473.250,0,0.270773,0.270773,0.244771,0.417693
tracking_cdrone3_20260822_201250_360_milestone4,milestone4,1787454849.700695515,raw,13,13,0,detected,6.158142,-5.960279,6.409667,-2.286233,0.494119,11.372120,0.832520,16.691372,1340.000,0,0.000000,0.000000,0.000000,0.000000
tracking_cdrone3_20260822_201250_360_milestone4,milestone4,1787454849.774993658,target_map,6,13,0,detected,6.160779,-5.979725,6.636533,0.038549,-0.284233,3.315818,0.818279,16.691372,1340.000,0,0.068419,0.000000,0.173947,0.367105
tracking_cdrone3_20260822_201250_360_milestone4,milestone4,1787454849.875050068,target_map,6,13,0,detected,6.164636,-6.008162,6.968267,0.038549,-0.284233,3.315818,0.797457,16.691372,1340.000,0,0.168465,0.000000,0.208963,0.392116
tracking_cdrone3_20260822_201250_360_milestone4,milestone4,1787454849.963593960,raw,13,13,0,detected,7.021048,-6.070195,3.631613,3.282144,-0.418080,-10.566593,0.825684,16.907255,1196.250,0,0.000000,0.000000,0.000000,0.000000
tracking_cdrone3_20260822_201250_360_milestone4,milestone4,1787454849.974757910,target_map,6,13,0,detected,7.031736,-6.072573,3.609722,1.321609,-0.294042,-2.706846,0.824014,16.907255,1196.250,0,0.008087,0.000000,0.152831,0.352022
tracking_cdrone3_20260822_201250_360_milestone4,milestone4,1787454850.074888945,target_map,6,13,0,detected,7.164057,-6.102013,3.338709,1.321609,-0.294042,-2.706846,0.803347,16.907255,1196.250,0,0.108209,0.000000,0.187873,0.377052
tracking_cdrone3_20260822_201250_360_milestone4,milestone4,1787454850.175348997,target_map,6,13,0,detected,7.296706,-6.131526,3.067024,1.321609,-0.294042,-2.706846,0.782629,16.907255,1196.250,0,0.208578,0.000000,0.223002,0.402145
tracking_cdrone3_20260822_201250_360_milestone4,milestone4,1787454850.274695396,target_map,6,13,2,predicted,7.428138,-6.160768,2.797833,1.321609,-0.294042,-2.706846,0.762101,16.907255,1196.250,0,0.308026,0.308026,0.257809,0.427007
tracking_cdrone3_20260822_201250_360_milestone4,milestone4,1787454850.279429674,raw,13,13,0,detected,5.152397,-5.209011,3.152364,-5.916591,2.726713,-1.517416,0.584961,14.665244,969.000,1,0.000000,0.000000,0.000000,0.000000
tracking_cdrone3_20260822_201250_360_milestone4,milestone4,1787454850.375034809,target_map,6,13,0,detected,4.909292,-5.084015,2.964723,-2.659401,1.367373,-2.052660,0.571593,14.665244,969.000,1,0.091413,0.000000,0.181995,0.372853
tracking_cdrone3_20260822_201250_360_milestone4,milestone4,1787454850.475140333,target_map,6,13,0,detected,4.643090,-4.947143,2.759256,-2.659401,1.367373,-2.052660,0.556954,14.665244,969.000,1,0.191512,0.000000,0.217029,0.397878
tracking_cdrone3_20260822_201250_360_milestone4,milestone4,1787454850.575008392,target_map,6,13,2,predicted,4.377472,-4.810571,2.554238,-2.659401,1.367373,-2.052660,0.542348,14.665244,969.000,1,0.291391,0.291391,0.251987,0.422848
tracking_cdrone3_20260822_201250_360_milestone4,milestone4,1787454850.601015568,raw,13,13,0,detected,7.315495,-5.098028,4.572755,6.726442,0.345117,4.416893,0.664551,16.834589,1476.750,0,0.000000,0.000000,0.000000,0.000000
tracking_cdrone3_20260822_201250_360_milestone4,milestone4,1787454850.674880743,target_map,6,13,0,detected,7.491673,-5.040873,4.678638,2.477834,0.803851,1.489192,0.652738,16.834589,1476.750,0,0.071101,0.000000,0.174885,0.367775
tracking_cdrone3_20260822_201250_360_milestone4,milestone4,1787454850.775103569,target_map,6,13,0,detected,7.740003,-4.960310,4.827887,2.477834,0.803851,1.489192,0.636088,16.834589,1476.750,0,0.171322,0.000000,0.209963,0.392831
tracking_cdrone3_20260822_201250_360_milestone4,milestone4,1787454850.875062227,target_map,6,13,2,predicted,7.987689,-4.879957,4.976747,2.477834,0.803851,1.489192,0.619480,16.834589,1476.750,0,0.271283,0.271283,0.244949,0.417821
tracking_cdrone3_20260822_201250_360_milestone4,milestone4,1787454850.950980186,raw,13,13,0,detected,9.073222,-5.493905,3.813135,5.022609,-1.131196,-2.170573,0.745117,18.420122,1120.000,0,0.000000,0.000000,0.000000,0.000000
tracking_cdrone3_20260822_201250_360_milestone4,milestone4,1787454850.981072426,target_map,6,13,0,detected,9.134526,-5.498022,3.804855,3.877460,-0.260425,-0.523678,0.742172,18.420122,1120.000,0,0.015810,0.000000,0.155534,0.353953
tracking_cdrone3_20260822_201250_360_milestone4,milestone4,1787454851.075044394,target_map,6,13,0,detected,9.498914,-5.522496,3.755642,3.877460,-0.260425,-0.523678,0.724666,18.420122,1120.000,0,0.109786,0.000000,0.188425,0.377447
tracking_cdrone3_20260822_201250_360_milestone4,milestone4,1787454851.175100088,target_map,6,13,0,detected,9.886847,-5.548551,3.703249,3.877460,-0.260425,-0.523678,0.706029,18.420122,1120.000,0,0.209834,0.000000,0.223442,0.402459
tracking_cdrone3_20260822_201250_360_milestone4,milestone4,1787454851.274890184,target_map,6,13,2,predicted,10.273782,-5.574539,3.650990,3.877460,-0.260425,-0.523678,0.687440,18.420122,1120.000,0,0.309625,0.309625,0.258369,0.427406
tracking_cdrone3_20260822_201250_360_milestone4,milestone4,1787454851.331748962,raw,13,13,0,detected,-8.624632,-1.926942,1.885675,-46.478832,9.367702,-5.061973,0.745117,0.019350,1120.000,1,0.000000,0.000000,0.000000,0.000000
tracking_cdrone3_20260822_201250_360_milestone4,milestone4,1787454851.374975204,target_map,6,13,0,detected,-8.706592,-1.902870,1.863035,-2.544036,0.747225,-0.702755,0.739116,0.019350,1120.000,1,0.032216,0.000000,0.161276,0.358054
tracking_cdrone3_20260822_201250_360_milestone4,milestone4,1787454851.475067139,target_map,6,13,0,detected,-8.961226,-1.828079,1.792696,-2.544036,0.747225,-0.702755,0.720471,0.019350,1120.000,1,0.132307,0.000000,0.196307,0.383077
tracking_cdrone3_20260822_201250_360_milestone4,milestone4,1787454851.575141907,target_map,6,13,0,detected,-9.215784,-1.753311,1.722378,-2.544036,0.747225,-0.702755,0.701832,0.019350,1120.000,1,0.232368,0.000000,0.231329,0.408092
tracking_cdrone3_20260822_201250_360_milestone4,milestone4,1787454851.623593807,raw,13,13,1,held,-8.789923,-1.955941,1.836819,-0.566378,-0.099365,-0.167409,0.745117,0.230766,1120.000,1,0.291839,0.291839,0.000000,0.000000
tracking_cdrone3_20260822_201250_360_milestone4,milestone4,1787454851.674858809,target_map,6,13,1,held,-8.858470,-1.942686,1.817600,-1.456324,0.281601,-0.408315,0.681986,0.230766,1120.000,1,0.338908,0.000000,0.166474,0.361767
tracking_cdrone3_20260822_201250_360_milestone4,milestone4,1787454851.775116444,target_map,6,13,1,held,-9.004448,-1.914459,1.776672,-1.456324,0.281601,-0.408315,0.663314,0.230766,1120.000,1,0.439145,0.000000,0.201557,0.386827
tracking_cdrone3_20260822_201250_360_milestone4,milestone4,1787454851.875053644,target_map,6,13,1,held,-9.150006,-1.886314,1.735861,-1.456324,0.281601,-0.408315,0.644695,0.230766,1120.000,1,0.539094,0.000000,0.236539,0.411814
tracking_cdrone3_20260822_201250_360_milestone4,milestone4,1787454851.974901676,target_map,6,13,2,predicted,-9.295412,-1.858198,1.695093,-1.456324,0.281601,-0.408315,0.626096,0.230766,1120.000,1,0.638938,0.638938,0.271485,0.436775
tracking_cdrone3_20260822_201250_360_milestone4,milestone4,1787454852.074917555,target_map,6,13,2,predicted,-9.441074,-1.830032,1.654253,-1.456324,0.281601,-0.408315,0.607464,0.230766,1120.000,1,0.738959,0.738959,0.306492,0.461780
tracking_cdrone3_20260822_201250_360_milestone4,milestone4,1787454852.175225258,target_map,6,13,2,predicted,-9.587145,-1.801787,1.613299,-1.456324,0.281601,-0.408315,0.588780,0.230766,1120.000,1,0.839260,0.839260,0.341597,0.486855
tracking_cdrone3_20260822_201250_360_milestone4,milestone4,1787454852.274948597,target_map,6,13,2,predicted,-9.732371,-1.773705,1.572581,-1.456324,0.281601,-0.408315,0.570204,0.230766,1120.000,1,0.938981,0.938981,0.376500,0.511786
tracking_cdrone3_20260822_201250_360_milestone4,milestone4,1787454852.303103924,raw,13,13,0,detected,-8.296878,-2.153168,1.879262,0.000000,0.000000,0.000000,0.790527,0.019500,424.000,0,0.000000,0.000000,0.000000,0.000000
tracking_cdrone3_20260822_201250_360_milestone4,milestone4,1787454852.374835491,target_map,6,13,0,detected,-8.285055,-2.159148,1.879104,0.184024,-0.093081,-0.002462,0.777831,0.019500,424.000,0,0.064243,0.000000,0.172485,0.366061
tracking_cdrone3_20260822_201250_360_milestone4,milestone4,1787454852.475430250,target_map,6,13,0,detected,-8.266544,-2.168511,1.878857,0.184024,-0.093081,-0.002462,0.757951,0.019500,424.000,0,0.164834,0.000000,0.207692,0.391208
tracking_cdrone3_20260822_201250_360_milestone4,milestone4,1787454852.575152159,target_map,6,13,2,predicted,-8.248195,-2.177793,1.878611,0.184024,-0.093081,-0.002462,0.738244,0.019500,424.000,0,0.264550,0.264550,0.242592,0.416137
tracking_cdrone3_20260822_201250_360_milestone4,milestone4,1787454852.598493814,raw,13,13,0,detected,-8.269054,-2.172018,1.859464,0.094192,-0.063813,-0.067026,0.566895,0.019176,682.500,0,0.000000,0.000000,0.000000,0.000000
tracking_cdrone3_20260822_201250_360_milestone4,milestone4,1787454852.675330639,target_map,6,13,0,detected,-8.259059,-2.177734,1.856645,0.134617,-0.076984,-0.037972,0.556371,0.019176,682.500,0,0.074254,0.000000,0.175989,0.368564
tracking_cdrone3_20260822_201250_360_milestone4,milestone4,1787454852.775090933,target_map,6,13,0,detected,-8.245630,-2.185414,1.852857,0.134617,-0.076984,-0.037972,0.542233,0.019176,682.500,0,0.174009,0.000000,0.210903,0.393502
tracking_cdrone3_20260822_201250_360_milestone4,milestone4,1787454852.858864546,raw,13,13,0,detected,-8.237903,-2.198346,1.826973,0.119644,-0.101119,-0.124785,0.603027,0.019125,1083.750,0,0.000000,0.000000,0.000000,0.000000
tracking_cdrone3_20260822_201250_360_milestone4,milestone4,1787454852.876024485,target_map,6,13,0,detected,-8.236385,-2.199430,1.825945,0.126382,-0.090258,-0.085719,0.601218,0.019125,1083.750,0,0.012002,0.000000,0.154201,0.353000
tracking_cdrone3_20260822_201250_360_milestone4,milestone4,1787454852.975098372,target_map,6,13,0,detected,-8.223867,-2.208370,1.817454,0.126382,-0.090258,-0.085719,0.586285,0.019125,1083.750,0,0.111056,0.000000,0.188870,0.377764
tracking_cdrone3_20260822_201250_360_milestone4,milestone4,1787454853.075104237,target_map,6,13,0,detected,-8.211231,-2.217394,1.808883,0.126382,-0.090258,-0.085719,0.571212,0.019125,1083.750,0,0.211040,0.000000,0.223864,0.402760
tracking_cdrone3_20260822_201250_360_milestone4,milestone4,1787454853.163354874,raw,13,13,0,detected,-8.215119,-2.228358,1.777703,0.074823,-0.098561,-0.161811,0.810059,0.018810,963.000,0,0.000000,0.000000,0.000000,0.000000
tracking_cdrone3_20260822_201250_360_milestone4,milestone4,1787454853.175028086,target_map,6,13,0,detected,-8.214242,-2.229207,1.776561,0.098025,-0.094825,-0.127570,0.808246,0.018810,963.000,0,0.008952,0.000000,0.153133,0.352238
tracking_cdrone3_20260822_201250_360_milestone4,milestone4,1787454853.275301933,target_map,6,13,0,detected,-8.204413,-2.238715,1.763769,0.098025,-0.094825,-0.127570,0.787940,0.018810,963.000,0,0.109222,0.000000,0.188228,0.377305
tracking_cdrone3_20260822_201250_360_milestone4,milestone4,1787454853.375050306,target_map,6,13,0,detected,-8.194635,-2.248173,1.751045,0.098025,-0.094825,-0.127570,0.767739,0.018810,963.000,0,0.208969,0.000000,0.223139,0.402242
tracking_cdrone3_20260822_201250_360_milestone4,milestone4,1787454853.473283529,raw,13,13,0,detected,-8.208566,-2.240953,1.753536,0.021144,-0.040642,-0.077976,0.853516,0.019944,816.500,0,0.000000,0.000000,0.000000,0.000000
tracking_cdrone3_20260822_201250_360_milestone4,milestone4,1787454853.475336790,target_map,6,13,2,predicted,-8.184805,-2.257683,1.738251,0.098025,-0.094825,-0.127570,0.747430,0.018810,963.000,0,0.309253,0.309253,0.258239,0.427313
tracking_cdrone3_20260822_201250_360_milestone4,milestone4,1787454853.576107502,target_map,6,13,0,detected,-8.203259,-2.247145,1.743986,0.055740,-0.065024,-0.100293,0.833198,0.019944,816.500,0,0.095219,0.000000,0.183327,0.373805
tracking_cdrone3_20260822_201250_360_milestone4,milestone4,1787454853.674887419,target_map,6,13,0,detected,-8.197752,-2.253568,1.734079,0.055740,-0.065024,-0.100293,0.812120,0.019944,816.500,0,0.194002,0.000000,0.217901,0.398501
tracking_cdrone3_20260822_201250_360_milestone4,milestone4,1787454853.746197462,raw,13,13,0,detected,-8.206802,-2.246273,1.735870,0.006464,-0.019490,-0.064731,0.444336,0.020145,691.875,0,0.000000,0.000000,0.000000,0.000000
tracking_cdrone3_20260822_201250_360_milestone4,milestone4,1787454853.775053501,target_map,6,13,0,detected,-8.206057,-2.247313,1.733768,0.028638,-0.039980,-0.080734,0.441444,0.020145,691.875,0,0.026036,0.000000,0.159113,0.356509
tracking_cdrone3_20260822_201250_360_milestone4,milestone4,1787454853.874830723,target_map,6,13,0,detected,-8.203199,-2.251302,1.725713,0.028638,-0.039980,-0.080734,0.430360,0.020145,691.875,0,0.125812,0.000000,0.194034,0.381453
tracking_cdrone3_20260822_201250_360_milestone4,milestone4,1787454853.975087643,target_map,6,13,0,detected,-8.200329,-2.255311,1.717620,0.028638,-0.039980,-0.080734,0.419224,0.020145,691.875,0,0.226059,0.000000,0.229121,0.406515
tracking_cdrone3_20260822_201250_360_milestone4,milestone4,1787454854.046560764,raw,13,13,1,held,-8.203584,-2.247697,1.709113,0.010713,-0.004741,-0.089079,0.444336,0.020384,691.875,0,0.300372,0.300372,0.000000,0.000000
tracking_cdrone3_20260822_201250_360_milestone4,milestone4,1787454854.078025341,target_map,6,13,1,held,-8.203157,-2.248164,1.707178,0.018779,-0.020599,-0.085324,0.408449,0.020384,691.875,0,0.323060,0.000000,0.157941,0.355672
tracking_cdrone3_20260822_201250_360_milestone4,milestone4,1787454854.176254511,target_map,6,13,1,held,-8.201313,-2.250187,1.698797,0.018779,-0.020599,-0.085324,0.397538,0.020384,691.875,0,0.421285,0.000000,0.192320,0.380228
tracking_cdrone3_20260822_201250_360_milestone4,milestone4,1787454854.274974823,target_map,6,13,1,held,-8.199459,-2.252220,1.690375,0.018779,-0.020599,-0.085324,0.386574,0.020384,691.875,0,0.519987,0.000000,0.226865,0.404904
tracking_cdrone3_20260822_201250_360_milestone4,milestone4,1787454854.323995113,raw,13,13,0,detected,-8.222263,-2.242862,1.689979,-0.067307,0.017423,-0.068946,0.804199,0.020259,568.875,0,0.000000,0.000000,0.000000,0.000000
tracking_cdrone3_20260822_201250_360_milestone4,milestone4,1787454854.375069857,target_map,6,13,0,detected,-8.223584,-2.242847,1.686451,-0.028568,0.000313,-0.076316,0.794905,0.020259,568.875,0,0.046231,0.000000,0.166181,0.361558
tracking_cdrone3_20260822_201250_360_milestone4,milestone4,1787454854.475591898,target_map,6,13,0,detected,-8.226456,-2.242815,1.678779,-0.028568,0.000313,-0.076316,0.774693,0.020259,568.875,0,0.146759,0.000000,0.201366,0.386690
tracking_cdrone3_20260822_201250_360_milestone4,milestone4,1787454854.575437069,target_map,6,13,0,detected,-8.229308,-2.242784,1.671161,-0.028568,0.000313,-0.076316,0.754623,0.020259,568.875,0,0.246584,0.000000,0.236305,0.411646
tracking_cdrone3_20260822_201250_360_milestone4,milestone4,1787454854.627975702,raw,13,13,0,detected,-8.232183,-2.238357,1.684072,-0.032643,0.014822,-0.019438,0.812500,0.019805,533.812,0,0.000000,0.000000,0.000000,0.000000
tracking_cdrone3_20260822_201250_360_milestone4,milestone4,1787454854.675049543,target_map,6,13,0,detected,-8.233541,-2.237992,1.682088,-0.030809,0.008293,-0.045033,0.803549,0.019805,533.812,0,0.044066,0.000000,0.165423,0.361016
tracking_cdrone3_20260822_201250_360_milestone4,milestone4,1787454854.775037527,target_map,6,13,0,detected,-8.236622,-2.237163,1.677584,-0.030809,0.008293,-0.045033,0.783235,0.019805,533.812,0,0.144072,0.000000,0.200425,0.386018
tracking_cdrone3_20260822_201250_360_milestone4,milestone4,1787454854.875213146,target_map,6,13,0,detected,-8.239709,-2.236332,1.673073,-0.030809,0.008293,-0.045033,0.762886,0.019805,533.812,0,0.244251,0.000000,0.235488,0.411063
tracking_cdrone3_20260822_201250_360_milestone4,milestone4,1787454854.881301165,raw,13,13,0,detected,-8.258445,-2.225829,1.674871,-0.103671,0.049456,-0.036325,0.770996,0.009146,515.562,0,0.000000,0.000000,0.000000,0.000000
tracking_cdrone3_20260822_201250_360_milestone4,milestone4,1787454854.975101471,target_map,6,13,0,detected,-8.264559,-2.223161,1.671400,-0.070883,0.030933,-0.040244,0.754371,0.009146,515.562,0,0.086253,0.000000,0.180189,0.371563
tracking_cdrone3_20260822_201250_360_milestone4,milestone4,1787454855.076712847,target_map,6,13,0,detected,-8.271761,-2.220018,1.667311,-0.070883,0.030933,-0.040244,0.734787,0.009146,515.562,0,0.187857,0.000000,0.215750,0.396964
tracking_cdrone3_20260822_201250_360_milestone4,milestone4,1787454855.141009808,raw,13,13,0,detected,-8.263971,-2.201796,1.665125,-0.021279,0.092534,-0.037526,0.699219,0.020006,466.125,0,0.000000,0.000000,0.000000,0.000000
tracking_cdrone3_20260822_201250_360_milestone4,milestone4,1787454855.174962044,target_map,6,13,0,detected,-8.265055,-2.200185,1.664161,-0.043601,0.064814,-0.038749,0.694874,0.020006,466.125,0,0.024856,0.000000,0.158700,0.356214
tracking_cdrone3_20260822_201250_360_milestone4,milestone4,1787454855.274873257,target_map,6,13,0,detected,-8.269411,-2.193710,1.660290,-0.043601,0.064814,-0.038749,0.677409,0.020006,466.125,0,0.124769,0.000000,0.193669,0.381192
tracking_cdrone3_20260822_201250_360_milestone4,milestone4,1787454855.369067192,raw,13,13,0,detected,-8.283677,-2.172338,1.654937,-0.086409,0.129175,-0.044673,0.778809,0.012047,585.750,0,0.000000,0.000000,0.000000,0.000000
tracking_cdrone3_20260822_201250_360_milestone4,milestone4,1787454855.374898195,target_map,6,13,0,detected,-8.283826,-2.172116,1.654844,-0.067146,0.100212,-0.042007,0.778377,0.012047,585.750,0,0.002216,0.000000,0.150776,0.350554
tracking_cdrone3_20260822_201250_360_milestone4,milestone4,1787454855.475056887,target_map,6,13,0,detected,-8.290549,-2.162081,1.650637,-0.067146,0.100212,-0.042007,0.758881,0.012047,585.750,0,0.102350,0.000000,0.185823,0.375588
tracking_cdrone3_20260822_201250_360_milestone4,milestone4,1787454855.575049877,target_map,6,13,0,detected,-8.297265,-2.152059,1.646436,-0.067146,0.100212,-0.042007,0.739408,0.012047,585.750,0,0.202361,0.000000,0.220826,0.400590
tracking_cdrone3_20260822_201250_360_milestone4,milestone4,1787454855.620434761,raw,13,13,0,detected,-8.283183,-2.159172,1.655612,0.001963,0.052378,0.002684,0.547363,0.019949,515.562,0,0.000000,0.000000,0.000000,0.000000
tracking_cdrone3_20260822_201250_360_milestone4,milestone4,1787454855.674968958,target_map,6,13,0,detected,-8.284522,-2.155776,1.654811,-0.029136,0.073903,-0.017427,0.541077,0.019949,515.562,0,0.045942,0.000000,0.166080,0.361486
tracking_cdrone3_20260822_201250_360_milestone4,milestone4,1787454855.774897814,target_map,6,13,0,detected,-8.287434,-2.148391,1.653069,-0.029136,0.073903,-0.017427,0.527402,0.019949,515.562,0,0.145872,0.000000,0.201055,0.386468
tracking_cdrone3_20260822_201250_360_milestone4,milestone4,1787454855.867792606,raw,13,13,0,detected,-8.292047,-2.146505,1.655805,-0.035831,0.051205,0.000784,0.785645,0.018239,599.625,0,0.000000,0.000000,0.000000,0.000000
tracking_cdrone3_20260822_201250_360_milestone4,milestone4,1787454855.874810457,target_map,6,13,0,detected,-8.292177,-2.146261,1.655776,-0.032818,0.061419,-0.007411,0.784862,0.018239,599.625,0,0.003983,0.000000,0.151394,0.350996
tracking_cdrone3_20260822_201250_360_milestone4,milestone4,1787454855.977352381,target_map,6,13,0,detected,-8.295543,-2.139963,1.655016,-0.032818,0.061419,-0.007411,0.764722,0.018239,599.625,0,0.106522,0.000000,0.187283,0.376631
tracking_cdrone3_20260822_201250_360_milestone4,milestone4,1787454856.075132608,target_map,6,13,0,detected,-8.298751,-2.133958,1.654291,-0.032818,0.061419,-0.007411,0.745519,0.018239,599.625,0,0.204295,0.000000,0.221503,0.401074
tracking_cdrone3_20260822_201250_360_milestone4,milestone4,1787454856.120388746,raw,13,13,0,detected,-8.308395,-2.130489,1.653943,-0.064722,0.063407,-0.007372,0.785156,0.011545,651.750,0,0.000000,0.000000,0.000000,0.000000
tracking_cdrone3_20260822_201250_360_milestone4,milestone4,1787454856.174916744,target_map,6,13,0,detected,-8.310908,-2.127370,1.653575,-0.050365,0.062513,-0.007390,0.775361,0.011545,651.750,0,0.049903,0.000000,0.167466,0.362476
tracking_cdrone3_20260822_201250_360_milestone4,milestone4,1787454856.274863243,target_map,6,13,0,detected,-8.315943,-2.121122,1.652836,-0.050365,0.062513,-0.007390,0.755744,0.011545,651.750,0,0.149844,0.000000,0.202445,0.387461
tracking_cdrone3_20260822_201250_360_milestone4,milestone4,1787454856.375044107,target_map,6,13,2,predicted,-8.320988,-2.114860,1.652096,-0.050365,0.062513,-0.007390,0.736081,0.011545,651.750,0,0.250017,0.250017,0.237506,0.412504
tracking_cdrone3_20260822_201250_360_milestone4,milestone4,1787454856.395880222,raw,13,13,0,detected,-8.324214,-2.111442,1.654589,-0.057421,0.069139,0.002343,0.801270,0.009748,452.250,0,0.000000,0.000000,0.000000,0.000000
tracking_cdrone3_20260822_201250_360_milestone4,milestone4,1787454856.474930286,target_map,6,13,0,detected,-8.328321,-2.106433,1.654435,-0.054246,0.066157,-0.002037,0.786102,0.009748,452.250,0,0.075719,0.000000,0.176502,0.368930
tracking_cdrone3_20260822_201250_360_milestone4,milestone4,1787454856.574989080,target_map,6,13,0,detected,-8.333749,-2.099813,1.654231,-0.054246,0.066157,-0.002037,0.766058,0.009748,452.250,0,0.175777,0.000000,0.211522,0.393944
tracking_cdrone3_20260822_201250_360_milestone4,milestone4,1787454856.636665583,raw,13,13,0,detected,-8.350484,-2.083863,1.655238,-0.109102,0.114540,0.002696,0.724121,0.010470,350.750,0,0.000000,0.000000,0.000000,0.000000
tracking_cdrone3_20260822_201250_360_milestone4,milestone4,1787454856.677206039,target_map,6,13,0,detected,-8.353460,-2.080592,1.655258,-0.084417,0.092768,0.000566,0.717738,0.010470,350.750,0,0.035258,0.000000,0.162340,0.358814
tracking_cdrone3_20260822_201250_360_milestone4,milestone4,1787454856.774949789,target_map,6,13,0,detected,-8.361711,-2.071525,1.655313,-0.084417,0.092768,0.000566,0.700045,0.010470,350.750,0,0.132996,0.000000,0.196549,0.383249
tracking_cdrone3_20260822_201250_360_milestone4,milestone4,1787454856.868242741,raw,13,13,0,detected,-8.360990,-2.075104,1.657812,-0.045362,0.037821,0.011113,0.778320,0.011758,430.625,0,0.000000,0.000000,0.000000,0.000000
tracking_cdrone3_20260822_201250_360_milestone4,milestone4,1787454856.874926567,target_map,6,13,0,detected,-8.361225,-2.074870,1.657835,-0.062937,0.062547,0.006367,0.777592,0.011758,430.625,0,0.003742,0.000000,0.151310,0.350936
tracking_cdrone3_20260822_201250_360_milestone4,milestone4,1787454856.974954605,target_map,6,13,0,detected,-8.367521,-2.068613,1.658472,-0.062937,0.062547,0.006367,0.758128,0.011758,430.625,0,0.103775,0.000000,0.186321,0.375944
tracking_cdrone3_20260822_201250_360_milestone4,milestone4,1787454857.075074911,target_map,6,13,0,detected,-8.373821,-2.062352,1.659110,-0.062937,0.062547,0.006367,0.738649,0.011758,430.625,0,0.203882,0.000000,0.221359,0.400971
tracking_cdrone3_20260822_201250_360_milestone4,milestone4,1787454857.142317533,raw,13,13,0,detected,-8.366757,-2.063896,1.660302,-0.021045,0.040891,0.009086,0.786621,0.019700,573.500,0,0.000000,0.000000,0.000000,0.000000
tracking_cdrone3_20260822_201250_360_milestone4,milestone4,1787454857.174947500,target_map,6,13,0,detected,-8.367911,-2.062431,1.660529,-0.039896,0.050636,0.007862,0.780932,0.019700,573.500,0,0.028928,0.000000,0.160125,0.357232
tracking_cdrone3_20260822_201250_360_milestone4,milestone4,1787454857.274998665,target_map,6,13,0,detected,-8.371902,-2.057366,1.661316,-0.039896,0.050636,0.007862,0.761258,0.019700,573.500,0,0.128971,0.000000,0.195140,0.382243
tracking_cdrone3_20260822_201250_360_milestone4,milestone4,1787454857.375173330,target_map,6,13,0,detected,-8.375899,-2.052293,1.662103,-0.039896,0.050636,0.007862,0.741558,0.019700,573.500,0,0.229145,0.000000,0.230201,0.407286
tracking_cdrone3_20260822_201250_360_milestone4,milestone4,1787454857.390099287,raw,13,13,0,detected,-8.380877,-2.051347,1.662858,-0.056975,0.050637,0.010315,0.801758,0.018760,658.750,0,0.000000,0.000000,0.000000,0.000000
tracking_cdrone3_20260822_201250_360_milestone4,milestone4,1787454857.475023746,target_map,6,13,0,detected,-8.384547,-2.047577,1.663544,-0.049290,0.050636,0.009211,0.786836,0.018760,658.750,0,0.074447,0.000000,0.176057,0.368612
tracking_cdrone3_20260822_201250_360_milestone4,milestone4,1787454857.574975014,target_map,6,13,0,detected,-8.389473,-2.042517,1.664464,-0.049290,0.050636,0.009211,0.766803,0.018760,658.750,0,0.174389,0.000000,0.211036,0.393597
tracking_cdrone3_20260822_201250_360_milestone4,milestone4,1787454857.639911413,raw,13,13,0,detected,-8.391516,-2.035875,1.667512,-0.042599,0.061953,0.018635,0.581055,0.018453,644.875,0,0.000000,0.000000,0.000000,0.000000
tracking_cdrone3_20260822_201250_360_milestone4,milestone4,1787454857.676359892,target_map,6,13,0,detected,-8.393085,-2.033918,1.668007,-0.045610,0.056861,0.014394,0.576056,0.018453,644.875,0,0.034412,0.000000,0.162044,0.358603
tracking_cdrone3_20260822_201250_360_milestone4,milestone4,1787454857.775080442,target_map,6,13,0,detected,-8.397588,-2.028305,1.669428,-0.045610,0.056861,0.014394,0.561715,0.018453,644.875,0,0.133136,0.000000,0.196598,0.383284
tracking_cdrone3_20260822_201250_360_milestone4,milestone4,1787454857.875162363,target_map,6,13,0,detected,-8.402151,-2.022616,1.670869,-0.045610,0.056861,0.014394,0.547181,0.018453,644.875,0,0.233188,0.000000,0.231616,0.408297
tracking_cdrone3_20260822_201250_360_milestone4,milestone4,1787454857.885576248,raw,13,13,0,detected,-8.400009,-2.026313,1.670339,-0.034574,0.038925,0.011506,0.773438,0.015207,678.375,0,0.000000,0.000000,0.000000,0.000000
tracking_cdrone3_20260822_201250_360_milestone4,milestone4,1787454857.974907398,target_map,6,13,0,detected,-8.403322,-2.022375,1.671412,-0.039540,0.046996,0.012806,0.757237,0.015207,678.375,0,0.083784,0.000000,0.179324,0.370946
tracking_cdrone3_20260822_201250_360_milestone4,milestone4,1787454858.075051785,target_map,6,13,0,detected,-8.407281,-2.017670,1.672694,-0.039540,0.046996,0.012806,0.737876,0.015207,678.375,0,0.183914,0.000000,0.214370,0.395979
tracking_cdrone3_20260822_201250_360_milestone4,milestone4,1787454858.146488190,raw,13,13,0,detected,-8.407043,-2.022035,1.672407,-0.026955,0.016394,0.007927,0.805176,0.011605,577.500,0,0.000000,0.000000,0.000000,0.000000
tracking_cdrone3_20260822_201250_360_milestone4,milestone4,1787454858.174969196,target_map,6,13,0,detected,-8.407883,-2.021258,1.672668,-0.032618,0.030165,0.010122,0.799988,0.011605,577.500,0,0.025772,0.000000,0.159020,0.356443
tracking_cdrone3_20260822_201250_360_milestone4,milestone4,1787454858.275007963,target_map,6,13,0,detected,-8.411146,-2.018240,1.673680,-0.032618,0.030165,0.010122,0.779852,0.011605,577.500,0,0.125806,0.000000,0.194032,0.381451
tracking_cdrone3_20260822_201250_360_milestone4,milestone4,1787454858.374914408,target_map,6,13,0,detected,-8.414405,-2.015227,1.674692,-0.032618,0.030165,0.010122,0.759742,0.011605,577.500,0,0.225708,0.000000,0.228998,0.406427
tracking_cdrone3_20260822_201250_360_milestone4,milestone4,1787454858.393117905,raw,13,13,0,detected,-8.415866,-2.013007,1.676664,-0.035776,0.036608,0.017260,0.770996,0.009908,459.000,0,0.000000,0.000000,0.000000,0.000000
tracking_cdrone3_20260822_201250_360_milestone4,milestone4,1787454858.474811316,target_map,6,13,0,detected,-8.418513,-2.010409,1.677746,-0.034355,0.033709,0.014048,0.756141,0.009908,459.000,0,0.077071,0.000000,0.176975,0.369268
tracking_cdrone3_20260822_201250_360_milestone4,milestone4,1787454858.574915409,target_map,6,13,0,detected,-8.421953,-2.007035,1.679152,-0.034355,0.033709,0.014048,0.736846,0.009908,459.000,0,0.177174,0.000000,0.212011,0.394294
tracking_cdrone3_20260822_201250_360_milestone4,milestone4,1787454858.644903183,raw,13,13,0,detected,-8.413149,-2.001632,1.681258,0.010793,0.045177,0.018247,0.786621,0.019564,547.500,0,0.000000,0.000000,0.000000,0.000000
tracking_cdrone3_20260822_201250_360_milestone4,milestone4,1787454858.679707050,target_map,6,13,0,detected,-8.413455,-2.000346,1.681783,-0.009524,0.040016,0.016357,0.780303,0.019564,547.500,0,0.032126,0.000000,0.161244,0.358031
tracking_cdrone3_20260822_201250_360_milestone4,milestone4,1787454858.774943352,target_map,6,13,0,detected,-8.414361,-1.996539,1.683340,-0.009524,0.040016,0.016357,0.761592,0.019564,547.500,0,0.127273,0.000000,0.194545,0.381818
tracking_cdrone3_20260822_201250_360_milestone4,milestone4,1787454858.875208139,target_map,6,13,0,detected,-8.415317,-1.992522,1.684982,-0.009524,0.040016,0.016357,0.741853,0.019564,547.500,0,0.227649,0.000000,0.229677,0.406912
tracking_cdrone3_20260822_201250_360_milestone4,milestone4,1787454858.905802250,raw,13,13,0,detected,-8.430732,-1.981244,1.683126,-0.067396,0.078143,0.007161,0.801270,0.010369,523.625,0,0.000000,0.000000,0.000000,0.000000
tracking_cdrone3_20260822_201250_360_milestone4,milestone4,1787454858.974983692,target_map,6,13,0,detected,-8.433490,-1.977177,1.683880,-0.041353,0.060986,0.011299,0.787911,0.010369,523.625,0,0.066687,0.000000,0.173340,0.366672
tracking_cdrone3_20260822_201250_360_milestone4,milestone4,1787454859.074980259,target_map,6,13,0,detected,-8.437625,-1.971079,1.685009,-0.041353,0.060986,0.011299,0.767880,0.010369,523.625,0,0.166685,0.000000,0.208340,0.391671
tracking_cdrone3_20260822_201250_360_milestone4,milestone4,1787454859.163902044,raw,13,13,0,detected,-8.426203,-1.967016,1.687325,0.017546,0.055126,0.016269,0.787598,0.019978,523.625,0,0.000000,0.000000,0.000000,0.000000
tracking_cdrone3_20260822_201250_360_milestone4,milestone4,1787454859.175399065,target_map,6,13,0,detected,-8.426258,-1.966659,1.687412,-0.008959,0.057763,0.014032,0.786383,0.019978,523.625,0,0.006169,0.000000,0.152159,0.351542
tracking_cdrone3_20260822_201250_360_milestone4,milestone4,1787454859.274964571,target_map,6,13,0,detected,-8.427150,-1.960908,1.688809,-0.008959,0.057763,0.014032,0.766777,0.019978,523.625,0,0.105742,0.000000,0.187010,0.376436
tracking_cdrone3_20260822_201250_360_milestone4,milestone4,1787454859.375270605,target_map,6,13,0,detected,-8.428048,-1.955114,1.690216,-0.008959,0.057763,0.014032,0.747029,0.019978,523.625,0,0.206037,0.000000,0.222113,0.401509
tracking_cdrone3_20260822_201250_360_milestone4,milestone4,1787454859.415940285,raw,13,13,0,detected,-8.437640,-1.958138,1.687286,-0.045382,0.035224,-0.000156,0.770020,0.010551,459.000,0,0.000000,0.000000,0.000000,0.000000
tracking_cdrone3_20260822_201250_360_milestone4,milestone4,1787454859.474984169,target_map,6,13,0,detected,-8.439169,-1.955746,1.687614,-0.028991,0.045366,0.006229,0.759867,0.010551,459.000,0,0.052738,0.000000,0.168458,0.363185
tracking_cdrone3_20260822_201250_360_milestone4,milestone4,1787454859.575006247,target_map,6,13,0,detected,-8.442069,-1.951208,1.688237,-0.028991,0.045366,0.006229,0.740613,0.010551,459.000,0,0.152755,0.000000,0.203464,0.388189
tracking_cdrone3_20260822_201250_360_milestone4,milestone4,1787454859.664022684,raw,13,13,0,detected,-8.432509,-1.944013,1.689248,0.020683,0.056936,0.007908,0.729004,0.018845,551.000,0,0.000000,0.000000,0.000000,0.000000
tracking_cdrone3_20260822_201250_360_milestone4,milestone4,1787454859.676031113,target_map,6,13,0,detected,-8.432523,-1.943589,1.689306,-0.001671,0.051730,0.007152,0.727509,0.018845,551.000,0,0.008200,0.000000,0.152870,0.352050
tracking_cdrone3_20260822_201250_360_milestone4,milestone4,1787454859.774911404,target_map,6,13,0,detected,-8.432689,-1.938474,1.690014,-0.001671,0.051730,0.007152,0.709489,0.018845,551.000,0,0.107077,0.000000,0.187477,0.376769
tracking_cdrone3_20260822_201250_360_milestone4,milestone4,1787454859.874992609,target_map,6,13,0,detected,-8.432856,-1.933297,1.690729,-0.001671,0.051730,0.007152,0.691250,0.018845,551.000,0,0.207154,0.000000,0.222504,0.401789
tracking_cdrone3_20260822_201250_360_milestone4,milestone4,1787454859.920475960,raw,13,13,0,detected,-8.444586,-1.928576,1.690309,-0.047090,0.060197,0.004138,0.759277,0.010874,731.000,0,0.000000,0.000000,0.000000,0.000000
tracking_cdrone3_20260822_201250_360_milestone4,milestone4,1787454859.975666046,target_map,6,13,0,detected,-8.445969,-1.925649,1.690594,-0.026651,0.056387,0.005494,0.749426,0.010874,731.000,0,0.051899,0.000000,0.168165,0.362975
tracking_cdrone3_20260822_201250_360_milestone4,milestone4,1787454860.074908733,target_map,6,13,0,detected,-8.448614,-1.920054,1.691139,-0.026651,0.056387,0.005494,0.730588,0.010874,731.000,0,0.151138,0.000000,0.202898,0.387784
tracking_cdrone3_20260822_201250_360_milestone4,milestone4,1787454860.163160563,raw,13,13,0,detected,-8.437553,-1.924292,1.692994,0.028975,0.017651,0.011066,0.586914,0.018696,497.000,0,0.000000,0.000000,0.000000,0.000000
tracking_cdrone3_20260822_201250_360_milestone4,milestone4,1787454860.174949884,target_map,6,13,0,detected,-8.437518,-1.923977,1.693071,0.003943,0.035082,0.008559,0.585596,0.018696,497.000,0,0.008982,0.000000,0.153144,0.352246
tracking_cdrone3_20260822_201250_360_milestone4,milestone4,1787454860.275023699,target_map,6,13,0,detected,-8.437123,-1.920466,1.693928,0.003943,0.035082,0.008559,0.570912,0.018696,497.000,0,0.109057,0.000000,0.188170,0.377264
tracking_cdrone3_20260822_201250_360_milestone4,milestone4,1787454860.377077579,target_map,6,13,0,detected,-8.436721,-1.916886,1.694801,0.003943,0.035082,0.008559,0.555938,0.018696,497.000,0,0.211108,0.000000,0.223888,0.402777
tracking_cdrone3_20260822_201250_360_milestone4,milestone4,1787454860.422118902,raw,13,13,0,detected,-8.436220,-1.922521,1.693502,0.005148,0.006841,0.001959,0.583008,0.020022,496.875,0,0.000000,0.000000,0.000000,0.000000
tracking_cdrone3_20260822_201250_360_milestone4,milestone4,1787454860.474892616,target_map,6,13,0,detected,-8.435991,-1.921550,1.693747,0.004606,0.019549,0.004929,0.575768,0.020022,496.875,0,0.049674,0.000000,0.167386,0.362418
tracking_cdrone3_20260822_201250_360_milestone4,milestone4,1787454860.575114489,target_map,6,13,0,detected,-8.435530,-1.919591,1.694240,0.004606,0.019549,0.004929,0.561164,0.020022,496.875,0,0.149873,0.000000,0.202455,0.387468
tracking_cdrone3_20260822_201250_360_milestone4,milestone4,1787454860.675040245,target_map,6,13,0,detected,-8.435069,-1.917637,1.694733,0.004606,0.019549,0.004929,0.546597,0.020022,496.875,0,0.249812,0.000000,0.237434,0.412453
tracking_cdrone3_20260822_201250_360_milestone4,milestone4,1787454860.703226328,raw,13,13,0,detected,-8.437916,-1.912321,1.697612,-0.006032,0.036284,0.014621,0.718262,0.019502,756.500,0,0.000000,0.000000,0.000000,0.000000
tracking_cdrone3_20260822_201250_360_milestone4,milestone4,1787454860.775012970,target_map,6,13,0,detected,-8.438002,-1.910331,1.698322,-0.001245,0.028753,0.010260,0.705832,0.019502,756.500,0,0.069221,0.000000,0.174228,0.367305
tracking_cdrone3_20260822_201250_360_milestone4,milestone4,1787454860.874852896,target_map,6,13,0,detected,-8.438127,-1.907460,1.699346,-0.001245,0.028753,0.010260,0.687905,0.019502,756.500,0,0.169057,0.000000,0.209170,0.392264
tracking_cdrone3_20260822_201250_360_milestone4,milestone4,1787454860.961349010,raw,13,13,0,detected,-8.439671,-1.902599,1.701595,-0.006797,0.037661,0.015432,0.774414,0.019543,630.000,0,0.000000,0.000000,0.000000,0.000000
tracking_cdrone3_20260822_201250_360_milestone4,milestone4,1787454860.975002050,target_map,6,13,0,detected,-8.439714,-1.902254,1.701730,-0.004298,0.033653,0.013105,0.772429,0.019543,630.000,0,0.010252,0.000000,0.153588,0.352563
tracking_cdrone3_20260822_201250_360_milestone4,milestone4,1787454861.075057268,target_map,6,13,0,detected,-8.440145,-1.898887,1.703041,-0.004298,0.033653,0.013105,0.753059,0.019543,630.000,0,0.110304,0.000000,0.188607,0.377576
tracking_cdrone3_20260822_201250_360_milestone4,milestone4,1787454861.175012112,target_map,6,13,0,detected,-8.440575,-1.895523,1.704351,-0.004298,0.033653,0.013105,0.733708,0.019543,630.000,0,0.210256,0.000000,0.223589,0.402564
tracking_cdrone3_20260822_201250_360_milestone4,milestone4,1787454861.216531754,raw,13,13,0,detected,-8.448929,-1.890236,1.701265,-0.036284,0.048452,-0.001293,0.753906,0.011791,468.000,0,0.000000,0.000000,0.000000,0.000000
tracking_cdrone3_20260822_201250_360_milestone4,milestone4,1787454861.274902582,target_map,6,13,0,detected,-8.450002,-1.888187,1.701520,-0.021891,0.041793,0.005186,0.744665,0.011791,468.000,0,0.049031,0.000000,0.167161,0.362258
tracking_cdrone3_20260822_201250_360_milestone4,milestone4,1787454861.374982595,target_map,6,13,0,detected,-8.452192,-1.884004,1.702039,-0.021891,0.041793,0.005186,0.725804,0.011791,468.000,0,0.149103,0.000000,0.202186,0.387276
tracking_cdrone3_20260822_201250_360_milestone4,milestone4,1787454861.475002289,target_map,6,13,0,detected,-8.454382,-1.879824,1.702557,-0.021891,0.041793,0.005186,0.706951,0.011791,468.000,0,0.249128,0.000000,0.237195,0.412282
tracking_cdrone3_20260822_201250_360_milestone4,milestone4,1787454861.481452465,raw,13,13,0,detected,-8.453929,-1.872202,1.700574,-0.018875,0.068073,-0.002611,0.683594,0.012423,562.500,0,0.000000,0.000000,0.000000,0.000000
tracking_cdrone3_20260822_201250_360_milestone4,milestone4,1787454861.574952126,target_map,6,13,0,detected,-8.455709,-1.867254,1.700653,-0.020232,0.056247,0.000897,0.668559,0.012423,562.500,0,0.087975,0.000000,0.180791,0.371994
tracking_cdrone3_20260822_201250_360_milestone4,milestone4,1787454861.675472975,target_map,6,13,0,detected,-8.457743,-1.861601,1.700743,-0.020232,0.056247,0.000897,0.651381,0.012423,562.500,0,0.188489,0.000000,0.215971,0.397122
tracking_cdrone3_20260822_201250_360_milestone4,milestone4,1787454861.727653503,raw,13,13,0,detected,-8.453198,-1.864483,1.701497,0.002968,0.031353,0.003751,0.708008,0.019218,487.500,0,0.000000,0.000000,0.000000,0.000000
tracking_cdrone3_20260822_201250_360_milestone4,milestone4,1787454861.774927378,target_map,6,13,0,detected,-8.453527,-1.862612,1.701606,-0.007472,0.042555,0.002467,0.700225,0.019218,487.500,0,0.043972,0.000000,0.165390,0.360993
tracking_cdrone3_20260822_201250_360_milestone4,milestone4,1787454861.875304937,target_map,6,13,0,detected,-8.454277,-1.858340,1.701853,-0.007472,0.042555,0.002467,0.682459,0.019218,487.500,0,0.144341,0.000000,0.200519,0.386085
tracking_cdrone3_20260822_201250_360_milestone4,milestone4,1787454861.974514484,raw,13,13,0,detected,-8.463803,-1.860107,1.700423,-0.042961,0.017725,-0.004350,0.748535,0.011046,457.125,0,0.000000,0.000000,0.000000,0.000000
tracking_cdrone3_20260822_201250_360_milestone4,milestone4,1787454861.975077391,target_map,6,13,0,detected,-8.455023,-1.854095,1.702100,-0.007472,0.042555,0.002467,0.664801,0.019218,487.500,0,0.244102,0.000000,0.235436,0.411025
tracking_cdrone3_20260822_201250_360_milestone4,milestone4,1787454862.074983358,target_map,6,13,0,detected,-8.466398,-1.857329,1.700300,-0.026991,0.028899,-0.001283,0.730543,0.011046,457.125,0,0.096143,0.000000,0.183650,0.374036
tracking_cdrone3_20260822_201250_360_milestone4,milestone4,1787454862.174926519,target_map,6,13,0,detected,-8.469096,-1.854441,1.700172,-0.026991,0.028899,-0.001283,0.711842,0.011046,457.125,0,0.196081,0.000000,0.218628,0.399020
tracking_cdrone3_20260822_201250_360_milestone4,milestone4,1787454862.205909491,raw,13,13,0,detected,-8.460013,-1.859137,1.700881,0.016381,0.004194,0.001976,0.798828,0.019281,581.250,0,0.000000,0.000000,0.000000,0.000000
tracking_cdrone3_20260822_201250_360_milestone4,milestone4,1787454862.274991274,target_map,6,13,0,detected,-8.460217,-1.858139,1.700914,-0.003137,0.015311,0.000510,0.785814,0.019281,581.250,0,0.065168,0.000000,0.172809,0.366292
tracking_cdrone3_20260822_201250_360_milestone4,milestone4,1787454862.375929832,target_map,6,13,0,detected,-8.460533,-1.856599,1.700965,-0.003137,0.015311,0.000510,0.765729,0.019281,581.250,0,0.165737,0.000000,0.208008,0.391434
tracking_cdrone3_20260822_201250_360_milestone4,milestone4,1787454862.475035906,target_map,6,13,2,predicted,-8.460845,-1.855076,1.701016,-0.003137,0.015311,0.000510,0.745864,0.019281,581.250,0,0.265210,0.265210,0.242823,0.416302
tracking_cdrone3_20260822_201250_360_milestone4,milestone4,1787454862.481799841,raw,13,13,0,detected,-8.467084,-1.855714,1.699174,-0.025628,0.012406,-0.006187,0.798828,0.018878,581.250,0,0.000000,0.000000,0.000000,0.000000
tracking_cdrone3_20260822_201250_360_milestone4,milestone4,1787454862.574885368,target_map,6,13,0,detected,-8.468426,-1.854527,1.698899,-0.015507,0.013713,-0.003173,0.781550,0.018878,581.250,0,0.086519,0.000000,0.180282,0.371630
tracking_cdrone3_20260822_201250_360_milestone4,milestone4,1787454862.675039291,target_map,6,13,0,detected,-8.469978,-1.853154,1.698582,-0.015507,0.013713,-0.003173,0.761554,0.018878,581.250,0,0.186646,0.000000,0.215326,0.396662
tracking_cdrone3_20260822_201250_360_milestone4,milestone4,1787454862.760768414,raw,13,13,0,detected,-8.482844,-1.851536,1.695080,-0.056497,0.014978,-0.014676,0.726074,0.009196,372.000,0,0.000000,0.000000,0.000000,0.000000
tracking_cdrone3_20260822_201250_360_milestone4,milestone4,1787454862.775441408,target_map,6,13,0,detected,-8.483295,-1.851365,1.694967,-0.038052,0.014409,-0.009499,0.723925,0.009196,372.000,0,0.011843,0.000000,0.154145,0.352961
tracking_cdrone3_20260822_201250_360_milestone4,milestone4,1787454862.875933409,target_map,6,13,0,detected,-8.487119,-1.849917,1.694013,-0.038052,0.014409,-0.009499,0.705683,0.009196,372.000,0,0.112339,0.000000,0.189319,0.378085
tracking_cdrone3_20260822_201250_360_milestone4,milestone4,1787454862.975076437,target_map,6,13,0,detected,-8.490891,-1.848489,1.693071,-0.038052,0.014409,-0.009499,0.687688,0.009196,372.000,0,0.211473,0.000000,0.224016,0.402868
tracking_cdrone3_20260822_201250_360_milestone4,milestone4,1787454863.006724119,raw,13,13,0,detected,-8.473989,-1.852474,1.693184,0.036009,-0.003814,-0.007709,0.767090,0.018366,433.500,0,0.000000,0.000000,0.000000,0.000000
tracking_cdrone3_20260822_201250_360_milestone4,milestone4,1787454863.075232983,target_map,6,13,0,detected,-8.473827,-1.852210,1.692672,0.002682,0.004386,-0.008515,0.755561,0.018366,433.500,0,0.060119,0.000000,0.171042,0.365030
tracking_cdrone3_20260822_201250_360_milestone4,milestone4,1787454863.175092459,target_map,6,13,0,detected,-8.473559,-1.851772,1.691822,0.002682,0.004386,-0.008515,0.736410,0.018366,433.500,0,0.159981,0.000000,0.205993,0.389995
tracking_cdrone3_20260822_201250_360_milestone4,milestone4,1787454863.270599365,raw,13,13,0,detected,-8.479884,-1.850389,1.690067,-0.022340,0.007901,-0.011810,0.724609,0.010840,420.750,0,0.000000,0.000000,0.000000,0.000000
tracking_cdrone3_20260822_201250_360_milestone4,milestone4,1787454863.270599365,raw,17,17,0,detected,-3.549178,-0.776841,1.922796,0.000000,0.000000,0.000000,0.490479,5.061632,15221.250,0,0.000000,0.000000,0.000000,0.000000
tracking_cdrone3_20260822_201250_360_milestone4,milestone4,1787454863.274750948,target_map,6,13,0,detected,-8.479896,-1.850382,1.690056,-0.011080,0.006319,-0.010327,0.724416,0.010840,420.750,0,0.001070,0.000000,0.150374,0.350267
tracking_cdrone3_20260822_201250_360_milestone4,milestone4,1787454863.274750948,target_map,9,17,0,detected,-3.549178,-0.776841,1.922796,0.000000,0.000000,0.000000,0.490347,5.061632,15221.250,0,0.001070,0.000000,0.150374,0.350267
tracking_cdrone3_20260822_201250_360_milestone4,milestone4,1787454863.374956608,target_map,6,13,0,detected,-8.481006,-1.849749,1.689022,-0.011080,0.006319,-0.010327,0.706269,0.010840,420.750,0,0.101245,0.000000,0.185436,0.375311
tracking_cdrone3_20260822_201250_360_milestone4,milestone4,1787454863.374956608,target_map,9,17,0,detected,-3.549178,-0.776841,1.922796,0.000000,0.000000,0.000000,0.478064,5.061632,15221.250,0,0.101245,0.000000,0.185436,0.375311
tracking_cdrone3_20260822_201250_360_milestone4,milestone4,1787454863.477714062,target_map,6,13,0,detected,-8.482144,-1.849100,1.687961,-0.011080,0.006319,-0.010327,0.687655,0.010840,420.750,0,0.203998,0.000000,0.221399,0.400999
tracking_cdrone3_20260822_201250_360_milestone4,milestone4,1787454863.477714062,target_map,9,17,0,detected,-3.549178,-0.776841,1.922796,0.000000,0.000000,0.000000,0.465464,5.061632,15221.250,0,0.203998,0.000000,0.221399,0.400999
tracking_cdrone3_20260822_201250_360_milestone4,milestone4,1787454863.564012289,raw,13,13,0,detected,-8.472774,-1.852561,1.685537,0.024235,-0.007405,-0.015439,0.724609,0.009610,420.750,0,0.000000,0.000000,0.000000,0.000000
tracking_cdrone3_20260822_201250_360_milestone4,milestone4,1787454863.564012289,raw,17,17,0,detected,-3.615257,-0.890737,2.019163,-0.225207,-0.388175,0.328434,0.708008,4.972040,9529.250,1,0.000000,0.000000,0.000000,0.000000
tracking_cdrone3_20260822_201250_360_milestone4,milestone4,1787454863.576551199,target_map,6,13,2,predicted,-8.483240,-1.848475,1.686940,-0.011080,0.006319,-0.010327,0.669747,0.010840,420.750,0,0.302851,0.302851,0.255998,0.425713
tracking_cdrone3_20260822_201250_360_milestone4,milestone4,1787454863.576551199,target_map,9,17,2,predicted,-3.549178,-0.776841,1.922796,0.000000,0.000000,0.000000,0.453343,5.061632,15221.250,0,0.302851,0.302851,0.255998,0.425713
tracking_cdrone3_20260822_201250_360_milestone4,milestone4,1787454863.674982786,target_map,6,13,0,detected,-8.472094,-1.852662,1.684467,0.008343,-0.001229,-0.013139,0.709854,0.009610,420.750,0,0.081452,0.000000,0.178508,0.370363
tracking_cdrone3_20260822_201250_360_milestone4,milestone4,1787454863.674982786,target_map,9,17,0,detected,-3.625345,-0.908126,2.033877,-0.123864,-0.213496,0.180639,0.693591,4.972040,9529.250,1,0.081452,0.000000,0.178508,0.370363
tracking_cdrone3_20260822_201250_360_milestone4,milestone4,1787454863.774958372,target_map,6,13,0,detected,-8.471260,-1.852784,1.683154,0.008343,-0.001229,-0.013139,0.691747,0.009610,420.750,0,0.181408,0.000000,0.213493,0.395352
tracking_cdrone3_20260822_201250_360_milestone4,milestone4,1787454863.774958372,target_map,9,17,0,detected,-3.637726,-0.929467,2.051933,-0.123864,-0.213496,0.180639,0.675898,4.972040,9529.250,1,0.181408,0.000000,0.213493,0.395352
tracking_cdrone3_20260822_201250_360_milestone4,milestone4,1787454863.875201464,target_map,6,13,2,predicted,-8.470424,-1.852908,1.681837,0.008343,-0.001229,-0.013139,0.673587,0.009610,420.750,0,0.281653,0.281653,0.248578,0.420413
tracking_cdrone3_20260822_201250_360_milestone4,milestone4,1787454863.875201464,target_map,9,17,2,predicted,-3.650143,-0.950869,2.070041,-0.123864,-0.213496,0.180639,0.658155,4.972040,9529.250,1,0.281653,0.281653,0.248578,0.420413
tracking_cdrone3_20260822_201250_360_milestone4,milestone4,1787454863.905388355,raw,13,13,0,detected,-8.456388,-1.855767,1.687895,0.047997,-0.009389,0.006905,0.561523,0.010487,1036.000,0,0.000000,0.000000,0.000000,0.000000
tracking_cdrone3_20260822_201250_360_milestone4,milestone4,1787454863.905388355,raw,17,17,0,detected,-3.580530,-1.053357,2.040334,0.101726,-0.476366,0.062016,0.708008,4.963830,9529.250,0,0.000000,0.000000,0.000000,0.000000
tracking_cdrone3_20260822_201250_360_milestone4,milestone4,1787454863.974793434,target_map,6,13,0,detected,-8.454516,-1.856122,1.687763,0.030152,-0.005717,-0.002115,0.552808,0.010487,1036.000,0,0.062088,0.000000,0.171731,0.365522
tracking_cdrone3_20260822_201250_360_milestone4,milestone4,1787454863.974793434,target_map,9,17,0,detected,-3.580517,-1.075589,2.047499,0.000210,-0.358075,0.115396,0.697018,4.963830,9529.250,0,0.062088,0.000000,0.171731,0.365522
tracking_cdrone3_20260822_201250_360_milestone4,milestone4,1787454864.074992657,target_map,6,13,0,detected,-8.451495,-1.856695,1.687551,0.030152,-0.005717,-0.002115,0.538742,0.010487,1036.000,0,0.162280,0.000000,0.206798,0.390570
tracking_cdrone3_20260822_201250_360_milestone4,milestone4,1787454864.074992657,target_map,9,17,0,detected,-3.580496,-1.111466,2.059060,0.000210,-0.358075,0.115396,0.679284,4.963830,9529.250,0,0.162280,0.000000,0.206798,0.390570
tracking_cdrone3_20260822_201250_360_milestone4,milestone4,1787454864.174992085,target_map,6,13,2,predicted,-8.448481,-1.857266,1.687340,0.030152,-0.005717,-0.002115,0.524706,0.010487,1036.000,0,0.262272,0.262272,0.241795,0.415568
tracking_cdrone3_20260822_201250_360_milestone4,milestone4,1787454864.174992085,target_map,9,17,2,predicted,-3.580474,-1.147270,2.070599,0.000210,-0.358075,0.115396,0.661585,4.963830,9529.250,0,0.262272,0.262272,0.241795,0.415568
tracking_cdrone3_20260822_201250_360_milestone4,milestone4,1787454864.275020123,target_map,6,13,2,predicted,-8.445464,-1.857838,1.687128,0.030152,-0.005717,-0.002115,0.510663,0.010487,1036.000,0,0.362306,0.362306,0.276807,0.440576
tracking_cdrone3_20260822_201250_360_milestone4,milestone4,1787454864.275020123,target_map,9,17,2,predicted,-3.580453,-1.183090,2.082143,0.000210,-0.358075,0.115396,0.643879,4.963830,9529.250,0,0.362306,0.362306,0.276807,0.440576
tracking_cdrone3_20260822_201250_360_milestone4,milestone4,1787454864.283745050,raw,17,17,0,detected,-3.834227,-1.281084,2.044329,-0.670543,-0.601901,0.010559,0.437500,4.608779,12381.250,1,0.000000,0.000000,0.000000,0.000000
tracking_cdrone3_20260822_201250_360_milestone4,milestone4,1787454864.283745050,raw,13,13,1,held,-8.388264,-1.819881,1.710712,0.180059,0.094848,0.060308,0.561523,0.011579,1036.000,0,0.378346,0.378346,0.000000,0.000000
tracking_cdrone3_20260822_201250_360_milestone4,milestone4,1787454864.375000000,target_map,6,13,1,held,-8.379686,-1.816103,1.713166,0.112601,0.049594,0.032218,0.497717,0.011579,1036.000,0,0.454521,0.000000,0.176661,0.369044
tracking_cdrone3_20260822_201250_360_milestone4,milestone4,1787454864.375000000,target_map,9,17,0,detected,-3.862313,-1.318576,2.048727,-0.368704,-0.492179,0.057735,0.429168,4.608779,12381.250,1,0.076175,0.000000,0.176661,0.369044
tracking_cdrone3_20260822_201250_360_milestone4,milestone4,1787454864.475002527,target_map,6,13,1,held,-8.368427,-1.811145,1.716388,0.112601,0.049594,0.032218,0.483681,0.011579,1036.000,0,0.554509,0.000000,0.211657,0.394041
tracking_cdrone3_20260822_201250_360_milestone4,milestone4,1787454864.475002527,target_map,9,17,0,detected,-3.899179,-1.367788,2.054500,-0.368704,-0.492179,0.057735,0.418232,4.608779,12381.250,1,0.176163,0.000000,0.211657,0.394041
tracking_cdrone3_20260822_201250_360_milestone4,milestone4,1787454864.575163364,target_map,6,13,2,predicted,-8.357148,-1.806177,1.719615,0.112601,0.049594,0.032218,0.469619,0.011579,1036.000,0,0.654682,0.654682,0.246718,0.419084
tracking_cdrone3_20260822_201250_360_milestone4,milestone4,1787454864.575163364,target_map,9,17,2,predicted,-3.936113,-1.417091,2.060283,-0.368704,-0.492179,0.057735,0.407276,4.608779,12381.250,1,0.276337,0.276337,0.246718,0.419084
tracking_cdrone3_20260822_201250_360_milestone4,milestone4,1787454864.643723488,raw,17,17,0,detected,-3.831556,-1.277860,2.224226,0.007420,0.008956,0.499732,0.437500,4.482040,12381.250,1,0.000000,0.000000,0.000000,0.000000
tracking_cdrone3_20260822_201250_360_milestone4,milestone4,1787454864.675022364,target_map,6,13,2,predicted,-8.345903,-1.801224,1.722832,0.112601,0.049594,0.032218,0.455600,0.011579,1036.000,0,0.754544,0.754544,0.281669,0.444050
tracking_cdrone3_20260822_201250_360_milestone4,milestone4,1787454864.675022364,target_map,9,17,0,detected,-3.835314,-1.282889,2.231212,-0.161836,-0.216555,0.300833,0.434960,4.482040,12381.250,1,0.023222,0.000000,0.158128,0.355805
tracking_cdrone3_20260822_201250_360_milestone4,milestone4,1787454864.774950027,target_map,6,13,2,predicted,-8.334651,-1.796268,1.726052,0.112601,0.049594,0.032218,0.441572,0.011579,1036.000,0,0.854472,0.854472,0.316644,0.469032
tracking_cdrone3_20260822_201250_360_milestone4,milestone4,1787454864.774950027,target_map,9,17,0,detected,-3.851486,-1.304528,2.261273,-0.161836,-0.216555,0.300833,0.424030,4.482040,12381.250,1,0.123150,0.000000,0.193103,0.380788
tracking_cdrone3_20260822_201250_360_milestone4,milestone4,1787454864.874877214,target_map,6,13,2,predicted,-8.323400,-1.791313,1.729271,0.112601,0.049594,0.032218,0.427545,0.011579,1036.000,0,0.954391,0.954391,0.351616,0.494011
tracking_cdrone3_20260822_201250_360_milestone4,milestone4,1787454864.874877214,target_map,9,17,0,detected,-3.867656,-1.326166,2.291332,-0.161836,-0.216555,0.300833,0.413102,4.482040,12381.250,1,0.223069,0.000000,0.228074,0.405767
tracking_cdrone3_20260822_201250_360_milestone4,milestone4,1787454864.971369982,raw,13,13,0,detected,-8.058670,-1.606140,1.830830,0.000000,0.000000,0.000000,0.409180,0.020085,1290.625,0,0.000000,0.000000,0.000000,0.000000
tracking_cdrone3_20260822_201250_360_milestone4,milestone4,1787454864.971369982,raw,17,17,0,detected,9.934381,0.521904,4.702536,42.014080,5.492936,7.563882,0.437500,18.363621,12381.250,0,0.000000,0.000000,0.000000,0.000000
tracking_cdrone3_20260822_201250_360_milestone4,milestone4,1787454864.971369982,raw,18,18,0,detected,6.913123,4.442355,2.294594,0.000000,0.000000,0.000000,0.518555,16.170486,1304.188,0,0.000000,0.000000,0.000000,0.000000
tracking_cdrone3_20260822_201250_360_milestone4,milestone4,1787454864.976447582,target_map,6,13,0,detected,-8.058418,-1.605980,1.830920,0.182846,0.116296,0.065779,0.409039,0.020085,1290.625,0,0.001375,0.000000,0.150481,0.350344
tracking_cdrone3_20260822_201250_360_milestone4,milestone4,1787454864.976447582,target_map,9,17,0,detected,9.940186,0.522542,4.703785,4.222147,0.464077,0.908608,0.437350,18.363621,12381.250,0,0.001375,0.000000,0.150481,0.350344
tracking_cdrone3_20260822_201250_360_milestone4,milestone4,1787454864.976447582,target_map,10,18,0,detected,6.913123,4.442355,2.294594,0.000000,0.000000,0.000000,0.518376,16.170486,1304.188,0,0.001375,0.000000,0.150481,0.350344
tracking_cdrone3_20260822_201250_360_milestone4,milestone4,1787454865.075087309,target_map,6,13,0,detected,-8.040387,-1.594512,1.837407,0.182846,0.116296,0.065779,0.398951,0.020085,1290.625,0,0.099992,0.000000,0.184997,0.374998
tracking_cdrone3_20260822_201250_360_milestone4,milestone4,1787454865.075087309,target_map,9,17,0,detected,10.356562,0.568308,4.793389,4.222147,0.464077,0.908608,0.426563,18.363621,12381.250,0,0.099992,0.000000,0.184997,0.374998
tracking_cdrone3_20260822_201250_360_milestone4,milestone4,1787454865.075087309,target_map,10,18,0,detected,6.913123,4.442355,2.294594,0.000000,0.000000,0.000000,0.505592,16.170486,1304.188,0,0.099992,0.000000,0.184997,0.374998
tracking_cdrone3_20260822_201250_360_milestone4,milestone4,1787454865.175083399,target_map,6,13,0,detected,-8.022103,-1.582883,1.843984,0.182846,0.116296,0.065779,0.388722,0.020085,1290.625,0,0.199986,0.000000,0.219995,0.399996
tracking_cdrone3_20260822_201250_360_milestone4,milestone4,1787454865.175083399,target_map,9,17,0,detected,10.778750,0.614713,4.884244,4.222147,0.464077,0.908608,0.415627,18.363621,12381.250,0,0.199986,0.000000,0.219995,0.399996
tracking_cdrone3_20260822_201250_360_milestone4,milestone4,1787454865.175083399,target_map,10,18,0,detected,6.913123,4.442355,2.294594,0.000000,0.000000,0.000000,0.492629,16.170486,1304.188,0,0.199986,0.000000,0.219995,0.399996
tracking_cdrone3_20260822_201250_360_milestone4,milestone4,1787454865.274960041,target_map,6,13,2,predicted,-8.003840,-1.571267,1.850555,0.182846,0.116296,0.065779,0.378505,0.020085,1290.625,0,0.299868,0.299868,0.254954,0.424967
tracking_cdrone3_20260822_201250_360_milestone4,milestone4,1787454865.274960041,target_map,9,17,2,predicted,11.200467,0.661065,4.974998,4.222147,0.464077,0.908608,0.404702,18.363621,12381.250,0,0.299868,0.299868,0.254954,0.424967
tracking_cdrone3_20260822_201250_360_milestone4,milestone4,1787454865.274960041,target_map,10,18,2,predicted,6.913123,4.442355,2.294594,0.000000,0.000000,0.000000,0.479680,16.170486,1304.188,0,0.299868,0.299868,0.254954,0.424967
tracking_cdrone3_20260822_201250_360_milestone4,milestone4,1787454865.292238235,raw,13,13,0,detected,-7.875034,-1.512546,1.852432,0.572318,0.291696,0.067326,0.535156,0.009558,1445.000,0,0.000000,0.000000,0.000000,0.000000
tracking_cdrone3_20260822_201250_360_milestone4,milestone4,1787454865.292238235,raw,17,17,0,detected,-7.864875,-1.508249,1.853739,-55.473110,-6.327168,-8.878552,0.437500,0.019710,12381.250,1,0.000000,0.000000,0.000000,0.000000
tracking_cdrone3_20260822_201250_360_milestone4,milestone4,1787454865.292238235,raw,18,18,0,detected,-7.873044,-1.505795,1.851080,-46.082527,-18.537985,-1.382254,0.518555,0.012180,1304.188,1,0.000000,0.000000,0.000000,0.000000
tracking_cdrone3_20260822_201250_360_milestone4,milestone4,1787454865.375038147,target_map,6,13,0,detected,-7.843952,-1.495890,1.857648,0.397056,0.212766,0.066630,0.524683,0.009558,1445.000,0,0.078281,0.000000,0.177398,0.369570
tracking_cdrone3_20260822_201250_360_milestone4,milestone4,1787454865.375038147,target_map,9,17,0,detected,-8.054114,-1.530449,1.831653,-2.417442,-0.283602,-0.282134,0.428938,0.019710,12381.250,1,0.078281,0.000000,0.177398,0.369570
tracking_cdrone3_20260822_201250_360_milestone4,milestone4,1787454865.375038147,target_map,10,18,0,detected,-8.192469,-1.634292,1.841499,-4.080503,-1.641497,-0.122395,0.508406,0.012180,1304.188,1,0.078281,0.000000,0.177398,0.369570
tracking_cdrone3_20260822_201250_360_milestone4,milestone4,1787454865.475051403,target_map,6,13,0,detected,-7.804243,-1.474612,1.864312,0.397056,0.212766,0.066630,0.511303,0.009558,1445.000,0,0.178289,0.000000,0.212401,0.394572
tracking_cdrone3_20260822_201250_360_milestone4,milestone4,1787454865.475051403,target_map,9,17,0,detected,-8.295879,-1.558812,1.803437,-2.417442,-0.283602,-0.282134,0.418000,0.019710,12381.250,1,0.178289,0.000000,0.212401,0.394572
tracking_cdrone3_20260822_201250_360_milestone4,milestone4,1787454865.475051403,target_map,10,18,0,detected,-8.600555,-1.798456,1.829258,-4.080503,-1.641497,-0.122395,0.495441,0.012180,1304.188,1,0.178289,0.000000,0.212401,0.394572
tracking_cdrone3_20260822_201250_360_milestone4,milestone4,1787454865.575508833,target_map,6,13,2,predicted,-7.764363,-1.453242,1.871004,0.397056,0.212766,0.066630,0.497865,0.009558,1445.000,0,0.278728,0.278728,0.247555,0.419682
tracking_cdrone3_20260822_201250_360_milestone4,milestone4,1787454865.575508833,target_map,9,17,2,predicted,-8.538684,-1.587296,1.775100,-2.417442,-0.283602,-0.282134,0.407014,0.019710,12381.250,1,0.278728,0.278728,0.247555,0.419682
tracking_cdrone3_20260822_201250_360_milestone4,milestone4,1787454865.575508833,target_map,10,18,2,predicted,-9.010395,-1.963326,1.816965,-4.080503,-1.641497,-0.122395,0.482421,0.012180,1304.188,1,0.278728,0.278728,0.247555,0.419682
tracking_cdrone3_20260822_201250_360_milestone4,milestone4,1787454865.674862146,target_map,6,13,2,predicted,-7.724908,-1.432099,1.877625,0.397056,0.212766,0.066630,0.484571,0.009558,1445.000,0,0.378098,0.378098,0.282334,0.444525
tracking_cdrone3_20260822_201250_360_milestone4,milestone4,1787454865.674862146,target_map,9,17,2,predicted,-8.778906,-1.615478,1.747064,-2.417442,-0.283602,-0.282134,0.396145,0.019710,12381.250,1,0.378098,0.378098,0.282334,0.444525
tracking_cdrone3_20260822_201250_360_milestone4,milestone4,1787454865.674862146,target_map,10,18,2,predicted,-9.415875,-2.126442,1.804803,-4.080503,-1.641497,-0.122395,0.469539,0.012180,1304.188,1,0.378098,0.378098,0.282334,0.444525
tracking_cdrone3_20260822_201250_360_milestone4,milestone4,1787454865.694772482,raw,13,13,0,detected,6.321167,-4.745317,3.127941,35.265285,-8.030643,3.168537,0.535156,14.517550,1445.000,0,0.000000,0.000000,0.000000,0.000000
tracking_cdrone3_20260822_201250_360_milestone4,milestone4,1787454865.694772482,raw,18,18,0,detected,-7.749374,-1.471060,1.870467,0.307214,0.086286,0.048160,0.518555,0.020552,1304.188,0,0.000000,0.000000,0.000000,0.000000
tracking_cdrone3_20260822_201250_360_milestone4,milestone4,1787454865.775135994,target_map,6,13,0,detected,6.641527,-4.808454,3.157727,4.452475,-0.877489,0.413978,0.525530,14.517550,1445.000,0,0.071951,0.000000,0.175183,0.367988
tracking_cdrone3_20260822_201250_360_milestone4,milestone4,1787454865.775135994,target_map,9,17,2,predicted,-9.021317,-1.643916,1.718773,-2.417442,-0.283602,-0.282134,0.385178,0.019710,12381.250,1,0.478374,0.478374,0.317431,0.469594
tracking_cdrone3_20260822_201250_360_milestone4,milestone4,1787454865.775135994,target_map,10,18,0,detected,-7.869335,-1.520794,1.868410,-1.667259,-0.691216,-0.028590,0.509227,0.020552,1304.188,0,0.071951,0.000000,0.175183,0.367988
tracking_cdrone3_20260822_201250_360_milestone4,milestone4,1787454865.875032425,target_map,6,13,0,detected,7.086315,-4.896112,3.199082,4.452475,-0.877489,0.413978,0.512165,14.517550,1445.000,0,0.171848,0.000000,0.210147,0.392962
tracking_cdrone3_20260822_201250_360_milestone4,milestone4,1787454865.875032425,target_map,9,17,2,predicted,-9.262812,-1.672247,1.690589,-2.417442,-0.283602,-0.282134,0.374252,0.019710,12381.250,1,0.578271,0.578271,0.352395,0.494568
tracking_cdrone3_20260822_201250_360_milestone4,milestone4,1787454865.875032425,target_map,10,18,0,detected,-8.035889,-1.589844,1.865554,-1.667259,-0.691216,-0.028590,0.496277,0.020552,1304.188,0,0.171848,0.000000,0.210147,0.392962
tracking_cdrone3_20260822_201250_360_milestone4,milestone4,1787454865.975245237,target_map,6,13,2,predicted,7.532460,-4.984038,3.240564,4.452475,-0.877489,0.413978,0.498759,14.517550,1445.000,0,0.272049,0.272049,0.245217,0.418012
tracking_cdrone3_20260822_201250_360_milestone4,milestone4,1787454865.975245237,target_map,9,17,2,predicted,-9.505043,-1.700665,1.662319,-2.417442,-0.283602,-0.282134,0.363292,0.019710,12381.250,1,0.678473,0.678473,0.387465,0.519618
tracking_cdrone3_20260822_201250_360_milestone4,milestone4,1787454865.975245237,target_map,10,18,2,predicted,-8.202950,-1.659105,1.862690,-1.667259,-0.691216,-0.028590,0.483287,0.020552,1304.188,0,0.272049,0.272049,0.245217,0.418012
tracking_cdrone3_20260822_201250_360_milestone4,milestone4,1787454866.016758204,raw,13,13,0,detected,10.182806,-5.580159,4.155530,11.993884,-2.592939,3.191593,0.753906,18.419704,960.000,0,0.000000,0.000000,0.000000,0.000000
tracking_cdrone3_20260822_201250_360_milestone4,milestone4,1787454866.075050831,target_map,6,13,0,detected,10.526479,-5.652323,4.227647,6.165782,-1.294683,1.293850,0.743401,18.419704,960.000,0,0.055739,0.000000,0.169509,0.363935
tracking_cdrone3_20260822_201250_360_milestone4,milestone4,1787454866.075050831,target_map,9,17,2,predicted,-9.746340,-1.728972,1.634158,-2.417442,-0.283602,-0.282134,0.352375,0.019710,12381.250,1,0.778287,0.778287,0.422401,0.544572
tracking_cdrone3_20260822_201250_360_milestone4,milestone4,1787454866.075050831,target_map,10,18,2,predicted,-8.369368,-1.728098,1.859836,-1.667259,-0.691216,-0.028590,0.470347,0.020552,1304.188,0,0.371864,0.371864,0.280152,0.442966
tracking_cdrone3_20260822_201250_360_milestone4,milestone4,1787454866.175133467,target_map,6,13,0,detected,11.143547,-5.781894,4.357135,6.165782,-1.294683,1.293850,0.724538,18.419704,960.000,0,0.155818,0.000000,0.204536,0.388955
tracking_cdrone3_20260822_201250_360_milestone4,milestone4,1787454866.175133467,target_map,9,17,2,predicted,-9.988276,-1.757355,1.605922,-2.417442,-0.283602,-0.282134,0.341429,0.019710,12381.250,1,0.878367,0.878367,0.457428,0.569592
tracking_cdrone3_20260822_201250_360_milestone4,milestone4,1787454866.175133467,target_map,10,18,2,predicted,-8.536226,-1.797275,1.856975,-1.667259,-0.691216,-0.028590,0.457373,0.020552,1304.188,0,0.471944,0.471944,0.315180,0.467986
tracking_cdrone3_20260822_201250_360_milestone4,milestone4,1787454866.275147676,target_map,6,13,2,predicted,11.760151,-5.911368,4.486526,6.165782,-1.294683,1.293850,0.705690,18.419704,960.000,0,0.255822,0.255822,0.239538,0.413956
tracking_cdrone3_20260822_201250_360_milestone4,milestone4,1787454866.275147676,target_map,9,17,2,predicted,-10.230031,-1.785716,1.577707,-2.417442,-0.283602,-0.282134,0.330491,0.019710,12381.250,1,0.978371,0.978371,0.492430,0.594593
tracking_cdrone3_20260822_201250_360_milestone4,milestone4,1787454866.275147676,target_map,10,18,2,predicted,-8.702959,-1.866400,1.854115,-1.667259,-0.691216,-0.028590,0.444408,0.020552,1304.188,0,0.571948,0.571948,0.350182,0.492987
tracking_cdrone3_20260822_201250_360_milestone4,milestone4,1787454866.324246168,raw,13,13,0,detected,10.880555,-5.696857,4.320684,2.269224,-0.379524,0.537114,0.785645,19.075493,1190.375,0,0.000000,0.000000,0.000000,0.000000
tracking_cdrone3_20260822_201250_360_milestone4,milestone4,1787454866.375074387,target_map,6,13,0,detected,11.043252,-5.728863,4.356180,4.022675,-0.791345,0.877645,0.777701,19.075493,1190.375,0,0.040445,0.000000,0.164156,0.360111
tracking_cdrone3_20260822_201250_360_milestone4,milestone4,1787454866.375074387,target_map,9,17,2,predicted,-10.471615,-1.814058,1.549512,-2.417442,-0.283602,-0.282134,0.319560,0.019710,12381.250,1,1.078305,1.078305,0.527407,0.619576
tracking_cdrone3_20260822_201250_360_milestone4,milestone4,1787454866.375074387,target_map,10,18,2,predicted,-8.869575,-1.935475,1.851258,-1.667259,-0.691216,-0.028590,0.431453,0.020552,1304.188,0,0.671882,0.671882,0.385159,0.517971
tracking_cdrone3_20260822_201250_360_milestone4,milestone4,1787454866.475156307,target_map,6,13,0,detected,11.445821,-5.808057,4.444011,4.022675,-0.791345,0.877645,0.758045,19.075493,1190.375,0,0.140520,0.000000,0.199182,0.385130
tracking_cdrone3_20260822_201250_360_milestone4,milestone4,1787454866.475156307,target_map,9,17,2,predicted,-10.713541,-1.842439,1.521278,-2.417442,-0.283602,-0.282134,0.308615,0.019710,12381.250,1,1.178380,1.178380,0.562433,0.644595
tracking_cdrone3_20260822_201250_360_milestone4,milestone4,1787454866.475156307,target_map,10,18,2,predicted,-9.036426,-2.004649,1.848397,-1.667259,-0.691216,-0.028590,0.418479,0.020552,1304.188,0,0.771957,0.771957,0.420185,0.542989
tracking_cdrone3_20260822_201250_360_milestone4,milestone4,1787454866.575155735,target_map,6,13,0,detected,11.848080,-5.887189,4.531773,4.022675,-0.791345,0.877645,0.738404,19.075493,1190.375,0,0.240518,0.000000,0.234181,0.410129
tracking_cdrone3_20260822_201250_360_milestone4,milestone4,1787454866.575155735,target_map,9,17,2,predicted,-10.955279,-1.870799,1.493065,-2.417442,-0.283602,-0.282134,0.297677,0.019710,12381.250,1,1.278378,1.278378,0.597432,0.669594
tracking_cdrone3_20260822_201250_360_milestone4,milestone4,1787454866.575155735,target_map,10,18,2,predicted,-9.203148,-2.073769,1.845538,-1.667259,-0.691216,-0.028590,0.405516,0.020552,1304.188,0,0.871955,0.871955,0.455184,0.567989
tracking_cdrone3_20260822_201250_360_milestone4,milestone4,1787454866.626212597,raw,13,13,0,detected,9.813177,-5.228507,4.060263,-3.534611,1.550936,-0.862380,0.691895,17.885643,1223.750,1,0.000000,0.000000,0.000000,0.000000
tracking_cdrone3_20260822_201250_360_milestone4,milestone4,1787454866.674900293,target_map,6,13,0,detected,9.808129,-5.209764,4.057270,-0.133833,0.496909,-0.079369,0.685370,17.885643,1223.750,1,0.037717,0.000000,0.163201,0.359429
tracking_cdrone3_20260822_201250_360_milestone4,milestone4,1787454866.674900293,target_map,9,17,2,predicted,-11.196455,-1.899092,1.464918,-2.417442,-0.283602,-0.282134,0.286766,0.019710,12381.250,1,1.378143,1.378143,0.632350,0.694536
tracking_cdrone3_20260822_201250_360_milestone4,milestone4,1787454866.674900293,target_map,10,18,2,predicted,-9.369482,-2.142728,1.842686,-1.667259,-0.691216,-0.028590,0.392582,0.020552,1304.188,0,0.971720,0.971720,0.490102,0.592930
tracking_cdrone3_20260822_201250_360_milestone4,milestone4,1787454866.775276899,target_map,6,13,0,detected,9.794698,-5.159893,4.049304,-0.133833,0.496909,-0.079369,0.668010,17.885643,1223.750,1,0.138081,0.000000,0.198328,0.384520
tracking_cdrone3_20260822_201250_360_milestone4,milestone4,1787454866.775276899,target_map,9,17,2,predicted,-11.439079,-1.927556,1.436602,-2.417442,-0.283602,-0.282134,0.275788,0.019710,12381.250,1,1.478507,1.478507,0.667477,0.719627
tracking_cdrone3_20260822_201250_360_milestone4,milestone4,1787454866.775276899,target_map,10,18,2,predicted,-9.536815,-2.212101,1.839817,-1.667259,-0.691216,-0.028590,0.379571,0.020552,1304.188,0,1.072084,1.072084,0.525229,0.618021
tracking_cdrone3_20260822_201250_360_milestone4,milestone4,1787454866.875211716,target_map,6,13,0,detected,9.781322,-5.110231,4.041372,-0.133833,0.496909,-0.079369,0.650723,17.885643,1223.750,1,0.238021,0.000000,0.233307,0.409505
tracking_cdrone3_20260822_201250_360_milestone4,milestone4,1787454866.875211716,target_map,9,17,2,predicted,-11.680679,-1.955899,1.408405,-2.417442,-0.283602,-0.282134,0.264857,0.019710,12381.250,1,1.578447,1.578447,0.702456,0.744612
tracking_cdrone3_20260822_201250_360_milestone4,milestone4,1787454866.875211716,target_map,10,18,2,predicted,-9.703441,-2.281182,1.836959,-1.667259,-0.691216,-0.028590,0.366615,0.020552,1304.188,0,1.172024,1.172024,0.560208,0.643006
tracking_cdrone3_20260822_201250_360_milestone4,milestone4,1787454866.896407604,raw,13,13,0,detected,10.310610,-5.230506,4.105464,1.841063,-0.007402,0.167297,0.526367,18.357628,1065.750,0,0.000000,0.000000,0.000000,0.000000
tracking_cdrone3_20260822_201250_360_milestone4,milestone4,1787454866.975031614,target_map,6,13,0,detected,10.378585,-5.214837,4.109483,0.952360,0.219538,0.056297,0.516975,18.357628,1065.750,0,0.071375,0.000000,0.174981,0.367844
tracking_cdrone3_20260822_201250_360_milestone4,milestone4,1787454866.975031614,target_map,9,17,2,predicted,-11.921995,-1.984209,1.380242,-2.417442,-0.283602,-0.282134,0.253939,0.019710,12381.250,1,1.678270,1.678270,0.737394,0.769567
tracking_cdrone3_20260822_201250_360_milestone4,milestone4,1787454866.975031614,target_map,10,18,2,predicted,-9.869871,-2.350181,1.834105,-1.667259,-0.691216,-0.028590,0.353674,0.020552,1304.188,0,1.271847,1.271847,0.595146,0.667962
tracking_cdrone3_20260822_201250_360_milestone4,milestone4,1787454867.074866533,target_map,6,13,0,detected,10.473669,-5.192918,4.115103,0.952360,0.219538,0.056297,0.503837,18.357628,1065.750,0,0.171216,0.000000,0.209926,0.392804
tracking_cdrone3_20260822_201250_360_milestone4,milestone4,1787454867.074866533,target_map,9,17,2,predicted,-12.163354,-2.012524,1.352073,-2.417442,-0.283602,-0.282134,0.243019,0.019710,12381.250,1,1.778111,1.778111,0.772339,0.794528
tracking_cdrone3_20260822_201250_360_milestone4,milestone4,1787454867.074866533,target_map,10,18,2,predicted,-10.036331,-2.419192,1.831251,-1.667259,-0.691216,-0.028590,0.340731,0.020552,1304.188,0,1.371687,1.371687,0.630091,0.692922
tracking_cdrone3_20260822_201250_360_milestone4,milestone4,1787454867.169883490,raw,13,13,0,detected,-7.472397,-1.435763,1.814514,-65.023315,13.875428,-8.376828,0.709961,0.018754,1330.875,1,0.000000,0.000000,0.000000,0.000000
tracking_cdrone3_20260822_201250_360_milestone4,milestone4,1787454867.169883490,raw,19,19,0,detected,-1.835787,-0.005059,1.980325,0.000000,0.000000,0.000000,0.721680,5.834323,11893.875,0,0.000000,0.000000,0.000000,0.000000
tracking_cdrone3_20260822_201250_360_milestone4,milestone4,1787454867.175137758,target_map,6,13,0,detected,-7.479249,-1.433961,1.813578,-3.840803,1.009839,-0.524680,0.709644,0.018754,1330.875,1,0.001784,0.000000,0.150624,0.350446
tracking_cdrone3_20260822_201250_360_milestone4,milestone4,1787454867.175137758,target_map,9,17,2,predicted,-12.405780,-2.040964,1.323781,-2.417442,-0.283602,-0.282134,0.232051,0.019710,12381.250,1,1.878392,1.878392,0.807437,0.819598
tracking_cdrone3_20260822_201250_360_milestone4,milestone4,1787454867.175137758,target_map,10,18,2,predicted,-10.203527,-2.488508,1.828384,-1.667259,-0.691216,-0.028590,0.327731,0.020552,1304.188,0,1.471969,1.471969,0.665189,0.717992
tracking_cdrone3_20260822_201250_360_milestone4,milestone4,1787454867.175137758,target_map,11,19,0,detected,-1.835787,-0.005059,1.980325,0.000000,0.000000,0.000000,0.721358,5.834323,11893.875,0,0.001784,0.000000,0.150624,0.350446
tracking_cdrone3_20260822_201250_360_milestone4,milestone4,1787454867.275018692,target_map,6,13,0,detected,-7.862793,-1.333118,1.761184,-3.840803,1.009839,-0.524680,0.691920,0.018754,1330.875,1,0.101644,0.000000,0.185576,0.375411
tracking_cdrone3_20260822_201250_360_milestone4,milestone4,1787454867.275018692,target_map,9,17,2,predicted,-12.647186,-2.069284,1.295607,-2.417442,-0.283602,-0.282134,0.221129,0.019710,12381.250,1,1.978253,1.978253,0.842388,0.844563
tracking_cdrone3_20260822_201250_360_milestone4,milestone4,1787454867.275018692,target_map,10,18,2,predicted,-10.370020,-2.557534,1.825529,-1.667259,-0.691216,-0.028590,0.314785,0.020552,1304.188,0,1.571830,1.571830,0.700140,0.742957
tracking_cdrone3_20260822_201250_360_milestone4,milestone4,1787454867.275018692,target_map,11,19,0,detected,-1.835787,-0.005059,1.980325,0.000000,0.000000,0.000000,0.703341,5.834323,11893.875,0,0.101644,0.000000,0.185576,0.375411
tracking_cdrone3_20260822_201250_360_milestone4,milestone4,1787454867.375406265,target_map,6,13,0,detected,-8.248269,-1.231767,1.708525,-3.840803,1.009839,-0.524680,0.674107,0.018754,1330.875,1,0.202008,0.000000,0.220703,0.400502
tracking_cdrone3_20260822_201250_360_milestone4,milestone4,1787454867.375406265,target_map,9,17,2,predicted,-12.889810,-2.097748,1.267291,-2.417442,-0.283602,-0.282134,0.210151,0.019710,12381.250,1,2.078616,2.078616,0.877516,0.869654
tracking_cdrone3_20260822_201250_360_milestone4,milestone4,1787454867.375406265,target_map,10,18,2,predicted,-10.537353,-2.626907,1.822660,-1.667259,-0.691216,-0.028590,0.301774,0.020552,1304.188,0,1.672193,1.672193,0.735268,0.768048
tracking_cdrone3_20260822_201250_360_milestone4,milestone4,1787454867.375406265,target_map,11,19,0,detected,-1.835787,-0.005059,1.980325,0.000000,0.000000,0.000000,0.685233,5.834323,11893.875,0,0.202008,0.000000,0.220703,0.400502
tracking_cdrone3_20260822_201250_360_milestone4,milestone4,1787454867.455717325,raw,13,13,0,detected,-7.469214,-1.436444,1.793137,0.011136,-0.002383,-0.074792,0.638672,0.020329,1377.500,0,0.000000,0.000000,0.000000,0.000000
tracking_cdrone3_20260822_201250_360_milestone4,milestone4,1787454867.455717325,raw,19,19,0,detected,10.474239,3.277516,2.935989,43.068939,11.484706,3.343570,0.891113,18.605597,12443.750,0,0.000000,0.000000,0.000000,0.000000
tracking_cdrone3_20260822_201250_360_milestone4,milestone4,1787454867.474969864,target_map,6,13,0,detected,-7.485364,-1.432195,1.790537,-1.722237,0.453117,-0.277242,0.637175,0.020329,1377.500,0,0.009377,0.000000,0.153282,0.352344
tracking_cdrone3_20260822_201250_360_milestone4,milestone4,1787454867.474969864,target_map,9,17,2,predicted,-13.130486,-2.125983,1.239202,-2.417442,-0.283602,-0.282134,0.199262,0.019710,12381.250,1,2.178175,2.178175,0.912361,0.894544
tracking_cdrone3_20260822_201250_360_milestone4,milestone4,1787454867.474969864,target_map,10,18,2,predicted,-10.703342,-2.695723,1.819813,-1.667259,-0.691216,-0.028590,0.288867,0.020552,1304.188,0,1.771752,1.771752,0.770113,0.792938
tracking_cdrone3_20260822_201250_360_milestone4,milestone4,1787454867.474969864,target_map,11,19,0,detected,10.513994,3.288117,2.939075,4.239532,1.130508,0.329127,0.889024,18.605597,12443.750,0,0.009377,0.000000,0.153282,0.352344
tracking_cdrone3_20260822_201250_360_milestone4,milestone4,1787454867.575069666,target_map,6,13,0,detected,-7.657832,-1.386819,1.762774,-1.722237,0.453117,-0.277242,0.621185,0.020329,1377.500,0,0.109519,0.000000,0.188332,0.377380
tracking_cdrone3_20260822_201250_360_milestone4,milestone4,1787454867.575069666,target_map,9,17,2,predicted,-13.372574,-2.154383,1.210948,-2.417442,-0.283602,-0.282134,0.188309,0.019710,12381.250,1,2.278317,2.278317,0.947411,0.919579
tracking_cdrone3_20260822_201250_360_milestone4,milestone4,1787454867.575069666,target_map,10,18,2,predicted,-10.870305,-2.764943,1.816950,-1.667259,-0.691216,-0.028590,0.275885,0.020552,1304.188,0,1.871894,1.871894,0.805163,0.817973
tracking_cdrone3_20260822_201250_360_milestone4,milestone4,1787454867.575069666,target_map,11,19,0,detected,10.938549,3.401328,2.972034,4.239532,1.130508,0.329127,0.866715,18.605597,12443.750,0,0.109519,0.000000,0.188332,0.377380
tracking_cdrone3_20260822_201250_360_milestone4,milestone4,1787454867.675046921,target_map,6,13,0,detected,-7.829994,-1.341523,1.735059,-1.722237,0.453117,-0.277242,0.605224,0.020329,1377.500,0,0.209483,0.000000,0.223319,0.402371
tracking_cdrone3_20260822_201250_360_milestone4,milestone4,1787454867.675046921,target_map,9,17,2,predicted,-13.614232,-2.182733,1.182745,-2.417442,-0.283602,-0.282134,0.177375,0.019710,12381.250,1,2.378281,2.378281,0.982398,0.944570
tracking_cdrone3_20260822_201250_360_milestone4,milestone4,1787454867.675046921,target_map,10,18,2,predicted,-11.036971,-2.834040,1.814092,-1.667259,-0.691216,-0.028590,0.262926,0.020552,1304.188,0,1.971858,1.971858,0.840150,0.842965
tracking_cdrone3_20260822_201250_360_milestone4,milestone4,1787454867.675046921,target_map,11,19,0,detected,11.362350,3.514338,3.004936,4.239532,1.130508,0.329127,0.844445,18.605597,12443.750,0,0.209483,0.000000,0.223319,0.402371
tracking_cdrone3_20260822_201250_360_milestone4,milestone4,1787454867.759278297,raw,13,13,0,detected,-7.469565,-1.439484,1.777627,-0.001154,-0.010014,-0.051096,0.638672,0.020460,1377.500,0,0.000000,0.000000,0.000000,0.000000
tracking_cdrone3_20260822_201250_360_milestone4,milestone4,1787454867.759278297,raw,19,19,1,held,10.676361,3.510328,2.818158,0.665854,0.766955,-0.388170,0.891113,18.855558,12443.750,0,0.303554,0.303554,0.000000,0.000000
tracking_cdrone3_20260822_201250_360_milestone4,milestone4,1787454867.775292397,target_map,6,13,0,detected,-7.479719,-1.436886,1.775626,-0.775641,0.198395,-0.152861,0.636582,0.020460,1377.500,0,0.013091,0.000000,0.154582,0.353273
tracking_cdrone3_20260822_201250_360_milestone4,milestone4,1787454867.775292397,target_map,9,17,2,predicted,-13.856587,-2.211165,1.154460,-2.417442,-0.283602,-0.282134,0.166410,0.019710,12381.250,1,2.478534,2.478534,1.017487,0.969634
tracking_cdrone3_20260822_201250_360_milestone4,milestone4,1787454867.775292397,target_map,10,18,2,predicted,-11.204119,-2.903336,1.811226,-1.667259,-0.691216,-0.028590,0.249929,0.020552,1304.188,0,2.072111,2.072111,0.875239,0.868028
tracking_cdrone3_20260822_201250_360_milestone4,milestone4,1787454867.775292397,target_map,11,19,1,held,10.706130,3.522510,2.817302,2.274009,0.930554,-0.065386,0.820572,18.855558,12443.750,0,0.316645,0.000000,0.154582,0.353273
tracking_cdrone3_20260822_201250_360_milestone4,milestone4,1787454867.875185013,target_map,6,13,0,detected,-7.557189,-1.417071,1.760358,-0.775641,0.198395,-0.152861,0.620634,0.020460,1377.500,0,0.112971,0.000000,0.189540,0.378243
tracking_cdrone3_20260822_201250_360_milestone4,milestone4,1787454867.875185013,target_map,9,17,2,predicted,-14.098041,-2.239491,1.126281,-2.417442,-0.283602,-0.282134,0.155486,0.019710,12381.250,1,2.578414,2.578414,1.052445,0.994603
tracking_cdrone3_20260822_201250_360_milestone4,milestone4,1787454867.875185013,target_map,10,18,2,predicted,-11.370644,-2.972375,1.808371,-1.667259,-0.691216,-0.028590,0.236981,0.020552,1304.188,0,2.171991,2.171991,0.910197,0.892998
tracking_cdrone3_20260822_201250_360_milestone4,milestone4,1787454867.875185013,target_map,11,19,1,held,10.933257,3.615453,2.810771,2.274009,0.930554,-0.065386,0.798321,18.855558,12443.750,0,0.416525,0.000000,0.189540,0.378243
tracking_cdrone3_20260822_201250_360_milestone4,milestone4,1787454867.975107193,target_map,6,13,0,detected,-7.634704,-1.397244,1.745082,-0.775641,0.198395,-0.152861,0.604677,0.020460,1377.500,0,0.212907,0.000000,0.224517,0.403227
tracking_cdrone3_20260822_201250_360_milestone4,milestone4,1787454867.975107193,target_map,9,17,2,predicted,-14.339631,-2.267833,1.098085,-2.417442,-0.283602,-0.282134,0.144555,0.019710,12381.250,1,2.678350,2.678350,1.087422,1.019588
tracking_cdrone3_20260822_201250_360_milestone4,milestone4,1787454867.975107193,target_map,10,18,2,predicted,-11.537264,-3.041452,1.805513,-1.667259,-0.691216,-0.028590,0.224025,0.020552,1304.188,0,2.271927,2.271927,0.945174,0.917982
tracking_cdrone3_20260822_201250_360_milestone4,milestone4,1787454867.975107193,target_map,11,19,1,held,11.160513,3.708450,2.804237,2.274009,0.930554,-0.065386,0.776057,18.855558,12443.750,0,0.516461,0.000000,0.224517,0.403227
tracking_cdrone3_20260822_201250_360_milestone4,milestone4,1787454868.075597525,target_map,6,13,2,predicted,-7.712650,-1.377307,1.729720,-0.775641,0.198395,-0.152861,0.588632,0.020460,1377.500,0,0.313399,0.313399,0.259690,0.428350
tracking_cdrone3_20260822_201250_360_milestone4,milestone4,1787454868.075597525,target_map,9,17,2,predicted,-14.582565,-2.296333,1.069733,-2.417442,-0.283602,-0.282134,0.133564,0.019710,12381.250,1,2.778842,2.778842,1.122595,1.044711
tracking_cdrone3_20260822_201250_360_milestone4,milestone4,1787454868.075597525,target_map,10,18,2,predicted,-11.704810,-3.110914,1.802640,-1.667259,-0.691216,-0.028590,0.210997,0.020552,1304.188,0,2.372419,2.372419,0.980347,0.943105
tracking_cdrone3_20260822_201250_360_milestone4,milestone4,1787454868.075597525,target_map,11,19,2,predicted,11.389033,3.801963,2.797666,2.274009,0.930554,-0.065386,0.753670,18.855558,12443.750,0,0.616953,0.616953,0.259690,0.428350
tracking_cdrone3_20260822_201250_360_milestone4,milestone4,1787454868.131322145,raw,13,13,0,detected,-7.446877,-1.437350,1.755355,0.060982,0.005736,-0.059863,0.638672,0.021169,1377.500,0,0.000000,0.000000,0.000000,0.000000
tracking_cdrone3_20260822_201250_360_milestone4,milestone4,1787454868.131322145,raw,19,19,0,detected,-7.449543,-1.428308,1.753396,-48.719059,-13.274135,-2.861882,0.870605,0.018730,15056.250,1,0.000000,0.000000,0.000000,0.000000
tracking_cdrone3_20260822_201250_360_milestone4,milestone4,1787454868.175047398,target_map,6,13,0,detected,-7.459447,-1.433667,1.751302,-0.315498,0.092432,-0.101712,0.632310,0.021169,1377.500,0,0.039843,0.000000,0.163945,0.359961
tracking_cdrone3_20260822_201250_360_milestone4,milestone4,1787454868.175047398,target_map,9,17,2,predicted,-14.822967,-2.324535,1.041676,-2.417442,-0.283602,-0.282134,0.122687,0.019710,12381.250,1,2.878287,2.878287,1.157400,1.069572
tracking_cdrone3_20260822_201250_360_milestone4,milestone4,1787454868.175047398,target_map,10,18,2,predicted,-11.870610,-3.179652,1.799797,-1.667259,-0.691216,-0.028590,0.198106,0.020552,1304.188,0,2.471864,2.471864,1.015152,0.967966
tracking_cdrone3_20260822_201250_360_milestone4,milestone4,1787454868.175047398,target_map,11,19,0,detected,-7.577644,-1.457635,1.742304,-3.215140,-0.736069,-0.278401,0.861934,0.018730,15056.250,1,0.039843,0.000000,0.163945,0.359961
tracking_cdrone3_20260822_201250_360_milestone4,milestone4,1787454868.274866581,target_map,6,13,0,detected,-7.490939,-1.424441,1.741150,-0.315498,0.092432,-0.101712,0.616373,0.021169,1377.500,0,0.139658,0.000000,0.198880,0.384915
tracking_cdrone3_20260822_201250_360_milestone4,milestone4,1787454868.274866581,target_map,9,17,2,predicted,-15.064264,-2.352843,1.013515,-2.417442,-0.283602,-0.282134,0.111770,0.019710,12381.250,1,2.978102,2.978102,1.192336,1.094525
tracking_cdrone3_20260822_201250_360_milestone4,milestone4,1787454868.274866581,target_map,10,18,2,predicted,-12.037027,-3.248646,1.796944,-1.667259,-0.691216,-0.028590,0.185166,0.020552,1304.188,0,2.571679,2.571679,1.050088,0.992920
tracking_cdrone3_20260822_201250_360_milestone4,milestone4,1787454868.274866581,target_map,11,19,0,detected,-7.898564,-1.531106,1.714515,-3.215140,-0.736069,-0.278401,0.840209,0.018730,15056.250,1,0.139658,0.000000,0.198880,0.384915
tracking_cdrone3_20260822_201250_360_milestone4,milestone4,1787454868.378148556,target_map,6,13,0,detected,-7.523525,-1.414894,1.730644,-0.315498,0.092432,-0.101712,0.599881,0.021169,1377.500,0,0.242946,0.000000,0.235031,0.410736
tracking_cdrone3_20260822_201250_360_milestone4,milestone4,1787454868.378148556,target_map,9,17,2,predicted,-15.313955,-2.382136,0.984374,-2.417442,-0.283602,-0.282134,0.100473,0.019710,12381.250,1,3.081389,3.081389,1.228486,1.120347
tracking_cdrone3_20260822_201250_360_milestone4,milestone4,1787454868.378148556,target_map,10,18,2,predicted,-12.209234,-3.320040,1.793990,-1.667259,-0.691216,-0.028590,0.171776,0.020552,1304.188,0,2.674966,2.674966,1.086238,1.018742
tracking_cdrone3_20260822_201250_360_milestone4,milestone4,1787454868.378148556,target_map,11,19,0,detected,-8.230648,-1.607133,1.685760,-3.215140,-0.736069,-0.278401,0.817728,0.018730,15056.250,1,0.242946,0.000000,0.235031,0.410736
tracking_cdrone3_20260822_201250_360_milestone4,milestone4,1787454868.474970579,target_map,6,13,2,predicted,-7.554070,-1.405945,1.720797,-0.315498,0.092432,-0.101712,0.584423,0.021169,1377.500,0,0.339758,0.339758,0.268915,0.434940
tracking_cdrone3_20260822_201250_360_milestone4,milestone4,1787454868.474970579,target_map,9,17,2,predicted,-15.547995,-2.409592,0.957060,-2.417442,-0.283602,-0.282134,0.089884,0.019710,12381.250,1,3.178202,3.178202,1.262371,1.144551
tracking_cdrone3_20260822_201250_360_milestone4,milestone4,1787454868.474970579,target_map,10,18,2,predicted,-12.370646,-3.386958,1.791223,-1.667259,-0.691216,-0.028590,0.159225,0.020552,1304.188,0,2.771779,2.771779,1.120123,1.042945
tracking_cdrone3_20260822_201250_360_milestone4,milestone4,1787454868.474970579,target_map,11,19,2,predicted,-8.541914,-1.678394,1.658807,-3.215140,-0.736069,-0.278401,0.796657,0.018730,15056.250,1,0.339758,0.339758,0.268915,0.434940
tracking_cdrone3_20260822_201250_360_milestone4,milestone4,1787454868.501127958,raw,13,13,0,detected,12.189004,-4.867798,3.542483,53.097813,-9.276350,4.832613,0.511719,19.926548,1168.000,0,0.000000,0.000000,0.000000,0.000000
tracking_cdrone3_20260822_201250_360_milestone4,milestone4,1787454868.501127958,raw,19,19,0,detected,-3.324530,-0.168107,1.659998,11.154540,3.407737,-0.252560,0.870605,4.202295,16975.875,0,0.000000,0.000000,0.000000,0.000000
tracking_cdrone3_20260822_201250_360_milestone4,milestone4,1787454868.575002670,target_map,6,13,0,detected,12.484525,-4.918238,3.567054,4.175063,-0.712605,0.347138,0.502664,19.926548,1168.000,0,0.070782,0.000000,0.174774,0.367696
tracking_cdrone3_20260822_201250_360_milestone4,milestone4,1787454868.575002670,target_map,9,17,2,predicted,-15.789843,-2.437964,0.928835,-2.417442,-0.283602,-0.282134,0.078942,0.019710,12381.250,1,3.278245,3.278245,1.297386,1.169561
tracking_cdrone3_20260822_201250_360_milestone4,milestone4,1787454868.575002670,target_map,10,18,2,predicted,-12.537443,-3.456109,1.788363,-1.667259,-0.691216,-0.028590,0.146256,0.020552,1304.188,0,2.871822,2.871822,1.155138,1.067955
tracking_cdrone3_20260822_201250_360_milestone4,milestone4,1787454868.575002670,target_map,11,19,0,detected,-3.129155,-0.100579,1.644388,2.760211,0.954024,-0.220535,0.855200,4.202295,16975.875,0,0.070782,0.000000,0.174774,0.367696
tracking_cdrone3_20260822_201250_360_milestone4,milestone4,1787454868.675088167,target_map,6,13,0,detected,12.902344,-4.989552,3.601794,4.175063,-0.712605,0.347138,0.489861,19.926548,1168.000,0,0.170857,0.000000,0.209800,0.392714
tracking_cdrone3_20260822_201250_360_milestone4,milestone4,1787454868.675088167,target_map,9,17,2,predicted,-16.031767,-2.466346,0.900600,-2.417442,-0.283602,-0.282134,0.067996,0.019710,12381.250,1,3.378320,3.378320,1.332412,1.194580
tracking_cdrone3_20260822_201250_360_milestone4,milestone4,1787454868.675088167,target_map,10,18,2,predicted,-12.704294,-3.525283,1.785501,-1.667259,-0.691216,-0.028590,0.133282,0.020552,1304.188,0,2.971897,2.971897,1.190164,1.092974
tracking_cdrone3_20260822_201250_360_milestone4,milestone4,1787454868.675088167,target_map,11,19,0,detected,-2.852928,-0.005105,1.622318,2.760211,0.954024,-0.220535,0.833418,4.202295,16975.875,0,0.170857,0.000000,0.209800,0.392714
tracking_cdrone3_20260822_201250_360_milestone4,milestone4,1787454868.775347471,target_map,6,13,2,predicted,13.320932,-5.060997,3.636598,4.175063,-0.712605,0.347138,0.477035,19.926548,1168.000,0,0.271116,0.271116,0.244891,0.417779
tracking_cdrone3_20260822_201250_360_milestone4,milestone4,1787454868.775347471,target_map,9,17,2,predicted,-16.274137,-2.494779,0.872314,-2.417442,-0.283602,-0.282134,0.057030,0.019710,12381.250,1,3.478579,3.478579,1.367503,1.219645
tracking_cdrone3_20260822_201250_360_milestone4,milestone4,1787454868.775347471,target_map,10,18,2,predicted,-12.871452,-3.594584,1.782635,-1.667259,-0.691216,-0.028590,0.120284,0.020552,1304.188,0,3.072156,3.072156,1.225255,1.118039
tracking_cdrone3_20260822_201250_360_milestone4,milestone4,1787454868.775347471,target_map,11,19,2,predicted,-2.576191,0.090545,1.600207,2.760211,0.954024,-0.220535,0.811597,4.202295,16975.875,0,0.271116,0.271116,0.244891,0.417779
tracking_cdrone3_20260822_201250_360_milestone4,milestone4,1787454868.873794079,raw,13,13,0,detected,1.302817,-2.772231,3.312813,-29.211691,5.623186,-0.616291,0.751953,8.828261,1384.250,1,0.000000,0.000000,0.000000,0.000000
tracking_cdrone3_20260822_201250_360_milestone4,milestone4,1787454868.873794079,raw,19,19,0,detected,-3.465824,-0.105876,2.257112,-0.379143,0.166989,1.602280,0.895020,4.012882,18505.688,1,0.000000,0.000000,0.000000,0.000000
tracking_cdrone3_20260822_201250_360_milestone4,milestone4,1787454868.874983311,target_map,6,13,2,predicted,13.736832,-5.131983,3.671178,4.175063,-0.712605,0.347138,0.464291,19.926548,1168.000,0,0.370732,0.370732,0.279756,0.442683
tracking_cdrone3_20260822_201250_360_milestone4,milestone4,1787454868.874983311,target_map,9,17,2,predicted,-16.514952,-2.523030,0.844209,-2.417442,-0.283602,-0.282134,0.046135,0.019710,12381.250,1,3.578194,3.578194,1.402368,1.244549
tracking_cdrone3_20260822_201250_360_milestone4,milestone4,1787454868.874983311,target_map,10,18,2,predicted,-13.037537,-3.663439,1.779787,-1.667259,-0.691216,-0.028590,0.107371,0.020552,1304.188,0,3.171771,3.171771,1.260120,1.142943
tracking_cdrone3_20260822_201250_360_milestone4,milestone4,1787454868.874983311,target_map,11,19,2,predicted,-2.301233,0.185580,1.578238,2.760211,0.954024,-0.220535,0.789915,4.202295,16975.875,0,0.370732,0.370732,0.279756,0.442683
tracking_cdrone3_20260822_201250_360_milestone4,milestone4,1787454868.975075960,target_map,6,13,0,detected,1.086012,-2.726856,3.318593,-2.440971,0.510870,0.065076,0.735256,8.828261,1384.250,1,0.088819,0.000000,0.181087,0.372205
tracking_cdrone3_20260822_201250_360_milestone4,milestone4,1787454868.975075960,target_map,9,17,2,predicted,-16.756977,-2.551423,0.815963,-2.417442,-0.283602,-0.282134,0.035185,0.019710,12381.250,1,3.678310,3.678310,1.437409,1.269578
tracking_cdrone3_20260822_201250_360_milestone4,milestone4,1787454868.975075960,target_map,10,18,2,predicted,-13.204456,-3.732641,1.776925,-1.667259,-0.691216,-0.028590,0.094392,0.020552,1304.188,0,3.271887,3.271887,1.295161,1.167972
tracking_cdrone3_20260822_201250_360_milestone4,milestone4,1787454868.975075960,target_map,11,19,0,detected,-3.374023,-0.059587,2.326570,1.033566,0.521155,0.782013,0.875146,4.012882,18505.688,1,0.088819,0.000000,0.181087,0.372205
tracking_cdrone3_20260822_201250_360_milestone4,milestone4,1787454869.076701164,target_map,6,13,0,detected,0.837987,-2.674947,3.325205,-2.440971,0.510870,0.065076,0.716155,8.828261,1384.250,1,0.190428,0.000000,0.216650,0.397607
tracking_cdrone3_20260822_201250_360_milestone4,milestone4,1787454869.076701164,target_map,9,17,2,predicted,-17.002611,-2.580240,0.787295,-2.417442,-0.283602,-0.282134,0.024071,0.019710,12381.250,1,3.779920,3.779920,1.472972,1.294980
tracking_cdrone3_20260822_201250_360_milestone4,milestone4,1787454869.076701164,target_map,10,18,2,predicted,-13.373865,-3.802875,1.774020,-1.667259,-0.691216,-0.028590,0.081219,0.020552,1304.188,0,3.373497,3.373497,1.330724,1.193374
tracking_cdrone3_20260822_201250_360_milestone4,milestone4,1787454869.076701164,target_map,11,19,0,detected,-3.269003,-0.006633,2.406030,1.033566,0.521155,0.782013,0.852410,4.012882,18505.688,1,0.190428,0.000000,0.216650,0.397607
tracking_cdrone3_20260822_201250_360_milestone4,milestone4,1787454869.175039291,target_map,6,13,2,predicted,0.597902,-2.624699,3.331606,-2.440971,0.510870,0.065076,0.697665,8.828261,1384.250,1,0.288785,0.288785,0.251075,0.422196
tracking_cdrone3_20260822_201250_360_milestone4,milestone4,1787454869.175039291,target_map,9,17,2,predicted,-17.240383,-2.608134,0.759546,-2.417442,-0.283602,-0.282134,0.013314,0.019710,12381.250,1,3.878276,3.878276,1.507397,1.319569
tracking_cdrone3_20260822_201250_360_milestone4,milestone4,1787454869.175039291,target_map,10,18,2,predicted,-13.537850,-3.870860,1.771208,-1.667259,-0.691216,-0.028590,0.068468,0.020552,1304.188,0,3.471853,3.471853,1.365148,1.217963
tracking_cdrone3_20260822_201250_360_milestone4,milestone4,1787454869.175039291,target_map,11,19,2,predicted,-3.167346,0.044625,2.482946,1.033566,0.521155,0.782013,0.830403,4.012882,18505.688,1,0.288785,0.288785,0.251075,0.422196
tracking_cdrone3_20260822_201250_360_milestone4,milestone4,1787454869.274779558,target_map,6,13,2,predicted,0.354485,-2.573755,3.338095,-2.440971,0.510870,0.065076,0.678918,8.828261,1384.250,1,0.388506,0.388506,0.285977,0.447127
tracking_cdrone3_20260822_201250_360_milestone4,milestone4,1787454869.274779558,target_map,9,17,2,predicted,-17.481453,-2.636415,0.731411,-2.417442,-0.283602,-0.282134,0.002407,0.019710,12381.250,1,3.977998,3.977998,1.542299,1.344499
tracking_cdrone3_20260822_201250_360_milestone4,milestone4,1787454869.274779558,target_map,10,18,2,predicted,-13.704112,-3.939790,1.768357,-1.667259,-0.691216,-0.028590,0.055541,0.020552,1304.188,0,3.571574,3.571574,1.400051,1.242894
tracking_cdrone3_20260822_201250_360_milestone4,milestone4,1787454869.274779558,target_map,11,19,2,predicted,-3.064277,0.096596,2.560930,1.033566,0.521155,0.782013,0.808089,4.012882,18505.688,1,0.388506,0.388506,0.285977,0.447127
tracking_cdrone3_20260822_201250_360_milestone4,milestone4,1787454869.276298523,raw,13,13,0,detected,-7.197894,-1.253229,1.764440,-21.119936,3.773945,-3.846917,0.751953,0.019634,1384.250,1,0.000000,0.000000,0.000000,0.000000
tracking_cdrone3_20260822_201250_360_milestone4,milestone4,1787454869.276298523,raw,19,19,0,detected,-3.396301,-0.228338,2.349018,0.172727,-0.304255,0.228338,0.852051,3.997974,21033.750,0,0.000000,0.000000,0.000000,0.000000
tracking_cdrone3_20260822_201250_360_milestone4,milestone4,1787454869.374974728,target_map,6,13,0,detected,-7.613033,-1.176445,1.706582,-5.361835,0.991723,-0.747278,0.737398,0.019634,1384.250,1,0.077425,0.000000,0.177099,0.369356
tracking_cdrone3_20260822_201250_360_milestone4,milestone4,1787454869.374974728,target_map,9,17,2,predicted,-17.723721,-2.664836,0.703136,-2.417442,-0.283602,-0.282134,0.000000,0.019710,12381.250,1,4.078214,4.078214,1.577375,1.369553
tracking_cdrone3_20260822_201250_360_milestone4,milestone4,1787454869.374974728,target_map,10,18,2,predicted,-13.871199,-4.009060,1.765491,-1.667259,-0.691216,-0.028590,0.042549,0.020552,1304.188,0,3.671791,3.671791,1.435127,1.267948
tracking_cdrone3_20260822_201250_360_milestone4,milestone4,1787454869.374974728,target_map,11,19,0,detected,-3.352935,-0.223136,2.385988,0.560105,0.067179,0.477492,0.835558,3.997974,21033.750,0,0.077425,0.000000,0.177099,0.369356
tracking_cdrone3_20260822_201250_360_milestone4,milestone4,1787454869.474983454,target_map,6,13,0,detected,-8.149271,-1.077263,1.631847,-5.361835,0.991723,-0.747278,0.718597,0.019634,1384.250,1,0.177435,0.000000,0.212102,0.394359
tracking_cdrone3_20260822_201250_360_milestone4,milestone4,1787454869.474983454,target_map,9,17,2,predicted,-17.965488,-2.693200,0.674920,-2.417442,-0.283602,-0.282134,0.000000,0.019710,12381.250,1,4.178224,4.178224,1.612378,1.394556
tracking_cdrone3_20260822_201250_360_milestone4,milestone4,1787454869.474983454,target_map,10,18,2,predicted,-14.037941,-4.078189,1.762632,-1.667259,-0.691216,-0.028590,0.029583,0.020552,1304.188,0,3.771801,3.771801,1.470130,1.292950
tracking_cdrone3_20260822_201250_360_milestone4,milestone4,1787454869.474983454,target_map,11,19,0,detected,-3.296919,-0.216418,2.433742,0.560105,0.067179,0.477492,0.814255,3.997974,21033.750,0,0.177435,0.000000,0.212102,0.394359
tracking_cdrone3_20260822_201250_360_milestone4,milestone4,1787454869.574989080,target_map,6,13,2,predicted,-8.685477,-0.978087,1.557116,-5.361835,0.991723,-0.747278,0.699798,0.019634,1384.250,1,0.277439,0.277439,0.247104,0.419360
tracking_cdrone3_20260822_201250_360_milestone4,milestone4,1787454869.574989080,target_map,9,17,2,predicted,-18.207243,-2.721561,0.646705,-2.417442,-0.283602,-0.282134,0.000000,0.019710,12381.250,1,4.278228,4.278228,1.647380,1.419557
tracking_cdrone3_20260822_201250_360_milestone4,milestone4,1787454869.574989080,target_map,10,18,2,predicted,-14.204674,-4.147314,1.759773,-1.667259,-0.691216,-0.028590,0.016619,0.020552,1304.188,0,3.871805,3.871805,1.505132,1.317951
tracking_cdrone3_20260822_201250_360_milestone4,milestone4,1787454869.574989080,target_map,11,19,2,predicted,-3.240906,-0.209700,2.481493,0.560105,0.067179,0.477492,0.792953,3.997974,21033.750,0,0.277439,0.277439,0.247104,0.419360
tracking_cdrone3_20260822_201250_360_milestone4,milestone4,1787454869.658904076,raw,13,13,1,held,-7.346363,-1.102315,1.689468,-0.388042,0.394433,-0.195950,0.751953,0.230391,1384.250,1,0.382610,0.382610,0.000000,0.000000
tracking_cdrone3_20260822_201250_360_milestone4,milestone4,1787454869.658904076,raw,19,19,1,held,-3.338230,0.080062,2.219281,0.151777,0.806043,-0.339084,0.852051,4.006887,21033.750,0,0.382610,0.382610,0.000000,0.000000
tracking_cdrone3_20260822_201250_360_milestone4,milestone4,1787454869.676421642,target_map,6,13,1,held,-7.378247,-1.094263,1.684076,-2.626249,0.663214,-0.444048,0.677745,0.230391,1384.250,1,0.394750,0.000000,0.154249,0.353035
tracking_cdrone3_20260822_201250_360_milestone4,milestone4,1787454869.676421642,target_map,9,17,2,predicted,-18.452431,-2.750325,0.618090,-2.417442,-0.283602,-0.282134,0.000000,0.019710,12381.250,1,4.379652,4.379652,1.682878,1.444913
tracking_cdrone3_20260822_201250_360_milestone4,milestone4,1787454869.676421642,target_map,10,18,2,predicted,-14.373774,-4.217420,1.756873,-1.667259,-0.691216,-0.028590,0.003471,0.020552,1304.188,0,3.973229,3.973229,1.540630,1.343307
tracking_cdrone3_20260822_201250_360_milestone4,milestone4,1787454869.676421642,target_map,11,19,1,held,-3.334156,0.085811,2.219625,0.335524,0.473554,0.028375,0.767964,4.006887,21033.750,0,0.394750,0.000000,0.154249,0.353035
tracking_cdrone3_20260822_201250_360_milestone4,milestone4,1787454869.775008202,target_map,6,13,1,held,-7.637188,-1.028872,1.640295,-2.626249,0.663214,-0.444048,0.659210,0.230391,1384.250,1,0.493348,0.000000,0.188758,0.377685
tracking_cdrone3_20260822_201250_360_milestone4,milestone4,1787454869.775008202,target_map,9,17,2,predicted,-18.690783,-2.778287,0.590273,-2.417442,-0.283602,-0.282134,0.000000,0.019710,12381.250,1,4.478250,4.478250,1.717387,1.469562
tracking_cdrone3_20260822_201250_360_milestone4,milestone4,1787454869.775008202,target_map,10,18,2,predicted,-14.538161,-4.285572,1.754055,-1.667259,-0.691216,-0.028590,0.000000,0.020552,1304.188,0,4.071826,4.071826,1.575139,1.367957
tracking_cdrone3_20260822_201250_360_milestone4,milestone4,1787454869.775008202,target_map,11,19,1,held,-3.301075,0.132502,2.222423,0.335524,0.473554,0.028375,0.746961,4.006887,21033.750,0,0.493348,0.000000,0.188758,0.377685
tracking_cdrone3_20260822_201250_360_milestone4,milestone4,1787454869.875049353,target_map,6,13,1,held,-7.899902,-0.962528,1.595875,-2.626249,0.663214,-0.444048,0.640404,0.230391,1384.250,1,0.593382,0.000000,0.223770,0.402693
tracking_cdrone3_20260822_201250_360_milestone4,milestone4,1787454869.875049353,target_map,9,17,2,predicted,-18.932610,-2.806657,0.562050,-2.417442,-0.283602,-0.282134,0.000000,0.019710,12381.250,1,4.578283,4.578283,1.752399,1.494571
tracking_cdrone3_20260822_201250_360_milestone4,milestone4,1787454869.875049353,target_map,10,18,2,predicted,-14.704944,-4.354717,1.751195,-1.667259,-0.691216,-0.028590,0.000000,0.020552,1304.188,0,4.171860,4.171860,1.610151,1.392965
tracking_cdrone3_20260822_201250_360_milestone4,milestone4,1787454869.875049353,target_map,11,19,1,held,-3.267511,0.179874,2.225262,0.335524,0.473554,0.028375,0.725653,4.006887,21033.750,0,0.593382,0.000000,0.223770,0.402693
tracking_cdrone3_20260822_201250_360_milestone4,milestone4,1787454869.975077391,target_map,6,13,2,predicted,-8.162624,-0.896182,1.551453,-2.626249,0.663214,-0.444048,0.621599,0.230391,1384.250,1,0.693419,0.693419,0.258783,0.427702
tracking_cdrone3_20260822_201250_360_milestone4,milestone4,1787454869.975077391,target_map,9,17,2,predicted,-19.174444,-2.835028,0.533826,-2.417442,-0.283602,-0.282134,0.000000,0.019710,12381.250,1,4.678320,4.678320,1.787412,1.519580
tracking_cdrone3_20260822_201250_360_milestone4,milestone4,1787454869.975077391,target_map,10,18,2,predicted,-14.871732,-4.423864,1.748335,-1.667259,-0.691216,-0.028590,0.000000,0.020552,1304.188,0,4.271897,4.271897,1.645164,1.417974
tracking_cdrone3_20260822_201250_360_milestone4,milestone4,1787454869.975077391,target_map,11,19,2,predicted,-3.233946,0.227247,2.228100,0.335524,0.473554,0.028375,0.704344,4.006887,21033.750,0,0.693419,0.693419,0.258783,0.427702
tracking_cdrone3_20260822_201250_360_milestone4,milestone4,1787454870.019541502,raw,13,13,0,detected,13.158430,-5.067077,5.564576,56.856522,-10.993653,10.745059,0.751953,20.955597,1384.250,0,0.000000,0.000000,0.000000,0.000000
tracking_cdrone3_20260822_201250_360_milestone4,milestone4,1787454870.019541502,raw,17,17,0,detected,-3.353075,-0.370285,2.360052,0.000000,0.000000,0.000000,0.880371,3.816826,17998.125,0,0.000000,0.000000,0.000000,0.000000
tracking_cdrone3_20260822_201250_360_milestone4,milestone4,1787454870.080993176,target_map,6,13,0,detected,13.336222,-5.097399,5.599541,3.065675,-0.522839,0.602892,0.741051,20.955597,1384.250,0,0.057994,0.000000,0.170298,0.364499
tracking_cdrone3_20260822_201250_360_milestone4,milestone4,1787454870.080993176,target_map,9,17,0,detected,-3.308605,-0.360960,2.365105,0.766789,0.160787,0.087134,0.867607,3.816826,17998.125,0,0.057994,0.000000,0.170298,0.364499
tracking_cdrone3_20260822_201250_360_milestone4,milestone4,1787454870.080993176,target_map,10,18,2,predicted,-15.048318,-4.497074,1.745306,-1.667259,-0.691216,-0.028590,0.000000,0.020552,1304.188,0,4.377811,4.377811,1.682234,1.444453
tracking_cdrone3_20260822_201250_360_milestone4,milestone4,1787454870.080993176,target_map,11,19,2,predicted,-3.198409,0.277403,2.231106,0.335524,0.473554,0.028375,0.681783,4.006887,21033.750,0,0.799333,0.799333,0.295853,0.454181
tracking_cdrone3_20260822_201250_360_milestone4,milestone4,1787454870.174886227,target_map,6,13,0,detected,13.624067,-5.146490,5.656148,3.065675,-0.522839,0.602892,0.723400,20.955597,1384.250,0,0.151887,0.000000,0.203161,0.387972
tracking_cdrone3_20260822_201250_360_milestone4,milestone4,1787454870.174886227,target_map,9,17,0,detected,-3.236609,-0.345864,2.373286,0.766789,0.160787,0.087134,0.846942,3.816826,17998.125,0,0.151887,0.000000,0.203161,0.387972
tracking_cdrone3_20260822_201250_360_milestone4,milestone4,1787454870.174886227,target_map,10,18,2,predicted,-15.204862,-4.561974,1.742622,-1.667259,-0.691216,-0.028590,0.000000,0.020552,1304.188,0,4.471704,4.471704,1.715097,1.467926
tracking_cdrone3_20260822_201250_360_milestone4,milestone4,1787454870.174886227,target_map,11,19,2,predicted,-3.166906,0.321866,2.233770,0.335524,0.473554,0.028375,0.661782,4.006887,21033.750,0,0.893226,0.893226,0.328716,0.477654
tracking_cdrone3_20260822_201250_360_milestone4,milestone4,1787454870.275623798,target_map,6,13,2,predicted,13.932906,-5.199161,5.716884,3.065675,-0.522839,0.602892,0.704462,20.955597,1384.250,0,0.252628,0.252628,0.238420,0.413157
tracking_cdrone3_20260822_201250_360_milestone4,milestone4,1787454870.275623798,target_map,9,17,2,predicted,-3.159362,-0.329666,2.382064,0.766789,0.160787,0.087134,0.824769,3.816826,17998.125,0,0.252628,0.252628,0.238420,0.413157
tracking_cdrone3_20260822_201250_360_milestone4,milestone4,1787454870.275623798,target_map,10,18,2,predicted,-15.372823,-4.631608,1.739742,-1.667259,-0.691216,-0.028590,0.000000,0.020552,1304.188,0,4.572445,4.572445,1.750356,1.493111
tracking_cdrone3_20260822_201250_360_milestone4,milestone4,1787454870.275623798,target_map,11,19,2,predicted,-3.133105,0.369573,2.236628,0.335524,0.473554,0.028375,0.640323,4.006887,21033.750,0,0.993967,0.993967,0.363975,0.502839
tracking_cdrone3_20260822_201250_360_milestone4,milestone4,1787454870.375198126,target_map,6,13,2,predicted,14.238145,-5.251218,5.776912,3.065675,-0.522839,0.602892,0.685745,20.955597,1384.250,0,0.352195,0.352195,0.273268,0.438049
tracking_cdrone3_20260822_201250_360_milestone4,milestone4,1787454870.375198126,target_map,9,17,2,predicted,-3.083015,-0.313657,2.390740,0.766789,0.160787,0.087134,0.802856,3.816826,17998.125,0,0.352195,0.352195,0.273268,0.438049
tracking_cdrone3_20260822_201250_360_milestone4,milestone4,1787454870.375198126,target_map,10,18,2,predicted,-15.538826,-4.700429,1.736895,-1.667259,-0.691216,-0.028590,0.000000,0.020552,1304.188,0,4.672012,4.672012,1.785204,1.518003
tracking_cdrone3_20260822_201250_360_milestone4,milestone4,1787454870.375198126,target_map,11,19,2,predicted,-3.099698,0.416723,2.239454,0.335524,0.473554,0.028375,0.619114,4.006887,21033.750,0,1.093533,1.093533,0.398823,0.527731
tracking_cdrone3_20260822_201250_360_milestone4,milestone4,1787454870.380598783,raw,13,13,0,detected,13.497420,-5.139252,3.946965,0.938893,-0.199900,-4.480262,0.751953,21.001795,1384.250,0,0.000000,0.000000,0.000000,0.000000
tracking_cdrone3_20260822_201250_360_milestone4,milestone4,1787454870.380598783,raw,17,17,0,detected,-3.205380,-0.376011,2.091758,0.409066,-0.015859,-0.743087,0.711914,3.836541,18434.500,0,0.000000,0.000000,0.000000,0.000000
tracking_cdrone3_20260822_201250_360_milestone4,milestone4,1787454870.475342989,target_map,6,13,0,detected,13.665413,-5.169841,3.752666,1.895945,-0.345222,-2.192843,0.735296,21.001795,1384.250,0,0.088606,0.000000,0.181012,0.372152
tracking_cdrone3_20260822_201250_360_milestone4,milestone4,1787454870.475342989,target_map,9,17,0,detected,-3.154871,-0.370373,2.059019,0.570042,0.063631,-0.369488,0.696144,3.836541,18434.500,0,0.088606,0.000000,0.181012,0.372152
tracking_cdrone3_20260822_201250_360_milestone4,milestone4,1787454870.475342989,target_map,10,18,2,predicted,-15.705807,-4.769657,1.734032,-1.667259,-0.691216,-0.028590,0.000000,0.020552,1304.188,0,4.772165,4.772165,1.820258,1.543041
tracking_cdrone3_20260822_201250_360_milestone4,milestone4,1787454870.475342989,target_map,11,19,2,predicted,-3.066094,0.464151,2.242295,0.335524,0.473554,0.028375,0.597780,4.006887,21033.750,0,1.193686,1.193686,0.433877,0.552769
tracking_cdrone3_20260822_201250_360_milestone4,milestone4,1787454870.576469421,target_map,6,13,0,detected,13.857140,-5.204751,3.530916,1.895945,-0.345222,-2.192843,0.716286,21.001795,1384.250,0,0.189731,0.000000,0.216406,0.397433
tracking_cdrone3_20260822_201250_360_milestone4,milestone4,1787454870.576469421,target_map,9,17,0,detected,-3.097226,-0.363938,2.021655,0.570042,0.063631,-0.369488,0.678146,3.836541,18434.500,0,0.189731,0.000000,0.216406,0.397433
tracking_cdrone3_20260822_201250_360_milestone4,milestone4,1787454870.576469421,target_map,10,18,2,predicted,-15.874407,-4.839556,1.731141,-1.667259,-0.691216,-0.028590,0.000000,0.020552,1304.188,0,4.873289,4.873289,1.855651,1.568322
tracking_cdrone3_20260822_201250_360_milestone4,milestone4,1787454870.576469421,target_map,11,19,2,predicted,-3.032164,0.512039,2.245165,0.335524,0.473554,0.028375,0.576240,4.006887,21033.750,0,1.294811,1.294811,0.469270,0.578050
tracking_cdrone3_20260822_201250_360_milestone4,milestone4,1787454870.675118208,target_map,6,13,2,predicted,14.044146,-5.238802,3.314625,1.895945,-0.345222,-2.192843,0.697744,21.001795,1384.250,0,0.288366,0.288366,0.250928,0.422091
tracking_cdrone3_20260822_201250_360_milestone4,milestone4,1787454870.675118208,target_map,9,17,2,predicted,-3.041000,-0.357662,1.985210,0.570042,0.063631,-0.369488,0.660591,3.836541,18434.500,0,0.288366,0.288366,0.250928,0.422091
tracking_cdrone3_20260822_201250_360_milestone4,milestone4,1787454870.675118208,target_map,10,18,2,predicted,-16.038857,-4.907733,1.728321,-1.667259,-0.691216,-0.028590,0.000000,0.020552,1304.188,0,4.971924,4.971924,1.890173,1.592981
tracking_cdrone3_20260822_201250_360_milestone4,milestone4,1787454870.675118208,target_map,11,19,2,predicted,-2.999070,0.558748,2.247963,0.335524,0.473554,0.028375,0.555229,4.006887,21033.750,0,1.393445,1.393445,0.503793,0.602709
tracking_cdrone3_20260822_201250_360_milestone4,milestone4,1787454870.776576996,target_map,6,13,2,predicted,14.236516,-5.273829,3.092130,1.895945,-0.345222,-2.192843,0.678670,21.001795,1384.250,0,0.389830,0.389830,0.286440,0.447457
tracking_cdrone3_20260822_201250_360_milestone4,milestone4,1787454870.776576996,target_map,9,17,2,predicted,-2.983161,-0.351206,1.947721,0.570042,0.063631,-0.369488,0.642533,3.836541,18434.500,0,0.389830,0.389830,0.286440,0.447457
tracking_cdrone3_20260822_201250_360_milestone4,milestone4,1787454870.776576996,target_map,11,19,2,predicted,-2.965026,0.606796,2.250843,0.335524,0.473554,0.028375,0.533616,4.006887,21033.750,0,1.494910,1.494910,0.539305,0.628075
tracking_cdrone3_20260822_201250_360_milestone4,milestone4,1787454870.778892756,raw,13,13,1,held,13.780697,-3.160662,5.653962,0.711223,4.967644,4.285755,0.751953,21.020008,1384.250,0,0.398295,0.398295,0.000000,0.000000
tracking_cdrone3_20260822_201250_360_milestone4,milestone4,1787454870.778892756,raw,17,17,1,held,-3.024099,-0.096153,2.455369,0.455144,0.702639,0.912917,0.711914,3.871426,18434.500,0,0.398295,0.398295,0.000000,0.000000
tracking_cdrone3_20260822_201250_360_milestone4,milestone4,1787454870.875058413,target_map,6,13,1,held,13.893955,-2.926121,5.778692,1.244348,2.576854,1.370386,0.659968,21.020008,1384.250,0,0.489314,0.000000,0.181856,0.372755
tracking_cdrone3_20260822_201250_360_milestone4,milestone4,1787454870.875058413,target_map,9,17,1,held,-2.977966,-0.058373,2.485936,0.506848,0.415085,0.335835,0.624827,3.871426,18434.500,0,0.489314,0.000000,0.181856,0.372755
tracking_cdrone3_20260822_201250_360_milestone4,milestone4,1787454870.875058413,target_map,11,19,2,predicted,-2.931981,0.653435,2.253637,0.335524,0.473554,0.028375,0.512637,4.006887,21033.750,0,1.593397,1.593397,0.573775,0.652697
tracking_cdrone3_20260822_201250_360_milestone4,milestone4,1787454870.975340605,target_map,6,13,1,held,14.018466,-2.668278,5.915814,1.244348,2.576854,1.370386,0.641158,21.020008,1384.250,0,0.589375,0.000000,0.216878,0.397770
tracking_cdrone3_20260822_201250_360_milestone4,milestone4,1787454870.975340605,target_map,9,17,1,held,-2.927250,-0.016839,2.519540,0.506848,0.415085,0.335835,0.607018,3.871426,18434.500,0,0.589375,0.000000,0.216878,0.397770
tracking_cdrone3_20260822_201250_360_milestone4,milestone4,1787454870.975340605,target_map,11,19,2,predicted,-2.898408,0.700820,2.256476,0.335524,0.473554,0.028375,0.491323,4.006887,21033.750,0,1.693458,1.693458,0.608797,0.677712
tracking_cdrone3_20260822_201250_360_milestone4,milestone4,1787454871.075074196,target_map,6,13,2,predicted,14.142837,-2.410726,6.052782,1.244348,2.576854,1.370386,0.622369,21.020008,1384.250,0,0.689323,0.689323,0.251860,0.422757
tracking_cdrone3_20260822_201250_360_milestone4,milestone4,1787454871.075074196,target_map,9,17,2,predicted,-2.876592,0.024648,2.553106,0.506848,0.415085,0.335835,0.589229,3.871426,18434.500,0,0.689323,0.689323,0.251860,0.422757
tracking_cdrone3_20260822_201250_360_milestone4,milestone4,1787454871.075074196,target_map,11,19,2,predicted,-2.864873,0.748151,2.259312,0.335524,0.473554,0.028375,0.470033,4.006887,21033.750,0,1.793406,1.793406,0.643779,0.702699
tracking_cdrone3_20260822_201250_360_milestone4,milestone4,1787454871.163388491,raw,13,13,0,detected,-0.920088,2.830870,0.195078,-38.233673,15.582725,-14.197419,0.751953,7.034468,1384.250,1,0.000000,0.000000,0.000000,0.000000
tracking_cdrone3_20260822_201250_360_milestone4,milestone4,1787454871.163388491,raw,17,17,0,detected,-1.134266,-0.591168,0.258010,4.915060,-1.287429,-5.714872,0.711914,5.789011,18434.500,0,0.000000,0.000000,0.000000,0.000000
tracking_cdrone3_20260822_201250_360_milestone4,milestone4,1787454871.163388491,raw,19,19,0,detected,-0.462746,-0.929507,0.261080,0.000000,0.000000,0.000000,0.852051,6.430724,21033.750,0,0.000000,0.000000,0.000000,0.000000
tracking_cdrone3_20260822_201250_360_milestone4,milestone4,1787454871.175253391,target_map,6,13,0,detected,-0.946877,2.853078,0.188455,-3.293179,2.729989,-0.814122,0.750424,7.034468,1384.250,1,0.008135,0.000000,0.152847,0.352034
tracking_cdrone3_20260822_201250_360_milestone4,milestone4,1787454871.175253391,target_map,9,17,0,detected,-1.110421,-0.595408,0.233671,2.931365,-0.521297,-2.992054,0.710466,5.789011,18434.500,0,0.008135,0.000000,0.152847,0.352034
tracking_cdrone3_20260822_201250_360_milestone4,milestone4,1787454871.175253391,target_map,11,19,0,detected,-0.455891,-0.931858,0.256436,0.842690,-0.288999,-0.570889,0.850318,6.430724,21033.750,0,0.008135,0.000000,0.152847,0.352034
tracking_cdrone3_20260822_201250_360_milestone4,milestone4,1787454871.276708603,target_map,6,13,0,detected,-1.280863,3.129946,0.105889,-3.293179,2.729989,-0.814122,0.731359,7.034468,1384.250,1,0.109552,0.000000,0.188343,0.377388
tracking_cdrone3_20260822_201250_360_milestone4,milestone4,1787454871.276708603,target_map,9,17,0,detected,-0.813129,-0.648277,-0.069776,2.931365,-0.521297,-2.992054,0.692416,5.789011,18434.500,0,0.109552,0.000000,0.188343,0.377388
tracking_cdrone3_20260822_201250_360_milestone4,milestone4,1787454871.276708603,target_map,11,19,0,detected,-0.370428,-0.961168,0.198538,0.842690,-0.288999,-0.570889,0.828715,6.430724,21033.750,0,0.109552,0.000000,0.188343,0.377388
tracking_cdrone3_20260822_201250_360_milestone4,milestone4,1787454871.374941111,target_map,6,13,0,detected,-1.604454,3.398198,0.025892,-3.293179,2.729989,-0.814122,0.712887,7.034468,1384.250,1,0.207813,0.000000,0.222735,0.401953
tracking_cdrone3_20260822_201250_360_milestone4,milestone4,1787454871.374941111,target_map,9,17,0,detected,-0.525090,-0.699500,-0.363779,2.931365,-0.521297,-2.992054,0.674928,5.789011,18434.500,0,0.207813,0.000000,0.222735,0.401953
tracking_cdrone3_20260822_201250_360_milestone4,milestone4,1787454871.374941111,target_map,11,19,0,detected,-0.287624,-0.989565,0.142441,0.842690,-0.288999,-0.570889,0.807784,6.430724,21033.750,0,0.207813,0.000000,0.222735,0.401953
tracking_cdrone3_20260822_201250_360_milestone4,milestone4,1787454871.462700605,raw,13,13,0,detected,-0.928732,3.016905,0.388773,-0.028879,0.621485,0.647077,0.751953,6.964818,1384.250,1,0.000000,0.000000,0.000000,0.000000
tracking_cdrone3_20260822_201250_360_milestone4,milestone4,1787454871.462700605,raw,17,17,0,detected,-1.055169,-0.360944,0.349173,0.264239,0.769106,0.304547,0.711914,5.735290,18434.500,1,0.000000,0.000000,0.000000,0.000000
tracking_cdrone3_20260822_201250_360_milestone4,milestone4,1787454871.462700605,raw,19,19,0,detected,-0.401645,-0.658119,0.378763,0.204121,0.906623,0.393143,0.852051,6.344463,21033.750,1,0.000000,0.000000,0.000000,0.000000
tracking_cdrone3_20260822_201250_360_milestone4,milestone4,1787454871.462700605,raw,21,21,0,detected,3.385113,2.991566,2.075116,0.000000,0.000000,0.000000,0.690918,10.639732,1702.000,0,0.000000,0.000000,0.000000,0.000000
tracking_cdrone3_20260822_201250_360_milestone4,milestone4,1787454871.475277662,target_map,6,13,0,detected,-0.940653,3.029402,0.388690,-1.497814,1.570312,-0.010463,0.750457,6.964818,1384.250,1,0.007958,0.000000,0.152785,0.351990
tracking_cdrone3_20260822_201250_360_milestone4,milestone4,1787454871.475277662,target_map,9,17,0,detected,-1.043514,-0.359444,0.339790,1.464445,0.188424,-1.178923,0.710498,5.735290,18434.500,1,0.007958,0.000000,0.152785,0.351990
tracking_cdrone3_20260822_201250_360_milestone4,milestone4,1787454871.475277662,target_map,11,19,0,detected,-0.397733,-0.655186,0.378439,0.491477,0.368593,-0.040671,0.850356,6.344463,21033.750,1,0.007958,0.000000,0.152785,0.351990
tracking_cdrone3_20260822_201250_360_milestone4,milestone4,1787454871.475277662,target_map,12,21,0,detected,3.385113,2.991566,2.075116,0.000000,0.000000,0.000000,0.689543,10.639732,1702.000,0,0.007958,0.000000,0.152785,0.351990
tracking_cdrone3_20260822_201250_360_milestone4,milestone4,1787454871.574867487,target_map,6,13,0,detected,-1.089823,3.185793,0.387648,-1.497814,1.570312,-0.010463,0.731735,6.964818,1384.250,1,0.107551,0.000000,0.187643,0.376888
tracking_cdrone3_20260822_201250_360_milestone4,milestone4,1787454871.574867487,target_map,9,17,0,detected,-0.897667,-0.340679,0.222379,1.464445,0.188424,-1.178923,0.692772,5.735290,18434.500,1,0.107551,0.000000,0.187643,0.376888
tracking_cdrone3_20260822_201250_360_milestone4,milestone4,1787454871.574867487,target_map,11,19,0,detected,-0.348786,-0.618477,0.374389,0.491477,0.368593,-0.040671,0.829141,6.344463,21033.750,1,0.107551,0.000000,0.187643,0.376888
tracking_cdrone3_20260822_201250_360_milestone4,milestone4,1787454871.574867487,target_map,12,21,0,detected,3.385113,2.991566,2.075116,0.000000,0.000000,0.000000,0.672341,10.639732,1702.000,0,0.107551,0.000000,0.187643,0.376888
tracking_cdrone3_20260822_201250_360_milestone4,milestone4,1787454871.674970388,target_map,6,13,0,detected,-1.239750,3.342976,0.386601,-1.497814,1.570312,-0.010463,0.712918,6.964818,1384.250,1,0.207648,0.000000,0.222677,0.401912
tracking_cdrone3_20260822_201250_360_milestone4,milestone4,1787454871.674970388,target_map,9,17,0,detected,-0.751080,-0.321818,0.104372,1.464445,0.188424,-1.178923,0.674957,5.735290,18434.500,1,0.207648,0.000000,0.222677,0.401912
tracking_cdrone3_20260822_201250_360_milestone4,milestone4,1787454871.674970388,target_map,11,19,0,detected,-0.299591,-0.581582,0.370318,0.491477,0.368593,-0.040671,0.807819,6.344463,21033.750,1,0.207648,0.000000,0.222677,0.401912
tracking_cdrone3_20260822_201250_360_milestone4,milestone4,1787454871.674970388,target_map,12,21,0,detected,3.385113,2.991566,2.075116,0.000000,0.000000,0.000000,0.655051,10.639732,1702.000,0,0.207648,0.000000,0.222677,0.401912
tracking_cdrone3_20260822_201250_360_milestone4,milestone4,1787454871.775112391,target_map,6,13,2,predicted,-1.389753,3.500240,0.385553,-1.497814,1.570312,-0.010463,0.694091,6.964818,1384.250,1,0.307796,0.307796,0.257729,0.426949
tracking_cdrone3_20260822_201250_360_milestone4,milestone4,1787454871.775112391,target_map,9,17,2,predicted,-0.604419,-0.302948,-0.013695,1.464445,0.188424,-1.178923,0.657133,5.735290,18434.500,1,0.307796,0.307796,0.257729,0.426949
tracking_cdrone3_20260822_201250_360_milestone4,milestone4,1787454871.775112391,target_map,11,19,2,predicted,-0.250370,-0.544668,0.366244,0.491477,0.368593,-0.040671,0.786486,6.344463,21033.750,1,0.307796,0.307796,0.257729,0.426949
tracking_cdrone3_20260822_201250_360_milestone4,milestone4,1787454871.775112391,target_map,12,21,2,predicted,3.385113,2.991566,2.075116,0.000000,0.000000,0.000000,0.637753,10.639732,1702.000,0,0.307796,0.307796,0.257729,0.426949
tracking_cdrone3_20260822_201250_360_milestone4,milestone4,1787454871.827384233,raw,13,13,0,detected,0.191059,3.145151,0.343901,3.070767,0.351684,-0.123053,0.751953,7.807453,1384.250,0,0.000000,0.000000,0.000000,0.000000
tracking_cdrone3_20260822_201250_360_milestone4,milestone4,1787454871.827384233,raw,21,21,0,detected,8.584698,5.568525,1.129118,14.258643,7.066706,-2.594180,0.690918,16.261581,1702.000,0,0.000000,0.000000,0.000000,0.000000
tracking_cdrone3_20260822_201250_360_milestone4,milestone4,1787454871.879845142,target_map,6,13,0,detected,0.233380,3.182683,0.340882,1.014906,0.900066,-0.072387,0.744114,7.807453,1384.250,0,0.041699,0.000000,0.164595,0.360425
tracking_cdrone3_20260822_201250_360_milestone4,milestone4,1787454871.879845142,target_map,9,17,2,predicted,-0.458342,-0.284153,-0.131291,1.464445,0.188424,-1.178923,0.639380,5.735290,18434.500,1,0.407545,0.407545,0.292641,0.451886
tracking_cdrone3_20260822_201250_360_milestone4,milestone4,1787454871.879845142,target_map,11,19,2,predicted,-0.201346,-0.507901,0.362187,0.491477,0.368593,-0.040671,0.765239,6.344463,21033.750,1,0.407545,0.407545,0.292641,0.451886
tracking_cdrone3_20260822_201250_360_milestone4,milestone4,1787454871.879845142,target_map,12,21,0,detected,8.746949,5.648939,1.099598,3.891019,1.928423,-0.707922,0.683715,16.261581,1702.000,0,0.041699,0.000000,0.164595,0.360425
tracking_cdrone3_20260822_201250_360_milestone4,milestone4,1787454871.975030661,target_map,6,13,0,detected,0.335041,3.272840,0.333631,1.014906,0.900066,-0.072387,0.725284,7.807453,1384.250,0,0.141866,0.000000,0.199653,0.385467
tracking_cdrone3_20260822_201250_360_milestone4,milestone4,1787454871.975030661,target_map,9,17,2,predicted,-0.311652,-0.265279,-0.249381,1.464445,0.188424,-1.178923,0.621552,5.735290,18434.500,1,0.507712,0.507712,0.327699,0.476928
tracking_cdrone3_20260822_201250_360_milestone4,milestone4,1787454871.975030661,target_map,11,19,2,predicted,-0.152116,-0.470980,0.358114,0.491477,0.368593,-0.040671,0.743902,6.344463,21033.750,1,0.507712,0.507712,0.327699,0.476928
tracking_cdrone3_20260822_201250_360_milestone4,milestone4,1787454871.975030661,target_map,12,21,0,detected,9.136703,5.842104,1.028687,3.891019,1.928423,-0.707922,0.666413,16.261581,1702.000,0,0.141866,0.000000,0.199653,0.385467
tracking_cdrone3_20260822_201250_360_milestone4,milestone4,1787454872.075063944,target_map,6,13,0,detected,0.436556,3.362869,0.326391,1.014906,0.900066,-0.072387,0.706480,7.807453,1384.250,0,0.241891,0.000000,0.234662,0.410473
tracking_cdrone3_20260822_201250_360_milestone4,milestone4,1787454872.075063944,target_map,9,17,2,predicted,-0.165172,-0.246432,-0.367302,1.464445,0.188424,-1.178923,0.603750,5.735290,18434.500,1,0.607737,0.607737,0.362708,0.501934
tracking_cdrone3_20260822_201250_360_milestone4,milestone4,1787454872.075063944,target_map,11,19,2,predicted,-0.102956,-0.434112,0.354045,0.491477,0.368593,-0.040671,0.722595,6.344463,21033.750,1,0.607737,0.607737,0.362708,0.501934
tracking_cdrone3_20260822_201250_360_milestone4,milestone4,1787454872.075063944,target_map,12,21,0,detected,9.525900,6.034993,0.957878,3.891019,1.928423,-0.707922,0.649136,16.261581,1702.000,0,0.241891,0.000000,0.234662,0.410473
tracking_cdrone3_20260822_201250_360_milestone4,milestone4,1787454872.174964905,target_map,6,13,2,predicted,0.537959,3.452798,0.319158,1.014906,0.900066,-0.072387,0.687698,7.807453,1384.250,0,0.341805,0.341805,0.269632,0.435451
tracking_cdrone3_20260822_201250_360_milestone4,milestone4,1787454872.174964905,target_map,9,17,2,predicted,-0.018854,-0.227605,-0.485093,1.464445,0.188424,-1.178923,0.585968,5.735290,18434.500,1,0.707650,0.707650,0.397678,0.526913
tracking_cdrone3_20260822_201250_360_milestone4,milestone4,1787454872.174964905,target_map,11,19,2,predicted,-0.053851,-0.397285,0.349982,0.491477,0.368593,-0.040671,0.701312,6.344463,21033.750,1,0.707650,0.707650,0.397678,0.526913
tracking_cdrone3_20260822_201250_360_milestone4,milestone4,1787454872.174964905,target_map,12,21,2,predicted,9.914666,6.227669,0.887147,3.891019,1.928423,-0.707922,0.631878,16.261581,1702.000,0,0.341805,0.341805,0.269632,0.435451
tracking_cdrone3_20260822_201250_360_milestone4,milestone4,1787454872.195089579,raw,21,21,0,detected,7.230457,5.263105,0.388816,-3.683054,-0.830634,-2.013358,0.690918,14.854401,1702.000,1,0.000000,0.000000,0.000000,0.000000
tracking_cdrone3_20260822_201250_360_milestone4,milestone4,1787454872.195089579,raw,13,13,1,held,0.710744,2.786583,0.143950,1.413357,-0.975177,-0.543796,0.751953,8.021407,1384.250,0,0.367695,0.367695,0.000000,0.000000
tracking_cdrone3_20260822_201250_360_milestone4,milestone4,1787454872.275470257,target_map,6,13,1,held,0.806200,2.776425,0.118295,1.234054,-0.131318,-0.331662,0.668290,8.021407,1384.250,0,0.445046,0.000000,0.177073,0.369338
tracking_cdrone3_20260822_201250_360_milestone4,milestone4,1787454872.275470257,target_map,9,17,2,predicted,0.128334,-0.208667,-0.603583,1.464445,0.188424,-1.178923,0.568079,5.735290,18434.500,1,0.808158,0.808158,0.432855,0.552039
tracking_cdrone3_20260822_201250_360_milestone4,milestone4,1787454872.275470257,target_map,11,19,2,predicted,-0.004454,-0.360238,0.345894,0.491477,0.368593,-0.040671,0.679903,6.344463,21033.750,1,0.808158,0.808158,0.432855,0.552039
tracking_cdrone3_20260822_201250_360_milestone4,milestone4,1787454872.275470257,target_map,12,21,0,detected,7.209207,5.294892,0.278520,-0.274721,0.410941,-1.425912,0.677557,14.854401,1702.000,1,0.077352,0.000000,0.177073,0.369338
tracking_cdrone3_20260822_201250_360_milestone4,milestone4,1787454872.374991655,target_map,6,13,1,held,0.928993,2.763359,0.085293,1.234054,-0.131318,-0.331662,0.649584,8.021407,1384.250,0,0.544551,0.000000,0.211900,0.394214
tracking_cdrone3_20260822_201250_360_milestone4,milestone4,1787454872.374991655,target_map,9,17,2,predicted,0.274053,-0.189918,-0.720891,1.464445,0.188424,-1.178923,0.550370,5.735290,18434.500,1,0.907662,0.907662,0.467682,0.576916
tracking_cdrone3_20260822_201250_360_milestone4,milestone4,1787454872.374991655,target_map,11,19,2,predicted,0.044451,-0.323562,0.341847,0.491477,0.368593,-0.040671,0.658707,6.344463,21033.750,1,0.907662,0.907662,0.467682,0.576916
tracking_cdrone3_20260822_201250_360_milestone4,milestone4,1787454872.374991655,target_map,12,21,0,detected,7.181871,5.335783,0.136635,-0.274721,0.410941,-1.425912,0.660370,14.854401,1702.000,1,0.176856,0.000000,0.211900,0.394214
tracking_cdrone3_20260822_201250_360_milestone4,milestone4,1787454872.475088120,target_map,6,13,2,predicted,1.052533,2.750213,0.052091,1.234054,-0.131318,-0.331662,0.630765,8.021407,1384.250,0,0.644660,0.644660,0.246938,0.419241
tracking_cdrone3_20260822_201250_360_milestone4,milestone4,1787454872.475088120,target_map,9,17,2,predicted,0.420656,-0.171055,-0.838912,1.464445,0.188424,-1.178923,0.532553,5.735290,18434.500,1,1.007771,1.007771,0.502720,0.601943
tracking_cdrone3_20260822_201250_360_milestone4,milestone4,1787454872.475088120,target_map,11,19,2,predicted,0.093652,-0.286662,0.337775,0.491477,0.368593,-0.040671,0.637383,6.344463,21033.750,1,1.007771,1.007771,0.502720,0.601943
tracking_cdrone3_20260822_201250_360_milestone4,milestone4,1787454872.475088120,target_map,12,21,2,predicted,7.154369,5.376922,-0.006111,-0.274721,0.410941,-1.425912,0.643078,14.854401,1702.000,1,0.276965,0.276965,0.246938,0.419241
tracking_cdrone3_20260822_201250_360_milestone4,milestone4,1787454872.575296879,target_map,6,13,2,predicted,1.176143,2.737059,0.018870,1.234054,-0.131318,-0.331662,0.611935,8.021407,1384.250,0,0.744825,0.744825,0.281996,0.444283
tracking_cdrone3_20260822_201250_360_milestone4,milestone4,1787454872.575296879,target_map,9,17,2,predicted,0.567344,-0.152182,-0.957000,1.464445,0.188424,-1.178923,0.514725,5.735290,18434.500,1,1.107937,1.107937,0.537778,0.626984
tracking_cdrone3_20260822_201250_360_milestone4,milestone4,1787454872.575296879,target_map,11,19,2,predicted,0.142881,-0.249742,0.333702,0.491477,0.368593,-0.040671,0.616046,6.344463,21033.750,1,1.107937,1.107937,0.537778,0.626984
tracking_cdrone3_20260822_201250_360_milestone4,milestone4,1787454872.575296879,target_map,12,21,2,predicted,7.126852,5.418084,-0.148939,-0.274721,0.410941,-1.425912,0.625776,14.854401,1702.000,1,0.377131,0.377131,0.281996,0.444283
tracking_cdrone3_20260822_201250_360_milestone4,milestone4,1787454872.675150871,target_map,6,13,2,predicted,1.299425,2.723940,-0.014263,1.234054,-0.131318,-0.331662,0.593155,8.021407,1384.250,0,0.844726,0.844726,0.316961,0.469258
tracking_cdrone3_20260822_201250_360_milestone4,milestone4,1787454872.675150871,target_map,9,17,2,predicted,0.713643,-0.133358,-1.074775,1.464445,0.188424,-1.178923,0.496945,5.735290,18434.500,1,1.207837,1.207837,0.572743,0.651959
tracking_cdrone3_20260822_201250_360_milestone4,milestone4,1787454872.675150871,target_map,11,19,2,predicted,0.191980,-0.212919,0.329638,0.491477,0.368593,-0.040671,0.594766,6.344463,21033.750,1,1.207837,1.207837,0.572743,0.651959
tracking_cdrone3_20260822_201250_360_milestone4,milestone4,1787454872.675150871,target_map,12,21,2,predicted,7.099407,5.459137,-0.291388,-0.274721,0.410941,-1.425912,0.608521,14.854401,1702.000,1,0.477031,0.477031,0.316961,0.469258
tracking_cdrone3_20260822_201250_360_milestone4,milestone4,1787454872.775105238,target_map,6,13,2,predicted,1.422755,2.710817,-0.047409,1.234054,-0.131318,-0.331662,0.574367,8.021407,1384.250,0,0.944664,0.944664,0.351939,0.494242
tracking_cdrone3_20260822_201250_360_milestone4,milestone4,1787454872.775105238,target_map,9,17,2,predicted,0.859997,-0.114527,-1.192594,1.464445,0.188424,-1.178923,0.479158,5.735290,18434.500,1,1.307775,1.307775,0.607721,0.676944
tracking_cdrone3_20260822_201250_360_milestone4,milestone4,1787454872.775105238,target_map,11,19,2,predicted,0.241097,-0.176083,0.325574,0.491477,0.368593,-0.040671,0.573478,6.344463,21033.750,1,1.307775,1.307775,0.607721,0.676944
tracking_cdrone3_20260822_201250_360_milestone4,milestone4,1787454872.775105238,target_map,12,21,2,predicted,7.071952,5.500206,-0.433891,-0.274721,0.410941,-1.425912,0.591258,14.854401,1702.000,1,0.576969,0.576969,0.351939,0.494242
tracking_cdrone3_20260822_201250_360_milestone4,milestone4,1787454872.868436813,raw,22,22,0,detected,1.022189,-3.322374,2.953412,0.000000,0.000000,0.000000,0.894531,7.302094,2465.000,0,0.000000,0.000000,0.000000,0.000000
tracking_cdrone3_20260822_201250_360_milestone4,milestone4,1787454872.878268957,target_map,6,13,2,predicted,1.550082,2.697268,-0.081629,1.234054,-0.131318,-0.331662,0.554971,8.021407,1384.250,0,1.047842,1.047842,0.388052,0.520037
tracking_cdrone3_20260822_201250_360_milestone4,milestone4,1787454872.878268957,target_map,9,17,2,predicted,1.011095,-0.095086,-1.314233,1.464445,0.188424,-1.178923,0.460795,5.735290,18434.500,1,1.410953,1.410953,0.643834,0.702738
tracking_cdrone3_20260822_201250_360_milestone4,milestone4,1787454872.878268957,target_map,11,19,2,predicted,0.291807,-0.138052,0.321377,0.491477,0.368593,-0.040671,0.551500,6.344463,21033.750,1,1.410953,1.410953,0.643834,0.702738
tracking_cdrone3_20260822_201250_360_milestone4,milestone4,1787454872.878268957,target_map,12,21,2,predicted,7.043606,5.542606,-0.581014,-0.274721,0.410941,-1.425912,0.573436,14.854401,1702.000,1,0.680147,0.680147,0.388052,0.520037
tracking_cdrone3_20260822_201250_360_milestone4,milestone4,1787454872.878268957,target_map,13,22,0,detected,1.022189,-3.322374,2.953412,0.000000,0.000000,0.000000,0.893810,7.302094,2465.000,0,0.003227,0.000000,0.151129,0.350807
tracking_cdrone3_20260822_201250_360_milestone4,milestone4,1787454872.974982023,target_map,6,13,2,predicted,1.669433,2.684567,-0.113706,1.234054,-0.131318,-0.331662,0.536790,8.021407,1384.250,0,1.144557,1.144557,0.421902,0.544215
tracking_cdrone3_20260822_201250_360_milestone4,milestone4,1787454872.974982023,target_map,9,17,2,predicted,1.152728,-0.076863,-1.428252,1.464445,0.188424,-1.178923,0.443582,5.735290,18434.500,1,1.507668,1.507668,0.677684,0.726917
tracking_cdrone3_20260822_201250_360_milestone4,milestone4,1787454872.974982023,target_map,11,19,2,predicted,0.339340,-0.102404,0.317444,0.491477,0.368593,-0.040671,0.530898,6.344463,21033.750,1,1.507668,1.507668,0.677684,0.726917
tracking_cdrone3_20260822_201250_360_milestone4,milestone4,1787454872.974982023,target_map,12,21,2,predicted,7.017037,5.582350,-0.718920,-0.274721,0.410941,-1.425912,0.556731,14.854401,1702.000,1,0.776862,0.776862,0.421902,0.544215
tracking_cdrone3_20260822_201250_360_milestone4,milestone4,1787454872.974982023,target_map,13,22,0,detected,1.022189,-3.322374,2.953412,0.000000,0.000000,0.000000,0.872181,7.302094,2465.000,0,0.099941,0.000000,0.184979,0.374985
tracking_cdrone3_20260822_201250_360_milestone4,milestone4,1787454873.075053930,target_map,6,13,2,predicted,1.792927,2.671426,-0.146896,1.234054,-0.131318,-0.331662,0.517978,8.021407,1384.250,0,1.244629,1.244629,0.456927,0.569233
tracking_cdrone3_20260822_201250_360_milestone4,milestone4,1787454873.075053930,target_map,9,17,2,predicted,1.299278,-0.058007,-1.546229,1.464445,0.188424,-1.178923,0.425771,5.735290,18434.500,1,1.607740,1.607740,0.712709,0.751935
tracking_cdrone3_20260822_201250_360_milestone4,milestone4,1787454873.075053930,target_map,11,19,2,predicted,0.388523,-0.065518,0.313374,0.491477,0.368593,-0.040671,0.509582,6.344463,21033.750,1,1.607740,1.607740,0.712709,0.751935
tracking_cdrone3_20260822_201250_360_milestone4,milestone4,1787454873.075053930,target_map,12,21,2,predicted,6.989545,5.623474,-0.861614,-0.274721,0.410941,-1.425912,0.539446,14.854401,1702.000,1,0.876934,0.876934,0.456927,0.569233
tracking_cdrone3_20260822_201250_360_milestone4,milestone4,1787454873.075053930,target_map,13,22,0,detected,1.022189,-3.322374,2.953412,0.000000,0.000000,0.000000,0.849802,7.302094,2465.000,0,0.200013,0.000000,0.220005,0.400003
tracking_cdrone3_20260822_201250_360_milestone4,milestone4,1787454873.175409555,target_map,6,13,2,predicted,1.916741,2.658251,-0.180172,1.234054,-0.131318,-0.331662,0.499116,8.021407,1384.250,0,1.344960,1.344960,0.492043,0.594316
tracking_cdrone3_20260822_201250_360_milestone4,milestone4,1787454873.175409555,target_map,9,17,2,predicted,1.446208,-0.039102,-1.664512,1.464445,0.188424,-1.178923,0.407914,5.735290,18434.500,1,1.708071,1.708071,0.747825,0.777018
tracking_cdrone3_20260822_201250_360_milestone4,milestone4,1787454873.175409555,target_map,11,19,2,predicted,0.437833,-0.028537,0.309293,0.491477,0.368593,-0.040671,0.488210,6.344463,21033.750,1,1.708071,1.708071,0.747825,0.777018
tracking_cdrone3_20260822_201250_360_milestone4,milestone4,1787454873.175409555,target_map,12,21,2,predicted,6.961982,5.664704,-1.004678,-0.274721,0.410941,-1.425912,0.522116,14.854401,1702.000,1,0.977265,0.977265,0.492043,0.594316
tracking_cdrone3_20260822_201250_360_milestone4,milestone4,1787454873.175409555,target_map,13,22,2,predicted,1.022189,-3.322374,2.953412,0.000000,0.000000,0.000000,0.827364,7.302094,2465.000,0,0.300344,0.300344,0.255120,0.425086
tracking_cdrone3_20260822_201250_360_milestone4,milestone4,1787454873.265211344,raw,22,22,0,detected,8.875715,-6.698017,5.347183,19.793316,-8.507665,6.033045,0.894531,16.067699,2465.000,0,0.000000,0.000000,0.000000,0.000000
tracking_cdrone3_20260822_201250_360_milestone4,milestone4,1787454873.275130987,target_map,6,13,2,predicted,2.039818,2.645154,-0.213250,1.234054,-0.131318,-0.331662,0.480368,8.021407,1384.250,0,1.444694,1.444694,0.526950,0.619250
tracking_cdrone3_20260822_201250_360_milestone4,milestone4,1787454873.275130987,target_map,9,17,2,predicted,1.592263,-0.020310,-1.782091,1.464445,0.188424,-1.178923,0.390164,5.735290,18434.500,1,1.807805,1.807805,0.782732,0.801951
tracking_cdrone3_20260822_201250_360_milestone4,milestone4,1787454873.275130987,target_map,11,19,2,predicted,0.486850,0.008224,0.305237,0.491477,0.368593,-0.040671,0.466965,6.344463,21033.750,1,1.807805,1.807805,0.782732,0.801951
tracking_cdrone3_20260822_201250_360_milestone4,milestone4,1787454873.275130987,target_map,12,21,2,predicted,6.934583,5.705689,-1.146889,-0.274721,0.410941,-1.425912,0.504888,14.854401,1702.000,1,1.076999,1.076999,0.526950,0.619250
tracking_cdrone3_20260822_201250_360_milestone4,milestone4,1787454873.275130987,target_map,13,22,0,detected,8.900938,-6.708858,5.354871,3.892656,-1.673162,1.186490,0.893082,16.067699,2465.000,0,0.006480,0.000000,0.152268,0.351620
tracking_cdrone3_20260822_201250_360_milestone4,milestone4,1787454873.375058889,target_map,6,13,2,predicted,2.163131,2.632032,-0.246391,1.234054,-0.131318,-0.331662,0.461583,8.021407,1384.250,0,1.544619,1.544619,0.561923,0.644231
tracking_cdrone3_20260822_201250_360_milestone4,milestone4,1787454873.375058889,target_map,9,17,2,predicted,1.738598,-0.001481,-1.899895,1.464445,0.188424,-1.178923,0.372379,5.735290,18434.500,1,1.907730,1.907730,0.817706,0.826933
tracking_cdrone3_20260822_201250_360_milestone4,milestone4,1787454873.375058889,target_map,11,19,2,predicted,0.535961,0.045056,0.301173,0.491477,0.368593,-0.040671,0.445680,6.344463,21033.750,1,1.907730,1.907730,0.817706,0.826933
tracking_cdrone3_20260822_201250_360_milestone4,milestone4,1787454873.375058889,target_map,12,21,2,predicted,6.907131,5.746752,-1.289374,-0.274721,0.410941,-1.425912,0.487628,14.854401,1702.000,1,1.176924,1.176924,0.561923,0.644231
tracking_cdrone3_20260822_201250_360_milestone4,milestone4,1787454873.375058889,target_map,13,22,0,detected,9.289911,-6.876049,5.473431,3.892656,-1.673162,1.186490,0.870736,16.067699,2465.000,0,0.106405,0.000000,0.187242,0.376601
tracking_cdrone3_20260822_201250_360_milestone4,milestone4,1787454873.475057125,target_map,6,13,2,predicted,2.286546,2.618899,-0.279560,1.234054,-0.131318,-0.331662,0.442783,8.021407,1384.250,0,1.644627,1.644627,0.596926,0.669233
tracking_cdrone3_20260822_201250_360_milestone4,milestone4,1787454873.475057125,target_map,9,17,2,predicted,1.885054,0.017363,-2.017797,1.464445,0.188424,-1.178923,0.354580,5.735290,18434.500,1,2.007738,2.007738,0.852708,0.851935
tracking_cdrone3_20260822_201250_360_milestone4,milestone4,1787454873.475057125,target_map,11,19,2,predicted,0.585113,0.081918,0.297105,0.491477,0.368593,-0.040671,0.424377,6.344463,21033.750,1,2.007738,2.007738,0.852708,0.851935
tracking_cdrone3_20260822_201250_360_milestone4,milestone4,1787454873.475057125,target_map,12,21,2,predicted,6.879657,5.787850,-1.431976,-0.274721,0.410941,-1.425912,0.470354,14.854401,1702.000,1,1.276932,1.276932,0.596926,0.669233
tracking_cdrone3_20260822_201250_360_milestone4,milestone4,1787454873.475057125,target_map,13,22,0,detected,9.679209,-7.043378,5.592090,3.892656,-1.673162,1.186490,0.848371,16.067699,2465.000,0,0.206413,0.000000,0.222244,0.401603
tracking_cdrone3_20260822_201250_360_milestone4,milestone4,1787454873.575576067,target_map,6,13,2,predicted,2.410585,2.605700,-0.312896,1.234054,-0.131318,-0.331662,0.423887,8.021407,1384.250,0,1.745140,1.745140,0.632106,0.694361
tracking_cdrone3_20260822_201250_360_milestone4,milestone4,1787454873.575576067,target_map,9,17,2,predicted,2.032250,0.036302,-2.136294,1.464445,0.188424,-1.178923,0.336691,5.735290,18434.500,1,2.108251,2.108251,0.887888,0.877063
tracking_cdrone3_20260822_201250_360_milestone4,milestone4,1787454873.575576067,target_map,11,19,2,predicted,0.634513,0.118967,0.293017,0.491477,0.368593,-0.040671,0.402966,6.344463,21033.750,1,2.108251,2.108251,0.887888,0.877063
tracking_cdrone3_20260822_201250_360_milestone4,milestone4,1787454873.575576067,target_map,12,21,2,predicted,6.852044,5.829155,-1.575299,-0.274721,0.410941,-1.425912,0.452993,14.854401,1702.000,1,1.377445,1.377445,0.632106,0.694361
tracking_cdrone3_20260822_201250_360_milestone4,milestone4,1787454873.575576067,target_map,13,22,2,predicted,10.070472,-7.211553,5.711348,3.892656,-1.673162,1.186490,0.825893,16.067699,2465.000,0,0.306926,0.306926,0.257424,0.426731
tracking_cdrone3_20260822_201250_360_milestone4,milestone4,1787454873.634467602,raw,22,22,0,detected,10.090465,-5.516912,3.528976,3.289854,3.198735,-4.924175,0.894531,16.351650,2465.000,0,0.000000,0.000000,0.000000,0.000000
tracking_cdrone3_20260822_201250_360_milestone4,milestone4,1787454873.677258015,target_map,6,13,2,predicted,2.536075,2.592346,-0.346623,1.234054,-0.131318,-0.331662,0.404771,8.021407,1384.250,0,1.846829,1.846829,0.667697,0.719784
tracking_cdrone3_20260822_201250_360_milestone4,milestone4,1787454873.677258015,target_map,9,17,2,predicted,2.181169,0.055463,-2.256178,1.464445,0.188424,-1.178923,0.318592,5.735290,18434.500,1,2.209941,2.209941,0.923479,0.902485
tracking_cdrone3_20260822_201250_360_milestone4,milestone4,1787454873.677258015,target_map,11,19,2,predicted,0.684491,0.156449,0.288881,0.491477,0.368593,-0.040671,0.381305,6.344463,21033.750,1,2.209941,2.209941,0.923479,0.902485
tracking_cdrone3_20260822_201250_360_milestone4,milestone4,1787454873.677258015,target_map,12,21,2,predicted,6.824108,5.870943,-1.720299,-0.274721,0.410941,-1.425912,0.435428,14.854401,1702.000,1,1.479135,1.479135,0.667697,0.719784
tracking_cdrone3_20260822_201250_360_milestone4,milestone4,1787454873.677258015,target_map,13,22,0,detected,10.233817,-5.476400,3.441446,3.561115,1.006382,-2.174376,0.885529,16.351650,2465.000,0,0.040255,0.000000,0.164089,0.360064
tracking_cdrone3_20260822_201250_360_milestone4,milestone4,1787454873.775300741,target_map,6,13,2,predicted,2.657066,2.579472,-0.379140,1.234054,-0.131318,-0.331662,0.386340,8.021407,1384.250,0,1.944873,1.944873,0.702012,0.744295
tracking_cdrone3_20260822_201250_360_milestone4,milestone4,1787454873.775300741,target_map,9,17,2,predicted,2.324748,0.073936,-2.371764,1.464445,0.188424,-1.178923,0.301142,5.735290,18434.500,1,2.307984,2.307984,0.957794,0.926996
tracking_cdrone3_20260822_201250_360_milestone4,milestone4,1787454873.775300741,target_map,11,19,2,predicted,0.732677,0.192587,0.284894,0.491477,0.368593,-0.040671,0.360421,6.344463,21033.750,1,2.307984,2.307984,0.957794,0.926996
tracking_cdrone3_20260822_201250_360_milestone4,milestone4,1787454873.775300741,target_map,12,21,2,predicted,6.797173,5.911233,-1.860101,-0.274721,0.410941,-1.425912,0.418493,14.854401,1702.000,1,1.577178,1.577178,0.702012,0.744295
tracking_cdrone3_20260822_201250_360_milestone4,milestone4,1787454873.775300741,target_map,13,22,0,detected,10.582961,-5.377731,3.228263,3.561115,1.006382,-2.174376,0.863603,16.351650,2465.000,0,0.138299,0.000000,0.198404,0.384575
tracking_cdrone3_20260822_201250_360_milestone4,milestone4,1787454873.875213146,target_map,6,13,2,predicted,2.780312,2.566357,-0.412263,1.234054,-0.131318,-0.331662,0.367565,8.021407,1384.250,0,2.044744,2.044744,0.736967,0.769262
tracking_cdrone3_20260822_201250_360_milestone4,milestone4,1787454873.875213146,target_map,9,17,2,predicted,2.471003,0.092754,-2.489504,1.464445,0.188424,-1.178923,0.283368,5.735290,18434.500,1,2.407855,2.407855,0.992749,0.951964
tracking_cdrone3_20260822_201250_360_milestone4,milestone4,1787454873.875213146,target_map,11,19,2,predicted,0.781761,0.229398,0.280832,0.491477,0.368593,-0.040671,0.339147,6.344463,21033.750,1,2.407855,2.407855,0.992749,0.951964
tracking_cdrone3_20260822_201250_360_milestone4,milestone4,1787454873.875213146,target_map,12,21,2,predicted,6.769736,5.952274,-2.002508,-0.274721,0.410941,-1.425912,0.401242,14.854401,1702.000,1,1.677049,1.677049,0.736967,0.769262
tracking_cdrone3_20260822_201250_360_milestone4,milestone4,1787454873.875213146,target_map,13,22,0,detected,10.938613,-5.277223,3.011106,3.561115,1.006382,-2.174376,0.841269,16.351650,2465.000,0,0.238169,0.000000,0.233359,0.409542
tracking_cdrone3_20260822_201250_360_milestone4,milestone4,1787454873.974946976,target_map,6,13,2,predicted,2.903440,2.553255,-0.445355,1.234054,-0.131318,-0.331662,0.348809,8.021407,1384.250,0,2.144518,2.144518,0.771888,0.794206
tracking_cdrone3_20260822_201250_360_milestone4,milestone4,1787454873.974946976,target_map,9,17,2,predicted,2.617118,0.111554,-2.607131,1.464445,0.188424,-1.178923,0.265610,5.735290,18434.500,1,2.507630,2.507630,1.027670,0.976907
tracking_cdrone3_20260822_201250_360_milestone4,milestone4,1787454873.974946976,target_map,11,19,2,predicted,0.830798,0.266175,0.276774,0.491477,0.368593,-0.040671,0.317894,6.344463,21033.750,1,2.507630,2.507630,1.027670,0.976907
tracking_cdrone3_20260822_201250_360_milestone4,milestone4,1787454873.974946976,target_map,12,21,2,predicted,6.742326,5.993276,-2.144778,-0.274721,0.410941,-1.425912,0.384008,14.854401,1702.000,1,1.776824,1.776824,0.771888,0.794206
tracking_cdrone3_20260822_201250_360_milestone4,milestone4,1787454873.974946976,target_map,13,22,2,predicted,11.293922,-5.176812,2.794159,3.561115,1.006382,-2.174376,0.818956,16.351650,2465.000,0,0.337944,0.337944,0.268280,0.434486
tracking_cdrone3_20260822_201250_360_milestone4,milestone4,1787454874.016798973,raw,22,22,0,detected,9.611111,-5.342145,3.526694,-1.253738,0.457098,-0.005968,0.851074,15.772743,1967.250,1,0.000000,0.000000,0.000000,0.000000
tracking_cdrone3_20260822_201250_360_milestone4,milestone4,1787454874.076023817,target_map,6,13,2,predicted,3.028180,2.539981,-0.478880,1.234054,-0.131318,-0.331662,0.329807,8.021407,1384.250,0,2.245600,2.245600,0.807267,0.819476
tracking_cdrone3_20260822_201250_360_milestone4,milestone4,1787454874.076023817,target_map,9,17,2,predicted,2.765146,0.130601,-2.726298,1.464445,0.188424,-1.178923,0.247620,5.735290,18434.500,1,2.608711,2.608711,1.063049,1.002178
tracking_cdrone3_20260822_201250_360_milestone4,milestone4,1787454874.076023817,target_map,11,19,2,predicted,0.880478,0.303432,0.272663,0.491477,0.368593,-0.040671,0.296362,6.344463,21033.750,1,2.608711,2.608711,1.063049,1.002178
tracking_cdrone3_20260822_201250_360_milestone4,milestone4,1787454874.076023817,target_map,12,21,2,predicted,6.714557,6.034814,-2.288911,-0.274721,0.410941,-1.425912,0.366548,14.854401,1702.000,1,1.877905,1.877905,0.807267,0.819476
tracking_cdrone3_20260822_201250_360_milestone4,milestone4,1787454874.076023817,target_map,13,22,0,detected,9.662408,-5.302573,3.471531,0.912946,0.704276,-0.981751,0.839119,15.772743,1967.250,1,0.056188,0.000000,0.169666,0.364047
tracking_cdrone3_20260822_201250_360_milestone4,milestone4,1787454874.174888611,target_map,6,13,2,predicted,3.150175,2.526999,-0.511667,1.234054,-0.131318,-0.331662,0.311223,8.021407,1384.250,0,2.344458,2.344458,0.841867,0.844191
tracking_cdrone3_20260822_201250_360_milestone4,milestone4,1787454874.174888611,target_map,9,17,2,predicted,2.909918,0.149228,-2.842844,1.464445,0.188424,-1.178923,0.230025,5.735290,18434.500,1,2.707569,2.707569,1.097649,1.026892
tracking_cdrone3_20260822_201250_360_milestone4,milestone4,1787454874.174888611,target_map,11,19,2,predicted,0.929064,0.339871,0.268642,0.491477,0.368593,-0.040671,0.275304,6.344463,21033.750,1,2.707569,2.707569,1.097649,1.026892
tracking_cdrone3_20260822_201250_360_milestone4,milestone4,1787454874.174888611,target_map,12,21,2,predicted,6.687399,6.075439,-2.429873,-0.274721,0.410941,-1.425912,0.349473,14.854401,1702.000,1,1.976763,1.976763,0.841867,0.844191
tracking_cdrone3_20260822_201250_360_milestone4,milestone4,1787454874.174888611,target_map,13,22,0,detected,9.752659,-5.232950,3.374478,0.912946,0.704276,-0.981751,0.818085,15.772743,1967.250,1,0.155046,0.000000,0.204266,0.388761
tracking_cdrone3_20260822_201250_360_milestone4,milestone4,1787454874.274739981,target_map,6,13,2,predicted,3.273405,2.513886,-0.544786,1.234054,-0.131318,-0.331662,0.292450,8.021407,1384.250,0,2.444315,2.444315,0.876817,0.869155
tracking_cdrone3_20260822_201250_360_milestone4,milestone4,1787454874.274739981,target_map,9,17,2,predicted,3.056154,0.168043,-2.960568,1.464445,0.188424,-1.178923,0.212252,5.735290,18434.500,1,2.807427,2.807427,1.132599,1.051857
tracking_cdrone3_20260822_201250_360_milestone4,milestone4,1787454874.274739981,target_map,11,19,2,predicted,0.978142,0.376678,0.264581,0.491477,0.368593,-0.040671,0.254033,6.344463,21033.750,1,2.807427,2.807427,1.132599,1.051857
tracking_cdrone3_20260822_201250_360_milestone4,milestone4,1787454874.274739981,target_map,12,21,2,predicted,6.659966,6.116475,-2.572262,-0.274721,0.410941,-1.425912,0.332224,14.854401,1702.000,1,2.076621,2.076621,0.876817,0.869155
tracking_cdrone3_20260822_201250_360_milestone4,milestone4,1787454874.274739981,target_map,13,22,2,predicted,9.843824,-5.162623,3.276442,0.912946,0.704276,-0.981751,0.796839,15.772743,1967.250,1,0.254904,0.254904,0.239216,0.413726
tracking_cdrone3_20260822_201250_360_milestone4,milestone4,1787454874.335900545,raw,22,22,0,detected,7.768224,-5.771997,4.825634,-5.775386,-1.347105,4.070720,0.849609,14.225165,2110.500,1,0.000000,0.000000,0.000000,0.000000
tracking_cdrone3_20260822_201250_360_milestone4,milestone4,1787454874.375908613,target_map,6,13,2,predicted,3.398245,2.500602,-0.578338,1.234054,-0.131318,-0.331662,0.273433,8.021407,1384.250,0,2.545478,2.545478,0.912224,0.894446
tracking_cdrone3_20260822_201250_360_milestone4,milestone4,1787454874.375908613,target_map,9,17,2,predicted,3.204301,0.187105,-3.079831,1.464445,0.188424,-1.178923,0.194248,5.735290,18434.500,1,2.908589,2.908589,1.168006,1.077147
tracking_cdrone3_20260822_201250_360_milestone4,milestone4,1787454874.375908613,target_map,11,19,2,predicted,1.027861,0.413965,0.260466,0.491477,0.368593,-0.040671,0.232484,6.344463,21033.750,1,2.908589,2.908589,1.168006,1.077147
tracking_cdrone3_20260822_201250_360_milestone4,milestone4,1787454874.375908613,target_map,12,21,2,predicted,6.632174,6.158047,-2.716511,-0.274721,0.410941,-1.425912,0.314751,14.854401,1702.000,1,2.177783,2.177783,0.912224,0.894446
tracking_cdrone3_20260822_201250_360_milestone4,milestone4,1787454874.375908613,target_map,13,22,0,detected,7.669566,-5.787122,4.889741,-2.765637,-0.423984,1.797108,0.842032,14.225165,2110.500,1,0.035673,0.000000,0.162486,0.358918
tracking_cdrone3_20260822_201250_360_milestone4,milestone4,1787454874.475363016,target_map,6,13,2,predicted,3.520974,2.487542,-0.611322,1.234054,-0.131318,-0.331662,0.254737,8.021407,1384.250,0,2.644929,2.644929,0.947032,0.919309
tracking_cdrone3_20260822_201250_360_milestone4,milestone4,1787454874.475363016,target_map,9,17,2,predicted,3.349942,0.205844,-3.197077,1.464445,0.188424,-1.178923,0.176547,5.735290,18434.500,1,3.008041,3.008041,1.202814,1.102010
tracking_cdrone3_20260822_201250_360_milestone4,milestone4,1787454874.475363016,target_map,11,19,2,predicted,1.076739,0.450622,0.256422,0.491477,0.368593,-0.040671,0.211300,6.344463,21033.750,1,3.008041,3.008041,1.202814,1.102010
tracking_cdrone3_20260822_201250_360_milestone4,milestone4,1787454874.475363016,target_map,12,21,2,predicted,6.604853,6.198915,-2.858320,-0.274721,0.410941,-1.425912,0.297572,14.854401,1702.000,1,2.277235,2.277235,0.947032,0.919309
tracking_cdrone3_20260822_201250_360_milestone4,milestone4,1787454874.475363016,target_map,13,22,0,detected,7.394519,-5.829288,5.068467,-2.765637,-0.423984,1.797108,0.820909,14.225165,2110.500,1,0.135124,0.000000,0.197294,0.383781
tracking_cdrone3_20260822_201250_360_milestone4,milestone4,1787454874.575072050,target_map,6,13,2,predicted,3.644016,2.474448,-0.644391,1.234054,-0.131318,-0.331662,0.235994,8.021407,1384.250,0,2.744635,2.744635,0.981929,0.944235
tracking_cdrone3_20260822_201250_360_milestone4,milestone4,1787454874.575072050,target_map,9,17,2,predicted,3.495956,0.224631,-3.314622,1.464445,0.188424,-1.178923,0.158802,5.735290,18434.500,1,3.107747,3.107747,1.237711,1.126937
tracking_cdrone3_20260822_201250_360_milestone4,milestone4,1787454874.575072050,target_map,11,19,2,predicted,1.125742,0.487373,0.252366,0.491477,0.368593,-0.040671,0.190061,6.344463,21033.750,1,3.107747,3.107747,1.237711,1.126937
tracking_cdrone3_20260822_201250_360_milestone4,milestone4,1787454874.575072050,target_map,12,21,2,predicted,6.577461,6.239889,-3.000492,-0.274721,0.410941,-1.425912,0.280350,14.854401,1702.000,1,2.376940,2.376940,0.981929,0.944235
tracking_cdrone3_20260822_201250_360_milestone4,milestone4,1787454874.575072050,target_map,13,22,0,detected,7.118768,-5.871562,5.247649,-2.765637,-0.423984,1.797108,0.799731,14.225165,2110.500,1,0.234830,0.000000,0.232191,0.408708
tracking_cdrone3_20260822_201250_360_milestone4,milestone4,1787454874.659277678,raw,22,22,0,detected,0.648049,-3.318627,2.975363,-22.017496,7.586482,-5.721534,0.876953,6.451903,2857.750,1,0.000000,0.000000,0.000000,0.000000
tracking_cdrone3_20260822_201250_360_milestone4,milestone4,1787454874.674940586,target_map,6,13,2,predicted,3.767269,2.461333,-0.677516,1.234054,-0.131318,-0.331662,0.217218,8.021407,1384.250,0,2.844512,2.844512,1.016886,0.969204
tracking_cdrone3_20260822_201250_360_milestone4,milestone4,1787454874.674940586,target_map,9,17,2,predicted,3.642220,0.243450,-3.432369,1.464445,0.188424,-1.178923,0.141026,5.735290,18434.500,1,3.207623,3.207623,1.272668,1.151906
tracking_cdrone3_20260822_201250_360_milestone4,milestone4,1787454874.674940586,target_map,11,19,2,predicted,1.174829,0.524187,0.248304,0.491477,0.368593,-0.040671,0.168786,6.344463,21033.750,1,3.207623,3.207623,1.272668,1.151906
tracking_cdrone3_20260822_201250_360_milestone4,milestone4,1787454874.674940586,target_map,12,21,2,predicted,6.550023,6.280932,-3.142907,-0.274721,0.410941,-1.425912,0.263099,14.854401,1702.000,1,2.476817,2.476817,1.016886,0.969204
tracking_cdrone3_20260822_201250_360_milestone4,milestone4,1787454874.674940586,target_map,13,22,0,detected,0.585010,-3.304297,2.972486,-5.284372,1.201198,-0.241106,0.874338,6.451903,2857.750,1,0.011929,0.000000,0.154175,0.352982
tracking_cdrone3_20260822_201250_360_milestone4,milestone4,1787454874.775469065,target_map,6,13,2,predicted,3.891319,2.448133,-0.710855,1.234054,-0.131318,-0.331662,0.198321,8.021407,1384.250,0,2.945034,2.945034,1.052069,0.994335
tracking_cdrone3_20260822_201250_360_milestone4,milestone4,1787454874.775469065,target_map,9,17,2,predicted,3.789428,0.262391,-3.550877,1.464445,0.188424,-1.178923,0.123135,5.735290,18434.500,1,3.308145,3.308145,1.307851,1.177036
tracking_cdrone3_20260822_201250_360_milestone4,milestone4,1787454874.775469065,target_map,11,19,2,predicted,1.224233,0.561239,0.244216,0.491477,0.368593,-0.040671,0.147374,6.344463,21033.750,1,3.308145,3.308145,1.307851,1.177036
tracking_cdrone3_20260822_201250_360_milestone4,milestone4,1787454874.775469065,target_map,12,21,2,predicted,6.522408,6.322241,-3.286242,-0.274721,0.410941,-1.425912,0.245736,14.854401,1702.000,1,2.577339,2.577339,1.052069,0.994335
tracking_cdrone3_20260822_201250_360_milestone4,milestone4,1787454874.775469065,target_map,13,22,0,detected,0.053816,-3.183551,2.948250,-5.284372,1.201198,-0.241106,0.852300,6.451903,2857.750,1,0.112451,0.000000,0.189358,0.378113
tracking_cdrone3_20260822_201250_360_milestone4,milestone4,1787454874.875094175,target_map,6,13,2,predicted,4.014252,2.435051,-0.743895,1.234054,-0.131318,-0.331662,0.179594,8.021407,1384.250,0,3.044651,3.044651,1.086935,1.019239
tracking_cdrone3_20260822_201250_360_milestone4,milestone4,1787454874.875094175,target_map,9,17,2,predicted,3.935313,0.281161,-3.668318,1.464445,0.188424,-1.178923,0.105406,5.735290,18434.500,1,3.407763,3.407763,1.342717,1.201941
tracking_cdrone3_20260822_201250_360_milestone4,milestone4,1787454874.875094175,target_map,11,19,2,predicted,1.273193,0.597957,0.240164,0.491477,0.368593,-0.040671,0.126154,6.344463,21033.750,1,3.407763,3.407763,1.342717,1.201941
tracking_cdrone3_20260822_201250_360_milestone4,milestone4,1787454874.875094175,target_map,12,21,2,predicted,6.495040,6.363178,-3.428288,-0.274721,0.410941,-1.425912,0.228529,14.854401,1702.000,1,2.676956,2.676956,1.086935,1.019239
tracking_cdrone3_20260822_201250_360_milestone4,milestone4,1787454874.875094175,target_map,13,22,0,detected,-0.472602,-3.063890,2.924232,-5.284372,1.201198,-0.241106,0.830460,6.451903,2857.750,1,0.212069,0.000000,0.224224,0.403017
tracking_cdrone3_20260822_201250_360_milestone4,milestone4,1787454874.957056284,raw,22,22,0,detected,3.613444,-4.423221,3.738414,9.958467,-3.709477,2.562499,0.876953,9.700905,2857.750,0,0.000000,0.000000,0.000000,0.000000
tracking_cdrone3_20260822_201250_360_milestone4,milestone4,1787454874.981039286,target_map,6,13,2,predicted,4.145012,2.421137,-0.779037,1.234054,-0.131318,-0.331662,0.159675,8.021407,1384.250,0,3.150611,3.150611,1.124021,1.045729
tracking_cdrone3_20260822_201250_360_milestone4,milestone4,1787454874.981039286,target_map,9,17,2,predicted,4.090485,0.301127,-3.793236,1.464445,0.188424,-1.178923,0.086547,5.735290,18434.500,1,3.513722,3.513722,1.379803,1.228431
tracking_cdrone3_20260822_201250_360_milestone4,milestone4,1787454874.981039286,target_map,11,19,2,predicted,1.325270,0.637013,0.235855,0.491477,0.368593,-0.040671,0.103583,6.344463,21033.750,1,3.513722,3.513722,1.379803,1.228431
tracking_cdrone3_20260822_201250_360_milestone4,milestone4,1787454874.981039286,target_map,12,21,2,predicted,6.465931,6.406721,-3.579377,-0.274721,0.410941,-1.425912,0.210226,14.854401,1702.000,1,2.782916,2.782916,1.124021,1.045729
tracking_cdrone3_20260822_201250_360_milestone4,milestone4,1787454874.981039286,target_map,13,22,0,detected,3.636880,-4.436914,3.751681,1.630380,-0.952550,0.922925,0.873802,9.700905,2857.750,0,0.014375,0.000000,0.155031,0.353594
tracking_cdrone3_20260822_201250_360_milestone4,milestone4,1787454875.075055838,target_map,6,13,2,predicted,4.261027,2.408791,-0.810217,1.234054,-0.131318,-0.331662,0.142002,8.021407,1384.250,0,3.244622,3.244622,1.156925,1.069232
tracking_cdrone3_20260822_201250_360_milestone4,milestone4,1787454875.075055838,target_map,9,17,2,predicted,4.228160,0.318841,-3.904069,1.464445,0.188424,-1.178923,0.069815,5.735290,18434.500,1,3.607734,3.607734,1.412707,1.251933
tracking_cdrone3_20260822_201250_360_milestone4,milestone4,1787454875.075055838,target_map,11,19,2,predicted,1.371474,0.671665,0.232031,0.491477,0.368593,-0.040671,0.083558,6.344463,21033.750,1,3.607734,3.607734,1.412707,1.251933
tracking_cdrone3_20260822_201250_360_milestone4,milestone4,1787454875.075055838,target_map,12,21,2,predicted,6.440104,6.445354,-3.713429,-0.274721,0.410941,-1.425912,0.193988,14.854401,1702.000,1,2.876928,2.876928,1.156925,1.069232
tracking_cdrone3_20260822_201250_360_milestone4,milestone4,1787454875.075055838,target_map,13,22,0,detected,3.790155,-4.526464,3.838447,1.630380,-0.952550,0.922925,0.853191,9.700905,2857.750,0,0.108387,0.000000,0.187935,0.377097
tracking_cdrone3_20260822_201250_360_milestone4,milestone4,1787454875.175082445,target_map,6,13,2,predicted,4.384454,2.395657,-0.843389,1.234054,-0.131318,-0.331662,0.123200,8.021407,1384.250,0,3.344640,3.344640,1.191931,1.094236
tracking_cdrone3_20260822_201250_360_milestone4,milestone4,1787454875.175082445,target_map,9,17,2,predicted,4.374629,0.337686,-4.021981,1.464445,0.188424,-1.178923,0.052014,5.735290,18434.500,1,3.707751,3.707751,1.447713,1.276938
tracking_cdrone3_20260822_201250_360_milestone4,milestone4,1787454875.175082445,target_map,11,19,2,predicted,1.420631,0.708530,0.227963,0.491477,0.368593,-0.040671,0.062253,6.344463,21033.750,1,3.707751,3.707751,1.447713,1.276938
tracking_cdrone3_20260822_201250_360_milestone4,milestone4,1787454875.175082445,target_map,12,21,2,predicted,6.412628,6.486455,-3.856045,-0.274721,0.410941,-1.425912,0.176712,14.854401,1702.000,1,2.976945,2.976945,1.191931,1.094236
tracking_cdrone3_20260822_201250_360_milestone4,milestone4,1787454875.175082445,target_map,13,22,0,detected,3.953221,-4.621736,3.930755,1.630380,-0.952550,0.922925,0.831263,9.700905,2857.750,0,0.208404,0.000000,0.222941,0.402101
tracking_cdrone3_20260822_201250_360_milestone4,milestone4,1787454875.274922848,target_map,6,13,2,predicted,4.507674,2.382545,-0.876506,1.234054,-0.131318,-0.331662,0.104429,8.021407,1384.250,0,3.444489,3.444489,1.226878,1.119199
tracking_cdrone3_20260822_201250_360_milestone4,milestone4,1787454875.274922848,target_map,9,17,2,predicted,4.520854,0.356500,-4.139697,1.464445,0.188424,-1.178923,0.034243,5.735290,18434.500,1,3.807601,3.807601,1.482660,1.301900
tracking_cdrone3_20260822_201250_360_milestone4,milestone4,1787454875.274922848,target_map,11,19,2,predicted,1.469705,0.745334,0.223902,0.491477,0.368593,-0.040671,0.040983,6.344463,21033.750,1,3.807601,3.807601,1.482660,1.301900
tracking_cdrone3_20260822_201250_360_milestone4,milestone4,1787454875.274922848,target_map,12,21,2,predicted,6.385197,6.527488,-3.998422,-0.274721,0.410941,-1.425912,0.159465,14.854401,1702.000,1,3.076795,3.076795,1.226878,1.119199
tracking_cdrone3_20260822_201250_360_milestone4,milestone4,1787454875.274922848,target_map,13,22,2,predicted,4.116014,-4.716848,4.022909,1.630380,-0.952550,0.922925,0.809372,9.700905,2857.750,0,0.308254,0.308254,0.257889,0.427063
tracking_cdrone3_20260822_201250_360_milestone4,milestone4,1787454875.308492422,raw,22,22,1,held,3.840282,-4.464746,3.867233,0.645471,-0.118159,0.366556,0.876953,9.950731,2857.750,0,0.351430,0.351430,0.000000,0.000000
tracking_cdrone3_20260822_201250_360_milestone4,milestone4,1787454875.375446081,target_map,6,13,2,predicted,4.631735,2.369344,-0.909848,1.234054,-0.131318,-0.331662,0.085531,8.021407,1384.250,0,3.545021,3.545021,1.262064,1.144331
tracking_cdrone3_20260822_201250_360_milestone4,milestone4,1787454875.375446081,target_map,9,17,2,predicted,4.668077,0.375443,-4.258215,1.464445,0.188424,-1.178923,0.016351,5.735290,18434.500,1,3.908132,3.908132,1.517846,1.327033
tracking_cdrone3_20260822_201250_360_milestone4,milestone4,1787454875.375446081,target_map,11,19,2,predicted,1.519113,0.782389,0.219814,0.491477,0.368593,-0.040671,0.019569,6.344463,21033.750,1,3.908132,3.908132,1.517846,1.327033
tracking_cdrone3_20260822_201250_360_milestone4,milestone4,1787454875.375446081,target_map,12,21,2,predicted,6.357579,6.568800,-4.141770,-0.274721,0.410941,-1.425912,0.142100,14.854401,1702.000,1,3.177326,3.177326,1.262064,1.144331
tracking_cdrone3_20260822_201250_360_milestone4,milestone4,1787454875.375446081,target_map,13,22,1,held,3.910448,-4.496561,3.906994,1.088680,-0.493635,0.616922,0.785776,9.950731,2857.750,0,0.415880,0.000000,0.172558,0.366113
tracking_cdrone3_20260822_201250_360_milestone4,milestone4,1787454875.475036621,target_map,6,13,2,predicted,4.754596,2.356270,-0.942868,1.234054,-0.131318,-0.331662,0.066815,8.021407,1384.250,0,3.644580,3.644580,1.296910,1.169221
tracking_cdrone3_20260822_201250_360_milestone4,milestone4,1787454875.475036621,target_map,9,17,2,predicted,4.813876,0.394202,-4.375588,1.464445,0.188424,-1.178923,0.000000,5.735290,18434.500,1,4.007691,4.007691,1.552692,1.351923
tracking_cdrone3_20260822_201250_360_milestone4,milestone4,1787454875.475036621,target_map,11,19,2,predicted,1.568044,0.819086,0.215764,0.491477,0.368593,-0.040671,0.000000,6.344463,21033.750,1,4.007691,4.007691,1.552692,1.351923
tracking_cdrone3_20260822_201250_360_milestone4,milestone4,1787454875.475036621,target_map,12,21,2,predicted,6.330227,6.609713,-4.283733,-0.274721,0.410941,-1.425912,0.124903,14.854401,1702.000,1,3.276885,3.276885,1.296910,1.169221
tracking_cdrone3_20260822_201250_360_milestone4,milestone4,1787454875.475036621,target_map,13,22,1,held,4.018836,-4.545707,3.968414,1.088680,-0.493635,0.616922,0.763949,9.950731,2857.750,0,0.515440,0.000000,0.207403,0.391002
tracking_cdrone3_20260822_201250_360_milestone4,milestone4,1787454875.575248718,target_map,6,13,2,predicted,4.878287,2.343108,-0.976111,1.234054,-0.131318,-0.331662,0.047973,8.021407,1384.250,0,3.744811,3.744811,1.331991,1.194279
tracking_cdrone3_20260822_201250_360_milestone4,milestone4,1787454875.575248718,target_map,9,17,2,predicted,4.960659,0.413088,-4.493753,1.464445,0.188424,-1.178923,0.000000,5.735290,18434.500,1,4.107923,4.107923,1.587773,1.376981
tracking_cdrone3_20260822_201250_360_milestone4,milestone4,1787454875.575248718,target_map,11,19,2,predicted,1.617306,0.856031,0.211688,0.491477,0.368593,-0.040671,0.000000,6.344463,21033.750,1,4.107923,4.107923,1.587773,1.376981
tracking_cdrone3_20260822_201250_360_milestone4,milestone4,1787454875.575248718,target_map,12,21,2,predicted,6.302692,6.650902,-4.426654,-0.274721,0.410941,-1.425912,0.107590,14.854401,1702.000,1,3.377116,3.377116,1.331991,1.194279
tracking_cdrone3_20260822_201250_360_milestone4,milestone4,1787454875.575248718,target_map,13,22,2,predicted,4.127955,-4.595184,4.030249,1.088680,-0.493635,0.616922,0.741974,9.950731,2857.750,0,0.615671,0.615671,0.242484,0.416060
tracking_cdrone3_20260822_201250_360_milestone4,milestone4,1787454875.670902252,raw,22,22,0,detected,14.196839,-1.210642,2.256836,28.576771,8.979024,-4.443557,0.876953,19.352858,2857.750,0,0.000000,0.000000,0.000000,0.000000
tracking_cdrone3_20260822_201250_360_milestone4,milestone4,1787454875.674906254,target_map,6,13,2,predicted,5.001286,2.330019,-1.009168,1.234054,-0.131318,-0.331662,0.029236,8.021407,1384.250,0,3.844481,3.844481,1.366875,1.219197
tracking_cdrone3_20260822_201250_360_milestone4,milestone4,1787454875.674906254,target_map,9,17,2,predicted,5.106621,0.431869,-4.611257,1.464445,0.188424,-1.178923,0.000000,5.735290,18434.500,1,4.207593,4.207593,1.622657,1.401898
tracking_cdrone3_20260822_201250_360_milestone4,milestone4,1787454875.674906254,target_map,11,19,2,predicted,1.666291,0.892769,0.207634,0.491477,0.368593,-0.040671,0.000000,6.344463,21033.750,1,4.207593,4.207593,1.622657,1.401898
tracking_cdrone3_20260822_201250_360_milestone4,milestone4,1787454875.674906254,target_map,12,21,2,predicted,6.275311,6.691861,-4.568776,-0.274721,0.410941,-1.425912,0.090374,14.854401,1702.000,1,3.476787,3.476787,1.366875,1.219197
tracking_cdrone3_20260822_201250_360_milestone4,milestone4,1787454875.674906254,target_map,13,22,0,detected,14.203241,-1.209149,2.256328,4.642134,1.082524,-0.368038,0.876651,19.352858,2857.750,0,0.001379,0.000000,0.150483,0.350345
tracking_cdrone3_20260822_201250_360_milestone4,milestone4,1787454875.775013924,target_map,6,13,2,predicted,5.124818,2.316874,-1.042368,1.234054,-0.131318,-0.331662,0.010417,8.021407,1384.250,0,3.944584,3.944584,1.401911,1.244222
tracking_cdrone3_20260822_201250_360_milestone4,milestone4,1787454875.775013924,target_map,9,17,2,predicted,5.253216,0.450731,-4.729270,1.464445,0.188424,-1.178923,0.000000,5.735290,18434.500,1,4.307695,4.307695,1.657694,1.426924
tracking_cdrone3_20260822_201250_360_milestone4,milestone4,1787454875.775013924,target_map,11,19,2,predicted,1.715490,0.929666,0.203563,0.491477,0.368593,-0.040671,0.000000,6.344463,21033.750,1,4.307695,4.307695,1.657694,1.426924
tracking_cdrone3_20260822_201250_360_milestone4,milestone4,1787454875.775013924,target_map,12,21,2,predicted,6.247810,6.732997,-4.711514,-0.274721,0.410941,-1.425912,0.073084,14.854401,1702.000,1,3.576890,3.576890,1.401911,1.244222
tracking_cdrone3_20260822_201250_360_milestone4,milestone4,1787454875.775013924,target_map,13,22,0,detected,14.667932,-1.100785,2.219486,4.642134,1.082524,-0.368038,0.854704,19.352858,2857.750,0,0.101482,0.000000,0.185519,0.375370
tracking_cdrone3_20260822_201250_360_milestone4,milestone4,1787454875.875085592,target_map,6,13,2,predicted,5.248302,2.303734,-1.075555,1.234054,-0.131318,-0.331662,0.000000,8.021407,1384.250,0,4.044647,4.044647,1.436933,1.269238
tracking_cdrone3_20260822_201250_360_milestone4,milestone4,1787454875.875085592,target_map,9,17,2,predicted,5.399753,0.469585,-4.847237,1.464445,0.188424,-1.178923,0.000000,5.735290,18434.500,1,4.407759,4.407759,1.692716,1.451940
tracking_cdrone3_20260822_201250_360_milestone4,milestone4,1787454875.875085592,target_map,11,19,2,predicted,1.764669,0.966548,0.199493,0.491477,0.368593,-0.040671,0.000000,6.344463,21033.750,1,4.407759,4.407759,1.692716,1.451940
tracking_cdrone3_20260822_201250_360_milestone4,milestone4,1787454875.875085592,target_map,12,21,2,predicted,6.220321,6.774117,-4.854195,-0.274721,0.410941,-1.425912,0.055800,14.854401,1702.000,1,3.676953,3.676953,1.436933,1.269238
tracking_cdrone3_20260822_201250_360_milestone4,milestone4,1787454875.875085592,target_map,13,22,0,detected,15.132439,-0.992465,2.182660,4.642134,1.082524,-0.368038,0.832767,19.352858,2857.750,0,0.201545,0.000000,0.220541,0.400386
tracking_cdrone3_20260822_201250_360_milestone4,milestone4,1787454875.975013256,target_map,6,13,2,predicted,5.371624,2.290611,-1.108699,1.234054,-0.131318,-0.331662,0.000000,8.021407,1384.250,0,4.144581,4.144581,1.471910,1.294222
tracking_cdrone3_20260822_201250_360_milestone4,milestone4,1787454875.975013256,target_map,9,17,2,predicted,5.546100,0.488415,-4.965051,1.464445,0.188424,-1.178923,0.000000,5.735290,18434.500,1,4.507692,4.507692,1.727692,1.476923
tracking_cdrone3_20260822_201250_360_milestone4,milestone4,1787454875.975013256,target_map,11,19,2,predicted,1.813784,1.003383,0.195429,0.491477,0.368593,-0.040671,0.000000,6.344463,21033.750,1,4.507692,4.507692,1.727692,1.476923
tracking_cdrone3_20260822_201250_360_milestone4,milestone4,1787454875.975013256,target_map,12,21,2,predicted,6.192867,6.815185,-4.996691,-0.274721,0.410941,-1.425912,0.038538,14.854401,1702.000,1,3.776886,3.776886,1.471910,1.294222
tracking_cdrone3_20260822_201250_360_milestone4,milestone4,1787454875.975013256,target_map,13,22,2,predicted,15.596342,-0.884285,2.145880,4.642134,1.082524,-0.368038,0.810858,19.352858,2857.750,0,0.301478,0.301478,0.255517,0.425370
tracking_cdrone3_20260822_201250_360_milestone4,milestone4,1787454876.075129032,target_map,6,13,2,predicted,5.495178,2.277463,-1.141905,1.234054,-0.131318,-0.331662,0.000000,8.021407,1384.250,0,4.244700,4.244700,1.506952,1.319251
tracking_cdrone3_20260822_201250_360_milestone4,milestone4,1787454876.075129032,target_map,9,17,2,predicted,5.692720,0.507280,-5.083084,1.464445,0.188424,-1.178923,0.000000,5.735290,18434.500,1,4.607812,4.607812,1.762734,1.501953
tracking_cdrone3_20260822_201250_360_milestone4,milestone4,1787454876.075129032,target_map,11,19,2,predicted,1.862990,1.040286,0.191357,0.491477,0.368593,-0.040671,0.000000,6.344463,21033.750,1,4.607812,4.607812,1.762734,1.501953
tracking_cdrone3_20260822_201250_360_milestone4,milestone4,1787454876.075129032,target_map,12,21,2,predicted,6.165362,6.856328,-5.139452,-0.274721,0.410941,-1.425912,0.021245,14.854401,1702.000,1,3.877006,3.877006,1.506952,1.319251
tracking_cdrone3_20260822_201250_360_milestone4,milestone4,1787454876.075129032,target_map,13,22,2,predicted,16.061111,-0.775903,2.109033,4.642134,1.082524,-0.368038,0.788907,19.352858,2857.750,0,0.401598,0.401598,0.290559,0.450399
tracking_cdrone3_20260822_201250_360_milestone4,milestone4,1787454876.174930096,target_map,6,13,2,predicted,5.618338,2.264358,-1.175005,1.234054,-0.131318,-0.331662,0.000000,8.021407,1384.250,0,4.344501,4.344501,1.541882,1.344202
tracking_cdrone3_20260822_201250_360_milestone4,milestone4,1787454876.174930096,target_map,9,17,2,predicted,5.838873,0.526085,-5.200742,1.464445,0.188424,-1.178923,0.000000,5.735290,18434.500,1,4.707613,4.707613,1.797665,1.526903
tracking_cdrone3_20260822_201250_360_milestone4,milestone4,1787454876.174930096,target_map,11,19,2,predicted,1.912040,1.077072,0.187298,0.491477,0.368593,-0.040671,0.000000,6.344463,21033.750,1,4.707613,4.707613,1.797665,1.526903
tracking_cdrone3_20260822_201250_360_milestone4,milestone4,1787454876.174930096,target_map,12,21,2,predicted,6.137944,6.897340,-5.281760,-0.274721,0.410941,-1.425912,0.004006,14.854401,1702.000,1,3.976807,3.976807,1.541882,1.344202
tracking_cdrone3_20260822_201250_360_milestone4,milestone4,1787454876.174930096,target_map,13,22,2,predicted,16.524403,-0.667866,2.072302,4.642134,1.082524,-0.368038,0.767027,19.352858,2857.750,0,0.501399,0.501399,0.325490,0.475350
tracking_cdrone3_20260822_201250_360_milestone4,milestone4,1787454876.275056362,target_map,6,13,2,predicted,5.741855,2.251214,-1.208201,1.234054,-0.131318,-0.331662,0.000000,8.021407,1384.250,0,4.444592,4.444592,1.576914,1.369224
tracking_cdrone3_20260822_201250_360_milestone4,milestone4,1787454876.275056362,target_map,9,17,2,predicted,5.985450,0.544944,-5.318741,1.464445,0.188424,-1.178923,0.000000,5.735290,18434.500,1,4.807703,4.807703,1.832696,1.551926
tracking_cdrone3_20260822_201250_360_milestone4,milestone4,1787454876.275056362,target_map,11,19,2,predicted,1.961232,1.113965,0.183227,0.491477,0.368593,-0.040671,0.000000,6.344463,21033.750,1,4.807703,4.807703,1.832696,1.551926
tracking_cdrone3_20260822_201250_360_milestone4,milestone4,1787454876.275056362,target_map,12,21,2,predicted,6.110447,6.938471,-5.424480,-0.274721,0.410941,-1.425912,0.000000,14.854401,1702.000,1,4.076897,4.076897,1.576914,1.369224
tracking_cdrone3_20260822_201250_360_milestone4,milestone4,1787454876.275056362,target_map,13,22,2,predicted,16.989035,-0.559515,2.035465,4.642134,1.082524,-0.368038,0.745084,19.352858,2857.750,0,0.601490,0.601490,0.360521,0.500372
tracking_cdrone3_20260822_201250_360_milestone4,milestone4,1787454876.374915123,target_map,6,13,2,predicted,5.865119,2.238097,-1.241330,1.234054,-0.131318,-0.331662,0.000000,8.021407,1384.250,0,4.544478,4.544478,1.611874,1.394196
tracking_cdrone3_20260822_201250_360_milestone4,milestone4,1787454876.374915123,target_map,9,17,2,predicted,6.131728,0.563765,-5.436499,1.464445,0.188424,-1.178923,0.000000,5.735290,18434.500,1,4.907589,4.907589,1.867656,1.576897
tracking_cdrone3_20260822_201250_360_milestone4,milestone4,1787454876.374915123,target_map,11,19,2,predicted,2.010324,1.150782,0.179164,0.491477,0.368593,-0.040671,0.000000,6.344463,21033.750,1,4.907589,4.907589,1.867656,1.576897
tracking_cdrone3_20260822_201250_360_milestone4,milestone4,1787454876.374915123,target_map,12,21,2,predicted,6.083006,6.979519,-5.566909,-0.274721,0.410941,-1.425912,0.000000,14.854401,1702.000,1,4.176783,4.176783,1.611874,1.394196
tracking_cdrone3_20260822_201250_360_milestone4,milestone4,1787454876.374915123,target_map,13,22,2,predicted,17.452719,-0.451387,1.998703,4.642134,1.082524,-0.368038,0.723185,19.352858,2857.750,0,0.701375,0.701375,0.395481,0.525344
tracking_cdrone3_20260822_201250_360_milestone4,milestone4,1787454876.431893110,raw,19,19,0,detected,9.093216,-5.629525,5.287159,0.000000,0.000000,0.000000,0.718750,15.153109,1700.500,0,0.000000,0.000000,0.000000,0.000000
tracking_cdrone3_20260822_201250_360_milestone4,milestone4,1787454876.474879026,target_map,6,13,2,predicted,5.988489,2.224969,-1.274486,1.234054,-0.131318,-0.331662,0.000000,8.021407,1384.250,0,4.644449,4.644449,1.646864,1.419188
tracking_cdrone3_20260822_201250_360_milestone4,milestone4,1787454876.474879026,target_map,11,19,0,detected,9.133683,-5.653240,5.309268,1.002188,-0.587327,0.547558,0.711494,15.153109,1700.500,0,0.040379,0.000000,0.164133,0.360095
tracking_cdrone3_20260822_201250_360_milestone4,milestone4,1787454876.474879026,target_map,12,21,2,predicted,6.055542,7.020601,-5.709459,-0.274721,0.410941,-1.425912,0.000000,14.854401,1702.000,1,4.276754,4.276754,1.646864,1.419188
tracking_cdrone3_20260822_201250_360_milestone4,milestone4,1787454876.474879026,target_map,13,22,2,predicted,17.916798,-0.343166,1.961910,4.642134,1.082524,-0.368038,0.701267,19.352858,2857.750,0,0.801347,0.801347,0.430471,0.550337
tracking_cdrone3_20260822_201250_360_milestone4,milestone4,1787454876.575186014,target_map,6,13,2,predicted,6.111941,2.211833,-1.307665,1.234054,-0.131318,-0.331662,0.000000,8.021407,1384.250,0,4.744487,4.744487,1.681877,1.444198
tracking_cdrone3_20260822_201250_360_milestone4,milestone4,1787454876.575186014,target_map,11,19,0,detected,9.233940,-5.711996,5.364046,1.002188,-0.587327,0.547558,0.693519,15.153109,1700.500,0,0.140417,0.000000,0.199146,0.385104
tracking_cdrone3_20260822_201250_360_milestone4,milestone4,1787454876.575186014,target_map,12,21,2,predicted,6.028059,7.061711,-5.852105,-0.274721,0.410941,-1.425912,0.000000,14.854401,1702.000,1,4.376792,4.376792,1.681877,1.444198
tracking_cdrone3_20260822_201250_360_milestone4,milestone4,1787454876.575186014,target_map,13,22,2,predicted,18.381189,-0.234872,1.925092,4.642134,1.082524,-0.368038,0.679335,19.352858,2857.750,0,0.901385,0.901385,0.465485,0.575346
tracking_cdrone3_20260822_201250_360_milestone4,milestone4,1787454876.674866199,target_map,6,13,2,predicted,6.235282,2.198708,-1.340814,1.234054,-0.131318,-0.331662,0.000000,8.021407,1384.250,0,4.844435,4.844435,1.716859,1.469185
tracking_cdrone3_20260822_201250_360_milestone4,milestone4,1787454876.674866199,target_map,11,19,0,detected,9.334106,-5.770697,5.418773,1.002188,-0.587327,0.547558,0.675560,15.153109,1700.500,0,0.240365,0.000000,0.234128,0.410091
tracking_cdrone3_20260822_201250_360_milestone4,milestone4,1787454876.674866199,target_map,12,21,2,predicted,6.000602,7.102783,-5.994621,-0.274721,0.410941,-1.425912,0.000000,14.854401,1702.000,1,4.476740,4.476740,1.716859,1.469185
tracking_cdrone3_20260822_201250_360_milestone4,milestone4,1787454876.674866199,target_map,13,22,2,predicted,18.845158,-0.126676,1.888308,4.642134,1.082524,-0.368038,0.657423,19.352858,2857.750,0,1.001332,1.001332,0.500466,0.600333
tracking_cdrone3_20260822_201250_360_milestone4,milestone4,1787454876.775101423,target_map,6,13,2,predicted,6.358976,2.185545,-1.374058,1.234054,-0.131318,-0.331662,0.000000,8.021407,1384.250,0,4.944669,4.944669,1.751941,1.494244
tracking_cdrone3_20260822_201250_360_milestone4,milestone4,1787454876.775101423,target_map,11,19,2,predicted,9.434560,-5.829567,5.473657,1.002188,-0.587327,0.547558,0.657549,15.153109,1700.500,0,0.340599,0.340599,0.269210,0.435150
tracking_cdrone3_20260822_201250_360_milestone4,milestone4,1787454876.775101423,target_map,12,21,2,predicted,5.973065,7.143974,-6.137546,-0.274721,0.410941,-1.425912,0.000000,14.854401,1702.000,1,4.576974,4.576974,1.751941,1.494244
tracking_cdrone3_20260822_201250_360_milestone4,milestone4,1787454876.775101423,target_map,13,22,2,predicted,19.310457,-0.018171,1.851418,4.642134,1.082524,-0.368038,0.635448,19.352858,2857.750,0,1.101566,1.101566,0.535548,0.625392
tracking_cdrone3_20260822_201250_360_milestone4,milestone4,1787454876.808876753,raw,19,19,0,detected,0.474634,-3.033491,2.923163,-22.859798,6.885681,-6.270227,0.889648,5.641211,2811.750,1,0.000000,0.000000,0.000000,0.000000
tracking_cdrone3_20260822_201250_360_milestone4,milestone4,1787454876.875119925,target_map,11,19,0,detected,0.249986,-2.973787,2.869151,-3.623850,0.963098,-0.871287,0.875861,5.641211,2811.750,1,0.061991,0.000000,0.171697,0.365498
tracking_cdrone3_20260822_201250_360_milestone4,milestone4,1787454876.875119925,target_map,12,21,2,predicted,5.945593,7.185068,-6.280138,-0.274721,0.410941,-1.425912,0.000000,14.854401,1702.000,1,4.676974,4.676974,1.786941,1.519244
tracking_cdrone3_20260822_201250_360_milestone4,milestone4,1787454876.875119925,target_map,13,22,2,predicted,19.774673,0.090083,1.814614,4.642134,1.082524,-0.368038,0.613524,19.352858,2857.750,0,1.201567,1.201567,0.570548,0.650392
tracking_cdrone3_20260822_201250_360_milestone4,milestone4,1787454876.974745512,target_map,11,19,0,detected,-0.111126,-2.877815,2.782328,-3.623850,0.963098,-0.871287,0.853698,5.641211,2811.750,1,0.161640,0.000000,0.206574,0.390410
tracking_cdrone3_20260822_201250_360_milestone4,milestone4,1787454876.974745512,target_map,12,21,2,predicted,5.918218,7.226018,-6.422228,-0.274721,0.410941,-1.425912,0.000000,14.854401,1702.000,1,4.776623,4.776623,1.821818,1.544156
tracking_cdrone3_20260822_201250_360_milestone4,milestone4,1787454876.974745512,target_map,13,22,2,predicted,20.237257,0.197955,1.777940,4.642134,1.082524,-0.368038,0.591677,19.352858,2857.750,0,1.301216,1.301216,0.605425,0.675304
tracking_cdrone3_20260822_201250_360_milestone4,milestone4,1787454877.075051785,target_map,11,19,2,predicted,-0.474593,-2.781218,2.694939,-3.623850,0.963098,-0.871287,0.831390,5.641211,2811.750,1,0.261939,0.261939,0.241679,0.415485
tracking_cdrone3_20260822_201250_360_milestone4,milestone4,1787454877.075051785,target_map,12,21,2,predicted,5.890664,7.267235,-6.565245,-0.274721,0.410941,-1.425912,0.000000,14.854401,1702.000,1,4.876922,4.876922,1.856923,1.569230
tracking_cdrone3_20260822_201250_360_milestone4,milestone4,1787454877.075051785,target_map,13,22,2,predicted,20.702856,0.306530,1.741026,4.642134,1.082524,-0.368038,0.569688,19.352858,2857.750,0,1.401514,1.401514,0.640530,0.700379
tracking_cdrone3_20260822_201250_360_milestone4,milestone4,1787454877.103793621,raw,19,19,0,detected,0.515995,-2.965462,2.888224,0.140262,0.230696,-0.118483,0.888184,5.581094,2852.500,1,0.000000,0.000000,0.000000,0.000000
tracking_cdrone3_20260822_201250_360_milestone4,milestone4,1787454877.175626755,target_map,11,19,0,detected,0.408409,-2.926662,2.856560,-1.553588,0.560277,-0.457245,0.872807,5.581094,2852.500,1,0.069250,0.000000,0.174238,0.367313
tracking_cdrone3_20260822_201250_360_milestone4,milestone4,1787454877.175626755,target_map,12,21,2,predicted,5.863033,7.308565,-6.708656,-0.274721,0.410941,-1.425912,0.000000,14.854401,1702.000,1,4.977497,4.977497,1.892124,1.594374
tracking_cdrone3_20260822_201250_360_milestone4,milestone4,1787454877.175626755,target_map,13,22,2,predicted,21.169739,0.415405,1.704011,4.642134,1.082524,-0.368038,0.547638,19.352858,2857.750,0,1.502089,1.502089,0.675731,0.725522
tracking_cdrone3_20260822_201250_360_milestone4,milestone4,1787454877.274982929,target_map,11,19,0,detected,0.254055,-2.870997,2.811131,-1.553588,0.560277,-0.457245,0.850746,5.581094,2852.500,1,0.168603,0.000000,0.209011,0.392151
tracking_cdrone3_20260822_201250_360_milestone4,milestone4,1787454877.274982929,target_map,13,22,2,predicted,21.630949,0.522957,1.667445,4.642134,1.082524,-0.368038,0.525856,19.352858,2857.750,0,1.601442,1.601442,0.710505,0.750361
tracking_cdrone3_20260822_201250_360_milestone4,milestone4,1787454877.374979973,target_map,11,19,2,predicted,0.098734,-2.814983,2.765418,-1.553588,0.560277,-0.457245,0.828547,5.581094,2852.500,1,0.268579,0.268579,0.244003,0.417145
tracking_cdrone3_20260822_201250_360_milestone4,milestone4,1787454877.374979973,target_map,13,22,2,predicted,22.095049,0.631183,1.630650,4.642134,1.082524,-0.368038,0.503937,19.352858,2857.750,0,1.701418,1.701418,0.745496,0.775354
tracking_cdrone3_20260822_201250_360_milestone4,milestone4,1787454877.390335560,raw,19,19,1,held,0.507934,-2.983744,2.901807,-0.028132,-0.063806,0.047403,0.888184,5.523434,2852.500,1,0.286534,0.286534,0.000000,0.000000
tracking_cdrone3_20260822_201250_360_milestone4,milestone4,1787454877.474839211,target_map,11,19,1,held,0.450100,-2.966179,2.887264,-0.714587,0.217031,-0.179689,0.806589,5.523434,2852.500,1,0.367468,0.000000,0.178327,0.370233
tracking_cdrone3_20260822_201250_360_milestone4,milestone4,1787454877.474839211,target_map,13,22,2,predicted,22.558777,0.739322,1.593885,4.642134,1.082524,-0.368038,0.482036,19.352858,2857.750,0,1.801313,1.801313,0.780460,0.800328
tracking_cdrone3_20260822_201250_360_milestone4,milestone4,1787454877.574837208,target_map,11,19,1,held,0.378650,-2.944479,2.869297,-0.714587,0.217031,-0.179689,0.784387,5.523434,2852.500,1,0.467457,0.000000,0.213323,0.395231
tracking_cdrone3_20260822_201250_360_milestone4,milestone4,1787454877.574837208,target_map,13,22,2,predicted,23.022940,0.847563,1.557085,4.642134,1.082524,-0.368038,0.460115,19.352858,2857.750,0,1.901302,1.901302,0.815456,0.825326
tracking_cdrone3_20260822_201250_360_milestone4,milestone4,1787454877.675314665,target_map,11,19,2,predicted,0.306851,-2.922672,2.851243,-0.714587,0.217031,-0.179689,0.762077,5.523434,2852.500,1,0.567932,0.567932,0.248489,0.420349
tracking_cdrone3_20260822_201250_360_milestone4,milestone4,1787454877.675314665,target_map,13,22,2,predicted,23.489361,0.956330,1.520106,4.642134,1.082524,-0.368038,0.438087,19.352858,2857.750,0,2.001778,2.001778,0.850622,0.850444
tracking_cdrone3_20260822_201250_360_milestone4,milestone4,1787454877.770308018,raw,19,19,0,detected,10.346005,-5.459362,5.727049,25.888224,-6.514422,7.434435,0.854004,15.913945,3063.125,0,0.000000,0.000000,0.000000,0.000000
tracking_cdrone3_20260822_201250_360_milestone4,milestone4,1787454877.775477886,target_map,11,19,0,detected,10.356381,-5.461927,5.730060,3.788988,-0.936701,1.099585,0.853419,15.913945,3063.125,0,0.002738,0.000000,0.150958,0.350685
tracking_cdrone3_20260822_201250_360_milestone4,milestone4,1787454877.775477886,target_map,13,22,2,predicted,23.954416,1.064778,1.483236,4.642134,1.082524,-0.368038,0.416123,19.352858,2857.750,0,2.101959,2.101959,0.885686,0.875490
tracking_cdrone3_20260822_201250_360_milestone4,milestone4,1787454877.875004768,target_map,11,19,0,detected,10.733445,-5.555143,5.839486,3.788988,-0.936701,1.099585,0.832173,15.913945,3063.125,0,0.102254,0.000000,0.185789,0.375564
tracking_cdrone3_20260822_201250_360_milestone4,milestone4,1787454877.875004768,target_map,13,22,2,predicted,24.416382,1.172507,1.446610,4.642134,1.082524,-0.368038,0.394306,19.352858,2857.750,0,2.201475,2.201475,0.920516,0.900369
tracking_cdrone3_20260822_201250_360_milestone4,milestone4,1787454877.975145817,target_map,11,19,0,detected,11.112810,-5.648929,5.949580,3.788988,-0.936701,1.099585,0.810796,15.913945,3063.125,0,0.202377,0.000000,0.220832,0.400594
tracking_cdrone3_20260822_201250_360_milestone4,milestone4,1787454877.975145817,target_map,13,22,2,predicted,24.881166,1.280892,1.409761,4.642134,1.082524,-0.368038,0.372355,19.352858,2857.750,0,2.301598,2.301598,0.955559,0.925400
tracking_cdrone3_20260822_201250_360_milestone4,milestone4,1787454878.074870825,target_map,11,19,2,predicted,11.490696,-5.742349,6.059245,3.788988,-0.936701,1.099585,0.789503,15.913945,3063.125,0,0.302110,0.302110,0.255738,0.425527
tracking_cdrone3_20260822_201250_360_milestone4,milestone4,1787454878.074870825,target_map,13,22,2,predicted,25.344139,1.388855,1.373056,4.642134,1.082524,-0.368038,0.350489,19.352858,2857.750,0,2.401331,2.401331,0.990466,0.950333
tracking_cdrone3_20260822_201250_360_milestone4,milestone4,1787454878.158488989,raw,19,19,0,detected,13.011026,-5.142101,5.684811,6.866145,0.817391,-0.108821,0.737793,18.242657,3025.000,0,0.000000,0.000000,0.000000,0.000000
tracking_cdrone3_20260822_201250_360_milestone4,milestone4,1787454878.174673319,target_map,11,19,0,detected,13.055576,-5.141873,5.688346,5.481424,0.028049,0.434962,0.736294,18.242657,3025.000,0,0.008127,0.000000,0.152845,0.352032
tracking_cdrone3_20260822_201250_360_milestone4,milestone4,1787454878.174673319,target_map,13,22,2,predicted,25.807507,1.496910,1.336319,4.642134,1.082524,-0.368038,0.328606,19.352858,2857.750,0,2.501149,2.501149,1.025402,0.975287
tracking_cdrone3_20260822_201250_360_milestone4,milestone4,1787454878.274949074,target_map,11,19,0,detected,13.605188,-5.139060,5.731959,5.481424,0.028049,0.434962,0.717800,18.242657,3025.000,0,0.108396,0.000000,0.187938,0.377099
tracking_cdrone3_20260822_201250_360_milestone4,milestone4,1787454878.274949074,target_map,13,22,2,predicted,26.272964,1.605453,1.299417,4.642134,1.082524,-0.368038,0.306623,19.352858,2857.750,0,2.601417,2.601417,1.060496,1.000354
tracking_cdrone3_20260822_201250_360_milestone4,milestone4,1787454878.374846935,target_map,11,19,0,detected,14.152736,-5.136259,5.775408,5.481424,0.028049,0.434962,0.699375,18.242657,3025.000,0,0.208287,0.000000,0.222900,0.402072
tracking_cdrone3_20260822_201250_360_milestone4,milestone4,1787454878.374846935,target_map,13,22,2,predicted,26.736675,1.713588,1.262653,4.642134,1.082524,-0.368038,0.284723,19.352858,2857.750,0,2.701308,2.701308,1.095458,1.025327
tracking_cdrone3_20260822_201250_360_milestone4,milestone4,1787454878.474866867,target_map,11,19,2,predicted,14.700969,-5.133453,5.818912,5.481424,0.028049,0.434962,0.680927,18.242657,3025.000,0,0.308304,0.308304,0.257906,0.427076
tracking_cdrone3_20260822_201250_360_milestone4,milestone4,1787454878.474866867,target_map,13,22,2,predicted,27.200964,1.821858,1.225843,4.642134,1.082524,-0.368038,0.262795,19.352858,2857.750,0,2.801325,2.801325,1.130464,1.050331
tracking_cdrone3_20260822_201250_360_milestone4,milestone4,1787454878.537112236,raw,19,19,0,detected,12.886113,-5.813949,6.029074,-0.329914,-1.774451,0.909251,0.737793,18.130768,3025.000,1,0.000000,0.000000,0.000000,0.000000
tracking_cdrone3_20260822_201250_360_milestone4,milestone4,1787454878.574902296,target_map,11,19,0,detected,12.966522,-5.847846,6.053558,2.285188,-0.963326,0.695821,0.731303,18.130768,3025.000,1,0.035187,0.000000,0.162315,0.358797
tracking_cdrone3_20260822_201250_360_milestone4,milestone4,1787454878.574902296,target_map,13,22,2,predicted,27.665361,1.930153,1.189025,4.642134,1.082524,-0.368038,0.240863,19.352858,2857.750,0,2.901364,2.901364,1.165478,1.075341
tracking_cdrone3_20260822_201250_360_milestone4,milestone4,1787454878.674808025,target_map,11,19,0,detected,13.194821,-5.944086,6.123073,2.285188,-0.963326,0.695821,0.712876,18.130768,3025.000,1,0.135091,0.000000,0.197282,0.383773
tracking_cdrone3_20260822_201250_360_milestone4,milestone4,1787454878.674808025,target_map,13,22,2,predicted,28.129128,2.038302,1.152256,4.642134,1.082524,-0.368038,0.218960,19.352858,2857.750,0,3.001268,3.001268,1.200444,1.100317
tracking_cdrone3_20260822_201250_360_milestone4,milestone4,1787454878.774946928,target_map,11,19,0,detected,13.423663,-6.040555,6.192754,2.285188,-0.963326,0.695821,0.694405,18.130768,3025.000,1,0.235232,0.000000,0.232331,0.408808
tracking_cdrone3_20260822_201250_360_milestone4,milestone4,1787454878.774946928,target_map,13,22,2,predicted,28.593998,2.146707,1.115401,4.642134,1.082524,-0.368038,0.197005,19.352858,2857.750,0,3.101410,3.101410,1.235493,1.125352
tracking_cdrone3_20260822_201250_360_milestone4,milestone4,1787454878.839027166,raw,19,19,0,detected,13.025952,-5.856664,5.600020,0.463174,-0.141481,-1.421107,0.562012,18.053516,2583.000,1,0.000000,0.000000,0.000000,0.000000
tracking_cdrone3_20260822_201250_360_milestone4,milestone4,1787454878.875401497,target_map,11,19,0,detected,13.069363,-5.873963,5.584170,1.283080,-0.511311,-0.468490,0.557258,18.053516,2583.000,1,0.033833,0.000000,0.161842,0.358458
tracking_cdrone3_20260822_201250_360_milestone4,milestone4,1787454878.875401497,target_map,13,22,2,predicted,29.060345,2.255457,1.078428,4.642134,1.082524,-0.368038,0.174981,19.352858,2857.750,0,3.201869,3.201869,1.270654,1.150467
tracking_cdrone3_20260822_201250_360_milestone4,milestone4,1787454878.975287914,target_map,11,19,0,detected,13.197483,-5.925020,5.537390,1.283080,-0.511311,-0.468490,0.543228,18.053516,2583.000,1,0.133687,0.000000,0.196790,0.383422
tracking_cdrone3_20260822_201250_360_milestone4,milestone4,1787454878.975287914,target_map,13,22,2,predicted,29.523878,2.363551,1.041678,4.642134,1.082524,-0.368038,0.153089,19.352858,2857.750,0,3.301723,3.301723,1.305603,1.175431
tracking_cdrone3_20260822_201250_360_milestone4,milestone4,1787454879.075604677,target_map,11,19,0,detected,13.326220,-5.976322,5.490384,1.283080,-0.511311,-0.468490,0.529131,18.053516,2583.000,1,0.234020,0.000000,0.231907,0.408505
tracking_cdrone3_20260822_201250_360_milestone4,milestone4,1787454879.075604677,target_map,13,22,2,predicted,29.989643,2.472165,1.004751,4.642134,1.082524,-0.368038,0.131092,19.352858,2857.750,0,3.402057,3.402057,1.340720,1.200514
tracking_cdrone3_20260822_201250_360_milestone4,milestone4,1787454879.099751711,raw,19,19,0,detected,5.765358,-3.979857,3.980367,-27.848394,7.198594,-6.212266,0.488525,10.353248,2805.000,1,0.000000,0.000000,0.000000,0.000000
tracking_cdrone3_20260822_201250_360_milestone4,milestone4,1787454879.174964666,target_map,11,19,0,detected,5.504279,-3.918255,3.897405,-3.586585,0.846264,-1.139696,0.479635,10.353248,2805.000,1,0.072793,0.000000,0.175478,0.368198
tracking_cdrone3_20260822_201250_360_milestone4,milestone4,1787454879.174964666,target_map,13,22,2,predicted,30.450968,2.579743,0.968176,4.642134,1.082524,-0.368038,0.109305,19.352858,2857.750,0,3.501434,3.501434,1.375502,1.225359
tracking_cdrone3_20260822_201250_360_milestone4,milestone4,1787454879.275086641,target_map,11,19,0,detected,5.145283,-3.833549,3.783328,-3.586585,0.846264,-1.139696,0.467410,10.353248,2805.000,1,0.172887,0.000000,0.210511,0.393222
tracking_cdrone3_20260822_201250_360_milestone4,milestone4,1787454879.275086641,target_map,13,22,2,predicted,30.915617,2.688097,0.931338,4.642134,1.082524,-0.368038,0.087360,19.352858,2857.750,0,3.601528,3.601528,1.410535,1.250382
tracking_cdrone3_20260822_201250_360_milestone4,milestone4,1787454879.375024557,target_map,11,19,2,predicted,4.786772,-3.748957,3.669405,-3.586585,0.846264,-1.139696,0.455202,10.353248,2805.000,1,0.272846,0.272846,0.245496,0.418212
tracking_cdrone3_20260822_201250_360_milestone4,milestone4,1787454879.375024557,target_map,13,22,2,predicted,31.379641,2.796305,0.894549,4.642134,1.082524,-0.368038,0.065445,19.352858,2857.750,0,3.701487,3.701487,1.445521,1.275372
tracking_cdrone3_20260822_201250_360_milestone4,milestone4,1787454879.411128521,raw,19,19,0,detected,1.890362,-3.011051,3.151945,-12.444642,3.111344,-2.660498,0.779297,6.244471,2931.125,1,0.000000,0.000000,0.000000,0.000000
tracking_cdrone3_20260822_201250_360_milestone4,milestone4,1787454879.475027084,target_map,11,19,0,detected,1.589415,-2.936988,3.078889,-5.793626,1.425796,-1.406419,0.769177,6.244471,2931.125,1,0.051944,0.000000,0.168181,0.362986
tracking_cdrone3_20260822_201250_360_milestone4,milestone4,1787454879.475027084,target_map,13,22,2,predicted,31.843857,2.904558,0.857746,4.642134,1.082524,-0.368038,0.043521,19.352858,2857.750,0,3.801488,3.801488,1.480521,1.300372
tracking_cdrone3_20260822_201250_360_milestone4,milestone4,1787454879.574809313,target_map,11,19,0,detected,1.011260,-2.794706,2.938540,-5.793626,1.425796,-1.406419,0.749735,6.244471,2931.125,1,0.151736,0.000000,0.203108,0.387934
tracking_cdrone3_20260822_201250_360_milestone4,milestone4,1787454879.574809313,target_map,13,22,2,predicted,32.307102,3.012585,0.821019,4.642134,1.082524,-0.368038,0.021643,19.352858,2857.750,0,3.901279,3.901279,1.515448,1.325320
tracking_cdrone3_20260822_201250_360_milestone4,milestone4,1787454879.674954176,target_map,11,19,2,predicted,0.431068,-2.651922,2.797697,-5.793626,1.425796,-1.406419,0.730225,6.244471,2931.125,1,0.251879,0.251879,0.238158,0.412970
tracking_cdrone3_20260822_201250_360_milestone4,milestone4,1787454879.674954176,target_map,13,22,2,predicted,32.771980,3.120992,0.784162,4.642134,1.082524,-0.368038,0.000000,19.352858,2857.750,0,4.001423,4.001423,1.550498,1.350356
tracking_cdrone3_20260822_201250_360_milestone4,milestone4,1787454879.739453793,raw,19,19,0,detected,0.567649,-2.661050,2.952532,-4.028575,1.065994,-0.607350,0.407227,4.839917,2962.500,1,0.000000,0.000000,0.000000,0.000000
tracking_cdrone3_20260822_201250_360_milestone4,milestone4,1787454879.776415348,target_map,11,19,0,detected,0.435465,-2.627396,2.926030,-4.822848,1.227905,-0.966931,0.404436,4.839917,2962.500,1,0.027408,0.000000,0.159593,0.356852
tracking_cdrone3_20260822_201250_360_milestone4,milestone4,1787454879.776415348,target_map,13,22,2,predicted,33.242970,3.230825,0.746821,4.642134,1.082524,-0.368038,0.000000,19.352858,2857.750,0,4.102882,4.102882,1.586009,1.375721
tracking_cdrone3_20260822_201250_360_milestone4,milestone4,1787454879.875086308,target_map,11,19,0,detected,-0.040370,-2.506248,2.830630,-4.822848,1.227905,-0.966931,0.394392,4.839917,2962.500,1,0.126070,0.000000,0.194125,0.381518
tracking_cdrone3_20260822_201250_360_milestone4,milestone4,1787454879.875086308,target_map,13,22,2,predicted,33.700974,3.337630,0.710510,4.642134,1.082524,-0.368038,0.000000,19.352858,2857.750,0,4.201545,4.201545,1.620541,1.400386
tracking_cdrone3_20260822_201250_360_milestone4,milestone4,1787454879.974875450,target_map,11,19,0,detected,-0.521635,-2.383717,2.734142,-4.822848,1.227905,-0.966931,0.384233,4.839917,2962.500,1,0.225859,0.000000,0.229051,0.406465
tracking_cdrone3_20260822_201250_360_milestone4,milestone4,1787454879.974875450,target_map,13,22,2,predicted,34.164204,3.445653,0.673784,4.642134,1.082524,-0.368038,0.000000,19.352858,2857.750,0,4.301333,4.301333,1.655467,1.425333
tracking_cdrone3_20260822_201250_360_milestone4,milestone4,1787454880.070081949,raw,19,19,0,detected,-4.004558,-1.683664,2.045860,-13.827789,2.955922,-2.742062,0.832520,0.018968,2624.500,1,0.000000,0.000000,0.000000,0.000000
tracking_cdrone3_20260822_201250_360_milestone4,milestone4,1787454880.074874163,target_map,11,19,0,detected,-4.016748,-1.680890,2.043433,-6.394379,1.455529,-1.272761,0.832123,0.018968,2624.500,1,0.001906,0.000000,0.150667,0.350477
tracking_cdrone3_20260822_201250_360_milestone4,milestone4,1787454880.074874163,target_map,13,22,2,predicted,34.628536,3.553933,0.636971,4.642134,1.082524,-0.368038,0.000000,19.352858,2857.750,0,4.401359,4.401359,1.690475,1.450340
tracking_cdrone3_20260822_201250_360_milestone4,milestone4,1787454880.174982786,target_map,11,19,0,detected,-4.656763,-1.535205,1.916042,-6.394379,1.455529,-1.272761,0.811291,0.018968,2624.500,1,0.101997,0.000000,0.185699,0.375499
tracking_cdrone3_20260822_201250_360_milestone4,milestone4,1787454880.174982786,target_map,13,22,2,predicted,35.093170,3.662283,0.600134,4.642134,1.082524,-0.368038,0.000000,19.352858,2857.750,0,4.501449,4.501449,1.725507,1.475362
tracking_cdrone3_20260822_201250_360_milestone4,milestone4,1787454880.275157213,target_map,11,19,0,detected,-5.297279,-1.389407,1.788551,-6.394379,1.455529,-1.272761,0.790443,0.018968,2624.500,1,0.202165,0.000000,0.220758,0.400541
tracking_cdrone3_20260822_201250_360_milestone4,milestone4,1787454880.275157213,target_map,13,22,2,predicted,35.558167,3.770718,0.563268,4.642134,1.082524,-0.368038,0.000000,19.352858,2857.750,0,4.601618,4.601618,1.760566,1.500404
tracking_cdrone3_20260822_201250_360_milestone4,milestone4,1787454880.375017643,target_map,11,19,2,predicted,-5.935830,-1.244056,1.661452,-6.394379,1.455529,-1.272761,0.769659,0.018968,2624.500,1,0.302027,0.302027,0.255709,0.425507
tracking_cdrone3_20260822_201250_360_milestone4,milestone4,1787454880.375017643,target_map,13,22,2,predicted,36.021732,3.878820,0.526515,4.642134,1.082524,-0.368038,0.000000,19.352858,2857.750,0,4.701479,4.701479,1.795518,1.525370
tracking_cdrone3_20260822_201250_360_milestone4,milestone4,1787454880.382239342,raw,19,19,0,detected,14.791637,-5.484674,5.355028,60.219955,-12.177816,10.602039,0.625000,19.407404,1857.875,0,0.000000,0.000000,0.000000,0.000000
tracking_cdrone3_20260822_201250_360_milestone4,milestone4,1787454880.474992990,target_map,11,19,0,detected,14.911901,-5.502588,5.370405,1.372420,-0.204434,0.175473,0.611308,19.407404,1857.875,0,0.087629,0.000000,0.180670,0.371907
tracking_cdrone3_20260822_201250_360_milestone4,milestone4,1787454880.474992990,target_map,13,22,2,predicted,36.485859,3.987052,0.489718,4.642134,1.082524,-0.368038,0.000000,19.352858,2857.750,0,4.801460,4.801460,1.830511,1.550365
tracking_cdrone3_20260822_201250_360_milestone4,milestone4,1787454880.575037241,target_map,11,19,0,detected,15.049203,-5.523040,5.387959,1.372420,-0.204434,0.175473,0.595676,19.407404,1857.875,0,0.187672,0.000000,0.215685,0.396918
tracking_cdrone3_20260822_201250_360_milestone4,milestone4,1787454880.575037241,target_map,13,22,2,predicted,36.950275,4.095351,0.452899,4.642134,1.082524,-0.368038,0.000000,19.352858,2857.750,0,4.901504,4.901504,1.865526,1.575376
tracking_cdrone3_20260822_201250_360_milestone4,milestone4,1787454880.675046921,target_map,11,19,2,predicted,15.186452,-5.543485,5.405508,1.372420,-0.204434,0.175473,0.580050,19.407404,1857.875,0,0.287678,0.287678,0.250687,0.421919
tracking_cdrone3_20260822_201250_360_milestone4,milestone4,1787454880.692166090,raw,19,19,0,detected,1.205551,-2.765374,2.560799,-43.837490,8.774217,-9.015986,0.854980,5.164215,1955.000,1,0.000000,0.000000,0.000000,0.000000
tracking_cdrone3_20260822_201250_360_milestone4,milestone4,1787454880.774951935,target_map,11,19,0,detected,0.926019,-2.706978,2.499589,-3.611693,0.754509,-0.790867,0.838437,5.164215,1955.000,1,0.077396,0.000000,0.177089,0.369349
tracking_cdrone3_20260822_201250_360_milestone4,milestone4,1787454880.874983788,target_map,11,19,0,detected,0.564740,-2.631504,2.420478,-3.611693,0.754509,-0.790867,0.817056,5.164215,1955.000,1,0.177427,0.000000,0.212099,0.394357
tracking_cdrone3_20260822_201250_360_milestone4,milestone4,1787454880.975681067,target_map,11,19,2,predicted,0.203695,-2.556079,2.341419,-3.611693,0.754509,-0.790867,0.795689,5.164215,1955.000,1,0.277392,0.277392,0.247087,0.419348
tracking_cdrone3_20260822_201250_360_milestone4,milestone4,1787454881.014650106,raw,19,19,0,detected,13.534755,-5.091272,4.384839,38.228989,-7.211880,5.655773,0.854980,17.686237,1955.000,0,0.000000,0.000000,0.000000,0.000000
tracking_cdrone3_20260822_201250_360_milestone4,milestone4,1787454881.075975180,target_map,11,19,0,detected,13.688506,-5.118370,4.400896,2.653492,-0.467656,0.277129,0.842595,17.686237,1955.000,0,0.057943,0.000000,0.170280,0.364486
tracking_cdrone3_20260822_201250_360_milestone4,milestone4,1787454881.175109386,target_map,11,19,0,detected,13.951493,-5.164719,4.428362,2.653492,-0.467656,0.277129,0.821411,17.686237,1955.000,0,0.157053,0.000000,0.204969,0.389263
tracking_cdrone3_20260822_201250_360_milestone4,milestone4,1787454881.275554419,target_map,11,19,2,predicted,14.218058,-5.211699,4.456202,2.653492,-0.467656,0.277129,0.799939,17.686237,1955.000,0,0.257511,0.257511,0.240129,0.414378
tracking_cdrone3_20260822_201250_360_milestone4,milestone4,1787454881.343272686,raw,19,19,0,detected,0.681382,-2.637161,3.129670,-39.115028,7.468283,-3.819695,0.450195,4.478325,1616.000,1,0.000000,0.000000,0.000000,0.000000
tracking_cdrone3_20260822_201250_360_milestone4,milestone4,1787454881.375013113,target_map,11,19,0,detected,0.589934,-2.619185,3.120978,-3.108110,0.610976,-0.295413,0.446884,4.478325,1616.000,1,0.029422,0.000000,0.160298,0.357356
tracking_cdrone3_20260822_201250_360_milestone4,milestone4,1787454881.474974632,target_map,11,19,0,detected,0.279263,-2.558115,3.091450,-3.108110,0.610976,-0.295413,0.435634,4.478325,1616.000,1,0.129377,0.000000,0.195282,0.382344
tracking_cdrone3_20260822_201250_360_milestone4,milestone4,1787454881.575499535,target_map,11,19,0,detected,-0.033152,-2.496702,3.061757,-3.108110,0.610976,-0.295413,0.424321,4.478325,1616.000,1,0.229893,0.000000,0.230463,0.407473
tracking_cdrone3_20260822_201250_360_milestone4,milestone4,1787454881.647098541,raw,19,19,0,detected,0.984099,-2.700209,2.477345,0.996369,-0.207518,-2.147074,0.839844,4.648277,2406.250,0,0.000000,0.000000,0.000000,0.000000
tracking_cdrone3_20260822_201250_360_milestone4,milestone4,1787454881.675007820,target_map,11,19,0,detected,0.967565,-2.697084,2.451808,-0.850646,0.160805,-1.313827,0.835763,4.648277,2406.250,0,0.019437,0.000000,0.156803,0.354859
tracking_cdrone3_20260822_201250_360_milestone4,milestone4,1787454881.775255442,target_map,11,19,0,detected,0.882287,-2.680963,2.320096,-0.850646,0.160805,-1.313827,0.814714,4.648277,2406.250,0,0.119687,0.000000,0.191891,0.379922
tracking_cdrone3_20260822_201250_360_milestone4,milestone4,1787454881.874984741,target_map,11,19,0,detected,0.797452,-2.664926,2.189068,-0.850646,0.160805,-1.313827,0.793775,4.648277,2406.250,0,0.219418,0.000000,0.226796,0.404854
tracking_cdrone3_20260822_201250_360_milestone4,milestone4,1787454881.957314014,raw,19,19,0,detected,14.804060,-5.129012,6.251504,44.547771,-7.829091,12.165764,0.875000,18.988384,2376.000,0,0.000000,0.000000,0.000000,0.000000
tracking_cdrone3_20260822_201250_360_milestone4,milestone4,1787454881.975004435,target_map,11,19,0,detected,14.860440,-5.138845,6.259684,3.802057,-0.663108,0.551638,0.871756,18.988384,2376.000,0,0.014829,0.000000,0.155190,0.353707
tracking_cdrone3_20260822_201250_360_milestone4,milestone4,1787454882.075116634,target_map,11,19,0,detected,15.240753,-5.205174,6.314863,3.802057,-0.663108,0.551638,0.849875,18.988384,2376.000,0,0.114857,0.000000,0.190200,0.378714
tracking_cdrone3_20260822_201250_360_milestone4,milestone4,1787454882.175362110,target_map,11,19,0,detected,15.622172,-5.271697,6.370203,3.802057,-0.663108,0.551638,0.827930,18.988384,2376.000,0,0.215176,0.000000,0.225312,0.403794
tracking_cdrone3_20260822_201250_360_milestone4,milestone4,1787454882.270195723,raw,19,19,0,detected,1.066766,-2.692729,2.911476,-43.905041,7.786474,-10.674887,0.864746,4.478235,2800.000,1,0.000000,0.000000,0.000000,0.000000
tracking_cdrone3_20260822_201250_360_milestone4,milestone4,1787454882.283622742,target_map,11,19,0,detected,1.050020,-2.689726,2.906282,-2.502414,0.448829,-0.776176,0.863299,4.478235,2800.000,1,0.006692,0.000000,0.152342,0.351673
tracking_cdrone3_20260822_201250_360_milestone4,milestone4,1787454882.374960423,target_map,11,19,0,detected,0.821460,-2.648731,2.835389,-2.502414,0.448829,-0.776176,0.843554,4.478235,2800.000,1,0.098028,0.000000,0.184310,0.374507
tracking_cdrone3_20260822_201250_360_milestone4,milestone4,1787454882.476359844,target_map,11,19,0,detected,0.570666,-2.603750,2.757600,-2.502414,0.448829,-0.776176,0.821887,4.478235,2800.000,1,0.198249,0.000000,0.219387,0.399562
tracking_cdrone3_20260822_201250_360_milestone4,milestone4,1787454882.574858427,target_map,11,19,2,predicted,0.321220,-2.559009,2.680229,-2.502414,0.448829,-0.776176,0.800337,4.478235,2800.000,1,0.297931,0.297931,0.254276,0.424483
tracking_cdrone3_20260822_201250_360_milestone4,milestone4,1787454882.591106176,raw,19,19,0,detected,1.011826,-2.623656,2.526792,-0.171210,0.215252,-1.198783,0.696777,4.268519,2901.750,1,0.000000,0.000000,0.000000,0.000000
tracking_cdrone3_20260822_201250_360_milestone4,milestone4,1787454882.675019264,target_map,11,19,0,detected,0.918930,-2.599267,2.450009,-1.220252,0.320362,-1.008610,0.683516,4.268519,2901.750,1,0.076128,0.000000,0.176645,0.369032
tracking_cdrone3_20260822_201250_360_milestone4,milestone4,1787454882.774914503,target_map,11,19,0,detected,0.797037,-2.567266,2.349257,-1.220252,0.320362,-1.008610,0.666116,4.268519,2901.750,1,0.176020,0.000000,0.211607,0.394005
tracking_cdrone3_20260822_201250_360_milestone4,milestone4,1787454882.874890327,target_map,11,19,2,predicted,0.675035,-2.535236,2.248415,-1.220252,0.320362,-1.008610,0.648700,4.268519,2901.750,1,0.276001,0.276001,0.246600,0.419000
tracking_cdrone3_20260822_201250_360_milestone4,milestone4,1787454882.881942034,raw,19,19,0,detected,1.699825,-2.684189,3.630920,2.365590,-0.208136,3.796390,0.798828,4.975422,3145.000,0,0.000000,0.000000,0.000000,0.000000
tracking_cdrone3_20260822_201250_360_milestone4,milestone4,1787454882.974985600,target_map,11,19,0,detected,1.764851,-2.681622,3.772233,0.751961,0.029688,1.634140,0.781558,4.975422,3145.000,0,0.086475,0.000000,0.180266,0.371619
tracking_cdrone3_20260822_201250_360_milestone4,milestone4,1787454883.074824333,target_map,11,19,0,detected,1.839934,-2.678658,3.935401,0.751961,0.029688,1.634140,0.761618,4.975422,3145.000,0,0.186325,0.000000,0.215214,0.396581
tracking_cdrone3_20260822_201250_360_milestone4,milestone4,1787454883.175012112,target_map,11,19,2,predicted,1.915259,-2.675684,4.099096,0.751961,0.029688,1.634140,0.741613,4.975422,3145.000,0,0.286496,0.286496,0.250274,0.421624
tracking_cdrone3_20260822_201250_360_milestone4,milestone4,1787454883.179652452,raw,19,19,0,detected,1.237059,-2.597344,3.054857,-1.554420,0.291710,-1.934983,0.892578,4.210040,3570.500,1,0.000000,0.000000,0.000000,0.000000
tracking_cdrone3_20260822_201250_360_milestone4,milestone4,1787454883.274993896,target_map,11,19,0,detected,1.189698,-2.581409,3.024703,-0.516549,0.173800,-0.328878,0.872119,4.210040,3570.500,1,0.091687,0.000000,0.182091,0.372922
tracking_cdrone3_20260822_201250_360_milestone4,milestone4,1787454883.375018120,target_map,11,19,0,detected,1.138031,-2.564025,2.991807,-0.516549,0.173800,-0.328878,0.849799,4.210040,3570.500,1,0.191710,0.000000,0.217099,0.397928
tracking_cdrone3_20260822_201250_360_milestone4,milestone4,1787454883.474945545,target_map,11,19,2,predicted,1.086415,-2.546658,2.958945,-0.516549,0.173800,-0.328878,0.827501,4.210040,3570.500,1,0.291635,0.291635,0.252072,0.422909
tracking_cdrone3_20260822_201250_360_milestone4,milestone4,1787454883.475277185,raw,19,19,0,detected,14.658980,-4.433056,4.772312,45.402733,-6.209717,5.809687,0.904785,17.741264,4455.000,0,0.000000,0.000000,0.000000,0.000000
tracking_cdrone3_20260822_201250_360_milestone4,milestone4,1787454883.575112343,target_map,11,19,0,detected,15.052272,-4.482385,4.811273,4.092351,-0.513291,0.405402,0.883047,17.741264,4455.000,0,0.096104,0.000000,0.183636,0.374026
tracking_cdrone3_20260822_201250_360_milestone4,milestone4,1787454883.675400734,target_map,11,19,0,detected,15.461652,-4.533732,4.851828,4.092351,-0.513291,0.405402,0.860419,17.741264,4455.000,0,0.196139,0.000000,0.218649,0.399035
tracking_cdrone3_20260822_201250_360_milestone4,milestone4,1787454883.757931232,raw,19,19,0,detected,0.389566,-2.449204,2.853491,-50.481377,7.018337,-6.788275,0.903809,3.065873,5198.375,1,0.000000,0.000000,0.000000,0.000000
tracking_cdrone3_20260822_201250_360_milestone4,milestone4,1787454883.775155067,target_map,11,19,0,detected,0.359662,-2.444745,2.848683,-2.478377,0.369612,-0.398475,0.901082,3.065873,5198.375,1,0.012066,0.000000,0.154223,0.353016
tracking_cdrone3_20260822_201250_360_milestone4,milestone4,1787454883.875164986,target_map,11,19,0,detected,0.111737,-2.407771,2.808822,-2.478377,0.369612,-0.398475,0.878479,3.065873,5198.375,1,0.112101,0.000000,0.189235,0.378025
tracking_cdrone3_20260822_201250_360_milestone4,milestone4,1787454883.975092173,target_map,11,19,0,detected,-0.135884,-2.370842,2.769009,-2.478377,0.369612,-0.398475,0.855904,3.065873,5198.375,1,0.212013,0.000000,0.224205,0.403003
tracking_cdrone3_20260822_201250_360_milestone4,milestone4,1787454884.063554764,raw,19,19,0,detected,0.500270,-2.448385,2.559633,0.362233,0.002681,-0.961526,0.901367,3.017108,5022.000,1,0.000000,0.000000,0.000000,0.000000
tracking_cdrone3_20260822_201250_360_milestone4,milestone4,1787454884.074851513,target_map,11,19,0,detected,0.493911,-2.447220,2.554716,-0.916041,0.167800,-0.708153,0.899803,3.017108,5022.000,1,0.006942,0.000000,0.152430,0.351736
tracking_cdrone3_20260822_201250_360_milestone4,milestone4,1787454884.175238132,target_map,11,19,0,detected,0.401964,-2.430377,2.483636,-0.916041,0.167800,-0.708153,0.877184,3.017108,5022.000,1,0.107317,0.000000,0.187561,0.376829
tracking_cdrone3_20260822_201250_360_milestone4,milestone4,1787454884.275175571,target_map,11,19,0,detected,0.310452,-2.413615,2.412892,-0.916041,0.167800,-0.708153,0.854673,3.017108,5022.000,1,0.207216,0.000000,0.222526,0.401804
tracking_cdrone3_20260822_201250_360_milestone4,milestone4,1787454884.375031948,target_map,11,19,2,predicted,0.218941,-2.396852,2.342148,-0.916041,0.167800,-0.708153,0.832161,3.017108,5022.000,1,0.307115,0.307115,0.257490,0.426779
tracking_cdrone3_20260822_201250_360_milestone4,milestone4,1787454884.391506672,raw,19,19,0,detected,0.438256,-2.397383,2.815395,-0.189098,0.155518,0.779888,0.901367,2.710609,6496.500,1,0.000000,0.000000,0.000000,0.000000
tracking_cdrone3_20260822_201250_360_milestone4,milestone4,1787454884.475153685,target_map,11,19,0,detected,0.396719,-2.384425,2.824268,-0.516222,0.161045,0.110269,0.883235,2.710609,6496.500,1,0.080464,0.000000,0.178162,0.370116
tracking_cdrone3_20260822_201250_360_milestone4,milestone4,1787454884.575154066,target_map,11,19,0,detected,0.345046,-2.368305,2.835306,-0.516222,0.161045,0.110269,0.860679,2.710609,6496.500,1,0.180561,0.000000,0.213196,0.395140
tracking_cdrone3_20260822_201250_360_milestone4,milestone4,1787454884.675111055,target_map,11,19,2,predicted,0.293444,-2.352207,2.846328,-0.516222,0.161045,0.110269,0.838154,2.710609,6496.500,1,0.280523,0.280523,0.248183,0.420131
tracking_cdrone3_20260822_201250_360_milestone4,milestone4,1787454884.708393335,raw,19,19,0,detected,0.227231,-2.359427,2.829282,-0.665916,0.119776,0.043821,0.902344,2.371110,7957.750,1,0.000000,0.000000,0.000000,0.000000
tracking_cdrone3_20260822_201250_360_milestone4,milestone4,1787454884.775033474,target_map,11,19,0,detected,0.189177,-2.350631,2.833969,-0.598554,0.138347,0.073723,0.888002,2.371110,7957.750,1,0.063577,0.000000,0.172252,0.365894
tracking_cdrone3_20260822_201250_360_milestone4,milestone4,1787454884.875038147,target_map,11,19,0,detected,0.129319,-2.336796,2.841341,-0.598554,0.138347,0.073723,0.865442,2.371110,7957.750,1,0.163582,0.000000,0.207254,0.390895
tracking_cdrone3_20260822_201250_360_milestone4,milestone4,1787454884.975054979,target_map,11,19,2,predicted,0.069459,-2.322960,2.848714,-0.598554,0.138347,0.073723,0.842882,2.371110,7957.750,1,0.263589,0.263589,0.242256,0.415897
tracking_cdrone3_20260822_201250_360_milestone4,milestone4,1787454884.994182348,raw,19,19,0,detected,0.118444,-2.322323,2.823760,-0.380668,0.129834,-0.019321,0.569824,2.144567,11013.750,1,0.000000,0.000000,0.000000,0.000000
tracking_cdrone3_20260822_201250_360_milestone4,milestone4,1787454885.075024128,target_map,11,19,0,detected,0.081920,-2.312125,2.825481,-0.478717,0.133665,0.022548,0.558956,2.144567,11013.750,1,0.076294,0.000000,0.176703,0.369074
tracking_cdrone3_20260822_201250_360_milestone4,milestone4,1787454885.174981594,target_map,11,19,0,detected,0.034071,-2.298765,2.827734,-0.478717,0.133665,0.022548,0.544717,2.144567,11013.750,1,0.176248,0.000000,0.211687,0.394062
tracking_cdrone3_20260822_201250_360_milestone4,milestone4,1787454885.275020838,target_map,11,19,2,predicted,-0.013820,-2.285393,2.829990,-0.478717,0.133665,0.022548,0.530465,2.144567,11013.750,1,0.276288,0.276288,0.246701,0.419072
tracking_cdrone3_20260822_201250_360_milestone4,milestone4,1787454885.297287941,raw,19,19,0,detected,0.151194,-2.289319,2.822964,0.108050,0.108889,-0.002626,0.885742,1.977428,12202.750,1,0.000000,0.000000,0.000000,0.000000
tracking_cdrone3_20260822_201250_360_milestone4,milestone4,1787454885.374983788,target_map,11,19,0,detected,0.139536,-2.280348,2.823615,-0.155995,0.120038,0.008703,0.869194,1.977428,12202.750,1,0.074732,0.000000,0.176156,0.368683
tracking_cdrone3_20260822_201250_360_milestone4,milestone4,1787454885.475234747,target_map,11,19,0,detected,0.123899,-2.268315,2.824487,-0.155995,0.120038,0.008703,0.846997,1.977428,12202.750,1,0.174974,0.000000,0.211241,0.393744
tracking_cdrone3_20260822_201250_360_milestone4,milestone4,1787454885.575014114,target_map,11,19,2,predicted,0.108334,-2.256338,2.825356,-0.155995,0.120038,0.008703,0.824902,1.977428,12202.750,1,0.274752,0.274752,0.246163,0.418688
tracking_cdrone3_20260822_201250_360_milestone4,milestone4,1787454885.609747410,raw,19,19,0,detected,0.115615,-2.259993,2.832552,-0.113863,0.093852,0.030684,0.892578,1.840158,13733.875,1,0.000000,0.000000,0.000000,0.000000
tracking_cdrone3_20260822_201250_360_milestone4,milestone4,1787454885.675120831,target_map,11,19,0,detected,0.107459,-2.253505,2.833829,-0.132822,0.105636,0.020793,0.878875,1.840158,13733.875,1,0.061410,0.000000,0.171494,0.365353
tracking_cdrone3_20260822_201250_360_milestone4,milestone4,1787454885.775329590,target_map,11,19,0,detected,0.094153,-2.242923,2.835912,-0.132822,0.105636,0.020793,0.856521,1.840158,13733.875,1,0.161588,0.000000,0.206556,0.390397
tracking_cdrone3_20260822_201250_360_milestone4,milestone4,1787454885.875180483,target_map,11,19,2,predicted,0.080887,-2.232373,2.837989,-0.132822,0.105636,0.020793,0.834234,1.840158,13733.875,1,0.261464,0.261464,0.241513,0.415366
tracking_cdrone3_20260822_201250_360_milestone4,milestone4,1787454885.879613638,raw,19,19,0,detected,0.066141,-2.226711,2.865331,-0.183329,0.123328,0.121465,0.906250,1.700756,19493.000,1,0.000000,0.000000,0.000000,0.000000
tracking_cdrone3_20260822_201250_360_milestone4,milestone4,1787454885.974964619,target_map,11,19,0,detected,0.051268,-2.216027,2.872384,-0.160601,0.115366,0.076162,0.885269,1.700756,19493.000,1,0.092607,0.000000,0.182413,0.373152
tracking_cdrone3_20260822_201250_360_milestone4,milestone4,1787454886.074985981,target_map,11,19,0,detected,0.035205,-2.204488,2.880002,-0.160601,0.115366,0.076162,0.862608,1.700756,19493.000,1,0.192627,0.000000,0.217419,0.398157
tracking_cdrone3_20260822_201250_360_milestone4,milestone4,1787454886.164327860,raw,19,19,0,detected,0.066830,-2.207381,2.829467,0.002419,0.067889,-0.125963,0.916016,1.615818,17818.688,1,0.000000,0.000000,0.000000,0.000000
tracking_cdrone3_20260822_201250_360_milestone4,milestone4,1787454886.174857140,target_map,11,19,0,detected,0.066325,-2.206747,2.829218,-0.070940,0.089254,-0.035007,0.914387,1.615818,17818.688,1,0.007114,0.000000,0.152490,0.351778
tracking_cdrone3_20260822_201250_360_milestone4,milestone4,1787454886.274834871,target_map,11,19,0,detected,0.059233,-2.197824,2.825718,-0.070940,0.089254,-0.035007,0.891492,1.615818,17818.688,1,0.107087,0.000000,0.187481,0.376772
tracking_cdrone3_20260822_201250_360_milestone4,milestone4,1787454886.375125885,target_map,11,19,0,detected,0.052122,-2.188877,2.822209,-0.070940,0.089254,-0.035007,0.868537,1.615818,17818.688,1,0.207328,0.000000,0.222565,0.401832
tracking_cdrone3_20260822_201250_360_milestone4,milestone4,1787454886.417680979,raw,19,19,0,detected,0.133666,-2.212480,2.846390,0.263744,-0.020121,0.066780,0.908691,1.593970,17529.750,1,0.000000,0.000000,0.000000,0.000000
tracking_cdrone3_20260822_201250_360_milestone4,milestone4,1787454886.478430748,target_map,11,19,0,detected,0.140059,-2.210836,2.847575,0.113136,0.029098,0.020976,0.895855,1.593970,17529.750,1,0.056503,0.000000,0.169776,0.364126
tracking_cdrone3_20260822_201250_360_milestone4,milestone4,1787454886.574986219,target_map,11,19,0,detected,0.150983,-2.208027,2.849600,0.113136,0.029098,0.020976,0.873920,1.593970,17529.750,1,0.153061,0.000000,0.203571,0.388265
tracking_cdrone3_20260822_201250_360_milestone4,milestone4,1787454886.675071478,target_map,11,19,2,predicted,0.162304,-2.205115,2.851699,0.113136,0.029098,0.020976,0.851188,1.593970,17529.750,1,0.253126,0.253126,0.238594,0.413281
tracking_cdrone3_20260822_201250_360_milestone4,milestone4,1787454886.691500187,raw,19,19,0,detected,16.839773,-2.433382,4.989478,61.023136,-0.806897,7.828155,0.908691,18.404949,17529.750,0,0.000000,0.000000,0.000000,0.000000
tracking_cdrone3_20260822_201250_360_milestone4,milestone4,1787454886.775066614,target_map,11,19,0,detected,17.194941,-2.436971,5.035274,4.414773,-0.044609,0.569243,0.890415,18.404949,17529.750,0,0.080450,0.000000,0.178157,0.370112
tracking_cdrone3_20260822_201250_360_milestone4,milestone4,1787454886.874949694,target_map,11,19,0,detected,17.635923,-2.441427,5.092134,4.414773,-0.044609,0.569243,0.867724,18.404949,17529.750,0,0.180338,0.000000,0.213118,0.395084
tracking_cdrone3_20260822_201250_360_milestone4,milestone4,1787454886.948210716,raw,19,19,0,detected,16.810926,-2.098005,5.221110,-0.112362,1.306364,0.902254,0.908691,18.383469,17529.750,1,0.000000,0.000000,0.000000,0.000000
tracking_cdrone3_20260822_201250_360_milestone4,milestone4,1787454886.974975586,target_map,11,19,0,detected,16.855377,-2.081876,5.238485,1.924849,0.698427,0.752399,0.903445,18.383469,17529.750,1,0.023093,0.000000,0.158083,0.355773
tracking_cdrone3_20260822_201250_360_milestone4,milestone4,1787454887.074713945,target_map,11,19,0,detected,17.047384,-2.012207,5.313538,1.924849,0.698427,0.752399,0.880784,18.383469,17529.750,1,0.122845,0.000000,0.192996,0.380711
tracking_cdrone3_20260822_201250_360_milestone4,milestone4,1787454887.174766302,target_map,11,19,0,detected,17.239960,-1.942331,5.388813,1.924849,0.698427,0.752399,0.858056,18.383469,17529.750,1,0.222892,0.000000,0.228012,0.405723
tracking_cdrone3_20260822_201250_360_milestone4,milestone4,1787454887.258424997,raw,19,19,0,detected,16.344536,-1.849152,6.823531,-1.503496,0.802222,5.165703,0.908691,18.197075,17529.750,1,0.000000,0.000000,0.000000,0.000000
tracking_cdrone3_20260822_201250_360_milestone4,milestone4,1787454887.275010347,target_map,11,19,0,detected,16.345085,-1.838570,6.868069,0.039259,0.755514,3.179716,0.905509,18.197075,17529.750,1,0.014007,0.000000,0.154902,0.353502
tracking_cdrone3_20260822_201250_360_milestone4,milestone4,1787454887.375039101,target_map,11,19,0,detected,16.349012,-1.762989,7.186163,0.039259,0.755514,3.179716,0.882783,18.197075,17529.750,1,0.114046,0.000000,0.189916,0.378511
tracking_cdrone3_20260822_201250_360_milestone4,milestone4,1787454887.474935293,target_map,11,19,0,detected,16.352934,-1.687521,7.503786,0.039259,0.755514,3.179716,0.860091,18.197075,17529.750,1,0.213936,0.000000,0.224878,0.403484
tracking_cdrone3_20260822_201250_360_milestone4,milestone4,1787454887.556143999,raw,19,19,0,detected,16.808067,-1.420407,3.899913,1.557030,1.440181,-9.820608,0.908691,18.172739,17529.750,0,0.000000,0.000000,0.000000,0.000000
tracking_cdrone3_20260822_201250_360_milestone4,milestone4,1787454887.581254244,target_map,11,19,0,detected,16.820690,-1.402892,3.848130,0.699553,0.970695,-2.869968,0.904592,18.172739,17529.750,0,0.018043,0.000000,0.156315,0.354511
tracking_cdrone3_20260822_201250_360_milestone4,milestone4,1787454887.675060987,target_map,11,19,0,detected,16.886311,-1.311837,3.578913,0.699553,0.970695,-2.869968,0.883283,18.172739,17529.750,0,0.111848,0.000000,0.189147,0.377962
tracking_cdrone3_20260822_201250_360_milestone4,milestone4,1787454887.775075912,target_map,11,19,0,detected,16.956272,-1.214759,3.291892,0.699553,0.970695,-2.869968,0.860563,18.172739,17529.750,0,0.211856,0.000000,0.224150,0.402964
tracking_cdrone3_20260822_201250_360_milestone4,milestone4,1787454887.845530987,raw,19,19,0,detected,16.684622,-1.309587,5.502612,-0.426576,0.382948,5.538249,0.908691,18.179811,17529.750,0,0.000000,0.000000,0.000000,0.000000
tracking_cdrone3_20260822_201250_360_milestone4,milestone4,1787454887.875122547,target_map,11,19,0,detected,16.685633,-1.301421,5.524740,0.080182,0.647434,1.754551,0.905826,18.179811,17529.750,0,0.012612,0.000000,0.154414,0.353153
tracking_cdrone3_20260822_201250_360_milestone4,milestone4,1787454887.974821568,target_map,11,19,0,detected,16.693626,-1.236877,5.699655,0.080182,0.647434,1.754551,0.883179,18.179811,17529.750,0,0.112304,0.000000,0.189306,0.378076
tracking_cdrone3_20260822_201250_360_milestone4,milestone4,1787454888.074932814,target_map,11,19,0,detected,16.701654,-1.172061,5.875308,0.080182,0.647434,1.754551,0.860436,18.179811,17529.750,0,0.212417,0.000000,0.224346,0.403104
tracking_cdrone3_20260822_201250_360_milestone4,milestone4,1787454888.129644156,raw,19,19,0,detected,15.343616,-1.531011,7.222529,-4.719596,-0.779292,6.053154,0.908691,17.198984,17529.750,1,0.000000,0.000000,0.000000,0.000000
tracking_cdrone3_20260822_201250_360_milestone4,milestone4,1787454888.174936295,target_map,11,19,0,detected,15.237191,-1.536718,7.393776,-2.559696,-0.137265,4.118783,0.899246,17.198984,17529.750,1,0.041577,0.000000,0.164552,0.360394
tracking_cdrone3_20260822_201250_360_milestone4,milestone4,1787454888.274842739,target_map,11,19,0,detected,14.981424,-1.550434,7.805328,-2.559696,-0.137265,4.118783,0.876547,17.198984,17529.750,1,0.141498,0.000000,0.199524,0.385374
tracking_cdrone3_20260822_201250_360_milestone4,milestone4,1787454888.374892473,target_map,11,19,0,detected,14.725326,-1.564167,8.217414,-2.559696,-0.137265,4.118783,0.853818,17.198984,17529.750,1,0.241548,0.000000,0.234542,0.410387
tracking_cdrone3_20260822_201250_360_milestone4,milestone4,1787454888.438867331,raw,19,19,0,detected,16.277210,-0.716903,3.369584,3.019449,2.633003,-12.461261,0.908691,17.530790,17529.750,0,0.000000,0.000000,0.000000,0.000000
tracking_cdrone3_20260822_201250_360_milestone4,milestone4,1787454888.475446463,target_map,11,19,0,detected,16.272512,-0.688648,3.289438,-0.136877,0.823313,-2.335394,0.900895,17.530790,17529.750,0,0.034318,0.000000,0.162011,0.358579
tracking_cdrone3_20260822_201250_360_milestone4,milestone4,1787454888.575731754,target_map,11,19,0,detected,16.258787,-0.606090,3.055254,-0.136877,0.823313,-2.335394,0.878115,17.530790,17529.750,0,0.134594,0.000000,0.197108,0.383648
tracking_cdrone3_20260822_201250_360_milestone4,milestone4,1787454888.674977064,target_map,11,19,0,detected,16.245203,-0.524379,2.823476,-0.136877,0.823313,-2.335394,0.855569,17.530790,17529.750,0,0.233840,0.000000,0.231844,0.408460
tracking_cdrone3_20260822_201250_360_milestone4,milestone4,1787454888.737526655,raw,19,19,0,detected,15.976748,-0.320500,5.549067,-1.006008,1.327234,7.297338,0.908691,17.410994,17529.750,1,0.000000,0.000000,0.000000,0.000000
tracking_cdrone3_20260822_201250_360_milestone4,milestone4,1787454888.774951696,target_map,11,19,0,detected,15.957133,-0.285397,5.643570,-0.614899,1.100470,2.962608,0.901445,17.410994,17529.750,1,0.031899,0.000000,0.161165,0.357975
tracking_cdrone3_20260822_201250_360_milestone4,milestone4,1787454888.874817133,target_map,11,19,0,detected,15.895728,-0.175502,5.939421,-0.614899,1.100470,2.962608,0.878759,17.410994,17529.750,1,0.131760,0.000000,0.196116,0.382940
tracking_cdrone3_20260822_201250_360_milestone4,milestone4,1787454888.974844694,target_map,11,19,0,detected,15.834223,-0.065427,6.235756,-0.614899,1.100470,2.962608,0.856036,17.410994,17529.750,1,0.231786,0.000000,0.231125,0.407946
tracking_cdrone3_20260822_201250_360_milestone4,milestone4,1787454889.060797215,raw,19,19,0,detected,15.607882,-0.398792,7.365955,-1.141064,-0.242189,5.620422,0.908691,17.425266,17529.750,0,0.000000,0.000000,0.000000,0.000000
tracking_cdrone3_20260822_201250_360_milestone4,milestone4,1787454889.074915409,target_map,11,19,0,detected,15.597508,-0.394639,7.416707,-0.904290,0.362007,4.424406,0.906086,17.425266,17529.750,0,0.011471,0.000000,0.154015,0.352868
tracking_cdrone3_20260822_201250_360_milestone4,milestone4,1787454889.175068617,target_map,11,19,0,detected,15.506943,-0.358384,7.859817,-0.904290,0.362007,4.424406,0.883334,17.425266,17529.750,0,0.111622,0.000000,0.189068,0.377906
tracking_cdrone3_20260822_201250_360_milestone4,milestone4,1787454889.275250196,target_map,11,19,0,detected,15.416363,-0.322123,8.302995,-0.904290,0.362007,4.424406,0.860579,17.425266,17529.750,0,0.211789,0.000000,0.224126,0.402947
tracking_cdrone3_20260822_201250_360_milestone4,milestone4,1787454889.374945641,target_map,11,19,2,predicted,15.326196,-0.286027,8.744154,-0.904290,0.362007,4.424406,0.837927,17.425266,17529.750,0,0.311499,0.311499,0.259025,0.427875
tracking_cdrone3_20260822_201250_360_milestone4,milestone4,1787454889.414472103,raw,19,19,0,detected,5.774901,-0.952651,2.895802,-27.801451,-1.565965,-12.638767,0.908691,6.915358,17529.750,1,0.000000,0.000000,0.000000,0.000000
tracking_cdrone3_20260822_201250_360_milestone4,milestone4,1787454889.474895477,target_map,11,19,0,detected,5.521162,-0.956245,2.905730,-4.407193,-0.062418,0.172431,0.895612,6.915358,17529.750,1,0.057574,0.000000,0.170151,0.364393
tracking_cdrone3_20260822_201250_360_milestone4,milestone4,1787454889.574946165,target_map,11,19,0,detected,5.080239,-0.962490,2.922981,-4.407193,-0.062418,0.172431,0.872884,6.915358,17529.750,1,0.157620,0.000000,0.205167,0.389405
tracking_cdrone3_20260822_201250_360_milestone4,milestone4,1787454889.674851179,target_map,11,19,2,predicted,4.639954,-0.968725,2.940207,-4.407193,-0.062418,0.172431,0.850190,6.915358,17529.750,1,0.257522,0.257522,0.240133,0.414380
tracking_cdrone3_20260822_201250_360_milestone4,milestone4,1787454889.731946230,raw,19,19,0,detected,16.087212,1.051924,6.026883,32.482803,6.314223,9.862609,0.908691,17.639242,17529.750,0,0.000000,0.000000,0.000000,0.000000
tracking_cdrone3_20260822_201250_360_milestone4,milestone4,1787454889.774991512,target_map,11,19,0,detected,16.174109,1.083222,6.080664,2.155982,0.776520,1.334366,0.899535,17.639242,17529.750,0,0.040305,0.000000,0.164107,0.360076
tracking_cdrone3_20260822_201250_360_milestone4,milestone4,1787454889.875020504,target_map,11,19,0,detected,16.389736,1.160885,6.214120,2.155982,0.776520,1.334366,0.876815,17.639242,17529.750,0,0.140319,0.000000,0.199112,0.385080
tracking_cdrone3_20260822_201250_360_milestone4,milestone4,1787454889.975079536,target_map,11,19,0,detected,16.605469,1.238585,6.347640,2.155982,0.776520,1.334366,0.854083,17.639242,17529.750,0,0.240381,0.000000,0.234133,0.410095
tracking_cdrone3_20260822_201250_360_milestone4,milestone4,1787454890.075122356,target_map,11,19,2,predicted,16.821157,1.316270,6.481132,2.155982,0.776520,1.334366,0.831357,17.639242,17529.750,0,0.340423,0.340423,0.269148,0.435106
tracking_cdrone3_20260822_201250_360_milestone4,milestone4,1787454890.138329268,raw,19,19,0,detected,16.536724,1.346635,5.633044,1.106108,0.725191,-0.969115,0.908691,18.009701,17529.750,0,0.000000,0.000000,0.000000,0.000000
tracking_cdrone3_20260822_201250_360_milestone4,milestone4,1787454890.174914122,target_map,11,19,0,detected,16.584932,1.369488,5.635104,1.578551,0.748290,0.067452,0.901754,18.009701,17529.750,0,0.030540,0.000000,0.160689,0.357635
tracking_cdrone3_20260822_201250_360_milestone4,milestone4,1787454890.275007486,target_map,11,19,0,detected,16.742926,1.444382,5.641855,1.578551,0.748290,0.067452,0.879016,18.009701,17529.750,0,0.130627,0.000000,0.195720,0.382657
tracking_cdrone3_20260822_201250_360_milestone4,milestone4,1787454890.374901772,target_map,11,19,0,detected,16.900623,1.519136,5.648594,1.578551,0.748290,0.067452,0.856322,18.009701,17529.750,0,0.230527,0.000000,0.230685,0.407632
tracking_cdrone3_20260822_201250_360_milestone4,milestone4,1787454890.474876404,target_map,11,19,2,predicted,17.058437,1.593946,5.655337,1.578551,0.748290,0.067452,0.833610,18.009701,17529.750,0,0.330502,0.330502,0.265676,0.432625
tracking_cdrone3_20260822_201250_360_milestone4,milestone4,1787454890.574989080,target_map,11,19,2,predicted,17.216469,1.668859,5.662090,1.578551,0.748290,0.067452,0.810868,18.009701,17529.750,0,0.430613,0.430613,0.300715,0.457653
tracking_cdrone3_20260822_201250_360_milestone4,milestone4,1787454890.675036430,target_map,11,19,2,predicted,17.374390,1.743719,5.668838,1.578551,0.748290,0.067452,0.788141,18.009701,17529.750,0,0.530655,0.530655,0.335729,0.482664
tracking_cdrone3_20260822_201250_360_milestone4,milestone4,1787454890.774995089,target_map,11,19,2,predicted,17.532179,1.818516,5.675580,1.578551,0.748290,0.067452,0.765433,18.009701,17529.750,0,0.630613,0.630613,0.370715,0.507653
tracking_cdrone3_20260822_201250_360_milestone4,milestone4,1787454890.874944210,target_map,11,19,2,predicted,17.689960,1.893310,5.682322,1.578551,0.748290,0.067452,0.742727,18.009701,17529.750,0,0.730567,0.730567,0.405698,0.532642
tracking_cdrone3_20260822_201250_360_milestone4,milestone4,1787454890.975008011,target_map,11,19,2,predicted,17.847912,1.968185,5.689072,1.578551,0.748290,0.067452,0.719995,18.009701,17529.750,0,0.830628,0.830628,0.440720,0.557657
tracking_cdrone3_20260822_201250_360_milestone4,milestone4,1787454891.075023413,target_map,11,19,2,predicted,18.005787,2.043024,5.695817,1.578551,0.748290,0.067452,0.697275,18.009701,17529.750,0,0.930640,0.930640,0.475724,0.582660
tracking_cdrone3_20260822_201250_360_milestone4,milestone4,1787454891.175091267,target_map,11,19,2,predicted,18.163755,2.117907,5.702568,1.578551,0.748290,0.067452,0.674541,18.009701,17529.750,0,1.030713,1.030713,0.510749,0.607678
tracking_cdrone3_20260822_201250_360_milestone4,milestone4,1787454891.275249720,target_map,11,19,2,predicted,18.321751,2.192802,5.709319,1.578551,0.748290,0.067452,0.651804,18.009701,17529.750,0,1.130801,1.130801,0.545780,0.632700
tracking_cdrone3_20260822_201250_360_milestone4,milestone4,1787454891.384896755,target_map,11,19,2,predicted,18.494953,2.274906,5.716720,1.578551,0.748290,0.067452,0.626878,18.009701,17529.750,0,1.240524,1.240524,0.584183,0.660131
tracking_cdrone3_20260822_201250_360_milestone4,milestone4,1787454891.474875927,target_map,11,19,2,predicted,18.636988,2.342235,5.722789,1.578551,0.748290,0.067452,0.606438,18.009701,17529.750,0,1.330501,1.330501,0.615675,0.682625
tracking_cdrone3_20260822_201250_360_milestone4,milestone4,1787454891.574960947,target_map,11,19,2,predicted,18.794918,2.417099,5.729537,1.578551,0.748290,0.067452,0.583710,18.009701,17529.750,0,1.430548,1.430548,0.650692,0.707637
tracking_cdrone3_20260822_201250_360_milestone4,milestone4,1787454891.674961805,target_map,11,19,2,predicted,18.952814,2.491948,5.736284,1.578551,0.748290,0.067452,0.560986,18.009701,17529.750,0,1.530575,1.530575,0.685701,0.732644
tracking_cdrone3_20260822_201250_360_milestone4,milestone4,1787454891.774890900,target_map,11,19,2,predicted,19.110577,2.566733,5.743025,1.578551,0.748290,0.067452,0.538282,18.009701,17529.750,0,1.630516,1.630516,0.720681,0.757629
tracking_cdrone3_20260822_201250_360_milestone4,milestone4,1787454891.874839306,target_map,11,19,2,predicted,19.268353,2.641525,5.749767,1.578551,0.748290,0.067452,0.515576,18.009701,17529.750,0,1.730466,1.730466,0.755663,0.782617
tracking_cdrone3_20260822_201250_360_milestone4,milestone4,1787454891.975021362,target_map,11,19,2,predicted,19.426470,2.716477,5.756524,1.578551,0.748290,0.067452,0.492822,18.009701,17529.750,0,1.830631,1.830631,0.790721,0.807658
tracking_cdrone3_20260822_201250_360_milestone4,milestone4,1787454892.074877739,target_map,11,19,2,predicted,19.584110,2.791205,5.763259,1.578551,0.748290,0.067452,0.470135,18.009701,17529.750,0,1.930496,1.930496,0.825674,0.832624
tracking_cdrone3_20260822_201250_360_milestone4,milestone4,1787454892.175130844,target_map,11,19,2,predicted,19.742332,2.866208,5.770020,1.578551,0.748290,0.067452,0.447365,18.009701,17529.750,0,2.030728,2.030728,0.860755,0.857682
tracking_cdrone3_20260822_201250_360_milestone4,milestone4,1787454892.275351048,target_map,11,19,2,predicted,19.900560,2.941213,5.776782,1.578551,0.748290,0.067452,0.424594,18.009701,17529.750,0,2.130964,2.130964,0.895837,0.882741
tracking_cdrone3_20260822_201250_360_milestone4,milestone4,1787454892.375302076,target_map,11,19,2,predicted,20.058325,3.016000,5.783523,1.578551,0.748290,0.067452,0.401890,18.009701,17529.750,0,2.230908,2.230908,0.930818,0.907727
tracking_cdrone3_20260822_201250_360_milestone4,milestone4,1787454892.474977255,target_map,11,19,2,predicted,20.215693,3.090597,5.790247,1.578551,0.748290,0.067452,0.379243,18.009701,17529.750,0,2.330598,2.330598,0.965709,0.932650
tracking_cdrone3_20260822_201250_360_milestone4,milestone4,1787454892.574901104,target_map,11,19,2,predicted,20.373432,3.165372,5.796987,1.578551,0.748290,0.067452,0.356542,18.009701,17529.750,0,2.430525,2.430525,1.000684,0.957631
