run_id,experiment_tag,timestamp_s,sample_kind,track_id,source,source_label,x_m,y_m,z_m,cleaned_x_m,cleaned_y_m,cleaned_z_m,confidence,position_uncertainty_m
tracking_cdrone3_20260822_194912_520_milestone4,milestone4,0.000000000,target_map,1,0,detected,4.321845,3.178666,0.256426,4.132722,3.134782,0.265681,0.609806,0.192520
tracking_cdrone3_20260822_194912_520_milestone4,milestone4,0.100188255,target_map,1,0,detected,4.080645,3.122394,0.270152,3.653309,3.022943,0.260578,0.573836,0.156856
tracking_cdrone3_20260822_194912_520_milestone4,milestone4,0.199964285,target_map,1,0,detected,3.995676,3.103287,0.270465,3.801859,3.056064,0.262430,0.559450,0.191781
tracking_cdrone3_20260822_194912_520_milestone4,milestone4,0.300245285,target_map,1,0,detected,2.215073,2.687425,0.245272,3.822831,3.059713,0.265979,0.594940,0.183164
tracking_cdrone3_20260822_194912_520_milestone4,milestone4,0.400320768,target_map,1,0,detected,4.396059,3.188549,0.269838,3.921627,3.081413,0.267378,0.643318,0.170402
tracking_cdrone3_20260822_194912_520_milestone4,milestone4,0.500112534,target_map,1,0,detected,4.426702,3.196912,0.274167,4.075210,3.116819,0.270492,0.614893,0.158508
tracking_cdrone3_20260822_194912_520_milestone4,milestone4,0.600205660,target_map,1,0,detected,4.574626,3.230893,0.277150,4.616691,3.243024,0.279561,0.599412,0.193541
tracking_cdrone3_20260822_194912_520_milestone4,milestone4,0.700165987,target_map,1,0,detected,4.763593,3.280316,0.286034,4.753721,3.276624,0.284633,0.645620,0.167535
tracking_cdrone3_20260822_194912_520_milestone4,milestone4,0.800262928,target_map,1,0,detected,4.922477,3.318450,0.290617,4.642394,3.253292,0.282804,0.629259,0.202569
tracking_cdrone3_20260822_194912_520_milestone4,milestone4,0.900271416,target_map,1,2,predicted,5.081206,3.356547,0.295196,4.484143,3.219521,0.280051,0.612913,0.237570
tracking_cdrone3_20260822_194912_520_milestone4,milestone4,0.999988079,target_map,1,0,detected,3.870067,3.080255,0.265025,4.367727,3.193048,0.277173,0.656847,0.182307
tracking_cdrone3_20260822_194912_520_milestone4,milestone4,1.100038767,target_map,1,0,detected,3.783374,3.062035,0.263380,4.222228,3.159609,0.273460,0.640031,0.217322
tracking_cdrone3_20260822_194912_520_milestone4,milestone4,1.199934244,target_map,1,0,detected,4.181512,3.147954,0.271647,4.050915,3.119624,0.269047,0.614770,0.169680
tracking_cdrone3_20260822_194912_520_milestone4,milestone4,1.301580667,target_map,1,0,detected,4.194983,3.151254,0.272053,4.125220,3.135641,0.270777,0.598927,0.205251
tracking_cdrone3_20260822_194912_520_milestone4,milestone4,1.400125742,target_map,1,0,detected,4.224642,3.156621,0.273128,4.288973,3.173283,0.271204,0.659682,0.163314
tracking_cdrone3_20260822_194912_520_milestone4,milestone4,1.500279188,target_map,1,0,detected,4.241591,3.160342,0.273679,4.393829,3.198834,0.269648,0.643004,0.198371
tracking_cdrone3_20260822_194912_520_milestone4,milestone4,1.599898100,target_map,1,0,detected,4.602139,3.250242,0.265514,4.516796,3.228836,0.267681,0.616026,0.164691
tracking_cdrone3_20260822_194912_520_milestone4,milestone4,1.699907303,target_map,1,0,detected,4.705788,3.275708,0.263868,4.611260,3.249639,0.267856,0.600460,0.199694
tracking_cdrone3_20260822_194912_520_milestone4,milestone4,1.800292492,target_map,1,0,detected,4.809818,3.301268,0.262216,4.715158,3.272372,0.268087,0.584838,0.234826
tracking_cdrone3_20260822_194912_520_milestone4,milestone4,1.900223732,target_map,1,0,detected,4.696964,3.260635,0.274005,4.618353,3.247744,0.268790,0.613763,0.182649
tracking_cdrone3_20260822_194912_520_milestone4,milestone4,2.000186920,target_map,1,0,detected,4.761079,3.274007,0.274831,4.486309,3.214509,0.269729,0.598058,0.217637
tracking_cdrone3_20260822_194912_520_milestone4,milestone4,2.102750778,target_map,1,0,detected,4.118117,3.127101,0.269029,4.318626,3.172570,0.270905,0.629527,0.162620
tracking_cdrone3_20260822_194912_520_milestone4,milestone4,2.200288296,target_map,1,0,detected,4.045567,3.109534,0.268566,4.250515,3.156181,0.271822,0.614041,0.196751
tracking_cdrone3_20260822_194912_520_milestone4,milestone4,2.299944162,target_map,1,0,detected,3.971401,3.091575,0.268093,4.171487,3.137353,0.272881,0.598209,0.231641
tracking_cdrone3_20260822_194912_520_milestone4,milestone4,2.400244951,target_map,1,0,detected,4.356411,3.178686,0.278591,4.245550,3.153515,0.275153,0.574987,0.173872
tracking_cdrone3_20260822_194912_520_milestone4,milestone4,2.500347376,target_map,1,0,detected,4.365940,3.179870,0.280129,4.340895,3.174586,0.277766,0.560346,0.208911
tracking_cdrone3_20260822_194912_520_milestone4,milestone4,2.600205660,target_map,1,0,detected,4.488432,3.207911,0.280385,4.457907,3.200658,0.280725,0.596255,0.163477
tracking_cdrone3_20260822_194912_520_milestone4,milestone4,2.699869633,target_map,1,0,detected,4.522291,3.214890,0.281631,4.482306,3.206549,0.279603,0.581254,0.198361
tracking_cdrone3_20260822_194912_520_milestone4,milestone4,2.800514698,target_map,1,0,detected,4.556463,3.221933,0.282888,4.507477,3.212840,0.278013,0.566113,0.233569
tracking_cdrone3_20260822_194912_520_milestone4,milestone4,2.900233269,target_map,1,0,detected,4.478406,3.208143,0.272980,4.525011,3.217217,0.278392,0.591714,0.180700
tracking_cdrone3_20260822_194912_520_milestone4,milestone4,3.000241280,target_map,1,0,detected,4.491791,3.211325,0.272180,4.541269,3.221442,0.278794,0.576588,0.215703
tracking_cdrone3_20260822_194912_520_milestone4,milestone4,3.099964380,target_map,1,0,detected,4.576105,3.229795,0.282283,4.517058,3.217079,0.276722,0.595950,0.157409
tracking_cdrone3_20260822_194912_520_milestone4,milestone4,3.200279236,target_map,1,0,detected,4.603581,3.236015,0.283641,4.504113,3.214599,0.276275,0.580927,0.192515
tracking_cdrone3_20260822_194912_520_milestone4,milestone4,3.300111771,target_map,1,0,detected,4.435408,3.200116,0.272527,4.484160,3.210612,0.275634,0.595840,0.150826
tracking_cdrone3_20260822_194912_520_milestone4,milestone4,3.400195122,target_map,1,0,detected,4.413679,3.195745,0.270747,4.205371,3.145163,0.269188,0.580919,0.185862
tracking_cdrone3_20260822_194912_520_milestone4,milestone4,3.499938726,target_map,1,0,detected,4.392027,3.191388,0.268973,3.869306,3.066239,0.261431,0.566052,0.220774
tracking_cdrone3_20260822_194912_520_milestone4,milestone4,3.600153923,target_map,1,0,detected,3.182159,2.902553,0.250051,3.514920,2.982220,0.254855,0.606186,0.172775
tracking_cdrone3_20260822_194912_520_milestone4,milestone4,3.700014114,target_map,1,0,detected,2.923259,2.841392,0.244858,3.172356,2.902096,0.250682,0.590801,0.207730
tracking_cdrone3_20260822_194912_520_milestone4,milestone4,3.800230265,target_map,1,2,predicted,2.663478,2.780024,0.239648,2.792338,2.813188,0.246352,0.575363,0.242804
tracking_cdrone3_20260822_194912_520_milestone4,milestone4,3.900023937,target_map,1,0,detected,2.700858,2.795125,0.249882,3.135666,2.893795,0.252702,0.597591,0.183642
tracking_cdrone3_20260822_194912_520_milestone4,milestone4,3.999977589,target_map,1,0,detected,2.491935,2.746847,0.247319,3.597998,3.002274,0.261122,0.582286,0.218635
tracking_cdrone3_20260822_194912_520_milestone4,milestone4,4.100288391,target_map,1,0,detected,4.898800,3.305584,0.281802,3.889324,3.071274,0.266741,0.602781,0.175065
tracking_cdrone3_20260822_194912_520_milestone4,milestone4,4.200865984,target_map,1,0,detected,5.234921,3.383789,0.286959,4.175704,3.137869,0.270257,0.587362,0.210234
tracking_cdrone3_20260822_194912_520_milestone4,milestone4,4.300304413,target_map,1,0,detected,4.120107,3.125022,0.267742,4.602116,3.235793,0.277315,0.596150,0.168204
tracking_cdrone3_20260822_194912_520_milestone4,milestone4,4.400146961,target_map,1,0,detected,4.132759,3.128103,0.267465,4.570803,3.227231,0.278103,0.581073,0.203152
tracking_cdrone3_20260822_194912_520_milestone4,milestone4,4.500021696,target_map,1,0,detected,4.623991,3.236465,0.282610,4.495978,3.208304,0.278486,0.617111,0.153488
tracking_cdrone3_20260822_194912_520_milestone4,milestone4,4.599915504,target_map,1,0,detected,4.742239,3.262775,0.285738,4.647864,3.240849,0.279865,0.601661,0.188452
tracking_cdrone3_20260822_194912_520_milestone4,milestone4,4.700103045,target_map,1,0,detected,4.860796,3.289153,0.288874,4.816939,3.276957,0.281268,0.586170,0.223507
tracking_cdrone3_20260822_194912_520_milestone4,milestone4,4.800824165,target_map,1,0,detected,4.879534,3.287751,0.274638,4.860605,3.285422,0.281098,0.605329,0.165951
tracking_cdrone3_20260822_194912_520_milestone4,milestone4,4.900215864,target_map,1,0,detected,4.978134,3.308643,0.274478,4.889497,3.290456,0.280617,0.590116,0.200734
tracking_cdrone3_20260822_194912_520_milestone4,milestone4,5.000126600,target_map,1,0,detected,4.842322,3.278790,0.281764,4.894997,3.293820,0.277374,0.652515,0.156933
tracking_cdrone3_20260822_194912_520_milestone4,milestone4,5.099952459,target_map,1,0,detected,4.886698,3.287943,0.283331,4.903530,3.299768,0.276670,0.636148,0.191873
tracking_cdrone3_20260822_194912_520_milestone4,milestone4,5.200361013,target_map,1,0,detected,4.888297,3.305974,0.272661,4.899139,3.303847,0.275687,0.624300,0.150475
tracking_cdrone3_20260822_194912_520_milestone4,milestone4,5.300187826,target_map,1,0,detected,4.922197,3.317492,0.271115,4.824133,3.288608,0.275970,0.608718,0.185406
tracking_cdrone3_20260822_194912_520_milestone4,milestone4,5.400248289,target_map,1,0,detected,4.956183,3.329039,0.269566,4.725568,3.268177,0.276251,0.593096,0.220426
tracking_cdrone3_20260822_194912_520_milestone4,milestone4,5.499961853,target_map,1,0,detected,4.467292,3.202592,0.283175,4.730295,3.268262,0.275828,0.606717,0.177009
tracking_cdrone3_20260822_194912_520_milestone4,milestone4,5.600439310,target_map,1,0,detected,4.393873,3.185790,0.284740,4.738406,3.268454,0.275364,0.591178,0.212173
tracking_cdrone3_20260822_194912_520_milestone4,milestone4,5.700646877,target_map,1,0,detected,4.911930,3.306396,0.270541,4.615721,3.239768,0.277393,0.624551,0.162927
tracking_cdrone3_20260822_194912_520_milestone4,milestone4,5.800198317,target_map,1,0,detected,4.962753,3.318455,0.268799,4.568622,3.231797,0.276958,0.608864,0.197766
tracking_cdrone3_20260822_194912_520_milestone4,milestone4,5.899983406,target_map,1,0,detected,4.342758,3.185606,0.279707,4.514035,3.222616,0.276469,0.579325,0.152995
tracking_cdrone3_20260822_194912_520_milestone4,milestone4,6.000139236,target_map,1,0,detected,4.231798,3.162737,0.281002,4.425378,3.203392,0.276786,0.564787,0.188051
tracking_cdrone3_20260822_194912_520_milestone4,milestone4,6.100228310,target_map,1,0,detected,4.120935,3.139889,0.282295,4.323223,3.181016,0.277244,0.550262,0.223077
tracking_cdrone3_20260822_194912_520_milestone4,milestone4,6.200251818,target_map,1,0,detected,4.468645,3.210272,0.272130,4.316899,3.177455,0.273628,0.620296,0.182964
tracking_cdrone3_20260822_194912_520_milestone4,milestone4,6.300078869,target_map,1,0,detected,4.451980,3.206578,0.271087,4.324431,3.176314,0.269205,0.604447,0.217893
tracking_cdrone3_20260822_194912_520_milestone4,milestone4,6.400113821,target_map,1,0,detected,4.311136,3.167799,0.261625,4.345757,3.177579,0.263972,0.605523,0.168810
tracking_cdrone3_20260822_194912_520_milestone4,milestone4,6.499921083,target_map,1,0,detected,4.269457,3.157034,0.258886,4.420904,3.194591,0.263969,0.590208,0.203745
tracking_cdrone3_20260822_194912_520_milestone4,milestone4,6.600255966,target_map,1,2,predicted,4.227565,3.146214,0.256133,4.514404,3.215858,0.264288,0.574814,0.238857
tracking_cdrone3_20260822_194912_520_milestone4,milestone4,6.699928045,target_map,1,0,detected,4.844383,3.295331,0.272113,4.614731,3.242893,0.267570,0.621027,0.183454
tracking_cdrone3_20260822_194912_520_milestone4,milestone4,6.800443172,target_map,1,0,detected,4.919477,3.312914,0.272683,4.730783,3.274459,0.271722,0.605043,0.218628
tracking_cdrone3_20260822_194912_520_milestone4,milestone4,6.900301218,target_map,1,0,detected,4.812772,3.302973,0.278036,4.857457,3.304880,0.276761,0.612242,0.175356
tracking_cdrone3_20260822_194912_520_milestone4,milestone4,7.000276327,target_map,1,0,detected,4.849716,3.314863,0.279644,4.866965,3.306671,0.278922,0.596658,0.210346
tracking_cdrone3_20260822_194912_520_milestone4,milestone4,7.100784302,target_map,1,0,detected,4.860935,3.298322,0.281330,4.867713,3.306148,0.281289,0.608388,0.154505
tracking_cdrone3_20260822_194912_520_milestone4,milestone4,7.199945927,target_map,1,0,detected,4.891923,3.304282,0.282917,4.874940,3.303727,0.277396,0.593256,0.189213
tracking_cdrone3_20260822_194912_520_milestone4,milestone4,7.300094128,target_map,1,0,detected,4.923219,3.310301,0.284520,4.876815,3.299116,0.272408,0.577975,0.224265
tracking_cdrone3_20260822_194912_520_milestone4,milestone4,7.400164127,target_map,1,0,detected,4.848906,3.290867,0.258572,4.852694,3.293307,0.272147,0.643941,0.178299
tracking_cdrone3_20260822_194912_520_milestone4,milestone4,7.499925613,target_map,1,0,detected,4.859090,3.291806,0.254700,4.818931,3.285497,0.272036,0.627549,0.213217
tracking_cdrone3_20260822_194912_520_milestone4,milestone4,7.600399017,target_map,1,0,detected,4.740331,3.269280,0.280028,4.668127,3.249463,0.271117,0.622761,0.166901
tracking_cdrone3_20260822_194912_520_milestone4,milestone4,7.700011730,target_map,1,0,detected,4.723107,3.265231,0.282362,4.504882,3.210679,0.275639,0.607063,0.201764
tracking_cdrone3_20260822_194912_520_milestone4,milestone4,7.800349951,target_map,1,0,detected,4.169199,3.130128,0.279924,4.312051,3.165011,0.281191,0.632523,0.152797
tracking_cdrone3_20260822_194912_520_milestone4,milestone4,7.899983883,target_map,1,0,detected,4.032681,3.096947,0.281184,4.349854,3.176147,0.282905,0.616736,0.187668
tracking_cdrone3_20260822_194912_520_milestone4,milestone4,8.000526905,target_map,1,0,detected,3.894935,3.063468,0.282456,4.411985,3.193584,0.284608,0.600808,0.222853
tracking_cdrone3_20260822_194912_520_milestone4,milestone4,8.099912882,target_map,1,0,detected,4.929348,3.324958,0.288598,4.403861,3.192643,0.280979,0.616284,0.181287
tracking_cdrone3_20260822_194912_520_milestone4,milestone4,8.200160742,target_map,1,0,detected,5.033762,3.352418,0.290877,4.401052,3.193022,0.276223,0.600488,0.216367
tracking_cdrone3_20260822_194912_520_milestone4,milestone4,8.300566435,target_map,1,0,detected,4.128581,3.125421,0.261780,4.615784,3.245328,0.275363,0.617740,0.174856
tracking_cdrone3_20260822_194912_520_milestone4,milestone4,8.400023222,target_map,1,0,detected,4.018634,3.098842,0.257406,4.647662,3.250994,0.273489,0.602104,0.209663
tracking_cdrone3_20260822_194912_520_milestone4,milestone4,8.499999523,target_map,1,0,detected,4.968592,3.325001,0.278154,4.682741,3.256838,0.271374,0.630420,0.163849
tracking_cdrone3_20260822_194912_520_milestone4,milestone4,8.599936962,target_map,1,0,detected,5.088740,3.353288,0.279228,4.762166,3.276964,0.273792,0.614513,0.198826
tracking_cdrone3_20260822_194912_520_milestone4,milestone4,8.700105190,target_map,1,0,detected,5.209157,3.381638,0.280304,4.857816,3.301246,0.277020,0.598569,0.233882
tracking_cdrone3_20260822_194912_520_milestone4,milestone4,8.800287485,target_map,1,0,detected,4.525706,3.226052,0.273866,4.771035,3.278937,0.276347,0.588622,0.183443
tracking_cdrone3_20260822_194912_520_milestone4,milestone4,8.899927616,target_map,1,0,detected,4.496886,3.220251,0.273548,4.657123,3.249766,0.275458,0.573600,0.218320
tracking_cdrone3_20260822_194912_520_milestone4,milestone4,9.000220537,target_map,1,0,detected,4.534687,3.213455,0.274788,4.488103,3.206151,0.274825,0.601486,0.167017
tracking_cdrone3_20260822_194912_520_milestone4,milestone4,9.100324631,target_map,1,0,detected,4.519177,3.207434,0.274782,4.446069,3.190660,0.275590,0.586249,0.202051
tracking_cdrone3_20260822_194912_520_milestone4,milestone4,9.200205564,target_map,1,0,detected,4.364059,3.163563,0.277139,4.400037,3.173318,0.276530,0.637173,0.162830
tracking_cdrone3_20260822_194912_520_milestone4,milestone4,9.299933910,target_map,1,0,detected,4.315535,3.148595,0.277692,4.490655,3.193722,0.277816,0.621140,0.197736
tracking_cdrone3_20260822_194912_520_milestone4,milestone4,9.400252581,target_map,1,0,detected,4.266727,3.133540,0.278249,4.602989,3.219581,0.279303,0.605013,0.232845
tracking_cdrone3_20260822_194912_520_milestone4,milestone4,9.499906301,target_map,1,0,detected,4.987775,3.315476,0.281218,4.731053,3.251601,0.279630,0.615524,0.179790
tracking_cdrone3_20260822_194912_520_milestone4,milestone4,9.600229740,target_map,1,0,detected,5.080849,3.336730,0.282218,4.880535,3.289468,0.279864,0.599756,0.214891
tracking_cdrone3_20260822_194912_520_milestone4,milestone4,9.700183868,target_map,1,0,detected,5.004379,3.323662,0.278771,5.002763,3.323744,0.277733,0.644672,0.161266
tracking_cdrone3_20260822_194912_520_milestone4,milestone4,9.800223827,target_map,1,0,detected,5.062945,3.337934,0.278864,4.980992,3.322247,0.274497,0.628429,0.196258
tracking_cdrone3_20260822_194912_520_milestone4,milestone4,9.900716782,target_map,1,0,detected,4.877869,3.304918,0.267594,4.940816,3.317116,0.270548,0.672181,0.150379
tracking_cdrone3_20260822_194912_520_milestone4,milestone4,10.000075579,target_map,1,0,detected,4.878916,3.307989,0.265038,4.994898,3.330474,0.269093,0.655479,0.185157
tracking_cdrone3_20260822_194912_520_milestone4,milestone4,10.099916697,target_map,1,0,detected,4.879969,3.311075,0.262470,5.053506,3.344704,0.267574,0.638697,0.220101
tracking_cdrone3_20260822_194912_520_milestone4,milestone4,10.199954748,target_map,1,0,detected,5.274793,3.390454,0.271497,5.118866,3.357361,0.271143,0.640187,0.171963
tracking_cdrone3_20260822_194912_520_milestone4,milestone4,10.300279379,target_map,1,0,detected,5.355984,3.409085,0.271272,5.190047,3.370519,0.275807,0.623876,0.207073
tracking_cdrone3_20260822_194912_520_milestone4,milestone4,10.400201321,target_map,1,0,detected,5.204668,3.368203,0.285439,5.267066,3.384178,0.281570,0.653218,0.158539
tracking_cdrone3_20260822_194912_520_milestone4,milestone4,10.499895573,target_map,1,0,detected,5.234820,3.373777,0.288357,5.232632,3.376763,0.282968,0.636837,0.193434
tracking_cdrone3_20260822_194912_520_milestone4,milestone4,10.599912405,target_map,1,0,detected,5.265065,3.379369,0.291285,5.180533,3.365514,0.284386,0.620404,0.228437
tracking_cdrone3_20260822_194912_520_milestone4,milestone4,10.700193644,target_map,1,0,detected,5.102623,3.353379,0.278488,5.136364,3.355523,0.283128,0.630088,0.182409
tracking_cdrone3_20260822_194912_520_milestone4,milestone4,10.800000906,target_map,1,0,detected,5.095492,3.352841,0.278363,5.080303,3.342869,0.281300,0.613994,0.217340
tracking_cdrone3_20260822_194912_520_milestone4,milestone4,10.900109291,target_map,1,0,detected,4.983819,3.318250,0.279148,5.026455,3.331615,0.277127,0.651603,0.173230
tracking_cdrone3_20260822_194912_520_milestone4,milestone4,11.000306845,target_map,1,0,detected,4.954520,3.310505,0.279214,5.002478,3.324943,0.275121,0.635008,0.208294
tracking_cdrone3_20260822_194912_520_milestone4,milestone4,11.099924564,target_map,1,0,detected,4.995822,3.323097,0.270420,4.983656,3.318422,0.274800,0.657977,0.170942
tracking_cdrone3_20260822_194912_520_milestone4,milestone4,11.200150728,target_map,1,0,detected,4.982739,3.320021,0.268459,4.985962,3.318351,0.274386,0.641241,0.206018
tracking_cdrone3_20260822_194912_520_milestone4,milestone4,11.300176859,target_map,1,0,detected,5.001381,3.320238,0.276758,4.966214,3.313647,0.275541,0.649331,0.159588
tracking_cdrone3_20260822_194912_520_milestone4,milestone4,11.400423050,target_map,1,0,detected,4.995350,3.317895,0.277077,4.930669,3.304607,0.278880,0.632947,0.194671
tracking_cdrone3_20260822_194912_520_milestone4,milestone4,11.501853466,target_map,1,0,detected,4.855780,3.286985,0.284993,4.801640,3.276775,0.279658,0.650664,0.151511
tracking_cdrone3_20260822_194912_520_milestone4,milestone4,11.599958420,target_map,1,0,detected,4.818096,3.277895,0.287113,4.637338,3.242311,0.278289,0.634688,0.185849
tracking_cdrone3_20260822_194912_520_milestone4,milestone4,11.700681925,target_map,1,0,detected,4.337595,3.180860,0.272348,4.441761,3.201532,0.276356,0.638485,0.150409
tracking_cdrone3_20260822_194912_520_milestone4,milestone4,11.799919128,target_map,1,0,detected,4.179871,3.147919,0.269915,4.411764,3.195306,0.273965,0.622642,0.185139
tracking_cdrone3_20260822_194912_520_milestone4,milestone4,11.902110815,target_map,1,0,detected,4.017463,3.114000,0.267409,4.393717,3.191739,0.271004,0.606328,0.220899
tracking_cdrone3_20260822_194912_520_milestone4,milestone4,12.000812769,target_map,1,0,detected,4.705795,3.255857,0.273040,4.033811,3.106341,0.271478,0.614886,0.183331
tracking_cdrone3_20260822_194912_520_milestone4,milestone4,12.100255013,target_map,1,0,detected,4.727861,3.260058,0.272310,3.621669,3.008022,0.272420,0.599227,0.218136
tracking_cdrone3_20260822_194912_520_milestone4,milestone4,12.199878216,target_map,1,0,detected,2.538065,2.753871,0.274718,3.681026,3.016032,0.272881,0.563574,0.170085
tracking_cdrone3_20260822_194912_520_milestone4,milestone4,12.299950123,target_map,1,0,detected,2.119160,2.656325,0.274621,3.645307,3.004940,0.271964,0.549271,0.205107
tracking_cdrone3_20260822_194912_520_milestone4,milestone4,12.400292635,target_map,1,0,detected,4.314248,3.154049,0.269716,3.550516,2.985497,0.268968,0.588220,0.173230
tracking_cdrone3_20260822_194912_520_milestone4,milestone4,12.500195503,target_map,1,0,detected,4.527203,3.200397,0.268457,3.914670,3.072854,0.264787,0.573280,0.208197
tracking_cdrone3_20260822_194912_520_milestone4,milestone4,12.600008011,target_map,1,0,detected,4.253902,3.162844,0.257327,4.234752,3.147318,0.259793,0.613778,0.165403
tracking_cdrone3_20260822_194912_520_milestone4,milestone4,12.700204134,target_map,1,0,detected,4.358837,3.190655,0.253817,4.100496,3.118536,0.255052,0.598232,0.200472
tracking_cdrone3_20260822_194912_520_milestone4,milestone4,12.800405264,target_map,1,0,detected,3.719569,3.028643,0.249649,4.132738,3.131425,0.253278,0.577234,0.166182
tracking_cdrone3_20260822_194912_520_milestone4,milestone4,12.900522947,target_map,1,0,detected,3.642970,3.010140,0.246010,4.260366,3.161771,0.253861,0.562620,0.201218
tracking_cdrone3_20260822_194912_520_milestone4,milestone4,13.000109434,target_map,1,0,detected,4.688412,3.264843,0.259588,4.354746,3.177710,0.260520,0.598109,0.169245
tracking_cdrone3_20260822_194912_520_milestone4,milestone4,13.100370646,target_map,1,0,detected,4.892040,3.314574,0.260238,4.605191,3.231557,0.269383,0.582908,0.204337
tracking_cdrone3_20260822_194912_520_milestone4,milestone4,13.199940205,target_map,1,0,detected,4.830740,3.270349,0.287112,4.830572,3.282924,0.276037,0.635095,0.167355
tracking_cdrone3_20260822_194912_520_milestone4,milestone4,13.300283909,target_map,1,0,detected,4.971793,3.297877,0.293966,4.858471,3.286025,0.280305,0.618966,0.202468
tracking_cdrone3_20260822_194912_520_milestone4,milestone4,13.400644302,target_map,1,0,detected,4.769873,3.266974,0.279281,4.841955,3.280843,0.283554,0.648673,0.166163
tracking_cdrone3_20260822_194912_520_milestone4,milestone4,13.500138044,target_map,1,0,detected,4.827911,3.280349,0.280928,4.845668,3.286956,0.281465,0.632351,0.200984
tracking_cdrone3_20260822_194912_520_milestone4,milestone4,13.600185633,target_map,1,0,detected,4.809457,3.288667,0.276486,4.810230,3.283566,0.277354,0.587715,0.164230
tracking_cdrone3_20260822_194912_520_milestone4,milestone4,13.700191736,target_map,1,0,detected,4.849306,3.300911,0.276662,4.818759,3.287317,0.276064,0.572872,0.199228
tracking_cdrone3_20260822_194912_520_milestone4,milestone4,13.801329613,target_map,1,0,detected,4.794604,3.280926,0.273415,4.819323,3.289369,0.274326,0.642351,0.150495
tracking_cdrone3_20260822_194912_520_milestone4,milestone4,13.899883986,target_map,1,0,detected,4.812518,3.285728,0.272830,4.816943,3.288628,0.274347,0.626520,0.184987
tracking_cdrone3_20260822_194912_520_milestone4,milestone4,14.000080824,target_map,1,0,detected,4.830730,3.290610,0.272235,4.808115,3.285982,0.274420,0.610426,0.220051
tracking_cdrone3_20260822_194912_520_milestone4,milestone4,14.100272894,target_map,1,0,detected,4.797557,3.284965,0.276594,4.816510,3.288177,0.275328,0.619974,0.175222
tracking_cdrone3_20260822_194912_520_milestone4,milestone4,14.200098991,target_map,1,0,detected,4.805165,3.287679,0.277026,4.823905,3.290020,0.276462,0.604217,0.210161
tracking_cdrone3_20260822_194912_520_milestone4,milestone4,14.299882650,target_map,1,0,detected,4.836582,3.291902,0.277956,4.739325,3.273202,0.275842,0.628753,0.171743
tracking_cdrone3_20260822_194912_520_milestone4,milestone4,14.399879932,target_map,1,0,detected,4.849492,3.294945,0.278498,4.642395,3.253782,0.273990,0.612786,0.206743
tracking_cdrone3_20260822_194912_520_milestone4,milestone4,14.499895573,target_map,1,0,detected,4.407832,3.206519,0.269137,4.622142,3.250975,0.272735,0.621618,0.173705
tracking_cdrone3_20260822_194912_520_milestone4,milestone4,14.600279331,target_map,1,0,detected,4.312907,3.187864,0.267331,4.597609,3.248104,0.271158,0.605751,0.208835
tracking_cdrone3_20260822_194912_520_milestone4,milestone4,14.699882030,target_map,1,0,detected,4.703900,3.273643,0.270753,4.510509,3.227709,0.268831,0.611271,0.159020
tracking_cdrone3_20260822_194912_520_milestone4,milestone4,14.800204039,target_map,1,0,detected,4.713916,3.277550,0.270072,4.498134,3.221328,0.268111,0.595844,0.194125
tracking_cdrone3_20260822_194912_520_milestone4,milestone4,14.900857210,target_map,1,0,detected,4.413989,3.192972,0.266863,4.531996,3.226135,0.268468,0.603781,0.150516
tracking_cdrone3_20260822_194912_520_milestone4,milestone4,15.000146866,target_map,1,0,detected,4.345960,3.174612,0.265536,4.485282,3.213171,0.268143,0.588791,0.185261
tracking_cdrone3_20260822_194912_520_milestone4,milestone4,15.100345850,target_map,1,0,detected,4.482217,3.211898,0.269116,4.434172,3.198808,0.267957,0.626978,0.154293
tracking_cdrone3_20260822_194912_520_milestone4,milestone4,15.199906111,target_map,1,0,detected,4.470330,3.208826,0.269128,4.532619,3.221520,0.268005,0.611323,0.189142
tracking_cdrone3_20260822_194912_520_milestone4,milestone4,15.300161123,target_map,1,0,detected,4.458363,3.205733,0.269141,4.660974,3.251507,0.268238,0.595563,0.224225
tracking_cdrone3_20260822_194912_520_milestone4,milestone4,15.400303841,target_map,1,0,detected,4.906228,3.306530,0.267106,4.688270,3.255915,0.268588,0.616286,0.177027
tracking_cdrone3_20260822_194912_520_milestone4,milestone4,15.500376463,target_map,1,0,detected,4.987733,3.324550,0.266701,4.714237,3.259720,0.269057,0.600564,0.212053
tracking_cdrone3_20260822_194912_520_milestone4,milestone4,15.599893808,target_map,1,0,detected,4.618698,3.233939,0.270865,4.564693,3.223441,0.267019,0.567105,0.175525
tracking_cdrone3_20260822_194912_520_milestone4,milestone4,15.700998545,target_map,1,0,detected,4.600163,3.227846,0.271473,4.283489,3.157085,0.264931,0.552506,0.210910
tracking_cdrone3_20260822_194912_520_milestone4,milestone4,15.799846649,target_map,1,0,detected,3.710645,3.024338,0.258951,4.223898,3.143363,0.265859,0.630689,0.167498
tracking_cdrone3_20260822_194912_520_milestone4,milestone4,15.899954319,target_map,1,0,detected,3.500204,2.974755,0.256663,4.258717,3.152658,0.266257,0.614706,0.202533
tracking_cdrone3_20260822_194912_520_milestone4,milestone4,16.000263214,target_map,1,0,detected,4.689782,3.255940,0.271343,4.317782,3.168051,0.266834,0.627493,0.153146
tracking_cdrone3_20260822_194912_520_milestone4,milestone4,16.100261450,target_map,1,0,detected,4.792793,3.280413,0.272854,4.527520,3.215727,0.269496,0.611768,0.188152
tracking_cdrone3_20260822_194912_520_milestone4,milestone4,16.199961185,target_map,1,0,detected,4.895484,3.304810,0.274360,4.790390,3.275546,0.272774,0.596091,0.223050
tracking_cdrone3_20260822_194912_520_milestone4,milestone4,16.300219536,target_map,1,0,detected,4.759337,3.262719,0.272262,4.840620,3.288640,0.276181,0.624531,0.176799
tracking_cdrone3_20260822_194912_520_milestone4,milestone4,16.400286913,target_map,1,0,detected,4.814554,3.273850,0.273051,4.884205,3.300605,0.280070,0.608602,0.211822
tracking_cdrone3_20260822_194912_520_milestone4,milestone4,16.500206470,target_map,1,0,detected,4.940931,3.321407,0.288379,4.872046,3.297294,0.280498,0.612757,0.172042
tracking_cdrone3_20260822_194912_520_milestone4,milestone4,16.600230217,target_map,1,0,detected,5.010719,3.340241,0.292296,4.889693,3.302889,0.281215,0.597190,0.207049
tracking_cdrone3_20260822_194912_520_milestone4,milestone4,16.700209379,target_map,1,0,detected,4.834689,3.288254,0.276501,4.830821,3.291048,0.281633,0.593692,0.169438
tracking_cdrone3_20260822_194912_520_milestone4,milestone4,16.800306082,target_map,1,0,detected,4.847574,3.290691,0.275848,4.733234,3.266487,0.278851,0.578628,0.204468
tracking_cdrone3_20260822_194912_520_milestone4,milestone4,16.900257349,target_map,1,0,detected,4.520192,3.214644,0.275140,4.701942,3.258128,0.275244,0.639406,0.164281
tracking_cdrone3_20260822_194912_520_milestone4,milestone4,16.999965429,target_map,1,0,detected,4.452997,3.198606,0.274470,4.714843,3.262504,0.274686,0.623306,0.199173
tracking_cdrone3_20260822_194912_520_milestone4,milestone4,17.100600719,target_map,1,0,detected,4.854257,3.298445,0.274259,4.734229,3.268749,0.274147,0.658676,0.162376
tracking_cdrone3_20260822_194912_520_milestone4,milestone4,17.199944496,target_map,1,0,detected,4.899193,3.310133,0.273711,4.818185,3.286781,0.276439,0.642172,0.197145
tracking_cdrone3_20260822_194912_520_milestone4,milestone4,17.300122738,target_map,1,0,detected,4.944509,3.321918,0.273157,4.922848,3.309328,0.279265,0.625529,0.232207
tracking_cdrone3_20260822_194912_520_milestone4,milestone4,17.400316000,target_map,1,0,detected,4.939970,3.304805,0.286597,4.921330,3.305940,0.280565,0.648568,0.174575
tracking_cdrone3_20260822_194912_520_milestone4,milestone4,17.500282049,target_map,1,0,detected,4.976312,3.311342,0.288602,4.910768,3.299914,0.281941,0.632070,0.209562
tracking_cdrone3_20260822_194912_520_milestone4,milestone4,17.600073338,target_map,1,0,detected,4.846665,3.281505,0.280758,4.896529,3.293974,0.282573,0.614146,0.164571
tracking_cdrone3_20260822_194912_520_milestone4,milestone4,17.700097322,target_map,1,0,detected,4.846385,3.280001,0.280589,4.884374,3.291783,0.280300,0.598628,0.199578
tracking_cdrone3_20260822_194912_520_milestone4,milestone4,17.800211668,target_map,1,0,detected,4.873313,3.292219,0.276321,4.870149,3.289072,0.280375,0.623793,0.154883
tracking_cdrone3_20260822_194912_520_milestone4,milestone4,17.900183439,target_map,1,0,detected,4.879194,3.293846,0.275228,4.884107,3.292778,0.282590,0.608148,0.189874
tracking_cdrone3_20260822_194912_520_milestone4,milestone4,18.000337601,target_map,1,0,detected,4.905188,3.297787,0.288978,4.816223,3.278456,0.283175,0.668446,0.154103
tracking_cdrone3_20260822_194912_520_milestone4,milestone4,18.099915266,target_map,1,0,detected,4.916455,3.300038,0.291835,4.723232,3.257236,0.284595,0.651756,0.188956
tracking_cdrone3_20260822_194912_520_milestone4,milestone4,18.200774431,target_map,1,0,detected,4.506966,3.208388,0.283512,4.609247,3.231216,0.286217,0.648843,0.153330
tracking_cdrone3_20260822_194912_520_milestone4,milestone4,18.300102711,target_map,1,0,detected,4.408357,3.186121,0.283424,4.586765,3.229827,0.280190,0.632693,0.188096
tracking_cdrone3_20260822_194912_520_milestone4,milestone4,18.399916649,target_map,1,0,detected,4.309270,3.163745,0.283337,4.565881,3.229588,0.272581,0.616463,0.223030
tracking_cdrone3_20260822_194912_520_milestone4,milestone4,18.500238895,target_map,1,0,detected,4.792777,3.290846,0.258844,4.495105,3.213782,0.271674,0.602290,0.179456
tracking_cdrone3_20260822_194912_520_milestone4,milestone4,18.600213528,target_map,1,0,detected,4.812033,3.298842,0.253787,4.417547,3.196092,0.271116,0.586913,0.214446
tracking_cdrone3_20260822_194912_520_milestone4,milestone4,18.700245380,target_map,1,0,detected,4.153090,3.129357,0.278979,4.532295,3.223903,0.269513,0.615058,0.176562
tracking_cdrone3_20260822_194912_520_milestone4,milestone4,18.800867081,target_map,1,0,detected,4.020563,3.097672,0.280636,4.567472,3.230343,0.272835,0.599288,0.211776
tracking_cdrone3_20260822_194912_520_milestone4,milestone4,18.899971962,target_map,1,0,detected,4.883013,3.302800,0.275321,4.480915,3.207172,0.275570,0.594042,0.170860
tracking_cdrone3_20260822_194912_520_milestone4,milestone4,19.001709700,target_map,1,0,detected,4.968660,3.323042,0.275450,4.512683,3.214682,0.272928,0.578706,0.206464
tracking_cdrone3_20260822_194912_520_milestone4,milestone4,19.100428104,target_map,1,0,detected,4.379250,3.182986,0.267465,4.557423,3.225296,0.269613,0.583534,0.162678
tracking_cdrone3_20260822_194912_520_milestone4,milestone4,19.200100899,target_map,1,0,detected,4.311931,3.166907,0.265767,4.176201,3.140481,0.262594,0.568861,0.197565
tracking_cdrone3_20260822_194912_520_milestone4,milestone4,19.300305367,target_map,1,0,detected,4.244260,3.150743,0.264060,3.719237,3.038770,0.254376,0.554110,0.232633
tracking_cdrone3_20260822_194912_520_milestone4,milestone4,19.399908066,target_map,1,0,detected,2.976905,2.878726,0.240225,3.478807,2.981157,0.250054,0.571520,0.182168
tracking_cdrone3_20260822_194912_520_milestone4,milestone4,19.500251293,target_map,1,0,detected,2.683841,2.814488,0.234360,3.227113,2.920107,0.245649,0.556848,0.217284
tracking_cdrone3_20260822_194912_520_milestone4,milestone4,19.600195169,target_map,1,0,detected,3.177101,2.894918,0.245855,3.142114,2.901165,0.245949,0.597069,0.178273
tracking_cdrone3_20260822_194912_520_milestone4,milestone4,19.700695753,target_map,1,0,detected,3.053457,2.861661,0.243742,3.325541,2.940136,0.251658,0.581762,0.213440
tracking_cdrone3_20260822_194912_520_milestone4,milestone4,19.799883366,target_map,1,0,detected,3.819269,3.056032,0.265565,3.418685,2.955789,0.256619,0.602140,0.179797
tracking_cdrone3_20260822_194912_520_milestone4,milestone4,19.899972916,target_map,1,0,detected,3.894037,3.073580,0.268770,3.394314,2.950676,0.259394,0.586747,0.214825
tracking_cdrone3_20260822_194912_520_milestone4,milestone4,20.000046015,target_map,1,0,detected,3.149563,2.892752,0.259161,3.374516,2.947214,0.262714,0.594373,0.163356
tracking_cdrone3_20260822_194912_520_milestone4,milestone4,20.100318909,target_map,1,0,detected,3.055245,2.869353,0.259732,3.509289,2.978254,0.263207,0.579329,0.198451
tracking_cdrone3_20260822_194912_520_milestone4,milestone4,20.207466602,target_map,1,0,detected,2.954467,2.844352,0.260342,3.670887,3.015596,0.263442,0.563256,0.235951
tracking_cdrone3_20260822_194912_520_milestone4,milestone4,20.299900532,target_map,1,0,detected,4.493131,3.211236,0.268030,3.896334,3.069306,0.265763,0.607098,0.180470
tracking_cdrone3_20260822_194912_520_milestone4,milestone4,20.400196552,target_map,1,0,detected,4.702027,3.260286,0.269943,4.155892,3.131311,0.268305,0.591539,0.215570
tracking_cdrone3_20260822_194912_520_milestone4,milestone4,20.500206947,target_map,1,0,detected,4.276798,3.161302,0.270767,4.545359,3.223825,0.271020,0.582401,0.168810
tracking_cdrone3_20260822_194912_520_milestone4,milestone4,20.600378275,target_map,1,0,detected,4.353035,3.179381,0.272441,4.663131,3.251394,0.272526,0.567619,0.203864
tracking_cdrone3_20260822_194912_520_milestone4,milestone4,20.699983358,target_map,1,0,detected,4.901805,3.306920,0.273921,4.775128,3.277576,0.273975,0.610482,0.151937
tracking_cdrone3_20260822_194912_520_milestone4,milestone4,20.800198317,target_map,1,0,detected,5.081992,3.349079,0.275556,4.787590,3.279116,0.272447,0.595167,0.187010
tracking_cdrone3_20260822_194912_520_milestone4,milestone4,20.900326967,target_map,1,0,detected,5.262009,3.391199,0.277189,4.776529,3.274855,0.270282,0.579867,0.222050
tracking_cdrone3_20260822_194912_520_milestone4,milestone4,21.000229836,target_map,1,0,detected,4.339111,3.169003,0.263126,4.716743,3.260065,0.270467,0.597710,0.175697
tracking_cdrone3_20260822_194912_520_milestone4,milestone4,21.099973917,target_map,1,0,detected,4.297729,3.158072,0.261616,4.627215,3.238266,0.270643,0.582527,0.210608
tracking_cdrone3_20260822_194912_520_milestone4,milestone4,21.200147152,target_map,1,0,detected,4.602873,3.232972,0.274846,4.507991,3.209467,0.270811,0.626989,0.157511
tracking_cdrone3_20260822_194912_520_milestone4,milestone4,21.300089359,target_map,1,0,detected,4.634355,3.240083,0.276438,4.431211,3.194986,0.267346,0.611239,0.192491
tracking_cdrone3_20260822_194912_520_milestone4,milestone4,21.400182724,target_map,1,0,detected,4.665885,3.247205,0.278032,4.340457,3.178046,0.263201,0.595465,0.227523
tracking_cdrone3_20260822_194912_520_milestone4,milestone4,21.499951839,target_map,1,0,detected,3.955212,3.096594,0.245800,3.936645,3.085384,0.257165,0.613397,0.175990
tracking_cdrone3_20260822_194912_520_milestone4,milestone4,21.600305319,target_map,1,0,detected,3.843961,3.073375,0.240888,3.456803,2.975046,0.250215,0.597718,0.211111
tracking_cdrone3_20260822_194912_520_milestone4,milestone4,21.701086998,target_map,1,0,detected,2.583809,2.769665,0.244668,3.226393,2.923371,0.247393,0.564597,0.165217
tracking_cdrone3_20260822_194912_520_milestone4,milestone4,21.800223589,target_map,1,0,detected,2.235147,2.688390,0.241688,3.146663,2.903927,0.251645,0.550454,0.199903
tracking_cdrone3_20260822_194912_520_milestone4,milestone4,21.900109291,target_map,1,0,detected,3.513834,2.988832,0.263920,3.085923,2.884574,0.255454,0.581892,0.159665
tracking_cdrone3_20260822_194912_520_milestone4,milestone4,22.000285149,target_map,1,0,detected,3.556563,2.999375,0.267058,3.282674,2.926369,0.258610,0.567219,0.194724
tracking_cdrone3_20260822_194912_520_milestone4,milestone4,22.100273609,target_map,1,0,detected,3.540260,2.976609,0.259933,3.554801,2.984838,0.262469,0.601969,0.160333
tracking_cdrone3_20260822_194912_520_milestone4,milestone4,22.199958324,target_map,1,0,detected,3.567568,2.978639,0.260449,3.774914,3.035009,0.265326,0.586857,0.195220
tracking_cdrone3_20260822_194912_520_milestone4,milestone4,22.302947998,target_map,1,0,detected,3.595782,2.980736,0.260983,4.030436,3.093437,0.268309,0.571243,0.231266
tracking_cdrone3_20260822_194912_520_milestone4,milestone4,22.400260687,target_map,1,0,detected,4.614397,3.239688,0.278209,4.278879,3.156296,0.269867,0.603671,0.181743
tracking_cdrone3_20260822_194912_520_milestone4,milestone4,22.500342607,target_map,1,0,detected,4.834176,3.291515,0.281970,4.555209,3.227073,0.271360,0.588220,0.216763
tracking_cdrone3_20260822_194912_520_milestone4,milestone4,22.599956036,target_map,1,0,detected,4.782471,3.290900,0.267722,4.859093,3.305718,0.272786,0.642548,0.159575
tracking_cdrone3_20260822_194912_520_milestone4,milestone4,22.700164557,target_map,1,0,detected,4.949221,3.332526,0.267917,4.815890,3.295228,0.272357,0.626341,0.194646
tracking_cdrone3_20260822_194912_520_milestone4,milestone4,22.799900532,target_map,1,0,detected,5.115202,3.373960,0.268110,4.729827,3.274364,0.271496,0.610208,0.229555
tracking_cdrone3_20260822_194912_520_milestone4,milestone4,22.900149107,target_map,1,0,detected,4.398379,3.187238,0.276068,4.717220,3.268496,0.277240,0.651092,0.171262
tracking_cdrone3_20260822_194912_520_milestone4,milestone4,23.000299454,target_map,1,0,detected,4.403863,3.187198,0.277666,4.687098,3.257831,0.284082,0.634539,0.206314
tracking_cdrone3_20260822_194912_520_milestone4,milestone4,23.099965334,target_map,1,0,detected,4.719436,3.261561,0.296442,4.681756,3.252321,0.292925,0.655457,0.172194
tracking_cdrone3_20260822_194912_520_milestone4,milestone4,23.199907064,target_map,1,0,detected,4.798609,3.279201,0.302123,4.845608,3.290033,0.301528,0.638816,0.207175
tracking_cdrone3_20260822_194912_520_milestone4,milestone4,23.300046682,target_map,1,0,detected,5.088490,3.346406,0.312326,4.796550,3.279545,0.298647,0.642530,0.174151
tracking_cdrone3_20260822_194912_520_milestone4,milestone4,23.400308609,target_map,1,0,detected,5.217640,3.375801,0.319085,4.658461,3.248286,0.290636,0.626144,0.209239
tracking_cdrone3_20260822_194912_520_milestone4,milestone4,23.500246048,target_map,1,0,detected,4.158574,3.134758,0.263258,4.715898,3.263483,0.286866,0.642206,0.164497
tracking_cdrone3_20260822_194912_520_milestone4,milestone4,23.600328684,target_map,1,0,detected,4.028994,3.105266,0.256389,4.746529,3.272786,0.281304,0.625971,0.199523
tracking_cdrone3_20260822_194912_520_milestone4,milestone4,23.699951172,target_map,1,0,detected,5.085790,3.355183,0.283275,4.664583,3.255902,0.271463,0.582177,0.158985
tracking_cdrone3_20260822_194912_520_milestone4,milestone4,23.800142527,target_map,1,0,detected,5.241646,3.392920,0.284512,4.795392,3.287632,0.272220,0.567502,0.194048
tracking_cdrone3_20260822_194912_520_milestone4,milestone4,23.900399446,target_map,1,0,detected,4.807912,3.291380,0.269879,5.009352,3.337537,0.278249,0.628658,0.158116
tracking_cdrone3_20260822_194912_520_milestone4,milestone4,24.000271797,target_map,1,0,detected,4.812618,3.293412,0.267045,5.027572,3.340963,0.279488,0.612872,0.193069
tracking_cdrone3_20260822_194912_520_milestone4,milestone4,24.099875927,target_map,1,0,detected,5.098794,3.354790,0.286536,5.030416,3.340386,0.281072,0.653603,0.154609
tracking_cdrone3_20260822_194912_520_milestone4,milestone4,24.200058222,target_map,1,0,detected,5.176888,3.372313,0.289467,5.046542,3.340059,0.284233,0.637181,0.189669
tracking_cdrone3_20260822_194912_520_milestone4,milestone4,24.301362514,target_map,1,0,detected,5.255868,3.390036,0.292433,5.059568,3.338137,0.288158,0.620572,0.225128
tracking_cdrone3_20260822_194912_520_milestone4,milestone4,24.400283575,target_map,1,0,detected,4.888543,3.289742,0.285686,5.054610,3.332012,0.287048,0.637635,0.182589
tracking_cdrone3_20260822_194912_520_milestone4,milestone4,24.499984980,target_map,1,0,detected,4.877747,3.283803,0.286667,5.040717,3.323162,0.285266,0.621361,0.217489
tracking_cdrone3_20260822_194912_520_milestone4,milestone4,24.600208759,target_map,1,0,detected,5.074002,3.324166,0.280987,4.996612,3.314853,0.283264,0.634106,0.173688
tracking_cdrone3_20260822_194912_520_milestone4,milestone4,24.700416327,target_map,1,0,detected,5.107426,3.328060,0.280556,5.027974,3.328100,0.282625,0.617951,0.208752
tracking_cdrone3_20260822_194912_520_milestone4,milestone4,24.800091743,target_map,1,0,detected,5.035342,3.348494,0.282421,5.024574,3.328768,0.282505,0.635689,0.166060
tracking_cdrone3_20260822_194912_520_milestone4,milestone4,24.900272369,target_map,1,0,detected,5.045352,3.355975,0.282496,4.974689,3.319238,0.283701,0.619584,0.201123
tracking_cdrone3_20260822_194912_520_milestone4,milestone4,24.999903202,target_map,1,0,detected,4.860749,3.287144,0.286064,4.910857,3.306796,0.285165,0.653656,0.160703
tracking_cdrone3_20260822_194912_520_milestone4,milestone4,25.100038528,target_map,1,0,detected,4.824574,3.276517,0.286968,4.810645,3.279904,0.284853,0.637167,0.195749
tracking_cdrone3_20260822_194912_520_milestone4,milestone4,25.200538397,target_map,1,0,detected,4.788266,3.265851,0.287876,4.693149,3.247868,0.284414,0.620617,0.230924
tracking_cdrone3_20260822_194912_520_milestone4,milestone4,25.300169230,target_map,1,0,detected,4.534283,3.214031,0.280859,4.684494,3.246959,0.284329,0.610172,0.175698
tracking_cdrone3_20260822_194912_520_milestone4,milestone4,25.400203466,target_map,1,0,detected,4.457875,3.195795,0.280300,4.686040,3.248923,0.284199,0.594628,0.210710
tracking_cdrone3_20260822_194912_520_milestone4,milestone4,25.500809431,target_map,1,0,detected,4.817474,3.282599,0.285644,4.697821,3.253772,0.284021,0.648459,0.159379
tracking_cdrone3_20260822_194912_520_milestone4,milestone4,25.600236893,target_map,1,0,detected,4.832301,3.286341,0.286315,4.747852,3.268349,0.284364,0.632231,0.194179
tracking_cdrone3_20260822_194912_520_milestone4,milestone4,25.699966669,target_map,1,0,detected,4.847173,3.290095,0.286988,4.813252,3.287067,0.284764,0.615954,0.229085
tracking_cdrone3_20260822_194912_520_milestone4,milestone4,25.800246239,target_map,1,0,detected,4.784438,3.286916,0.282574,4.880708,3.305998,0.283413,0.618038,0.174193
tracking_cdrone3_20260822_194912_520_milestone4,milestone4,25.900324821,target_map,1,0,detected,4.784875,3.289386,0.282301,4.961684,3.328463,0.281733,0.602305,0.209217
tracking_cdrone3_20260822_194912_520_milestone4,milestone4,26.000187159,target_map,1,0,detected,5.154755,3.377252,0.278885,4.944864,3.327720,0.278040,0.636279,0.166878
tracking_cdrone3_20260822_194912_520_milestone4,milestone4,26.099929094,target_map,1,0,detected,5.237180,3.398667,0.277915,4.932308,3.325945,0.274660,0.620218,0.201791
tracking_cdrone3_20260822_194912_520_milestone4,milestone4,26.200063467,target_map,1,0,detected,4.763075,3.286378,0.268523,4.911344,3.322001,0.270764,0.640175,0.150983
tracking_cdrone3_20260822_194912_520_milestone4,milestone4,26.299892187,target_map,1,0,detected,4.721656,3.278041,0.265678,4.838247,3.305063,0.270950,0.624187,0.185923
tracking_cdrone3_20260822_194912_520_milestone4,milestone4,26.400177479,target_map,1,0,detected,4.680052,3.269666,0.262821,4.746410,3.283425,0.271556,0.608128,0.221018
tracking_cdrone3_20260822_194912_520_milestone4,milestone4,26.500312567,target_map,1,0,detected,4.789272,3.292563,0.279811,4.778147,3.289266,0.274687,0.646157,0.171532
tracking_cdrone3_20260822_194912_520_milestone4,milestone4,26.600100517,target_map,1,0,detected,4.777997,3.290477,0.280947,4.822627,3.297536,0.278703,0.629787,0.206454
tracking_cdrone3_20260822_194912_520_milestone4,milestone4,26.699960709,target_map,1,0,detected,4.921758,3.315586,0.284177,4.835012,3.298050,0.283928,0.633295,0.157528
tracking_cdrone3_20260822_194912_520_milestone4,milestone4,26.800082922,target_map,1,0,detected,4.944058,3.319390,0.285762,4.818345,3.292094,0.286155,0.617359,0.192567
tracking_cdrone3_20260822_194912_520_milestone4,milestone4,26.900179386,target_map,1,0,detected,4.741974,3.272233,0.288943,4.867266,3.301762,0.287475,0.645553,0.157277
tracking_cdrone3_20260822_194912_520_milestone4,milestone4,27.000347614,target_map,1,0,detected,4.705939,3.262785,0.290946,4.898314,3.308904,0.288271,0.629307,0.192326
tracking_cdrone3_20260822_194912_520_milestone4,milestone4,27.100538731,target_map,1,0,detected,5.022601,3.338819,0.287548,4.935883,3.317802,0.288874,0.627496,0.155305
tracking_cdrone3_20260822_194912_520_milestone4,milestone4,27.199927807,target_map,1,0,detected,5.076996,3.351292,0.288158,5.025319,3.341144,0.288404,0.611845,0.190092
tracking_cdrone3_20260822_194912_520_milestone4,milestone4,27.300273180,target_map,1,0,detected,5.131905,3.363884,0.288773,5.132951,3.369373,0.287544,0.596045,0.225208
tracking_cdrone3_20260822_194912_520_milestone4,milestone4,27.400236845,target_map,1,0,detected,5.189153,3.388939,0.286596,5.152575,3.374217,0.286171,0.626370,0.183236
tracking_cdrone3_20260822_194912_520_milestone4,milestone4,27.499955893,target_map,1,0,detected,5.244102,3.403933,0.286646,5.164887,3.377237,0.284434,0.610374,0.218139
tracking_cdrone3_20260822_194912_520_milestone4,milestone4,27.600229502,target_map,1,0,detected,5.120720,3.363036,0.280681,5.121725,3.367430,0.283774,0.634776,0.174317
tracking_cdrone3_20260822_194912_520_milestone4,milestone4,27.700249434,target_map,1,0,detected,5.138557,3.366393,0.279475,5.059916,3.350822,0.283630,0.618623,0.209323
tracking_cdrone3_20260822_194912_520_milestone4,milestone4,27.800231457,target_map,1,0,detected,4.916091,3.314847,0.285473,4.966267,3.327894,0.282394,0.659451,0.165829
tracking_cdrone3_20260822_194912_520_milestone4,milestone4,27.900426626,target_map,1,0,detected,4.880110,3.305901,0.285873,4.886870,3.311002,0.282150,0.642745,0.200894
tracking_cdrone3_20260822_194912_520_milestone4,milestone4,28.000210524,target_map,1,0,detected,4.775858,3.289292,0.280466,4.736926,3.274329,0.282507,0.679999,0.165276
tracking_cdrone3_20260822_194912_520_milestone4,milestone4,28.100015640,target_map,1,0,detected,4.723734,3.278576,0.279465,4.607466,3.241750,0.281597,0.662844,0.200208
tracking_cdrone3_20260822_194912_520_milestone4,milestone4,28.200643301,target_map,1,0,detected,4.388835,3.183031,0.281258,4.572858,3.231832,0.282521,0.650008,0.160215
tracking_cdrone3_20260822_194912_520_milestone4,milestone4,28.300152063,target_map,1,0,detected,4.268790,3.151948,0.280925,4.563541,3.225926,0.284961,0.633721,0.195037
tracking_cdrone3_20260822_194912_520_milestone4,milestone4,28.400194407,target_map,1,0,detected,4.707074,3.256315,0.290492,4.621449,3.237187,0.286701,0.648952,0.162472
tracking_cdrone3_20260822_194912_520_milestone4,milestone4,28.500005007,target_map,1,0,detected,4.729272,3.259759,0.292664,4.762954,3.271598,0.288187,0.632614,0.197404
tracking_cdrone3_20260822_194912_520_milestone4,milestone4,28.603054285,target_map,1,0,detected,5.013274,3.334882,0.288164,4.845494,3.293041,0.288421,0.637585,0.158765
tracking_cdrone3_20260822_194912_520_milestone4,milestone4,28.700142860,target_map,1,0,detected,5.096360,3.355085,0.288691,4.832341,3.291903,0.286493,0.622012,0.192745
tracking_cdrone3_20260822_194912_520_milestone4,milestone4,28.801128626,target_map,1,0,detected,4.681491,3.259164,0.282094,4.881788,3.305586,0.283507,0.638310,0.153996
tracking_cdrone3_20260822_194912_520_milestone4,milestone4,28.899971962,target_map,1,0,detected,4.641310,3.250627,0.280853,4.886102,3.307057,0.281072,0.622492,0.188589
tracking_cdrone3_20260822_194912_520_milestone4,milestone4,29.000113964,target_map,1,0,detected,4.976504,3.328172,0.277735,4.885486,3.307304,0.278182,0.626452,0.151120
tracking_cdrone3_20260822_194912_520_milestone4,milestone4,29.100209475,target_map,1,0,detected,5.034847,3.342235,0.275989,4.928805,3.315264,0.281506,0.610764,0.186152
tracking_cdrone3_20260822_194912_520_milestone4,milestone4,29.200474262,target_map,1,0,detected,5.093281,3.356320,0.274239,4.981412,3.324806,0.285810,0.595051,0.221238
tracking_cdrone3_20260822_194912_520_milestone4,milestone4,29.300248146,target_map,1,0,detected,4.898085,3.298963,0.298712,4.914886,3.309182,0.286039,0.626273,0.177178
tracking_cdrone3_20260822_194912_520_milestone4,milestone4,29.400506735,target_map,1,0,detected,4.904342,3.298341,0.302374,4.826387,3.288555,0.286173,0.610273,0.212252
tracking_cdrone3_20260822_194912_520_milestone4,milestone4,29.500232935,target_map,1,0,detected,4.643874,3.250050,0.278880,4.857487,3.297197,0.287140,0.628345,0.167351
tracking_cdrone3_20260822_194912_520_milestone4,milestone4,29.599924088,target_map,1,0,detected,4.592354,3.239101,0.276662,4.949120,3.322816,0.282978,0.612488,0.202244
tracking_cdrone3_20260822_194912_520_milestone4,milestone4,29.700246572,target_map,1,0,detected,5.248780,3.399528,0.279073,5.060885,3.354038,0.277851,0.631675,0.155744
tracking_cdrone3_20260822_194912_520_milestone4,milestone4,29.800493002,target_map,1,0,detected,5.356249,3.427059,0.277902,5.122507,3.369294,0.276528,0.615788,0.190811
tracking_cdrone3_20260822_194912_520_milestone4,milestone4,29.900112867,target_map,1,0,detected,5.463169,3.454450,0.276737,5.190778,3.385920,0.275277,0.599982,0.225698
tracking_cdrone3_20260822_194912_520_milestone4,milestone4,29.999893904,target_map,1,0,detected,4.951983,3.326331,0.272268,5.077475,3.355657,0.280947,0.615411,0.183224
tracking_cdrone3_20260822_194912_520_milestone4,milestone4,30.100472212,target_map,1,0,detected,4.933708,3.322232,0.270404,4.929169,3.316113,0.288122,0.599564,0.218420
tracking_cdrone3_20260822_194912_520_milestone4,milestone4,30.199944258,target_map,1,0,detected,4.682269,3.248214,0.307423,4.832089,3.290084,0.290729,0.647501,0.176839
tracking_cdrone3_20260822_194912_520_milestone4,milestone4,30.300349951,target_map,1,0,detected,4.614719,3.229339,0.313780,4.842293,3.290812,0.294190,0.630935,0.211971
tracking_cdrone3_20260822_194912_520_milestone4,milestone4,30.400228977,target_map,1,0,detected,4.977766,3.324305,0.289771,4.848370,3.291078,0.298156,0.653757,0.167660
tracking_cdrone3_20260822_194912_520_milestone4,milestone4,30.500295639,target_map,1,0,detected,5.003004,3.329968,0.289573,4.906898,3.306735,0.294716,0.637191,0.202688
tracking_cdrone3_20260822_194912_520_milestone4,milestone4,30.601294279,target_map,1,0,detected,4.964094,3.323563,0.290231,4.981118,3.326760,0.290003,0.664621,0.152932
tracking_cdrone3_20260822_194912_520_milestone4,milestone4,30.700231314,target_map,1,0,detected,4.974906,3.326499,0.290224,4.984275,3.330633,0.289122,0.648145,0.187565
tracking_cdrone3_20260822_194912_520_milestone4,milestone4,30.800124407,target_map,1,0,detected,4.985820,3.329463,0.290216,4.984455,3.334424,0.288083,0.631515,0.222522
tracking_cdrone3_20260822_194912_520_milestone4,milestone4,30.900249004,target_map,1,0,detected,4.993549,3.343673,0.285363,4.961929,3.331671,0.286176,0.640223,0.173953
tracking_cdrone3_20260822_194912_520_milestone4,milestone4,31.000324965,target_map,1,0,detected,5.003906,3.348923,0.284380,4.932049,3.327399,0.283955,0.623927,0.208978
tracking_cdrone3_20260822_194912_520_milestone4,milestone4,31.099893570,target_map,1,0,detected,4.851464,3.309798,0.280697,4.917183,3.323603,0.280632,0.632016,0.168814
tracking_cdrone3_20260822_194912_520_milestone4,milestone4,31.200170517,target_map,1,0,detected,4.825505,3.305137,0.279118,4.900615,3.316481,0.277785,0.615958,0.203906
tracking_cdrone3_20260822_194912_520_milestone4,milestone4,31.299906731,target_map,1,0,detected,4.911491,3.310482,0.273601,4.881818,3.307824,0.274639,0.629504,0.156245
tracking_cdrone3_20260822_194912_520_milestone4,milestone4,31.399877310,target_map,1,0,detected,4.910708,3.308065,0.271130,4.879412,3.304441,0.273325,0.613700,0.191236
tracking_cdrone3_20260822_194912_520_milestone4,milestone4,31.500274897,target_map,1,0,detected,4.909923,3.305639,0.268648,4.879340,3.301108,0.272142,0.597832,0.226368
tracking_cdrone3_20260822_194912_520_milestone4,milestone4,31.600189209,target_map,1,0,detected,4.839432,3.292884,0.274127,4.841503,3.295412,0.274259,0.622560,0.177976
tracking_cdrone3_20260822_194912_520_milestone4,milestone4,31.700291157,target_map,1,0,detected,4.825145,3.288470,0.273203,4.796997,3.289221,0.277217,0.606663,0.213009
tracking_cdrone3_20260822_194912_520_milestone4,milestone4,31.800160170,target_map,1,0,detected,4.722306,3.282001,0.284188,4.780094,3.287304,0.281921,0.666294,0.174623
tracking_cdrone3_20260822_194912_520_milestone4,milestone4,31.900287390,target_map,1,0,detected,4.688178,3.277109,0.285920,4.777984,3.288006,0.286071,0.649319,0.209663
tracking_cdrone3_20260822_194912_520_milestone4,milestone4,32.000226974,target_map,1,0,detected,4.825409,3.296056,0.292169,4.779039,3.290320,0.287500,0.629615,0.165619
tracking_cdrone3_20260822_194912_520_milestone4,milestone4,32.099893808,target_map,1,0,detected,4.828885,3.296395,0.294876,4.801255,3.294146,0.286467,0.613749,0.200506
tracking_cdrone3_20260822_194912_520_milestone4,milestone4,32.201194286,target_map,1,0,detected,4.830416,3.300037,0.280346,4.830904,3.299176,0.284817,0.643727,0.159124
tracking_cdrone3_20260822_194912_520_milestone4,milestone4,32.299902678,target_map,1,0,detected,4.833389,3.301136,0.279022,4.793829,3.289130,0.283062,0.627737,0.193673
tracking_cdrone3_20260822_194912_520_milestone4,milestone4,32.400515556,target_map,1,0,detected,4.836420,3.302256,0.277673,4.748995,3.277026,0.280768,0.611439,0.228886
tracking_cdrone3_20260822_194912_520_milestone4,milestone4,32.500238180,target_map,1,0,detected,4.640035,3.245824,0.283393,4.723757,3.270042,0.281800,0.621369,0.178491
tracking_cdrone3_20260822_194912_520_milestone4,milestone4,32.599976063,target_map,1,0,detected,4.604715,3.235876,0.283405,4.696741,3.262558,0.283190,0.605557,0.213392
tracking_cdrone3_20260822_194912_520_milestone4,milestone4,32.701138735,target_map,1,0,detected,4.704226,3.265119,0.285507,4.713358,3.265730,0.282608,0.620610,0.173811
tracking_cdrone3_20260822_194912_520_milestone4,milestone4,32.800229073,target_map,1,0,detected,4.698311,3.263716,0.285971,4.777471,3.282218,0.280492,0.604846,0.208766
tracking_cdrone3_20260822_194912_520_milestone4,milestone4,32.900184155,target_map,1,0,detected,4.919501,3.318115,0.274764,4.856816,3.302712,0.277986,0.656485,0.151580
tracking_cdrone3_20260822_194912_520_milestone4,milestone4,33.000376463,target_map,1,0,detected,4.960604,3.328264,0.272813,4.878903,3.308054,0.279617,0.640023,0.186646
tracking_cdrone3_20260822_194912_520_milestone4,milestone4,33.099898338,target_map,1,0,detected,5.001440,3.338348,0.270874,4.901190,3.313416,0.281770,0.623668,0.221484
tracking_cdrone3_20260822_194912_520_milestone4,milestone4,33.200192928,target_map,1,0,detected,4.814661,3.291824,0.293665,4.892545,3.311993,0.281290,0.629321,0.173654
tracking_cdrone3_20260822_194912_520_milestone4,milestone4,33.301007509,target_map,1,0,detected,4.809746,3.290529,0.296735,4.877929,3.309265,0.280571,0.613187,0.208940
tracking_cdrone3_20260822_194912_520_milestone4,milestone4,33.400183678,target_map,1,0,detected,4.876274,3.310999,0.272364,4.857410,3.305251,0.279606,0.627500,0.169212
tracking_cdrone3_20260822_194912_520_milestone4,milestone4,33.499943018,target_map,1,0,detected,4.887521,3.314626,0.269218,4.855771,3.303587,0.279438,0.611632,0.204129
tracking_cdrone3_20260822_194912_520_milestone4,milestone4,33.600397825,target_map,1,2,predicted,4.898846,3.318277,0.266050,4.853749,3.301567,0.279070,0.595654,0.239287
tracking_cdrone3_20260822_194912_520_milestone4,milestone4,33.700273991,target_map,1,0,detected,4.806470,3.283504,0.292821,4.843340,3.293314,0.270180,0.655464,0.181212
tracking_cdrone3_20260822_194912_520_milestone4,milestone4,33.800242662,target_map,1,0,detected,4.799632,3.280427,0.294896,4.830590,3.283413,0.259538,0.638709,0.216201
tracking_cdrone3_20260822_194912_520_milestone4,milestone4,33.899878502,target_map,1,0,detected,4.824233,3.269734,0.227916,4.602006,3.234093,0.259301,0.635805,0.164756
tracking_cdrone3_20260822_194912_520_milestone4,milestone4,34.000174284,target_map,1,0,detected,4.823770,3.265120,0.216005,4.341986,3.181992,0.254162,0.619695,0.199856
tracking_cdrone3_20260822_194912_520_milestone4,milestone4,34.100207567,target_map,1,0,detected,3.755926,3.071681,0.264869,4.033886,3.120859,0.249055,0.452840,0.154639
tracking_cdrone3_20260822_194912_520_milestone4,milestone4,34.200573444,target_map,1,0,detected,3.506368,3.022995,0.267125,3.983104,3.110776,0.256135,0.441441,0.189764
tracking_cdrone3_20260822_194912_520_milestone4,milestone4,34.299984932,target_map,1,0,detected,3.259134,2.974762,0.269361,3.944935,3.103612,0.265715,0.430148,0.224562
tracking_cdrone3_20260822_194912_520_milestone4,milestone4,34.400156736,target_map,1,0,detected,4.570321,3.219323,0.263315,4.181564,3.145460,0.251114,0.618204,0.179145
tracking_cdrone3_20260822_194912_520_milestone4,milestone4,34.500020027,target_map,1,0,detected,4.632924,3.229296,0.263907,4.490670,3.200759,0.233186,0.602442,0.214098
tracking_cdrone3_20260822_194912_520_milestone4,milestone4,34.600181103,target_map,1,0,detected,4.939075,3.280925,0.191864,4.871829,3.269423,0.211928,0.552909,0.163035
tracking_cdrone3_20260822_194912_520_milestone4,milestone4,34.700146437,target_map,1,0,detected,5.051897,3.299487,0.177481,4.809217,3.263361,0.198832,0.538961,0.198023
tracking_cdrone3_20260822_194912_520_milestone4,milestone4,34.800304890,target_map,1,0,detected,5.164926,3.318083,0.163072,4.719377,3.253628,0.184524,0.524988,0.233075
tracking_cdrone3_20260822_194912_520_milestone4,milestone4,34.899925470,target_map,1,0,detected,4.257266,3.189015,0.197834,4.729224,3.261779,0.186217,0.558846,0.176972
tracking_cdrone3_20260822_194912_520_milestone4,milestone4,35.000173330,target_map,1,0,detected,4.183722,3.180630,0.192371,4.738623,3.270808,0.190256,0.544567,0.212054
tracking_cdrone3_20260822_194912_520_milestone4,milestone4,35.100174665,target_map,1,0,detected,4.988308,3.321682,0.200326,4.681815,3.263698,0.200934,0.606464,0.161138
tracking_cdrone3_20260822_194912_520_milestone4,milestone4,35.200299740,target_map,1,0,detected,5.098891,3.344631,0.197676,4.812758,3.282871,0.205171,0.591164,0.196177
tracking_cdrone3_20260822_194912_520_milestone4,milestone4,35.300002813,target_map,1,0,detected,4.880888,3.282533,0.216462,4.964635,3.304191,0.211014,0.589015,0.153124
tracking_cdrone3_20260822_194912_520_milestone4,milestone4,35.400160789,target_map,1,0,detected,4.911982,3.284880,0.219021,4.925823,3.291256,0.211069,0.574234,0.188177
tracking_cdrone3_20260822_194912_520_milestone4,milestone4,35.500405788,target_map,1,0,detected,4.943107,3.287228,0.221583,4.863637,3.272840,0.211185,0.559439,0.223265
tracking_cdrone3_20260822_194912_520_milestone4,milestone4,35.600171804,target_map,1,0,detected,4.794246,3.257006,0.200603,4.854641,3.277313,0.216603,0.571192,0.182954
tracking_cdrone3_20260822_194912_520_milestone4,milestone4,35.700639486,target_map,1,0,detected,4.787961,3.252554,0.198257,4.840248,3.282597,0.222857,0.556499,0.218119
tracking_cdrone3_20260822_194912_520_milestone4,milestone4,35.800722122,target_map,1,0,detected,4.835906,3.304897,0.243550,4.857218,3.300049,0.217108,0.577849,0.157724
tracking_cdrone3_20260822_194912_520_milestone4,milestone4,35.900336504,target_map,1,0,detected,4.840017,3.311301,0.250290,4.913834,3.327613,0.213732,0.563384,0.192577
tracking_cdrone3_20260822_194912_520_milestone4,milestone4,36.000390291,target_map,1,0,detected,5.027959,3.374484,0.192842,4.981655,3.360168,0.208987,0.624386,0.151375
tracking_cdrone3_20260822_194912_520_milestone4,milestone4,36.099925995,target_map,1,0,detected,5.077328,3.394830,0.183720,4.987606,3.359696,0.206185,0.608828,0.186225
tracking_cdrone3_20260822_194912_520_milestone4,milestone4,36.200253963,target_map,1,0,detected,5.127064,3.415327,0.174532,4.990174,3.356684,0.202778,0.593155,0.221333
tracking_cdrone3_20260822_194912_520_milestone4,milestone4,36.300223351,target_map,1,0,detected,4.865664,3.302536,0.229540,4.961587,3.339599,0.207910,0.598748,0.173311
tracking_cdrone3_20260822_194912_520_milestone4,milestone4,36.400324583,target_map,1,0,detected,4.852855,3.296242,0.233253,4.922508,3.317146,0.214811,0.583512,0.208344
tracking_cdrone3_20260822_194912_520_milestone4,milestone4,36.500137568,target_map,1,0,detected,4.885023,3.289059,0.218505,4.881452,3.293939,0.228378,0.644744,0.159021
tracking_cdrone3_20260822_194912_520_milestone4,milestone4,36.600152254,target_map,1,0,detected,4.881935,3.282564,0.218227,4.894134,3.293151,0.232056,0.628527,0.194008
tracking_cdrone3_20260822_194912_520_milestone4,milestone4,36.702985287,target_map,1,0,detected,4.921786,3.299297,0.242364,4.910895,3.293474,0.236150,0.613405,0.154162
tracking_cdrone3_20260822_194912_520_milestone4,milestone4,36.799870968,target_map,1,0,detected,4.929072,3.298591,0.247930,4.780781,3.267652,0.243237,0.598498,0.188084
tracking_cdrone3_20260822_194912_520_milestone4,milestone4,36.900797844,target_map,1,0,detected,4.936658,3.297857,0.253724,4.622980,3.237214,0.251316,0.582976,0.223406
tracking_cdrone3_20260822_194912_520_milestone4,milestone4,36.999983072,target_map,1,0,detected,4.234455,3.159950,0.253939,4.560194,3.227930,0.251276,0.618295,0.181062
tracking_cdrone3_20260822_194912_520_milestone4,milestone4,37.100182056,target_map,1,0,detected,4.092931,3.130375,0.258623,4.495578,3.219333,0.250160,0.602451,0.216141
tracking_cdrone3_20260822_194912_520_milestone4,milestone4,37.200237274,target_map,1,0,detected,4.607857,3.252879,0.242165,4.466469,3.217462,0.250026,0.568416,0.175833
tracking_cdrone3_20260822_194912_520_milestone4,milestone4,37.300277472,target_map,1,0,detected,4.605988,3.255605,0.242349,4.585945,3.245093,0.250366,0.553933,0.210845
tracking_cdrone3_20260822_194912_520_milestone4,milestone4,37.399885893,target_map,1,0,detected,4.791115,3.288502,0.253056,4.727187,3.274488,0.249235,0.568397,0.174719
tracking_cdrone3_20260822_194912_520_milestone4,milestone4,37.500195980,target_map,1,0,detected,4.831835,3.298106,0.255637,4.770282,3.279940,0.251676,0.553889,0.209823
tracking_cdrone3_20260822_194912_520_milestone4,milestone4,37.600272894,target_map,1,0,detected,4.799139,3.277349,0.252969,4.857416,3.297009,0.250288,0.627397,0.169437
tracking_cdrone3_20260822_194912_520_milestone4,milestone4,37.700191975,target_map,1,0,detected,4.823330,3.280139,0.254369,4.921204,3.310697,0.246113,0.611503,0.204411
tracking_cdrone3_20260822_194912_520_milestone4,milestone4,37.800276041,target_map,1,0,detected,5.041659,3.340948,0.235410,4.788684,3.278310,0.240051,0.662832,0.160766
tracking_cdrone3_20260822_194912_520_milestone4,milestone4,37.900422812,target_map,1,0,detected,5.110058,3.356945,0.232178,4.627912,3.241902,0.233700,0.646109,0.195816
tracking_cdrone3_20260822_194912_520_milestone4,milestone4,37.999890327,target_map,1,0,detected,4.169231,3.136170,0.225328,4.427750,3.196821,0.226250,0.636075,0.150342
tracking_cdrone3_20260822_194912_520_milestone4,milestone4,38.100264072,target_map,1,0,detected,3.995282,3.095310,0.221212,4.386619,3.184463,0.214470,0.620114,0.185464
tracking_cdrone3_20260822_194912_520_milestone4,milestone4,38.199919462,target_map,1,0,detected,3.822521,3.054729,0.217123,4.345485,3.171569,0.201059,0.604261,0.220347
tracking_cdrone3_20260822_194912_520_milestone4,milestone4,38.301844597,target_map,1,0,detected,4.836002,3.279158,0.176506,4.367622,3.171956,0.199470,0.637218,0.175259
tracking_cdrone3_20260822_194912_520_milestone4,milestone4,38.400293589,target_map,1,0,detected,4.904389,3.292478,0.165123,4.407969,3.175857,0.199209,0.621245,0.209718
tracking_cdrone3_20260822_194912_520_milestone4,milestone4,38.500863075,target_map,1,0,detected,4.279916,3.138106,0.217387,4.668945,3.233019,0.199624,0.661456,0.167691
tracking_cdrone3_20260822_194912_520_milestone4,milestone4,38.599894285,target_map,1,0,detected,4.197017,3.114815,0.219907,4.759268,3.252572,0.208523,0.644866,0.202361
tracking_cdrone3_20260822_194912_520_milestone4,milestone4,38.700201750,target_map,1,0,detected,5.127401,3.340539,0.219199,4.759301,3.256081,0.221906,0.606085,0.162008
tracking_cdrone3_20260822_194912_520_milestone4,milestone4,38.800488710,target_map,1,0,detected,5.287620,3.376921,0.221001,4.890231,3.292775,0.225629,0.590762,0.197098
tracking_cdrone3_20260822_194912_520_milestone4,milestone4,38.900058508,target_map,1,0,detected,4.904551,3.310022,0.232038,5.043800,3.336462,0.229647,0.615776,0.154305
tracking_cdrone3_20260822_194912_520_milestone4,milestone4,38.999868631,target_map,1,0,detected,4.934567,3.321581,0.235999,4.969050,3.334129,0.228127,0.600363,0.189241
tracking_cdrone3_20260822_194912_520_milestone4,milestone4,39.100632668,target_map,1,0,detected,4.964862,3.333247,0.239997,4.858603,3.326206,0.225744,0.584806,0.224502
tracking_cdrone3_20260822_194912_520_milestone4,milestone4,39.199898481,target_map,1,0,detected,4.753651,3.328876,0.211602,4.756750,3.296052,0.220421,0.619200,0.179058
tracking_cdrone3_20260822_194912_520_milestone4,milestone4,39.300146580,target_map,1,0,detected,4.735382,3.337304,0.209086,4.631058,3.257133,0.213740,0.603355,0.214140
tracking_cdrone3_20260822_194912_520_milestone4,milestone4,39.400125027,target_map,1,0,detected,4.395290,3.159253,0.205418,4.500923,3.227684,0.203848,0.648845,0.171949
tracking_cdrone3_20260822_194912_520_milestone4,milestone4,39.503167152,target_map,1,0,detected,4.306105,3.126983,0.202598,4.399788,3.196911,0.198647,0.631867,0.208007
tracking_cdrone3_20260822_194912_520_milestone4,milestone4,39.599995852,target_map,1,0,detected,4.314188,3.186004,0.190536,4.435267,3.189968,0.212719,0.635128,0.167282
tracking_cdrone3_20260822_194912_520_milestone4,milestone4,39.701086521,target_map,1,0,detected,4.247972,3.175009,0.185595,4.559879,3.222950,0.231179,0.618878,0.202659
tracking_cdrone3_20260822_194912_520_milestone4,milestone4,39.800138950,target_map,1,0,detected,4.912782,3.302593,0.279448,4.699771,3.260980,0.243816,0.619766,0.160639
tracking_cdrone3_20260822_194912_520_milestone4,milestone4,39.900193930,target_map,1,0,detected,5.018350,3.324159,0.297715,4.853302,3.290110,0.260065,0.604146,0.195656
tracking_cdrone3_20260822_194912_520_milestone4,milestone4,40.000241280,target_map,1,0,detected,5.005563,3.317137,0.265785,5.035389,3.324351,0.278505,0.598285,0.154229
tracking_cdrone3_20260822_194912_520_milestone4,milestone4,40.100061178,target_map,1,0,detected,5.081846,3.331651,0.271779,4.928298,3.293701,0.260791,0.583309,0.189168
tracking_cdrone3_20260822_194912_520_milestone4,milestone4,40.200261593,target_map,1,0,detected,5.158403,3.346217,0.277794,4.780829,3.253122,0.236879,0.568279,0.224232
tracking_cdrone3_20260822_194912_520_milestone4,milestone4,40.299816847,target_map,1,0,detected,4.377331,3.149341,0.190882,4.814233,3.263526,0.230268,0.596046,0.179525
tracking_cdrone3_20260822_194912_520_milestone4,milestone4,40.400249004,target_map,1,0,detected,4.281002,3.121266,0.178156,4.854518,3.276976,0.222730,0.580761,0.214669
tracking_cdrone3_20260822_194912_520_milestone4,milestone4,40.499977350,target_map,1,0,detected,5.172584,3.369154,0.232731,4.802704,3.278049,0.204775,0.618911,0.165802
tracking_cdrone3_20260822_194912_520_milestone4,milestone4,40.600419760,target_map,1,0,detected,5.283273,3.398904,0.234085,4.905745,3.320773,0.202230,0.603197,0.200947
tracking_cdrone3_20260822_194912_520_milestone4,milestone4,40.700212240,target_map,1,0,detected,4.899329,3.351580,0.188020,5.041601,3.359078,0.217482,0.636661,0.160781
tracking_cdrone3_20260822_194912_520_milestone4,milestone4,40.800302505,target_map,1,0,detected,4.892538,3.362960,0.178158,5.001550,3.346972,0.224199,0.620607,0.195810
tracking_cdrone3_20260822_194912_520_milestone4,milestone4,40.899922848,target_map,1,0,detected,4.960280,3.312791,0.254415,4.805065,3.293770,0.216626,0.624421,0.159985
tracking_cdrone3_20260822_194912_520_milestone4,milestone4,41.000251532,target_map,1,0,detected,4.972328,3.308628,0.266316,4.653545,3.240614,0.216527,0.608649,0.195094
tracking_cdrone3_20260822_194912_520_milestone4,milestone4,41.100378036,target_map,1,0,detected,4.300850,3.132890,0.196220,4.471408,3.175720,0.216654,0.584672,0.157665
tracking_cdrone3_20260822_194912_520_milestone4,milestone4,41.199965954,target_map,1,0,detected,4.141730,3.085803,0.187526,4.276191,3.133760,0.216797,0.570031,0.192532
tracking_cdrone3_20260822_194912_520_milestone4,milestone4,41.300116539,target_map,1,0,detected,3.981849,3.038491,0.178791,4.052837,3.087504,0.216122,0.555319,0.227566
tracking_cdrone3_20260822_194912_520_milestone4,milestone4,41.400380373,target_map,1,0,detected,3.984196,3.102991,0.255131,4.025581,3.086838,0.224751,0.602484,0.179014
tracking_cdrone3_20260822_194912_520_milestone4,milestone4,41.500191450,target_map,1,0,detected,3.855561,3.077347,0.262939,4.023320,3.093825,0.235327,0.587124,0.213967
tracking_cdrone3_20260822_194912_520_milestone4,milestone4,41.600206852,target_map,1,0,detected,4.164570,3.129560,0.239369,4.086567,3.111477,0.228035,0.607678,0.172661
tracking_cdrone3_20260822_194912_520_milestone4,milestone4,41.700329304,target_map,1,0,detected,4.130424,3.120735,0.240407,4.151162,3.115098,0.201432,0.592218,0.207701
tracking_cdrone3_20260822_194912_520_milestone4,milestone4,41.799930096,target_map,1,0,detected,4.298085,3.126751,0.142330,4.243308,3.122713,0.169210,0.638032,0.155666
tracking_cdrone3_20260822_194912_520_milestone4,milestone4,41.899884939,target_map,1,0,detected,4.307172,3.121097,0.122114,4.395544,3.158489,0.171513,0.622023,0.190652
tracking_cdrone3_20260822_194912_520_milestone4,milestone4,42.000194788,target_map,1,0,detected,4.316289,3.115424,0.101829,4.579748,3.202606,0.176115,0.605960,0.225756
tracking_cdrone3_20260822_194912_520_milestone4,milestone4,42.099917889,target_map,1,0,detected,4.925749,3.308438,0.250888,4.639086,3.221928,0.188222,0.639509,0.173423
tracking_cdrone3_20260822_194912_520_milestone4,milestone4,42.199867725,target_map,1,0,detected,5.051444,3.341319,0.263413,4.696816,3.242498,0.203755,0.623257,0.208407
tracking_cdrone3_20260822_194912_520_milestone4,milestone4,42.300559998,target_map,1,0,detected,4.594778,3.223361,0.202866,4.752938,3.264327,0.222703,0.636359,0.158262
tracking_cdrone3_20260822_194912_520_milestone4,milestone4,42.399938107,target_map,1,0,detected,4.595819,3.223952,0.199779,4.835234,3.286514,0.231244,0.620454,0.193046
tracking_cdrone3_20260822_194912_520_milestone4,milestone4,42.503316164,target_map,1,0,detected,4.596902,3.224566,0.196568,4.921711,3.309893,0.240595,0.603912,0.229225
tracking_cdrone3_20260822_194912_520_milestone4,milestone4,42.599878788,target_map,1,0,detected,5.337225,3.419374,0.293594,4.904994,3.308978,0.251970,0.643487,0.182317
tracking_cdrone3_20260822_194912_520_milestone4,milestone4,42.699898005,target_map,1,0,detected,5.483829,3.458210,0.310167,4.871111,3.304206,0.264505,0.627018,0.217320
tracking_cdrone3_20260822_194912_520_milestone4,milestone4,42.800223351,target_map,1,0,detected,4.511197,3.218789,0.259744,4.867241,3.313183,0.263586,0.640174,0.170957
tracking_cdrone3_20260822_194912_520_milestone4,milestone4,42.900300741,target_map,1,0,detected,4.426400,3.200092,0.262454,4.708578,3.283284,0.240618,0.623915,0.205981
tracking_cdrone3_20260822_194912_520_milestone4,milestone4,43.000349760,target_map,1,0,detected,4.577552,3.269450,0.191971,4.514046,3.245700,0.211761,0.615687,0.156711
tracking_cdrone3_20260822_194912_520_milestone4,milestone4,43.101613760,target_map,1,0,detected,4.543915,3.269877,0.178753,4.576401,3.258025,0.207182,0.600020,0.192165
tracking_cdrone3_20260822_194912_520_milestone4,milestone4,43.200250387,target_map,1,0,detected,4.511166,3.270293,0.165884,4.662605,3.274560,0.202726,0.584766,0.226684
tracking_cdrone3_20260822_194912_520_milestone4,milestone4,43.299893856,target_map,1,0,detected,4.822972,3.280413,0.236849,4.767160,3.296617,0.205522,0.608557,0.177179
tracking_cdrone3_20260822_194912_520_milestone4,milestone4,43.401622534,target_map,1,0,detected,4.857421,3.282764,0.240173,4.894430,3.323151,0.210014,0.592774,0.212783
tracking_cdrone3_20260822_194912_520_milestone4,milestone4,43.499894381,target_map,1,0,detected,5.100328,3.379735,0.205950,4.883928,3.307541,0.225496,0.606049,0.159868
tracking_cdrone3_20260822_194912_520_milestone4,milestone4,43.600346804,target_map,1,0,detected,5.180263,3.402549,0.201214,4.788240,3.283185,0.228104,0.590730,0.195008
tracking_cdrone3_20260822_194912_520_milestone4,milestone4,43.700185537,target_map,1,0,detected,4.458658,3.192245,0.243292,4.741972,3.272608,0.229617,0.600016,0.156992
tracking_cdrone3_20260822_194912_520_milestone4,milestone4,43.800139189,target_map,1,0,detected,4.344530,3.158630,0.249891,4.644849,3.241360,0.238841,0.584949,0.191972
tracking_cdrone3_20260822_194912_520_milestone4,milestone4,43.900211811,target_map,1,0,detected,4.626081,3.229881,0.247738,4.650423,3.241993,0.251738,0.602144,0.156564
tracking_cdrone3_20260822_194912_520_milestone4,milestone4,44.000434875,target_map,1,0,detected,4.614712,3.223494,0.252071,4.829476,3.293209,0.257572,0.586986,0.191642
tracking_cdrone3_20260822_194912_520_milestone4,milestone4,44.099913359,target_map,1,0,detected,5.208135,3.405713,0.265696,5.060426,3.359645,0.263435,0.634260,0.154336
tracking_cdrone3_20260822_194912_520_milestone4,milestone4,44.200134277,target_map,1,0,detected,5.353921,3.448324,0.272462,5.141258,3.376592,0.268372,0.618322,0.189408
tracking_cdrone3_20260822_194912_520_milestone4,milestone4,44.300044537,target_map,1,0,detected,5.499279,3.490810,0.279207,5.229322,3.394705,0.273271,0.602430,0.224377
tracking_cdrone3_20260822_194912_520_milestone4,milestone4,44.399881124,target_map,1,0,detected,5.030244,3.314620,0.272424,5.111372,3.365906,0.263611,0.609459,0.175144
tracking_cdrone3_20260822_194912_520_milestone4,milestone4,44.500856400,target_map,1,0,detected,5.055029,3.314057,0.276567,4.949783,3.326299,0.250758,0.593794,0.210483
tracking_cdrone3_20260822_194912_520_milestone4,milestone4,44.600063324,target_map,1,0,detected,4.618385,3.261718,0.217398,4.981088,3.320404,0.240265,0.585679,0.159886
tracking_cdrone3_20260822_194912_520_milestone4,milestone4,44.699889421,target_map,1,0,detected,4.545977,3.250289,0.208196,5.149504,3.358339,0.230632,0.570958,0.194825
tracking_cdrone3_20260822_194912_520_milestone4,milestone4,44.799920082,target_map,1,0,detected,5.655806,3.461337,0.226740,5.356186,3.404964,0.219674,0.588441,0.151013
tracking_cdrone3_20260822_194912_520_milestone4,milestone4,44.900276184,target_map,1,0,detected,5.872322,3.504297,0.224258,5.281995,3.377252,0.217818,0.573669,0.186132
tracking_cdrone3_20260822_194912_520_milestone4,milestone4,45.000460863,target_map,1,0,detected,6.088439,3.547178,0.221780,5.180425,3.341070,0.216832,0.558925,0.221186
tracking_cdrone3_20260822_194912_520_milestone4,milestone4,45.099911451,target_map,1,0,detected,4.247429,3.123159,0.208118,5.083220,3.322922,0.224686,0.591737,0.173984
tracking_cdrone3_20260822_194912_520_milestone4,milestone4,45.199900150,target_map,1,0,detected,4.038130,3.069378,0.203265,4.960928,3.301325,0.235076,0.576687,0.208980
tracking_cdrone3_20260822_194912_520_milestone4,milestone4,45.300201178,target_map,1,0,detected,5.169780,3.370597,0.266007,4.820448,3.268419,0.241799,0.591964,0.171219
tracking_cdrone3_20260822_194912_520_milestone4,milestone4,45.400206566,target_map,1,0,detected,5.260862,3.396313,0.276208,5.067840,3.323574,0.251828,0.576936,0.206221
tracking_cdrone3_20260822_194912_520_milestone4,milestone4,45.500170469,target_map,1,0,detected,5.386038,3.382645,0.255399,5.129461,3.345118,0.259407,0.651423,0.172595
tracking_cdrone3_20260822_194912_520_milestone4,milestone4,45.600179911,target_map,1,0,detected,5.484391,3.398939,0.258259,4.928354,3.298864,0.254113,0.634871,0.207594
tracking_cdrone3_20260822_194912_520_milestone4,milestone4,45.699868917,target_map,1,0,detected,4.346237,3.177099,0.241164,4.704298,3.246415,0.241842,0.586194,0.159813
tracking_cdrone3_20260822_194912_520_milestone4,milestone4,45.800298452,target_map,1,0,detected,4.164242,3.139325,0.239536,4.428448,3.191128,0.232324,0.571374,0.194959
tracking_cdrone3_20260822_194912_520_milestone4,milestone4,45.902977228,target_map,1,0,detected,4.140581,3.134066,0.214851,4.327139,3.178205,0.239172,0.591066,0.162035
tracking_cdrone3_20260822_194912_520_milestone4,milestone4,46.000146151,target_map,1,0,detected,4.006787,3.106214,0.207810,4.479901,3.216415,0.252463,0.576585,0.196042
tracking_cdrone3_20260822_194912_520_milestone4,milestone4,46.100300074,target_map,1,0,detected,4.977846,3.334323,0.292501,4.695389,3.268917,0.269089,0.624541,0.155387
tracking_cdrone3_20260822_194912_520_milestone4,milestone4,46.200358629,target_map,1,0,detected,5.110047,3.368150,0.307617,4.835930,3.292893,0.257388,0.608859,0.190404
tracking_cdrone3_20260822_194912_520_milestone4,milestone4,46.304985523,target_map,1,0,detected,5.241682,3.401831,0.322668,5.019130,3.333975,0.270158,0.593245,0.225272
tracking_cdrone3_20260822_194912_520_milestone4,milestone4,46.400383949,target_map,1,0,detected,4.843287,3.253947,0.156344,5.015945,3.332184,0.269298,0.615797,0.181309
tracking_cdrone3_20260822_194912_520_milestone4,milestone4,46.500247478,target_map,1,0,detected,4.922787,3.311622,0.271660,4.958553,3.321089,0.241369,0.647152,0.151722
tracking_cdrone3_20260822_194912_520_milestone4,milestone4,46.600487709,target_map,1,0,detected,4.961920,3.325370,0.288199,4.872813,3.304549,0.206163,0.630918,0.186799
tracking_cdrone3_20260822_194912_520_milestone4,milestone4,46.700278997,target_map,1,0,detected,4.823088,3.312675,0.167975,4.864726,3.318880,0.199944,0.615913,0.153995
tracking_cdrone3_20260822_194912_520_milestone4,milestone4,46.800261021,target_map,1,0,detected,4.812983,3.319130,0.146637,4.824989,3.306427,0.197040,0.600477,0.188982
tracking_cdrone3_20260822_194912_520_milestone4,milestone4,46.900501013,target_map,1,0,detected,4.802854,3.325600,0.125249,4.772783,3.289338,0.192456,0.585005,0.224050
tracking_cdrone3_20260822_194912_520_milestone4,milestone4,47.000245333,target_map,1,0,detected,4.724103,3.249358,0.257141,4.800780,3.287068,0.193354,0.617737,0.170579
tracking_cdrone3_20260822_194912_520_milestone4,milestone4,47.099863529,target_map,1,0,detected,4.700886,3.239928,0.265280,4.838749,3.284742,0.195692,0.602121,0.205450
tracking_cdrone3_20260822_194912_520_milestone4,milestone4,47.200242043,target_map,1,0,detected,4.963075,3.301322,0.172463,4.886720,3.282362,0.199472,0.637119,0.156600
tracking_cdrone3_20260822_194912_520_milestone4,milestone4,47.300125599,target_map,1,0,detected,5.002829,3.307502,0.158327,4.881337,3.282701,0.195346,0.621133,0.191561
tracking_cdrone3_20260822_194912_520_milestone4,milestone4,47.400331020,target_map,1,0,detected,5.042707,3.313699,0.144147,4.874212,3.283601,0.190727,0.605098,0.226631
tracking_cdrone3_20260822_194912_520_milestone4,milestone4,47.499923468,target_map,1,0,detected,4.697188,3.251054,0.236511,4.891664,3.288703,0.198907,0.631610,0.168648
tracking_cdrone3_20260822_194912_520_milestone4,milestone4,47.600265026,target_map,1,0,detected,4.665259,3.244426,0.242185,4.914168,3.295384,0.209443,0.615554,0.203764
tracking_cdrone3_20260822_194912_520_milestone4,milestone4,47.700181723,target_map,1,0,detected,5.050338,3.326837,0.213366,4.910391,3.303695,0.233802,0.570096,0.163589
tracking_cdrone3_20260822_194912_520_milestone4,milestone4,47.800196648,target_map,1,0,detected,5.115350,3.340906,0.211008,4.981459,3.327378,0.241899,0.555701,0.198594
tracking_cdrone3_20260822_194912_520_milestone4,milestone4,47.899939775,target_map,1,0,detected,5.023821,3.355253,0.265940,5.064617,3.355212,0.251057,0.654841,0.151966
tracking_cdrone3_20260822_194912_520_milestone4,milestone4,48.000443220,target_map,1,0,detected,5.052529,3.369470,0.276995,5.072806,3.356883,0.259326,0.638367,0.187137
tracking_cdrone3_20260822_194912_520_milestone4,milestone4,48.100249290,target_map,1,0,detected,5.081045,3.383593,0.287976,5.072997,3.355942,0.268410,0.622003,0.222071
tracking_cdrone3_20260822_194912_520_milestone4,milestone4,48.200286388,target_map,1,0,detected,5.091286,3.335195,0.254714,5.059126,3.348489,0.261381,0.631017,0.182463
tracking_cdrone3_20260822_194912_520_milestone4,milestone4,48.300242901,target_map,1,0,detected,5.116304,3.336200,0.256426,5.036717,3.337597,0.251347,0.614874,0.217448
tracking_cdrone3_20260822_194912_520_milestone4,milestone4,48.400277853,target_map,1,0,detected,4.954463,3.317989,0.230793,4.975976,3.321758,0.226149,0.624958,0.175859
tracking_cdrone3_20260822_194912_520_milestone4,milestone4,48.499914646,target_map,1,0,detected,4.940488,3.315007,0.226828,4.904005,3.314675,0.204205,0.609096,0.210737
tracking_cdrone3_20260822_194912_520_milestone4,milestone4,48.600048065,target_map,1,0,detected,4.777339,3.304401,0.161984,4.817825,3.306463,0.178512,0.635204,0.161847
tracking_cdrone3_20260822_194912_520_milestone4,milestone4,48.699962616,target_map,1,0,detected,4.731432,3.299777,0.144995,4.570759,3.247098,0.172627,0.619203,0.196816
tracking_cdrone3_20260822_194912_520_milestone4,milestone4,48.800150156,target_map,1,0,detected,4.685401,3.295142,0.127960,4.282979,3.177378,0.167461,0.603158,0.231880
tracking_cdrone3_20260822_194912_520_milestone4,milestone4,48.900218725,target_map,1,0,detected,3.719134,3.021163,0.201369,4.267508,3.172924,0.184648,0.572448,0.175358
tracking_cdrone3_20260822_194912_520_milestone4,milestone4,49.000290871,target_map,1,0,detected,3.501590,2.966408,0.200996,4.276481,3.173816,0.207104,0.557864,0.210380
tracking_cdrone3_20260822_194912_520_milestone4,milestone4,49.100141764,target_map,1,0,detected,4.699982,3.282130,0.247918,4.309842,3.180033,0.234829,0.624929,0.158854
tracking_cdrone3_20260822_194912_520_milestone4,milestone4,49.200400352,target_map,1,0,detected,4.776299,3.304237,0.257277,4.353381,3.195986,0.242354,0.609160,0.193957
tracking_cdrone3_20260822_194912_520_milestone4,milestone4,49.300156593,target_map,1,0,detected,4.852207,3.326226,0.266586,4.417808,3.217866,0.250426,0.593475,0.228873
tracking_cdrone3_20260822_194912_520_milestone4,milestone4,49.400172949,target_map,1,0,detected,3.936825,3.100927,0.238991,4.205888,3.161941,0.243982,0.613408,0.175967
tracking_cdrone3_20260822_194912_520_milestone4,milestone4,49.500702381,target_map,1,0,detected,3.823729,3.075810,0.241357,3.953159,3.094516,0.234928,0.597698,0.211156
tracking_cdrone3_20260822_194912_520_milestone4,milestone4,49.600109339,target_map,1,0,detected,3.640379,3.002504,0.215697,3.774021,3.044603,0.214341,0.627256,0.165498
tracking_cdrone3_20260822_194912_520_milestone4,milestone4,49.700135708,target_map,1,0,detected,3.512657,2.967112,0.212009,3.778797,3.039365,0.196487,0.611395,0.200508
tracking_cdrone3_20260822_194912_520_milestone4,milestone4,49.800175667,target_map,1,0,detected,3.956514,3.076661,0.163651,3.807037,3.038762,0.175358,0.650031,0.154964
tracking_cdrone3_20260822_194912_520_milestone4,milestone4,49.899898052,target_map,1,0,detected,3.960708,3.074735,0.149721,3.754420,3.029004,0.177855,0.633766,0.189869
tracking_cdrone3_20260822_194912_520_milestone4,milestone4,50.000202894,target_map,1,0,detected,3.964925,3.072799,0.135714,3.704680,3.021285,0.182524,0.617411,0.224969
tracking_cdrone3_20260822_194912_520_milestone4,milestone4,50.100179911,target_map,1,0,detected,3.377295,2.953714,0.228180,3.556643,2.991383,0.186182,0.581170,0.179663
tracking_cdrone3_20260822_194912_520_milestone4,milestone4,50.200508833,target_map,1,0,detected,3.263957,2.928516,0.235355,3.388084,2.957904,0.191339,0.566279,0.214773
tracking_cdrone3_20260822_194912_520_milestone4,milestone4,50.300124645,target_map,1,0,detected,3.216329,2.927150,0.181939,3.229807,2.926979,0.216780,0.586888,0.180817
tracking_cdrone3_20260822_194912_520_milestone4,milestone4,50.400140762,target_map,1,0,detected,3.117914,2.907339,0.175504,3.175877,2.917203,0.226441,0.571885,0.215820
tracking_cdrone3_20260822_194912_520_milestone4,milestone4,50.500236511,target_map,1,0,detected,3.173540,2.918175,0.262919,3.145802,2.913920,0.221697,0.594392,0.172278
tracking_cdrone3_20260822_194912_520_milestone4,milestone4,50.600254774,target_map,1,0,detected,3.107646,2.904834,0.276486,3.115343,2.909183,0.226755,0.579290,0.207284
tracking_cdrone3_20260822_194912_520_milestone4,milestone4,50.700172663,target_map,1,0,detected,3.113583,2.912103,0.211639,3.151540,2.917634,0.233656,0.605136,0.168593
tracking_cdrone3_20260822_194912_520_milestone4,milestone4,50.800591230,target_map,1,0,detected,3.064031,2.903464,0.207227,3.180392,2.924826,0.222539,0.589744,0.203731
tracking_cdrone3_20260822_194912_520_milestone4,milestone4,50.900166273,target_map,1,0,detected,3.298900,2.949595,0.210009,3.244597,2.937647,0.216438,0.618378,0.169148
tracking_cdrone3_20260822_194912_520_milestone4,milestone4,51.000322580,target_map,1,0,detected,3.317798,2.954135,0.207335,3.315503,2.950381,0.224617,0.602682,0.204197
tracking_cdrone3_20260822_194912_520_milestone4,milestone4,51.100209475,target_map,1,0,detected,3.428675,2.968939,0.245979,3.404186,2.966205,0.234986,0.621639,0.156440
tracking_cdrone3_20260822_194912_520_milestone4,milestone4,51.200232506,target_map,1,0,detected,3.468109,2.975770,0.252535,3.407188,2.954736,0.229351,0.606022,0.191450
tracking_cdrone3_20260822_194912_520_milestone4,milestone4,51.300017595,target_map,1,0,detected,3.507447,2.982585,0.259074,3.404917,2.939762,0.222148,0.590443,0.226374
tracking_cdrone3_20260822_194912_520_milestone4,milestone4,51.400243998,target_map,1,0,detected,3.313910,2.892251,0.181833,3.336472,2.927336,0.224353,0.605879,0.183220
tracking_cdrone3_20260822_194912_520_milestone4,milestone4,51.502385616,target_map,1,0,detected,3.306442,2.879267,0.171318,3.249552,2.912717,0.227296,0.590032,0.218969
tracking_cdrone3_20260822_194912_520_milestone4,milestone4,51.600241423,target_map,1,0,detected,3.086451,2.906809,0.257006,3.307701,2.921541,0.222029,0.630372,0.179718
tracking_cdrone3_20260822_194912_520_milestone4,milestone4,51.700064421,target_map,1,0,detected,3.033509,2.902675,0.267247,3.428687,2.953044,0.232353,0.614299,0.214657
tracking_cdrone3_20260822_194912_520_milestone4,milestone4,51.800524473,target_map,1,0,detected,3.798195,3.026702,0.232738,3.386272,2.956714,0.243885,0.604510,0.171121
tracking_cdrone3_20260822_194912_520_milestone4,milestone4,51.900352001,target_map,1,0,detected,3.918838,3.049765,0.233457,3.369986,2.951701,0.238192,0.589191,0.206063
tracking_cdrone3_20260822_194912_520_milestone4,milestone4,52.001101732,target_map,1,0,detected,3.094365,2.897619,0.228978,3.380766,2.945461,0.217950,0.612209,0.162391
tracking_cdrone3_20260822_194912_520_milestone4,milestone4,52.100373268,target_map,1,0,detected,3.005023,2.881745,0.228541,3.228820,2.911493,0.201573,0.596880,0.197136
tracking_cdrone3_20260822_194912_520_milestone4,milestone4,52.200705767,target_map,1,0,detected,3.087407,2.871473,0.166035,3.042841,2.869955,0.181980,0.608123,0.151756
tracking_cdrone3_20260822_194912_520_milestone4,milestone4,52.299955368,target_map,1,0,detected,3.038469,2.856862,0.150854,3.040664,2.868077,0.178887,0.593014,0.186496
tracking_cdrone3_20260822_194912_520_milestone4,milestone4,52.400388002,target_map,1,0,detected,2.988943,2.842074,0.135490,3.052245,2.868858,0.176537,0.577723,0.221654
tracking_cdrone3_20260822_194912_520_milestone4,milestone4,52.500238180,target_map,1,0,detected,3.083481,2.888232,0.213515,3.056182,2.873652,0.192769,0.586347,0.173118
tracking_cdrone3_20260822_194912_520_milestone4,milestone4,52.600252151,target_map,1,0,detected,3.062926,2.885648,0.216790,3.068580,2.881384,0.213862,0.571439,0.208124
tracking_cdrone3_20260822_194912_520_milestone4,milestone4,52.700213909,target_map,1,0,detected,3.107094,2.895444,0.247198,3.094102,2.896882,0.230925,0.628712,0.157998
tracking_cdrone3_20260822_194912_520_milestone4,milestone4,52.800264120,target_map,1,0,detected,3.100458,2.895524,0.256316,3.100512,2.904346,0.232001,0.612898,0.193011
tracking_cdrone3_20260822_194912_520_milestone4,milestone4,52.900375843,target_map,1,0,detected,3.116549,2.919564,0.220804,3.110830,2.913527,0.232039,0.628276,0.150317
tracking_cdrone3_20260822_194912_520_milestone4,milestone4,53.000191212,target_map,1,0,detected,3.115534,2.925549,0.218896,3.106034,2.912723,0.225066,0.612598,0.185244
tracking_cdrone3_20260822_194912_520_milestone4,milestone4,53.100301743,target_map,1,0,detected,3.114516,2.931552,0.216982,3.101122,2.911223,0.215775,0.596871,0.220280
tracking_cdrone3_20260822_194912_520_milestone4,milestone4,53.200201273,target_map,1,0,detected,3.083114,2.891424,0.212333,3.111066,2.904970,0.217782,0.625954,0.173670
tracking_cdrone3_20260822_194912_520_milestone4,milestone4,53.300293446,target_map,1,0,detected,3.075899,2.888026,0.209859,3.124090,2.896999,0.220714,0.610022,0.208701
tracking_cdrone3_20260822_194912_520_milestone4,milestone4,53.400285721,target_map,1,0,detected,3.166265,2.888297,0.230839,3.130916,2.889199,0.226464,0.615923,0.162746
tracking_cdrone3_20260822_194912_520_milestone4,milestone4,53.499900103,target_map,1,0,detected,3.180656,2.885696,0.233555,3.144698,2.889352,0.234127,0.600443,0.197613
tracking_cdrone3_20260822_194912_520_milestone4,milestone4,53.599991560,target_map,1,0,detected,3.148645,2.892549,0.245732,3.160599,2.890112,0.243269,0.616401,0.155094
tracking_cdrone3_20260822_194912_520_milestone4,milestone4,53.700047493,target_map,1,0,detected,3.152024,2.892189,0.250649,3.180041,2.900432,0.244896,0.600927,0.190111
tracking_cdrone3_20260822_194912_520_milestone4,milestone4,53.800154686,target_map,1,0,detected,3.155405,2.891829,0.255568,3.201295,2.913057,0.246140,0.585445,0.225148
tracking_cdrone3_20260822_194912_520_milestone4,milestone4,53.900176048,target_map,1,0,detected,3.263477,2.939896,0.238978,3.226422,2.918003,0.241559,0.628346,0.171581
tracking_cdrone3_20260822_194912_520_milestone4,milestone4,54.000272274,target_map,1,0,detected,3.286925,2.948819,0.239772,3.253876,2.922917,0.235326,0.612377,0.206613
tracking_cdrone3_20260822_194912_520_milestone4,milestone4,54.100146770,target_map,1,0,detected,3.274277,2.917281,0.222828,3.269669,2.931839,0.232252,0.619428,0.170029
tracking_cdrone3_20260822_194912_520_milestone4,milestone4,54.200077534,target_map,1,0,detected,3.289295,2.916760,0.219483,3.263569,2.931993,0.232956,0.603728,0.205005
tracking_cdrone3_20260822_194912_520_milestone4,milestone4,54.300334215,target_map,1,0,detected,3.234372,2.936440,0.240197,3.294716,2.938135,0.234800,0.647915,0.167782
tracking_cdrone3_20260822_194912_520_milestone4,milestone4,54.400393963,target_map,1,0,detected,3.232975,2.940664,0.242500,3.337804,2.953022,0.240687,0.631503,0.202793
tracking_cdrone3_20260822_194912_520_milestone4,milestone4,54.499892712,target_map,1,0,detected,3.442659,2.979530,0.248992,3.387365,2.970466,0.247901,0.641329,0.158010
tracking_cdrone3_20260822_194912_520_milestone4,milestone4,54.599873543,target_map,1,0,detected,3.489717,2.991714,0.252261,3.408538,2.971709,0.237774,0.625206,0.193004
tracking_cdrone3_20260822_194912_520_milestone4,milestone4,54.700571060,target_map,1,0,detected,3.537103,3.003983,0.255553,3.429792,2.971646,0.225105,0.608971,0.228243
tracking_cdrone3_20260822_194912_520_milestone4,milestone4,54.800479889,target_map,1,0,detected,3.340236,2.942654,0.189565,3.383003,2.953344,0.210280,0.623524,0.183206
tracking_cdrone3_20260822_194912_520_milestone4,milestone4,54.900089502,target_map,1,0,detected,3.339246,2.940350,0.179154,3.321056,2.930004,0.192997,0.607615,0.218078
tracking_cdrone3_20260822_194912_520_milestone4,milestone4,55.000189066,target_map,1,0,detected,3.208714,2.888019,0.174868,3.245111,2.909031,0.186076,0.635891,0.183264
tracking_cdrone3_20260822_194912_520_milestone4,milestone4,55.100351810,target_map,1,0,detected,3.179983,2.875016,0.165844,3.203023,2.899271,0.193237,0.619583,0.218315
tracking_cdrone3_20260822_194912_520_milestone4,milestone4,55.199882030,target_map,1,0,detected,3.157376,2.899115,0.220949,3.144553,2.883199,0.198906,0.620254,0.174601
tracking_cdrone3_20260822_194912_520_milestone4,milestone4,55.300264835,target_map,1,0,detected,3.129796,2.893854,0.225369,3.104172,2.875275,0.205359,0.604413,0.209727
tracking_cdrone3_20260822_194912_520_milestone4,milestone4,55.400163889,target_map,1,0,detected,3.046896,2.859989,0.207502,3.061584,2.867654,0.213541,0.601343,0.158417
tracking_cdrone3_20260822_194912_520_milestone4,milestone4,55.500505209,target_map,1,0,detected,3.006810,2.848403,0.207128,3.047232,2.864218,0.211239,0.586169,0.193533
tracking_cdrone3_20260822_194912_520_milestone4,milestone4,55.600026369,target_map,1,0,detected,2.967042,2.836908,0.206757,3.036547,2.861713,0.208097,0.571114,0.228370
tracking_cdrone3_20260822_194912_520_milestone4,milestone4,55.700174332,target_map,1,0,detected,3.085615,2.881936,0.209440,3.030371,2.862930,0.201879,0.574649,0.181534
tracking_cdrone3_20260822_194912_520_milestone4,milestone4,55.799931765,target_map,1,0,detected,3.076371,2.881327,0.209656,3.028171,2.865719,0.194361,0.559988,0.216448
tracking_cdrone3_20260822_194912_520_milestone4,milestone4,55.899892092,target_map,1,0,detected,3.016017,2.866074,0.176415,3.056070,2.876428,0.195644,0.619643,0.169548
tracking_cdrone3_20260822_194912_520_milestone4,milestone4,55.999947548,target_map,1,0,detected,2.995807,2.862351,0.169538,3.061935,2.878773,0.197220,0.603925,0.204566
tracking_cdrone3_20260822_194912_520_milestone4,milestone4,56.099937201,target_map,1,0,detected,3.106538,2.890453,0.213173,3.071325,2.881880,0.199578,0.617165,0.157761
tracking_cdrone3_20260822_194912_520_milestone4,milestone4,56.200236320,target_map,1,0,detected,3.114940,2.893661,0.217316,3.083599,2.884855,0.193631,0.601604,0.192865
tracking_cdrone3_20260822_194912_520_milestone4,milestone4,56.300300121,target_map,1,0,detected,3.123322,2.896862,0.221449,3.099508,2.888480,0.186845,0.586081,0.227883
tracking_cdrone3_20260822_194912_520_milestone4,milestone4,56.399883747,target_map,1,0,detected,3.077389,2.880945,0.146682,3.177065,2.905829,0.195068,0.616553,0.176434
tracking_cdrone3_20260822_194912_520_milestone4,milestone4,56.500271320,target_map,1,0,detected,3.075349,2.880480,0.135606,3.271846,2.926900,0.206218,0.600784,0.211563
tracking_cdrone3_20260822_194912_520_milestone4,milestone4,56.600220442,target_map,1,0,detected,3.494326,2.977195,0.254286,3.292364,2.929471,0.213490,0.632113,0.180087
tracking_cdrone3_20260822_194912_520_milestone4,milestone4,56.700121880,target_map,1,0,detected,3.588842,2.999017,0.273066,3.321236,2.934798,0.237997,0.615981,0.215049
tracking_cdrone3_20260822_194912_520_milestone4,milestone4,56.800686598,target_map,1,0,detected,3.225916,2.909722,0.257812,3.351757,2.940603,0.254031,0.613954,0.173668
tracking_cdrone3_20260822_194912_520_milestone4,milestone4,56.899970055,target_map,1,0,detected,3.221749,2.907576,0.269215,3.298110,2.926816,0.245715,0.598454,0.208414
tracking_cdrone3_20260822_194912_520_milestone4,milestone4,57.000223637,target_map,1,0,detected,3.227951,2.909504,0.215776,3.293617,2.926132,0.236719,0.640906,0.167302
tracking_cdrone3_20260822_194912_520_milestone4,milestone4,57.100234747,target_map,1,0,detected,3.226091,2.908263,0.212706,3.376877,2.947080,0.230999,0.624681,0.202306
tracking_cdrone3_20260822_194912_520_milestone4,milestone4,57.199994564,target_map,1,0,detected,3.566381,2.995592,0.228087,3.476191,2.972245,0.223223,0.650158,0.155735
tracking_cdrone3_20260822_194912_520_milestone4,milestone4,57.299941540,target_map,1,0,detected,3.642216,3.014464,0.229209,3.476501,2.972990,0.232798,0.633845,0.190718
tracking_cdrone3_20260822_194912_520_milestone4,milestone4,57.400249243,target_map,1,0,detected,3.718315,3.033402,0.230335,3.469502,2.972130,0.244523,0.617476,0.225822
tracking_cdrone3_20260822_194912_520_milestone4,milestone4,57.500225306,target_map,1,0,detected,3.229503,2.913226,0.263652,3.350860,2.946963,0.247326,0.600544,0.183430
tracking_cdrone3_20260822_194912_520_milestone4,milestone4,57.600420475,target_map,1,0,detected,3.191092,2.903965,0.271331,3.201633,2.915093,0.249857,0.585133,0.218497
tracking_cdrone3_20260822_194912_520_milestone4,milestone4,57.699945688,target_map,1,0,detected,2.973173,2.869759,0.242102,3.070044,2.884008,0.248725,0.607774,0.181101
tracking_cdrone3_20260822_194912_520_milestone4,milestone4,57.800917387,target_map,1,0,detected,2.896080,2.855113,0.241866,3.031094,2.875636,0.240172,0.592085,0.216437
tracking_cdrone3_20260822_194912_520_milestone4,milestone4,57.900256872,target_map,1,0,detected,3.060369,2.877980,0.224676,3.048542,2.882052,0.232781,0.634780,0.172225
tracking_cdrone3_20260822_194912_520_milestone4,milestone4,57.999912977,target_map,1,0,detected,3.034757,2.871363,0.220885,3.116155,2.897087,0.231226,0.618707,0.207110
tracking_cdrone3_20260822_194912_520_milestone4,milestone4,58.099937201,target_map,1,0,detected,3.278329,2.936047,0.234375,3.220672,2.920633,0.233970,0.648785,0.157638
tracking_cdrone3_20260822_194912_520_milestone4,milestone4,58.200271845,target_map,1,0,detected,3.311238,2.944932,0.234327,3.302648,2.942337,0.241213,0.632423,0.192752
tracking_cdrone3_20260822_194912_520_milestone4,milestone4,58.300675631,target_map,1,0,detected,3.418669,2.972845,0.255588,3.400104,2.968105,0.250280,0.615545,0.151512
tracking_cdrone3_20260822_194912_520_milestone4,milestone4,58.400275230,target_map,1,0,detected,3.470246,2.986496,0.260891,3.529478,2.992383,0.244833,0.600202,0.186371
tracking_cdrone3_20260822_194912_520_milestone4,milestone4,58.500290155,target_map,1,0,detected,3.522040,3.000205,0.266217,3.676834,3.019382,0.237851,0.584795,0.221376
tracking_cdrone3_20260822_194912_520_milestone4,milestone4,58.600144386,target_map,1,0,detected,3.925195,3.057438,0.207143,3.754239,3.034524,0.233323,0.636645,0.176494
tracking_cdrone3_20260822_194912_520_milestone4,milestone4,58.700419188,target_map,1,0,detected,4.048021,3.079928,0.199414,3.830319,3.049138,0.227951,0.620378,0.211590
tracking_cdrone3_20260822_194912_520_milestone4,milestone4,58.800246000,target_map,1,0,detected,3.805691,3.048554,0.232950,3.805761,3.036306,0.212237,0.621028,0.163231
tracking_cdrone3_20260822_194912_520_milestone4,milestone4,58.900297165,target_map,1,0,detected,3.850650,3.059566,0.234033,3.686369,3.007944,0.206337,0.605347,0.198246
tracking_cdrone3_20260822_194912_520_milestone4,milestone4,58.999977589,target_map,1,0,detected,3.399248,2.936045,0.187647,3.528264,2.971015,0.199989,0.601044,0.152341
tracking_cdrone3_20260822_194912_520_milestone4,milestone4,59.100212574,target_map,1,0,detected,3.328235,2.915625,0.177641,3.409331,2.944584,0.204227,0.585951,0.187438
tracking_cdrone3_20260822_194912_520_milestone4,milestone4,59.200107574,target_map,1,0,detected,3.257495,2.895284,0.167673,3.268098,2.913469,0.210005,0.570916,0.222400
tracking_cdrone3_20260822_194912_520_milestone4,milestone4,59.300284624,target_map,1,0,detected,3.211027,2.916399,0.254142,3.203749,2.904562,0.226827,0.597975,0.166212
tracking_cdrone3_20260822_194912_520_milestone4,milestone4,59.399968863,target_map,1,0,detected,3.144486,2.903994,0.262921,3.237219,2.923800,0.226882,0.582901,0.201096
tracking_cdrone3_20260822_194912_520_milestone4,milestone4,59.500284195,target_map,1,0,detected,3.077504,2.891507,0.271757,3.289009,2.949418,0.226979,0.567726,0.236211
tracking_cdrone3_20260822_194912_520_milestone4,milestone4,59.600207090,target_map,1,0,detected,3.495586,3.011818,0.177915,3.366346,2.954621,0.210610,0.617695,0.182391
tracking_cdrone3_20260822_194912_520_milestone4,milestone4,59.700351477,target_map,1,0,detected,3.516442,3.023375,0.168162,3.463656,2.960725,0.191132,0.601865,0.217437
tracking_cdrone3_20260822_194912_520_milestone4,milestone4,59.800037146,target_map,1,0,detected,3.597715,2.942412,0.172296,3.526111,2.975326,0.190090,0.628028,0.176482
tracking_cdrone3_20260822_194912_520_milestone4,milestone4,59.900347233,target_map,1,0,detected,3.631034,2.934511,0.165532,3.499783,2.965917,0.211107,0.611978,0.211585
tracking_cdrone3_20260822_194912_520_milestone4,milestone4,59.999990225,target_map,1,0,detected,3.389781,2.964512,0.266544,3.433268,2.942490,0.222414,0.633093,0.165404
tracking_cdrone3_20260822_194912_520_milestone4,milestone4,60.100184917,target_map,1,0,detected,3.363944,2.964775,0.283004,3.338297,2.932573,0.232619,0.617060,0.200470
tracking_cdrone3_20260822_194912_520_milestone4,milestone4,60.202477932,target_map,1,0,detected,3.183865,2.906242,0.224692,3.285456,2.940579,0.249227,0.623981,0.160965
tracking_cdrone3_20260822_194912_520_milestone4,milestone4,60.300124645,target_map,1,0,detected,3.122860,2.892826,0.223322,3.283879,2.944692,0.246719,0.608630,0.195137
tracking_cdrone3_20260822_194912_520_milestone4,milestone4,60.399931669,target_map,1,0,detected,3.366829,2.974540,0.248573,3.243587,2.934963,0.236775,0.653052,0.155784
tracking_cdrone3_20260822_194912_520_milestone4,milestone4,60.500246763,target_map,1,0,detected,3.381898,2.985080,0.254003,3.230550,2.935046,0.238259,0.636609,0.190889
tracking_cdrone3_20260822_194912_520_milestone4,milestone4,60.599909306,target_map,1,0,detected,3.162485,2.916129,0.233285,3.220947,2.935915,0.239781,0.580666,0.150937
tracking_cdrone3_20260822_194912_520_milestone4,milestone4,60.700351954,target_map,1,0,detected,3.118677,2.906653,0.232110,3.164691,2.919728,0.232605,0.566078,0.186084
tracking_cdrone3_20260822_194912_520_milestone4,milestone4,60.800831556,target_map,1,0,detected,3.074847,2.897173,0.230935,3.098928,2.899786,0.223408,0.551484,0.221248
tracking_cdrone3_20260822_194912_520_milestone4,milestone4,60.900193453,target_map,1,0,detected,3.085550,2.893602,0.212689,3.193338,2.914467,0.221230,0.663833,0.177727
tracking_cdrone3_20260822_194912_520_milestone4,milestone4,61.000267982,target_map,1,0,detected,3.053084,2.885373,0.208019,3.316927,2.934327,0.219194,0.646893,0.212745
tracking_cdrone3_20260822_194912_520_milestone4,milestone4,61.100224018,target_map,1,0,detected,3.634535,2.989533,0.222396,3.365040,2.945486,0.225399,0.603350,0.173766
tracking_cdrone3_20260822_194912_520_milestone4,milestone4,61.199900389,target_map,1,0,detected,3.736618,3.005954,0.221929,3.407369,2.957453,0.237026,0.588059,0.208646
tracking_cdrone3_20260822_194912_520_milestone4,milestone4,61.300096273,target_map,1,0,detected,3.315415,2.952968,0.261964,3.424254,2.959804,0.241111,0.611402,0.172929
tracking_cdrone3_20260822_194912_520_milestone4,milestone4,61.400295734,target_map,1,0,detected,3.297194,2.953436,0.270821,3.314742,2.938823,0.241747,0.595832,0.207996
tracking_cdrone3_20260822_194912_520_milestone4,milestone4,61.500214815,target_map,1,0,detected,3.137507,2.897132,0.228442,3.289467,2.937315,0.244006,0.641020,0.169133
tracking_cdrone3_20260822_194912_520_milestone4,milestone4,61.600078344,target_map,1,0,detected,3.086977,2.884626,0.225580,3.364914,2.949751,0.238165,0.624795,0.204085
tracking_cdrone3_20260822_194912_520_milestone4,milestone4,61.700236559,target_map,1,0,detected,3.610240,2.998413,0.233220,3.405439,2.949478,0.225860,0.645723,0.160048
tracking_cdrone3_20260822_194912_520_milestone4,milestone4,61.800302505,target_map,1,0,detected,3.692653,3.015148,0.232764,3.481062,2.959969,0.220846,0.629454,0.195068
tracking_cdrone3_20260822_194912_520_milestone4,milestone4,61.900297642,target_map,1,0,detected,3.499817,2.952070,0.209295,3.569946,2.972465,0.215220,0.655159,0.152327
tracking_cdrone3_20260822_194912_520_milestone4,milestone4,62.000230074,target_map,1,0,detected,3.515621,2.949587,0.203368,3.482954,2.952325,0.214030,0.638763,0.187306
tracking_cdrone3_20260822_194912_520_milestone4,milestone4,62.099988461,target_map,1,0,detected,3.531397,2.947108,0.197452,3.367508,2.926431,0.213199,0.622395,0.222224
tracking_cdrone3_20260822_194912_520_milestone4,milestone4,62.200135708,target_map,1,0,detected,3.175281,2.897713,0.227271,3.308967,2.919549,0.224537,0.662651,0.177202
tracking_cdrone3_20260822_194912_520_milestone4,milestone4,62.300194979,target_map,1,0,detected,3.115426,2.885679,0.228608,3.242062,2.912719,0.238925,0.645796,0.212119
tracking_cdrone3_20260822_194912_520_milestone4,milestone4,62.401071072,target_map,1,0,detected,3.207110,2.917660,0.265985,3.207207,2.909774,0.226887,0.632543,0.174998
tracking_cdrone3_20260822_194912_520_milestone4,milestone4,62.501082182,target_map,1,0,detected,3.181095,2.915434,0.275309,3.247173,2.917099,0.204324,0.616436,0.210011
tracking_cdrone3_20260822_194912_520_milestone4,milestone4,62.599870443,target_map,1,0,detected,3.357122,2.932384,0.137261,3.261391,2.920447,0.207222,0.618581,0.164379
tracking_cdrone3_20260822_194912_520_milestone4,milestone4,62.700106144,target_map,1,0,detected,3.375114,2.934336,0.114460,3.250812,2.916141,0.205456,0.602920,0.199460
tracking_cdrone3_20260822_194912_520_milestone4,milestone4,62.800227404,target_map,1,0,detected,3.186512,2.902421,0.243096,3.284083,2.919177,0.181173,0.618456,0.161404
tracking_cdrone3_20260822_194912_520_milestone4,milestone4,62.900285721,target_map,1,0,detected,3.154217,2.896129,0.257155,3.286668,2.919549,0.181601,0.602859,0.196423
tracking_cdrone3_20260822_194912_520_milestone4,milestone4,63.000318289,target_map,1,0,detected,3.347450,2.930613,0.153893,3.290175,2.920258,0.183690,0.666389,0.155351
tracking_cdrone3_20260822_194912_520_milestone4,milestone4,63.100290775,target_map,1,0,detected,3.370045,2.934246,0.139401,3.303287,2.926158,0.170781,0.649665,0.190350
tracking_cdrone3_20260822_194912_520_milestone4,milestone4,63.200355530,target_map,1,0,detected,3.392648,2.937880,0.124905,3.320895,2.933669,0.154853,0.632936,0.225361
tracking_cdrone3_20260822_194912_520_milestone4,milestone4,63.300344944,target_map,1,0,detected,3.252076,2.931921,0.178550,3.295132,2.932121,0.174260,0.650305,0.175973
tracking_cdrone3_20260822_194912_520_milestone4,milestone4,63.400254488,target_map,1,0,detected,3.242255,2.933685,0.177513,3.262317,2.929653,0.199567,0.633750,0.210952
tracking_cdrone3_20260822_194912_520_milestone4,milestone4,63.499943018,target_map,1,0,detected,3.218637,2.922872,0.250931,3.229734,2.927596,0.218232,0.640724,0.169772
tracking_cdrone3_20260822_194912_520_milestone4,milestone4,63.600326061,target_map,1,0,detected,3.205969,2.921907,0.265934,3.222287,2.926155,0.231460,0.624420,0.204893
