run_id,experiment_tag,timestamp_s,sample_kind,track_id,detector_track_id,source,source_label,x_m,y_m,z_m,vx_mps,vy_mps,vz_mps,confidence,distance_m,bbox_area_px,inbound,last_observed_age_s,prediction_horizon_s,position_uncertainty_m,velocity_uncertainty_mps
tracking_cdrone3_20260822_194912_520_milestone4,milestone4,1787453352.540032148,target_map,1,1,0,detected,4.321845,3.178666,0.256426,-0.293638,-0.058872,-0.044082,0.609806,16.412195,420.750,1,0.121485,0.000000,0.192520,0.380371
tracking_cdrone3_20260822_194912_520_milestone4,milestone4,1787453352.603095531,raw,1,1,0,detected,4.097326,3.126145,0.270090,-1.307967,-0.299972,0.041769,0.576660,16.145370,420.750,1,0.000000,0.000000,0.000000,0.000000
tracking_cdrone3_20260822_194912_520_milestone4,milestone4,1787453352.640220404,target_map,1,1,0,detected,4.080645,3.122394,0.270152,-0.851519,-0.191477,0.003136,0.573836,16.145370,420.750,1,0.019590,0.000000,0.156856,0.354897
tracking_cdrone3_20260822_194912_520_milestone4,milestone4,1787453352.737048149,raw,1,1,0,detected,2.657363,2.790282,0.250626,-10.748491,-2.507021,-0.145289,0.609375,14.666623,416.500,1,0.000000,0.000000,0.000000,0.000000
tracking_cdrone3_20260822_194912_520_milestone4,milestone4,1787453352.739996433,target_map,1,1,0,detected,3.995676,3.103287,0.270465,-0.851519,-0.191477,0.003136,0.559450,16.145370,420.750,1,0.119375,0.000000,0.191781,0.379844
tracking_cdrone3_20260822_194912_520_milestone4,milestone4,1787453352.840277433,target_map,1,1,0,detected,2.215073,2.687425,0.245272,-4.667798,-1.085526,-0.056505,0.594940,14.666623,416.500,1,0.094754,0.000000,0.183164,0.373688
tracking_cdrone3_20260822_194912_520_milestone4,milestone4,1787453352.875966072,raw,1,1,0,detected,4.268518,3.159705,0.268541,11.598311,2.659388,0.128965,0.652832,16.319687,472.500,0,0.000000,0.000000,0.000000,0.000000
tracking_cdrone3_20260822_194912_520_milestone4,milestone4,1787453352.940352917,target_map,1,1,0,detected,4.396059,3.188549,0.269838,2.187945,0.494817,0.022257,0.643318,16.319687,472.500,0,0.058292,0.000000,0.170402,0.364573
tracking_cdrone3_20260822_194912_520_milestone4,milestone4,1787453353.012272120,raw,1,1,0,detected,4.390776,3.188659,0.273443,0.896915,0.212414,0.035964,0.618652,16.445368,412.250,0,0.000000,0.000000,0.000000,0.000000
tracking_cdrone3_20260822_194912_520_milestone4,milestone4,1787453353.040144682,target_map,1,1,0,detected,4.426702,3.196912,0.274167,1.477878,0.339496,0.029796,0.614893,16.445368,412.250,0,0.024309,0.000000,0.158508,0.356077
tracking_cdrone3_20260822_194912_520_milestone4,milestone4,1787453353.140237808,target_map,1,1,0,detected,4.574626,3.230893,0.277150,1.477878,0.339496,0.029796,0.599412,16.445368,412.250,0,0.124402,0.000000,0.193541,0.381100
tracking_cdrone3_20260822_194912_520_milestone4,milestone4,1787453353.187193394,raw,1,1,0,detected,4.684072,3.261230,0.283740,1.676780,0.414890,0.058870,0.653809,16.747604,454.500,0,0.000000,0.000000,0.000000,0.000000
tracking_cdrone3_20260822_194912_520_milestone4,milestone4,1787453353.240198135,target_map,1,1,0,detected,4.763593,3.280316,0.286034,1.587274,0.380963,0.045787,0.645620,16.747604,454.500,0,0.050099,0.000000,0.167535,0.362525
tracking_cdrone3_20260822_194912_520_milestone4,milestone4,1787453353.340295076,target_map,1,1,0,detected,4.922477,3.318450,0.290617,1.587274,0.380963,0.045787,0.629259,16.747604,454.500,0,0.150198,0.000000,0.202569,0.387549
tracking_cdrone3_20260822_194912_520_milestone4,milestone4,1787453353.440303564,target_map,1,1,2,predicted,5.081206,3.356547,0.295196,1.587274,0.380963,0.045787,0.612913,16.747604,454.500,0,0.250199,0.250199,0.237570,0.412550
tracking_cdrone3_20260822_194912_520_milestone4,milestone4,1787453353.442571878,raw,1,1,0,detected,3.950058,3.097067,0.266542,-2.874267,-0.642835,-0.067347,0.672363,15.995337,450.000,1,0.000000,0.000000,0.000000,0.000000
tracking_cdrone3_20260822_194912_520_milestone4,milestone4,1787453353.540020227,target_map,1,1,0,detected,3.870067,3.080255,0.265025,-0.866573,-0.182126,-0.016437,0.656847,15.995337,450.000,1,0.092307,0.000000,0.182307,0.373077
tracking_cdrone3_20260822_194912_520_milestone4,milestone4,1787453353.640070915,target_map,1,1,0,detected,3.783374,3.062035,0.263380,-0.866573,-0.182126,-0.016437,0.640031,15.995337,450.000,1,0.192348,0.000000,0.217322,0.398087
tracking_cdrone3_20260822_194912_520_milestone4,milestone4,1787453353.678362370,raw,1,1,0,detected,4.174059,3.146127,0.271423,0.949999,0.208066,0.020701,0.623535,16.224651,428.750,0,0.000000,0.000000,0.000000,0.000000
tracking_cdrone3_20260822_194912_520_milestone4,milestone4,1787453353.739966393,target_map,1,1,0,detected,4.181512,3.147954,0.271647,0.132541,0.032480,0.003989,0.614770,16.224651,428.750,0,0.056228,0.000000,0.169680,0.364057
tracking_cdrone3_20260822_194912_520_milestone4,milestone4,1787453353.841612816,target_map,1,1,0,detected,4.194983,3.151254,0.272053,0.132541,0.032480,0.003989,0.598927,16.224651,428.750,0,0.157860,0.000000,0.205251,0.389465
tracking_cdrone3_20260822_194912_520_milestone4,milestone4,1787453353.899951935,raw,1,1,0,detected,4.218204,3.155207,0.272918,0.199226,0.040979,0.006748,0.666016,16.269711,450.000,0,0.000000,0.000000,0.000000,0.000000
tracking_cdrone3_20260822_194912_520_milestone4,milestone4,1787453353.940157890,target_map,1,1,0,detected,4.224642,3.156621,0.273128,0.169218,0.037155,0.005507,0.659682,16.269711,450.000,0,0.038040,0.000000,0.163314,0.359510
tracking_cdrone3_20260822_194912_520_milestone4,milestone4,1787453354.040311337,target_map,1,1,0,detected,4.241591,3.160342,0.273679,0.169218,0.037155,0.005507,0.643004,16.269711,450.000,0,0.138203,0.000000,0.198371,0.384551
tracking_cdrone3_20260822_194912_520_milestone4,milestone4,1787453354.094929695,raw,1,1,0,detected,4.558637,3.239554,0.266205,1.745914,0.432575,-0.034431,0.622559,16.620308,441.875,0,0.000000,0.000000,0.000000,0.000000
tracking_cdrone3_20260822_194912_520_milestone4,milestone4,1787453354.139930248,target_map,1,1,0,detected,4.602139,3.250242,0.265514,1.036401,0.254636,-0.016459,0.616026,16.620308,441.875,0,0.041974,0.000000,0.164691,0.360494
tracking_cdrone3_20260822_194912_520_milestone4,milestone4,1787453354.239939451,target_map,1,1,0,detected,4.705788,3.275708,0.263868,1.036401,0.254636,-0.016459,0.600460,16.620308,441.875,0,0.141983,0.000000,0.199694,0.385496
tracking_cdrone3_20260822_194912_520_milestone4,milestone4,1787453354.340324640,target_map,1,1,0,detected,4.809818,3.301268,0.262216,1.036401,0.254636,-0.016459,0.584838,16.620308,441.875,0,0.242359,0.000000,0.234826,0.410590
tracking_cdrone3_20260822_194912_520_milestone4,milestone4,1787453354.340780497,raw,1,1,0,detected,4.637136,3.248158,0.273234,0.318150,0.034867,0.028490,0.628418,16.698805,446.250,0,0.000000,0.000000,0.000000,0.000000
tracking_cdrone3_20260822_194912_520_milestone4,milestone4,1787453354.440255880,target_map,1,1,0,detected,4.696964,3.260635,0.274005,0.641363,0.133763,0.008263,0.613763,16.698805,446.250,0,0.093282,0.000000,0.182649,0.373320
tracking_cdrone3_20260822_194912_520_milestone4,milestone4,1787453354.540219069,target_map,1,1,0,detected,4.761079,3.274007,0.274831,0.641363,0.133763,0.008263,0.598058,16.698805,446.250,0,0.193249,0.000000,0.217637,0.398312
tracking_cdrone3_20260822_194912_520_milestone4,milestone4,1787453354.603752375,raw,1,1,0,detected,4.144944,3.133597,0.269200,-1.877459,-0.436989,-0.015390,0.635254,16.193436,490.500,1,0.000000,0.000000,0.000000,0.000000
tracking_cdrone3_20260822_194912_520_milestone4,milestone4,1787453354.642782927,target_map,1,1,0,detected,4.118117,3.127101,0.269029,-0.743989,-0.180151,-0.004746,0.629527,16.193436,490.500,1,0.036058,0.000000,0.162620,0.359014
tracking_cdrone3_20260822_194912_520_milestone4,milestone4,1787453354.740320444,target_map,1,1,0,detected,4.045567,3.109534,0.268566,-0.743989,-0.180151,-0.004746,0.614041,16.193436,490.500,1,0.133574,0.000000,0.196751,0.383393
tracking_cdrone3_20260822_194912_520_milestone4,milestone4,1787453354.839976311,target_map,1,1,0,detected,3.971401,3.091575,0.268093,-0.743989,-0.180151,-0.004746,0.598209,16.193436,490.500,1,0.233259,0.000000,0.231641,0.408315
tracking_cdrone3_20260822_194912_520_milestone4,milestone4,1787453354.866017342,raw,1,1,0,detected,4.349918,3.177879,0.277543,0.781784,0.168896,0.031821,0.584961,16.403194,403.750,0,0.000000,0.000000,0.000000,0.000000
tracking_cdrone3_20260822_194912_520_milestone4,milestone4,1787453354.940277100,target_map,1,1,0,detected,4.356411,3.178686,0.278591,0.095186,0.011825,0.015366,0.574987,16.403194,403.750,0,0.068205,0.000000,0.173872,0.367051
tracking_cdrone3_20260822_194912_520_milestone4,milestone4,1787453355.040379524,target_map,1,1,0,detected,4.365940,3.179870,0.280129,0.095186,0.011825,0.015366,0.560346,16.403194,403.750,0,0.168319,0.000000,0.208911,0.392080
tracking_cdrone3_20260822_194912_520_milestone4,milestone4,1787453355.098361015,raw,1,1,0,detected,4.475351,3.205215,0.279903,0.539774,0.117633,0.010158,0.602051,16.531582,400.125,0,0.000000,0.000000,0.000000,0.000000
tracking_cdrone3_20260822_194912_520_milestone4,milestone4,1787453355.140237808,target_map,1,1,0,detected,4.488432,3.207911,0.280385,0.339710,0.070020,0.012502,0.596255,16.531582,400.125,0,0.038505,0.000000,0.163477,0.359626
tracking_cdrone3_20260822_194912_520_milestone4,milestone4,1787453355.239901781,target_map,1,1,0,detected,4.522291,3.214890,0.281631,0.339710,0.070020,0.012502,0.581254,16.531582,400.125,0,0.138175,0.000000,0.198361,0.384544
tracking_cdrone3_20260822_194912_520_milestone4,milestone4,1787453355.340546846,target_map,1,1,0,detected,4.556463,3.221933,0.282888,0.339710,0.070020,0.012502,0.566113,16.531582,400.125,0,0.238769,0.000000,0.233569,0.409692
tracking_cdrone3_20260822_194912_520_milestone4,milestone4,1787453355.349400520,raw,1,1,0,detected,4.466666,3.205353,0.273683,-0.034601,0.000550,-0.024783,0.604980,16.523077,428.750,0,0.000000,0.000000,0.000000,0.000000
tracking_cdrone3_20260822_194912_520_milestone4,milestone4,1787453355.440265417,target_map,1,1,0,detected,4.478406,3.208143,0.272980,0.133839,0.031811,-0.008005,0.591714,16.523077,428.750,0,0.087716,0.000000,0.180700,0.371929
tracking_cdrone3_20260822_194912_520_milestone4,milestone4,1787453355.540273428,target_map,1,1,0,detected,4.491791,3.211325,0.272180,0.133839,0.031811,-0.008005,0.576588,16.523077,428.750,0,0.187723,0.000000,0.215703,0.396931
tracking_cdrone3_20260822_194912_520_milestone4,milestone4,1787453355.616125822,raw,1,1,0,detected,4.570306,3.228483,0.281996,0.388565,0.086718,0.031170,0.599121,16.629349,416.500,0,0.000000,0.000000,0.000000,0.000000
tracking_cdrone3_20260822_194912_520_milestone4,milestone4,1787453355.639996529,target_map,1,1,0,detected,4.576105,3.229795,0.282283,0.273938,0.062010,0.013541,0.595950,16.629349,416.500,0,0.021169,0.000000,0.157409,0.355292
tracking_cdrone3_20260822_194912_520_milestone4,milestone4,1787453355.740311384,target_map,1,1,0,detected,4.603581,3.236015,0.283641,0.273938,0.062010,0.013541,0.580927,16.629349,416.500,0,0.121470,0.000000,0.192515,0.380368
tracking_cdrone3_20260822_194912_520_milestone4,milestone4,1787453355.833304405,raw,1,1,0,detected,4.435921,3.200220,0.272569,-0.618800,-0.130143,-0.043411,0.596191,16.491949,441.000,1,0.000000,0.000000,0.000000,0.000000
tracking_cdrone3_20260822_194912_520_milestone4,milestone4,1787453355.840143919,target_map,1,1,0,detected,4.435408,3.200116,0.272527,-0.217068,-0.043674,-0.017783,0.595840,16.491949,441.000,1,0.002361,0.000000,0.150826,0.350590
tracking_cdrone3_20260822_194912_520_milestone4,milestone4,1787453355.940227270,target_map,1,1,0,detected,4.413679,3.195745,0.270747,-0.217068,-0.043674,-0.017783,0.580919,16.491949,441.000,1,0.102464,0.000000,0.185862,0.375616
tracking_cdrone3_20260822_194912_520_milestone4,milestone4,1787453356.039970875,target_map,1,1,0,detected,4.392027,3.191388,0.268973,-0.217068,-0.043674,-0.017783,0.566052,16.491949,441.000,1,0.202212,0.000000,0.220774,0.400553
tracking_cdrone3_20260822_194912_520_milestone4,milestone4,1787453356.072529316,raw,1,1,0,detected,3.350846,2.942402,0.253434,-4.535708,-1.077701,-0.079984,0.616211,15.376534,403.750,1,0.000000,0.000000,0.000000,0.000000
tracking_cdrone3_20260822_194912_520_milestone4,milestone4,1787453356.140186071,target_map,1,1,0,detected,3.182159,2.902553,0.250051,-2.592320,-0.612389,-0.051993,0.606186,15.376534,403.750,1,0.065072,0.000000,0.172775,0.366268
tracking_cdrone3_20260822_194912_520_milestone4,milestone4,1787453356.240046263,target_map,1,1,0,detected,2.923259,2.841392,0.244858,-2.592320,-0.612389,-0.051993,0.590801,15.376534,403.750,1,0.164944,0.000000,0.207730,0.391236
tracking_cdrone3_20260822_194912_520_milestone4,milestone4,1787453356.340129614,raw,1,1,0,detected,2.901719,2.841540,0.252346,-1.678386,-0.376919,-0.004066,0.612305,14.916229,416.500,1,0.000000,0.000000,0.000000,0.000000
tracking_cdrone3_20260822_194912_520_milestone4,milestone4,1787453356.340262413,target_map,1,1,2,predicted,2.663478,2.780024,0.239648,-2.592320,-0.612389,-0.051993,0.575363,15.376534,403.750,1,0.265156,0.265156,0.242804,0.416289
tracking_cdrone3_20260822_194912_520_milestone4,milestone4,1787453356.440056086,target_map,1,1,0,detected,2.700858,2.795125,0.249882,-2.089657,-0.482880,-0.025633,0.597591,14.916229,416.500,1,0.096121,0.000000,0.183642,0.374030
tracking_cdrone3_20260822_194912_520_milestone4,milestone4,1787453356.540009737,target_map,1,1,0,detected,2.491935,2.746847,0.247319,-2.089657,-0.482880,-0.025633,0.582286,14.916229,416.500,1,0.196101,0.000000,0.218635,0.399025
tracking_cdrone3_20260822_194912_520_milestone4,milestone4,1787453356.564028025,raw,1,1,0,detected,4.659242,3.249847,0.278126,7.849394,1.823566,0.115138,0.613770,16.720789,441.875,0,0.000000,0.000000,0.000000,0.000000
tracking_cdrone3_20260822_194912_520_milestone4,milestone4,1787453356.640320539,target_map,1,1,0,detected,4.898800,3.305584,0.281802,3.345078,0.778291,0.051325,0.602781,16.720789,441.875,0,0.071615,0.000000,0.175065,0.367904
tracking_cdrone3_20260822_194912_520_milestone4,milestone4,1787453356.740898132,target_map,1,1,0,detected,5.234921,3.383789,0.286959,3.345078,0.778291,0.051325,0.587362,16.720789,441.875,0,0.172097,0.000000,0.210234,0.393024
tracking_cdrone3_20260822_194912_520_milestone4,milestone4,1787453356.781757355,raw,1,1,0,detected,4.113516,3.123417,0.267886,-2.506502,-0.580687,-0.047034,0.604004,16.160500,428.750,1,0.000000,0.000000,0.000000,0.000000
tracking_cdrone3_20260822_194912_520_milestone4,milestone4,1787453356.840336561,target_map,1,1,0,detected,4.120107,3.125022,0.267742,0.126709,0.030853,-0.002772,0.596150,16.160500,428.750,1,0.052010,0.000000,0.168204,0.363003
tracking_cdrone3_20260822_194912_520_milestone4,milestone4,1787453356.940179110,target_map,1,1,0,detected,4.132759,3.128103,0.267465,0.126709,0.030853,-0.002772,0.581073,16.160500,428.750,1,0.151862,0.000000,0.203152,0.387965
tracking_cdrone3_20260822_194912_520_milestone4,milestone4,1787453357.025182962,raw,1,1,0,detected,4.612194,3.233840,0.282298,2.048522,0.453607,0.059203,0.618652,16.671360,433.125,0,0.000000,0.000000,0.000000,0.000000
tracking_cdrone3_20260822_194912_520_milestone4,milestone4,1787453357.040053844,target_map,1,1,0,detected,4.623991,3.236465,0.282610,1.183706,0.263368,0.031314,0.617111,16.671360,433.125,0,0.009966,0.000000,0.153488,0.352492
tracking_cdrone3_20260822_194912_520_milestone4,milestone4,1787453357.139947653,target_map,1,1,0,detected,4.742239,3.262775,0.285738,1.183706,0.263368,0.031314,0.601661,16.671360,433.125,0,0.109863,0.000000,0.188452,0.377466
tracking_cdrone3_20260822_194912_520_milestone4,milestone4,1787453357.240135193,target_map,1,1,0,detected,4.860796,3.289153,0.288874,1.183706,0.263368,0.031314,0.586170,16.671360,433.125,0,0.210020,0.000000,0.223507,0.402505
tracking_cdrone3_20260822_194912_520_milestone4,milestone4,1787453357.291078806,raw,1,1,0,detected,4.834319,3.278171,0.274711,0.835407,0.166727,-0.028534,0.612305,16.897654,408.000,0,0.000000,0.000000,0.000000,0.000000
tracking_cdrone3_20260822_194912_520_milestone4,milestone4,1787453357.340856314,target_map,1,1,0,detected,4.879534,3.287751,0.274638,0.992141,0.210215,-0.001603,0.605329,16.897654,408.000,0,0.045573,0.000000,0.165951,0.361393
tracking_cdrone3_20260822_194912_520_milestone4,milestone4,1787453357.440248013,target_map,1,1,0,detected,4.978134,3.308643,0.274478,0.992141,0.210215,-0.001603,0.590116,16.897654,408.000,0,0.144954,0.000000,0.200734,0.386239
tracking_cdrone3_20260822_194912_520_milestone4,milestone4,1787453357.517000437,raw,1,1,0,detected,4.833518,3.276974,0.281453,-0.003549,-0.005299,0.029845,0.655762,16.896685,468.000,0,0.000000,0.000000,0.000000,0.000000
tracking_cdrone3_20260822_194912_520_milestone4,milestone4,1787453357.540158749,target_map,1,1,0,detected,4.842322,3.278790,0.281764,0.444512,0.091683,0.015693,0.652515,16.896685,468.000,0,0.019807,0.000000,0.156933,0.354952
tracking_cdrone3_20260822_194912_520_milestone4,milestone4,1787453357.639984608,target_map,1,1,0,detected,4.886698,3.287943,0.283331,0.444512,0.091683,0.015693,0.636148,16.896685,468.000,0,0.119637,0.000000,0.191873,0.379909
tracking_cdrone3_20260822_194912_520_milestone4,milestone4,1787453357.730949640,raw,1,1,0,detected,4.887836,3.305817,0.272682,0.253890,0.134815,-0.040999,0.624512,16.956005,472.500,0,0.000000,0.000000,0.000000,0.000000
tracking_cdrone3_20260822_194912_520_milestone4,milestone4,1787453357.740393162,target_map,1,1,0,detected,4.888297,3.305974,0.272661,0.339670,0.115405,-0.015488,0.624300,16.956005,472.500,0,0.001357,0.000000,0.150475,0.350339
tracking_cdrone3_20260822_194912_520_milestone4,milestone4,1787453357.840219975,target_map,1,1,0,detected,4.922197,3.317492,0.271115,0.339670,0.115405,-0.015488,0.608718,16.956005,472.500,0,0.101161,0.000000,0.185406,0.375290
tracking_cdrone3_20260822_194912_520_milestone4,milestone4,1787453357.940280437,target_map,1,1,0,detected,4.956183,3.329039,0.269566,0.339670,0.115405,-0.015488,0.593096,16.956005,472.500,0,0.201218,0.000000,0.220426,0.400304
tracking_cdrone3_20260822_194912_520_milestone4,milestone4,1787453357.957623720,raw,1,1,0,detected,4.523684,3.215497,0.281973,-1.606568,-0.398476,0.040992,0.618652,16.581009,416.500,1,0.000000,0.000000,0.000000,0.000000
tracking_cdrone3_20260822_194912_520_milestone4,milestone4,1787453358.039994001,target_map,1,1,0,detected,4.467292,3.202592,0.283175,-0.730761,-0.167230,0.015576,0.606717,16.581009,416.500,1,0.077168,0.000000,0.177009,0.369292
tracking_cdrone3_20260822_194912_520_milestone4,milestone4,1787453358.140471458,target_map,1,1,0,detected,4.393873,3.185790,0.284740,-0.730761,-0.167230,0.015576,0.591178,16.581009,416.500,1,0.177638,0.000000,0.212173,0.394410
tracking_cdrone3_20260822_194912_520_milestone4,milestone4,1787453358.199648857,raw,1,1,0,detected,4.893073,3.301922,0.271187,1.526206,0.357083,-0.044564,0.630371,16.960178,468.000,0,0.000000,0.000000,0.000000,0.000000
tracking_cdrone3_20260822_194912_520_milestone4,milestone4,1787453358.240679026,target_map,1,1,0,detected,4.911930,3.306396,0.270541,0.510571,0.121142,-0.017501,0.624551,16.960178,468.000,0,0.036933,0.000000,0.162927,0.359233
tracking_cdrone3_20260822_194912_520_milestone4,milestone4,1787453358.340230465,target_map,1,1,0,detected,4.962753,3.318455,0.268799,0.510571,0.121142,-0.017501,0.608864,16.960178,468.000,0,0.136475,0.000000,0.197766,0.384119
tracking_cdrone3_20260822_194912_520_milestone4,milestone4,1787453358.422032833,raw,1,1,0,detected,4.352236,3.187560,0.279597,-2.431942,-0.514243,0.037813,0.580566,16.407684,391.875,1,0.000000,0.000000,0.000000,0.000000
tracking_cdrone3_20260822_194912_520_milestone4,milestone4,1787453358.440015554,target_map,1,1,0,detected,4.342758,3.185606,0.279707,-1.107811,-0.228320,0.012922,0.579325,16.407684,391.875,1,0.008556,0.000000,0.152995,0.352139
tracking_cdrone3_20260822_194912_520_milestone4,milestone4,1787453358.540171385,target_map,1,1,0,detected,4.231798,3.162737,0.281002,-1.107811,-0.228320,0.012922,0.564787,16.407684,391.875,1,0.108718,0.000000,0.188051,0.377179
tracking_cdrone3_20260822_194912_520_milestone4,milestone4,1787453358.640260458,target_map,1,1,0,detected,4.120935,3.139889,0.282295,-1.107811,-0.228320,0.012922,0.550262,16.407684,391.875,1,0.208791,0.000000,0.223077,0.402198
tracking_cdrone3_20260822_194912_520_milestone4,milestone4,1787453358.641247749,raw,1,1,0,detected,4.484372,3.213758,0.273114,0.602773,0.119509,-0.029573,0.635254,16.542229,425.000,0,0.000000,0.000000,0.000000,0.000000
tracking_cdrone3_20260822_194912_520_milestone4,milestone4,1787453358.740283966,target_map,1,1,0,detected,4.468645,3.210272,0.272130,-0.166990,-0.037014,-0.010450,0.620296,16.542229,425.000,0,0.094183,0.000000,0.182964,0.373546
tracking_cdrone3_20260822_194912_520_milestone4,milestone4,1787453358.840111017,target_map,1,1,0,detected,4.451980,3.206578,0.271087,-0.166990,-0.037014,-0.010450,0.604447,16.542229,425.000,0,0.193979,0.000000,0.217893,0.398495
tracking_cdrone3_20260822_194912_520_milestone4,milestone4,1787453358.883445263,raw,1,1,0,detected,4.333578,3.173596,0.263100,-0.622595,-0.165819,-0.041345,0.613770,16.386131,403.750,1,0.000000,0.000000,0.000000,0.000000
tracking_cdrone3_20260822_194912_520_milestone4,milestone4,1787453358.940145969,target_map,1,1,0,detected,4.311136,3.167799,0.261625,-0.417573,-0.107857,-0.027443,0.605523,16.386131,403.750,1,0.053743,0.000000,0.168810,0.363436
tracking_cdrone3_20260822_194912_520_milestone4,milestone4,1787453359.039953232,target_map,1,1,0,detected,4.269457,3.157034,0.258886,-0.417573,-0.107857,-0.027443,0.590208,16.386131,403.750,1,0.153556,0.000000,0.203745,0.388389
tracking_cdrone3_20260822_194912_520_milestone4,milestone4,1787453359.140288115,target_map,1,1,2,predicted,4.227565,3.146214,0.256133,-0.417573,-0.107857,-0.027443,0.574814,16.386131,403.750,1,0.253878,0.253878,0.238857,0.413470
tracking_cdrone3_20260822_194912_520_milestone4,milestone4,1787453359.141873121,raw,1,1,0,detected,4.772961,3.278608,0.271570,1.700255,0.406358,0.032776,0.636230,16.837925,428.750,0,0.000000,0.000000,0.000000,0.000000
tracking_cdrone3_20260822_194912_520_milestone4,milestone4,1787453359.239960194,target_map,1,1,0,detected,4.844383,3.295331,0.272113,0.747232,0.174961,0.005677,0.621027,16.837925,428.750,0,0.095582,0.000000,0.183454,0.373896
tracking_cdrone3_20260822_194912_520_milestone4,milestone4,1787453359.340475321,target_map,1,1,0,detected,4.919477,3.312914,0.272683,0.747232,0.174961,0.005677,0.605043,16.837925,428.750,0,0.196079,0.000000,0.218628,0.399020
tracking_cdrone3_20260822_194912_520_milestone4,milestone4,1787453359.357334137,raw,1,1,0,detected,4.786001,3.294357,0.276870,0.060520,0.073092,0.024599,0.623535,16.854317,428.750,0,0.000000,0.000000,0.000000,0.000000
tracking_cdrone3_20260822_194912_520_milestone4,milestone4,1787453359.440333366,target_map,1,1,0,detected,4.812772,3.302973,0.278036,0.369541,0.118933,0.016084,0.612242,16.854317,428.750,0,0.072444,0.000000,0.175356,0.368111
tracking_cdrone3_20260822_194912_520_milestone4,milestone4,1787453359.540308475,target_map,1,1,0,detected,4.849716,3.314863,0.279644,0.369541,0.118933,0.016084,0.596658,16.854317,428.750,0,0.172418,0.000000,0.210346,0.393105
tracking_cdrone3_20260822_194912_520_milestone4,milestone4,1787453359.624114513,raw,1,1,0,detected,4.856913,3.297549,0.281124,0.265817,0.011965,0.015943,0.610352,16.924124,450.625,0,0.000000,0.000000,0.000000,0.000000
tracking_cdrone3_20260822_194912_520_milestone4,milestone4,1787453359.640816450,target_map,1,1,0,detected,4.860935,3.298322,0.281330,0.312493,0.060101,0.016007,0.608388,16.924124,450.625,0,0.012871,0.000000,0.154505,0.353218
tracking_cdrone3_20260822_194912_520_milestone4,milestone4,1787453359.739978075,target_map,1,1,0,detected,4.891923,3.304282,0.282917,0.312493,0.060101,0.016007,0.593256,16.924124,450.625,0,0.112037,0.000000,0.189213,0.378009
tracking_cdrone3_20260822_194912_520_milestone4,milestone4,1787453359.840126276,target_map,1,1,0,detected,4.923219,3.310301,0.284520,0.312493,0.060101,0.016007,0.577975,16.924124,450.625,0,0.212185,0.000000,0.224265,0.403046
tracking_cdrone3_20260822_194912_520_milestone4,milestone4,1787453359.856181860,raw,1,1,0,detected,4.840652,3.290107,0.261710,-0.070069,-0.032068,-0.083657,0.657227,16.906345,472.500,1,0.000000,0.000000,0.000000,0.000000
tracking_cdrone3_20260822_194912_520_milestone4,milestone4,1787453359.940196276,target_map,1,1,0,detected,4.848906,3.290867,0.258572,0.102083,0.009408,-0.038808,0.643941,16.906345,472.500,1,0.080856,0.000000,0.178299,0.370214
tracking_cdrone3_20260822_194912_520_milestone4,milestone4,1787453360.039957762,target_map,1,1,0,detected,4.859090,3.291806,0.254700,0.102083,0.009408,-0.038808,0.627549,16.906345,472.500,1,0.180621,0.000000,0.213217,0.395155
tracking_cdrone3_20260822_194912_520_milestone4,milestone4,1787453360.087301493,raw,1,1,0,detected,4.748680,3.271243,0.278896,-0.397893,-0.081607,0.074354,0.630371,16.812691,459.000,1,0.000000,0.000000,0.000000,0.000000
tracking_cdrone3_20260822_194912_520_milestone4,milestone4,1787453360.140431166,target_map,1,1,0,detected,4.740331,3.269280,0.280028,-0.172904,-0.040650,0.023431,0.622761,16.812691,459.000,1,0.048287,0.000000,0.166901,0.362072
tracking_cdrone3_20260822_194912_520_milestone4,milestone4,1787453360.240043879,target_map,1,1,0,detected,4.723107,3.265231,0.282362,-0.172904,-0.040650,0.023431,0.607063,16.812691,459.000,1,0.147898,0.000000,0.201764,0.386975
tracking_cdrone3_20260822_194912_520_milestone4,milestone4,1787453360.329270363,raw,1,1,0,detected,4.180149,3.132790,0.279823,-2.349844,-0.572254,0.003828,0.633789,16.227657,433.125,1,0.000000,0.000000,0.000000,0.000000
tracking_cdrone3_20260822_194912_520_milestone4,milestone4,1787453360.340382099,target_map,1,1,0,detected,4.169199,3.130128,0.279924,-1.370221,-0.333033,0.012649,0.632523,16.227657,433.125,1,0.007991,0.000000,0.152797,0.351998
tracking_cdrone3_20260822_194912_520_milestone4,milestone4,1787453360.440016031,target_map,1,1,0,detected,4.032681,3.096947,0.281184,-1.370221,-0.333033,0.012649,0.616736,16.227657,433.125,1,0.107623,0.000000,0.187668,0.376906
tracking_cdrone3_20260822_194912_520_milestone4,milestone4,1787453360.540559053,target_map,1,1,0,detected,3.894935,3.063468,0.282456,-1.370221,-0.333033,0.012649,0.600808,16.227657,433.125,1,0.208152,0.000000,0.222853,0.402038
tracking_cdrone3_20260822_194912_520_milestone4,milestone4,1787453360.546804905,raw,1,1,0,detected,4.836225,3.300468,0.286565,3.015182,0.770611,0.030989,0.630371,16.904722,455.000,0,0.000000,0.000000,0.000000,0.000000
tracking_cdrone3_20260822_194912_520_milestone4,milestone4,1787453360.639945030,target_map,1,1,0,detected,4.929348,3.324958,0.288598,1.041751,0.273971,0.022736,0.616284,16.904722,455.000,0,0.089391,0.000000,0.181287,0.372348
tracking_cdrone3_20260822_194912_520_milestone4,milestone4,1787453360.740192890,target_map,1,1,0,detected,5.033762,3.352418,0.290877,1.041751,0.273971,0.022736,0.600488,16.904722,455.000,0,0.189621,0.000000,0.216367,0.397405
tracking_cdrone3_20260822_194912_520_milestone4,milestone4,1787453360.766646862,raw,1,1,0,detected,4.207094,3.144401,0.264903,-2.862431,-0.710076,-0.098560,0.628906,16.256344,446.250,1,0.000000,0.000000,0.000000,0.000000
tracking_cdrone3_20260822_194912_520_milestone4,milestone4,1787453360.840598583,target_map,1,1,0,detected,4.128581,3.125421,0.261780,-1.105549,-0.267255,-0.043977,0.617740,16.256344,446.250,1,0.071017,0.000000,0.174856,0.367754
tracking_cdrone3_20260822_194912_520_milestone4,milestone4,1787453360.940055370,target_map,1,1,0,detected,4.018634,3.098842,0.257406,-1.105549,-0.267255,-0.043977,0.602104,16.256344,446.250,1,0.170467,0.000000,0.209663,0.392617
tracking_cdrone3_20260822_194912_520_milestone4,milestone4,1787453360.997657299,raw,1,1,0,detected,4.921021,3.313801,0.277729,3.090463,0.733305,0.055520,0.636719,16.990173,446.250,0,0.000000,0.000000,0.000000,0.000000
tracking_cdrone3_20260822_194912_520_milestone4,milestone4,1787453361.040031672,target_map,1,1,0,detected,4.968592,3.325001,0.278154,1.202258,0.283053,0.010747,0.630420,16.990173,446.250,0,0.039568,0.000000,0.163849,0.359892
tracking_cdrone3_20260822_194912_520_milestone4,milestone4,1787453361.139969110,target_map,1,1,0,detected,5.088740,3.353288,0.279228,1.202258,0.283053,0.010747,0.614513,16.990173,446.250,0,0.139503,0.000000,0.198826,0.384876
tracking_cdrone3_20260822_194912_520_milestone4,milestone4,1787453361.240137339,target_map,1,1,0,detected,5.209157,3.381638,0.280304,1.202258,0.283053,0.010747,0.598569,16.990173,446.250,0,0.239662,0.000000,0.233882,0.409915
tracking_cdrone3_20260822_194912_520_milestone4,milestone4,1787453361.241194010,raw,1,1,0,detected,4.553341,3.231614,0.274172,-1.509521,-0.337424,-0.014604,0.603027,16.613434,437.750,1,0.000000,0.000000,0.000000,0.000000
tracking_cdrone3_20260822_194912_520_milestone4,milestone4,1787453361.340319633,target_map,1,1,0,detected,4.525706,3.226052,0.273866,-0.289221,-0.058209,-0.003196,0.588622,16.613434,437.750,1,0.095551,0.000000,0.183443,0.373888
tracking_cdrone3_20260822_194912_520_milestone4,milestone4,1787453361.439959764,target_map,1,1,0,detected,4.496886,3.220251,0.273548,-0.289221,-0.058209,-0.003196,0.573600,16.613434,437.750,1,0.195199,0.000000,0.218320,0.398800
tracking_cdrone3_20260822_194912_520_milestone4,milestone4,1787453361.487932444,raw,1,1,0,detected,4.542220,3.216380,0.274791,-0.045081,-0.061749,0.002509,0.608887,16.599150,437.500,1,0.000000,0.000000,0.000000,0.000000
tracking_cdrone3_20260822_194912_520_milestone4,milestone4,1787453361.540252686,target_map,1,1,0,detected,4.534687,3.213455,0.274788,-0.154944,-0.060156,-0.000058,0.601486,16.599150,437.500,1,0.048620,0.000000,0.167017,0.362155
tracking_cdrone3_20260822_194912_520_milestone4,milestone4,1787453361.640356779,target_map,1,1,0,detected,4.519177,3.207434,0.274782,-0.154944,-0.060156,-0.000058,0.586249,16.599150,437.500,1,0.148717,0.000000,0.202051,0.387179
tracking_cdrone3_20260822_194912_520_milestone4,milestone4,1787453361.699440479,raw,1,1,0,detected,4.381896,3.169065,0.276935,-0.757879,-0.223666,0.010139,0.643066,16.432348,450.625,1,0.000000,0.000000,0.000000,0.000000
tracking_cdrone3_20260822_194912_520_milestone4,milestone4,1787453361.740237713,target_map,1,1,0,detected,4.364059,3.163563,0.277139,-0.486558,-0.150087,0.005550,0.637173,16.432348,450.625,1,0.036658,0.000000,0.162830,0.359164
tracking_cdrone3_20260822_194912_520_milestone4,milestone4,1787453361.839966059,target_map,1,1,0,detected,4.315535,3.148595,0.277692,-0.486558,-0.150087,0.005550,0.621140,16.432348,450.625,1,0.136388,0.000000,0.197736,0.384097
tracking_cdrone3_20260822_194912_520_milestone4,milestone4,1787453361.940284729,target_map,1,1,0,detected,4.266727,3.133540,0.278249,-0.486558,-0.150087,0.005550,0.605013,16.432348,450.625,1,0.236699,0.000000,0.232845,0.409175
tracking_cdrone3_20260822_194912_520_milestone4,milestone4,1787453361.952122688,raw,1,1,0,detected,4.908782,3.297438,0.280369,2.085490,0.508119,0.013590,0.628906,16.974588,468.000,0,0.000000,0.000000,0.000000,0.000000
tracking_cdrone3_20260822_194912_520_milestone4,milestone4,1787453362.039938450,target_map,1,1,0,detected,4.987775,3.315476,0.281218,0.928069,0.211927,0.009972,0.615524,16.974588,468.000,0,0.085116,0.000000,0.179790,0.371279
tracking_cdrone3_20260822_194912_520_milestone4,milestone4,1787453362.140261889,target_map,1,1,0,detected,5.080849,3.336730,0.282218,0.928069,0.211927,0.009972,0.599756,16.974588,468.000,0,0.185403,0.000000,0.214891,0.396351
tracking_cdrone3_20260822_194912_520_milestone4,milestone4,1787453362.203109980,raw,1,1,0,detected,4.985523,3.319066,0.278742,0.305749,0.086170,-0.006483,0.649902,17.054184,472.500,0,0.000000,0.000000,0.000000,0.000000
tracking_cdrone3_20260822_194912_520_milestone4,milestone4,1787453362.240216017,target_map,1,1,0,detected,5.004379,3.323662,0.278771,0.585793,0.142760,0.000922,0.644672,17.054184,472.500,0,0.032190,0.000000,0.161266,0.358047
tracking_cdrone3_20260822_194912_520_milestone4,milestone4,1787453362.340255976,target_map,1,1,0,detected,5.062945,3.337934,0.278864,0.585793,0.142760,0.000922,0.628429,17.054184,472.500,0,0.132167,0.000000,0.196258,0.383042
tracking_cdrone3_20260822_194912_520_milestone4,milestone4,1787453362.437113762,raw,1,1,0,detected,4.877857,3.304885,0.267622,-0.460111,-0.060606,-0.047520,0.672363,16.945997,518.000,1,0.000000,0.000000,0.000000,0.000000
tracking_cdrone3_20260822_194912_520_milestone4,milestone4,1787453362.440748930,target_map,1,1,0,detected,4.877869,3.304918,0.267594,0.010546,0.030909,-0.025721,0.672181,16.945997,518.000,1,0.001083,0.000000,0.150379,0.350271
tracking_cdrone3_20260822_194912_520_milestone4,milestone4,1787453362.540107727,target_map,1,1,0,detected,4.878916,3.307989,0.265038,0.010546,0.030909,-0.025721,0.655479,16.945997,518.000,1,0.100449,0.000000,0.185157,0.375112
tracking_cdrone3_20260822_194912_520_milestone4,milestone4,1787453362.639948845,target_map,1,1,0,detected,4.879969,3.311075,0.262470,0.010546,0.030909,-0.025721,0.638697,16.945997,518.000,1,0.200288,0.000000,0.220101,0.400072
tracking_cdrone3_20260822_194912_520_milestone4,milestone4,1787453362.673721552,raw,1,1,0,detected,5.224002,3.378799,0.271638,1.462970,0.312396,0.016972,0.650391,17.299957,481.500,0,0.000000,0.000000,0.000000,0.000000
tracking_cdrone3_20260822_194912_520_milestone4,milestone4,1787453362.739986897,target_map,1,1,0,detected,5.274793,3.390454,0.271497,0.809379,0.185727,-0.002240,0.640187,17.299957,481.500,0,0.062753,0.000000,0.171963,0.365688
tracking_cdrone3_20260822_194912_520_milestone4,milestone4,1787453362.840311527,target_map,1,1,0,detected,5.355984,3.409085,0.271272,0.809379,0.185727,-0.002240,0.623876,17.299957,481.500,0,0.163066,0.000000,0.207073,0.390767
tracking_cdrone3_20260822_194912_520_milestone4,milestone4,1787453362.911443472,raw,1,1,0,detected,5.197290,3.366839,0.284725,-0.112362,-0.050307,0.055051,0.657227,17.271349,486.000,1,0.000000,0.000000,0.000000,0.000000
tracking_cdrone3_20260822_194912_520_milestone4,milestone4,1787453362.940233469,target_map,1,1,0,detected,5.204668,3.368203,0.285439,0.302422,0.055908,0.029270,0.653218,17.271349,486.000,1,0.024396,0.000000,0.158539,0.356099
tracking_cdrone3_20260822_194912_520_milestone4,milestone4,1787453363.039927721,target_map,1,1,0,detected,5.234820,3.373777,0.288357,0.302422,0.055908,0.029270,0.636837,17.271349,486.000,1,0.124096,0.000000,0.193434,0.381024
tracking_cdrone3_20260822_194912_520_milestone4,milestone4,1787453363.139944553,target_map,1,1,0,detected,5.265065,3.379369,0.291285,0.302422,0.055908,0.029270,0.620404,17.271349,486.000,1,0.224106,0.000000,0.228437,0.406026
tracking_cdrone3_20260822_194912_520_milestone4,milestone4,1787453363.144805193,raw,1,1,0,detected,5.109239,3.353878,0.278605,-0.377344,-0.055544,-0.026229,0.645020,17.182575,450.625,1,0.000000,0.000000,0.000000,0.000000
tracking_cdrone3_20260822_194912_520_milestone4,milestone4,1787453363.240225792,target_map,1,1,0,detected,5.102623,3.353379,0.278488,-0.071450,-0.005390,-0.001254,0.630088,17.182575,450.625,1,0.092598,0.000000,0.182409,0.373150
tracking_cdrone3_20260822_194912_520_milestone4,milestone4,1787453363.340033054,target_map,1,1,0,detected,5.095492,3.352841,0.278363,-0.071450,-0.005390,-0.001254,0.613994,17.182575,450.625,1,0.192400,0.000000,0.217340,0.398100
tracking_cdrone3_20260822_194912_520_milestone4,milestone4,1787453363.368773699,raw,1,1,0,detected,5.003229,3.323381,0.279104,-0.473276,-0.136152,0.002230,0.662598,17.072462,459.000,1,0.000000,0.000000,0.000000,0.000000
tracking_cdrone3_20260822_194912_520_milestone4,milestone4,1787453363.440141439,target_map,1,1,0,detected,4.983819,3.318250,0.279148,-0.292454,-0.077310,0.000662,0.651603,17.072462,459.000,1,0.066372,0.000000,0.173230,0.366593
tracking_cdrone3_20260822_194912_520_milestone4,milestone4,1787453363.540338993,target_map,1,1,0,detected,4.954520,3.310505,0.279214,-0.292454,-0.077310,0.000662,0.635008,17.072462,459.000,1,0.166553,0.000000,0.208294,0.391638
tracking_cdrone3_20260822_194912_520_milestone4,milestone4,1787453363.576842546,raw,1,1,0,detected,5.003633,3.324933,0.271591,0.001939,0.007457,-0.036112,0.667969,17.073105,433.125,0,0.000000,0.000000,0.000000,0.000000
tracking_cdrone3_20260822_194912_520_milestone4,milestone4,1787453363.639956713,target_map,1,1,0,detected,4.995822,3.323097,0.270420,-0.130538,-0.030688,-0.019564,0.657977,17.073105,433.125,0,0.059834,0.000000,0.170942,0.364958
tracking_cdrone3_20260822_194912_520_milestone4,milestone4,1787453363.740182877,target_map,1,1,0,detected,4.982739,3.320021,0.268459,-0.130538,-0.030688,-0.019564,0.641241,17.073105,433.125,0,0.160052,0.000000,0.206018,0.390013
tracking_cdrone3_20260822_194912_520_milestone4,milestone4,1787453363.810039043,raw,1,1,0,detected,5.003029,3.320878,0.276671,-0.002589,-0.017388,0.021787,0.653809,17.071663,463.500,0,0.000000,0.000000,0.000000,0.000000
tracking_cdrone3_20260822_194912_520_milestone4,milestone4,1787453363.840209007,target_map,1,1,0,detected,5.001381,3.320238,0.276758,-0.060166,-0.023373,0.003179,0.649331,17.071663,463.500,0,0.027393,0.000000,0.159588,0.356848
tracking_cdrone3_20260822_194912_520_milestone4,milestone4,1787453363.940455198,target_map,1,1,0,detected,4.995350,3.317895,0.277077,-0.060166,-0.023373,0.003179,0.632947,17.071663,463.500,0,0.127630,0.000000,0.194671,0.381908
tracking_cdrone3_20260822_194912_520_milestone4,milestone4,1787453364.034325123,raw,1,1,0,detected,4.857438,3.287385,0.284900,-0.649138,-0.149335,0.036689,0.651367,16.922388,459.000,1,0.000000,0.000000,0.000000,0.000000
tracking_cdrone3_20260822_194912_520_milestone4,milestone4,1787453364.041885614,target_map,1,1,0,detected,4.855780,3.286985,0.284993,-0.384100,-0.092652,0.021609,0.650664,16.922388,459.000,1,0.004317,0.000000,0.151511,0.351079
tracking_cdrone3_20260822_194912_520_milestone4,milestone4,1787453364.139990568,target_map,1,1,0,detected,4.818096,3.277895,0.287113,-0.384100,-0.092652,0.021609,0.634688,16.922388,459.000,1,0.102425,0.000000,0.185849,0.375606
tracking_cdrone3_20260822_194912_520_milestone4,milestone4,1787453364.235419035,raw,1,1,0,detected,4.339455,3.181249,0.272377,-2.575810,-0.527792,-0.062272,0.638672,16.393715,428.750,1,0.000000,0.000000,0.000000,0.000000
tracking_cdrone3_20260822_194912_520_milestone4,milestone4,1787453364.240714073,target_map,1,1,0,detected,4.337595,3.180860,0.272348,-1.589541,-0.331979,-0.024525,0.638485,16.393715,428.750,1,0.001170,0.000000,0.150409,0.350292
tracking_cdrone3_20260822_194912_520_milestone4,milestone4,1787453364.339951277,target_map,1,1,0,detected,4.179871,3.147919,0.269915,-1.589541,-0.331979,-0.024525,0.622642,16.393715,428.750,1,0.100396,0.000000,0.185139,0.375099
tracking_cdrone3_20260822_194912_520_milestone4,milestone4,1787453364.438000202,raw,1,1,0,detected,4.684662,3.251834,0.273739,1.704002,0.348423,0.006722,0.629883,16.745922,445.500,0,0.000000,0.000000,0.000000,0.000000
tracking_cdrone3_20260822_194912_520_milestone4,milestone4,1787453364.442142963,target_map,1,1,0,detected,4.017463,3.114000,0.267409,-1.589541,-0.331979,-0.024525,0.606328,16.393715,428.750,1,0.202569,0.000000,0.220899,0.400642
tracking_cdrone3_20260822_194912_520_milestone4,milestone4,1787453364.540844917,target_map,1,1,0,detected,4.705795,3.255857,0.273040,0.221908,0.042242,-0.007339,0.614886,16.745922,445.500,0,0.095232,0.000000,0.183331,0.373808
tracking_cdrone3_20260822_194912_520_milestone4,milestone4,1787453364.640287161,target_map,1,1,0,detected,4.727861,3.260058,0.272310,0.221908,0.042242,-0.007339,0.599227,16.745922,445.500,0,0.194673,0.000000,0.218136,0.398668
tracking_cdrone3_20260822_194912_520_milestone4,milestone4,1787453364.679929733,raw,1,1,0,detected,2.778306,2.809813,0.274774,-7.880109,-1.827141,0.004280,0.571777,14.789230,387.750,1,0.000000,0.000000,0.000000,0.000000
tracking_cdrone3_20260822_194912_520_milestone4,milestone4,1787453364.739910364,target_map,1,1,0,detected,2.538065,2.753871,0.274718,-4.186429,-0.974841,-0.000975,0.563574,14.789230,387.750,1,0.057386,0.000000,0.170085,0.364346
tracking_cdrone3_20260822_194912_520_milestone4,milestone4,1787453364.839982271,target_map,1,1,0,detected,2.119160,2.656325,0.274621,-4.186429,-0.974841,-0.000975,0.549271,14.789230,387.750,1,0.157448,0.000000,0.205107,0.389362
tracking_cdrone3_20260822_194912_520_milestone4,milestone4,1787453364.870872021,raw,1,1,0,detected,4.172771,3.123258,0.270552,7.300872,1.641080,-0.022107,0.598145,16.218254,399.500,0,0.000000,0.000000,0.000000,0.000000
tracking_cdrone3_20260822_194912_520_milestone4,milestone4,1787453364.940324783,target_map,1,1,0,detected,4.314248,3.154049,0.269716,2.131587,0.463916,-0.012598,0.588220,16.218254,399.500,0,0.066372,0.000000,0.173230,0.366593
tracking_cdrone3_20260822_194912_520_milestone4,milestone4,1787453365.040227652,target_map,1,1,0,detected,4.527203,3.200397,0.268457,2.131587,0.463916,-0.012598,0.573280,16.218254,399.500,0,0.166276,0.000000,0.208197,0.391569
tracking_cdrone3_20260822_194912_520_milestone4,milestone4,1787453365.089726448,raw,1,1,0,detected,4.207812,3.150629,0.258869,0.160147,0.125090,-0.053393,0.620605,16.258383,395.250,0,0.000000,0.000000,0.000000,0.000000
tracking_cdrone3_20260822_194912_520_milestone4,milestone4,1787453365.140040159,target_map,1,1,0,detected,4.253902,3.162844,0.257327,1.047295,0.277562,-0.035035,0.613778,16.258383,395.250,0,0.044008,0.000000,0.165403,0.361002
tracking_cdrone3_20260822_194912_520_milestone4,milestone4,1787453365.240236282,target_map,1,1,0,detected,4.358837,3.190655,0.253817,1.047295,0.277562,-0.035035,0.598232,16.258383,395.250,0,0.144204,0.000000,0.200472,0.386051
tracking_cdrone3_20260822_194912_520_milestone4,milestone4,1787453365.291172504,raw,1,1,0,detected,3.754947,3.037188,0.251330,-2.248128,-0.563148,-0.037425,0.583984,15.791573,408.000,1,0.000000,0.000000,0.000000,0.000000
tracking_cdrone3_20260822_194912_520_milestone4,milestone4,1787453365.340437412,target_map,1,1,0,detected,3.719569,3.028643,0.249649,-0.765188,-0.184829,-0.036350,0.577234,15.791573,408.000,1,0.046234,0.000000,0.166182,0.361559
tracking_cdrone3_20260822_194912_520_milestone4,milestone4,1787453365.440555096,target_map,1,1,0,detected,3.642970,3.010140,0.246010,-0.765188,-0.184829,-0.036350,0.562620,15.791573,408.000,1,0.146338,0.000000,0.201218,0.386585
tracking_cdrone3_20260822_194912_520_milestone4,milestone4,1787453365.481457472,raw,1,1,0,detected,4.576745,3.237572,0.259232,4.318599,1.053027,0.041525,0.606445,16.637403,455.000,0,0.000000,0.000000,0.000000,0.000000
tracking_cdrone3_20260822_194912_520_milestone4,milestone4,1787453365.540141582,target_map,1,1,0,detected,4.688412,3.264843,0.259588,2.030895,0.495992,0.006481,0.598109,16.637403,455.000,0,0.054984,0.000000,0.169245,0.363746
tracking_cdrone3_20260822_194912_520_milestone4,milestone4,1787453365.640402794,target_map,1,1,0,detected,4.892040,3.314574,0.260238,2.030895,0.495992,0.006481,0.582908,16.637403,455.000,0,0.155249,0.000000,0.204337,0.388812
tracking_cdrone3_20260822_194912_520_milestone4,milestone4,1787453365.687430143,raw,1,1,0,detected,4.761025,3.256744,0.283724,0.894675,0.093080,0.118910,0.643066,16.821547,468.000,0,0.000000,0.000000,0.000000,0.000000
tracking_cdrone3_20260822_194912_520_milestone4,milestone4,1787453365.739972353,target_map,1,1,0,detected,4.830740,3.270349,0.287112,1.405974,0.274390,0.068317,0.635095,16.821547,468.000,0,0.049584,0.000000,0.167355,0.362396
tracking_cdrone3_20260822_194912_520_milestone4,milestone4,1787453365.840316057,target_map,1,1,0,detected,4.971793,3.297877,0.293966,1.405974,0.274390,0.068317,0.618966,16.821547,468.000,0,0.149909,0.000000,0.202468,0.387477
tracking_cdrone3_20260822_194912_520_milestone4,milestone4,1787453365.889224529,raw,1,1,0,detected,4.742932,3.260766,0.278517,-0.089663,0.019933,-0.025805,0.656250,16.804739,446.250,1,0.000000,0.000000,0.000000,0.000000
tracking_cdrone3_20260822_194912_520_milestone4,milestone4,1787453365.940676451,target_map,1,1,0,detected,4.769873,3.266974,0.279281,0.583374,0.134439,0.016550,0.648673,16.804739,446.250,1,0.046181,0.000000,0.166163,0.361545
tracking_cdrone3_20260822_194912_520_milestone4,milestone4,1787453366.040170193,target_map,1,1,0,detected,4.827911,3.280349,0.280928,0.583374,0.134439,0.016550,0.632351,16.804739,446.250,1,0.145667,0.000000,0.200984,0.386417
tracking_cdrone3_20260822_194912_520_milestone4,milestone4,1787453366.092761993,raw,1,1,0,detected,4.793255,3.283689,0.276414,0.247250,0.112630,-0.010333,0.593750,16.858925,450.625,0,0.000000,0.000000,0.000000,0.000000
tracking_cdrone3_20260822_194912_520_milestone4,milestone4,1787453366.140217781,target_map,1,1,0,detected,4.809457,3.288667,0.276486,0.398506,0.122444,0.001764,0.587715,16.858925,450.625,0,0.040656,0.000000,0.164230,0.360164
tracking_cdrone3_20260822_194912_520_milestone4,milestone4,1787453366.240223885,target_map,1,1,0,detected,4.849306,3.300911,0.276662,0.398506,0.122444,0.001764,0.572872,16.858925,450.625,0,0.140652,0.000000,0.199228,0.385163
tracking_cdrone3_20260822_194912_520_milestone4,milestone4,1787453366.337285757,raw,1,1,0,detected,4.794347,3.280857,0.273423,0.004463,-0.011582,-0.012232,0.642578,16.859303,437.500,0,0.000000,0.000000,0.000000,0.000000
tracking_cdrone3_20260822_194912_520_milestone4,milestone4,1787453366.341361761,target_map,1,1,0,detected,4.794604,3.280926,0.273415,0.181782,0.048729,-0.005933,0.642351,16.859303,437.500,0,0.001414,0.000000,0.150495,0.350353
tracking_cdrone3_20260822_194912_520_milestone4,milestone4,1787453366.439916134,target_map,1,1,0,detected,4.812518,3.285728,0.272830,0.181782,0.048729,-0.005933,0.626520,16.859303,437.500,0,0.099962,0.000000,0.184987,0.374990
tracking_cdrone3_20260822_194912_520_milestone4,milestone4,1787453366.540112972,target_map,1,1,0,detected,4.830730,3.290610,0.272235,0.181782,0.048729,-0.005933,0.610426,16.859303,437.500,0,0.200147,0.000000,0.220051,0.400037
tracking_cdrone3_20260822_194912_520_milestone4,milestone4,1787453366.561778307,raw,1,1,0,detected,4.792065,3.283005,0.276281,-0.010165,0.009569,0.012733,0.631348,16.857607,450.625,0,0.000000,0.000000,0.000000,0.000000
tracking_cdrone3_20260822_194912_520_milestone4,milestone4,1787453366.640305042,target_map,1,1,0,detected,4.797557,3.284965,0.276594,0.076211,0.027191,0.004333,0.619974,16.857607,450.625,0,0.072062,0.000000,0.175222,0.368015
tracking_cdrone3_20260822_194912_520_milestone4,milestone4,1787453366.740131140,target_map,1,1,0,detected,4.805165,3.287679,0.277026,0.076211,0.027191,0.004333,0.604217,16.857607,450.625,0,0.171889,0.000000,0.210161,0.392972
tracking_cdrone3_20260822_194912_520_milestone4,milestone4,1787453366.773513317,raw,1,1,0,detected,4.828562,3.290011,0.277619,0.172368,0.033087,0.006317,0.638672,16.894739,441.875,0,0.000000,0.000000,0.000000,0.000000
tracking_cdrone3_20260822_194912_520_milestone4,milestone4,1787453366.839914799,target_map,1,1,0,detected,4.836582,3.291902,0.277956,0.129097,0.030434,0.005424,0.628753,16.894739,441.875,0,0.062124,0.000000,0.171743,0.365531
tracking_cdrone3_20260822_194912_520_milestone4,milestone4,1787453366.939912081,target_map,1,1,0,detected,4.849492,3.294945,0.278498,0.129097,0.030434,0.005424,0.612786,16.894739,441.875,0,0.162124,0.000000,0.206743,0.390531
tracking_cdrone3_20260822_194912_520_milestone4,milestone4,1787453366.968939781,raw,1,1,0,detected,4.471886,3.219107,0.270356,-1.825142,-0.362823,-0.037163,0.632324,16.531212,433.125,1,0.000000,0.000000,0.000000,0.000000
tracking_cdrone3_20260822_194912_520_milestone4,milestone4,1787453367.039927721,target_map,1,1,0,detected,4.407832,3.206519,0.269137,-0.945734,-0.185857,-0.017999,0.621618,16.531212,433.125,1,0.067729,0.000000,0.173705,0.366932
tracking_cdrone3_20260822_194912_520_milestone4,milestone4,1787453367.140311480,target_map,1,1,0,detected,4.312907,3.187864,0.267331,-0.945734,-0.185857,-0.017999,0.605751,16.531212,433.125,1,0.168101,0.000000,0.208835,0.392025
tracking_cdrone3_20260822_194912_520_milestone4,milestone4,1787453367.209081173,raw,1,1,0,detected,4.701326,3.272639,0.270928,0.955343,0.222894,0.002379,0.615234,16.766840,412.250,0,0.000000,0.000000,0.000000,0.000000
tracking_cdrone3_20260822_194912_520_milestone4,milestone4,1787453367.239914179,target_map,1,1,0,detected,4.703900,3.273643,0.270753,0.099858,0.038956,-0.006791,0.611271,16.766840,412.250,0,0.025771,0.000000,0.159020,0.356443
tracking_cdrone3_20260822_194912_520_milestone4,milestone4,1787453367.340236187,target_map,1,1,0,detected,4.713916,3.277550,0.270072,0.099858,0.038956,-0.006791,0.595844,16.766840,412.250,0,0.126071,0.000000,0.194125,0.381518
tracking_cdrone3_20260822_194912_520_milestone4,milestone4,1787453367.424755335,raw,1,1,0,detected,4.414998,3.193244,0.266883,-1.327640,-0.368133,-0.018754,0.604004,16.469925,408.000,1,0.000000,0.000000,0.000000,0.000000
tracking_cdrone3_20260822_194912_520_milestone4,milestone4,1787453367.440889359,target_map,1,1,0,detected,4.413989,3.192972,0.266863,-0.685266,-0.184943,-0.013371,0.603781,16.469925,408.000,1,0.001473,0.000000,0.150516,0.350368
tracking_cdrone3_20260822_194912_520_milestone4,milestone4,1787453367.540179014,target_map,1,1,0,detected,4.345960,3.174612,0.265536,-0.685266,-0.184943,-0.013371,0.588791,16.469925,408.000,1,0.100746,0.000000,0.185261,0.375187
tracking_cdrone3_20260822_194912_520_milestone4,milestone4,1787453367.624655247,raw,1,1,0,detected,4.483682,3.212277,0.269115,0.343597,0.095211,0.011163,0.628906,16.541149,425.000,0,0.000000,0.000000,0.000000,0.000000
tracking_cdrone3_20260822_194912_520_milestone4,milestone4,1787453367.640377998,target_map,1,1,0,detected,4.482217,3.211898,0.269116,-0.119391,-0.030858,0.000123,0.626978,16.541149,425.000,0,0.012265,0.000000,0.154293,0.353066
tracking_cdrone3_20260822_194912_520_milestone4,milestone4,1787453367.739938259,target_map,1,1,0,detected,4.470330,3.208826,0.269128,-0.119391,-0.030858,0.000123,0.611323,16.541149,425.000,0,0.111835,0.000000,0.189142,0.377959
tracking_cdrone3_20260822_194912_520_milestone4,milestone4,1787453367.840193272,target_map,1,1,0,detected,4.458363,3.205733,0.269141,-0.119391,-0.030858,0.000123,0.595563,16.541149,425.000,0,0.212070,0.000000,0.224225,0.403018
tracking_cdrone3_20260822_194912_520_milestone4,milestone4,1787453367.852446556,raw,1,1,0,detected,4.843335,3.292625,0.267418,1.578511,0.352648,-0.007448,0.628418,16.909613,441.875,0,0.000000,0.000000,0.000000,0.000000
tracking_cdrone3_20260822_194912_520_milestone4,milestone4,1787453367.940335989,target_map,1,1,0,detected,4.906228,3.306530,0.267106,0.814455,0.180070,-0.004041,0.616286,16.909613,441.875,0,0.077221,0.000000,0.177027,0.369305
tracking_cdrone3_20260822_194912_520_milestone4,milestone4,1787453368.040408611,target_map,1,1,0,detected,4.987733,3.324550,0.266701,0.814455,0.180070,-0.004041,0.600564,16.909613,441.875,0,0.177295,0.000000,0.212053,0.394324
tracking_cdrone3_20260822_194912_520_milestone4,milestone4,1787453368.063835621,raw,1,1,0,detected,4.632069,3.238334,0.270426,-0.999722,-0.256908,0.014238,0.577637,16.691601,425.000,1,0.000000,0.000000,0.000000,0.000000
tracking_cdrone3_20260822_194912_520_milestone4,milestone4,1787453368.139925957,target_map,1,1,0,detected,4.618698,3.233939,0.270865,-0.183342,-0.060268,0.006012,0.567105,16.691601,425.000,1,0.072929,0.000000,0.175525,0.368232
tracking_cdrone3_20260822_194912_520_milestone4,milestone4,1787453368.241030693,target_map,1,1,0,detected,4.600163,3.227846,0.271473,-0.183342,-0.060268,0.006012,0.552506,16.691601,425.000,1,0.174027,0.000000,0.210910,0.393507
tracking_cdrone3_20260822_194912_520_milestone4,milestone4,1787453368.286115646,raw,1,1,0,detected,3.815747,3.049101,0.260094,-3.672316,-0.851284,-0.046482,0.638672,15.853569,450.625,1,0.000000,0.000000,0.000000,0.000000
tracking_cdrone3_20260822_194912_520_milestone4,milestone4,1787453368.339878798,target_map,1,1,0,detected,3.710645,3.024338,0.258951,-2.102278,-0.495327,-0.022860,0.630689,15.853569,450.625,1,0.049994,0.000000,0.167498,0.362498
tracking_cdrone3_20260822_194912_520_milestone4,milestone4,1787453368.439986467,target_map,1,1,0,detected,3.500204,2.974755,0.256663,-2.102278,-0.495327,-0.022860,0.614706,15.853569,450.625,1,0.150095,0.000000,0.202533,0.387524
tracking_cdrone3_20260822_194912_520_milestone4,milestone4,1787453368.526831388,raw,1,1,0,detected,4.680525,3.253741,0.271207,3.592637,0.850154,0.046170,0.628906,16.742262,446.250,0,0.000000,0.000000,0.000000,0.000000
tracking_cdrone3_20260822_194912_520_milestone4,milestone4,1787453368.540295362,target_map,1,1,0,detected,4.689782,3.255940,0.271343,1.029925,0.244688,0.015107,0.627493,16.742262,446.250,0,0.008987,0.000000,0.153146,0.352247
tracking_cdrone3_20260822_194912_520_milestone4,milestone4,1787453368.640293598,target_map,1,1,0,detected,4.792793,3.280413,0.272854,1.029925,0.244688,0.015107,0.611768,16.742262,446.250,0,0.109006,0.000000,0.188152,0.377251
tracking_cdrone3_20260822_194912_520_milestone4,milestone4,1787453368.739993334,target_map,1,1,0,detected,4.895484,3.304810,0.274360,1.029925,0.244688,0.015107,0.596091,16.742262,446.250,0,0.208713,0.000000,0.223050,0.402178
tracking_cdrone3_20260822_194912_520_milestone4,milestone4,1787453368.754431248,raw,1,1,0,detected,4.717086,3.254203,0.271658,0.160613,0.002031,0.001980,0.636719,16.778000,455.000,0,0.000000,0.000000,0.000000,0.000000
tracking_cdrone3_20260822_194912_520_milestone4,milestone4,1787453368.840251684,target_map,1,1,0,detected,4.759337,3.262719,0.272262,0.551804,0.111227,0.007887,0.624531,16.778000,455.000,0,0.076568,0.000000,0.176799,0.369142
tracking_cdrone3_20260822_194912_520_milestone4,milestone4,1787453368.940319061,target_map,1,1,0,detected,4.814554,3.273850,0.273051,0.551804,0.111227,0.007887,0.608602,16.778000,455.000,0,0.176635,0.000000,0.211822,0.394159
tracking_cdrone3_20260822_194912_520_milestone4,milestone4,1787453368.974609137,raw,1,1,0,detected,4.896988,3.309547,0.285913,0.817157,0.251384,0.064748,0.622559,16.965939,472.500,0,0.000000,0.000000,0.000000,0.000000
tracking_cdrone3_20260822_194912_520_milestone4,milestone4,1787453369.040238619,target_map,1,1,0,detected,4.940931,3.321407,0.288379,0.697748,0.188313,0.039161,0.612757,16.965939,472.500,0,0.062978,0.000000,0.172042,0.365744
tracking_cdrone3_20260822_194912_520_milestone4,milestone4,1787453369.140262365,target_map,1,1,0,detected,5.010719,3.340241,0.292296,0.697748,0.188313,0.039161,0.597190,16.965939,472.500,0,0.162997,0.000000,0.207049,0.390749
tracking_cdrone3_20260822_194912_520_milestone4,milestone4,1787453369.180800438,raw,1,1,0,detected,4.827538,3.286903,0.276863,-0.336803,-0.109815,-0.043890,0.602051,16.893036,437.500,1,0.000000,0.000000,0.000000,0.000000
tracking_cdrone3_20260822_194912_520_milestone4,milestone4,1787453369.240241528,target_map,1,1,0,detected,4.834689,3.288254,0.276501,0.128745,0.024343,-0.006517,0.593692,16.893036,437.500,1,0.055536,0.000000,0.169438,0.363884
tracking_cdrone3_20260822_194912_520_milestone4,milestone4,1787453369.340338230,target_map,1,1,0,detected,4.847574,3.290691,0.275848,0.128745,0.024343,-0.006517,0.578628,16.893036,437.500,1,0.155622,0.000000,0.204468,0.388905
tracking_cdrone3_20260822_194912_520_milestone4,milestone4,1787453369.391100168,raw,1,1,0,detected,4.547694,3.221209,0.275414,-1.330850,-0.312420,-0.006888,0.645996,16.605597,441.875,1,0.000000,0.000000,0.000000,0.000000
tracking_cdrone3_20260822_194912_520_milestone4,milestone4,1787453369.440289497,target_map,1,1,0,detected,4.520192,3.214644,0.275140,-0.674032,-0.160877,-0.006721,0.639406,16.605597,441.875,1,0.040803,0.000000,0.164281,0.360201
tracking_cdrone3_20260822_194912_520_milestone4,milestone4,1787453369.539997578,target_map,1,1,0,detected,4.452997,3.198606,0.274470,-0.674032,-0.160877,-0.006721,0.623306,16.605597,441.875,1,0.140494,0.000000,0.199173,0.385123
tracking_cdrone3_20260822_194912_520_milestone4,milestone4,1787453369.602578640,raw,1,1,0,detected,4.838262,3.294285,0.274454,1.373940,0.345539,-0.004539,0.664551,16.905149,433.125,0,0.000000,0.000000,0.000000,0.000000
tracking_cdrone3_20260822_194912_520_milestone4,milestone4,1787453369.640632868,target_map,1,1,0,detected,4.854257,3.298445,0.274259,0.452353,0.117652,-0.005521,0.658676,16.905149,433.125,0,0.035361,0.000000,0.162376,0.358840
tracking_cdrone3_20260822_194912_520_milestone4,milestone4,1787453369.739976645,target_map,1,1,0,detected,4.899193,3.310133,0.273711,0.452353,0.117652,-0.005521,0.642172,16.905149,433.125,0,0.134699,0.000000,0.197145,0.383675
tracking_cdrone3_20260822_194912_520_milestone4,milestone4,1787453369.840154886,target_map,1,1,0,detected,4.944509,3.321918,0.273157,0.452353,0.117652,-0.005521,0.625529,16.905149,433.125,0,0.234877,0.000000,0.232207,0.408719
tracking_cdrone3_20260822_194912_520_milestone4,milestone4,1787453369.864447117,raw,1,1,0,detected,4.914443,3.300213,0.285188,0.290912,0.022637,0.040990,0.660156,16.980850,459.000,0,0.000000,0.000000,0.000000,0.000000
tracking_cdrone3_20260822_194912_520_milestone4,milestone4,1787453369.940348148,target_map,1,1,0,detected,4.939970,3.304805,0.286597,0.363560,0.065394,0.020060,0.648568,16.980850,459.000,0,0.070215,0.000000,0.174575,0.367554
tracking_cdrone3_20260822_194912_520_milestone4,milestone4,1787453370.040314198,target_map,1,1,0,detected,4.976312,3.311342,0.288602,0.363560,0.065394,0.020060,0.632070,16.980850,459.000,0,0.170178,0.000000,0.209562,0.392544
tracking_cdrone3_20260822_194912_520_milestone4,milestone4,1787453370.088078499,raw,1,1,0,detected,4.846782,3.282132,0.280829,-0.302554,-0.080852,-0.019495,0.620605,16.910784,433.125,1,0.000000,0.000000,0.000000,0.000000
tracking_cdrone3_20260822_194912_520_milestone4,milestone4,1787453370.140105486,target_map,1,1,0,detected,4.846665,3.281505,0.280758,-0.002803,-0.015042,-0.001695,0.614146,16.910784,433.125,1,0.041632,0.000000,0.164571,0.360408
tracking_cdrone3_20260822_194912_520_milestone4,milestone4,1787453370.240129471,target_map,1,1,0,detected,4.846385,3.280001,0.280589,-0.002803,-0.015042,-0.001695,0.598628,16.910784,433.125,1,0.141650,0.000000,0.199578,0.385413
tracking_cdrone3_20260822_194912_520_milestone4,milestone4,1787453370.323439598,raw,1,1,0,detected,4.872493,3.291992,0.276474,0.109240,0.041894,-0.018503,0.625977,16.937973,441.000,0,0.000000,0.000000,0.000000,0.000000
tracking_cdrone3_20260822_194912_520_milestone4,milestone4,1787453370.340243816,target_map,1,1,0,detected,4.873313,3.292219,0.276321,0.058821,0.016273,-0.010939,0.623793,16.937973,441.000,0,0.013952,0.000000,0.154883,0.353488
tracking_cdrone3_20260822_194912_520_milestone4,milestone4,1787453370.440215588,target_map,1,1,0,detected,4.879194,3.293846,0.275228,0.058821,0.016273,-0.010939,0.608148,16.937973,441.000,0,0.113926,0.000000,0.189874,0.378482
tracking_cdrone3_20260822_194912_520_milestone4,milestone4,1787453370.522485495,raw,1,1,0,detected,4.903862,3.297522,0.288641,0.157587,0.027781,0.061125,0.670410,16.969923,441.875,0,0.000000,0.000000,0.000000,0.000000
tracking_cdrone3_20260822_194912_520_milestone4,milestone4,1787453370.522485495,raw,3,3,0,detected,2.994454,-0.301807,0.286455,0.000000,0.000000,0.000000,0.400635,14.624493,240.000,0,0.000000,0.000000,0.000000,0.000000
tracking_cdrone3_20260822_194912_520_milestone4,milestone4,1787453370.540369749,target_map,1,1,0,detected,4.905188,3.297787,0.288978,0.113142,0.022603,0.028696,0.668446,16.969923,441.875,0,0.011722,0.000000,0.154103,0.352931
tracking_cdrone3_20260822_194912_520_milestone4,milestone4,1787453370.540369749,target_map,2,3,0,detected,2.994454,-0.301807,0.286455,0.000000,0.000000,0.000000,0.399461,14.624493,240.000,0,0.011722,0.000000,0.154103,0.352931
tracking_cdrone3_20260822_194912_520_milestone4,milestone4,1787453370.639947414,target_map,1,1,0,detected,4.916455,3.300038,0.291835,0.113142,0.022603,0.028696,0.651756,16.969923,441.875,0,0.111301,0.000000,0.188956,0.377825
tracking_cdrone3_20260822_194912_520_milestone4,milestone4,1787453370.639947414,target_map,2,3,0,detected,2.994454,-0.301807,0.286455,0.000000,0.000000,0.000000,0.389487,14.624493,240.000,0,0.111301,0.000000,0.188956,0.377825
tracking_cdrone3_20260822_194912_520_milestone4,milestone4,1787453370.726694584,raw,1,1,0,detected,4.516413,3.210521,0.283520,-1.897555,-0.426091,-0.025081,0.650391,16.572811,441.875,1,0.000000,0.000000,0.000000,0.000000
tracking_cdrone3_20260822_194912_520_milestone4,milestone4,1787453370.726694584,raw,3,3,0,detected,2.572492,-0.308140,0.281458,-2.066582,-0.031019,-0.024476,0.400635,14.202472,240.000,1,0.000000,0.000000,0.000000,0.000000
tracking_cdrone3_20260822_194912_520_milestone4,milestone4,1787453370.740806580,target_map,1,1,0,detected,4.506966,3.208388,0.283512,-0.992741,-0.224179,-0.000881,0.648843,16.572811,441.875,1,0.009516,0.000000,0.153330,0.352379
tracking_cdrone3_20260822_194912_520_milestone4,milestone4,1787453370.740806580,target_map,2,3,0,detected,2.561677,-0.308302,0.281330,-1.136620,-0.017060,-0.013462,0.399682,14.202472,240.000,1,0.009516,0.000000,0.153330,0.352379
tracking_cdrone3_20260822_194912_520_milestone4,milestone4,1787453370.840134859,target_map,1,1,0,detected,4.408357,3.186121,0.283424,-0.992741,-0.224179,-0.000881,0.632693,16.572811,441.875,1,0.108846,0.000000,0.188096,0.377211
tracking_cdrone3_20260822_194912_520_milestone4,milestone4,1787453370.840134859,target_map,2,3,0,detected,2.448776,-0.309997,0.279992,-1.136620,-0.017060,-0.013462,0.389733,14.202472,240.000,1,0.108846,0.000000,0.188096,0.377211
tracking_cdrone3_20260822_194912_520_milestone4,milestone4,1787453370.939948797,target_map,1,1,0,detected,4.309270,3.163745,0.283337,-0.992741,-0.224179,-0.000881,0.616463,16.572811,441.875,1,0.208658,0.000000,0.223030,0.402164
tracking_cdrone3_20260822_194912_520_milestone4,milestone4,1787453370.939948797,target_map,2,3,0,detected,2.335328,-0.311700,0.278649,-1.136620,-0.017060,-0.013462,0.379736,14.202472,240.000,1,0.208658,0.000000,0.223030,0.402164
tracking_cdrone3_20260822_194912_520_milestone4,milestone4,1787453370.950461388,raw,1,1,0,detected,4.776566,3.284114,0.263101,1.162465,0.328843,-0.091244,0.615234,16.842590,450.625,0,0.000000,0.000000,0.000000,0.000000
tracking_cdrone3_20260822_194912_520_milestone4,milestone4,1787453370.950461388,raw,3,3,0,detected,2.608692,-0.298193,0.260118,0.161757,0.044450,-0.095352,0.400635,14.238496,240.000,0,0.000000,0.000000,0.000000,0.000000
tracking_cdrone3_20260822_194912_520_milestone4,milestone4,1787453371.040271044,target_map,1,1,0,detected,4.792777,3.290846,0.258844,0.192622,0.079983,-0.050581,0.602290,16.842590,450.625,0,0.084159,0.000000,0.179456,0.371040
tracking_cdrone3_20260822_194912_520_milestone4,milestone4,1787453371.040271044,target_map,2,3,0,detected,2.573134,-0.296781,0.255195,-0.422513,0.016770,-0.058501,0.392205,14.238496,240.000,0,0.084159,0.000000,0.179456,0.371040
tracking_cdrone3_20260822_194912_520_milestone4,milestone4,1787453371.140245676,target_map,1,1,0,detected,4.812033,3.298842,0.253787,0.192622,0.079983,-0.050581,0.586913,16.842590,450.625,0,0.184131,0.000000,0.214446,0.396033
tracking_cdrone3_20260822_194912_520_milestone4,milestone4,1787453371.140245676,target_map,2,3,0,detected,2.530895,-0.295105,0.249347,-0.422513,0.016770,-0.058501,0.382192,14.238496,240.000,0,0.184131,0.000000,0.214446,0.396033
tracking_cdrone3_20260822_194912_520_milestone4,milestone4,1787453371.155583382,raw,1,1,0,detected,4.253057,3.153257,0.277729,-2.552544,-0.638038,0.071326,0.626953,16.303291,429.250,1,0.000000,0.000000,0.000000,0.000000
tracking_cdrone3_20260822_194912_520_milestone4,milestone4,1787453371.155583382,raw,3,3,0,detected,2.604529,-0.303421,0.282697,-0.020300,-0.025492,0.110090,0.400635,14.234603,240.000,0,0.000000,0.000000,0.000000,0.000000
tracking_cdrone3_20260822_194912_520_milestone4,milestone4,1787453371.240277529,target_map,1,1,0,detected,4.153090,3.129357,0.278979,-1.317219,-0.314929,0.016468,0.615058,16.303291,429.250,1,0.075892,0.000000,0.176562,0.368973
tracking_cdrone3_20260822_194912_520_milestone4,milestone4,1787453371.240277529,target_map,2,3,0,detected,2.589252,-0.303912,0.285294,-0.201296,-0.006474,0.034224,0.393034,14.234603,240.000,0,0.075892,0.000000,0.176562,0.368973
tracking_cdrone3_20260822_194912_520_milestone4,milestone4,1787453371.340899229,target_map,1,1,0,detected,4.020563,3.097672,0.280636,-1.317219,-0.314929,0.016468,0.599288,16.303291,429.250,1,0.176503,0.000000,0.211776,0.394126
tracking_cdrone3_20260822_194912_520_milestone4,milestone4,1787453371.340899229,target_map,2,3,0,detected,2.569000,-0.304563,0.288738,-0.201296,-0.006474,0.034224,0.382956,14.234603,240.000,0,0.176503,0.000000,0.211776,0.394126
tracking_cdrone3_20260822_194912_520_milestone4,milestone4,1787453371.377833366,raw,1,1,0,detected,4.832832,3.290941,0.275246,2.608531,0.619465,-0.011172,0.603027,16.899059,416.500,0,0.000000,0.000000,0.000000,0.000000
tracking_cdrone3_20260822_194912_520_milestone4,milestone4,1787453371.440004110,target_map,1,1,0,detected,4.883013,3.302800,0.275321,0.841943,0.198988,0.001266,0.594042,16.899059,416.500,0,0.059601,0.000000,0.170860,0.364900
tracking_cdrone3_20260822_194912_520_milestone4,milestone4,1787453371.440004110,target_map,2,3,2,predicted,2.549047,-0.305205,0.292130,-0.201296,-0.006474,0.034224,0.373029,14.234603,240.000,0,0.275623,0.275623,0.246468,0.418906
tracking_cdrone3_20260822_194912_520_milestone4,milestone4,1787453371.541741848,target_map,1,1,0,detected,4.968660,3.323042,0.275450,0.841943,0.198988,0.001266,0.578706,16.899059,416.500,0,0.161326,0.000000,0.206464,0.390332
tracking_cdrone3_20260822_194912_520_milestone4,milestone4,1787453371.541741848,target_map,2,3,2,predicted,2.528571,-0.305864,0.295611,-0.201296,-0.006474,0.034224,0.362840,14.234603,240.000,0,0.377348,0.377348,0.282072,0.444337
tracking_cdrone3_20260822_194912_520_milestone4,milestone4,1787453371.601710796,raw,1,1,0,detected,4.403715,3.188830,0.268082,-1.916834,-0.456119,-0.032003,0.588867,16.457964,412.250,1,0.000000,0.000000,0.000000,0.000000
tracking_cdrone3_20260822_194912_520_milestone4,milestone4,1787453371.640460253,target_map,1,1,0,detected,4.379250,3.182986,0.267465,-0.675384,-0.161321,-0.017032,0.583534,16.457964,412.250,1,0.036224,0.000000,0.162678,0.359056
tracking_cdrone3_20260822_194912_520_milestone4,milestone4,1787453371.640460253,target_map,2,3,2,predicted,2.508698,-0.306503,0.298990,-0.201296,-0.006474,0.034224,0.352952,14.234603,240.000,0,0.476074,0.476074,0.316626,0.469019
tracking_cdrone3_20260822_194912_520_milestone4,milestone4,1787453371.740133047,target_map,1,1,0,detected,4.311931,3.166907,0.265767,-0.675384,-0.161321,-0.017032,0.568861,16.457964,412.250,1,0.135899,0.000000,0.197565,0.383975
tracking_cdrone3_20260822_194912_520_milestone4,milestone4,1787453371.740133047,target_map,2,3,2,predicted,2.488633,-0.307148,0.302401,-0.201296,-0.006474,0.034224,0.342968,14.234603,240.000,0,0.575749,0.575749,0.351512,0.493937
tracking_cdrone3_20260822_194912_520_milestone4,milestone4,1787453371.840337515,target_map,1,1,0,detected,4.244260,3.150743,0.264060,-0.675384,-0.161321,-0.017032,0.554110,16.457964,412.250,1,0.236094,0.000000,0.232633,0.409023
tracking_cdrone3_20260822_194912_520_milestone4,milestone4,1787453371.840337515,target_map,2,3,2,predicted,2.468465,-0.307797,0.305830,-0.201296,-0.006474,0.034224,0.332933,14.234603,240.000,0,0.675945,0.675945,0.386581,0.518986
tracking_cdrone3_20260822_194912_520_milestone4,milestone4,1787453371.845148325,raw,1,1,0,detected,3.245370,2.937572,0.245598,-4.758308,-1.032128,-0.092357,0.584961,15.272630,403.750,1,0.000000,0.000000,0.000000,0.000000
tracking_cdrone3_20260822_194912_520_milestone4,milestone4,1787453371.939940214,target_map,1,1,0,detected,2.976905,2.878726,0.240225,-2.920992,-0.640265,-0.058461,0.571520,15.272630,403.750,1,0.091909,0.000000,0.182168,0.372977
tracking_cdrone3_20260822_194912_520_milestone4,milestone4,1787453371.939940214,target_map,2,3,2,predicted,2.448412,-0.308442,0.309240,-0.201296,-0.006474,0.034224,0.322956,14.234603,240.000,0,0.775560,0.775560,0.421446,0.543890
tracking_cdrone3_20260822_194912_520_milestone4,milestone4,1787453372.040283442,target_map,1,1,0,detected,2.683841,2.814488,0.234360,-2.920992,-0.640265,-0.058461,0.556848,15.272630,403.750,1,0.192239,0.000000,0.217284,0.398060
tracking_cdrone3_20260822_194912_520_milestone4,milestone4,1787453372.040283442,target_map,2,3,2,predicted,2.428216,-0.309091,0.312673,-0.201296,-0.006474,0.034224,0.312907,14.234603,240.000,0,0.875890,0.875890,0.456562,0.568973
tracking_cdrone3_20260822_194912_520_milestone4,milestone4,1787453372.049319029,raw,1,1,0,detected,3.276506,2.921656,0.247555,0.152495,-0.077955,0.009582,0.609375,15.299320,420.750,0,0.000000,0.000000,0.000000,0.000000
tracking_cdrone3_20260822_194912_520_milestone4,milestone4,1787453372.140227318,target_map,1,1,0,detected,3.177101,2.894918,0.245855,-1.230574,-0.330994,-0.021038,0.597069,15.299320,420.750,0,0.080780,0.000000,0.178273,0.370195
tracking_cdrone3_20260822_194912_520_milestone4,milestone4,1787453372.140227318,target_map,2,3,2,predicted,2.408095,-0.309738,0.316094,-0.201296,-0.006474,0.034224,0.302895,14.234603,240.000,0,0.975848,0.975848,0.491547,0.593962
tracking_cdrone3_20260822_194912_520_milestone4,milestone4,1787453372.240727901,target_map,1,1,0,detected,3.053457,2.861661,0.243742,-1.230574,-0.330994,-0.021038,0.581762,15.299320,420.750,0,0.181256,0.000000,0.213440,0.395314
tracking_cdrone3_20260822_194912_520_milestone4,milestone4,1787453372.240727901,target_map,2,3,2,predicted,2.387870,-0.310389,0.319533,-0.201296,-0.006474,0.034224,0.292832,14.234603,240.000,0,1.076324,1.076324,0.526713,0.619081
tracking_cdrone3_20260822_194912_520_milestone4,milestone4,1787453372.251916170,raw,1,1,0,detected,3.755668,3.041106,0.262838,2.365156,0.589607,0.075440,0.615234,15.793262,416.500,0,0.000000,0.000000,0.000000,0.000000
tracking_cdrone3_20260822_194912_520_milestone4,milestone4,1787453372.339915514,target_map,1,1,0,detected,3.819269,3.056032,0.265565,0.747077,0.175336,0.032025,0.602140,15.793262,416.500,0,0.085133,0.000000,0.179797,0.371283
tracking_cdrone3_20260822_194912_520_milestone4,milestone4,1787453372.339915514,target_map,2,3,2,predicted,2.367898,-0.311031,0.322928,-0.201296,-0.006474,0.034224,0.282894,14.234603,240.000,0,1.175543,1.175543,0.561440,0.643886
tracking_cdrone3_20260822_194912_520_milestone4,milestone4,1787453372.440005064,target_map,1,1,0,detected,3.894037,3.073580,0.268770,0.747077,0.175336,0.032025,0.586747,15.793262,416.500,0,0.185213,0.000000,0.214825,0.396303
tracking_cdrone3_20260822_194912_520_milestone4,milestone4,1787453372.440005064,target_map,2,3,2,predicted,2.347752,-0.311679,0.326354,-0.201296,-0.006474,0.034224,0.272870,14.234603,240.000,0,1.275624,1.275624,0.596468,0.668906
tracking_cdrone3_20260822_194912_520_milestone4,milestone4,1787453372.497531891,raw,1,1,0,detected,3.185457,2.901656,0.258944,-2.321460,-0.567729,-0.015854,0.600098,15.206313,420.750,1,0.000000,0.000000,0.000000,0.000000
tracking_cdrone3_20260822_194912_520_milestone4,milestone4,1787453372.540078163,target_map,1,1,0,detected,3.149563,2.892752,0.259161,-0.940618,-0.233350,0.005692,0.594373,15.206313,420.750,1,0.038160,0.000000,0.163356,0.359540
tracking_cdrone3_20260822_194912_520_milestone4,milestone4,1787453372.540078163,target_map,2,3,2,predicted,2.327608,-0.312327,0.329778,-0.201296,-0.006474,0.034224,0.262847,14.234603,240.000,0,1.375693,1.375693,0.631493,0.693923
tracking_cdrone3_20260822_194912_520_milestone4,milestone4,1787453372.640351057,target_map,1,1,0,detected,3.055245,2.869353,0.259732,-0.940618,-0.233350,0.005692,0.579329,15.206313,420.750,1,0.138433,0.000000,0.198451,0.384608
tracking_cdrone3_20260822_194912_520_milestone4,milestone4,1787453372.640351057,target_map,2,3,2,predicted,2.307424,-0.312976,0.333210,-0.201296,-0.006474,0.034224,0.252804,14.234603,240.000,0,1.475966,1.475966,0.666588,0.718992
tracking_cdrone3_20260822_194912_520_milestone4,milestone4,1787453372.744671583,raw,1,1,0,detected,4.311785,3.168654,0.266369,4.556944,1.080229,0.030038,0.620605,16.363832,420.000,0,0.000000,0.000000,0.000000,0.000000
tracking_cdrone3_20260822_194912_520_milestone4,milestone4,1787453372.747498751,target_map,1,1,0,detected,2.954467,2.844352,0.260342,-0.940618,-0.233350,0.005692,0.563256,15.206313,420.750,1,0.245573,0.000000,0.235951,0.411393
tracking_cdrone3_20260822_194912_520_milestone4,milestone4,1787453372.747498751,target_map,2,3,2,predicted,2.285857,-0.313670,0.336877,-0.201296,-0.006474,0.034224,0.242073,14.234603,240.000,0,1.583106,1.583106,0.704087,0.745777
tracking_cdrone3_20260822_194912_520_milestone4,milestone4,1787453372.839932680,target_map,1,1,0,detected,4.493131,3.211236,0.268030,2.083041,0.489119,0.019082,0.607098,16.363832,420.000,0,0.087058,0.000000,0.180470,0.371765
tracking_cdrone3_20260822_194912_520_milestone4,milestone4,1787453372.839932680,target_map,2,3,2,predicted,2.267246,-0.314268,0.340041,-0.201296,-0.006474,0.034224,0.232813,14.234603,240.000,0,1.675559,1.675559,0.736446,0.768890
tracking_cdrone3_20260822_194912_520_milestone4,milestone4,1787453372.940228701,target_map,1,1,0,detected,4.702027,3.260286,0.269943,2.083041,0.489119,0.019082,0.591539,16.363832,420.000,0,0.187342,0.000000,0.215570,0.396836
tracking_cdrone3_20260822_194912_520_milestone4,milestone4,1787453372.940228701,target_map,2,3,2,predicted,2.247060,-0.314917,0.343473,-0.201296,-0.006474,0.034224,0.222769,14.234603,240.000,0,1.775843,1.775843,0.771545,0.793961
tracking_cdrone3_20260822_194912_520_milestone4,milestone4,1787453372.981579542,raw,1,1,0,detected,4.235891,3.151600,0.269869,-0.320340,-0.071980,0.014774,0.590332,16.286102,416.500,1,0.000000,0.000000,0.000000,0.000000
tracking_cdrone3_20260822_194912_520_milestone4,milestone4,1787453373.040239096,target_map,1,1,0,detected,4.276798,3.161302,0.270767,0.761182,0.180514,0.016713,0.582401,16.286102,416.500,1,0.053742,0.000000,0.168810,0.363435
tracking_cdrone3_20260822_194912_520_milestone4,milestone4,1787453373.040239096,target_map,2,3,2,predicted,2.226928,-0.315565,0.346896,-0.201296,-0.006474,0.034224,0.212752,14.234603,240.000,0,1.875853,1.875853,0.806549,0.818963
tracking_cdrone3_20260822_194912_520_milestone4,milestone4,1787453373.140410423,target_map,1,1,0,detected,4.353035,3.179381,0.272441,0.761182,0.180514,0.016713,0.567619,16.286102,416.500,1,0.153898,0.000000,0.203864,0.388474
tracking_cdrone3_20260822_194912_520_milestone4,milestone4,1787453373.140410423,target_map,2,3,2,predicted,2.206767,-0.316213,0.350323,-0.201296,-0.006474,0.034224,0.202720,14.234603,240.000,0,1.976009,1.976009,0.841603,0.844002
tracking_cdrone3_20260822_194912_520_milestone4,milestone4,1787453373.229489803,raw,1,1,0,detected,4.891852,3.304591,0.273831,2.646535,0.617254,0.015985,0.611328,16.959642,403.750,0,0.000000,0.000000,0.000000,0.000000
tracking_cdrone3_20260822_194912_520_milestone4,milestone4,1787453373.240015507,target_map,1,1,0,detected,4.901805,3.306920,0.273921,1.798126,0.420721,0.016313,0.610482,16.959642,403.750,0,0.005535,0.000000,0.151937,0.351384
tracking_cdrone3_20260822_194912_520_milestone4,milestone4,1787453373.240015507,target_map,2,3,2,predicted,2.186713,-0.316858,0.353733,-0.201296,-0.006474,0.034224,0.192742,14.234603,240.000,0,2.075638,2.075638,0.876473,0.868910
tracking_cdrone3_20260822_194912_520_milestone4,milestone4,1787453373.340230465,target_map,1,1,0,detected,5.081992,3.349079,0.275556,1.798126,0.420721,0.016313,0.595167,16.959642,403.750,0,0.105743,0.000000,0.187010,0.376436
tracking_cdrone3_20260822_194912_520_milestone4,milestone4,1787453373.340230465,target_map,2,3,2,predicted,2.166541,-0.317507,0.357162,-0.201296,-0.006474,0.034224,0.182705,14.234603,240.000,0,2.175847,2.175847,0.911546,0.893962
tracking_cdrone3_20260822_194912_520_milestone4,milestone4,1787453373.440359116,target_map,1,1,0,detected,5.262009,3.391199,0.277189,1.798126,0.420721,0.016313,0.579867,16.959642,403.750,0,0.205857,0.000000,0.222050,0.401464
tracking_cdrone3_20260822_194912_520_milestone4,milestone4,1787453373.440359116,target_map,2,3,2,predicted,2.146389,-0.318155,0.360589,-0.201296,-0.006474,0.034224,0.172678,14.234603,240.000,0,2.275960,2.275960,0.946586,0.918990
tracking_cdrone3_20260822_194912_520_milestone4,milestone4,1787453373.464162588,raw,1,1,0,detected,4.369571,3.177049,0.264238,-2.225512,-0.543474,-0.040878,0.608887,16.421974,420.750,1,0.000000,0.000000,0.000000,0.000000
tracking_cdrone3_20260822_194912_520_milestone4,milestone4,1787453373.540261984,target_map,1,1,0,detected,4.339111,3.169003,0.263126,-0.414875,-0.109586,-0.015142,0.597710,16.421974,420.750,1,0.073421,0.000000,0.175697,0.368355
tracking_cdrone3_20260822_194912_520_milestone4,milestone4,1787453373.540261984,target_map,2,3,2,predicted,2.126275,-0.318802,0.364008,-0.201296,-0.006474,0.034224,0.162670,14.234603,240.000,0,2.375880,2.375880,0.981558,0.943970
tracking_cdrone3_20260822_194912_520_milestone4,milestone4,1787453373.640006065,target_map,1,1,0,detected,4.297729,3.158072,0.261616,-0.414875,-0.109586,-0.015142,0.582527,16.421974,420.750,1,0.173167,0.000000,0.210608,0.393292
tracking_cdrone3_20260822_194912_520_milestone4,milestone4,1787453373.640006065,target_map,2,3,2,predicted,2.106197,-0.319448,0.367422,-0.201296,-0.006474,0.034224,0.152679,14.234603,240.000,0,2.475625,2.475625,1.016469,0.968906
tracking_cdrone3_20260822_194912_520_milestone4,milestone4,1787453373.712508678,raw,1,1,0,detected,4.596112,3.231445,0.274505,0.912186,0.219032,0.041340,0.630371,16.655064,412.250,0,0.000000,0.000000,0.000000,0.000000
tracking_cdrone3_20260822_194912_520_milestone4,milestone4,1787453373.740179300,target_map,1,1,0,detected,4.602873,3.232972,0.274846,0.315009,0.071154,0.015923,0.626989,16.655064,412.250,0,0.021461,0.000000,0.157511,0.355365
tracking_cdrone3_20260822_194912_520_milestone4,milestone4,1787453373.740179300,target_map,2,3,2,predicted,2.086033,-0.320096,0.370850,-0.201296,-0.006474,0.034224,0.142647,14.234603,240.000,0,2.575795,2.575795,1.051528,0.993949
tracking_cdrone3_20260822_194912_520_milestone4,milestone4,1787453373.840121508,target_map,1,1,0,detected,4.634355,3.240083,0.276438,0.315009,0.071154,0.015923,0.611239,16.655064,412.250,0,0.121403,0.000000,0.192491,0.380351
tracking_cdrone3_20260822_194912_520_milestone4,milestone4,1787453373.840121508,target_map,2,3,2,predicted,2.065915,-0.320743,0.374270,-0.201296,-0.006474,0.034224,0.132637,14.234603,240.000,0,2.675736,2.675736,1.086508,1.018934
tracking_cdrone3_20260822_194912_520_milestone4,milestone4,1787453373.940214872,target_map,1,1,0,detected,4.665885,3.247205,0.278032,0.315009,0.071154,0.015923,0.595465,16.655064,412.250,0,0.221495,0.000000,0.227523,0.405374
tracking_cdrone3_20260822_194912_520_milestone4,milestone4,1787453373.940214872,target_map,2,3,2,predicted,2.045767,-0.321391,0.377696,-0.201296,-0.006474,0.034224,0.122611,14.234603,240.000,0,2.775829,2.775829,1.121540,1.043957
tracking_cdrone3_20260822_194912_520_milestone4,milestone4,1787453373.958203793,raw,1,1,0,detected,4.037538,3.113776,0.249435,-2.273485,-0.478930,-0.102036,0.625000,16.084085,391.000,1,0.000000,0.000000,0.000000,0.000000
tracking_cdrone3_20260822_194912_520_milestone4,milestone4,1787453374.039983988,target_map,1,1,0,detected,3.955212,3.096594,0.245800,-1.108663,-0.231393,-0.048954,0.613397,16.084085,391.000,1,0.074256,0.000000,0.175990,0.368564
tracking_cdrone3_20260822_194912_520_milestone4,milestone4,1787453374.039983988,target_map,2,3,2,predicted,2.025683,-0.322037,0.381111,-0.201296,-0.006474,0.034224,0.112618,14.234603,240.000,0,2.875605,2.875605,1.156462,1.068901
tracking_cdrone3_20260822_194912_520_milestone4,milestone4,1787453374.140337467,target_map,1,1,0,detected,3.843961,3.073375,0.240888,-1.108663,-0.231393,-0.048954,0.597718,16.084085,391.000,1,0.174604,0.000000,0.211111,0.393651
tracking_cdrone3_20260822_194912_520_milestone4,milestone4,1787453374.140337467,target_map,2,3,2,predicted,2.005483,-0.322687,0.384545,-0.201296,-0.006474,0.034224,0.102567,14.234603,240.000,0,2.975952,2.975952,1.191583,1.093988
tracking_cdrone3_20260822_194912_520_milestone4,milestone4,1787453374.195157051,raw,1,1,0,detected,2.736770,2.805321,0.245975,-5.489555,-1.301758,-0.014604,0.570801,14.747314,408.000,1,0.000000,0.000000,0.000000,0.000000
tracking_cdrone3_20260822_194912_520_milestone4,milestone4,1787453374.241119146,target_map,1,1,0,detected,2.583809,2.769665,0.244668,-3.518154,-0.820094,-0.030062,0.564597,14.747314,408.000,1,0.043478,0.000000,0.165217,0.360869
tracking_cdrone3_20260822_194912_520_milestone4,milestone4,1787453374.241119146,target_map,2,3,2,predicted,1.985194,-0.323339,0.387994,-0.201296,-0.006474,0.034224,0.092472,14.234603,240.000,0,3.076744,3.076744,1.226860,1.119186
tracking_cdrone3_20260822_194912_520_milestone4,milestone4,1787453374.340255737,target_map,1,1,0,detected,2.235147,2.688390,0.241688,-3.518154,-0.820094,-0.030062,0.550454,14.747314,408.000,1,0.142581,0.000000,0.199903,0.385645
tracking_cdrone3_20260822_194912_520_milestone4,milestone4,1787453374.340255737,target_map,2,3,2,predicted,1.965245,-0.323981,0.391386,-0.201296,-0.006474,0.034224,0.082546,14.234603,240.000,0,3.175847,3.175847,1.261547,1.143962
tracking_cdrone3_20260822_194912_520_milestone4,milestone4,1787453374.404581547,raw,1,1,0,detected,3.502054,2.985925,0.263055,3.654092,0.862354,0.081556,0.585938,15.533774,429.250,0,0.000000,0.000000,0.000000,0.000000
tracking_cdrone3_20260822_194912_520_milestone4,milestone4,1787453374.440141439,target_map,1,1,0,detected,3.513834,2.988832,0.263920,0.426581,0.105252,0.031328,0.581892,15.533774,429.250,0,0.027616,0.000000,0.159665,0.356904
tracking_cdrone3_20260822_194912_520_milestone4,milestone4,1787453374.440141439,target_map,2,3,2,predicted,1.945133,-0.324628,0.394805,-0.201296,-0.006474,0.034224,0.072539,14.234603,240.000,0,3.275762,3.275762,1.296517,1.168940
tracking_cdrone3_20260822_194912_520_milestone4,milestone4,1787453374.540317297,target_map,1,1,0,detected,3.556563,2.999375,0.267058,0.426581,0.105252,0.031328,0.567219,15.533774,429.250,0,0.127782,0.000000,0.194724,0.381946
tracking_cdrone3_20260822_194912_520_milestone4,milestone4,1787453374.540317297,target_map,2,3,2,predicted,1.924970,-0.325276,0.398234,-0.201296,-0.006474,0.034224,0.062506,14.234603,240.000,0,3.375928,3.375928,1.331575,1.193982
tracking_cdrone3_20260822_194912_520_milestone4,milestone4,1787453374.606486797,raw,1,1,0,detected,3.532172,2.976008,0.259780,0.149082,-0.049090,-0.016212,0.606445,15.560825,425.000,0,0.000000,0.000000,0.000000,0.000000
tracking_cdrone3_20260822_194912_520_milestone4,milestone4,1787453374.640305758,target_map,1,1,0,detected,3.540260,2.976609,0.259933,0.273957,0.020364,0.005181,0.601969,15.560825,425.000,0,0.029522,0.000000,0.160333,0.357380
tracking_cdrone3_20260822_194912_520_milestone4,milestone4,1787453374.640305758,target_map,2,3,2,predicted,1.904840,-0.325924,0.401656,-0.201296,-0.006474,0.034224,0.052490,14.234603,240.000,0,3.475932,3.475932,1.366576,1.218983
tracking_cdrone3_20260822_194912_520_milestone4,milestone4,1787453374.739990473,target_map,1,1,0,detected,3.567568,2.978639,0.260449,0.273957,0.020364,0.005181,0.586857,15.560825,425.000,0,0.129201,0.000000,0.195220,0.382300
tracking_cdrone3_20260822_194912_520_milestone4,milestone4,1787453374.739990473,target_map,2,3,2,predicted,1.884775,-0.326569,0.405067,-0.201296,-0.006474,0.034224,0.042506,14.234603,240.000,0,3.575611,3.575611,1.401464,1.243903
tracking_cdrone3_20260822_194912_520_milestone4,milestone4,1787453374.840866804,raw,1,1,0,detected,4.415191,3.192713,0.274799,3.769469,0.925080,0.064114,0.617676,16.470078,425.000,0,0.000000,0.000000,0.000000,0.000000
tracking_cdrone3_20260822_194912_520_milestone4,milestone4,1787453374.842980146,target_map,1,1,0,detected,3.595782,2.980736,0.260983,0.273957,0.020364,0.005181,0.571243,15.560825,425.000,0,0.232188,0.000000,0.231266,0.408047
tracking_cdrone3_20260822_194912_520_milestone4,milestone4,1787453374.842980146,target_map,2,3,2,predicted,1.864044,-0.327236,0.408592,-0.201296,-0.006474,0.034224,0.032191,14.234603,240.000,0,3.678598,3.678598,1.437509,1.269650
tracking_cdrone3_20260822_194912_520_milestone4,milestone4,1787453374.940292835,target_map,1,1,0,detected,4.614397,3.239688,0.278209,2.196488,0.517958,0.037594,0.603671,16.470078,425.000,0,0.090693,0.000000,0.181743,0.372673
tracking_cdrone3_20260822_194912_520_milestone4,milestone4,1787453374.940292835,target_map,2,3,2,predicted,1.844454,-0.327866,0.411923,-0.201296,-0.006474,0.034224,0.022444,14.234603,240.000,0,3.775916,3.775916,1.471570,1.293979
tracking_cdrone3_20260822_194912_520_milestone4,milestone4,1787453375.040374756,target_map,1,1,0,detected,4.834176,3.291515,0.281970,2.196488,0.517958,0.037594,0.588220,16.470078,425.000,0,0.190752,0.000000,0.216763,0.397688
tracking_cdrone3_20260822_194912_520_milestone4,milestone4,1787453375.040374756,target_map,2,3,2,predicted,1.824313,-0.328514,0.415347,-0.201296,-0.006474,0.034224,0.012422,14.234603,240.000,0,3.875975,3.875975,1.506591,1.318994
tracking_cdrone3_20260822_194912_520_milestone4,milestone4,1787453375.102765560,raw,1,1,0,detected,4.736944,3.279536,0.267669,1.228572,0.331521,-0.027226,0.646973,16.803043,423.000,0,0.000000,0.000000,0.000000,0.000000
tracking_cdrone3_20260822_194912_520_milestone4,milestone4,1787453375.139988184,target_map,1,1,0,detected,4.782471,3.290900,0.267722,1.664135,0.415418,0.001943,0.642548,16.803043,423.000,0,0.027358,0.000000,0.159575,0.356839
tracking_cdrone3_20260822_194912_520_milestone4,milestone4,1787453375.139988184,target_map,2,3,2,predicted,1.804256,-0.329159,0.418757,-0.201296,-0.006474,0.034224,0.002443,14.234603,240.000,0,3.975612,3.975612,1.541464,1.343903
tracking_cdrone3_20260822_194912_520_milestone4,milestone4,1787453375.240196705,target_map,1,1,0,detected,4.949221,3.332526,0.267917,1.664135,0.415418,0.001943,0.626341,16.803043,423.000,0,0.127560,0.000000,0.194646,0.381890
tracking_cdrone3_20260822_194912_520_milestone4,milestone4,1787453375.240196705,target_map,2,3,2,predicted,1.784086,-0.329807,0.422186,-0.201296,-0.006474,0.034224,0.000000,14.234603,240.000,0,4.075814,4.075814,1.576535,1.368953
tracking_cdrone3_20260822_194912_520_milestone4,milestone4,1787453375.339932680,target_map,1,1,0,detected,5.115202,3.373960,0.268110,1.664135,0.415418,0.001943,0.610208,16.803043,423.000,0,0.227300,0.000000,0.229555,0.406825
tracking_cdrone3_20260822_194912_520_milestone4,milestone4,1787453375.339932680,target_map,2,3,2,predicted,1.764009,-0.330453,0.425600,-0.201296,-0.006474,0.034224,0.000000,14.234603,240.000,0,4.175554,4.175554,1.611444,1.393888
tracking_cdrone3_20260822_194912_520_milestone4,milestone4,1787453375.373666048,raw,1,1,0,detected,4.395052,3.187261,0.275098,-1.261994,-0.340604,0.027423,0.661133,16.449234,428.750,1,0.000000,0.000000,0.000000,0.000000
tracking_cdrone3_20260822_194912_520_milestone4,milestone4,1787453375.440181255,target_map,1,1,0,detected,4.398379,3.187238,0.276068,0.054764,-0.000394,0.015957,0.651092,16.449234,428.750,1,0.060750,0.000000,0.171262,0.365187
tracking_cdrone3_20260822_194912_520_milestone4,milestone4,1787453375.440181255,target_map,2,3,2,predicted,1.743829,-0.331102,0.429030,-0.201296,-0.006474,0.034224,0.000000,14.234603,240.000,0,4.275802,4.275802,1.646531,1.418951
tracking_cdrone3_20260822_194912_520_milestone4,milestone4,1787453375.540331602,target_map,1,1,0,detected,4.403863,3.187198,0.277666,0.054764,-0.000394,0.015957,0.634539,16.449234,428.750,1,0.160896,0.000000,0.206314,0.390224
tracking_cdrone3_20260822_194912_520_milestone4,milestone4,1787453375.540331602,target_map,2,3,2,predicted,1.723670,-0.331750,0.432458,-0.201296,-0.006474,0.034224,0.000000,14.234603,240.000,0,4.375949,4.375949,1.681582,1.443987
tracking_cdrone3_20260822_194912_520_milestone4,milestone4,1787453375.570122004,raw,1,1,0,detected,4.669202,3.250368,0.292837,1.395525,0.321237,0.090297,0.666016,16.730742,415.625,0,0.000000,0.000000,0.000000,0.000000
tracking_cdrone3_20260822_194912_520_milestone4,milestone4,1787453375.639997482,target_map,1,1,0,detected,4.719436,3.261561,0.296442,0.792183,0.176503,0.056844,0.655457,16.730742,415.625,0,0.063413,0.000000,0.172194,0.365853
tracking_cdrone3_20260822_194912_520_milestone4,milestone4,1787453375.639997482,target_map,2,3,2,predicted,1.703606,-0.332396,0.435869,-0.201296,-0.006474,0.034224,0.000000,14.234603,240.000,0,4.475622,4.475622,1.716468,1.468905
tracking_cdrone3_20260822_194912_520_milestone4,milestone4,1787453375.739939213,target_map,1,1,0,detected,4.798609,3.279201,0.302123,0.792183,0.176503,0.056844,0.638816,16.730742,415.625,0,0.163356,0.000000,0.207175,0.390839
tracking_cdrone3_20260822_194912_520_milestone4,milestone4,1787453375.739939213,target_map,2,3,2,predicted,1.683488,-0.333043,0.439289,-0.201296,-0.006474,0.034224,0.000000,14.234603,240.000,0,4.575565,4.575565,1.751448,1.493891
tracking_cdrone3_20260822_194912_520_milestone4,milestone4,1787453375.765142202,raw,1,1,0,detected,4.999597,3.326173,0.307673,1.694137,0.388699,0.076075,0.653809,17.069935,403.750,0,0.000000,0.000000,0.000000,0.000000
tracking_cdrone3_20260822_194912_520_milestone4,milestone4,1787453375.840078831,target_map,1,1,0,detected,5.088490,3.346406,0.312326,1.288257,0.293211,0.067421,0.642530,17.069935,403.750,0,0.069002,0.000000,0.174151,0.367251
tracking_cdrone3_20260822_194912_520_milestone4,milestone4,1787453375.840078831,target_map,2,3,2,predicted,1.663332,-0.333691,0.442716,-0.201296,-0.006474,0.034224,0.000000,14.234603,240.000,0,4.675698,4.675698,1.786494,1.518925
tracking_cdrone3_20260822_194912_520_milestone4,milestone4,1787453375.940340757,target_map,1,1,0,detected,5.217640,3.375801,0.319085,1.288257,0.293211,0.067421,0.626144,17.069935,403.750,0,0.169254,0.000000,0.209239,0.392314
tracking_cdrone3_20260822_194912_520_milestone4,milestone4,1787453375.940340757,target_map,2,3,2,predicted,1.643152,-0.334340,0.446147,-0.201296,-0.006474,0.034224,0.000000,14.234603,240.000,0,4.775950,4.775950,1.821583,1.543988
tracking_cdrone3_20260822_194912_520_milestone4,milestone4,1787453375.996168613,raw,1,1,0,detected,4.212207,3.146965,0.266101,-3.408314,-0.775726,-0.179952,0.648926,16.261894,391.000,1,0.000000,0.000000,0.000000,0.000000
tracking_cdrone3_20260822_194912_520_milestone4,milestone4,1787453376.040278196,target_map,1,1,0,detected,4.158574,3.134758,0.263258,-1.294857,-0.294704,-0.068634,0.642206,16.261894,391.000,1,0.041420,0.000000,0.164497,0.360355
tracking_cdrone3_20260822_194912_520_milestone4,milestone4,1787453376.040278196,target_map,2,3,2,predicted,1.623034,-0.334987,0.449568,-0.201296,-0.006474,0.034224,0.000000,14.234603,240.000,0,4.875893,4.875893,1.856562,1.568973
tracking_cdrone3_20260822_194912_520_milestone4,milestone4,1787453376.140360832,target_map,1,1,0,detected,4.028994,3.105266,0.256389,-1.294857,-0.294704,-0.068634,0.625971,16.261894,391.000,1,0.141493,0.000000,0.199523,0.385373
tracking_cdrone3_20260822_194912_520_milestone4,milestone4,1787453376.140360832,target_map,2,3,2,predicted,1.602890,-0.335635,0.452993,-0.201296,-0.006474,0.034224,0.000000,14.234603,240.000,0,4.975965,4.975965,1.891588,1.593991
tracking_cdrone3_20260822_194912_520_milestone4,milestone4,1787453376.210582733,raw,1,1,0,detected,5.045851,3.345513,0.282957,3.888062,0.926015,0.078619,0.585938,17.118986,367.125,0,0.000000,0.000000,0.000000,0.000000
tracking_cdrone3_20260822_194912_520_milestone4,milestone4,1787453376.239983320,target_map,1,1,0,detected,5.085790,3.355183,0.283275,1.555749,0.376691,0.012355,0.582177,17.118986,367.125,0,0.025672,0.000000,0.158985,0.356418
tracking_cdrone3_20260822_194912_520_milestone4,milestone4,1787453376.340174675,target_map,1,1,0,detected,5.241646,3.392920,0.284512,1.555749,0.376691,0.012355,0.567502,17.118986,367.125,0,0.125852,0.000000,0.194048,0.381463
tracking_cdrone3_20260822_194912_520_milestone4,milestone4,1787453376.411911964,raw,1,1,0,detected,4.806819,3.290908,0.270536,-1.187209,-0.271207,-0.061692,0.632324,16.873688,386.750,1,0.000000,0.000000,0.000000,0.000000
tracking_cdrone3_20260822_194912_520_milestone4,milestone4,1787453376.440431595,target_map,1,1,0,detected,4.807912,3.291380,0.269879,0.047122,0.020347,-0.028371,0.628658,16.873688,386.750,1,0.023189,0.000000,0.158116,0.355797
tracking_cdrone3_20260822_194912_520_milestone4,milestone4,1787453376.540303946,target_map,1,1,0,detected,4.812618,3.293412,0.267045,0.047122,0.020347,-0.028371,0.612872,16.873688,386.750,1,0.123054,0.000000,0.193069,0.380763
tracking_cdrone3_20260822_194912_520_milestone4,milestone4,1787453376.616203547,raw,1,1,0,detected,5.088529,3.352487,0.286150,1.378883,0.301408,0.076425,0.655762,17.162189,415.625,0,0.000000,0.000000,0.000000,0.000000
tracking_cdrone3_20260822_194912_520_milestone4,milestone4,1787453376.639908075,target_map,1,1,0,detected,5.098794,3.354790,0.286536,0.779591,0.174931,0.029267,0.653603,17.162189,415.625,0,0.013168,0.000000,0.154609,0.353292
tracking_cdrone3_20260822_194912_520_milestone4,milestone4,1787453376.740090370,target_map,1,1,0,detected,5.176888,3.372313,0.289467,0.779591,0.174931,0.029267,0.637181,17.162189,415.625,0,0.113340,0.000000,0.189669,0.378335
tracking_cdrone3_20260822_194912_520_milestone4,milestone4,1787453376.841394663,target_map,1,1,0,detected,5.255868,3.390036,0.292433,0.779591,0.174931,0.029267,0.620572,17.162189,415.625,0,0.214650,0.000000,0.225128,0.403663
tracking_cdrone3_20260822_194912_520_milestone4,milestone4,1787453376.843729496,raw,1,1,0,detected,4.898624,3.295288,0.284771,-0.834700,-0.251411,-0.006064,0.652832,16.964243,406.875,1,0.000000,0.000000,0.000000,0.000000
tracking_cdrone3_20260822_194912_520_milestone4,milestone4,1787453376.940315723,target_map,1,1,0,detected,4.888543,3.289742,0.285686,-0.108269,-0.059557,0.009835,0.637635,16.964243,406.875,1,0.093112,0.000000,0.182589,0.373278
tracking_cdrone3_20260822_194912_520_milestone4,milestone4,1787453377.040017128,target_map,1,1,0,detected,4.877747,3.283803,0.286667,-0.108269,-0.059557,0.009835,0.621361,16.964243,406.875,1,0.192827,0.000000,0.217489,0.398207
tracking_cdrone3_20260822_194912_520_milestone4,milestone4,1787453377.063530445,raw,1,1,0,detected,5.051422,3.321534,0.281279,0.695187,0.119415,-0.015885,0.645020,17.118952,406.875,0,0.000000,0.000000,0.000000,0.000000
tracking_cdrone3_20260822_194912_520_milestone4,milestone4,1787453377.140240908,target_map,1,1,0,detected,5.074002,3.324166,0.280987,0.333632,0.038878,-0.004311,0.634106,17.118952,406.875,0,0.067680,0.000000,0.173688,0.366920
tracking_cdrone3_20260822_194912_520_milestone4,milestone4,1787453377.240448475,target_map,1,1,0,detected,5.107426,3.328060,0.280556,0.333632,0.038878,-0.004311,0.617951,17.118952,406.875,0,0.167862,0.000000,0.208752,0.391965
tracking_cdrone3_20260822_194912_520_milestone4,milestone4,1787453377.289873600,raw,1,1,0,detected,5.030757,3.345068,0.282387,-0.091296,0.103967,0.004892,0.643066,17.104233,402.500,1,0.000000,0.000000,0.000000,0.000000
tracking_cdrone3_20260822_194912_520_milestone4,milestone4,1787453377.289873600,raw,3,3,0,detected,2.511657,-0.304976,0.270888,0.000000,0.000000,0.000000,0.432129,14.141563,232.500,0,0.000000,0.000000,0.000000,0.000000
tracking_cdrone3_20260822_194912_520_milestone4,milestone4,1787453377.340123892,target_map,1,1,0,detected,5.035342,3.348494,0.282421,0.099922,0.074677,0.000751,0.635689,17.104233,402.500,1,0.045886,0.000000,0.166060,0.361471
tracking_cdrone3_20260822_194912_520_milestone4,milestone4,1787453377.340123892,target_map,3,3,0,detected,2.511657,-0.304976,0.270888,0.000000,0.000000,0.000000,0.427172,14.141563,232.500,0,0.045886,0.000000,0.166060,0.361471
tracking_cdrone3_20260822_194912_520_milestone4,milestone4,1787453377.440304518,target_map,1,1,0,detected,5.045352,3.355975,0.282496,0.099922,0.074677,0.000751,0.619584,17.104233,402.500,1,0.146065,0.000000,0.201123,0.386516
tracking_cdrone3_20260822_194912_520_milestone4,milestone4,1787453377.440304518,target_map,3,3,0,detected,2.511657,-0.304976,0.270888,0.000000,0.000000,0.000000,0.416349,14.141563,232.500,0,0.146065,0.000000,0.201123,0.386516
tracking_cdrone3_20260822_194912_520_milestone4,milestone4,1787453377.505087137,raw,1,1,0,detected,4.871797,3.290390,0.285788,-0.738616,-0.254064,0.015804,0.658691,16.937019,398.125,1,0.000000,0.000000,0.000000,0.000000
tracking_cdrone3_20260822_194912_520_milestone4,milestone4,1787453377.505087137,raw,3,3,0,detected,2.954965,-0.313041,0.281578,2.059849,-0.037476,0.049672,0.432129,14.584764,232.500,0,0.000000,0.000000,0.000000,0.000000
tracking_cdrone3_20260822_194912_520_milestone4,milestone4,1787453377.539935350,target_map,1,1,0,detected,4.860749,3.287144,0.286064,-0.361274,-0.106130,0.009030,0.653656,16.937019,398.125,1,0.030580,0.000000,0.160703,0.357645
tracking_cdrone3_20260822_194912_520_milestone4,milestone4,1787453377.539935350,target_map,3,3,0,detected,2.989609,-0.313672,0.282413,1.132917,-0.020612,0.027319,0.428825,14.584764,232.500,0,0.030580,0.000000,0.160703,0.357645
tracking_cdrone3_20260822_194912_520_milestone4,milestone4,1787453377.640070677,target_map,1,1,0,detected,4.824574,3.276517,0.286968,-0.361274,-0.106130,0.009030,0.637167,16.937019,398.125,1,0.130713,0.000000,0.195749,0.382678
tracking_cdrone3_20260822_194912_520_milestone4,milestone4,1787453377.640070677,target_map,3,3,0,detected,3.103051,-0.315735,0.285149,1.132917,-0.020612,0.027319,0.418008,14.584764,232.500,0,0.130713,0.000000,0.195749,0.382678
tracking_cdrone3_20260822_194912_520_milestone4,milestone4,1787453377.740570545,target_map,1,1,0,detected,4.788266,3.265851,0.287876,-0.361274,-0.106130,0.009030,0.620617,16.937019,398.125,1,0.231212,0.000000,0.230924,0.407803
tracking_cdrone3_20260822_194912_520_milestone4,milestone4,1787453377.740570545,target_map,3,3,0,detected,3.216909,-0.317807,0.287894,1.132917,-0.020612,0.027319,0.407151,14.584764,232.500,0,0.231212,0.000000,0.230924,0.407803
tracking_cdrone3_20260822_194912_520_milestone4,milestone4,1787453377.762512445,raw,1,1,0,detected,4.590365,3.227416,0.281270,-1.093181,-0.244614,-0.017551,0.621582,16.648594,398.125,1,0.000000,0.000000,0.000000,0.000000
tracking_cdrone3_20260822_194912_520_milestone4,milestone4,1787453377.762512445,raw,3,3,0,detected,2.979243,-0.312182,0.278624,0.094304,0.003340,-0.011475,0.432129,14.608990,232.500,0,0.000000,0.000000,0.000000,0.000000
tracking_cdrone3_20260822_194912_520_milestone4,milestone4,1787453377.840201378,target_map,1,1,0,detected,4.534283,3.214031,0.280859,-0.763823,-0.182297,-0.005589,0.610172,16.648594,398.125,1,0.073424,0.000000,0.175698,0.368356
tracking_cdrone3_20260822_194912_520_milestone4,milestone4,1787453377.840201378,target_map,3,3,0,detected,3.020483,-0.312728,0.279063,0.561680,-0.007438,0.005983,0.424197,14.608990,232.500,0,0.073424,0.000000,0.175698,0.368356
tracking_cdrone3_20260822_194912_520_milestone4,milestone4,1787453377.940235615,target_map,1,1,0,detected,4.457875,3.195795,0.280300,-0.763823,-0.182297,-0.005589,0.594628,16.648594,398.125,1,0.173457,0.000000,0.210710,0.393364
tracking_cdrone3_20260822_194912_520_milestone4,milestone4,1787453377.940235615,target_map,3,3,0,detected,3.076670,-0.313472,0.279662,0.561680,-0.007438,0.005983,0.413390,14.608990,232.500,0,0.173457,0.000000,0.210710,0.393364
tracking_cdrone3_20260822_194912_520_milestone4,milestone4,1787453378.011522055,raw,1,1,0,detected,4.813478,3.281590,0.285463,0.896078,0.217580,0.016842,0.652832,16.878214,398.125,0,0.000000,0.000000,0.000000,0.000000
tracking_cdrone3_20260822_194912_520_milestone4,milestone4,1787453378.040841579,target_map,1,1,0,detected,4.817474,3.282599,0.285644,0.149122,0.037636,0.006748,0.648459,16.878214,398.125,0,0.026796,0.000000,0.159379,0.356699
tracking_cdrone3_20260822_194912_520_milestone4,milestone4,1787453378.040841579,target_map,3,3,2,predicted,3.133180,-0.314220,0.280263,0.561680,-0.007438,0.005983,0.402521,14.608990,232.500,0,0.274066,0.274066,0.245923,0.418517
tracking_cdrone3_20260822_194912_520_milestone4,milestone4,1787453378.140269041,target_map,1,1,0,detected,4.832301,3.286341,0.286315,0.149122,0.037636,0.006748,0.632231,16.878214,398.125,0,0.126226,0.000000,0.194179,0.381556
tracking_cdrone3_20260822_194912_520_milestone4,milestone4,1787453378.140269041,target_map,3,3,2,predicted,3.189028,-0.314960,0.280858,0.561680,-0.007438,0.005983,0.391779,14.608990,232.500,0,0.373496,0.373496,0.280724,0.443374
tracking_cdrone3_20260822_194912_520_milestone4,milestone4,1787453378.239998817,target_map,1,1,0,detected,4.847173,3.290095,0.286988,0.149122,0.037636,0.006748,0.615954,16.878214,398.125,0,0.225958,0.000000,0.229085,0.406489
tracking_cdrone3_20260822_194912_520_milestone4,milestone4,1787453378.239998817,target_map,3,3,2,predicted,3.245045,-0.315702,0.281455,0.561680,-0.007438,0.005983,0.381005,14.608990,232.500,0,0.473228,0.473228,0.315630,0.468307
tracking_cdrone3_20260822_194912_520_milestone4,milestone4,1787453378.268772602,raw,1,1,0,detected,4.784136,3.285211,0.282763,-0.114065,0.014073,-0.010494,0.628906,16.850426,374.000,1,0.000000,0.000000,0.000000,0.000000
tracking_cdrone3_20260822_194912_520_milestone4,milestone4,1787453378.340278387,target_map,1,1,0,detected,4.784438,3.286916,0.282574,0.004369,0.024676,-0.002735,0.618038,16.850426,374.000,1,0.069122,0.000000,0.174193,0.367280
tracking_cdrone3_20260822_194912_520_milestone4,milestone4,1787453378.340278387,target_map,3,3,2,predicted,3.301364,-0.316447,0.282055,0.561680,-0.007438,0.005983,0.370173,14.608990,232.500,0,0.573496,0.573496,0.350724,0.493374
tracking_cdrone3_20260822_194912_520_milestone4,milestone4,1787453378.440356970,target_map,1,1,0,detected,4.784875,3.289386,0.282301,0.004369,0.024676,-0.002735,0.602305,16.850426,374.000,1,0.169193,0.000000,0.209217,0.392298
tracking_cdrone3_20260822_194912_520_milestone4,milestone4,1787453378.440356970,target_map,3,3,2,predicted,3.357572,-0.317192,0.282654,0.561680,-0.007438,0.005983,0.359362,14.608990,232.500,0,0.673567,0.673567,0.385749,0.518392
tracking_cdrone3_20260822_194912_520_milestone4,milestone4,1787453378.489457130,raw,1,1,0,detected,5.114907,3.366899,0.279354,1.498829,0.370155,-0.015448,0.644043,17.191071,406.875,0,0.000000,0.000000,0.000000,0.000000
tracking_cdrone3_20260822_194912_520_milestone4,milestone4,1787453378.540219307,target_map,1,1,0,detected,5.154755,3.377252,0.278885,0.826322,0.214689,-0.009727,0.636279,17.191071,406.875,0,0.048223,0.000000,0.166878,0.362056
tracking_cdrone3_20260822_194912_520_milestone4,milestone4,1787453378.540219307,target_map,3,3,2,predicted,3.413666,-0.317935,0.283251,0.561680,-0.007438,0.005983,0.348573,14.608990,232.500,0,0.773438,0.773438,0.420703,0.543359
tracking_cdrone3_20260822_194912_520_milestone4,milestone4,1787453378.639961243,target_map,1,1,0,detected,5.237180,3.398667,0.277915,0.826322,0.214689,-0.009727,0.620218,17.191071,406.875,0,0.147973,0.000000,0.201791,0.386993
tracking_cdrone3_20260822_194912_520_milestone4,milestone4,1787453378.639961243,target_map,3,3,2,predicted,3.469694,-0.318677,0.283848,0.561680,-0.007438,0.005983,0.337797,14.608990,232.500,0,0.873188,0.873188,0.455616,0.568297
tracking_cdrone3_20260822_194912_520_milestone4,milestone4,1787453378.734595776,raw,1,1,0,detected,4.764240,3.286613,0.268603,-1.430451,-0.327505,-0.043856,0.640625,16.831236,411.250,1,0.000000,0.000000,0.000000,0.000000
tracking_cdrone3_20260822_194912_520_milestone4,milestone4,1787453378.740095615,target_map,1,1,0,detected,4.763075,3.286378,0.268523,-0.414903,-0.083517,-0.028498,0.640175,16.831236,411.250,1,0.002809,0.000000,0.150983,0.350702
tracking_cdrone3_20260822_194912_520_milestone4,milestone4,1787453378.740095615,target_map,3,3,2,predicted,3.525939,-0.319421,0.284447,0.561680,-0.007438,0.005983,0.326978,14.608990,232.500,0,0.973325,0.973325,0.490664,0.593331
tracking_cdrone3_20260822_194912_520_milestone4,milestone4,1787453378.839924335,target_map,1,1,0,detected,4.721656,3.278041,0.265678,-0.414903,-0.083517,-0.028498,0.624187,16.831236,411.250,1,0.102638,0.000000,0.185923,0.375659
tracking_cdrone3_20260822_194912_520_milestone4,milestone4,1787453378.839924335,target_map,3,3,2,predicted,3.582011,-0.320164,0.285044,0.561680,-0.007438,0.005983,0.316194,14.608990,232.500,0,1.073153,1.073153,0.525604,0.618288
tracking_cdrone3_20260822_194912_520_milestone4,milestone4,1787453378.940209627,target_map,1,1,0,detected,4.680052,3.269666,0.262821,-0.414903,-0.083517,-0.028498,0.608128,16.831236,411.250,1,0.202910,0.000000,0.221018,0.400727
tracking_cdrone3_20260822_194912_520_milestone4,milestone4,1787453378.940209627,target_map,3,3,2,predicted,3.638332,-0.320910,0.285644,0.561680,-0.007438,0.005983,0.305361,14.608990,232.500,0,1.173426,1.173426,0.560699,0.643356
tracking_cdrone3_20260822_194912_520_milestone4,milestone4,1787453378.973264694,raw,1,1,0,detected,4.796225,3.293849,0.279110,0.134003,0.030317,0.044021,0.656250,16.864138,420.000,0,0.000000,0.000000,0.000000,0.000000
tracking_cdrone3_20260822_194912_520_milestone4,milestone4,1787453379.040344715,target_map,1,1,0,detected,4.789272,3.292563,0.279811,-0.113005,-0.020908,0.011387,0.646157,16.864138,420.000,0,0.061521,0.000000,0.171532,0.365380
tracking_cdrone3_20260822_194912_520_milestone4,milestone4,1787453379.040344715,target_map,3,3,2,predicted,3.694584,-0.321655,0.286243,0.561680,-0.007438,0.005983,0.294542,14.608990,232.500,0,1.273576,1.273576,0.595752,0.668394
tracking_cdrone3_20260822_194912_520_milestone4,milestone4,1787453379.140132666,target_map,1,1,0,detected,4.777997,3.290477,0.280947,-0.113005,-0.020908,0.011387,0.629787,16.864138,420.000,0,0.161297,0.000000,0.206454,0.390324
tracking_cdrone3_20260822_194912_520_milestone4,milestone4,1787453379.140132666,target_map,3,3,2,predicted,3.750626,-0.322397,0.286840,0.561680,-0.007438,0.005983,0.283763,14.608990,232.500,0,1.373352,1.373352,0.630673,0.693338
tracking_cdrone3_20260822_194912_520_milestone4,milestone4,1787453379.215999126,raw,1,1,0,detected,4.916967,3.314769,0.283836,0.497461,0.086189,0.019471,0.636719,16.986534,411.250,0,0.000000,0.000000,0.000000,0.000000
tracking_cdrone3_20260822_194912_520_milestone4,milestone4,1787453379.239992857,target_map,1,1,0,detected,4.921758,3.315586,0.284177,0.222751,0.037995,0.015833,0.633295,16.986534,411.250,0,0.021508,0.000000,0.157528,0.355377
tracking_cdrone3_20260822_194912_520_milestone4,milestone4,1787453379.239992857,target_map,3,3,2,predicted,3.806721,-0.323140,0.287438,0.561680,-0.007438,0.005983,0.272974,14.608990,232.500,0,1.473221,1.473221,0.665627,0.718305
tracking_cdrone3_20260822_194912_520_milestone4,milestone4,1787453379.340115070,target_map,1,1,0,detected,4.944058,3.319390,0.285762,0.222751,0.037995,0.015833,0.617359,16.986534,411.250,0,0.121619,0.000000,0.192567,0.380405
tracking_cdrone3_20260822_194912_520_milestone4,milestone4,1787453379.340115070,target_map,3,3,2,predicted,3.862952,-0.323884,0.288037,0.561680,-0.007438,0.005983,0.262158,14.608990,232.500,0,1.573333,1.573333,0.700667,0.743333
tracking_cdrone3_20260822_194912_520_milestone4,milestone4,1787453379.416238308,raw,1,1,0,detected,4.749457,3.274194,0.288527,-0.836546,-0.202628,0.023425,0.648926,16.814264,398.125,1,0.000000,0.000000,0.000000,0.000000
tracking_cdrone3_20260822_194912_520_milestone4,milestone4,1787453379.440211535,target_map,1,1,0,detected,4.741974,3.272233,0.288943,-0.359862,-0.094348,0.020009,0.645553,16.814264,398.125,1,0.020792,0.000000,0.157277,0.355198
tracking_cdrone3_20260822_194912_520_milestone4,milestone4,1787453379.440211535,target_map,3,3,2,predicted,3.919174,-0.324629,0.288635,0.561680,-0.007438,0.005983,0.251344,14.608990,232.500,0,1.673431,1.673431,0.735701,0.768358
tracking_cdrone3_20260822_194912_520_milestone4,milestone4,1787453379.540379763,target_map,1,1,0,detected,4.705939,3.262785,0.290946,-0.359862,-0.094348,0.020009,0.629307,16.814264,398.125,1,0.120930,0.000000,0.192326,0.380233
tracking_cdrone3_20260822_194912_520_milestone4,milestone4,1787453379.540379763,target_map,3,3,2,predicted,3.975420,-0.325374,0.289235,0.561680,-0.007438,0.005983,0.240526,14.608990,232.500,0,1.773568,1.773568,0.770749,0.793392
tracking_cdrone3_20260822_194912_520_milestone4,milestone4,1787453379.621632814,raw,1,1,0,detected,5.014307,3.336916,0.287455,1.289467,0.305373,-0.005218,0.629883,17.086384,406.875,0,0.000000,0.000000,0.000000,0.000000
tracking_cdrone3_20260822_194912_520_milestone4,milestone4,1787453379.640570879,target_map,1,1,0,detected,5.022601,3.338819,0.287548,0.547269,0.125499,0.006134,0.627496,17.086384,406.875,0,0.015157,0.000000,0.155305,0.353789
tracking_cdrone3_20260822_194912_520_milestone4,milestone4,1787453379.640570879,target_map,3,3,2,predicted,4.031715,-0.326119,0.289834,0.561680,-0.007438,0.005983,0.229699,14.608990,232.500,0,1.873796,1.873796,0.805829,0.818449
tracking_cdrone3_20260822_194912_520_milestone4,milestone4,1787453379.739959955,target_map,1,1,0,detected,5.076996,3.351292,0.288158,0.547269,0.125499,0.006134,0.611845,17.086384,406.875,0,0.114550,0.000000,0.190092,0.378637
tracking_cdrone3_20260822_194912_520_milestone4,milestone4,1787453379.739959955,target_map,3,3,2,predicted,4.087543,-0.326859,0.290429,0.561680,-0.007438,0.005983,0.218961,14.608990,232.500,0,1.973190,1.973190,0.840616,0.843297
tracking_cdrone3_20260822_194912_520_milestone4,milestone4,1787453379.840305328,target_map,1,1,0,detected,5.131905,3.363884,0.288773,0.547269,0.125499,0.006134,0.596045,17.086384,406.875,0,0.214881,0.000000,0.225208,0.403720
tracking_cdrone3_20260822_194912_520_milestone4,milestone4,1787453379.840305328,target_map,3,3,2,predicted,4.143897,-0.327605,0.291029,0.561680,-0.007438,0.005983,0.208122,14.608990,232.500,0,2.073521,2.073521,0.875732,0.868380
tracking_cdrone3_20260822_194912_520_milestone4,milestone4,1787453379.842771292,raw,1,1,0,detected,5.136829,3.374661,0.286548,0.554071,0.170690,-0.004102,0.641602,17.214273,389.375,0,0.000000,0.000000,0.000000,0.000000
tracking_cdrone3_20260822_194912_520_milestone4,milestone4,1787453379.940268993,target_map,1,1,0,detected,5.189153,3.388939,0.286596,0.551010,0.150354,0.000504,0.626370,17.214273,389.375,0,0.094960,0.000000,0.183236,0.373740
tracking_cdrone3_20260822_194912_520_milestone4,milestone4,1787453379.940268993,target_map,3,3,2,predicted,4.200048,-0.328349,0.291627,0.561680,-0.007438,0.005983,0.197322,14.608990,232.500,0,2.173491,2.173491,0.910722,0.893373
tracking_cdrone3_20260822_194912_520_milestone4,milestone4,1787453380.039988041,target_map,1,1,0,detected,5.244102,3.403933,0.286646,0.551010,0.150354,0.000504,0.610374,17.214273,389.375,0,0.194682,0.000000,0.218139,0.398671
tracking_cdrone3_20260822_194912_520_milestone4,milestone4,1787453380.039988041,target_map,3,3,2,predicted,4.256060,-0.329090,0.292224,0.561680,-0.007438,0.005983,0.186549,14.608990,232.500,0,2.273213,2.273213,0.945625,0.918303
tracking_cdrone3_20260822_194912_520_milestone4,milestone4,1787453380.067933321,raw,1,1,0,detected,5.108329,3.360704,0.281519,-0.126572,-0.061988,-0.022335,0.645996,17.183262,393.750,1,0.000000,0.000000,0.000000,0.000000
tracking_cdrone3_20260822_194912_520_milestone4,milestone4,1787453380.140261650,target_map,1,1,0,detected,5.120720,3.363036,0.280681,0.178340,0.033566,-0.012057,0.634776,17.183262,393.750,1,0.069477,0.000000,0.174317,0.367369
tracking_cdrone3_20260822_194912_520_milestone4,milestone4,1787453380.140261650,target_map,3,3,2,predicted,4.312376,-0.329836,0.292824,0.561680,-0.007438,0.005983,0.175717,14.608990,232.500,0,2.373478,2.373478,0.980717,0.943370
tracking_cdrone3_20260822_194912_520_milestone4,milestone4,1787453380.240281582,target_map,1,1,0,detected,5.138557,3.366393,0.279475,0.178340,0.033566,-0.012057,0.618623,17.183262,393.750,1,0.169495,0.000000,0.209323,0.392374
tracking_cdrone3_20260822_194912_520_milestone4,milestone4,1787453380.240281582,target_map,3,3,2,predicted,4.368555,-0.330580,0.293422,0.561680,-0.007438,0.005983,0.164912,14.608990,232.500,0,2.473496,2.473496,1.015724,0.968374
tracking_cdrone3_20260822_194912_520_milestone4,milestone4,1787453380.288235188,raw,1,1,0,detected,4.932333,3.318886,0.285292,-0.798898,-0.189823,0.017127,0.666992,17.002417,436.500,1,0.000000,0.000000,0.000000,0.000000
tracking_cdrone3_20260822_194912_520_milestone4,milestone4,1787453380.340263605,target_map,1,1,0,detected,4.916091,3.314847,0.285473,-0.359141,-0.089298,0.003994,0.659451,17.002417,436.500,1,0.045226,0.000000,0.165829,0.361307
tracking_cdrone3_20260822_194912_520_milestone4,milestone4,1787453380.340263605,target_map,3,3,2,predicted,4.424715,-0.331324,0.294020,0.561680,-0.007438,0.005983,0.154110,14.608990,232.500,0,2.573482,2.573482,1.050719,0.993371
tracking_cdrone3_20260822_194912_520_milestone4,milestone4,1787453380.440458775,target_map,1,1,0,detected,4.880110,3.305901,0.285873,-0.359141,-0.089298,0.003994,0.642745,17.002417,436.500,1,0.145412,0.000000,0.200894,0.386353
tracking_cdrone3_20260822_194912_520_milestone4,milestone4,1787453380.440458775,target_map,3,3,2,predicted,4.480987,-0.332069,0.294620,0.561680,-0.007438,0.005983,0.143287,14.608990,232.500,0,2.673668,2.673668,1.085784,1.018417
tracking_cdrone3_20260822_194912_520_milestone4,milestone4,1787453380.492113352,raw,1,1,0,detected,4.798651,3.293979,0.280905,-0.655685,-0.122165,-0.021519,0.687500,16.866541,406.875,1,0.000000,0.000000,0.000000,0.000000
tracking_cdrone3_20260822_194912_520_milestone4,milestone4,1787453380.540242672,target_map,1,1,0,detected,4.775858,3.289292,0.280466,-0.522240,-0.107375,-0.010038,0.679999,16.866541,406.875,1,0.043644,0.000000,0.165276,0.360911
tracking_cdrone3_20260822_194912_520_milestone4,milestone4,1787453380.540242672,target_map,3,3,2,predicted,4.537040,-0.332811,0.295217,0.561680,-0.007438,0.005983,0.132505,14.608990,232.500,0,2.773463,2.773463,1.120712,1.043366
tracking_cdrone3_20260822_194912_520_milestone4,milestone4,1787453380.640047789,target_map,1,1,0,detected,4.723734,3.278576,0.279465,-0.522240,-0.107375,-0.010038,0.662844,16.866541,406.875,1,0.143452,0.000000,0.200208,0.385863
tracking_cdrone3_20260822_194912_520_milestone4,milestone4,1787453380.640047789,target_map,3,3,2,predicted,4.593100,-0.333554,0.295814,0.561680,-0.007438,0.005983,0.121723,14.608990,232.500,0,2.873271,2.873271,1.155645,1.068318
tracking_cdrone3_20260822_194912_520_milestone4,milestone4,1787453380.704169512,raw,1,1,0,detected,4.424048,3.192149,0.281356,-1.766450,-0.480179,0.002126,0.654785,16.478649,395.250,1,0.000000,0.000000,0.000000,0.000000
tracking_cdrone3_20260822_194912_520_milestone4,milestone4,1787453380.740675449,target_map,1,1,0,detected,4.388835,3.183031,0.281258,-1.206555,-0.312417,-0.003348,0.650008,16.478649,395.250,1,0.029185,0.000000,0.160215,0.357296
tracking_cdrone3_20260822_194912_520_milestone4,milestone4,1787453380.740675449,target_map,3,3,2,predicted,4.649623,-0.334302,0.296416,0.561680,-0.007438,0.005983,0.110851,14.608990,232.500,0,2.973904,2.973904,1.190866,1.093476
tracking_cdrone3_20260822_194912_520_milestone4,milestone4,1787453380.840184212,target_map,1,1,0,detected,4.268790,3.151948,0.280925,-1.206555,-0.312417,-0.003348,0.633721,16.478649,395.250,1,0.128679,0.000000,0.195037,0.382170
tracking_cdrone3_20260822_194912_520_milestone4,milestone4,1787453380.840184212,target_map,3,3,2,predicted,4.705507,-0.335042,0.297011,0.561680,-0.007438,0.005983,0.100103,14.608990,232.500,0,3.073398,3.073398,1.225689,1.118349
tracking_cdrone3_20260822_194912_520_milestone4,milestone4,1787453380.901867151,raw,1,1,0,detected,4.699148,3.255085,0.289717,1.391575,0.318357,0.042296,0.654785,16.760899,402.500,0,0.000000,0.000000,0.000000,0.000000
tracking_cdrone3_20260822_194912_520_milestone4,milestone4,1787453380.940226555,target_map,1,1,0,detected,4.707074,3.256315,0.290492,0.222416,0.034508,0.021756,0.648952,16.760899,402.500,0,0.035633,0.000000,0.162472,0.358908
tracking_cdrone3_20260822_194912_520_milestone4,milestone4,1787453380.940226555,target_map,3,3,2,predicted,4.761705,-0.335787,0.297610,0.561680,-0.007438,0.005983,0.089294,14.608990,232.500,0,3.173450,3.173450,1.260708,1.143363
tracking_cdrone3_20260822_194912_520_milestone4,milestone4,1787453381.040037155,target_map,1,1,0,detected,4.729272,3.259759,0.292664,0.222416,0.034508,0.021756,0.632614,16.760899,402.500,0,0.135441,0.000000,0.197404,0.383860
tracking_cdrone3_20260822_194912_520_milestone4,milestone4,1787453381.040037155,target_map,3,3,2,predicted,4.817765,-0.336529,0.298207,0.561680,-0.007438,0.005983,0.078512,14.608990,232.500,0,3.273258,3.273258,1.295640,1.168315
tracking_cdrone3_20260822_194912_520_milestone4,milestone4,1787453381.114865065,raw,1,1,0,detected,4.991843,3.329670,0.288028,1.374027,0.350132,-0.007928,0.641602,17.062868,391.000,0,0.000000,0.000000,0.000000,0.000000
tracking_cdrone3_20260822_194912_520_milestone4,milestone4,1787453381.143086433,target_map,1,1,0,detected,5.013274,3.334882,0.288164,0.855802,0.208101,0.005430,0.637585,17.062868,391.000,0,0.025043,0.000000,0.158765,0.356261
tracking_cdrone3_20260822_194912_520_milestone4,milestone4,1787453381.143086433,target_map,3,3,2,predicted,4.875648,-0.337296,0.298823,0.561680,-0.007438,0.005983,0.067379,14.608990,232.500,0,3.376311,3.376311,1.331709,1.194078
tracking_cdrone3_20260822_194912_520_milestone4,milestone4,1787453381.240175009,target_map,1,1,0,detected,5.096360,3.355085,0.288691,0.855802,0.208101,0.005430,0.622012,17.062868,391.000,0,0.122128,0.000000,0.192745,0.380532
tracking_cdrone3_20260822_194912_520_milestone4,milestone4,1787453381.240175009,target_map,3,3,2,predicted,4.930178,-0.338018,0.299404,0.561680,-0.007438,0.005983,0.056890,14.608990,232.500,0,3.473396,3.473396,1.365689,1.218349
tracking_cdrone3_20260822_194912_520_milestone4,milestone4,1787453381.327291012,raw,1,1,0,detected,4.686132,3.260150,0.282237,-1.439354,-0.327315,-0.027266,0.640137,16.749325,393.750,1,0.000000,0.000000,0.000000,0.000000
tracking_cdrone3_20260822_194912_520_milestone4,milestone4,1787453381.341160774,target_map,1,1,0,detected,4.681491,3.259164,0.282094,-0.406534,-0.086378,-0.012553,0.638310,16.749325,393.750,1,0.011416,0.000000,0.153996,0.352854
tracking_cdrone3_20260822_194912_520_milestone4,milestone4,1787453381.341160774,target_map,3,3,2,predicted,4.986904,-0.338769,0.300008,0.561680,-0.007438,0.005983,0.045980,14.608990,232.500,0,3.574389,3.574389,1.401036,1.243597
tracking_cdrone3_20260822_194912_520_milestone4,milestone4,1787453381.440004110,target_map,1,1,0,detected,4.641310,3.250627,0.280853,-0.406534,-0.086378,-0.012553,0.622492,16.749325,393.750,1,0.110254,0.000000,0.188589,0.377564
tracking_cdrone3_20260822_194912_520_milestone4,milestone4,1787453381.440004110,target_map,3,3,2,predicted,5.042419,-0.339504,0.300600,0.561680,-0.007438,0.005983,0.035302,14.608990,232.500,0,3.673227,3.673227,1.435629,1.268307
tracking_cdrone3_20260822_194912_520_milestone4,milestone4,1787453381.534459591,raw,1,1,0,detected,4.974638,3.327723,0.277791,1.392447,0.326132,-0.021458,0.626953,17.045538,386.750,0,0.000000,0.000000,0.000000,0.000000
tracking_cdrone3_20260822_194912_520_milestone4,milestone4,1787453381.540146112,target_map,1,1,0,detected,4.976504,3.328172,0.277735,0.582906,0.140503,-0.017451,0.626452,17.045538,386.750,0,0.003200,0.000000,0.151120,0.350800
tracking_cdrone3_20260822_194912_520_milestone4,milestone4,1787453381.540146112,target_map,3,3,2,predicted,5.098669,-0.340249,0.301199,0.561680,-0.007438,0.005983,0.024483,14.608990,232.500,0,3.773373,3.773373,1.470681,1.293343
tracking_cdrone3_20260822_194912_520_milestone4,milestone4,1787453381.640241623,target_map,1,1,0,detected,5.034847,3.342235,0.275989,0.582906,0.140503,-0.017451,0.610764,17.045538,386.750,0,0.103290,0.000000,0.186152,0.375823
tracking_cdrone3_20260822_194912_520_milestone4,milestone4,1787453381.640241623,target_map,3,3,2,predicted,5.154888,-0.340994,0.301798,0.561680,-0.007438,0.005983,0.013670,14.608990,232.500,0,3.873464,3.873464,1.505712,1.318366
tracking_cdrone3_20260822_194912_520_milestone4,milestone4,1787453381.740506411,target_map,1,1,0,detected,5.093281,3.356320,0.274239,0.582906,0.140503,-0.017451,0.595051,17.045538,386.750,0,0.203536,0.000000,0.221238,0.400884
tracking_cdrone3_20260822_194912_520_milestone4,milestone4,1787453381.740506411,target_map,3,3,2,predicted,5.211194,-0.341739,0.302397,0.561680,-0.007438,0.005983,0.002840,14.608990,232.500,0,3.973710,3.973710,1.540798,1.343427
tracking_cdrone3_20260822_194912_520_milestone4,milestone4,1787453381.758474112,raw,1,1,0,detected,4.893236,3.299445,0.295874,-0.363394,-0.126238,0.080725,0.638672,16.960138,391.000,1,0.000000,0.000000,0.000000,0.000000
tracking_cdrone3_20260822_194912_520_milestone4,milestone4,1787453381.840280294,target_map,1,1,0,detected,4.898085,3.298963,0.298712,0.062441,-0.006205,0.036546,0.626273,16.960138,391.000,1,0.077652,0.000000,0.177178,0.369413
tracking_cdrone3_20260822_194912_520_milestone4,milestone4,1787453381.840280294,target_map,3,3,2,predicted,5.267246,-0.342482,0.302994,0.561680,-0.007438,0.005983,0.000000,14.608990,232.500,0,4.073503,4.073503,1.575726,1.368376
tracking_cdrone3_20260822_194912_520_milestone4,milestone4,1787453381.940538883,target_map,1,1,0,detected,4.904342,3.298341,0.302374,0.062441,-0.006205,0.036546,0.610273,16.960138,391.000,1,0.177863,0.000000,0.212252,0.394466
tracking_cdrone3_20260822_194912_520_milestone4,milestone4,1787453381.940538883,target_map,3,3,2,predicted,5.323532,-0.343227,0.303594,0.561680,-0.007438,0.005983,0.000000,14.608990,232.500,0,4.173713,4.173713,1.610800,1.393428
tracking_cdrone3_20260822_194912_520_milestone4,milestone4,1787453381.984343290,raw,1,1,0,detected,4.669492,3.255494,0.279983,-0.990669,-0.194599,-0.070360,0.636230,16.732019,402.500,1,0.000000,0.000000,0.000000,0.000000
tracking_cdrone3_20260822_194912_520_milestone4,milestone4,1787453382.040265083,target_map,1,1,0,detected,4.643874,3.250050,0.278880,-0.516770,-0.109822,-0.022252,0.628345,16.732019,402.500,1,0.049573,0.000000,0.167351,0.362393
tracking_cdrone3_20260822_194912_520_milestone4,milestone4,1787453382.040265083,target_map,3,3,2,predicted,5.379574,-0.343969,0.304191,0.561680,-0.007438,0.005983,0.000000,14.608990,232.500,0,4.273489,4.273489,1.645721,1.418372
tracking_cdrone3_20260822_194912_520_milestone4,milestone4,1787453382.139956236,target_map,1,1,0,detected,4.592354,3.239101,0.276662,-0.516770,-0.109822,-0.022252,0.612488,16.732019,402.500,1,0.149269,0.000000,0.202244,0.387317
tracking_cdrone3_20260822_194912_520_milestone4,milestone4,1787453382.139956236,target_map,3,3,2,predicted,5.435571,-0.344711,0.304787,0.561680,-0.007438,0.005983,0.000000,14.608990,232.500,0,4.373185,4.373185,1.680615,1.443296
tracking_cdrone3_20260822_194912_520_milestone4,milestone4,1787453382.221026659,raw,1,1,0,detected,5.231176,3.395018,0.279264,2.373075,0.589477,-0.003037,0.634277,17.310638,391.000,0,0.000000,0.000000,0.000000,0.000000
tracking_cdrone3_20260822_194912_520_milestone4,milestone4,1787453382.240278721,target_map,1,1,0,detected,5.248780,3.399528,0.279073,1.072645,0.274793,-0.011684,0.631675,17.310638,391.000,0,0.016412,0.000000,0.155744,0.354103
tracking_cdrone3_20260822_194912_520_milestone4,milestone4,1787453382.240278721,target_map,3,3,2,predicted,5.491916,-0.345457,0.305387,0.561680,-0.007438,0.005983,0.000000,14.608990,232.500,0,4.473500,4.473500,1.715725,1.468375
tracking_cdrone3_20260822_194912_520_milestone4,milestone4,1787453382.340525150,target_map,1,1,0,detected,5.356249,3.427059,0.277902,1.072645,0.274793,-0.011684,0.615788,17.310638,391.000,0,0.116602,0.000000,0.190811,0.379151
tracking_cdrone3_20260822_194912_520_milestone4,milestone4,1787453382.340525150,target_map,3,3,2,predicted,5.548191,-0.346202,0.305987,0.561680,-0.007438,0.005983,0.000000,14.608990,232.500,0,4.573690,4.573690,1.750792,1.493423
tracking_cdrone3_20260822_194912_520_milestone4,milestone4,1787453382.437856197,raw,1,1,0,detected,4.969234,3.330200,0.274028,-1.208048,-0.298934,-0.024150,0.630371,17.040806,406.875,1,0.000000,0.000000,0.000000,0.000000
tracking_cdrone3_20260822_194912_520_milestone4,milestone4,1787453382.440145016,target_map,1,1,0,detected,5.463169,3.454450,0.276737,1.072645,0.274793,-0.011684,0.599982,17.310638,391.000,0,0.216281,0.000000,0.225698,0.404070
tracking_cdrone3_20260822_194912_520_milestone4,milestone4,1787453382.440145016,target_map,3,3,2,predicted,5.604178,-0.346944,0.306583,0.561680,-0.007438,0.005983,0.000000,14.608990,232.500,0,4.673369,4.673369,1.785679,1.518342
tracking_cdrone3_20260822_194912_520_milestone4,milestone4,1787453382.539926052,target_map,1,1,0,detected,4.951983,3.326331,0.272268,-0.181736,-0.040757,-0.018540,0.615411,17.040806,406.875,1,0.094926,0.000000,0.183224,0.373731
tracking_cdrone3_20260822_194912_520_milestone4,milestone4,1787453382.539926052,target_map,3,3,2,predicted,5.660228,-0.347686,0.307180,0.561680,-0.007438,0.005983,0.000000,14.608990,232.500,0,4.773158,4.773158,1.820605,1.543290
tracking_cdrone3_20260822_194912_520_milestone4,milestone4,1787453382.640504360,target_map,1,1,0,detected,4.933708,3.322232,0.270404,-0.181736,-0.040757,-0.018540,0.599564,17.040806,406.875,1,0.195485,0.000000,0.218420,0.398871
tracking_cdrone3_20260822_194912_520_milestone4,milestone4,1787453382.640504360,target_map,3,3,2,predicted,5.716710,-0.348434,0.307782,0.561680,-0.007438,0.005983,0.000000,14.608990,232.500,0,4.873717,4.873717,1.855801,1.568429
tracking_cdrone3_20260822_194912_520_milestone4,milestone4,1787453382.656827450,raw,1,1,0,detected,4.733873,3.262635,0.302566,-1.074868,-0.308562,0.130329,0.660156,16.796692,399.500,1,0.000000,0.000000,0.000000,0.000000
tracking_cdrone3_20260822_194912_520_milestone4,milestone4,1787453382.656827450,raw,5,5,0,detected,2.772360,-2.809474,0.318944,0.000000,0.000000,0.000000,0.429199,14.579959,396.000,0,0.000000,0.000000,0.000000,0.000000
tracking_cdrone3_20260822_194912_520_milestone4,milestone4,1787453382.739976406,target_map,1,1,0,detected,4.682269,3.248214,0.307423,-0.672958,-0.188050,0.063338,0.647501,16.796692,399.500,1,0.076683,0.000000,0.176839,0.369171
tracking_cdrone3_20260822_194912_520_milestone4,milestone4,1787453382.739976406,target_map,3,3,2,predicted,5.772589,-0.349174,0.308377,0.561680,-0.007438,0.005983,0.000000,14.608990,232.500,0,4.973204,4.973204,1.890621,1.593301
tracking_cdrone3_20260822_194912_520_milestone4,milestone4,1787453382.739976406,target_map,4,5,0,detected,2.772360,-2.809474,0.318944,0.000000,0.000000,0.000000,0.420971,14.579959,396.000,0,0.076683,0.000000,0.176839,0.369171
tracking_cdrone3_20260822_194912_520_milestone4,milestone4,1787453382.840382099,target_map,1,1,0,detected,4.614719,3.229339,0.313780,-0.672958,-0.188050,0.063338,0.630935,16.796692,399.500,1,0.177059,0.000000,0.211971,0.394265
tracking_cdrone3_20260822_194912_520_milestone4,milestone4,1787453382.840382099,target_map,4,5,0,detected,2.772360,-2.809474,0.318944,0.000000,0.000000,0.000000,0.410201,14.579959,396.000,0,0.177059,0.000000,0.211971,0.394265
tracking_cdrone3_20260822_194912_520_milestone4,milestone4,1787453382.885903597,raw,1,1,0,detected,4.965042,3.321450,0.289871,1.009097,0.256742,-0.055417,0.662109,17.034929,423.000,0,0.000000,0.000000,0.000000,0.000000
tracking_cdrone3_20260822_194912_520_milestone4,milestone4,1787453382.885903597,raw,5,5,0,detected,2.655410,-2.788773,0.300260,-0.510509,0.090364,-0.081556,0.429199,14.460862,396.000,1,0.000000,0.000000,0.000000,0.000000
tracking_cdrone3_20260822_194912_520_milestone4,milestone4,1787453382.940261126,target_map,1,1,0,detected,4.977766,3.324305,0.289771,0.252172,0.056586,-0.001977,0.653757,17.034929,423.000,0,0.050457,0.000000,0.167660,0.362614
tracking_cdrone3_20260822_194912_520_milestone4,milestone4,1787453382.940261126,target_map,4,5,0,detected,2.641243,-2.786265,0.297997,-0.280780,0.049700,-0.044856,0.423785,14.460862,396.000,1,0.050457,0.000000,0.167660,0.362614
tracking_cdrone3_20260822_194912_520_milestone4,milestone4,1787453383.040327787,target_map,1,1,0,detected,5.003004,3.329968,0.289573,0.252172,0.056586,-0.001977,0.637191,17.034929,423.000,0,0.150538,0.000000,0.202688,0.387635
tracking_cdrone3_20260822_194912_520_milestone4,milestone4,1787453383.040327787,target_map,4,5,0,detected,2.613142,-2.781291,0.293508,-0.280780,0.049700,-0.044856,0.413047,14.460862,396.000,1,0.150538,0.000000,0.202688,0.387635
tracking_cdrone3_20260822_194912_520_milestone4,milestone4,1787453383.129541874,raw,1,1,0,detected,4.963179,3.323315,0.290232,-0.007649,0.007652,0.001482,0.666016,17.033539,406.875,0,0.000000,0.000000,0.000000,0.000000
tracking_cdrone3_20260822_194912_520_milestone4,milestone4,1787453383.129541874,raw,5,5,0,detected,2.701366,-2.794750,0.300922,0.188628,-0.024534,0.002719,0.429199,14.507177,396.000,0,0.000000,0.000000,0.000000,0.000000
tracking_cdrone3_20260822_194912_520_milestone4,milestone4,1787453383.141326427,target_map,1,1,0,detected,4.964094,3.323563,0.290231,0.109271,0.029672,-0.000074,0.664621,17.033539,406.875,0,0.008377,0.000000,0.152932,0.352094
tracking_cdrone3_20260822_194912_520_milestone4,milestone4,1787453383.141326427,target_map,4,5,0,detected,2.701177,-2.794676,0.300766,-0.022605,0.008871,-0.018690,0.428300,14.507177,396.000,0,0.008377,0.000000,0.152932,0.352094
tracking_cdrone3_20260822_194912_520_milestone4,milestone4,1787453383.240263462,target_map,1,1,0,detected,4.974906,3.326499,0.290224,0.109271,0.029672,-0.000074,0.648145,17.033539,406.875,0,0.107329,0.000000,0.187565,0.376832
tracking_cdrone3_20260822_194912_520_milestone4,milestone4,1787453383.240263462,target_map,4,5,0,detected,2.698940,-2.793798,0.298917,-0.022605,0.008871,-0.018690,0.417683,14.507177,396.000,0,0.107329,0.000000,0.187565,0.376832
tracking_cdrone3_20260822_194912_520_milestone4,milestone4,1787453383.340156555,target_map,1,1,0,detected,4.985820,3.329463,0.290216,0.109271,0.029672,-0.000074,0.631515,17.033539,406.875,0,0.207206,0.000000,0.222522,0.401801
tracking_cdrone3_20260822_194912_520_milestone4,milestone4,1787453383.340156555,target_map,4,5,0,detected,2.696682,-2.792912,0.297050,-0.022605,0.008871,-0.018690,0.406966,14.507177,396.000,0,0.207206,0.000000,0.222522,0.401801
tracking_cdrone3_20260822_194912_520_milestone4,milestone4,1787453383.365314960,raw,1,1,0,detected,4.986466,3.340082,0.286036,0.098768,0.071115,-0.017797,0.651367,17.059967,389.375,0,0.000000,0.000000,0.000000,0.000000
tracking_cdrone3_20260822_194912_520_milestone4,milestone4,1787453383.440281153,target_map,1,1,0,detected,4.993549,3.343673,0.285363,0.103494,0.052466,-0.009822,0.640223,17.059967,389.375,0,0.068438,0.000000,0.173953,0.367110
tracking_cdrone3_20260822_194912_520_milestone4,milestone4,1787453383.440281153,target_map,4,5,2,predicted,2.694419,-2.792024,0.295178,-0.022605,0.008871,-0.018690,0.396222,14.507177,396.000,0,0.307336,0.307336,0.257568,0.426834
tracking_cdrone3_20260822_194912_520_milestone4,milestone4,1787453383.540357113,target_map,1,1,0,detected,5.003906,3.348923,0.284380,0.103494,0.052466,-0.009822,0.623927,17.059967,389.375,0,0.168509,0.000000,0.208978,0.392127
tracking_cdrone3_20260822_194912_520_milestone4,milestone4,1787453383.540357113,target_map,4,5,2,predicted,2.692157,-2.791136,0.293308,-0.022605,0.008871,-0.018690,0.385485,14.507177,396.000,0,0.407407,0.407407,0.292592,0.451852
tracking_cdrone3_20260822_194912_520_milestone4,milestone4,1787453383.583315372,raw,1,1,0,detected,4.865381,3.312297,0.281544,-0.555415,-0.127449,-0.020602,0.640625,16.935698,402.500,1,0.000000,0.000000,0.000000,0.000000
tracking_cdrone3_20260822_194912_520_milestone4,milestone4,1787453383.639925718,target_map,1,1,0,detected,4.851464,3.309798,0.280697,-0.258906,-0.046487,-0.015751,0.632016,16.935698,402.500,1,0.053755,0.000000,0.168814,0.363439
tracking_cdrone3_20260822_194912_520_milestone4,milestone4,1787453383.639925718,target_map,4,5,2,predicted,2.689906,-2.790252,0.291447,-0.022605,0.008871,-0.018690,0.374799,14.507177,396.000,0,0.506994,0.506994,0.327448,0.476748
tracking_cdrone3_20260822_194912_520_milestone4,milestone4,1787453383.740202665,target_map,1,1,0,detected,4.825505,3.305137,0.279118,-0.258906,-0.046487,-0.015751,0.615958,16.935698,402.500,1,0.154018,0.000000,0.203906,0.388504
tracking_cdrone3_20260822_194912_520_milestone4,milestone4,1787453383.740202665,target_map,4,5,2,predicted,2.687639,-2.789363,0.289573,-0.022605,0.008871,-0.018690,0.364041,14.507177,396.000,0,0.607257,0.607257,0.362540,0.501814
tracking_cdrone3_20260822_194912_520_milestone4,milestone4,1787453383.817393780,raw,1,1,0,detected,4.911631,3.310913,0.274042,0.197595,-0.005913,-0.032053,0.632324,16.980330,411.250,0,0.000000,0.000000,0.000000,0.000000
tracking_cdrone3_20260822_194912_520_milestone4,milestone4,1787453383.839938879,target_map,1,1,0,detected,4.911491,3.310482,0.273601,-0.007830,-0.024171,-0.024717,0.629504,16.980330,411.250,0,0.017842,0.000000,0.156245,0.354461
tracking_cdrone3_20260822_194912_520_milestone4,milestone4,1787453383.839938879,target_map,4,5,2,predicted,2.685384,-2.788478,0.287709,-0.022605,0.008871,-0.018690,0.353338,14.507177,396.000,0,0.707006,0.707006,0.397452,0.526752
tracking_cdrone3_20260822_194912_520_milestone4,milestone4,1787453383.939909458,target_map,1,1,0,detected,4.910708,3.308065,0.271130,-0.007830,-0.024171,-0.024717,0.613700,16.980330,411.250,0,0.117816,0.000000,0.191236,0.379454
tracking_cdrone3_20260822_194912_520_milestone4,milestone4,1787453383.939909458,target_map,4,5,2,predicted,2.683124,-2.787591,0.285840,-0.022605,0.008871,-0.018690,0.342610,14.507177,396.000,0,0.806980,0.806980,0.432443,0.551745
tracking_cdrone3_20260822_194912_520_milestone4,milestone4,1787453384.040307045,target_map,1,1,0,detected,4.909923,3.305639,0.268648,-0.007830,-0.024171,-0.024717,0.597832,16.980330,411.250,0,0.218195,0.000000,0.226368,0.404549
tracking_cdrone3_20260822_194912_520_milestone4,milestone4,1787453384.040307045,target_map,4,5,2,predicted,2.680855,-2.786701,0.283964,-0.022605,0.008871,-0.018690,0.331840,14.507177,396.000,0,0.907358,0.907358,0.467575,0.576840
tracking_cdrone3_20260822_194912_520_milestone4,milestone4,1787453384.057562590,raw,1,1,0,detected,4.850842,3.296408,0.274866,-0.253114,-0.060395,0.003431,0.635254,16.917845,402.500,1,0.000000,0.000000,0.000000,0.000000
tracking_cdrone3_20260822_194912_520_milestone4,milestone4,1787453384.140221357,target_map,1,1,0,detected,4.839432,3.292884,0.274127,-0.142736,-0.044094,-0.009236,0.622560,16.917845,402.500,1,0.079932,0.000000,0.177976,0.369983
tracking_cdrone3_20260822_194912_520_milestone4,milestone4,1787453384.140221357,target_map,4,5,2,predicted,2.678596,-2.785814,0.282096,-0.022605,0.008871,-0.018690,0.321118,14.507177,396.000,0,1.007283,1.007283,0.502549,0.601821
tracking_cdrone3_20260822_194912_520_milestone4,milestone4,1787453384.240323305,target_map,1,1,0,detected,4.825145,3.288470,0.273203,-0.142736,-0.044094,-0.009236,0.606663,16.917845,402.500,1,0.180025,0.000000,0.213009,0.395006
tracking_cdrone3_20260822_194912_520_milestone4,milestone4,1787453384.240323305,target_map,4,5,2,predicted,2.676334,-2.784926,0.280226,-0.022605,0.008871,-0.018690,0.310378,14.507177,396.000,0,1.107377,1.107377,0.537582,0.626844
tracking_cdrone3_20260822_194912_520_milestone4,milestone4,1787453384.265420198,raw,1,1,0,detected,4.746287,3.285439,0.282972,-0.503008,-0.052772,0.038998,0.678223,16.813658,402.500,1,0.000000,0.000000,0.000000,0.000000
tracking_cdrone3_20260822_194912_520_milestone4,milestone4,1787453384.340192318,target_map,1,1,0,detected,4.722306,3.282001,0.284188,-0.340886,-0.048867,0.017293,0.666294,16.813658,402.500,1,0.070351,0.000000,0.174623,0.367588
tracking_cdrone3_20260822_194912_520_milestone4,milestone4,1787453384.340192318,target_map,4,5,2,predicted,2.674076,-2.784040,0.278359,-0.022605,0.008871,-0.018690,0.299661,14.507177,396.000,0,1.207255,1.207255,0.572539,0.651814
tracking_cdrone3_20260822_194912_520_milestone4,milestone4,1787453384.440319538,target_map,1,1,0,detected,4.688178,3.277109,0.285920,-0.340886,-0.048867,0.017293,0.649319,16.813658,402.500,1,0.170466,0.000000,0.209663,0.392617
tracking_cdrone3_20260822_194912_520_milestone4,milestone4,1787453384.440319538,target_map,4,5,2,predicted,2.671813,-2.783152,0.276488,-0.022605,0.008871,-0.018690,0.288919,14.507177,396.000,0,1.307371,1.307371,0.607580,0.676843
tracking_cdrone3_20260822_194912_520_milestone4,milestone4,1787453384.492011309,raw,1,1,0,detected,4.823853,3.295903,0.290957,0.342302,0.046180,0.035237,0.636719,16.891647,398.125,0,0.000000,0.000000,0.000000,0.000000
tracking_cdrone3_20260822_194912_520_milestone4,milestone4,1787453384.492011309,raw,3,3,0,detected,2.513638,-0.306703,0.279288,0.000000,0.000000,0.000000,0.403809,14.143597,232.500,0,0.000000,0.000000,0.000000,0.000000
tracking_cdrone3_20260822_194912_520_milestone4,milestone4,1787453384.540259123,target_map,1,1,0,detected,4.825409,3.296056,0.292169,0.034867,0.003409,0.027162,0.629615,16.891647,398.125,0,0.044626,0.000000,0.165619,0.361157
tracking_cdrone3_20260822_194912_520_milestone4,milestone4,1787453384.540259123,target_map,4,5,2,predicted,2.669554,-2.782265,0.274620,-0.022605,0.008871,-0.018690,0.278194,14.507177,396.000,0,1.407316,1.407316,0.642561,0.701829
tracking_cdrone3_20260822_194912_520_milestone4,milestone4,1787453384.540259123,target_map,5,3,0,detected,2.513638,-0.306703,0.279288,0.000000,0.000000,0.000000,0.399303,14.143597,232.500,0,0.044626,0.000000,0.165619,0.361157
tracking_cdrone3_20260822_194912_520_milestone4,milestone4,1787453384.639925957,target_map,1,1,0,detected,4.828885,3.296395,0.294876,0.034867,0.003409,0.027162,0.613749,16.891647,398.125,0,0.144303,0.000000,0.200506,0.386076
tracking_cdrone3_20260822_194912_520_milestone4,milestone4,1787453384.639925957,target_map,4,5,2,predicted,2.667300,-2.781381,0.272757,-0.022605,0.008871,-0.018690,0.267499,14.507177,396.000,0,1.506993,1.506993,0.677448,0.726748
tracking_cdrone3_20260822_194912_520_milestone4,milestone4,1787453384.639925957,target_map,5,3,0,detected,2.513638,-0.306703,0.279288,0.000000,0.000000,0.000000,0.389241,14.143597,232.500,0,0.144303,0.000000,0.200506,0.386076
tracking_cdrone3_20260822_194912_520_milestone4,milestone4,1787453384.712178707,raw,1,1,0,detected,4.829630,3.299747,0.280696,0.026241,0.017455,-0.046608,0.647949,16.898058,398.125,0,0.000000,0.000000,0.000000,0.000000
tracking_cdrone3_20260822_194912_520_milestone4,milestone4,1787453384.712178707,raw,3,3,0,detected,2.496939,-0.305378,0.271634,-0.075849,0.006016,-0.034762,0.403809,14.126843,232.500,1,0.000000,0.000000,0.000000,0.000000
tracking_cdrone3_20260822_194912_520_milestone4,milestone4,1787453384.741226435,target_map,1,1,0,detected,4.830416,3.300037,0.280346,0.030123,0.011134,-0.013411,0.643727,16.898058,398.125,0,0.026067,0.000000,0.159124,0.356517
tracking_cdrone3_20260822_194912_520_milestone4,milestone4,1787453384.741226435,target_map,4,5,2,predicted,2.665010,-2.780482,0.270864,-0.022605,0.008871,-0.018690,0.256630,14.507177,396.000,0,1.608288,1.608288,0.712901,0.752072
tracking_cdrone3_20260822_194912_520_milestone4,milestone4,1787453384.741226435,target_map,5,3,0,detected,2.495852,-0.305292,0.271136,-0.041717,0.003309,-0.019119,0.401177,14.126843,232.500,1,0.026067,0.000000,0.159124,0.356517
tracking_cdrone3_20260822_194912_520_milestone4,milestone4,1787453384.839934826,target_map,1,1,0,detected,4.833389,3.301136,0.279022,0.030123,0.011134,-0.013411,0.627737,16.898058,398.125,0,0.124779,0.000000,0.193673,0.381195
tracking_cdrone3_20260822_194912_520_milestone4,milestone4,1787453384.839934826,target_map,4,5,2,predicted,2.662779,-2.779607,0.269019,-0.022605,0.008871,-0.018690,0.246039,14.507177,396.000,0,1.706999,1.706999,0.747450,0.776750
tracking_cdrone3_20260822_194912_520_milestone4,milestone4,1787453384.839934826,target_map,5,3,0,detected,2.491734,-0.304965,0.269249,-0.041717,0.003309,-0.019119,0.391212,14.126843,232.500,1,0.124779,0.000000,0.193673,0.381195
tracking_cdrone3_20260822_194912_520_milestone4,milestone4,1787453384.940547705,target_map,1,1,0,detected,4.836420,3.302256,0.277673,0.030123,0.011134,-0.013411,0.611439,16.898058,398.125,0,0.225390,0.000000,0.228886,0.406347
tracking_cdrone3_20260822_194912_520_milestone4,milestone4,1787453384.940547705,target_map,4,5,2,predicted,2.660505,-2.778714,0.267138,-0.022605,0.008871,-0.018690,0.235243,14.507177,396.000,0,1.807610,1.807610,0.782664,0.801903
tracking_cdrone3_20260822_194912_520_milestone4,milestone4,1787453384.940547705,target_map,5,3,0,detected,2.487536,-0.304632,0.267325,-0.041717,0.003309,-0.019119,0.381055,14.126843,232.500,1,0.225390,0.000000,0.228886,0.406347
tracking_cdrone3_20260822_194912_520_milestone4,milestone4,1787453384.952604532,raw,1,1,0,detected,4.668868,3.253945,0.283384,-0.668653,-0.190500,0.011182,0.634277,16.731096,398.125,1,0.000000,0.000000,0.000000,0.000000
tracking_cdrone3_20260822_194912_520_milestone4,milestone4,1787453384.952604532,raw,3,3,0,detected,2.478953,-0.313756,0.274530,-0.074810,-0.034846,0.012043,0.403809,14.108728,232.500,1,0.000000,0.000000,0.000000,0.000000
tracking_cdrone3_20260822_194912_520_milestone4,milestone4,1787453385.040270329,target_map,1,1,0,detected,4.640035,3.245824,0.283393,-0.354204,-0.099765,0.000115,0.621369,16.731096,398.125,1,0.081402,0.000000,0.178491,0.370350
tracking_cdrone3_20260822_194912_520_milestone4,milestone4,1787453385.040270329,target_map,4,5,2,predicted,2.658251,-2.777829,0.265275,-0.022605,0.008871,-0.018690,0.224543,14.507177,396.000,0,1.907326,1.907326,0.817564,0.826832
tracking_cdrone3_20260822_194912_520_milestone4,milestone4,1787453385.040270329,target_map,5,3,0,detected,2.474075,-0.315195,0.274369,-0.059918,-0.017677,-0.001980,0.395591,14.108728,232.500,1,0.081402,0.000000,0.178491,0.370350
tracking_cdrone3_20260822_194912_520_milestone4,milestone4,1787453385.140008211,target_map,1,1,0,detected,4.604715,3.235876,0.283405,-0.354204,-0.099765,0.000115,0.605557,16.731096,398.125,1,0.181119,0.000000,0.213392,0.395280
tracking_cdrone3_20260822_194912_520_milestone4,milestone4,1787453385.140008211,target_map,4,5,2,predicted,2.655996,-2.776945,0.263411,-0.022605,0.008871,-0.018690,0.213844,14.507177,396.000,0,2.007043,2.007043,0.852465,0.851761
tracking_cdrone3_20260822_194912_520_milestone4,milestone4,1787453385.140008211,target_map,5,3,0,detected,2.468100,-0.316958,0.274171,-0.059918,-0.017677,-0.001980,0.385524,14.108728,232.500,1,0.181119,0.000000,0.213392,0.395280
tracking_cdrone3_20260822_194912_520_milestone4,milestone4,1787453385.168856382,raw,1,1,0,detected,4.708254,3.266074,0.285191,0.182131,0.056088,0.008357,0.631348,16.772219,393.750,0,0.000000,0.000000,0.000000,0.000000
tracking_cdrone3_20260822_194912_520_milestone4,milestone4,1787453385.241170883,target_map,1,1,0,detected,4.704226,3.265119,0.285507,-0.059220,-0.014046,0.004648,0.620610,16.772219,393.750,0,0.068032,0.000000,0.173811,0.367008
tracking_cdrone3_20260822_194912_520_milestone4,milestone4,1787453385.241170883,target_map,4,5,2,predicted,2.653727,-2.776054,0.261535,-0.022605,0.008871,-0.018690,0.203072,14.507177,396.000,0,2.107429,2.107429,0.887600,0.876857
tracking_cdrone3_20260822_194912_520_milestone4,milestone4,1787453385.241170883,target_map,5,3,2,predicted,2.462085,-0.318732,0.273972,-0.059918,-0.017677,-0.001980,0.375390,14.108728,232.500,1,0.281505,0.281505,0.248527,0.420376
tracking_cdrone3_20260822_194912_520_milestone4,milestone4,1787453385.340261221,target_map,1,1,0,detected,4.698311,3.263716,0.285971,-0.059220,-0.014046,0.004648,0.604846,16.772219,393.750,0,0.167904,0.000000,0.208766,0.391976
tracking_cdrone3_20260822_194912_520_milestone4,milestone4,1787453385.340261221,target_map,4,5,2,predicted,2.651469,-2.775168,0.259668,-0.022605,0.008871,-0.018690,0.192356,14.507177,396.000,0,2.207302,2.207302,0.922556,0.901825
tracking_cdrone3_20260822_194912_520_milestone4,milestone4,1787453385.340261221,target_map,5,3,2,predicted,2.456101,-0.320498,0.273775,-0.059918,-0.017677,-0.001980,0.365308,14.108728,232.500,1,0.381377,0.381377,0.283482,0.445344
tracking_cdrone3_20260822_194912_520_milestone4,milestone4,1787453385.432448864,raw,1,1,0,detected,4.917649,3.317657,0.274852,0.794372,0.195688,-0.039221,0.657227,16.987722,406.875,0,0.000000,0.000000,0.000000,0.000000
tracking_cdrone3_20260822_194912_520_milestone4,milestone4,1787453385.440216303,target_map,1,1,0,detected,4.919501,3.318115,0.274764,0.410255,0.101308,-0.019480,0.656485,16.987722,406.875,0,0.004513,0.000000,0.151580,0.351128
tracking_cdrone3_20260822_194912_520_milestone4,milestone4,1787453385.440216303,target_map,4,5,2,predicted,2.649209,-2.774281,0.257800,-0.022605,0.008871,-0.018690,0.181630,14.507177,396.000,0,2.307269,2.307269,0.957544,0.926817
tracking_cdrone3_20260822_194912_520_milestone4,milestone4,1787453385.440216303,target_map,5,3,2,predicted,2.450111,-0.322265,0.273577,-0.059918,-0.017677,-0.001980,0.355216,14.108728,232.500,1,0.481344,0.481344,0.318470,0.470336
tracking_cdrone3_20260822_194912_520_milestone4,milestone4,1787453385.540408611,target_map,1,1,0,detected,4.960604,3.328264,0.272813,0.410255,0.101308,-0.019480,0.640023,16.987722,406.875,0,0.104703,0.000000,0.186646,0.376176
tracking_cdrone3_20260822_194912_520_milestone4,milestone4,1787453385.540408611,target_map,4,5,2,predicted,2.646945,-2.773392,0.255927,-0.022605,0.008871,-0.018690,0.170879,14.507177,396.000,0,2.407459,2.407459,0.992611,0.951865
tracking_cdrone3_20260822_194912_520_milestone4,milestone4,1787453385.540408611,target_map,5,3,2,predicted,2.444108,-0.324036,0.273378,-0.059918,-0.017677,-0.001980,0.345101,14.108728,232.500,1,0.581534,0.581534,0.353537,0.495384
tracking_cdrone3_20260822_194912_520_milestone4,milestone4,1787453385.639930487,target_map,1,1,0,detected,5.001440,3.338348,0.270874,0.410255,0.101308,-0.019480,0.623668,16.987722,406.875,0,0.204240,0.000000,0.221484,0.401060
tracking_cdrone3_20260822_194912_520_milestone4,milestone4,1787453385.639930487,target_map,4,5,2,predicted,2.644695,-2.772510,0.254067,-0.022605,0.008871,-0.018690,0.160199,14.507177,396.000,0,2.506996,2.506996,1.027449,0.976749
tracking_cdrone3_20260822_194912_520_milestone4,milestone4,1787453385.639930487,target_map,5,3,2,predicted,2.438144,-0.325795,0.273181,-0.059918,-0.017677,-0.001980,0.335053,14.108728,232.500,1,0.681072,0.681072,0.388375,0.520268
tracking_cdrone3_20260822_194912_520_milestone4,milestone4,1787453385.667405367,raw,1,1,0,detected,4.817955,3.292692,0.291607,-0.424295,-0.106250,0.071306,0.640137,16.885210,395.250,1,0.000000,0.000000,0.000000,0.000000
tracking_cdrone3_20260822_194912_520_milestone4,milestone4,1787453385.740225077,target_map,1,1,0,detected,4.814661,3.291824,0.293665,-0.048747,-0.012849,0.030452,0.629321,16.885210,395.250,1,0.067582,0.000000,0.173654,0.366895
tracking_cdrone3_20260822_194912_520_milestone4,milestone4,1787453385.740225077,target_map,4,5,2,predicted,2.642428,-2.771620,0.252192,-0.022605,0.008871,-0.018690,0.149438,14.507177,396.000,0,2.607281,2.607281,1.062548,1.001820
tracking_cdrone3_20260822_194912_520_milestone4,milestone4,1787453385.740225077,target_map,5,3,2,predicted,2.432135,-0.327568,0.272983,-0.059918,-0.017677,-0.001980,0.324929,14.108728,232.500,1,0.781357,0.781357,0.423475,0.545339
tracking_cdrone3_20260822_194912_520_milestone4,milestone4,1787453385.841039658,target_map,1,1,0,detected,4.809746,3.290529,0.296735,-0.048747,-0.012849,0.030452,0.613187,16.885210,395.250,1,0.168401,0.000000,0.208940,0.392100
tracking_cdrone3_20260822_194912_520_milestone4,milestone4,1787453385.841039658,target_map,4,5,2,predicted,2.640149,-2.770725,0.250308,-0.022605,0.008871,-0.018690,0.138621,14.507177,396.000,0,2.708100,2.708100,1.097835,1.027025
tracking_cdrone3_20260822_194912_520_milestone4,milestone4,1787453385.841039658,target_map,5,3,2,predicted,2.426094,-0.329350,0.272783,-0.059918,-0.017677,-0.001980,0.314751,14.108728,232.500,1,0.882175,0.882175,0.458761,0.570544
tracking_cdrone3_20260822_194912_520_milestone4,milestone4,1787453385.880288363,raw,1,1,0,detected,4.870086,3.309003,0.274095,0.244857,0.076611,-0.082252,0.636230,16.939426,415.625,0,0.000000,0.000000,0.000000,0.000000
tracking_cdrone3_20260822_194912_520_milestone4,milestone4,1787453385.940215826,target_map,1,1,0,detected,4.876274,3.310999,0.272364,0.112735,0.036354,-0.031535,0.627500,16.939426,415.625,0,0.054891,0.000000,0.169212,0.363723
tracking_cdrone3_20260822_194912_520_milestone4,milestone4,1787453385.940215826,target_map,4,5,2,predicted,2.637907,-2.769846,0.248455,-0.022605,0.008871,-0.018690,0.127979,14.507177,396.000,0,2.807273,2.807273,1.132545,1.051818
tracking_cdrone3_20260822_194912_520_milestone4,milestone4,1787453385.940215826,target_map,5,3,2,predicted,2.420152,-0.331103,0.272587,-0.059918,-0.017677,-0.001980,0.304739,14.108728,232.500,1,0.981349,0.981349,0.493472,0.595337
tracking_cdrone3_20260822_194912_520_milestone4,milestone4,1787453386.039975166,target_map,1,1,0,detected,4.887521,3.314626,0.269218,0.112735,0.036354,-0.031535,0.611632,16.939426,415.625,0,0.154654,0.000000,0.204129,0.388663
tracking_cdrone3_20260822_194912_520_milestone4,milestone4,1787453386.039975166,target_map,4,5,2,predicted,2.635652,-2.768960,0.246590,-0.022605,0.008871,-0.018690,0.117275,14.507177,396.000,0,2.907036,2.907036,1.167463,1.076759
tracking_cdrone3_20260822_194912_520_milestone4,milestone4,1787453386.039975166,target_map,5,3,2,predicted,2.414175,-0.332867,0.272389,-0.059918,-0.017677,-0.001980,0.294668,14.108728,232.500,1,1.081111,1.081111,0.528389,0.620278
tracking_cdrone3_20260822_194912_520_milestone4,milestone4,1787453386.140429974,target_map,1,1,2,predicted,4.898846,3.318277,0.266050,0.112735,0.036354,-0.031535,0.595654,16.939426,415.625,0,0.255107,0.255107,0.239287,0.413777
tracking_cdrone3_20260822_194912_520_milestone4,milestone4,1787453386.140429974,target_map,4,5,2,predicted,2.633381,-2.768070,0.244713,-0.022605,0.008871,-0.018690,0.106496,14.507177,396.000,0,3.007489,3.007489,1.202621,1.101872
tracking_cdrone3_20260822_194912_520_milestone4,milestone4,1787453386.140429974,target_map,5,3,2,predicted,2.408155,-0.334642,0.272190,-0.059918,-0.017677,-0.001980,0.284527,14.108728,232.500,1,1.181565,1.181565,0.563548,0.645391
tracking_cdrone3_20260822_194912_520_milestone4,milestone4,1787453386.145848036,raw,1,1,0,detected,4.812571,3.286248,0.290969,-0.216615,-0.085699,0.063551,0.670410,16.878468,418.500,1,0.000000,0.000000,0.000000,0.000000
tracking_cdrone3_20260822_194912_520_milestone4,milestone4,1787453386.240306139,target_map,1,1,0,detected,4.806470,3.283504,0.292821,-0.068408,-0.030775,0.020762,0.655464,16.878468,418.500,1,0.089179,0.000000,0.181212,0.372295
tracking_cdrone3_20260822_194912_520_milestone4,milestone4,1787453386.240306139,target_map,4,5,2,predicted,2.631123,-2.767183,0.242846,-0.022605,0.008871,-0.018690,0.095780,14.507177,396.000,0,3.107359,3.107359,1.237576,1.126840
tracking_cdrone3_20260822_194912_520_milestone4,milestone4,1787453386.240306139,target_map,5,3,2,predicted,2.402172,-0.336408,0.271992,-0.059918,-0.017677,-0.001980,0.274445,14.108728,232.500,1,1.281435,1.281435,0.598502,0.670359
tracking_cdrone3_20260822_194912_520_milestone4,milestone4,1787453386.340274811,target_map,1,1,0,detected,4.799632,3.280427,0.294896,-0.068408,-0.030775,0.020762,0.638709,16.878468,418.500,1,0.189147,0.000000,0.216201,0.397287
tracking_cdrone3_20260822_194912_520_milestone4,milestone4,1787453386.340274811,target_map,4,5,2,predicted,2.628863,-2.766297,0.240978,-0.022605,0.008871,-0.018690,0.085054,14.507177,396.000,0,3.207327,3.207327,1.272565,1.151832
tracking_cdrone3_20260822_194912_520_milestone4,milestone4,1787453386.340274811,target_map,5,3,2,predicted,2.396182,-0.338175,0.271794,-0.059918,-0.017677,-0.001980,0.264353,14.108728,232.500,1,1.381403,1.381403,0.633491,0.695351
tracking_cdrone3_20260822_194912_520_milestone4,milestone4,1787453386.395028591,raw,1,1,0,detected,4.824427,3.271674,0.232924,0.047581,-0.058486,-0.232937,0.642578,16.886036,393.750,0,0.000000,0.000000,0.000000,0.000000
tracking_cdrone3_20260822_194912_520_milestone4,milestone4,1787453386.439910650,target_map,1,1,0,detected,4.824233,3.269734,0.227916,-0.004614,-0.046016,-0.118773,0.635805,16.886036,393.750,0,0.042159,0.000000,0.164756,0.360540
tracking_cdrone3_20260822_194912_520_milestone4,milestone4,1787453386.439910650,target_map,4,5,2,predicted,2.626611,-2.765413,0.239115,-0.022605,0.008871,-0.018690,0.074361,14.507177,396.000,0,3.306978,3.306978,1.307442,1.176744
tracking_cdrone3_20260822_194912_520_milestone4,milestone4,1787453386.439910650,target_map,5,3,2,predicted,2.390211,-0.339936,0.271597,-0.059918,-0.017677,-0.001980,0.254293,14.108728,232.500,1,1.481054,1.481054,0.668369,0.720263
tracking_cdrone3_20260822_194912_520_milestone4,milestone4,1787453386.540206432,target_map,1,1,0,detected,4.823770,3.265120,0.216005,-0.004614,-0.046016,-0.118773,0.619695,16.886036,393.750,0,0.142445,0.000000,0.199856,0.385611
tracking_cdrone3_20260822_194912_520_milestone4,milestone4,1787453386.540206432,target_map,4,5,2,predicted,2.624344,-2.764523,0.237241,-0.022605,0.008871,-0.018690,0.063601,14.507177,396.000,0,3.407264,3.407264,1.342542,1.201816
tracking_cdrone3_20260822_194912_520_milestone4,milestone4,1787453386.540206432,target_map,5,3,2,predicted,2.384202,-0.341709,0.271399,-0.059918,-0.017677,-0.001980,0.244169,14.108728,232.500,1,1.581339,1.581339,0.703469,0.745335
tracking_cdrone3_20260822_194912_520_milestone4,milestone4,1787453386.624254465,raw,1,1,0,detected,3.788888,3.078112,0.264571,-4.517532,-0.844414,0.138060,0.454346,15.834029,365.500,1,0.000000,0.000000,0.000000,0.000000
tracking_cdrone3_20260822_194912_520_milestone4,milestone4,1787453386.640239716,target_map,1,1,0,detected,3.755926,3.071681,0.264869,-2.486719,-0.485135,0.022485,0.452840,15.834029,365.500,1,0.013255,0.000000,0.154639,0.353314
tracking_cdrone3_20260822_194912_520_milestone4,milestone4,1787453386.640239716,target_map,4,5,2,predicted,2.622082,-2.763635,0.235371,-0.022605,0.008871,-0.018690,0.052867,14.507177,396.000,0,3.507297,3.507297,1.377554,1.226824
tracking_cdrone3_20260822_194912_520_milestone4,milestone4,1787453386.640239716,target_map,5,3,2,predicted,2.378208,-0.343477,0.271200,-0.059918,-0.017677,-0.001980,0.234070,14.108728,232.500,1,1.681373,1.681373,0.738481,0.770343
tracking_cdrone3_20260822_194912_520_milestone4,milestone4,1787453386.740605593,target_map,1,1,0,detected,3.506368,3.022995,0.267125,-2.486719,-0.485135,0.022485,0.441441,15.834029,365.500,1,0.113611,0.000000,0.189764,0.378403
tracking_cdrone3_20260822_194912_520_milestone4,milestone4,1787453386.740605593,target_map,4,5,2,predicted,2.619814,-2.762745,0.233495,-0.022605,0.008871,-0.018690,0.042099,14.507177,396.000,0,3.607654,3.607654,1.412679,1.251913
tracking_cdrone3_20260822_194912_520_milestone4,milestone4,1787453386.740605593,target_map,5,3,2,predicted,2.372195,-0.345251,0.271002,-0.059918,-0.017677,-0.001980,0.223939,14.108728,232.500,1,1.781729,1.781729,0.773605,0.795432
tracking_cdrone3_20260822_194912_520_milestone4,milestone4,1787453386.840017080,target_map,1,1,0,detected,3.259134,2.974762,0.269361,-2.486719,-0.485135,0.022485,0.430148,15.834029,365.500,1,0.213033,0.000000,0.224562,0.403258
tracking_cdrone3_20260822_194912_520_milestone4,milestone4,1787453386.840017080,target_map,4,5,2,predicted,2.617566,-2.761863,0.231637,-0.022605,0.008871,-0.018690,0.031431,14.507177,396.000,0,3.707075,3.707075,1.447476,1.276769
tracking_cdrone3_20260822_194912_520_milestone4,milestone4,1787453386.840017080,target_map,5,3,2,predicted,2.366238,-0.347009,0.270805,-0.059918,-0.017677,-0.001980,0.213902,14.108728,232.500,1,1.881151,1.881151,0.808403,0.820288
tracking_cdrone3_20260822_194912_520_milestone4,milestone4,1787453386.853973389,raw,1,1,0,detected,4.518121,3.211008,0.262821,3.174347,0.578494,-0.007616,0.631348,16.574276,406.875,0,0.000000,0.000000,0.000000,0.000000
tracking_cdrone3_20260822_194912_520_milestone4,milestone4,1787453386.940188885,target_map,1,1,0,detected,4.570321,3.219323,0.263315,0.626867,0.099861,0.005930,0.618204,16.574276,406.875,0,0.083271,0.000000,0.179145,0.370818
tracking_cdrone3_20260822_194912_520_milestone4,milestone4,1787453386.940188885,target_map,4,5,2,predicted,2.615302,-2.760974,0.229765,-0.022605,0.008871,-0.018690,0.020683,14.507177,396.000,0,3.807242,3.807242,1.482535,1.301810
tracking_cdrone3_20260822_194912_520_milestone4,milestone4,1787453386.940188885,target_map,5,3,2,predicted,2.360236,-0.348779,0.270607,-0.059918,-0.017677,-0.001980,0.203790,14.108728,232.500,1,1.981317,1.981317,0.843461,0.845329
tracking_cdrone3_20260822_194912_520_milestone4,milestone4,1787453387.040052176,target_map,1,1,0,detected,4.632924,3.229296,0.263907,0.626867,0.099861,0.005930,0.602442,16.574276,406.875,0,0.183137,0.000000,0.214098,0.395784
tracking_cdrone3_20260822_194912_520_milestone4,milestone4,1787453387.040052176,target_map,4,5,2,predicted,2.613045,-2.760088,0.227899,-0.022605,0.008871,-0.018690,0.009967,14.507177,396.000,0,3.907108,3.907108,1.517488,1.326777
tracking_cdrone3_20260822_194912_520_milestone4,milestone4,1787453387.040052176,target_map,5,3,2,predicted,2.354252,-0.350545,0.270409,-0.059918,-0.017677,-0.001980,0.193709,14.108728,232.500,1,2.081183,2.081183,0.878414,0.870296
tracking_cdrone3_20260822_194912_520_milestone4,milestone4,1787453387.100179672,raw,1,1,0,detected,4.897042,3.274009,0.197223,1.539117,0.255902,-0.266451,0.558105,16.957123,369.750,0,0.000000,0.000000,0.000000,0.000000
tracking_cdrone3_20260822_194912_520_milestone4,milestone4,1787453387.140213251,target_map,1,1,0,detected,4.939075,3.280925,0.191864,1.128605,0.185684,-0.143879,0.552909,16.957123,369.750,0,0.037243,0.000000,0.163035,0.359311
tracking_cdrone3_20260822_194912_520_milestone4,milestone4,1787453387.140213251,target_map,4,5,2,predicted,2.610780,-2.759200,0.226027,-0.022605,0.008871,-0.018690,0.000000,14.507177,396.000,0,4.007273,4.007273,1.552546,1.351818
tracking_cdrone3_20260822_194912_520_milestone4,milestone4,1787453387.140213251,target_map,5,3,2,predicted,2.348250,-0.352315,0.270210,-0.059918,-0.017677,-0.001980,0.183597,14.108728,232.500,1,2.181349,2.181349,0.913472,0.895337
tracking_cdrone3_20260822_194912_520_milestone4,milestone4,1787453387.240178585,target_map,1,1,0,detected,5.051897,3.299487,0.177481,1.128605,0.185684,-0.143879,0.538961,16.957123,369.750,0,0.137209,0.000000,0.198023,0.384302
tracking_cdrone3_20260822_194912_520_milestone4,milestone4,1787453387.240178585,target_map,4,5,2,predicted,2.608521,-2.758313,0.224158,-0.022605,0.008871,-0.018690,0.000000,14.507177,396.000,0,4.107239,4.107239,1.587534,1.376810
tracking_cdrone3_20260822_194912_520_milestone4,milestone4,1787453387.240178585,target_map,5,3,2,predicted,2.342261,-0.354082,0.270012,-0.059918,-0.017677,-0.001980,0.173505,14.108728,232.500,1,2.281315,2.281315,0.948460,0.920329
tracking_cdrone3_20260822_194912_520_milestone4,milestone4,1787453387.340337038,target_map,1,1,0,detected,5.164926,3.318083,0.163072,1.128605,0.185684,-0.143879,0.524988,16.957123,369.750,0,0.237359,0.000000,0.233075,0.409340
tracking_cdrone3_20260822_194912_520_milestone4,milestone4,1787453387.340337038,target_map,4,5,2,predicted,2.606256,-2.757425,0.222286,-0.022605,0.008871,-0.018690,0.000000,14.507177,396.000,0,4.207388,4.207388,1.622586,1.401847
tracking_cdrone3_20260822_194912_520_milestone4,milestone4,1787453387.340337038,target_map,5,3,2,predicted,2.336260,-0.355853,0.269814,-0.059918,-0.017677,-0.001980,0.163395,14.108728,232.500,1,2.381464,2.381464,0.983512,0.945366
tracking_cdrone3_20260822_194912_520_milestone4,milestone4,1787453387.358479977,raw,1,1,0,detected,4.313807,3.195462,0.202034,-2.257413,-0.304020,0.018622,0.569824,16.371267,350.625,1,0.000000,0.000000,0.000000,0.000000
tracking_cdrone3_20260822_194912_520_milestone4,milestone4,1787453387.439957619,target_map,1,1,0,detected,4.257266,3.189015,0.197834,-0.733705,-0.083653,-0.054503,0.558846,16.371267,350.625,1,0.077063,0.000000,0.176972,0.369266
tracking_cdrone3_20260822_194912_520_milestone4,milestone4,1787453387.439957619,target_map,4,5,2,predicted,2.604004,-2.756541,0.220424,-0.022605,0.008871,-0.018690,0.000000,14.507177,396.000,0,4.307028,4.307028,1.657460,1.426757
tracking_cdrone3_20260822_194912_520_milestone4,milestone4,1787453387.439957619,target_map,5,3,2,predicted,2.330290,-0.357614,0.269617,-0.059918,-0.017677,-0.001980,0.153336,14.108728,232.500,1,2.481103,2.481103,1.018386,0.970276
tracking_cdrone3_20260822_194912_520_milestone4,milestone4,1787453387.540205479,target_map,1,1,0,detected,4.183722,3.180630,0.192371,-0.733705,-0.083653,-0.054503,0.544567,16.371267,350.625,1,0.177298,0.000000,0.212054,0.394325
tracking_cdrone3_20260822_194912_520_milestone4,milestone4,1787453387.540205479,target_map,4,5,2,predicted,2.601738,-2.755651,0.218551,-0.022605,0.008871,-0.018690,0.000000,14.507177,396.000,0,4.407263,4.407263,1.692542,1.451816
tracking_cdrone3_20260822_194912_520_milestone4,milestone4,1787453387.540205479,target_map,5,3,2,predicted,2.324284,-0.359386,0.269418,-0.059918,-0.017677,-0.001980,0.143217,14.108728,232.500,1,2.581339,2.581339,1.053468,0.995335
tracking_cdrone3_20260822_194912_520_milestone4,milestone4,1787453387.603610992,raw,1,1,0,detected,4.953156,3.314387,0.201169,2.608678,0.485240,-0.003531,0.611328,17.020969,385.000,0,0.000000,0.000000,0.000000,0.000000
tracking_cdrone3_20260822_194912_520_milestone4,milestone4,1787453387.640206814,target_map,1,1,0,detected,4.988308,3.321682,0.200326,1.104606,0.229238,-0.026469,0.606464,17.020969,385.000,0,0.031824,0.000000,0.161138,0.357956
tracking_cdrone3_20260822_194912_520_milestone4,milestone4,1787453387.640206814,target_map,4,5,2,predicted,2.599478,-2.754764,0.216682,-0.022605,0.008871,-0.018690,0.000000,14.507177,396.000,0,4.507267,4.507267,1.727543,1.476817
tracking_cdrone3_20260822_194912_520_milestone4,milestone4,1787453387.640206814,target_map,5,3,2,predicted,2.318292,-0.361153,0.269220,-0.059918,-0.017677,-0.001980,0.133121,14.108728,232.500,1,2.681343,2.681343,1.088470,1.020336
tracking_cdrone3_20260822_194912_520_milestone4,milestone4,1787453387.740331888,target_map,1,1,0,detected,5.098891,3.344631,0.197676,1.104606,0.229238,-0.026469,0.591164,17.020969,385.000,0,0.131934,0.000000,0.196177,0.382983
tracking_cdrone3_20260822_194912_520_milestone4,milestone4,1787453387.740331888,target_map,4,5,2,predicted,2.597215,-2.753876,0.214811,-0.022605,0.008871,-0.018690,0.000000,14.507177,396.000,0,4.607377,4.607377,1.762582,1.501844
tracking_cdrone3_20260822_194912_520_milestone4,milestone4,1787453387.740331888,target_map,5,3,2,predicted,2.312293,-0.362923,0.269022,-0.059918,-0.017677,-0.001980,0.123015,14.108728,232.500,1,2.781453,2.781453,1.123508,1.045363
tracking_cdrone3_20260822_194912_520_milestone4,milestone4,1787453387.824792385,raw,1,1,0,detected,4.878117,3.282324,0.216234,-0.339278,-0.144965,0.068116,0.590332,16.940683,375.375,1,0.000000,0.000000,0.000000,0.000000
tracking_cdrone3_20260822_194912_520_milestone4,milestone4,1787453387.840034962,target_map,1,1,0,detected,4.880888,3.282533,0.216462,0.310470,0.023426,0.025553,0.589015,16.940683,375.375,1,0.008927,0.000000,0.153124,0.352232
tracking_cdrone3_20260822_194912_520_milestone4,milestone4,1787453387.840034962,target_map,4,5,2,predicted,2.594960,-2.752991,0.212947,-0.022605,0.008871,-0.018690,0.000000,14.507177,396.000,0,4.707101,4.707101,1.797485,1.526775
tracking_cdrone3_20260822_194912_520_milestone4,milestone4,1787453387.840034962,target_map,5,3,2,predicted,2.306318,-0.364686,0.268825,-0.059918,-0.017677,-0.001980,0.112948,14.108728,232.500,1,2.881177,2.881177,1.158412,1.070294
tracking_cdrone3_20260822_194912_520_milestone4,milestone4,1787453387.940192938,target_map,1,1,0,detected,4.911982,3.284880,0.219021,0.310470,0.023426,0.025553,0.574234,16.940683,375.375,1,0.109077,0.000000,0.188177,0.377269
tracking_cdrone3_20260822_194912_520_milestone4,milestone4,1787453387.940192938,target_map,4,5,2,predicted,2.592696,-2.752103,0.211075,-0.022605,0.008871,-0.018690,0.000000,14.507177,396.000,0,4.807251,4.807251,1.832538,1.551813
tracking_cdrone3_20260822_194912_520_milestone4,milestone4,1787453387.940192938,target_map,5,3,2,predicted,2.300317,-0.366456,0.268626,-0.059918,-0.017677,-0.001980,0.102837,14.108728,232.500,1,2.981327,2.981327,1.193464,1.095332
tracking_cdrone3_20260822_194912_520_milestone4,milestone4,1787453388.036856890,raw,1,1,0,detected,4.800136,3.261178,0.202801,-0.367749,-0.099724,-0.063349,0.584961,16.859877,367.125,1,0.000000,0.000000,0.000000,0.000000
tracking_cdrone3_20260822_194912_520_milestone4,milestone4,1787453388.040437937,target_map,1,1,0,detected,4.943107,3.287228,0.221583,0.310470,0.023426,0.025553,0.559439,16.940683,375.375,1,0.209328,0.000000,0.223265,0.402332
tracking_cdrone3_20260822_194912_520_milestone4,milestone4,1787453388.040437937,target_map,4,5,2,predicted,2.590430,-2.751214,0.209201,-0.022605,0.008871,-0.018690,0.000000,14.507177,396.000,0,4.907502,4.907502,1.867626,1.576876
tracking_cdrone3_20260822_194912_520_milestone4,milestone4,1787453388.040437937,target_map,5,3,2,predicted,2.294310,-0.368228,0.268428,-0.059918,-0.017677,-0.001980,0.092717,14.108728,232.500,1,3.081578,3.081578,1.228552,1.120394
tracking_cdrone3_20260822_194912_520_milestone4,milestone4,1787453388.140203953,target_map,1,1,0,detected,4.794246,3.257006,0.200603,-0.062551,-0.044307,-0.023343,0.571192,16.859877,367.125,1,0.094154,0.000000,0.182954,0.373538
tracking_cdrone3_20260822_194912_520_milestone4,milestone4,1787453388.140203953,target_map,5,3,2,predicted,2.288333,-0.369992,0.268230,-0.059918,-0.017677,-0.001980,0.082646,14.108728,232.500,1,3.181335,3.181335,1.263467,1.145334
tracking_cdrone3_20260822_194912_520_milestone4,milestone4,1787453388.240671635,target_map,1,1,0,detected,4.787961,3.252554,0.198257,-0.062551,-0.044307,-0.023343,0.556499,16.859877,367.125,1,0.194627,0.000000,0.218119,0.398657
tracking_cdrone3_20260822_194912_520_milestone4,milestone4,1787453388.240671635,target_map,5,3,2,predicted,2.282313,-0.371768,0.268031,-0.059918,-0.017677,-0.001980,0.072503,14.108728,232.500,1,3.281808,3.281808,1.298633,1.170452
tracking_cdrone3_20260822_194912_520_milestone4,milestone4,1787453388.312994480,raw,1,1,0,detected,4.834995,3.303478,0.242057,0.126233,0.153178,0.142154,0.581055,16.903645,386.750,0,0.000000,0.000000,0.000000,0.000000
tracking_cdrone3_20260822_194912_520_milestone4,milestone4,1787453388.340754271,target_map,1,1,0,detected,4.835906,3.304897,0.243550,0.041280,0.064310,0.067680,0.577849,16.903645,386.750,0,0.022069,0.000000,0.157724,0.355517
tracking_cdrone3_20260822_194912_520_milestone4,milestone4,1787453388.340754271,target_map,5,3,2,predicted,2.276316,-0.373537,0.267833,-0.059918,-0.017677,-0.001980,0.062399,14.108728,232.500,1,3.381897,3.381897,1.333664,1.195474
tracking_cdrone3_20260822_194912_520_milestone4,milestone4,1787453388.440368652,target_map,1,1,0,detected,4.840017,3.311301,0.250290,0.041280,0.064310,0.067680,0.563384,16.903645,386.750,0,0.121648,0.000000,0.192577,0.380412
tracking_cdrone3_20260822_194912_520_milestone4,milestone4,1787453388.440368652,target_map,5,3,2,predicted,2.270349,-0.375297,0.267636,-0.059918,-0.017677,-0.001980,0.052346,14.108728,232.500,1,3.481477,3.481477,1.368517,1.220369
tracking_cdrone3_20260822_194912_520_milestone4,milestone4,1787453388.533133268,raw,1,1,0,detected,5.026011,3.373681,0.193202,0.867716,0.318907,-0.221930,0.625000,17.105532,386.750,0,0.000000,0.000000,0.000000,0.000000
tracking_cdrone3_20260822_194912_520_milestone4,milestone4,1787453388.540422440,target_map,1,1,0,detected,5.027959,3.374484,0.192842,0.495820,0.204338,-0.091605,0.624386,17.105532,386.750,0,0.003927,0.000000,0.151375,0.350982
tracking_cdrone3_20260822_194912_520_milestone4,milestone4,1787453388.540422440,target_map,5,3,2,predicted,2.264354,-0.377066,0.267438,-0.059918,-0.017677,-0.001980,0.042246,14.108728,232.500,1,3.581528,3.581528,1.403535,1.245382
tracking_cdrone3_20260822_194912_520_milestone4,milestone4,1787453388.639958143,target_map,1,1,0,detected,5.077328,3.394830,0.183720,0.495820,0.204338,-0.091605,0.608828,17.105532,386.750,0,0.103499,0.000000,0.186225,0.375875
tracking_cdrone3_20260822_194912_520_milestone4,milestone4,1787453388.639958143,target_map,5,3,2,predicted,2.258388,-0.378826,0.267241,-0.059918,-0.017677,-0.001980,0.032194,14.108728,232.500,1,3.681100,3.681100,1.438385,1.270275
tracking_cdrone3_20260822_194912_520_milestone4,milestone4,1787453388.740286112,target_map,1,1,0,detected,5.127064,3.415327,0.174532,0.495820,0.204338,-0.091605,0.593155,17.105532,386.750,0,0.203808,0.000000,0.221333,0.400952
tracking_cdrone3_20260822_194912_520_milestone4,milestone4,1787453388.740286112,target_map,5,3,2,predicted,2.252378,-0.380599,0.267042,-0.059918,-0.017677,-0.001980,0.022067,14.108728,232.500,1,3.781409,3.781409,1.473493,1.295352
tracking_cdrone3_20260822_194912_520_milestone4,milestone4,1787453388.770981789,raw,1,1,0,detected,4.874187,3.306724,0.227070,-0.638341,-0.281517,0.142397,0.608887,16.942415,382.500,1,0.000000,0.000000,0.000000,0.000000
tracking_cdrone3_20260822_194912_520_milestone4,milestone4,1787453388.840255499,target_map,1,1,0,detected,4.865664,3.302536,0.229540,-0.127968,-0.062882,0.037096,0.598748,16.942415,382.500,1,0.066604,0.000000,0.173311,0.366651
tracking_cdrone3_20260822_194912_520_milestone4,milestone4,1787453388.840255499,target_map,5,3,2,predicted,2.246387,-0.382366,0.266844,-0.059918,-0.017677,-0.001980,0.011974,14.108728,232.500,1,3.881390,3.881390,1.508486,1.320347
tracking_cdrone3_20260822_194912_520_milestone4,milestone4,1787453388.940356731,target_map,1,1,0,detected,4.852855,3.296242,0.233253,-0.127968,-0.062882,0.037096,0.583512,16.942415,382.500,1,0.166696,0.000000,0.208344,0.391674
tracking_cdrone3_20260822_194912_520_milestone4,milestone4,1787453388.940356731,target_map,5,3,2,predicted,2.240390,-0.384136,0.266646,-0.059918,-0.017677,-0.001980,0.001869,14.108728,232.500,1,3.981482,3.981482,1.543519,1.345371
tracking_cdrone3_20260822_194912_520_milestone4,milestone4,1787453389.010711193,raw,1,1,0,detected,4.885819,3.290734,0.218577,0.048527,-0.066700,-0.035425,0.648926,16.950151,393.750,0,0.000000,0.000000,0.000000,0.000000
tracking_cdrone3_20260822_194912_520_milestone4,milestone4,1787453389.040169716,target_map,1,1,0,detected,4.885023,3.289059,0.218505,-0.030896,-0.064982,-0.002791,0.644744,16.950151,393.750,0,0.025775,0.000000,0.159021,0.356444
tracking_cdrone3_20260822_194912_520_milestone4,milestone4,1787453389.040169716,target_map,5,3,2,predicted,2.234408,-0.385900,0.266448,-0.059918,-0.017677,-0.001980,0.000000,14.108728,232.500,1,4.081313,4.081313,1.578459,1.370328
tracking_cdrone3_20260822_194912_520_milestone4,milestone4,1787453389.140184402,target_map,1,1,0,detected,4.881935,3.282564,0.218227,-0.030896,-0.064982,-0.002791,0.628527,16.950151,393.750,0,0.125737,0.000000,0.194008,0.381434
tracking_cdrone3_20260822_194912_520_milestone4,milestone4,1787453389.140184402,target_map,5,3,2,predicted,2.228419,-0.387667,0.266250,-0.059918,-0.017677,-0.001980,0.000000,14.108728,232.500,1,4.181274,4.181274,1.613446,1.395319
tracking_cdrone3_20260822_194912_520_milestone4,milestone4,1787453389.227268696,raw,1,1,0,detected,4.920893,3.299383,0.241682,0.161950,0.039936,0.106683,0.615234,16.986549,402.500,0,0.000000,0.000000,0.000000,0.000000
tracking_cdrone3_20260822_194912_520_milestone4,milestone4,1787453389.243017435,target_map,1,1,0,detected,4.921786,3.299297,0.242364,0.075169,-0.007277,0.057420,0.613405,16.986549,402.500,0,0.011891,0.000000,0.154162,0.352973
tracking_cdrone3_20260822_194912_520_milestone4,milestone4,1787453389.243017435,target_map,5,3,2,predicted,2.222256,-0.389485,0.266047,-0.059918,-0.017677,-0.001980,0.000000,14.108728,232.500,1,4.284128,4.284128,1.649445,1.421032
tracking_cdrone3_20260822_194912_520_milestone4,milestone4,1787453389.339903116,target_map,1,1,0,detected,4.929072,3.298591,0.247930,0.075169,-0.007277,0.057420,0.598498,16.986549,402.500,0,0.108812,0.000000,0.188084,0.377203
tracking_cdrone3_20260822_194912_520_milestone4,milestone4,1787453389.339903116,target_map,5,3,2,predicted,2.216449,-0.391199,0.265855,-0.059918,-0.017677,-0.001980,0.000000,14.108728,232.500,1,4.381049,4.381049,1.683367,1.445262
tracking_cdrone3_20260822_194912_520_milestone4,milestone4,1787453389.440722704,raw,1,1,0,detected,4.359773,3.186138,0.249791,-2.628873,-0.530560,0.037993,0.632324,16.414358,374.000,1,0.000000,0.000000,0.000000,0.000000
tracking_cdrone3_20260822_194912_520_milestone4,milestone4,1787453389.440829992,target_map,1,1,0,detected,4.936658,3.297857,0.253724,0.075169,-0.007277,0.057420,0.582976,16.986549,402.500,0,0.209730,0.000000,0.223406,0.402433
tracking_cdrone3_20260822_194912_520_milestone4,milestone4,1787453389.440829992,target_map,5,3,2,predicted,2.210402,-0.392982,0.265655,-0.059918,-0.017677,-0.001980,0.000000,14.108728,232.500,1,4.481968,4.481968,1.718689,1.470492
tracking_cdrone3_20260822_194912_520_milestone4,milestone4,1787453389.540015221,target_map,1,1,0,detected,4.234455,3.159950,0.253939,-1.412054,-0.295082,0.046735,0.618295,16.414358,374.000,1,0.088749,0.000000,0.181062,0.372187
tracking_cdrone3_20260822_194912_520_milestone4,milestone4,1787453389.540015221,target_map,5,3,2,predicted,2.204461,-0.394735,0.265459,-0.059918,-0.017677,-0.001980,0.000000,14.108728,232.500,1,4.581119,4.581119,1.753391,1.495280
tracking_cdrone3_20260822_194912_520_milestone4,milestone4,1787453389.640214205,target_map,1,1,0,detected,4.092931,3.130375,0.258623,-1.412054,-0.295082,0.046735,0.602451,16.414358,374.000,1,0.188975,0.000000,0.216141,0.397244
tracking_cdrone3_20260822_194912_520_milestone4,milestone4,1787453389.640214205,target_map,5,3,2,predicted,2.198455,-0.396507,0.265260,-0.059918,-0.017677,-0.001980,0.000000,14.108728,232.500,1,4.681344,4.681344,1.788471,1.520336
tracking_cdrone3_20260822_194912_520_milestone4,milestone4,1787453389.663191795,raw,1,1,0,detected,4.609235,3.250868,0.242029,1.121352,0.290968,-0.034890,0.579102,16.671833,367.125,0,0.000000,0.000000,0.000000,0.000000
tracking_cdrone3_20260822_194912_520_milestone4,milestone4,1787453389.740269423,target_map,1,1,0,detected,4.607857,3.252879,0.242165,-0.018681,0.027245,0.001841,0.568416,16.671833,367.125,0,0.073808,0.000000,0.175833,0.368452
tracking_cdrone3_20260822_194912_520_milestone4,milestone4,1787453389.740269423,target_map,5,3,2,predicted,2.192460,-0.398275,0.265062,-0.059918,-0.017677,-0.001980,0.000000,14.108728,232.500,1,4.781402,4.781402,1.823491,1.545350
tracking_cdrone3_20260822_194912_520_milestone4,milestone4,1787453389.840309620,target_map,1,1,0,detected,4.605988,3.255605,0.242349,-0.018681,0.027245,0.001841,0.553933,16.671833,367.125,0,0.173844,0.000000,0.210845,0.393461
tracking_cdrone3_20260822_194912_520_milestone4,milestone4,1787453389.840309620,target_map,5,3,2,predicted,2.186466,-0.400044,0.264864,-0.059918,-0.017677,-0.001980,0.000000,14.108728,232.500,1,4.881437,4.881437,1.858503,1.570359
tracking_cdrone3_20260822_194912_520_milestone4,milestone4,1787453389.866499662,raw,1,1,0,detected,4.762441,3.281739,0.251238,0.753456,0.151819,0.045288,0.578613,16.828104,374.000,0,0.000000,0.000000,0.000000,0.000000
tracking_cdrone3_20260822_194912_520_milestone4,milestone4,1787453389.939918041,target_map,1,1,0,detected,4.791115,3.288502,0.253056,0.405994,0.095761,0.025737,0.568397,16.828104,374.000,0,0.070626,0.000000,0.174719,0.367657
tracking_cdrone3_20260822_194912_520_milestone4,milestone4,1787453389.939918041,target_map,5,3,2,predicted,2.180497,-0.401805,0.264667,-0.059918,-0.017677,-0.001980,0.000000,14.108728,232.500,1,4.981064,4.981064,1.893372,1.595266
tracking_cdrone3_20260822_194912_520_milestone4,milestone4,1787453390.040228128,target_map,1,1,0,detected,4.831835,3.298106,0.255637,0.405994,0.095761,0.025737,0.553889,16.828104,374.000,0,0.170924,0.000000,0.209823,0.392731
tracking_cdrone3_20260822_194912_520_milestone4,milestone4,1787453390.081819773,raw,1,1,0,detected,4.785694,3.275799,0.252191,0.107999,-0.027589,0.004425,0.636230,16.849430,382.500,0,0.000000,0.000000,0.000000,0.000000
tracking_cdrone3_20260822_194912_520_milestone4,milestone4,1787453390.140305042,target_map,1,1,0,detected,4.799139,3.277349,0.252969,0.242097,0.027918,0.014015,0.627397,16.849430,382.500,0,0.055534,0.000000,0.169437,0.363884
tracking_cdrone3_20260822_194912_520_milestone4,milestone4,1787453390.240224123,target_map,1,1,0,detected,4.823330,3.280139,0.254369,0.242097,0.027918,0.014015,0.611503,16.849430,382.500,0,0.155459,0.000000,0.204411,0.388865
tracking_cdrone3_20260822_194912_520_milestone4,milestone4,1787453390.306936026,raw,1,1,0,detected,5.020649,3.336034,0.236403,1.043761,0.267590,-0.070137,0.667969,17.091866,414.000,0,0.000000,0.000000,0.000000,0.000000
tracking_cdrone3_20260822_194912_520_milestone4,milestone4,1787453390.340308189,target_map,1,1,0,detected,5.041659,3.340948,0.235410,0.683012,0.159738,-0.032269,0.662832,17.091866,414.000,0,0.030761,0.000000,0.160766,0.357690
tracking_cdrone3_20260822_194912_520_milestone4,milestone4,1787453390.440454960,target_map,1,1,0,detected,5.110058,3.356945,0.232178,0.683012,0.159738,-0.032269,0.646109,17.091866,414.000,0,0.130904,0.000000,0.195816,0.382726
tracking_cdrone3_20260822_194912_520_milestone4,milestone4,1787453390.535788059,raw,1,1,0,detected,4.170925,3.136568,0.225368,-3.710515,-0.871015,-0.048183,0.636230,16.218904,393.750,1,0.000000,0.000000,0.000000,0.000000
tracking_cdrone3_20260822_194912_520_milestone4,milestone4,1787453390.539922476,target_map,1,1,0,detected,4.169231,3.136170,0.225328,-1.733427,-0.407176,-0.041021,0.636075,16.218904,393.750,1,0.000977,0.000000,0.150342,0.350244
tracking_cdrone3_20260822_194912_520_milestone4,milestone4,1787453390.640296221,target_map,1,1,0,detected,3.995282,3.095310,0.221212,-1.733427,-0.407176,-0.041021,0.620114,16.218904,393.750,1,0.101327,0.000000,0.185464,0.375332
tracking_cdrone3_20260822_194912_520_milestone4,milestone4,1787453390.739951611,target_map,1,1,0,detected,3.822521,3.054729,0.217123,-1.733427,-0.407176,-0.041021,0.604261,16.218904,393.750,1,0.200991,0.000000,0.220347,0.400248
tracking_cdrone3_20260822_194912_520_milestone4,milestone4,1787453390.765300035,raw,1,1,0,detected,4.785876,3.269395,0.184850,2.681143,0.579115,-0.176655,0.648926,16.847755,402.500,0,0.000000,0.000000,0.000000,0.000000
tracking_cdrone3_20260822_194912_520_milestone4,milestone4,1787453390.841876745,target_map,1,1,0,detected,4.836002,3.279158,0.176506,0.694586,0.135284,-0.115620,0.637218,16.847755,402.500,0,0.072168,0.000000,0.175259,0.368042
tracking_cdrone3_20260822_194912_520_milestone4,milestone4,1787453390.940325737,target_map,1,1,0,detected,4.904389,3.292478,0.165123,0.694586,0.135284,-0.115620,0.621245,16.847755,402.500,0,0.170624,0.000000,0.209718,0.392656
tracking_cdrone3_20260822_194912_520_milestone4,milestone4,1787453390.987154722,raw,1,1,0,detected,4.322219,3.149992,0.216101,-2.089938,-0.538211,0.140860,0.669922,16.369316,406.875,1,0.000000,0.000000,0.000000,0.000000
tracking_cdrone3_20260822_194912_520_milestone4,milestone4,1787453391.040895224,target_map,1,1,0,detected,4.279916,3.138106,0.217387,-0.836902,-0.235138,0.025444,0.661456,16.369316,406.875,1,0.050547,0.000000,0.167691,0.362637
tracking_cdrone3_20260822_194912_520_milestone4,milestone4,1787453391.139926434,target_map,1,1,0,detected,4.197017,3.114815,0.219907,-0.836902,-0.235138,0.025444,0.644866,16.369316,406.875,1,0.149602,0.000000,0.202361,0.387401
tracking_cdrone3_20260822_194912_520_milestone4,milestone4,1787453391.196144819,raw,1,1,0,detected,5.072575,3.328090,0.218582,3.590310,0.852165,0.011872,0.611328,17.140495,398.125,0,0.000000,0.000000,0.000000,0.000000
tracking_cdrone3_20260822_194912_520_milestone4,milestone4,1787453391.240233898,target_map,1,1,0,detected,5.127401,3.340539,0.219199,1.598064,0.362879,0.017979,0.606085,17.140495,398.125,0,0.034307,0.000000,0.162008,0.358577
tracking_cdrone3_20260822_194912_520_milestone4,milestone4,1787453391.340520859,target_map,1,1,0,detected,5.287620,3.376921,0.221001,1.598064,0.362879,0.017979,0.590762,17.140495,398.125,0,0.134566,0.000000,0.197098,0.383641
tracking_cdrone3_20260822_194912_520_milestone4,milestone4,1787453391.421858311,raw,1,1,0,detected,4.900852,3.308597,0.231549,-0.760765,-0.086356,0.057449,0.617676,16.968920,411.250,1,0.000000,0.000000,0.000000,0.000000
tracking_cdrone3_20260822_194912_520_milestone4,milestone4,1787453391.440090656,target_map,1,1,0,detected,4.904551,3.310022,0.232038,0.300708,0.115800,0.039688,0.615776,16.968920,411.250,1,0.012300,0.000000,0.154305,0.353075
tracking_cdrone3_20260822_194912_520_milestone4,milestone4,1787453391.539900780,target_map,1,1,0,detected,4.934567,3.321581,0.235999,0.300708,0.115800,0.039688,0.600363,16.968920,411.250,1,0.112118,0.000000,0.189241,0.378029
tracking_cdrone3_20260822_194912_520_milestone4,milestone4,1787453391.640664816,target_map,1,1,0,detected,4.964862,3.333247,0.239997,0.300708,0.115800,0.039688,0.584806,16.968920,411.250,1,0.212862,0.000000,0.224502,0.403216
tracking_cdrone3_20260822_194912_520_milestone4,milestone4,1787453391.650594473,raw,1,1,0,detected,4.768783,3.321895,0.213685,-0.577415,0.058139,-0.078103,0.632324,16.843111,415.625,1,0.000000,0.000000,0.000000,0.000000
tracking_cdrone3_20260822_194912_520_milestone4,milestone4,1787453391.739930630,target_map,1,1,0,detected,4.753651,3.328876,0.211602,-0.182260,0.084086,-0.025097,0.619200,16.843111,415.625,1,0.083022,0.000000,0.179058,0.370755
tracking_cdrone3_20260822_194912_520_milestone4,milestone4,1787453391.840178728,target_map,1,1,0,detected,4.735382,3.337304,0.209086,-0.182260,0.084086,-0.025097,0.603355,16.843111,415.625,1,0.183257,0.000000,0.214140,0.395814
tracking_cdrone3_20260822_194912_520_milestone4,milestone4,1787453391.874617815,raw,1,1,0,detected,4.449577,3.178896,0.207135,-1.424824,-0.638301,-0.029238,0.659180,16.499992,423.000,1,0.000000,0.000000,0.000000,0.000000
tracking_cdrone3_20260822_194912_520_milestone4,milestone4,1787453391.940157175,target_map,1,1,0,detected,4.395290,3.159253,0.205418,-0.865670,-0.313227,-0.027374,0.648845,16.499992,423.000,1,0.062711,0.000000,0.171949,0.365678
tracking_cdrone3_20260822_194912_520_milestone4,milestone4,1787453392.043199301,target_map,1,1,0,detected,4.306105,3.126983,0.202598,-0.865670,-0.313227,-0.027374,0.631867,16.499992,423.000,1,0.165735,0.000000,0.208007,0.391434
tracking_cdrone3_20260822_194912_520_milestone4,milestone4,1787453392.088020802,raw,1,1,0,detected,4.346537,3.191376,0.192949,-0.482853,0.058482,-0.066475,0.643066,16.402275,405.000,1,0.000000,0.000000,0.000000,0.000000
tracking_cdrone3_20260822_194912_520_milestone4,milestone4,1787453392.140028000,target_map,1,1,0,detected,4.314188,3.186004,0.190536,-0.655120,-0.108787,-0.048880,0.635128,16.402275,405.000,1,0.049378,0.000000,0.167282,0.362344
tracking_cdrone3_20260822_194912_520_milestone4,milestone4,1787453392.241118670,target_map,1,1,0,detected,4.247972,3.175009,0.185595,-0.655120,-0.108787,-0.048880,0.618878,16.402275,405.000,1,0.150454,0.000000,0.202659,0.387613
tracking_cdrone3_20260822_194912_520_milestone4,milestone4,1787453392.305571079,raw,1,1,0,detected,4.880708,3.296041,0.273898,2.454491,0.480930,0.371958,0.624512,16.946833,386.750,0,0.000000,0.000000,0.000000,0.000000
tracking_cdrone3_20260822_194912_520_milestone4,milestone4,1787453392.340171099,target_map,1,1,0,detected,4.912782,3.302593,0.279448,1.055166,0.215558,0.182581,0.619766,16.946833,386.750,0,0.030397,0.000000,0.160639,0.357599
tracking_cdrone3_20260822_194912_520_milestone4,milestone4,1787453392.440226078,target_map,1,1,0,detected,5.018350,3.324159,0.297715,1.055166,0.215558,0.182581,0.604146,16.946833,386.750,0,0.130446,0.000000,0.195656,0.382611
tracking_cdrone3_20260822_194912_520_milestone4,milestone4,1787453392.525426149,raw,1,1,0,detected,4.996329,3.315380,0.265060,0.526087,0.087993,-0.040217,0.600098,17.063768,411.250,0,0.000000,0.000000,0.000000,0.000000
tracking_cdrone3_20260822_194912_520_milestone4,milestone4,1787453392.540273428,target_map,1,1,0,detected,5.005563,3.317137,0.265785,0.764172,0.145397,0.060042,0.598285,17.063768,411.250,0,0.012083,0.000000,0.154229,0.353021
tracking_cdrone3_20260822_194912_520_milestone4,milestone4,1787453392.640093327,target_map,1,1,0,detected,5.081846,3.331651,0.271779,0.764172,0.145397,0.060042,0.583309,17.063768,411.250,0,0.111908,0.000000,0.189168,0.377977
tracking_cdrone3_20260822_194912_520_milestone4,milestone4,1787453392.740293741,target_map,1,1,0,detected,5.158403,3.346217,0.277794,0.764172,0.145397,0.060042,0.568279,17.063768,411.250,0,0.212091,0.000000,0.224232,0.403023
tracking_cdrone3_20260822_194912_520_milestone4,milestone4,1787453392.752514124,raw,1,1,0,detected,4.458258,3.172926,0.201574,-2.369493,-0.627319,-0.279571,0.608887,16.506912,386.750,1,0.000000,0.000000,0.000000,0.000000
tracking_cdrone3_20260822_194912_520_milestone4,milestone4,1787453392.839848995,target_map,1,1,0,detected,4.377331,3.149341,0.190882,-0.959344,-0.279597,-0.126745,0.596046,16.506912,386.750,1,0.084356,0.000000,0.179525,0.371089
tracking_cdrone3_20260822_194912_520_milestone4,milestone4,1787453392.940281153,target_map,1,1,0,detected,4.281002,3.121266,0.178156,-0.959344,-0.279597,-0.126745,0.580761,16.506912,386.750,1,0.184768,0.000000,0.214669,0.396192
tracking_cdrone3_20260822_194912_520_milestone4,milestone4,1787453392.990778208,raw,1,1,0,detected,5.122813,3.355778,0.232122,2.789174,0.767437,0.128213,0.625977,17.195765,389.375,0,0.000000,0.000000,0.000000,0.000000
tracking_cdrone3_20260822_194912_520_milestone4,milestone4,1787453393.040009499,target_map,1,1,0,detected,5.172584,3.369154,0.232731,1.102341,0.296272,0.013482,0.618911,17.195765,389.375,0,0.045150,0.000000,0.165802,0.361287
tracking_cdrone3_20260822_194912_520_milestone4,milestone4,1787453393.140451908,target_map,1,1,0,detected,5.283273,3.398904,0.234085,1.102341,0.296272,0.013482,0.603197,17.195765,389.375,0,0.145563,0.000000,0.200947,0.386391
tracking_cdrone3_20260822_194912_520_milestone4,milestone4,1787453393.206705570,raw,1,1,0,detected,4.901419,3.348077,0.191055,-1.025292,-0.035662,-0.190186,0.641602,16.978336,415.625,1,0.000000,0.000000,0.000000,0.000000
tracking_cdrone3_20260822_194912_520_milestone4,milestone4,1787453393.240244389,target_map,1,1,0,detected,4.899329,3.351580,0.188020,-0.067857,0.113708,-0.098536,0.636661,16.978336,415.625,1,0.030803,0.000000,0.160781,0.357701
tracking_cdrone3_20260822_194912_520_milestone4,milestone4,1787453393.340334654,target_map,1,1,0,detected,4.892538,3.362960,0.178158,-0.067857,0.113708,-0.098536,0.620607,16.978336,415.625,1,0.130886,0.000000,0.195810,0.382721
tracking_cdrone3_20260822_194912_520_milestone4,milestone4,1787453393.409111261,raw,1,1,0,detected,4.956854,3.313975,0.251031,0.273891,-0.168491,0.296325,0.628906,17.025005,382.500,0,0.000000,0.000000,0.000000,0.000000
tracking_cdrone3_20260822_194912_520_milestone4,milestone4,1787453393.439954996,target_map,1,1,0,detected,4.960280,3.312791,0.254415,0.120104,-0.041501,0.118638,0.624421,17.025005,382.500,0,0.028528,0.000000,0.159985,0.357132
tracking_cdrone3_20260822_194912_520_milestone4,milestone4,1787453393.540283680,target_map,1,1,0,detected,4.972328,3.308628,0.266316,0.120104,-0.041501,0.118638,0.608649,17.025005,382.500,0,0.128841,0.000000,0.195094,0.382210
tracking_cdrone3_20260822_194912_520_milestone4,milestone4,1787453393.615948200,raw,1,1,0,detected,4.335830,3.143241,0.198132,-3.002400,-0.825432,-0.255745,0.587891,16.380884,374.000,1,0.000000,0.000000,0.000000,0.000000
tracking_cdrone3_20260822_194912_520_milestone4,milestone4,1787453393.640410185,target_map,1,1,0,detected,4.300850,3.132890,0.196220,-1.597273,-0.472663,-0.087273,0.584672,16.380884,374.000,1,0.021900,0.000000,0.157665,0.355475
tracking_cdrone3_20260822_194912_520_milestone4,milestone4,1787453393.739998102,target_map,1,1,0,detected,4.141730,3.085803,0.187526,-1.597273,-0.472663,-0.087273,0.570031,16.380884,374.000,1,0.121520,0.000000,0.192532,0.380380
tracking_cdrone3_20260822_194912_520_milestone4,milestone4,1787453393.840148687,target_map,1,1,0,detected,3.981849,3.038491,0.178791,-1.597273,-0.472663,-0.087273,0.555319,16.380884,374.000,1,0.221616,0.000000,0.227566,0.405404
tracking_cdrone3_20260822_194912_520_milestone4,milestone4,1787453393.852498770,raw,1,1,0,detected,4.090976,3.124278,0.248649,-1.035135,-0.080164,0.213566,0.615234,16.138514,391.000,1,0.000000,0.000000,0.000000,0.000000
tracking_cdrone3_20260822_194912_520_milestone4,milestone4,1787453393.940412521,target_map,1,1,0,detected,3.984196,3.102991,0.255131,-1.288097,-0.256789,0.078189,0.602484,16.138514,391.000,1,0.082898,0.000000,0.179014,0.370724
tracking_cdrone3_20260822_194912_520_milestone4,milestone4,1787453394.040223598,target_map,1,1,0,detected,3.855561,3.077347,0.262939,-1.288097,-0.256789,0.078189,0.587124,16.138514,391.000,1,0.182762,0.000000,0.213967,0.395691
tracking_cdrone3_20260822_194912_520_milestone4,milestone4,1787453394.073081970,raw,1,1,0,detected,4.186654,3.135268,0.238697,0.433747,0.049820,-0.045117,0.617676,16.234045,378.250,0,0.000000,0.000000,0.000000,0.000000
tracking_cdrone3_20260822_194912_520_milestone4,milestone4,1787453394.140239000,target_map,1,1,0,detected,4.164570,3.129560,0.239369,-0.341083,-0.088154,0.010371,0.607678,16.234045,378.250,0,0.064745,0.000000,0.172661,0.366186
tracking_cdrone3_20260822_194912_520_milestone4,milestone4,1787453394.240361452,target_map,1,1,0,detected,4.130424,3.120735,0.240407,-0.341083,-0.088154,0.010371,0.592218,16.234045,378.250,0,0.164859,0.000000,0.207701,0.391215
tracking_cdrone3_20260822_194912_520_milestone4,milestone4,1787453394.320542097,raw,1,1,0,detected,4.296613,3.127667,0.145604,0.444348,-0.030717,-0.376194,0.640625,16.338915,406.875,0,0.000000,0.000000,0.000000,0.000000
tracking_cdrone3_20260822_194912_520_milestone4,milestone4,1787453394.339962244,target_map,1,1,0,detected,4.298085,3.126751,0.142330,0.090904,-0.056563,-0.202240,0.638032,16.338915,406.875,0,0.016189,0.000000,0.155666,0.354047
tracking_cdrone3_20260822_194912_520_milestone4,milestone4,1787453394.439917088,target_map,1,1,0,detected,4.307172,3.121097,0.122114,0.090904,-0.056563,-0.202240,0.622023,16.338915,406.875,0,0.116148,0.000000,0.190652,0.379037
tracking_cdrone3_20260822_194912_520_milestone4,milestone4,1787453394.540226936,target_map,1,1,0,detected,4.316289,3.115424,0.101829,0.090904,-0.056563,-0.202240,0.605960,16.338915,406.875,0,0.216446,0.000000,0.225756,0.404112
tracking_cdrone3_20260822_194912_520_milestone4,milestone4,1787453394.566448689,raw,1,1,0,detected,4.841593,3.286423,0.242502,2.212036,0.644384,0.393303,0.650391,16.906391,420.000,0,0.000000,0.000000,0.000000,0.000000
tracking_cdrone3_20260822_194912_520_milestone4,milestone4,1787453394.639950037,target_map,1,1,0,detected,4.925749,3.308438,0.250888,1.257527,0.328958,0.125309,0.639509,16.906391,420.000,0,0.066922,0.000000,0.173423,0.366731
tracking_cdrone3_20260822_194912_520_milestone4,milestone4,1787453394.739899874,target_map,1,1,0,detected,5.051444,3.341319,0.263413,1.257527,0.328958,0.125309,0.623257,16.906391,420.000,0,0.166876,0.000000,0.208407,0.391719
tracking_cdrone3_20260822_194912_520_milestone4,milestone4,1787453394.811562538,raw,1,1,0,detected,4.594530,3.223220,0.203599,-1.009830,-0.258334,-0.159006,0.640137,16.650925,406.875,1,0.000000,0.000000,0.000000,0.000000
tracking_cdrone3_20260822_194912_520_milestone4,milestone4,1787453394.840592146,target_map,1,1,0,detected,4.594778,3.223361,0.202866,0.010481,0.005947,-0.031065,0.636359,16.650925,406.875,1,0.023605,0.000000,0.158262,0.355901
tracking_cdrone3_20260822_194912_520_milestone4,milestone4,1787453394.939970255,target_map,1,1,0,detected,4.595819,3.223952,0.199779,0.010481,0.005947,-0.031065,0.620454,16.650925,406.875,1,0.122989,0.000000,0.193046,0.380747
tracking_cdrone3_20260822_194912_520_milestone4,milestone4,1787453395.040177584,raw,1,1,0,detected,5.201875,3.383518,0.278292,2.656686,0.701187,0.326726,0.658691,17.279459,402.500,0,0.000000,0.000000,0.000000,0.000000
tracking_cdrone3_20260822_194912_520_milestone4,milestone4,1787453395.043348312,target_map,1,1,0,detected,4.596902,3.224566,0.196568,0.010481,0.005947,-0.031065,0.603912,16.650925,406.875,1,0.226357,0.000000,0.229225,0.406589
tracking_cdrone3_20260822_194912_520_milestone4,milestone4,1787453395.139910936,target_map,1,1,0,detected,5.337225,3.419374,0.293594,1.465894,0.388329,0.165720,0.643487,17.279459,402.500,0,0.092333,0.000000,0.182317,0.373083
tracking_cdrone3_20260822_194912_520_milestone4,milestone4,1787453395.239930153,target_map,1,1,0,detected,5.483829,3.458210,0.310167,1.465894,0.388329,0.165720,0.627018,17.279459,402.500,0,0.192343,0.000000,0.217320,0.398086
tracking_cdrone3_20260822_194912_520_milestone4,milestone4,1787453395.273699760,raw,1,1,0,detected,4.561938,3.229976,0.258123,-2.740092,-0.657437,-0.086361,0.649902,16.621166,369.750,1,0.000000,0.000000,0.000000,0.000000
tracking_cdrone3_20260822_194912_520_milestone4,milestone4,1787453395.340255499,target_map,1,1,0,detected,4.511197,3.218789,0.259744,-0.847399,-0.186843,0.027076,0.640174,16.621166,369.750,1,0.059878,0.000000,0.170957,0.364970
tracking_cdrone3_20260822_194912_520_milestone4,milestone4,1787453395.440332890,target_map,1,1,0,detected,4.426400,3.200092,0.262454,-0.847399,-0.186843,0.027076,0.623915,16.621166,369.750,1,0.159946,0.000000,0.205981,0.389987
tracking_cdrone3_20260822_194912_520_milestone4,milestone4,1787453395.519106388,raw,1,1,0,detected,4.583919,3.269369,0.194473,0.089583,0.160541,-0.259399,0.618652,16.651176,374.000,0,0.000000,0.000000,0.000000,0.000000
tracking_cdrone3_20260822_194912_520_milestone4,milestone4,1787453395.540381908,target_map,1,1,0,detected,4.577552,3.269450,0.191971,-0.332059,0.004218,-0.130485,0.615687,16.651176,374.000,0,0.019175,0.000000,0.156711,0.354794
tracking_cdrone3_20260822_194912_520_milestone4,milestone4,1787453395.641645908,target_map,1,1,0,detected,4.543915,3.269877,0.178753,-0.332059,0.004218,-0.130485,0.600020,16.651176,374.000,0,0.120472,0.000000,0.192165,0.380118
tracking_cdrone3_20260822_194912_520_milestone4,milestone4,1787453395.740282536,target_map,1,1,0,detected,4.511166,3.270293,0.165884,-0.332059,0.004218,-0.130485,0.584766,16.651176,374.000,0,0.219098,0.000000,0.226684,0.404774
tracking_cdrone3_20260822_194912_520_milestone4,milestone4,1787453395.758855343,raw,1,1,0,detected,4.796675,3.278618,0.234312,0.887401,0.038577,0.166168,0.620605,16.860641,389.375,0,0.000000,0.000000,0.000000,0.000000
tracking_cdrone3_20260822_194912_520_milestone4,milestone4,1787453395.839926004,target_map,1,1,0,detected,4.822972,3.280413,0.236849,0.338644,0.023115,0.032674,0.608557,16.860641,389.375,0,0.077654,0.000000,0.177179,0.369414
tracking_cdrone3_20260822_194912_520_milestone4,milestone4,1787453395.941654682,target_map,1,1,0,detected,4.857421,3.282764,0.240173,0.338644,0.023115,0.032674,0.592774,16.860641,389.375,0,0.179380,0.000000,0.212783,0.394845
tracking_cdrone3_20260822_194912_520_milestone4,milestone4,1787453395.999090672,raw,1,1,0,detected,5.077881,3.373329,0.207281,1.170500,0.394227,-0.112517,0.610352,17.155767,378.250,0,0.000000,0.000000,0.000000,0.000000
tracking_cdrone3_20260822_194912_520_milestone4,milestone4,1787453396.039926529,target_map,1,1,0,detected,5.100328,3.379735,0.205950,0.796165,0.227227,-0.047181,0.606049,17.155767,378.250,0,0.028194,0.000000,0.159868,0.357049
tracking_cdrone3_20260822_194912_520_milestone4,milestone4,1787453396.140378952,target_map,1,1,0,detected,5.180263,3.402549,0.201214,0.796165,0.227227,-0.047181,0.590730,17.155767,378.250,0,0.128593,0.000000,0.195008,0.382148
tracking_cdrone3_20260822_194912_520_milestone4,milestone4,1787453396.217747688,raw,1,1,0,detected,4.481470,3.198964,0.241973,-2.727660,-0.797448,0.158662,0.603027,16.535587,382.500,1,0.000000,0.000000,0.000000,0.000000
tracking_cdrone3_20260822_194912_520_milestone4,milestone4,1787453396.240217686,target_map,1,1,0,detected,4.458658,3.192245,0.243292,-1.141939,-0.336344,0.066033,0.600016,16.535587,382.500,1,0.019976,0.000000,0.156992,0.354994
tracking_cdrone3_20260822_194912_520_milestone4,milestone4,1787453396.340171337,target_map,1,1,0,detected,4.344530,3.158630,0.249891,-1.141939,-0.336344,0.066033,0.584949,16.535587,382.500,1,0.119919,0.000000,0.191972,0.379980
tracking_cdrone3_20260822_194912_520_milestone4,milestone4,1787453396.419287205,raw,1,1,0,detected,4.628209,3.231076,0.246927,0.728057,0.159325,0.024582,0.604980,16.685934,374.000,0,0.000000,0.000000,0.000000,0.000000
tracking_cdrone3_20260822_194912_520_milestone4,milestone4,1787453396.440243959,target_map,1,1,0,detected,4.626081,3.229881,0.247738,-0.113441,-0.063726,0.043235,0.602144,16.685934,374.000,0,0.018754,0.000000,0.156564,0.354688
tracking_cdrone3_20260822_194912_520_milestone4,milestone4,1787453396.540467024,target_map,1,1,0,detected,4.614712,3.223494,0.252071,-0.113441,-0.063726,0.043235,0.586986,16.685934,374.000,0,0.118976,0.000000,0.191642,0.379744
tracking_cdrone3_20260822_194912_520_milestone4,milestone4,1787453396.624516010,raw,1,1,0,detected,5.190112,3.400445,0.264860,2.738024,0.825297,0.087381,0.636230,17.271641,400.500,0,0.000000,0.000000,0.000000,0.000000
tracking_cdrone3_20260822_194912_520_milestone4,milestone4,1787453396.639945507,target_map,1,1,0,detected,5.208135,3.405713,0.265696,1.454865,0.425236,0.067515,0.634260,17.271641,400.500,0,0.012388,0.000000,0.154336,0.353097
tracking_cdrone3_20260822_194912_520_milestone4,milestone4,1787453396.740166426,target_map,1,1,0,detected,5.353921,3.448324,0.272462,1.454865,0.425236,0.067515,0.618322,17.271641,400.500,0,0.112594,0.000000,0.189408,0.378149
tracking_cdrone3_20260822_194912_520_milestone4,milestone4,1787453396.840076685,target_map,1,1,0,detected,5.499279,3.490810,0.279207,1.454865,0.425236,0.067515,0.602430,17.271641,400.500,0,0.212506,0.000000,0.224377,0.403126
tracking_cdrone3_20260822_194912_520_milestone4,milestone4,1787453396.863088369,raw,1,1,0,detected,5.012609,3.315021,0.269477,-0.744027,-0.358066,0.019353,0.620605,17.079500,378.250,1,0.000000,0.000000,0.000000,0.000000
tracking_cdrone3_20260822_194912_520_milestone4,milestone4,1787453396.939913273,target_map,1,1,0,detected,5.030244,3.314620,0.272424,0.245474,-0.005580,0.041026,0.609459,17.079500,378.250,1,0.071841,0.000000,0.175144,0.367960
tracking_cdrone3_20260822_194912_520_milestone4,milestone4,1787453397.040888548,target_map,1,1,0,detected,5.055029,3.314057,0.276567,0.245474,-0.005580,0.041026,0.593794,17.079500,378.250,1,0.172809,0.000000,0.210483,0.393202
tracking_cdrone3_20260822_194912_520_milestone4,milestone4,1787453397.109033346,raw,1,1,0,detected,4.638873,3.264951,0.220002,-1.519643,-0.203588,-0.201170,0.589844,16.703775,389.375,1,0.000000,0.000000,0.000000,0.000000
tracking_cdrone3_20260822_194912_520_milestone4,milestone4,1787453397.140095472,target_map,1,1,0,detected,4.618385,3.261718,0.217398,-0.725340,-0.114484,-0.092182,0.585679,16.703775,389.375,1,0.028246,0.000000,0.159886,0.357061
tracking_cdrone3_20260822_194912_520_milestone4,milestone4,1787453397.239921570,target_map,1,1,0,detected,4.545977,3.250289,0.208196,-0.725340,-0.114484,-0.092182,0.570958,16.703775,389.375,1,0.128072,0.000000,0.194825,0.382018
tracking_cdrone3_20260822_194912_520_milestone4,milestone4,1787453397.332789183,raw,1,1,0,detected,5.649562,3.460098,0.226812,4.516791,0.872115,0.030436,0.588867,17.732342,395.250,0,0.000000,0.000000,0.000000,0.000000
tracking_cdrone3_20260822_194912_520_milestone4,milestone4,1787453397.339952230,target_map,1,1,0,detected,5.655806,3.461337,0.226740,2.157832,0.428145,-0.024742,0.588441,17.732342,395.250,0,0.002894,0.000000,0.151013,0.350723
tracking_cdrone3_20260822_194912_520_milestone4,milestone4,1787453397.440308332,target_map,1,1,0,detected,5.872322,3.504297,0.224258,2.157832,0.428145,-0.024742,0.573669,17.732342,395.250,0,0.103233,0.000000,0.186132,0.375808
tracking_cdrone3_20260822_194912_520_milestone4,milestone4,1787453397.540493011,target_map,1,1,0,detected,6.088439,3.547178,0.221780,2.157832,0.428145,-0.024742,0.558925,17.732342,395.250,0,0.203388,0.000000,0.221186,0.400847
tracking_cdrone3_20260822_194912_520_milestone4,milestone4,1787453397.558718681,raw,1,1,0,detected,4.390870,3.160018,0.211445,-5.571407,-1.328259,-0.068020,0.602051,16.438431,363.000,1,0.000000,0.000000,0.000000,0.000000
tracking_cdrone3_20260822_194912_520_milestone4,milestone4,1787453397.639943600,target_map,1,1,0,detected,4.247429,3.123159,0.208118,-2.093250,-0.537877,-0.048545,0.591737,16.438431,363.000,1,0.068526,0.000000,0.173984,0.367131
tracking_cdrone3_20260822_194912_520_milestone4,milestone4,1787453397.739932299,target_map,1,1,0,detected,4.038130,3.069378,0.203265,-2.093250,-0.537877,-0.048545,0.576687,16.438431,363.000,1,0.168513,0.000000,0.208980,0.392128
tracking_cdrone3_20260822_194912_520_milestone4,milestone4,1787453397.773539782,raw,1,1,0,detected,5.114563,3.355007,0.259823,3.368633,0.907631,0.225188,0.601074,17.187893,365.500,0,0.000000,0.000000,0.000000,0.000000
tracking_cdrone3_20260822_194912_520_milestone4,milestone4,1787453397.840233326,target_map,1,1,0,detected,5.169780,3.370597,0.266007,0.910786,0.257152,0.102008,0.591964,17.187893,365.500,0,0.060626,0.000000,0.171219,0.365156
tracking_cdrone3_20260822_194912_520_milestone4,milestone4,1787453397.940238714,target_map,1,1,0,detected,5.260862,3.396313,0.276208,0.910786,0.257152,0.102008,0.576936,17.187893,365.500,0,0.160630,0.000000,0.206221,0.390158
tracking_cdrone3_20260822_194912_520_milestone4,milestone4,1787453397.972942591,raw,1,1,0,detected,5.322543,3.372126,0.253552,1.043072,0.085857,-0.031450,0.662109,17.394184,393.750,0,0.000000,0.000000,0.000000,0.000000
tracking_cdrone3_20260822_194912_520_milestone4,milestone4,1787453398.040202618,target_map,1,1,0,detected,5.386038,3.382645,0.255399,0.983543,0.162940,0.028606,0.651423,17.394184,393.750,0,0.064557,0.000000,0.172595,0.366139
tracking_cdrone3_20260822_194912_520_milestone4,milestone4,1787453398.140212059,target_map,1,1,0,detected,5.484391,3.398939,0.258259,0.983543,0.162940,0.028606,0.634871,17.394184,393.750,0,0.164556,0.000000,0.207594,0.391139
tracking_cdrone3_20260822_194912_520_milestone4,milestone4,1787453398.198657513,raw,1,1,0,detected,4.397053,3.187646,0.241618,-4.100004,-0.817265,-0.052868,0.590332,16.450891,402.500,1,0.000000,0.000000,0.000000,0.000000
tracking_cdrone3_20260822_194912_520_milestone4,milestone4,1787453398.239901066,target_map,1,1,0,detected,4.346237,3.177099,0.241164,-1.812408,-0.376173,-0.016205,0.586194,16.450891,402.500,1,0.028038,0.000000,0.159813,0.357010
tracking_cdrone3_20260822_194912_520_milestone4,milestone4,1787453398.340330601,target_map,1,1,0,detected,4.164242,3.139325,0.239536,-1.812408,-0.376173,-0.016205,0.571374,16.450891,402.500,1,0.128454,0.000000,0.194959,0.382113
tracking_cdrone3_20260822_194912_520_milestone4,milestone4,1787453398.403504610,raw,1,1,0,detected,4.187930,3.143923,0.217342,-1.020778,-0.213420,-0.118495,0.596191,16.237047,414.000,1,0.000000,0.000000,0.000000,0.000000
tracking_cdrone3_20260822_194912_520_milestone4,milestone4,1787453398.443009377,target_map,1,1,0,detected,4.140581,3.134066,0.214851,-1.377011,-0.286659,-0.072464,0.591066,16.237047,414.000,1,0.034385,0.000000,0.162035,0.358596
tracking_cdrone3_20260822_194912_520_milestone4,milestone4,1787453398.540178299,target_map,1,1,0,detected,4.006787,3.106214,0.207810,-1.377011,-0.286659,-0.072464,0.576585,16.237047,414.000,1,0.131548,0.000000,0.196042,0.382887
tracking_cdrone3_20260822_194912_520_milestone4,milestone4,1787453398.621598244,raw,1,1,0,detected,4.957509,3.329119,0.290175,3.529107,0.849265,0.333994,0.626953,17.029322,409.500,0,0.000000,0.000000,0.000000,0.000000
tracking_cdrone3_20260822_194912_520_milestone4,milestone4,1787453398.640332222,target_map,1,1,0,detected,4.977846,3.334323,0.292501,1.321354,0.338100,0.151088,0.624541,17.029322,409.500,0,0.015391,0.000000,0.155387,0.353848
tracking_cdrone3_20260822_194912_520_milestone4,milestone4,1787453398.740390778,target_map,1,1,0,detected,5.110047,3.368150,0.307617,1.321354,0.338100,0.151088,0.608859,17.029322,409.500,0,0.115441,0.000000,0.190404,0.378860
tracking_cdrone3_20260822_194912_520_milestone4,milestone4,1787453398.836693525,raw,1,1,0,detected,4.821262,3.256864,0.176308,-0.633439,-0.335927,-0.529392,0.629883,16.879570,382.500,1,0.000000,0.000000,0.000000,0.000000
tracking_cdrone3_20260822_194912_520_milestone4,milestone4,1787453398.845017672,target_map,1,1,0,detected,5.241682,3.401831,0.322668,1.321354,0.338100,0.151088,0.593245,17.029322,409.500,0,0.215062,0.000000,0.225272,0.403765
tracking_cdrone3_20260822_194912_520_milestone4,milestone4,1787453398.940416098,target_map,1,1,0,detected,4.843287,3.253947,0.156344,0.246218,-0.032615,-0.223176,0.615797,16.879570,382.500,1,0.089453,0.000000,0.181309,0.372363
tracking_cdrone3_20260822_194912_520_milestone4,milestone4,1787453399.032532215,raw,1,1,0,detected,4.920866,3.310947,0.270848,0.508492,0.276102,0.482645,0.647949,16.989262,427.500,0,0.000000,0.000000,0.000000,0.000000
tracking_cdrone3_20260822_194912_520_milestone4,milestone4,1787453399.040279627,target_map,1,1,0,detected,4.922787,3.311622,0.271660,0.390469,0.137179,0.165025,0.647152,16.989262,427.500,0,0.004920,0.000000,0.151722,0.351230
tracking_cdrone3_20260822_194912_520_milestone4,milestone4,1787453399.140519857,target_map,1,1,0,detected,4.961920,3.325370,0.288199,0.390469,0.137179,0.165025,0.630918,16.989262,427.500,0,0.105140,0.000000,0.186799,0.376285
tracking_cdrone3_20260822_194912_520_milestone4,milestone4,1787453399.224555016,raw,1,1,0,detected,4.824242,3.311939,0.170411,-0.503274,0.005164,-0.523133,0.617676,16.894899,393.750,1,0.000000,0.000000,0.000000,0.000000
tracking_cdrone3_20260822_194912_520_milestone4,milestone4,1787453399.240311146,target_map,1,1,0,detected,4.823088,3.312675,0.167975,-0.101090,0.064571,-0.213462,0.615913,16.894899,393.750,1,0.011413,0.000000,0.153995,0.352853
tracking_cdrone3_20260822_194912_520_milestone4,milestone4,1787453399.340293169,target_map,1,1,0,detected,4.812983,3.319130,0.146637,-0.101090,0.064571,-0.213462,0.600477,16.894899,393.750,1,0.111377,0.000000,0.188982,0.377844
tracking_cdrone3_20260822_194912_520_milestone4,milestone4,1787453399.440533161,target_map,1,1,0,detected,4.802854,3.325600,0.125249,-0.101090,0.064571,-0.213462,0.585005,16.894899,393.750,1,0.211571,0.000000,0.224050,0.402893
tracking_cdrone3_20260822_194912_520_milestone4,milestone4,1787453399.478044271,raw,1,1,0,detected,4.737804,3.254923,0.252338,-0.340977,-0.224914,0.323181,0.626953,16.798096,405.000,1,0.000000,0.000000,0.000000,0.000000
tracking_cdrone3_20260822_194912_520_milestone4,milestone4,1787453399.540277481,target_map,1,1,0,detected,4.724103,3.249358,0.257141,-0.233028,-0.094646,0.081692,0.617737,16.798096,405.000,1,0.058796,0.000000,0.170579,0.364699
tracking_cdrone3_20260822_194912_520_milestone4,milestone4,1787453399.639895678,target_map,1,1,0,detected,4.700886,3.239928,0.265280,-0.233028,-0.094646,0.081692,0.602121,16.798096,405.000,1,0.158429,0.000000,0.205450,0.389607
tracking_cdrone3_20260822_194912_520_milestone4,milestone4,1787453399.716237783,raw,1,1,0,detected,4.955570,3.300156,0.175131,0.914263,0.189906,-0.324142,0.640137,17.019882,389.375,0,0.000000,0.000000,0.000000,0.000000
tracking_cdrone3_20260822_194912_520_milestone4,milestone4,1787453399.740274191,target_map,1,1,0,detected,4.963075,3.301322,0.172463,0.397982,0.061858,-0.141517,0.637119,17.019882,389.375,0,0.018857,0.000000,0.156600,0.354714
tracking_cdrone3_20260822_194912_520_milestone4,milestone4,1787453399.840157747,target_map,1,1,0,detected,5.002829,3.307502,0.158327,0.397982,0.061858,-0.141517,0.621133,17.019882,389.375,0,0.118746,0.000000,0.191561,0.379687
tracking_cdrone3_20260822_194912_520_milestone4,milestone4,1787453399.940363169,target_map,1,1,0,detected,5.042707,3.313699,0.144147,0.397982,0.061858,-0.141517,0.605098,17.019882,389.375,0,0.218946,0.000000,0.226631,0.404736
tracking_cdrone3_20260822_194912_520_milestone4,milestone4,1787453399.983229160,raw,1,1,0,detected,4.714145,3.254574,0.233498,-0.904248,-0.170727,0.218609,0.640137,16.774912,378.250,1,0.000000,0.000000,0.000000,0.000000
tracking_cdrone3_20260822_194912_520_milestone4,milestone4,1787453400.039955616,target_map,1,1,0,detected,4.697188,3.251054,0.236511,-0.318244,-0.066064,0.056553,0.631610,16.774912,378.250,1,0.053281,0.000000,0.168648,0.363320
tracking_cdrone3_20260822_194912_520_milestone4,milestone4,1787453400.140297174,target_map,1,1,0,detected,4.665259,3.244426,0.242185,-0.318244,-0.066064,0.056553,0.615554,16.774912,378.250,1,0.153611,0.000000,0.203764,0.388403
tracking_cdrone3_20260822_194912_520_milestone4,milestone4,1787453400.198838234,raw,1,1,0,detected,5.025100,3.321375,0.214281,1.442234,0.309828,-0.089130,0.575684,17.092758,382.500,0,0.000000,0.000000,0.000000,0.000000
tracking_cdrone3_20260822_194912_520_milestone4,milestone4,1787453400.240213871,target_map,1,1,0,detected,5.050338,3.326837,0.213366,0.650019,0.140677,-0.023573,0.570096,17.092758,382.500,0,0.038826,0.000000,0.163589,0.359707
tracking_cdrone3_20260822_194912_520_milestone4,milestone4,1787453400.340228796,target_map,1,1,0,detected,5.115350,3.340906,0.211008,0.650019,0.140677,-0.023573,0.555701,17.092758,382.500,0,0.138841,0.000000,0.198594,0.384710
tracking_cdrone3_20260822_194912_520_milestone4,milestone4,1787453400.431567192,raw,1,1,0,detected,5.022216,3.354458,0.265321,-0.012393,0.142155,0.219316,0.655762,17.097826,378.250,0,0.000000,0.000000,0.000000,0.000000
tracking_cdrone3_20260822_194912_520_milestone4,milestone4,1787453400.439971924,target_map,1,1,0,detected,5.023821,3.355253,0.265940,0.285692,0.141490,0.110016,0.654841,17.097826,378.250,0,0.005618,0.000000,0.151966,0.351404
tracking_cdrone3_20260822_194912_520_milestone4,milestone4,1787453400.540475368,target_map,1,1,0,detected,5.052529,3.369470,0.276995,0.285692,0.141490,0.110016,0.638367,17.097826,378.250,0,0.106105,0.000000,0.187137,0.376526
tracking_cdrone3_20260822_194912_520_milestone4,milestone4,1787453400.638741016,raw,1,1,0,detected,5.068071,3.334262,0.253125,0.221332,-0.097481,-0.058870,0.645996,17.137854,369.750,0,0.000000,0.000000,0.000000,0.000000
tracking_cdrone3_20260822_194912_520_milestone4,milestone4,1787453400.640281439,target_map,1,1,0,detected,5.081045,3.383593,0.287976,0.285692,0.141490,0.110016,0.622003,17.097826,378.250,0,0.205918,0.000000,0.222071,0.401479
tracking_cdrone3_20260822_194912_520_milestone4,milestone4,1787453400.740318537,target_map,1,1,0,detected,5.091286,3.335195,0.254714,0.250294,0.010056,0.017129,0.631017,17.137854,369.750,0,0.092752,0.000000,0.182463,0.373188
tracking_cdrone3_20260822_194912_520_milestone4,milestone4,1787453400.840275049,target_map,1,1,0,detected,5.116304,3.336200,0.256426,0.250294,0.010056,0.017129,0.614874,17.137854,369.750,0,0.192708,0.000000,0.217448,0.398177
tracking_cdrone3_20260822_194912_520_milestone4,milestone4,1787453400.863319874,raw,1,1,0,detected,4.964824,3.320199,0.233732,-0.459758,-0.062622,-0.086356,0.636719,17.033873,385.000,1,0.000000,0.000000,0.000000,0.000000
tracking_cdrone3_20260822_194912_520_milestone4,milestone4,1787453400.940310001,target_map,1,1,0,detected,4.954463,3.317989,0.230793,-0.140235,-0.029917,-0.039788,0.624958,17.033873,385.000,1,0.073882,0.000000,0.175859,0.368470
tracking_cdrone3_20260822_194912_520_milestone4,milestone4,1787453401.039946795,target_map,1,1,0,detected,4.940488,3.315007,0.226828,-0.140235,-0.029917,-0.039788,0.609096,17.033873,385.000,1,0.173533,0.000000,0.210737,0.393383
tracking_cdrone3_20260822_194912_520_milestone4,milestone4,1787453401.101881266,raw,1,1,0,detected,4.792891,3.305967,0.167740,-0.720665,-0.059656,-0.276612,0.640625,16.862827,395.250,1,0.000000,0.000000,0.000000,0.000000
tracking_cdrone3_20260822_194912_520_milestone4,milestone4,1787453401.140080214,target_map,1,1,0,detected,4.777339,3.304401,0.161984,-0.459472,-0.046273,-0.170041,0.635204,16.862827,395.250,1,0.033848,0.000000,0.161847,0.358462
tracking_cdrone3_20260822_194912_520_milestone4,milestone4,1787453401.239994764,target_map,1,1,0,detected,4.731432,3.299777,0.144995,-0.459472,-0.046273,-0.170041,0.619203,16.862827,395.250,1,0.133759,0.000000,0.196816,0.383440
tracking_cdrone3_20260822_194912_520_milestone4,milestone4,1787453401.340182304,target_map,1,1,0,detected,4.685401,3.295142,0.127960,-0.459472,-0.046273,-0.170041,0.603158,16.862827,395.250,1,0.233942,0.000000,0.231880,0.408485
tracking_cdrone3_20260822_194912_520_milestone4,milestone4,1787453401.358044624,raw,1,1,0,detected,3.876647,3.060809,0.201640,-3.576936,-0.957072,0.132342,0.583008,15.915112,393.750,1,0.000000,0.000000,0.000000,0.000000
tracking_cdrone3_20260822_194912_520_milestone4,milestone4,1787453401.440250874,target_map,1,1,0,detected,3.719134,3.021163,0.201369,-2.174077,-0.547213,-0.003730,0.572448,15.915112,393.750,1,0.072451,0.000000,0.175358,0.368113
tracking_cdrone3_20260822_194912_520_milestone4,milestone4,1787453401.540323019,target_map,1,1,0,detected,3.501590,2.966408,0.200996,-2.174077,-0.547213,-0.003730,0.557864,15.915112,393.750,1,0.172513,0.000000,0.210380,0.393128
tracking_cdrone3_20260822_194912_520_milestone4,milestone4,1787453401.612292051,raw,1,1,0,detected,4.680734,3.276555,0.245557,3.162263,0.848471,0.172717,0.628906,16.747299,393.750,0,0.000000,0.000000,0.000000,0.000000
tracking_cdrone3_20260822_194912_520_milestone4,milestone4,1787453401.640173912,target_map,1,1,0,detected,4.699982,3.282130,0.247918,0.760910,0.220413,0.093316,0.624929,16.747299,393.750,0,0.025296,0.000000,0.158854,0.356324
tracking_cdrone3_20260822_194912_520_milestone4,milestone4,1787453401.740432501,target_map,1,1,0,detected,4.776299,3.304237,0.257277,0.760910,0.220413,0.093316,0.609160,16.747299,393.750,0,0.125592,0.000000,0.193957,0.381398
tracking_cdrone3_20260822_194912_520_milestone4,milestone4,1787453401.840188742,target_map,1,1,0,detected,4.852207,3.326226,0.266586,0.760910,0.220413,0.093316,0.593475,16.747299,393.750,0,0.225353,0.000000,0.228873,0.406338
tracking_cdrone3_20260822_194912_520_milestone4,milestone4,1787453401.859886646,raw,1,1,0,detected,4.020282,3.119462,0.237246,-2.667816,-0.634560,-0.033573,0.625000,16.068462,365.500,1,0.000000,0.000000,0.000000,0.000000
tracking_cdrone3_20260822_194912_520_milestone4,milestone4,1787453401.940205097,target_map,1,1,0,detected,3.936825,3.100927,0.238991,-1.124889,-0.249822,0.023527,0.613408,16.068462,365.500,1,0.074191,0.000000,0.175967,0.368548
tracking_cdrone3_20260822_194912_520_milestone4,milestone4,1787453402.040734529,target_map,1,1,0,detected,3.823729,3.075810,0.241357,-1.124889,-0.249822,0.023527,0.597698,16.068462,365.500,1,0.174731,0.000000,0.211156,0.393683
tracking_cdrone3_20260822_194912_520_milestone4,milestone4,1787453402.090658665,raw,1,1,0,detected,3.696917,3.018171,0.217330,-1.401190,-0.438908,-0.086298,0.634277,15.730337,382.500,1,0.000000,0.000000,0.000000,0.000000
tracking_cdrone3_20260822_194912_520_milestone4,milestone4,1787453402.140141487,target_map,1,1,0,detected,3.640379,3.002504,0.215697,-1.276855,-0.353820,-0.036877,0.627256,15.730337,382.500,1,0.044279,0.000000,0.165498,0.361070
tracking_cdrone3_20260822_194912_520_milestone4,milestone4,1787453402.240167856,target_map,1,1,0,detected,3.512657,2.967112,0.212009,-1.276855,-0.353820,-0.036877,0.611395,15.730337,382.500,1,0.144308,0.000000,0.200508,0.386077
tracking_cdrone3_20260822_194912_520_milestone4,milestone4,1787453402.321672678,raw,1,1,0,detected,3.955917,3.076935,0.165632,1.121160,0.254379,-0.223789,0.652344,15.995820,385.000,0,0.000000,0.000000,0.000000,0.000000
tracking_cdrone3_20260822_194912_520_milestone4,milestone4,1787453402.340207815,target_map,1,1,0,detected,3.956514,3.076661,0.163651,0.042053,-0.019310,-0.139679,0.650031,15.995820,385.000,0,0.014182,0.000000,0.154964,0.353546
tracking_cdrone3_20260822_194912_520_milestone4,milestone4,1787453402.439930201,target_map,1,1,0,detected,3.960708,3.074735,0.149721,0.042053,-0.019310,-0.139679,0.633766,15.995820,385.000,0,0.113912,0.000000,0.189869,0.378478
tracking_cdrone3_20260822_194912_520_milestone4,milestone4,1787453402.540235043,target_map,1,1,0,detected,3.964925,3.072799,0.135714,0.042053,-0.019310,-0.139679,0.617411,15.995820,385.000,0,0.214196,0.000000,0.224969,0.403549
tracking_cdrone3_20260822_194912_520_milestone4,milestone4,1787453402.552852631,raw,1,1,0,detected,3.473047,2.975002,0.222119,-2.088623,-0.440904,0.244327,0.593750,15.502596,350.625,1,0.000000,0.000000,0.000000,0.000000
tracking_cdrone3_20260822_194912_520_milestone4,milestone4,1787453402.640212059,target_map,1,1,0,detected,3.377295,2.953714,0.228180,-1.129818,-0.251187,0.071525,0.581170,15.502596,350.625,1,0.084750,0.000000,0.179663,0.371188
tracking_cdrone3_20260822_194912_520_milestone4,milestone4,1787453402.740540981,target_map,1,1,0,detected,3.263957,2.928516,0.235355,-1.129818,-0.251187,0.071525,0.566279,15.502596,350.625,1,0.185066,0.000000,0.214773,0.396266
tracking_cdrone3_20260822_194912_520_milestone4,milestone4,1787453402.749501944,raw,1,1,0,detected,3.302977,2.944591,0.187605,-0.864849,-0.154647,-0.175512,0.600098,15.329868,365.500,1,0.000000,0.000000,0.000000,0.000000
tracking_cdrone3_20260822_194912_520_milestone4,milestone4,1787453402.840156794,target_map,1,1,0,detected,3.216329,2.927150,0.181939,-0.984086,-0.198090,-0.064345,0.586888,15.329868,365.500,1,0.088049,0.000000,0.180817,0.372012
tracking_cdrone3_20260822_194912_520_milestone4,milestone4,1787453402.940172911,target_map,1,1,0,detected,3.117914,2.907339,0.175504,-0.984086,-0.198090,-0.064345,0.571885,15.329868,365.500,1,0.188056,0.000000,0.215820,0.397014
tracking_cdrone3_20260822_194912_520_milestone4,milestone4,1787453402.972308159,raw,1,1,0,detected,3.215477,2.926666,0.254284,-0.392732,-0.080456,0.299281,0.604004,15.241117,378.250,1,0.000000,0.000000,0.000000,0.000000
tracking_cdrone3_20260822_194912_520_milestone4,milestone4,1787453403.040268660,target_map,1,1,0,detected,3.173540,2.918175,0.262919,-0.658841,-0.133391,0.135649,0.594392,15.241117,378.250,1,0.063653,0.000000,0.172278,0.365913
tracking_cdrone3_20260822_194912_520_milestone4,milestone4,1787453403.140286922,target_map,1,1,0,detected,3.107646,2.904834,0.276486,-0.658841,-0.133391,0.135649,0.579290,15.241117,378.250,1,0.163668,0.000000,0.207284,0.390917
tracking_cdrone3_20260822_194912_520_milestone4,milestone4,1787453403.183466434,raw,1,1,0,detected,3.139804,2.916674,0.213974,-0.358366,-0.047318,-0.190897,0.613281,15.164764,374.000,1,0.000000,0.000000,0.000000,0.000000
tracking_cdrone3_20260822_194912_520_milestone4,milestone4,1787453403.240204811,target_map,1,1,0,detected,3.113583,2.912103,0.211639,-0.493580,-0.086051,-0.043951,0.605136,15.164764,374.000,1,0.053124,0.000000,0.168593,0.363281
tracking_cdrone3_20260822_194912_520_milestone4,milestone4,1787453403.340623379,target_map,1,1,0,detected,3.064031,2.903464,0.207227,-0.493580,-0.086051,-0.043951,0.589744,15.164764,374.000,1,0.153516,0.000000,0.203731,0.388379
tracking_cdrone3_20260822_194912_520_milestone4,milestone4,1787453403.382638454,raw,1,1,0,detected,3.288576,2.947115,0.211469,0.746947,0.152833,-0.012578,0.626953,15.316498,374.000,0,0.000000,0.000000,0.000000,0.000000
tracking_cdrone3_20260822_194912_520_milestone4,milestone4,1787453403.440198421,target_map,1,1,0,detected,3.298900,2.949595,0.210009,0.188710,0.045335,-0.026696,0.618378,15.316498,374.000,0,0.054708,0.000000,0.169148,0.363677
tracking_cdrone3_20260822_194912_520_milestone4,milestone4,1787453403.540354729,target_map,1,1,0,detected,3.317798,2.954135,0.207335,0.188710,0.045335,-0.026696,0.602682,15.316498,374.000,0,0.154849,0.000000,0.204197,0.388712
tracking_cdrone3_20260822_194912_520_milestone4,milestone4,1787453403.618811369,raw,1,1,0,detected,3.421421,2.967683,0.244774,0.562393,0.087074,0.140994,0.624512,15.450784,382.500,0,0.000000,0.000000,0.000000,0.000000
tracking_cdrone3_20260822_194912_520_milestone4,milestone4,1787453403.640241623,target_map,1,1,0,detected,3.428675,2.968939,0.245979,0.394236,0.068292,0.065534,0.621639,15.450784,382.500,0,0.018401,0.000000,0.156440,0.354600
tracking_cdrone3_20260822_194912_520_milestone4,milestone4,1787453403.740264654,target_map,1,1,0,detected,3.468109,2.975770,0.252535,0.394236,0.068292,0.065534,0.606022,15.450784,382.500,0,0.118428,0.000000,0.191450,0.379607
tracking_cdrone3_20260822_194912_520_milestone4,milestone4,1787453403.839661837,raw,1,1,0,detected,3.320849,2.904315,0.191605,-0.455483,-0.286986,-0.240798,0.620605,15.338139,361.250,1,0.000000,0.000000,0.000000,0.000000
tracking_cdrone3_20260822_194912_520_milestone4,milestone4,1787453403.840049744,target_map,1,1,0,detected,3.507447,2.982585,0.259074,0.394236,0.068292,0.065534,0.590443,15.450784,382.500,0,0.218212,0.000000,0.226374,0.404553
tracking_cdrone3_20260822_194912_520_milestone4,milestone4,1787453403.940276146,target_map,1,1,0,detected,3.313910,2.892251,0.181833,-0.073110,-0.127111,-0.102949,0.605879,15.338139,361.250,1,0.094914,0.000000,0.183220,0.373729
tracking_cdrone3_20260822_194912_520_milestone4,milestone4,1787453404.042417765,target_map,1,1,0,detected,3.306442,2.879267,0.171318,-0.073110,-0.127111,-0.102949,0.590032,15.338139,361.250,1,0.197054,0.000000,0.218969,0.399263
tracking_cdrone3_20260822_194912_520_milestone4,milestone4,1787453404.048361301,raw,1,1,0,detected,3.131484,2.910326,0.248294,-0.904473,0.028707,0.270769,0.644043,15.155402,389.375,1,0.000000,0.000000,0.000000,0.000000
tracking_cdrone3_20260822_194912_520_milestone4,milestone4,1787453404.140273571,target_map,1,1,0,detected,3.086451,2.906809,0.257006,-0.530359,-0.041411,0.102596,0.630372,15.155402,389.375,1,0.084909,0.000000,0.179718,0.371227
tracking_cdrone3_20260822_194912_520_milestone4,milestone4,1787453404.240096569,target_map,1,1,0,detected,3.033509,2.902675,0.267247,-0.530359,-0.041411,0.102596,0.614299,15.155402,389.375,1,0.184734,0.000000,0.214657,0.396183
tracking_cdrone3_20260822_194912_520_milestone4,milestone4,1787453404.274704456,raw,1,1,0,detected,3.725273,3.012762,0.232304,2.631072,0.453896,-0.070854,0.613770,15.756927,402.500,0,0.000000,0.000000,0.000000,0.000000
tracking_cdrone3_20260822_194912_520_milestone4,milestone4,1787453404.340556622,target_map,1,1,0,detected,3.798195,3.026702,0.232738,1.208428,0.231008,0.007199,0.604510,15.756927,402.500,0,0.060345,0.000000,0.171121,0.365086
tracking_cdrone3_20260822_194912_520_milestone4,milestone4,1787453404.440384150,target_map,1,1,0,detected,3.918838,3.049765,0.233457,1.208428,0.231008,0.007199,0.589191,15.756927,402.500,0,0.160179,0.000000,0.206063,0.390045
tracking_cdrone3_20260822_194912_520_milestone4,milestone4,1787453404.502904415,raw,1,1,0,detected,3.126229,2.903281,0.229134,-2.625067,-0.479757,-0.013890,0.617676,15.148474,365.500,1,0.000000,0.000000,0.000000,0.000000
tracking_cdrone3_20260822_194912_520_milestone4,milestone4,1787453404.541133881,target_map,1,1,0,detected,3.094365,2.897619,0.228978,-0.899994,-0.159913,-0.004400,0.612209,15.148474,365.500,1,0.035404,0.000000,0.162391,0.358851
tracking_cdrone3_20260822_194912_520_milestone4,milestone4,1787453404.640405416,target_map,1,1,0,detected,3.005023,2.881745,0.228541,-0.899994,-0.159913,-0.004400,0.596880,15.148474,365.500,1,0.134674,0.000000,0.197136,0.383669
tracking_cdrone3_20260822_194912_520_milestone4,milestone4,1787453404.729997158,raw,1,1,0,detected,3.089880,2.872212,0.166803,-0.160067,-0.136817,-0.274486,0.608887,15.105969,389.375,1,0.000000,0.000000,0.000000,0.000000
tracking_cdrone3_20260822_194912_520_milestone4,milestone4,1787453404.740737915,target_map,1,1,0,detected,3.087407,2.871473,0.166035,-0.493034,-0.147210,-0.152947,0.608123,15.105969,389.375,1,0.005017,0.000000,0.151756,0.351254
tracking_cdrone3_20260822_194912_520_milestone4,milestone4,1787453404.839987516,target_map,1,1,0,detected,3.038469,2.856862,0.150854,-0.493034,-0.147210,-0.152947,0.593014,15.105969,389.375,1,0.104276,0.000000,0.186496,0.376069
tracking_cdrone3_20260822_194912_520_milestone4,milestone4,1787453404.940420151,target_map,1,1,0,detected,2.988943,2.842074,0.135490,-0.493034,-0.147210,-0.152947,0.577723,15.105969,389.375,1,0.204727,0.000000,0.221654,0.401182
tracking_cdrone3_20260822_194912_520_milestone4,milestone4,1787453404.971240759,raw,1,1,0,detected,3.097055,2.889938,0.211353,0.029739,0.073476,0.184662,0.596191,15.116939,380.625,0,0.000000,0.000000,0.000000,0.000000
tracking_cdrone3_20260822_194912_520_milestone4,milestone4,1787453405.040270329,target_map,1,1,0,detected,3.083481,2.888232,0.213515,-0.205509,-0.025833,0.032738,0.586347,15.116939,380.625,0,0.066050,0.000000,0.173118,0.366513
tracking_cdrone3_20260822_194912_520_milestone4,milestone4,1787453405.140284300,target_map,1,1,0,detected,3.062926,2.885648,0.216790,-0.205509,-0.025833,0.032738,0.571439,15.116939,380.625,0,0.166070,0.000000,0.208124,0.391517
tracking_cdrone3_20260822_194912_520_milestone4,milestone4,1787453405.214246988,raw,1,1,0,detected,3.108609,2.895426,0.245115,0.047547,0.022582,0.138931,0.632324,15.129882,393.750,0,0.000000,0.000000,0.000000,0.000000
tracking_cdrone3_20260822_194912_520_milestone4,milestone4,1787453405.240246058,target_map,1,1,0,detected,3.107094,2.895444,0.247198,-0.066328,0.000796,0.091144,0.628712,15.129882,393.750,0,0.022851,0.000000,0.157998,0.355713
tracking_cdrone3_20260822_194912_520_milestone4,milestone4,1787453405.340296268,target_map,1,1,0,detected,3.100458,2.895524,0.256316,-0.066328,0.000796,0.091144,0.612898,15.129882,393.750,0,0.122888,0.000000,0.193011,0.380722
tracking_cdrone3_20260822_194912_520_milestone4,milestone4,1787453405.436441898,raw,1,1,0,detected,3.116559,2.919510,0.220821,0.035775,0.108389,-0.109334,0.628418,15.142799,389.375,0,0.000000,0.000000,0.000000,0.000000
tracking_cdrone3_20260822_194912_520_milestone4,milestone4,1787453405.440407991,target_map,1,1,0,detected,3.116549,2.919564,0.220804,-0.010171,0.059972,-0.019119,0.628276,15.142799,389.375,0,0.000905,0.000000,0.150317,0.350226
tracking_cdrone3_20260822_194912_520_milestone4,milestone4,1787453405.540223360,target_map,1,1,0,detected,3.115534,2.925549,0.218896,-0.010171,0.059972,-0.019119,0.612598,15.142799,389.375,0,0.100696,0.000000,0.185244,0.375174
tracking_cdrone3_20260822_194912_520_milestone4,milestone4,1787453405.640333891,target_map,1,1,0,detected,3.114516,2.931552,0.216982,-0.010171,0.059972,-0.019119,0.596871,15.142799,389.375,0,0.200800,0.000000,0.220280,0.400200
tracking_cdrone3_20260822_194912_520_milestone4,milestone4,1787453405.669238329,raw,1,1,0,detected,3.087988,2.893720,0.214004,-0.122734,-0.110792,-0.029287,0.636719,15.109126,380.625,1,0.000000,0.000000,0.000000,0.000000
tracking_cdrone3_20260822_194912_520_milestone4,milestone4,1787453405.740233421,target_map,1,1,0,detected,3.083114,2.891424,0.212333,-0.072081,-0.033948,-0.024712,0.625954,15.109126,380.625,1,0.067628,0.000000,0.173670,0.366907
tracking_cdrone3_20260822_194912_520_milestone4,milestone4,1787453405.840325594,target_map,1,1,0,detected,3.075899,2.888026,0.209859,-0.072081,-0.033948,-0.024712,0.610022,15.109126,380.625,1,0.167717,0.000000,0.208701,0.391929
tracking_cdrone3_20260822_194912_520_milestone4,milestone4,1787453405.896247387,raw,1,1,0,detected,3.161004,2.889248,0.229847,0.321629,-0.019697,0.069786,0.621582,15.179382,398.125,0,0.000000,0.000000,0.000000,0.000000
tracking_cdrone3_20260822_194912_520_milestone4,milestone4,1787453405.940317869,target_map,1,1,0,detected,3.166265,2.888297,0.230839,0.144460,-0.026110,0.027262,0.615923,15.179382,398.125,0,0.036416,0.000000,0.162746,0.359104
tracking_cdrone3_20260822_194912_520_milestone4,milestone4,1787453406.039932251,target_map,1,1,0,detected,3.180656,2.885696,0.233555,0.144460,-0.026110,0.027262,0.600443,15.179382,398.125,0,0.136037,0.000000,0.197613,0.384009
tracking_cdrone3_20260822_194912_520_milestone4,milestone4,1787453406.122509241,raw,1,1,0,detected,3.148153,2.892602,0.245017,-0.056790,0.014819,0.067040,0.618652,15.167740,393.750,1,0.000000,0.000000,0.000000,0.000000
tracking_cdrone3_20260822_194912_520_milestone4,milestone4,1787453406.140023708,target_map,1,1,0,detected,3.148645,2.892549,0.245732,0.033773,-0.003599,0.049140,0.616401,15.167740,393.750,1,0.014555,0.000000,0.155094,0.353639
tracking_cdrone3_20260822_194912_520_milestone4,milestone4,1787453406.240079641,target_map,1,1,0,detected,3.152024,2.892189,0.250649,0.033773,-0.003599,0.049140,0.600927,15.167740,393.750,1,0.114604,0.000000,0.190111,0.378651
tracking_cdrone3_20260822_194912_520_milestone4,milestone4,1787453406.340186834,target_map,1,1,0,detected,3.155405,2.891829,0.255568,0.033773,-0.003599,0.049140,0.585445,15.167740,393.750,1,0.214710,0.000000,0.225148,0.403677
tracking_cdrone3_20260822_194912_520_milestone4,milestone4,1787453406.375810385,raw,1,1,0,detected,3.249032,2.934400,0.238489,0.398304,0.165032,-0.025776,0.638184,15.275330,393.750,0,0.000000,0.000000,0.000000,0.000000
tracking_cdrone3_20260822_194912_520_milestone4,milestone4,1787453406.440208197,target_map,1,1,0,detected,3.263477,2.939896,0.238978,0.234265,0.089148,0.007936,0.628346,15.275330,393.750,0,0.061660,0.000000,0.171581,0.365415
tracking_cdrone3_20260822_194912_520_milestone4,milestone4,1787453406.540304422,target_map,1,1,0,detected,3.286925,2.948819,0.239772,0.234265,0.089148,0.007936,0.612377,15.275330,393.750,0,0.161751,0.000000,0.206613,0.390438
tracking_cdrone3_20260822_194912_520_milestone4,milestone4,1787453406.579866409,raw,1,1,0,detected,3.265677,2.917580,0.224744,0.081566,-0.082425,-0.067355,0.628418,15.287599,369.750,0,0.000000,0.000000,0.000000,0.000000
tracking_cdrone3_20260822_194912_520_milestone4,milestone4,1787453406.640178919,target_map,1,1,0,detected,3.274277,2.917281,0.222828,0.150281,-0.005217,-0.033474,0.619428,15.287599,369.750,0,0.057226,0.000000,0.170029,0.364306
tracking_cdrone3_20260822_194912_520_milestone4,milestone4,1787453406.740109682,target_map,1,1,0,detected,3.289295,2.916760,0.219483,0.150281,-0.005217,-0.033474,0.603728,15.287599,369.750,0,0.157158,0.000000,0.205005,0.389289
tracking_cdrone3_20260822_194912_520_milestone4,milestone4,1787453406.786116838,raw,1,1,0,detected,3.235081,2.934295,0.239027,-0.148341,0.081042,0.069249,0.656250,15.261822,378.250,1,0.000000,0.000000,0.000000,0.000000
tracking_cdrone3_20260822_194912_520_milestone4,milestone4,1787453406.840366364,target_map,1,1,0,detected,3.234372,2.936440,0.240197,-0.013961,0.042226,0.023024,0.647915,15.261822,378.250,1,0.050806,0.000000,0.167782,0.362701
tracking_cdrone3_20260822_194912_520_milestone4,milestone4,1787453406.940426111,target_map,1,1,0,detected,3.232975,2.940664,0.242500,-0.013961,0.042226,0.023024,0.631503,15.261822,378.250,1,0.150837,0.000000,0.202793,0.387709
tracking_cdrone3_20260822_194912_520_milestone4,milestone4,1787453407.012775421,raw,1,1,0,detected,3.431888,2.976741,0.248244,0.867148,0.187020,0.040611,0.645020,15.463120,393.750,0,0.000000,0.000000,0.000000,0.000000
tracking_cdrone3_20260822_194912_520_milestone4,milestone4,1787453407.039924860,target_map,1,1,0,detected,3.442659,2.979530,0.248992,0.470649,0.121863,0.032697,0.641329,15.463120,393.750,0,0.022885,0.000000,0.158010,0.355721
tracking_cdrone3_20260822_194912_520_milestone4,milestone4,1787453407.139905691,target_map,1,1,0,detected,3.489717,2.991714,0.252261,0.470649,0.121863,0.032697,0.625206,15.463120,393.750,0,0.122870,0.000000,0.193004,0.380717
tracking_cdrone3_20260822_194912_520_milestone4,milestone4,1787453407.238082647,raw,1,1,0,detected,3.341180,2.944848,0.199479,-0.403159,-0.141751,-0.216739,0.638672,15.367196,369.750,1,0.000000,0.000000,0.000000,0.000000
tracking_cdrone3_20260822_194912_520_milestone4,milestone4,1787453407.240603209,target_map,1,1,0,detected,3.537103,3.003983,0.255553,0.470649,0.121863,0.032697,0.608971,15.463120,393.750,0,0.223552,0.000000,0.228243,0.405888
tracking_cdrone3_20260822_194912_520_milestone4,milestone4,1787453407.340512037,target_map,1,1,0,detected,3.340236,2.942654,0.189565,-0.009945,-0.023125,-0.104493,0.623524,15.367196,369.750,1,0.094873,0.000000,0.183206,0.373718
tracking_cdrone3_20260822_194912_520_milestone4,milestone4,1787453407.440121651,target_map,1,1,0,detected,3.339246,2.940350,0.179154,-0.009945,-0.023125,-0.104493,0.607615,15.367196,369.750,1,0.194509,0.000000,0.218078,0.398627
tracking_cdrone3_20260822_194912_520_milestone4,milestone4,1787453407.442955732,raw,1,1,0,detected,3.235981,2.900359,0.183431,-0.513495,-0.217157,-0.078332,0.651367,15.254541,389.375,1,0.000000,0.000000,0.000000,0.000000
tracking_cdrone3_20260822_194912_520_milestone4,milestone4,1787453407.540221214,target_map,1,1,0,detected,3.208714,2.888019,0.174868,-0.286898,-0.129843,-0.090105,0.635891,15.254541,389.375,1,0.095041,0.000000,0.183264,0.373760
tracking_cdrone3_20260822_194912_520_milestone4,milestone4,1787453407.640383959,target_map,1,1,0,detected,3.179983,2.875016,0.165844,-0.286898,-0.129843,-0.090105,0.619583,15.254541,389.375,1,0.195185,0.000000,0.218315,0.398796
tracking_cdrone3_20260822_194912_520_milestone4,milestone4,1787453407.666750193,raw,1,1,0,detected,3.176692,2.902801,0.217853,-0.264916,0.010909,0.153803,0.631348,15.197818,393.750,1,0.000000,0.000000,0.000000,0.000000
tracking_cdrone3_20260822_194912_520_milestone4,milestone4,1787453407.739914179,target_map,1,1,0,detected,3.157376,2.899115,0.220949,-0.274807,-0.052429,0.044045,0.620254,15.197818,393.750,1,0.070289,0.000000,0.174601,0.367572
tracking_cdrone3_20260822_194912_520_milestone4,milestone4,1787453407.840296984,target_map,1,1,0,detected,3.129796,2.893854,0.225369,-0.274807,-0.052429,0.044045,0.604413,15.197818,393.750,1,0.170649,0.000000,0.209727,0.392662
tracking_cdrone3_20260822_194912_520_milestone4,milestone4,1787453407.906380415,raw,1,1,0,detected,3.056504,2.862767,0.207592,-0.501583,-0.167075,-0.042822,0.604980,15.071415,385.000,1,0.000000,0.000000,0.000000,0.000000
tracking_cdrone3_20260822_194912_520_milestone4,milestone4,1787453407.940196037,target_map,1,1,0,detected,3.046896,2.859989,0.207502,-0.399534,-0.115485,-0.003732,0.601343,15.071415,385.000,1,0.024049,0.000000,0.158417,0.356012
tracking_cdrone3_20260822_194912_520_milestone4,milestone4,1787453408.040537357,target_map,1,1,0,detected,3.006810,2.848403,0.207128,-0.399534,-0.115485,-0.003732,0.586169,15.071415,385.000,1,0.124379,0.000000,0.193533,0.381095
tracking_cdrone3_20260822_194912_520_milestone4,milestone4,1787453408.140058517,target_map,1,1,0,detected,2.967042,2.836908,0.206757,-0.399534,-0.115485,-0.003732,0.571114,15.071415,385.000,1,0.223915,0.000000,0.228370,0.405979
tracking_cdrone3_20260822_194912_520_milestone4,milestone4,1787453408.142856359,raw,1,1,0,detected,3.093964,2.882486,0.209245,0.158407,0.083388,0.006989,0.587891,15.112387,385.000,0,0.000000,0.000000,0.000000,0.000000
tracking_cdrone3_20260822_194912_520_milestone4,milestone4,1787453408.240206480,target_map,1,1,0,detected,3.085615,2.881936,0.209440,-0.092666,-0.006105,0.002165,0.574649,15.112387,385.000,0,0.090098,0.000000,0.181534,0.372524
tracking_cdrone3_20260822_194912_520_milestone4,milestone4,1787453408.339963913,target_map,1,1,0,detected,3.076371,2.881327,0.209656,-0.092666,-0.006105,0.002165,0.559988,15.112387,385.000,0,0.189852,0.000000,0.216448,0.397463
tracking_cdrone3_20260822_194912_520_milestone4,milestone4,1787453408.371589422,raw,1,1,0,detected,3.027299,2.868153,0.180254,-0.291451,-0.062664,-0.126743,0.628418,15.043977,393.750,1,0.000000,0.000000,0.000000,0.000000
tracking_cdrone3_20260822_194912_520_milestone4,milestone4,1787453408.439924240,target_map,1,1,0,detected,3.016017,2.866074,0.176415,-0.201998,-0.037212,-0.068735,0.619643,15.043977,393.750,1,0.055853,0.000000,0.169548,0.363963
tracking_cdrone3_20260822_194912_520_milestone4,milestone4,1787453408.539979696,target_map,1,1,0,detected,2.995807,2.862351,0.169538,-0.201998,-0.037212,-0.068735,0.603925,15.043977,393.750,1,0.155903,0.000000,0.204566,0.388976
tracking_cdrone3_20260822_194912_520_milestone4,milestone4,1787453408.615235567,raw,1,1,0,detected,3.104680,2.889743,0.212257,0.317593,0.088614,0.131346,0.620605,15.124446,365.500,0,0.000000,0.000000,0.000000,0.000000
tracking_cdrone3_20260822_194912_520_milestone4,milestone4,1787453408.639969349,target_map,1,1,0,detected,3.106538,2.890453,0.213173,0.083777,0.031992,0.041310,0.617165,15.124446,365.500,0,0.022174,0.000000,0.157761,0.355544
tracking_cdrone3_20260822_194912_520_milestone4,milestone4,1787453408.740268469,target_map,1,1,0,detected,3.114940,2.893661,0.217316,0.083777,0.031992,0.041310,0.601604,15.124446,365.500,0,0.122471,0.000000,0.192865,0.380618
tracking_cdrone3_20260822_194912_520_milestone4,milestone4,1787453408.840332270,target_map,1,1,0,detected,3.123322,2.896862,0.221449,0.083777,0.031992,0.041310,0.586081,15.124446,365.500,0,0.222523,0.000000,0.227883,0.405631
tracking_cdrone3_20260822_194912_520_milestone4,milestone4,1787453408.859407425,raw,1,1,0,detected,3.078923,2.881295,0.155016,-0.105489,-0.034601,-0.234433,0.628418,15.097350,385.000,1,0.000000,0.000000,0.000000,0.000000
tracking_cdrone3_20260822_194912_520_milestone4,milestone4,1787453408.939915895,target_map,1,1,0,detected,3.077389,2.880945,0.146682,-0.020319,-0.004634,-0.110349,0.616553,15.097350,385.000,1,0.075525,0.000000,0.176434,0.368881
tracking_cdrone3_20260822_194912_520_milestone4,milestone4,1787453409.040303469,target_map,1,1,0,detected,3.075349,2.880480,0.135606,-0.020319,-0.004634,-0.110349,0.600784,15.097350,385.000,1,0.175894,0.000000,0.211563,0.393974
tracking_cdrone3_20260822_194912_520_milestone4,milestone4,1787453409.051734447,raw,1,1,0,detected,3.412992,2.958416,0.238125,1.736915,0.400974,0.432106,0.645996,15.440499,389.375,0,0.000000,0.000000,0.000000,0.000000
tracking_cdrone3_20260822_194912_520_milestone4,milestone4,1787453409.140252590,target_map,1,1,0,detected,3.494326,2.977195,0.254286,0.946160,0.218451,0.188002,0.632113,15.440499,389.375,0,0.085962,0.000000,0.180087,0.371490
tracking_cdrone3_20260822_194912_520_milestone4,milestone4,1787453409.240154028,target_map,1,1,0,detected,3.588842,2.999017,0.273066,0.946160,0.218451,0.188002,0.615981,15.440499,389.375,0,0.185856,0.000000,0.215049,0.396464
tracking_cdrone3_20260822_194912_520_milestone4,milestone4,1787453409.268380642,raw,1,1,0,detected,3.228755,2.911183,0.250045,-0.850453,-0.218031,0.055023,0.624512,15.250411,385.000,1,0.000000,0.000000,0.000000,0.000000
tracking_cdrone3_20260822_194912_520_milestone4,milestone4,1787453409.340718746,target_map,1,1,0,detected,3.225916,2.909722,0.257812,-0.041977,-0.021614,0.114863,0.613954,15.250411,385.000,1,0.067623,0.000000,0.173668,0.366906
tracking_cdrone3_20260822_194912_520_milestone4,milestone4,1787453409.440002203,target_map,1,1,0,detected,3.221749,2.907576,0.269215,-0.041977,-0.021614,0.114863,0.598454,15.250411,385.000,1,0.166897,0.000000,0.208414,0.391724
tracking_cdrone3_20260822_194912_520_milestone4,milestone4,1787453409.487028360,raw,1,1,0,detected,3.228870,2.910118,0.217293,0.000528,-0.004873,-0.149790,0.648926,15.249966,432.000,0,0.000000,0.000000,0.000000,0.000000
tracking_cdrone3_20260822_194912_520_milestone4,milestone4,1787453409.540255785,target_map,1,1,0,detected,3.227951,2.909504,0.215776,-0.018599,-0.012407,-0.030696,0.640906,15.249966,432.000,0,0.049434,0.000000,0.167302,0.362358
tracking_cdrone3_20260822_194912_520_milestone4,milestone4,1787453409.640266895,target_map,1,1,0,detected,3.226091,2.908263,0.212706,-0.018599,-0.012407,-0.030696,0.624681,15.249966,432.000,0,0.149447,0.000000,0.202306,0.387362
tracking_cdrone3_20260822_194912_520_milestone4,milestone4,1787453409.720099926,raw,1,1,0,detected,3.553948,2.992498,0.227904,1.394724,0.353449,0.045524,0.652832,15.585446,393.750,0,0.000000,0.000000,0.000000,0.000000
tracking_cdrone3_20260822_194912_520_milestone4,milestone4,1787453409.740026712,target_map,1,1,0,detected,3.566381,2.995592,0.228087,0.758729,0.188814,0.011225,0.650158,15.585446,393.750,0,0.016387,0.000000,0.155735,0.354097
tracking_cdrone3_20260822_194912_520_milestone4,milestone4,1787453409.839973688,target_map,1,1,0,detected,3.642216,3.014464,0.229209,0.758729,0.188814,0.011225,0.633845,15.585446,393.750,0,0.116336,0.000000,0.190718,0.379084
tracking_cdrone3_20260822_194912_520_milestone4,milestone4,1787453409.938497066,raw,1,1,0,detected,3.266119,2.922053,0.256332,-1.317807,-0.322528,0.130158,0.615234,15.289371,385.000,1,0.000000,0.000000,0.000000,0.000000
tracking_cdrone3_20260822_194912_520_milestone4,milestone4,1787453409.940281391,target_map,1,1,0,detected,3.718315,3.033402,0.230335,0.758729,0.188814,0.011225,0.617476,15.585446,393.750,0,0.216634,0.000000,0.225822,0.404159
tracking_cdrone3_20260822_194912_520_milestone4,milestone4,1787453410.040257454,target_map,1,1,0,detected,3.229503,2.913226,0.263652,-0.383366,-0.092424,0.076638,0.600544,15.289371,385.000,1,0.095513,0.000000,0.183430,0.373878
tracking_cdrone3_20260822_194912_520_milestone4,milestone4,1787453410.140452623,target_map,1,1,0,detected,3.191092,2.903965,0.271331,-0.383366,-0.092424,0.076638,0.585133,15.289371,385.000,1,0.195705,0.000000,0.218497,0.398926
tracking_cdrone3_20260822_194912_520_milestone4,milestone4,1787453410.147959232,raw,1,1,0,detected,3.041028,2.882649,0.242309,-1.074722,-0.188140,-0.066953,0.621582,15.060976,402.500,1,0.000000,0.000000,0.000000,0.000000
tracking_cdrone3_20260822_194912_520_milestone4,milestone4,1787453410.239977837,target_map,1,1,0,detected,2.973173,2.869759,0.242102,-0.763612,-0.145068,-0.002337,0.607774,15.060976,402.500,1,0.088860,0.000000,0.181101,0.372215
tracking_cdrone3_20260822_194912_520_milestone4,milestone4,1787453410.340949535,target_map,1,1,0,detected,2.896080,2.855113,0.241866,-0.763612,-0.145068,-0.002337,0.592085,15.060976,402.500,1,0.189819,0.000000,0.216437,0.397455
tracking_cdrone3_20260822_194912_520_milestone4,milestone4,1787453410.374291897,raw,1,1,0,detected,3.076687,2.882195,0.227091,0.157554,-0.002006,-0.067239,0.645020,15.095563,405.000,0,0.000000,0.000000,0.000000,0.000000
tracking_cdrone3_20260822_194912_520_milestone4,milestone4,1787453410.440289021,target_map,1,1,0,detected,3.060369,2.877980,0.224676,-0.256971,-0.066384,-0.038033,0.634780,15.095563,405.000,0,0.063501,0.000000,0.172225,0.365875
tracking_cdrone3_20260822_194912_520_milestone4,milestone4,1787453410.539945126,target_map,1,1,0,detected,3.034757,2.871363,0.220885,-0.256971,-0.066384,-0.038033,0.618707,15.095563,405.000,0,0.163172,0.000000,0.207110,0.390793
tracking_cdrone3_20260822_194912_520_milestone4,milestone4,1787453410.615380049,raw,1,1,0,detected,3.271170,2.934114,0.234385,0.806646,0.215342,0.030255,0.652344,15.296890,405.000,0,0.000000,0.000000,0.000000,0.000000
tracking_cdrone3_20260822_194912_520_milestone4,milestone4,1787453410.639969349,target_map,1,1,0,detected,3.278329,2.936047,0.234375,0.328018,0.088566,-0.000475,0.648785,15.296890,405.000,0,0.021824,0.000000,0.157638,0.355456
tracking_cdrone3_20260822_194912_520_milestone4,milestone4,1787453410.740303993,target_map,1,1,0,detected,3.311238,2.944932,0.234327,0.328018,0.088566,-0.000475,0.632423,15.296890,405.000,0,0.122150,0.000000,0.192752,0.380537
tracking_cdrone3_20260822_194912_520_milestone4,milestone4,1787453410.831173897,raw,1,1,0,detected,3.416431,2.972253,0.255358,0.673194,0.176748,0.097197,0.616211,15.447146,378.250,0,0.000000,0.000000,0.000000,0.000000
tracking_cdrone3_20260822_194912_520_milestone4,milestone4,1787453410.840707779,target_map,1,1,0,detected,3.418669,2.972845,0.255588,0.517865,0.137066,0.053245,0.615545,15.447146,378.250,0,0.004321,0.000000,0.151512,0.351080
tracking_cdrone3_20260822_194912_520_milestone4,milestone4,1787453410.940307379,target_map,1,1,0,detected,3.470246,2.986496,0.260891,0.517865,0.137066,0.053245,0.600202,15.447146,378.250,0,0.103917,0.000000,0.186371,0.375979
tracking_cdrone3_20260822_194912_520_milestone4,milestone4,1787453411.040322304,target_map,1,1,0,detected,3.522040,3.000205,0.266217,0.517865,0.137066,0.053245,0.584795,15.447146,378.250,0,0.203932,0.000000,0.221376,0.400983
tracking_cdrone3_20260822_194912_520_milestone4,milestone4,1787453411.061882019,raw,1,1,0,detected,3.832473,3.040460,0.212978,1.803400,0.295654,-0.183706,0.648926,15.867580,385.000,0,0.000000,0.000000,0.000000,0.000000
tracking_cdrone3_20260822_194912_520_milestone4,milestone4,1787453411.140176535,target_map,1,1,0,detected,3.925195,3.057438,0.207143,1.224909,0.224290,-0.077078,0.636645,15.867580,385.000,0,0.075698,0.000000,0.176494,0.368924
tracking_cdrone3_20260822_194912_520_milestone4,milestone4,1787453411.240451336,target_map,1,1,0,detected,4.048021,3.079928,0.199414,1.224909,0.224290,-0.077078,0.620378,15.867580,385.000,0,0.175971,0.000000,0.211590,0.393993
tracking_cdrone3_20260822_194912_520_milestone4,milestone4,1787453411.298304319,raw,1,1,0,detected,3.788703,3.044393,0.232541,-0.185123,0.016634,0.082743,0.626953,15.825910,389.375,1,0.000000,0.000000,0.000000,0.000000
tracking_cdrone3_20260822_194912_520_milestone4,milestone4,1787453411.340278149,target_map,1,1,0,detected,3.805691,3.048554,0.232950,0.449391,0.110079,0.010824,0.621028,15.825910,389.375,1,0.037802,0.000000,0.163231,0.359450
tracking_cdrone3_20260822_194912_520_milestone4,milestone4,1787453411.440329313,target_map,1,1,0,detected,3.850650,3.059566,0.234033,0.449391,0.110079,0.010824,0.605347,15.825910,389.375,1,0.137846,0.000000,0.198246,0.384462
tracking_cdrone3_20260822_194912_520_milestone4,milestone4,1787453411.530724764,raw,1,1,0,detected,3.403985,2.937407,0.188315,-1.655270,-0.460311,-0.190287,0.602051,15.426573,365.500,1,0.000000,0.000000,0.000000,0.000000
tracking_cdrone3_20260822_194912_520_milestone4,milestone4,1787453411.540009737,target_map,1,1,0,detected,3.399248,2.936045,0.187647,-0.708172,-0.203636,-0.099787,0.601044,15.426573,365.500,1,0.006688,0.000000,0.152341,0.351672
tracking_cdrone3_20260822_194912_520_milestone4,milestone4,1787453411.640244722,target_map,1,1,0,detected,3.328235,2.915625,0.177641,-0.708172,-0.203636,-0.099787,0.585951,15.426573,365.500,1,0.106965,0.000000,0.187438,0.376741
tracking_cdrone3_20260822_194912_520_milestone4,milestone4,1787453411.740139723,target_map,1,1,0,detected,3.257495,2.895284,0.167673,-0.708172,-0.203636,-0.099787,0.570916,15.426573,365.500,1,0.206856,0.000000,0.222400,0.401714
tracking_cdrone3_20260822_194912_520_milestone4,milestone4,1787453411.786109686,raw,1,1,0,detected,3.241952,2.922164,0.250063,-0.634457,-0.059685,0.241781,0.604980,15.265853,393.750,1,0.000000,0.000000,0.000000,0.000000
tracking_cdrone3_20260822_194912_520_milestone4,milestone4,1787453411.840316772,target_map,1,1,0,detected,3.211027,2.916399,0.254142,-0.667629,-0.124463,0.088075,0.597975,15.265853,393.750,1,0.046321,0.000000,0.166212,0.361580
tracking_cdrone3_20260822_194912_520_milestone4,milestone4,1787453411.940001011,target_map,1,1,0,detected,3.144486,2.903994,0.262921,-0.667629,-0.124463,0.088075,0.582901,15.265853,393.750,1,0.145988,0.000000,0.201096,0.386497
tracking_cdrone3_20260822_194912_520_milestone4,milestone4,1787453412.039494038,raw,1,1,0,detected,3.476310,3.001137,0.186930,0.924935,0.311678,-0.249164,0.632324,15.511406,386.750,0,0.000000,0.000000,0.000000,0.000000
tracking_cdrone3_20260822_194912_520_milestone4,milestone4,1787453412.040316343,target_map,1,1,0,detected,3.077504,2.891507,0.271757,-0.667629,-0.124463,0.088075,0.567726,15.265853,393.750,1,0.246317,0.000000,0.236211,0.411579
tracking_cdrone3_20260822_194912_520_milestone4,milestone4,1787453412.140239239,target_map,1,1,0,detected,3.495586,3.011818,0.177915,0.208281,0.115415,-0.097406,0.617695,15.511406,386.750,0,0.092545,0.000000,0.182391,0.373136
tracking_cdrone3_20260822_194912_520_milestone4,milestone4,1787453412.240383625,target_map,1,1,0,detected,3.516442,3.023375,0.168162,0.208281,0.115415,-0.097406,0.601865,15.511406,386.750,0,0.192678,0.000000,0.217437,0.398170
tracking_cdrone3_20260822_194912_520_milestone4,milestone4,1787453412.261518717,raw,1,1,0,detected,3.572579,2.948372,0.177399,0.433609,-0.237658,-0.042929,0.640137,15.593352,374.000,0,0.000000,0.000000,0.000000,0.000000
tracking_cdrone3_20260822_194912_520_milestone4,milestone4,1787453412.340069294,target_map,1,1,0,detected,3.597715,2.942412,0.172296,0.332212,-0.078775,-0.067444,0.628028,15.593352,374.000,0,0.075662,0.000000,0.176482,0.368916
tracking_cdrone3_20260822_194912_520_milestone4,milestone4,1787453412.440379381,target_map,1,1,0,detected,3.631034,2.934511,0.165532,0.332212,-0.078775,-0.067444,0.611978,15.593352,374.000,0,0.175956,0.000000,0.211585,0.393989
tracking_cdrone3_20260822_194912_520_milestone4,milestone4,1787453412.492962599,raw,1,1,0,detected,3.401132,2.964396,0.259313,-0.740707,0.069228,0.353896,0.640137,15.430484,378.250,1,0.000000,0.000000,0.000000,0.000000
tracking_cdrone3_20260822_194912_520_milestone4,milestone4,1787453412.540022373,target_map,1,1,0,detected,3.389781,2.964512,0.266544,-0.257894,0.002627,0.164293,0.633093,15.430484,378.250,1,0.044013,0.000000,0.165404,0.361003
tracking_cdrone3_20260822_194912_520_milestone4,milestone4,1787453412.640217066,target_map,1,1,0,detected,3.363944,2.964775,0.283004,-0.257894,0.002627,0.164293,0.617060,15.430484,378.250,1,0.144199,0.000000,0.200470,0.386050
tracking_cdrone3_20260822_194912_520_milestone4,milestone4,1787453412.706690311,raw,1,1,0,detected,3.203439,2.910546,0.225132,-0.925038,-0.251974,-0.159938,0.628906,15.225556,365.500,1,0.000000,0.000000,0.000000,0.000000
tracking_cdrone3_20260822_194912_520_milestone4,milestone4,1787453412.742510080,target_map,1,1,0,detected,3.183865,2.906242,0.224692,-0.624823,-0.137404,-0.014034,0.623981,15.225556,365.500,1,0.031327,0.000000,0.160965,0.357832
tracking_cdrone3_20260822_194912_520_milestone4,milestone4,1787453412.840156794,target_map,1,1,0,detected,3.122860,2.892826,0.223322,-0.624823,-0.137404,-0.014034,0.608630,15.225556,365.500,1,0.128964,0.000000,0.195137,0.382241
tracking_cdrone3_20260822_194912_520_milestone4,milestone4,1787453412.911837578,raw,1,1,0,detected,3.364346,2.972803,0.247679,0.784386,0.303489,0.109910,0.655762,15.396424,402.500,0,0.000000,0.000000,0.000000,0.000000
tracking_cdrone3_20260822_194912_520_milestone4,milestone4,1787453412.939963818,target_map,1,1,0,detected,3.366829,2.974540,0.248573,0.150242,0.105087,0.054135,0.653052,15.396424,402.500,0,0.016526,0.000000,0.155784,0.354132
tracking_cdrone3_20260822_194912_520_milestone4,milestone4,1787453413.040278912,target_map,1,1,0,detected,3.381898,2.985080,0.254003,0.150242,0.105087,0.054135,0.636609,15.396424,402.500,0,0.116825,0.000000,0.190889,0.379206
tracking_cdrone3_20260822_194912_520_milestone4,milestone4,1787453413.130887747,raw,1,1,0,detected,3.163653,2.916382,0.233316,-0.916110,-0.257548,-0.065561,0.581055,15.188066,393.750,1,0.000000,0.000000,0.000000,0.000000
tracking_cdrone3_20260822_194912_520_milestone4,milestone4,1787453413.139941454,target_map,1,1,0,detected,3.162485,2.916129,0.233285,-0.436252,-0.094362,-0.011697,0.580666,15.188066,393.750,1,0.002677,0.000000,0.150937,0.350669
tracking_cdrone3_20260822_194912_520_milestone4,milestone4,1787453413.240384102,target_map,1,1,0,detected,3.118677,2.906653,0.232110,-0.436252,-0.094362,-0.011697,0.566078,15.188066,393.750,1,0.103097,0.000000,0.186084,0.375774
tracking_cdrone3_20260822_194912_520_milestone4,milestone4,1787453413.340863705,target_map,1,1,0,detected,3.074847,2.897173,0.230935,-0.436252,-0.094362,-0.011697,0.551484,15.188066,393.750,1,0.203566,0.000000,0.221248,0.400892
tracking_cdrone3_20260822_194912_520_milestone4,milestone4,1787453413.355737686,raw,1,1,0,detected,3.111256,2.900118,0.216387,-0.233051,-0.072340,-0.075299,0.677246,15.133079,409.500,1,0.000000,0.000000,0.000000,0.000000
tracking_cdrone3_20260822_194912_520_milestone4,milestone4,1787453413.440225601,target_map,1,1,0,detected,3.085550,2.893602,0.212689,-0.324491,-0.082250,-0.046678,0.663833,15.133079,409.500,1,0.079219,0.000000,0.177727,0.369805
tracking_cdrone3_20260822_194912_520_milestone4,milestone4,1787453413.540300131,target_map,1,1,0,detected,3.053084,2.885373,0.208019,-0.324491,-0.082250,-0.046678,0.646893,15.133079,409.500,1,0.179271,0.000000,0.212745,0.394818
tracking_cdrone3_20260822_194912_520_milestone4,milestone4,1787453413.568960905,raw,1,1,0,detected,3.564978,2.978344,0.222714,2.127945,0.366881,0.029674,0.613770,15.592956,374.000,0,0.000000,0.000000,0.000000,0.000000
tracking_cdrone3_20260822_194912_520_milestone4,milestone4,1787453413.640256166,target_map,1,1,0,detected,3.634535,2.989533,0.222396,1.024348,0.164772,-0.004684,0.603350,15.592956,374.000,0,0.067904,0.000000,0.173766,0.366976
tracking_cdrone3_20260822_194912_520_milestone4,milestone4,1787453413.739932537,target_map,1,1,0,detected,3.736618,3.005954,0.221929,1.024348,0.164772,-0.004684,0.588059,15.592956,374.000,0,0.167560,0.000000,0.208646,0.391890
tracking_cdrone3_20260822_194912_520_milestone4,milestone4,1787453413.772290707,raw,1,1,0,detected,3.327329,2.952661,0.256173,-1.168765,-0.126310,0.164554,0.621582,15.355969,391.000,1,0.000000,0.000000,0.000000,0.000000
tracking_cdrone3_20260822_194912_520_milestone4,milestone4,1787453413.840128422,target_map,1,1,0,detected,3.315415,2.952968,0.261964,-0.181864,0.004677,0.088397,0.611402,15.355969,391.000,1,0.065512,0.000000,0.172929,0.366378
tracking_cdrone3_20260822_194912_520_milestone4,milestone4,1787453413.940327883,target_map,1,1,0,detected,3.297194,2.953436,0.270821,-0.181864,0.004677,0.088397,0.595832,15.355969,391.000,1,0.165704,0.000000,0.207996,0.391426
tracking_cdrone3_20260822_194912_520_milestone4,milestone4,1787453413.982487679,raw,1,1,0,detected,3.165168,2.903978,0.230009,-0.771184,-0.231521,-0.124429,0.649902,15.186677,427.500,1,0.000000,0.000000,0.000000,0.000000
tracking_cdrone3_20260822_194912_520_milestone4,milestone4,1787453414.040246964,target_map,1,1,0,detected,3.137507,2.897132,0.228442,-0.505990,-0.125232,-0.028657,0.641020,15.186677,427.500,1,0.054667,0.000000,0.169133,0.363667
tracking_cdrone3_20260822_194912_520_milestone4,milestone4,1787453414.140110493,target_map,1,1,0,detected,3.086977,2.884626,0.225580,-0.505990,-0.125232,-0.028657,0.624795,15.186677,427.500,1,0.154530,0.000000,0.204085,0.388632
tracking_cdrone3_20260822_194912_520_milestone4,milestone4,1787453414.203022242,raw,1,1,0,detected,3.586593,2.993611,0.233351,1.911575,0.406573,0.015159,0.650391,15.617415,382.500,0,0.000000,0.000000,0.000000,0.000000
tracking_cdrone3_20260822_194912_520_milestone4,milestone4,1787453414.240268707,target_map,1,1,0,detected,3.610240,2.998413,0.233220,0.823671,0.167261,-0.004558,0.645723,15.617415,382.500,0,0.028709,0.000000,0.160048,0.357177
tracking_cdrone3_20260822_194912_520_milestone4,milestone4,1787453414.340334654,target_map,1,1,0,detected,3.692653,3.015148,0.232764,0.823671,0.167261,-0.004558,0.629454,15.617415,382.500,0,0.128765,0.000000,0.195068,0.382191
tracking_cdrone3_20260822_194912_520_milestone4,milestone4,1787453414.430292130,raw,1,1,0,detected,3.498766,2.952236,0.209690,-0.386404,-0.182034,-0.104099,0.656250,15.522365,436.500,1,0.000000,0.000000,0.000000,0.000000
tracking_cdrone3_20260822_194912_520_milestone4,milestone4,1787453414.440329790,target_map,1,1,0,detected,3.499817,2.952070,0.209295,0.158130,-0.024852,-0.059306,0.655159,15.522365,436.500,1,0.006649,0.000000,0.152327,0.351662
tracking_cdrone3_20260822_194912_520_milestone4,milestone4,1787453414.540262222,target_map,1,1,0,detected,3.515621,2.949587,0.203368,0.158130,-0.024852,-0.059306,0.638763,15.522365,436.500,1,0.106590,0.000000,0.187306,0.376647
tracking_cdrone3_20260822_194912_520_milestone4,milestone4,1787453414.640020609,target_map,1,1,0,detected,3.531397,2.947108,0.197452,0.158130,-0.024852,-0.059306,0.622395,15.522365,436.500,1,0.206356,0.000000,0.222224,0.401589
tracking_cdrone3_20260822_194912_520_milestone4,milestone4,1787453414.657195568,raw,1,1,0,detected,3.221912,2.907089,0.226229,-1.220246,-0.198988,0.072897,0.675781,15.242569,398.125,1,0.000000,0.000000,0.000000,0.000000
tracking_cdrone3_20260822_194912_520_milestone4,milestone4,1787453414.740167856,target_map,1,1,0,detected,3.175281,2.897713,0.227271,-0.599977,-0.120626,0.013406,0.662651,15.242569,398.125,1,0.077721,0.000000,0.177202,0.369430
tracking_cdrone3_20260822_194912_520_milestone4,milestone4,1787453414.840227127,target_map,1,1,0,detected,3.115426,2.885679,0.228608,-0.599977,-0.120626,0.013406,0.645796,15.242569,398.125,1,0.177484,0.000000,0.212119,0.394371
tracking_cdrone3_20260822_194912_520_milestone4,milestone4,1787453414.866028786,raw,1,1,0,detected,3.225684,2.919249,0.259328,0.018061,0.058232,0.158498,0.644043,15.249413,393.750,0,0.000000,0.000000,0.000000,0.000000
tracking_cdrone3_20260822_194912_520_milestone4,milestone4,1787453414.941103220,target_map,1,1,0,detected,3.207110,2.917660,0.265985,-0.260056,-0.022254,0.093207,0.632543,15.249413,393.750,0,0.071422,0.000000,0.174998,0.367856
tracking_cdrone3_20260822_194912_520_milestone4,milestone4,1787453415.041114330,target_map,1,1,0,detected,3.181095,2.915434,0.275309,-0.260056,-0.022254,0.093207,0.616436,15.249413,393.750,0,0.171459,0.000000,0.210011,0.392865
tracking_cdrone3_20260822_194912_520_milestone4,milestone4,1787453415.096146107,raw,1,1,0,detected,3.349747,2.931585,0.146606,0.539139,0.053606,-0.489852,0.625000,15.372334,398.125,0,0.000000,0.000000,0.000000,0.000000
tracking_cdrone3_20260822_194912_520_milestone4,milestone4,1787453415.139902592,target_map,1,1,0,detected,3.357122,2.932384,0.137261,0.179501,0.019469,-0.227476,0.618581,15.372334,398.125,0,0.041082,0.000000,0.164379,0.360270
tracking_cdrone3_20260822_194912_520_milestone4,milestone4,1787453415.240138292,target_map,1,1,0,detected,3.375114,2.934336,0.114460,0.179501,0.019469,-0.227476,0.602920,15.372334,398.125,0,0.141315,0.000000,0.199460,0.385329
tracking_cdrone3_20260822_194912_520_milestone4,milestone4,1787453415.304285049,raw,1,1,0,detected,3.197029,2.904470,0.238518,-0.733733,-0.130272,0.441591,0.623535,15.217944,382.500,1,0.000000,0.000000,0.000000,0.000000
tracking_cdrone3_20260822_194912_520_milestone4,milestone4,1787453415.304285049,raw,10,10,0,detected,2.601315,-2.786761,0.267095,0.000000,0.000000,0.000000,0.421631,14.406632,385.000,0,0.000000,0.000000,0.000000,0.000000
tracking_cdrone3_20260822_194912_520_milestone4,milestone4,1787453415.340259552,target_map,1,1,0,detected,3.186512,2.902421,0.243096,-0.322778,-0.062888,0.140511,0.618456,15.217944,382.500,1,0.032584,0.000000,0.161404,0.358146
tracking_cdrone3_20260822_194912_520_milestone4,milestone4,1787453415.340259552,target_map,6,10,0,detected,2.601315,-2.786761,0.267095,0.000000,0.000000,0.000000,0.418196,14.406632,385.000,0,0.032584,0.000000,0.161404,0.358146
tracking_cdrone3_20260822_194912_520_milestone4,milestone4,1787453415.440317869,target_map,1,1,0,detected,3.154217,2.896129,0.257155,-0.322778,-0.062888,0.140511,0.602859,15.217944,382.500,1,0.132637,0.000000,0.196423,0.383159
tracking_cdrone3_20260822_194912_520_milestone4,milestone4,1787453415.440317869,target_map,6,10,0,detected,2.601315,-2.786761,0.267095,0.000000,0.000000,0.000000,0.407650,14.406632,385.000,0,0.132637,0.000000,0.196423,0.383159
tracking_cdrone3_20260822_194912_520_milestone4,milestone4,1787453415.522042990,raw,1,1,0,detected,3.343996,2.930058,0.156108,0.674916,0.117505,-0.378449,0.668945,15.366513,398.125,0,0.000000,0.000000,0.000000,0.000000
tracking_cdrone3_20260822_194912_520_milestone4,milestone4,1787453415.522042990,raw,10,10,0,detected,2.711846,-2.811701,0.191547,0.507594,-0.114534,-0.346941,0.421631,14.519149,385.000,0,0.000000,0.000000,0.000000,0.000000
tracking_cdrone3_20260822_194912_520_milestone4,milestone4,1787453415.540350437,target_map,1,1,0,detected,3.347450,2.930613,0.153893,0.225954,0.036328,-0.144917,0.666389,15.366513,398.125,0,0.015287,0.000000,0.155351,0.353822
tracking_cdrone3_20260822_194912_520_milestone4,milestone4,1787453415.540350437,target_map,6,10,0,detected,2.716114,-2.812664,0.188630,0.279177,-0.062994,-0.190817,0.420019,14.519149,385.000,0,0.015287,0.000000,0.155351,0.353822
tracking_cdrone3_20260822_194912_520_milestone4,milestone4,1787453415.640322924,target_map,1,1,0,detected,3.370045,2.934246,0.139401,0.225954,0.036328,-0.144917,0.649665,15.366513,398.125,0,0.115286,0.000000,0.190350,0.378822
tracking_cdrone3_20260822_194912_520_milestone4,milestone4,1787453415.640322924,target_map,6,10,0,detected,2.744031,-2.818963,0.169548,0.279177,-0.062994,-0.190817,0.409479,14.519149,385.000,0,0.115286,0.000000,0.190350,0.378822
tracking_cdrone3_20260822_194912_520_milestone4,milestone4,1787453415.740387678,target_map,1,1,0,detected,3.392648,2.937880,0.124905,0.225954,0.036328,-0.144917,0.632936,15.366513,398.125,0,0.215318,0.000000,0.225361,0.403830
tracking_cdrone3_20260822_194912_520_milestone4,milestone4,1787453415.740387678,target_map,6,10,0,detected,2.771958,-2.825265,0.150460,0.279177,-0.062994,-0.190817,0.398935,14.519149,385.000,0,0.215318,0.000000,0.225361,0.403830
tracking_cdrone3_20260822_194912_520_milestone4,milestone4,1787453415.754804134,raw,1,1,0,detected,3.259369,2.930611,0.179319,-0.363554,0.002376,0.099713,0.662598,15.284107,406.875,1,0.000000,0.000000,0.000000,0.000000
tracking_cdrone3_20260822_194912_520_milestone4,milestone4,1787453415.754804134,raw,10,10,0,detected,2.571315,-2.770325,0.228706,-0.603717,0.177752,0.159637,0.421631,14.373950,385.000,1,0.000000,0.000000,0.000000,0.000000
tracking_cdrone3_20260822_194912_520_milestone4,milestone4,1787453415.840377092,target_map,1,1,0,detected,3.252076,2.931921,0.178550,-0.098276,0.017654,-0.010370,0.650305,15.284107,406.875,1,0.074208,0.000000,0.175973,0.368552
tracking_cdrone3_20260822_194912_520_milestone4,milestone4,1787453415.840377092,target_map,6,10,0,detected,2.555997,-2.765173,0.228850,-0.206415,0.069417,0.001932,0.413809,14.373950,385.000,1,0.074208,0.000000,0.175973,0.368552
tracking_cdrone3_20260822_194912_520_milestone4,milestone4,1787453415.940286636,target_map,1,1,0,detected,3.242255,2.933685,0.177513,-0.098276,0.017654,-0.010370,0.633750,15.284107,406.875,1,0.174150,0.000000,0.210952,0.393537
tracking_cdrone3_20260822_194912_520_milestone4,milestone4,1787453415.940286636,target_map,6,10,0,detected,2.535368,-2.758236,0.229043,-0.206415,0.069417,0.001932,0.403274,14.373950,385.000,1,0.174150,0.000000,0.210952,0.393537
tracking_cdrone3_20260822_194912_520_milestone4,milestone4,1787453415.980134010,raw,1,1,0,detected,3.225769,2.923416,0.242485,-0.149125,-0.031933,0.280336,0.649902,15.250305,402.500,1,0.000000,0.000000,0.000000,0.000000
tracking_cdrone3_20260822_194912_520_milestone4,milestone4,1787453415.980134010,raw,10,10,0,detected,2.692034,-2.788836,0.279954,0.535764,-0.082156,0.227446,0.409180,14.496781,385.000,0,0.000000,0.000000,0.000000,0.000000
tracking_cdrone3_20260822_194912_520_milestone4,milestone4,1787453416.039975166,target_map,1,1,0,detected,3.218637,2.922872,0.250931,-0.126243,-0.009618,0.149518,0.640724,15.250305,402.500,1,0.056490,0.000000,0.169772,0.364123
tracking_cdrone3_20260822_194912_520_milestone4,milestone4,1787453416.039975166,target_map,6,10,0,detected,2.703432,-2.789624,0.287070,0.201784,-0.013948,0.125965,0.403401,14.496781,385.000,0,0.056490,0.000000,0.169772,0.364123
tracking_cdrone3_20260822_194912_520_milestone4,milestone4,1787453416.140358210,target_map,1,1,0,detected,3.205969,2.921907,0.265934,-0.126243,-0.009618,0.149518,0.624420,15.250305,402.500,1,0.156837,0.000000,0.204893,0.389209
tracking_cdrone3_20260822_194912_520_milestone4,milestone4,1787453416.140358210,target_map,6,10,0,detected,2.723680,-2.791023,0.299710,0.201784,-0.013948,0.125965,0.393136,14.496781,385.000,0,0.156837,0.000000,0.204893,0.389209
