run_id,experiment_tag,timestamp_s,sample_kind,track_id,detector_track_id,source,source_label,x_m,y_m,z_m,vx_mps,vy_mps,vz_mps,confidence,distance_m,bbox_area_px,inbound,last_observed_age_s,prediction_horizon_s,position_uncertainty_m,velocity_uncertainty_mps
tracking_cdrone3_20260820_201653_236_milestone4,milestone4,1787282251.545579195,raw,1,1,0,detected,-1.447583,-0.247030,0.162325,0.000000,0.000000,0.000000,0.724609,10.259324,3044.250,0,0.000000,0.000000,0.000000,0.000000
tracking_cdrone3_20260820_201653_236_milestone4,milestone4,1787282251.631426096,target_map,1,1,0,detected,-1.447583,-0.247030,0.162325,0.000000,0.000000,0.000000,0.709982,10.259324,3044.250,0,0.080746,0.000000,0.178261,0.370186
tracking_cdrone3_20260820_201653_236_milestone4,milestone4,1787282251.731244802,target_map,1,1,0,detected,-1.447583,-0.247030,0.162325,0.000000,0.000000,0.000000,0.691901,10.259324,3044.250,0,0.180555,0.000000,0.213194,0.395139
tracking_cdrone3_20260820_201653_236_milestone4,milestone4,1787282251.817579031,raw,1,1,0,detected,-1.484767,-0.212478,0.130539,-0.136715,0.127037,-0.116868,0.631348,10.234828,3651.500,1,0.000000,0.000000,0.000000,0.000000
tracking_cdrone3_20260820_201653_236_milestone4,milestone4,1787282251.831281424,target_map,1,1,0,detected,-1.485542,-0.211758,0.129876,-0.075193,0.069870,-0.064278,0.629721,10.234828,3651.500,1,0.010304,0.000000,0.153606,0.352576
tracking_cdrone3_20260820_201653_236_milestone4,milestone4,1787282251.933031797,target_map,1,1,0,detected,-1.493194,-0.204648,0.123336,-0.075193,0.069870,-0.064278,0.613660,10.234828,3651.500,1,0.112062,0.000000,0.189222,0.378015
tracking_cdrone3_20260820_201653_236_milestone4,milestone4,1787282252.031131983,target_map,1,1,0,detected,-1.500570,-0.197794,0.117030,-0.075193,0.069870,-0.064278,0.598177,10.234828,3651.500,1,0.210155,0.000000,0.223554,0.402539
tracking_cdrone3_20260820_201653_236_milestone4,milestone4,1787282252.074221134,raw,1,1,0,detected,-1.603070,-0.208363,0.178963,-0.460936,0.016033,0.188672,0.540039,10.144955,3622.500,1,0.000000,0.000000,0.000000,0.000000
tracking_cdrone3_20260820_201653_236_milestone4,milestone4,1787282252.131350756,target_map,1,1,0,detected,-1.616678,-0.206456,0.182507,-0.287352,0.040260,0.074845,0.533646,10.144955,3622.500,1,0.047355,0.000000,0.166574,0.361839
tracking_cdrone3_20260820_201653_236_milestone4,milestone4,1787282252.231143951,target_map,1,1,0,detected,-1.645353,-0.202439,0.189976,-0.287352,0.040260,0.074845,0.520173,10.144955,3622.500,1,0.147148,0.000000,0.201502,0.386787
tracking_cdrone3_20260820_201653_236_milestone4,milestone4,1787282252.334160328,target_map,1,1,2,predicted,-1.674952,-0.198292,0.197685,-0.287352,0.040260,0.074845,0.506266,10.144955,3622.500,1,0.250152,0.250152,0.237553,0.412538
tracking_cdrone3_20260820_201653_236_milestone4,milestone4,1787282252.349694252,raw,1,1,0,detected,-1.710239,-0.260014,0.167538,-0.389057,-0.187510,-0.041475,0.620605,10.074745,3080.500,1,0.000000,0.000000,0.000000,0.000000
tracking_cdrone3_20260820_201653_236_milestone4,milestone4,1787282252.431352854,target_map,1,1,0,detected,-1.737368,-0.266732,0.168397,-0.343289,-0.085014,0.010869,0.608345,10.074745,3080.500,1,0.079025,0.000000,0.177659,0.369756
tracking_cdrone3_20260820_201653_236_milestone4,milestone4,1787282252.531594992,target_map,1,1,0,detected,-1.771774,-0.275253,0.169486,-0.343289,-0.085014,0.010869,0.592795,10.074745,3080.500,1,0.179250,0.000000,0.212737,0.394812
tracking_cdrone3_20260820_201653_236_milestone4,milestone4,1787282252.618277073,raw,1,1,0,detected,-1.729575,-0.255967,0.116383,-0.071982,0.015066,-0.190439,0.556641,10.078716,3031.250,0,0.000000,0.000000,0.000000,0.000000
tracking_cdrone3_20260820_201653_236_milestone4,milestone4,1787282252.631428719,target_map,1,1,0,detected,-1.731128,-0.256207,0.115584,-0.194071,-0.029970,-0.099851,0.555527,10.078716,3031.250,0,0.008004,0.000000,0.152802,0.352001
tracking_cdrone3_20260820_201653_236_milestone4,milestone4,1787282252.730994463,target_map,1,1,0,detected,-1.750452,-0.259191,0.105642,-0.194071,-0.029970,-0.099851,0.541670,10.078716,3031.250,0,0.107575,0.000000,0.187651,0.376894
tracking_cdrone3_20260820_201653_236_milestone4,milestone4,1787282252.831379652,target_map,1,1,0,detected,-1.769934,-0.262200,0.095618,-0.194071,-0.029970,-0.099851,0.527701,10.078716,3031.250,0,0.207959,0.000000,0.222786,0.401990
tracking_cdrone3_20260820_201653_236_milestone4,milestone4,1787282252.868644953,raw,1,1,0,detected,-1.797462,-0.266310,0.061063,-0.271170,-0.041315,-0.220971,0.533203,10.050116,2976.000,1,0.000000,0.000000,0.000000,0.000000
tracking_cdrone3_20260820_201653_236_milestone4,milestone4,1787282252.935093880,target_map,1,1,0,detected,-1.812287,-0.268580,0.050627,-0.236475,-0.036210,-0.166467,0.524846,10.050116,2976.000,1,0.062690,0.000000,0.171942,0.365673
tracking_cdrone3_20260820_201653_236_milestone4,milestone4,1787282253.031475067,target_map,1,1,0,detected,-1.835079,-0.272070,0.034583,-0.236475,-0.036210,-0.166467,0.511999,10.050116,2976.000,1,0.159073,0.000000,0.205675,0.389768
tracking_cdrone3_20260820_201653_236_milestone4,milestone4,1787282253.133272648,target_map,1,1,2,predicted,-1.859147,-0.275756,0.017640,-0.236475,-0.036210,-0.166467,0.498432,10.050116,2976.000,1,0.260850,0.260850,0.241297,0.415212
tracking_cdrone3_20260820_201653_236_milestone4,milestone4,1787282253.143028975,raw,1,1,0,detected,-1.837530,-0.296270,0.087231,-0.146034,-0.109195,0.095374,0.522461,10.041299,3553.500,0,0.000000,0.000000,0.000000,0.000000
tracking_cdrone3_20260820_201653_236_milestone4,milestone4,1787282253.233389378,target_map,1,1,0,detected,-1.853804,-0.302924,0.085274,-0.186733,-0.076351,-0.022454,0.511078,10.041299,3553.500,0,0.087148,0.000000,0.180502,0.371787
tracking_cdrone3_20260820_201653_236_milestone4,milestone4,1787282253.331180573,target_map,1,1,0,detected,-1.872065,-0.310391,0.083078,-0.186733,-0.076351,-0.022454,0.498305,10.041299,3553.500,0,0.184942,0.000000,0.214730,0.396236
tracking_cdrone3_20260820_201653_236_milestone4,milestone4,1787282253.386448860,raw,1,1,0,detected,-1.879591,-0.271839,0.187579,-0.172789,0.100364,0.412237,0.618652,10.032235,3096.000,0,0.000000,0.000000,0.000000,0.000000
tracking_cdrone3_20260820_201653_236_milestone4,milestone4,1787282253.431376457,target_map,1,1,0,detected,-1.887106,-0.270965,0.196671,-0.179064,0.020842,0.216626,0.612161,10.032235,3096.000,0,0.041968,0.000000,0.164689,0.360492
tracking_cdrone3_20260820_201653_236_milestone4,milestone4,1787282253.531252384,target_map,1,1,0,detected,-1.904989,-0.268883,0.218305,-0.179064,0.020842,0.216626,0.596715,10.032235,3096.000,0,0.141837,0.000000,0.199643,0.385459
tracking_cdrone3_20260820_201653_236_milestone4,milestone4,1787282253.601065397,raw,1,1,0,detected,-1.879116,-0.270210,0.123261,0.002213,0.007592,-0.299686,0.545898,10.055922,2961.000,0,0.000000,0.000000,0.000000,0.000000
tracking_cdrone3_20260820_201653_236_milestone4,milestone4,1787282253.631355524,target_map,1,1,0,detected,-1.881300,-0.269837,0.121408,-0.079362,0.013554,-0.067345,0.542144,10.055922,2961.000,0,0.027514,0.000000,0.159630,0.356878
tracking_cdrone3_20260820_201653_236_milestone4,milestone4,1787282253.731562376,target_map,1,1,0,detected,-1.889251,-0.268479,0.114660,-0.079362,0.013554,-0.067345,0.528470,10.055922,2961.000,0,0.127705,0.000000,0.194697,0.381926
tracking_cdrone3_20260820_201653_236_milestone4,milestone4,1787282253.831456423,target_map,1,1,0,detected,-1.897180,-0.267125,0.107932,-0.079362,0.013554,-0.067345,0.514836,10.055922,2961.000,0,0.227609,0.000000,0.229663,0.406902
tracking_cdrone3_20260820_201653_236_milestone4,milestone4,1787282253.872293234,raw,1,1,0,detected,-1.945908,-0.264215,0.054340,-0.246258,0.022103,-0.254106,0.545898,10.005727,2961.000,1,0.000000,0.000000,0.000000,0.000000
tracking_cdrone3_20260820_201653_236_milestone4,milestone4,1787282253.934748650,target_map,1,1,0,detected,-1.956124,-0.263125,0.044189,-0.171155,0.018256,-0.170064,0.537752,10.005727,2961.000,1,0.059690,0.000000,0.170892,0.364923
tracking_cdrone3_20260820_201653_236_milestone4,milestone4,1787282254.031436682,target_map,1,1,0,detected,-1.972671,-0.261360,0.027748,-0.171155,0.018256,-0.170064,0.524558,10.005727,2961.000,1,0.156367,0.000000,0.204728,0.389092
tracking_cdrone3_20260820_201653_236_milestone4,milestone4,1787282254.112589836,raw,1,1,0,detected,-1.909244,-0.269850,0.076288,0.152581,-0.023452,0.091340,0.662598,10.051308,2722.500,0,0.000000,0.000000,0.000000,0.000000
tracking_cdrone3_20260820_201653_236_milestone4,milestone4,1787282254.131099224,target_map,1,1,0,detected,-1.909134,-0.269926,0.075866,0.006900,-0.004683,-0.026292,0.659939,10.051308,2722.500,0,0.016051,0.000000,0.155618,0.354013
tracking_cdrone3_20260820_201653_236_milestone4,milestone4,1787282254.231386185,target_map,1,1,0,detected,-1.908442,-0.270395,0.073230,0.006900,-0.004683,-0.026292,0.643329,10.051308,2722.500,0,0.116322,0.000000,0.190713,0.379080
tracking_cdrone3_20260820_201653_236_milestone4,milestone4,1787282254.332875490,target_map,1,1,0,detected,-1.907750,-0.270864,0.070595,0.006900,-0.004683,-0.026292,0.626731,10.051308,2722.500,0,0.216523,0.000000,0.225783,0.404131
tracking_cdrone3_20260820_201653_236_milestone4,milestone4,1787282254.379204988,raw,1,1,0,detected,-1.954211,-0.296512,0.102499,-0.168652,-0.099996,0.098304,0.662598,10.013803,2722.500,1,0.000000,0.000000,0.000000,0.000000
tracking_cdrone3_20260820_201653_236_milestone4,milestone4,1787282254.431368828,target_map,1,1,0,detected,-1.958624,-0.299322,0.104577,-0.089653,-0.057105,0.042236,0.654446,10.013803,2722.500,1,0.049212,0.000000,0.167224,0.362303
tracking_cdrone3_20260820_201653_236_milestone4,milestone4,1787282254.531374454,target_map,1,1,0,detected,-1.967589,-0.305033,0.108801,-0.089653,-0.057105,0.042236,0.637880,10.013803,2722.500,1,0.149214,0.000000,0.202225,0.387304
tracking_cdrone3_20260820_201653_236_milestone4,milestone4,1787282254.612979889,raw,1,1,0,detected,-1.970067,-0.330424,0.017926,-0.067827,-0.145068,-0.361782,0.662598,10.015759,2722.500,0,0.000000,0.000000,0.000000,0.000000
tracking_cdrone3_20260820_201653_236_milestone4,milestone4,1787282254.631428957,target_map,1,1,0,detected,-1.971248,-0.332028,0.015189,-0.077649,-0.105485,-0.179974,0.660079,10.015759,2722.500,0,0.015206,0.000000,0.155322,0.353801
tracking_cdrone3_20260820_201653_236_milestone4,milestone4,1787282254.731131554,target_map,1,1,0,detected,-1.978990,-0.342546,-0.002756,-0.077649,-0.105485,-0.179974,0.643562,10.015759,2722.500,0,0.114914,0.000000,0.190220,0.378729
tracking_cdrone3_20260820_201653_236_milestone4,milestone4,1787282254.831523895,target_map,1,1,0,detected,-1.986785,-0.353134,-0.020822,-0.077649,-0.105485,-0.179974,0.626934,10.015759,2722.500,0,0.215295,0.000000,0.225353,0.403824
tracking_cdrone3_20260820_201653_236_milestone4,milestone4,1787282254.865365505,raw,1,1,0,detected,-1.845536,-0.336193,0.221276,0.493411,-0.022858,0.805702,0.599121,10.109365,3150.000,0,0.000000,0.000000,0.000000,0.000000
tracking_cdrone3_20260820_201653_236_milestone4,milestone4,1787282254.932142973,target_map,1,1,0,detected,-1.831348,-0.339796,0.243007,0.236434,-0.060040,0.362148,0.590134,10.109365,3150.000,0,0.060005,0.000000,0.171002,0.365001
tracking_cdrone3_20260820_201653_236_milestone4,milestone4,1787282255.031579494,target_map,1,1,0,detected,-1.807841,-0.345765,0.279014,0.236434,-0.060040,0.362148,0.575242,10.109365,3150.000,0,0.159430,0.000000,0.205801,0.389858
tracking_cdrone3_20260820_201653_236_milestone4,milestone4,1787282255.087886333,raw,1,1,0,detected,-1.831166,-0.306116,0.198664,0.064577,0.135168,-0.101623,0.599121,10.131369,3150.000,0,0.000000,0.000000,0.000000,0.000000
tracking_cdrone3_20260820_201653_236_milestone4,milestone4,1787282255.131134033,target_map,1,1,0,detected,-1.826023,-0.304401,0.202544,0.141913,0.047325,0.107074,0.593693,10.131369,3150.000,0,0.036238,0.000000,0.162683,0.359060
tracking_cdrone3_20260820_201653_236_milestone4,milestone4,1787282255.231393337,target_map,1,1,0,detected,-1.811797,-0.299657,0.213278,0.141913,0.047325,0.107074,0.578678,10.131369,3150.000,0,0.136487,0.000000,0.197770,0.384122
tracking_cdrone3_20260820_201653_236_milestone4,milestone4,1787282255.320904016,raw,1,1,0,detected,-1.721347,-0.270996,0.154973,0.471241,0.150700,-0.187478,0.697754,10.259322,3120.000,0,0.000000,0.000000,0.000000,0.000000
tracking_cdrone3_20260820_201653_236_milestone4,milestone4,1787282255.331075907,target_map,1,1,0,detected,-1.719184,-0.270299,0.154606,0.323043,0.104181,-0.054929,0.696586,10.259322,3120.000,0,0.006694,0.000000,0.152343,0.351673
tracking_cdrone3_20260820_201653_236_milestone4,milestone4,1787282255.431369305,target_map,1,1,0,detected,-1.686789,-0.259852,0.149097,0.323043,0.104181,-0.054929,0.679093,10.259322,3120.000,0,0.106977,0.000000,0.187442,0.376744
tracking_cdrone3_20260820_201653_236_milestone4,milestone4,1787282255.531246185,target_map,1,1,0,detected,-1.654523,-0.249446,0.143611,0.323043,0.104181,-0.054929,0.661670,10.259322,3120.000,0,0.206857,0.000000,0.222400,0.401714
tracking_cdrone3_20260820_201653_236_milestone4,milestone4,1787282255.572549820,raw,1,1,0,detected,-0.837251,-0.285870,0.158561,3.513569,-0.059110,0.014259,0.764648,11.143914,2550.000,0,0.000000,0.000000,0.000000,0.000000
tracking_cdrone3_20260820_201653_236_milestone4,milestone4,1787282255.632499933,target_map,1,1,0,detected,-0.738020,-0.285184,0.157755,2.077833,0.014371,-0.016876,0.755519,11.143914,2550.000,0,0.047757,0.000000,0.166715,0.361939
tracking_cdrone3_20260820_201653_236_milestone4,milestone4,1787282255.731393814,target_map,1,1,0,detected,-0.532555,-0.283763,0.156086,2.077833,0.014371,-0.016876,0.736616,11.143914,2550.000,0,0.146641,0.000000,0.201325,0.386660
tracking_cdrone3_20260820_201653_236_milestone4,milestone4,1787282255.801640511,raw,1,1,0,detected,-0.366412,-0.293760,0.207144,2.055209,-0.034441,0.212063,0.809082,11.612069,3120.000,0,0.000000,0.000000,0.000000,0.000000
tracking_cdrone3_20260820_201653_236_milestone4,milestone4,1787282255.831397057,target_map,1,1,0,detected,-0.310200,-0.294100,0.210111,2.065389,-0.012476,0.109040,0.803577,11.612069,3120.000,0,0.027216,0.000000,0.159526,0.356804
tracking_cdrone3_20260820_201653_236_milestone4,milestone4,1787282255.931578875,target_map,1,1,0,detected,-0.103259,-0.295350,0.221037,2.065389,-0.012476,0.109040,0.783311,11.612069,3120.000,0,0.127411,0.000000,0.194594,0.381853
tracking_cdrone3_20260820_201653_236_milestone4,milestone4,1787282256.031295776,target_map,1,1,0,detected,0.102677,-0.296594,0.231909,2.065389,-0.012476,0.109040,0.763143,11.612069,3120.000,0,0.227119,0.000000,0.229492,0.406780
tracking_cdrone3_20260820_201653_236_milestone4,milestone4,1787282256.079051018,raw,1,1,0,detected,0.116496,-0.289084,0.259770,1.740799,0.016858,0.189710,0.809082,12.102088,3120.000,0,0.000000,0.000000,0.000000,0.000000
tracking_cdrone3_20260820_201653_236_milestone4,milestone4,1787282256.131117821,target_map,1,1,0,detected,0.205832,-0.288911,0.267034,1.886865,0.003658,0.153409,0.799505,12.102088,3120.000,0,0.047346,0.000000,0.166571,0.361837
tracking_cdrone3_20260820_201653_236_milestone4,milestone4,1787282256.231430292,target_map,1,1,0,detected,0.395088,-0.288544,0.282421,1.886865,0.003658,0.153409,0.779217,12.102088,3120.000,0,0.147648,0.000000,0.201677,0.386912
tracking_cdrone3_20260820_201653_236_milestone4,milestone4,1787282256.301253319,raw,1,1,0,detected,0.952613,-0.294143,0.193116,3.762728,-0.022769,-0.299962,0.809082,12.964603,3120.000,0,0.000000,0.000000,0.000000,0.000000
tracking_cdrone3_20260820_201653_236_milestone4,milestone4,1787282256.331244230,target_map,1,1,0,detected,1.027121,-0.294421,0.190666,2.918590,-0.010877,-0.095945,0.803918,12.964603,3120.000,0,0.025529,0.000000,0.158935,0.356382
tracking_cdrone3_20260820_201653_236_milestone4,milestone4,1787282256.431341410,target_map,1,1,0,detected,1.319255,-0.295510,0.181063,2.918590,-0.010877,-0.095945,0.783672,12.964603,3120.000,0,0.125623,0.000000,0.193968,0.381406
tracking_cdrone3_20260820_201653_236_milestone4,milestone4,1787282256.531205177,target_map,1,1,0,detected,1.610707,-0.296596,0.171482,2.918590,-0.010877,-0.095945,0.763473,12.964603,3120.000,0,0.225483,0.000000,0.228919,0.406371
tracking_cdrone3_20260820_201653_236_milestone4,milestone4,1787282256.539875031,raw,1,1,0,detected,1.860261,-0.264412,0.173844,3.803832,0.124600,-0.080765,0.809082,13.887511,3120.000,0,0.000000,0.000000,0.000000,0.000000
tracking_cdrone3_20260820_201653_236_milestone4,milestone4,1787282256.631720543,target_map,1,1,0,detected,2.163594,-0.258744,0.166042,3.405473,0.063636,-0.087596,0.791065,13.887511,3120.000,0,0.089072,0.000000,0.181175,0.372268
tracking_cdrone3_20260820_201653_236_milestone4,milestone4,1787282256.732074738,target_map,1,1,0,detected,2.505213,-0.252360,0.157254,3.405473,0.063636,-0.087596,0.770775,13.887511,3120.000,0,0.189387,0.000000,0.216285,0.397347
tracking_cdrone3_20260820_201653_236_milestone4,milestone4,1787282256.758602619,raw,1,1,0,detected,2.559294,-0.265435,0.193866,3.195860,-0.004679,0.091538,0.809082,14.590455,3120.000,0,0.000000,0.000000,0.000000,0.000000
tracking_cdrone3_20260820_201653_236_milestone4,milestone4,1787282256.831380367,target_map,1,1,0,detected,2.789285,-0.263614,0.194630,3.290185,0.026063,0.010928,0.794943,14.590455,3120.000,0,0.069902,0.000000,0.174466,0.367476
tracking_cdrone3_20260820_201653_236_milestone4,milestone4,1787282256.931323051,target_map,1,1,0,detected,3.118083,-0.261009,0.195722,3.290185,0.026063,0.010928,0.774729,14.590455,3120.000,0,0.169835,0.000000,0.209442,0.392459
tracking_cdrone3_20260820_201653_236_milestone4,milestone4,1787282256.996205330,raw,1,1,0,detected,3.183093,-0.245174,0.300287,2.625391,0.085275,0.447897,0.809082,15.212752,3120.000,0,0.000000,0.000000,0.000000,0.000000
tracking_cdrone3_20260820_201653_236_milestone4,milestone4,1787282257.031390667,target_map,1,1,0,detected,3.276047,-0.243310,0.308274,2.924548,0.058629,0.251261,0.802653,15.212752,3120.000,0,0.031784,0.000000,0.161124,0.357946
tracking_cdrone3_20260820_201653_236_milestone4,milestone4,1787282257.131370306,target_map,1,1,0,detected,3.568460,-0.237448,0.333396,2.924548,0.058629,0.251261,0.782429,15.212752,3120.000,0,0.131770,0.000000,0.196119,0.382942
tracking_cdrone3_20260820_201653_236_milestone4,milestone4,1787282257.232108355,target_map,1,1,0,detected,3.863003,-0.231543,0.358701,2.924548,0.058629,0.251261,0.762057,15.212752,3120.000,0,0.232484,0.000000,0.231369,0.408121
tracking_cdrone3_20260820_201653_236_milestone4,milestone4,1787282257.246003628,raw,1,1,0,detected,3.785130,-0.243181,0.291686,2.409997,0.007978,-0.034434,0.809082,15.832150,3120.000,0,0.000000,0.000000,0.000000,0.000000
tracking_cdrone3_20260820_201653_236_milestone4,milestone4,1787282257.331506968,target_map,1,1,0,detected,3.996407,-0.240720,0.299214,2.641545,0.030771,0.094129,0.792904,15.832150,3120.000,0,0.079982,0.000000,0.177994,0.369996
tracking_cdrone3_20260820_201653_236_milestone4,milestone4,1787282257.431242228,target_map,1,1,0,detected,4.259871,-0.237651,0.308603,2.641545,0.030771,0.094129,0.772730,15.832150,3120.000,0,0.179721,0.000000,0.212902,0.394930
tracking_cdrone3_20260820_201653_236_milestone4,milestone4,1787282257.469501734,raw,1,1,0,detected,4.612681,-0.292242,0.300545,3.702883,-0.219523,0.039641,0.809082,16.670801,3120.000,0,0.000000,0.000000,0.000000,0.000000
tracking_cdrone3_20260820_201653_236_milestone4,milestone4,1787282257.531987906,target_map,1,1,0,detected,4.805146,-0.298620,0.304374,3.225281,-0.106890,0.064161,0.797012,16.670801,3120.000,0,0.059674,0.000000,0.170886,0.364919
tracking_cdrone3_20260820_201653_236_milestone4,milestone4,1787282257.631114483,target_map,1,1,0,detected,5.124849,-0.309216,0.310733,3.225281,-0.106890,0.064161,0.776962,16.670801,3120.000,0,0.158798,0.000000,0.205579,0.389699
tracking_cdrone3_20260820_201653_236_milestone4,milestone4,1787282257.710615873,raw,1,1,0,detected,4.959500,-0.318394,0.363367,1.438373,-0.108464,0.260543,0.809082,17.037643,3120.000,0,0.000000,0.000000,0.000000,0.000000
tracking_cdrone3_20260820_201653_236_milestone4,milestone4,1787282257.731518984,target_map,1,1,0,detected,5.000122,-0.320346,0.366485,2.242481,-0.107756,0.172171,0.805418,17.037643,3120.000,0,0.018115,0.000000,0.156340,0.354529
tracking_cdrone3_20260820_201653_236_milestone4,milestone4,1787282257.832620621,target_map,1,1,0,detected,5.226844,-0.331241,0.383892,2.242481,-0.107756,0.172171,0.784968,17.037643,3120.000,0,0.119218,0.000000,0.191726,0.379805
tracking_cdrone3_20260820_201653_236_milestone4,milestone4,1787282257.931889296,target_map,1,1,0,detected,5.449376,-0.341934,0.400978,2.242481,-0.107756,0.172171,0.764895,17.037643,3120.000,0,0.218453,0.000000,0.226458,0.404613
tracking_cdrone3_20260820_201653_236_milestone4,milestone4,1787282257.973990679,raw,1,1,0,detected,5.613304,-0.304398,0.393617,2.482526,0.053145,0.114863,0.809082,17.705046,3120.000,0,0.000000,0.000000,0.000000,0.000000
tracking_cdrone3_20260820_201653_236_milestone4,milestone4,1787282257.973990679,raw,2,2,0,detected,4.066153,-0.992298,2.590138,0.000000,0.000000,0.000000,0.790039,16.142370,2043.750,0,0.000000,0.000000,0.000000,0.000000
tracking_cdrone3_20260820_201653_236_milestone4,milestone4,1787282258.031567097,target_map,1,1,0,detected,5.738503,-0.305414,0.401033,2.374506,-0.019261,0.140651,0.798417,17.705046,3120.000,0,0.052726,0.000000,0.168454,0.363182
tracking_cdrone3_20260820_201653_236_milestone4,milestone4,1787282258.031567097,target_map,2,2,0,detected,4.066153,-0.992298,2.590138,0.000000,0.000000,0.000000,0.779625,16.142370,2043.750,0,0.052726,0.000000,0.168454,0.363182
tracking_cdrone3_20260820_201653_236_milestone4,milestone4,1787282258.131436348,target_map,1,1,0,detected,5.975612,-0.307337,0.415078,2.374506,-0.019261,0.140651,0.778219,17.705046,3120.000,0,0.152582,0.000000,0.203404,0.388146
tracking_cdrone3_20260820_201653_236_milestone4,milestone4,1787282258.131436348,target_map,2,2,0,detected,4.066153,-0.992298,2.590138,0.000000,0.000000,0.000000,0.759903,16.142370,2043.750,0,0.152582,0.000000,0.203404,0.388146
tracking_cdrone3_20260820_201653_236_milestone4,milestone4,1787282258.231521606,target_map,1,1,2,predicted,6.213254,-0.309264,0.429155,2.374506,-0.019261,0.140651,0.757976,17.705046,3120.000,0,0.252663,0.252663,0.238432,0.413166
tracking_cdrone3_20260820_201653_236_milestone4,milestone4,1787282258.231521606,target_map,2,2,2,predicted,4.066153,-0.992298,2.590138,0.000000,0.000000,0.000000,0.740136,16.142370,2043.750,0,0.252663,0.252663,0.238432,0.413166
tracking_cdrone3_20260820_201653_236_milestone4,milestone4,1787282258.259048939,raw,1,1,0,detected,6.306147,-0.319820,0.416779,2.430512,-0.054099,0.081251,0.809082,18.402540,3120.000,0,0.000000,0.000000,0.000000,0.000000
tracking_cdrone3_20260820_201653_236_milestone4,milestone4,1787282258.259048939,raw,2,2,0,detected,3.792244,-1.091831,2.623994,-0.960878,-0.349165,0.118769,0.872070,15.884944,2240.000,1,0.000000,0.000000,0.000000,0.000000
tracking_cdrone3_20260820_201653_236_milestone4,milestone4,1787282258.331707716,target_map,1,1,0,detected,6.473271,-0.322489,0.424281,2.405309,-0.038422,0.107981,0.795028,18.402540,3120.000,0,0.069481,0.000000,0.174318,0.367370
tracking_cdrone3_20260820_201653_236_milestone4,milestone4,1787282258.331707716,target_map,2,2,0,detected,3.755524,-1.105174,2.628533,-0.528483,-0.192041,0.065323,0.856922,15.884944,2240.000,1,0.069481,0.000000,0.174318,0.367370
tracking_cdrone3_20260820_201653_236_milestone4,milestone4,1787282258.431528807,target_map,1,1,0,detected,6.713365,-0.326324,0.435060,2.405309,-0.038422,0.107981,0.774838,18.402540,3120.000,0,0.169300,0.000000,0.209255,0.392325
tracking_cdrone3_20260820_201653_236_milestone4,milestone4,1787282258.431528807,target_map,2,2,0,detected,3.702772,-1.124344,2.635053,-0.528483,-0.192041,0.065323,0.835160,15.884944,2240.000,1,0.169300,0.000000,0.209255,0.392325
tracking_cdrone3_20260820_201653_236_milestone4,milestone4,1787282258.497352839,raw,1,1,0,detected,-12.050182,-0.432142,1.658053,-77.026535,-0.471326,5.208616,0.809082,0.019768,3120.000,1,0.000000,0.000000,0.000000,0.000000
tracking_cdrone3_20260820_201653_236_milestone4,milestone4,1787282258.497352839,raw,2,2,0,detected,-0.408445,-0.977111,2.384334,-17.626865,0.481388,-1.005659,0.885742,11.696680,2223.000,1,0.000000,0.000000,0.000000,0.000000
tracking_cdrone3_20260820_201653_236_milestone4,milestone4,1787282258.531375647,target_map,1,1,0,detected,-12.143140,-0.433383,1.667762,-3.307504,-0.044152,0.345441,0.803397,0.019768,3120.000,1,0.028105,0.000000,0.159837,0.357026
tracking_cdrone3_20260820_201653_236_milestone4,milestone4,1787282258.531375647,target_map,2,2,0,detected,-0.538545,-0.976169,2.378119,-4.629042,0.033506,-0.221136,0.879519,11.696680,2223.000,1,0.028105,0.000000,0.159837,0.357026
tracking_cdrone3_20260820_201653_236_milestone4,milestone4,1787282258.631112337,target_map,1,1,0,detected,-12.473020,-0.437786,1.702215,-3.307504,-0.044152,0.345441,0.783223,0.019768,3120.000,1,0.127842,0.000000,0.194745,0.381960
tracking_cdrone3_20260820_201653_236_milestone4,milestone4,1787282258.631112337,target_map,2,2,0,detected,-1.000231,-0.972827,2.356063,-4.629042,0.033506,-0.221136,0.857433,11.696680,2223.000,1,0.127842,0.000000,0.194745,0.381960
tracking_cdrone3_20260820_201653_236_milestone4,milestone4,1787282258.731396198,target_map,1,1,0,detected,-12.804691,-0.442214,1.736855,-3.307504,-0.044152,0.345441,0.762940,0.019768,3120.000,1,0.228120,0.000000,0.229842,0.407030
tracking_cdrone3_20260820_201653_236_milestone4,milestone4,1787282258.731396198,target_map,2,2,0,detected,-1.464424,-0.969467,2.333888,-4.629042,0.033506,-0.221136,0.835228,11.696680,2223.000,1,0.228120,0.000000,0.229842,0.407030
tracking_cdrone3_20260820_201653_236_milestone4,milestone4,1787282258.739589691,raw,2,2,0,detected,-2.245214,-0.965360,2.457437,-7.582735,0.048513,0.301790,0.878418,9.892091,2117.000,1,0.000000,0.000000,0.000000,0.000000
tracking_cdrone3_20260820_201653_236_milestone4,milestone4,1787282258.831199884,target_map,1,1,2,predicted,-13.134724,-0.446619,1.771325,-3.307504,-0.044152,0.345441,0.742757,0.019768,3120.000,1,0.327903,0.327903,0.264766,0.431976
tracking_cdrone3_20260820_201653_236_milestone4,milestone4,1787282258.831199884,target_map,2,2,0,detected,-2.798407,-0.961665,2.463317,-6.253573,0.041759,0.066474,0.858992,9.892091,2117.000,1,0.088460,0.000000,0.180961,0.372115
tracking_cdrone3_20260820_201653_236_milestone4,milestone4,1787282258.931572676,target_map,1,1,2,predicted,-13.466788,-0.451052,1.806006,-3.307504,-0.044152,0.345441,0.722449,0.019768,3120.000,1,0.428301,0.428301,0.299905,0.457075
tracking_cdrone3_20260820_201653_236_milestone4,milestone4,1787282258.931572676,target_map,2,2,0,detected,-3.426249,-0.957473,2.469991,-6.253573,0.041759,0.066474,0.836944,9.892091,2117.000,1,0.188858,0.000000,0.216100,0.397214
tracking_cdrone3_20260820_201653_236_milestone4,milestone4,1787282259.007569075,raw,2,2,0,detected,-2.542370,-0.991603,2.283445,-1.108902,-0.097933,-0.649288,0.879883,9.605396,2464.000,1,0.000000,0.000000,0.000000,0.000000
tracking_cdrone3_20260820_201653_236_milestone4,milestone4,1787282259.033202648,target_map,1,1,2,predicted,-13.802897,-0.455539,1.841110,-3.307504,-0.044152,0.345441,0.701895,0.019768,3120.000,1,0.529921,0.529921,0.335472,0.482480
tracking_cdrone3_20260820_201653_236_milestone4,milestone4,1787282259.033202648,target_map,2,2,0,detected,-2.620860,-0.992407,2.275944,-3.424004,-0.035072,-0.327196,0.874840,9.605396,2464.000,1,0.022923,0.000000,0.158023,0.355731
tracking_cdrone3_20260820_201653_236_milestone4,milestone4,1787282259.131377459,target_map,1,1,2,predicted,-14.127650,-0.459874,1.875027,-3.307504,-0.044152,0.345441,0.682034,0.019768,3120.000,1,0.628108,0.628108,0.369838,0.507027
tracking_cdrone3_20260820_201653_236_milestone4,milestone4,1787282259.131377459,target_map,2,2,0,detected,-2.957051,-0.995850,2.243818,-3.424004,-0.035072,-0.327196,0.853242,9.605396,2464.000,1,0.121110,0.000000,0.192388,0.380277
tracking_cdrone3_20260820_201653_236_milestone4,milestone4,1787282259.231263161,target_map,1,1,2,predicted,-14.458003,-0.464284,1.909530,-3.307504,-0.044152,0.345441,0.661832,0.019768,3120.000,1,0.727987,0.727987,0.404796,0.531997
tracking_cdrone3_20260820_201653_236_milestone4,milestone4,1787282259.231263161,target_map,2,2,0,detected,-3.299040,-0.999353,2.211138,-3.424004,-0.035072,-0.327196,0.831272,9.605396,2464.000,1,0.220990,0.000000,0.227346,0.405247
tracking_cdrone3_20260820_201653_236_milestone4,milestone4,1787282259.247384787,raw,2,2,0,detected,-12.098615,-0.435460,1.564955,-39.846302,2.318929,-2.995858,0.884277,0.009458,2607.000,1,0.000000,0.000000,0.000000,0.000000
tracking_cdrone3_20260820_201653_236_milestone4,milestone4,1787282259.331336737,target_map,1,1,2,predicted,-14.789032,-0.468703,1.944103,-3.307504,-0.044152,0.345441,0.641588,0.019768,3120.000,1,0.828072,0.828072,0.439825,0.557018
tracking_cdrone3_20260820_201653_236_milestone4,milestone4,1787282259.331336737,target_map,2,2,0,detected,-12.531576,-0.417974,1.530107,-5.921048,0.239134,-0.476568,0.868112,0.009458,2607.000,1,0.073123,0.000000,0.175593,0.368281
tracking_cdrone3_20260820_201653_236_milestone4,milestone4,1787282259.431270361,target_map,1,1,2,predicted,-15.119545,-0.473115,1.978622,-3.307504,-0.044152,0.345441,0.621375,0.019768,3120.000,1,0.928000,0.928000,0.474800,0.582000
tracking_cdrone3_20260820_201653_236_milestone4,milestone4,1787282259.431270361,target_map,2,2,0,detected,-13.123256,-0.394077,1.482485,-5.921048,0.239134,-0.476568,0.846021,0.009458,2607.000,1,0.173051,0.000000,0.210568,0.393263
tracking_cdrone3_20260820_201653_236_milestone4,milestone4,1787282259.516851425,raw,2,2,0,detected,-12.096371,-0.436340,1.539069,0.008329,-0.003268,-0.096066,0.898926,0.009884,2713.500,0,0.000000,0.000000,0.000000,0.000000
tracking_cdrone3_20260820_201653_236_milestone4,milestone4,1787282259.531286240,target_map,1,1,2,predicted,-15.450363,-0.477531,2.013174,-3.307504,-0.044152,0.345441,0.601144,0.019768,3120.000,1,1.028020,1.028020,0.509807,0.607005
tracking_cdrone3_20260820_201653_236_milestone4,milestone4,1787282259.531286240,target_map,2,2,0,detected,-12.127090,-0.435118,1.535982,-2.659891,0.105813,-0.267292,0.896330,0.009884,2713.500,0,0.011549,0.000000,0.154042,0.352887
tracking_cdrone3_20260820_201653_236_milestone4,milestone4,1787282259.631175756,target_map,1,1,2,predicted,-15.780757,-0.481941,2.047680,-3.307504,-0.044152,0.345441,0.580939,0.019768,3120.000,1,1.127913,1.127913,0.544769,0.631978
tracking_cdrone3_20260820_201653_236_milestone4,milestone4,1787282259.631175756,target_map,2,2,0,detected,-12.392792,-0.424548,1.509282,-2.659891,0.105813,-0.267292,0.873881,0.009884,2713.500,0,0.111441,0.000000,0.189004,0.377860
tracking_cdrone3_20260820_201653_236_milestone4,milestone4,1787282259.731147766,target_map,1,1,2,predicted,-16.111393,-0.486355,2.082212,-3.307504,-0.044152,0.345441,0.560719,0.019768,3120.000,1,1.227878,1.227878,0.579757,0.656969
tracking_cdrone3_20260820_201653_236_milestone4,milestone4,1787282259.731147766,target_map,2,2,0,detected,-12.658689,-0.413971,1.482562,-2.659891,0.105813,-0.267292,0.851416,0.009884,2713.500,0,0.211406,0.000000,0.223992,0.402852
tracking_cdrone3_20260820_201653_236_milestone4,milestone4,1787282259.772872925,raw,2,2,0,detected,-12.084726,-0.436394,1.500855,0.045480,-0.000211,-0.149258,0.898926,0.008887,2945.500,0,0.000000,0.000000,0.000000,0.000000
tracking_cdrone3_20260820_201653_236_milestone4,milestone4,1787282259.831502914,target_map,1,1,2,predicted,-16.443316,-0.490786,2.116879,-3.307504,-0.044152,0.345441,0.540420,0.019768,3120.000,1,1.328232,1.328232,0.614881,0.682058
tracking_cdrone3_20260820_201653_236_milestone4,milestone4,1787282259.831502914,target_map,2,2,0,detected,-12.149910,-0.433752,1.489599,-1.171937,0.047500,-0.202373,0.886426,0.008887,2945.500,0,0.055621,0.000000,0.169467,0.363905
tracking_cdrone3_20260820_201653_236_milestone4,milestone4,1787282259.931173801,target_map,1,1,2,predicted,-16.772991,-0.495186,2.151311,-3.307504,-0.044152,0.345441,0.520258,0.019768,3120.000,1,1.427907,1.427907,0.649768,0.706977
tracking_cdrone3_20260820_201653_236_milestone4,milestone4,1787282259.931173801,target_map,2,2,0,detected,-12.266723,-0.429018,1.469427,-1.171937,0.047500,-0.202373,0.864026,0.008887,2945.500,0,0.155296,0.000000,0.204353,0.388824
tracking_cdrone3_20260820_201653_236_milestone4,milestone4,1787282260.007855415,raw,2,2,0,detected,-3.758272,-0.896646,2.222862,35.428680,-1.958350,3.072106,0.897461,8.373682,3174.000,0,0.000000,0.000000,0.000000,0.000000
tracking_cdrone3_20260820_201653_236_milestone4,milestone4,1787282260.031278372,target_map,1,1,2,predicted,-17.104076,-0.499606,2.185890,-3.307504,-0.044152,0.345441,0.500011,0.019768,3120.000,1,1.528009,1.528009,0.684803,0.732002
tracking_cdrone3_20260820_201653_236_milestone4,milestone4,1787282260.031278372,target_map,2,2,0,detected,-3.681183,-0.901063,2.228638,3.849547,-0.220563,0.288465,0.892968,8.373682,3174.000,0,0.020025,0.000000,0.157009,0.355006
tracking_cdrone3_20260820_201653_236_milestone4,milestone4,1787282260.131473064,target_map,1,1,2,predicted,-17.435448,-0.504030,2.220499,-3.307504,-0.044152,0.345441,0.479746,0.019768,3120.000,1,1.628196,1.628196,0.719869,0.757049
tracking_cdrone3_20260820_201653_236_milestone4,milestone4,1787282260.131473064,target_map,2,2,0,detected,-3.295507,-0.923161,2.257539,3.849547,-0.220563,0.288465,0.870489,8.373682,3174.000,0,0.120213,0.000000,0.192075,0.380053
tracking_cdrone3_20260820_201653_236_milestone4,milestone4,1787282260.231399536,target_map,1,1,2,predicted,-17.765934,-0.508441,2.255015,-3.307504,-0.044152,0.345441,0.459535,0.019768,3120.000,1,1.728117,1.728117,0.754841,0.782029
tracking_cdrone3_20260820_201653_236_milestone4,milestone4,1787282260.231399536,target_map,2,2,0,detected,-2.910859,-0.945199,2.286363,3.849547,-0.220563,0.288465,0.848071,8.373682,3174.000,0,0.220133,0.000000,0.227047,0.405033
tracking_cdrone3_20260820_201653_236_milestone4,milestone4,1787282260.307982683,raw,2,2,0,detected,-12.070126,-0.436998,1.472905,-27.699049,1.531767,-2.499215,0.875977,0.008144,3458.000,1,0.000000,0.000000,0.000000,0.000000
tracking_cdrone3_20260820_201653_236_milestone4,milestone4,1787282260.333764076,target_map,1,1,2,predicted,-18.104555,-0.512961,2.290381,-3.307504,-0.044152,0.345441,0.438827,0.019768,3120.000,1,1.830496,1.830496,0.790674,0.807624
tracking_cdrone3_20260820_201653_236_milestone4,milestone4,1787282260.333764076,target_map,2,2,0,detected,-12.124697,-0.434051,1.467434,-2.643271,0.142717,-0.264987,0.871455,0.008144,3458.000,1,0.020645,0.000000,0.157226,0.355161
tracking_cdrone3_20260820_201653_236_milestone4,milestone4,1787282260.431198597,target_map,1,1,2,predicted,-18.426834,-0.517264,2.324041,-3.307504,-0.044152,0.345441,0.419118,0.019768,3120.000,1,1.927935,1.927935,0.824777,0.831984
tracking_cdrone3_20260820_201653_236_milestone4,milestone4,1787282260.431198597,target_map,2,2,0,detected,-12.382253,-0.420145,1.441614,-2.643271,0.142717,-0.264987,0.850117,0.008144,3458.000,1,0.118084,0.000000,0.191329,0.379521
tracking_cdrone3_20260820_201653_236_milestone4,milestone4,1787282260.531475067,target_map,1,1,2,predicted,-18.758455,-0.521690,2.358676,-3.307504,-0.044152,0.345441,0.398837,0.019768,3120.000,1,2.028198,2.028198,0.859869,0.857050
tracking_cdrone3_20260820_201653_236_milestone4,milestone4,1787282260.531475067,target_map,2,2,0,detected,-12.647277,-0.405836,1.415045,-2.643271,0.142717,-0.264987,0.828160,0.008144,3458.000,1,0.218347,0.000000,0.226422,0.404587
tracking_cdrone3_20260820_201653_236_milestone4,milestone4,1787282260.585459471,raw,2,2,1,held,-12.302848,-0.422649,1.425228,-0.838417,0.051695,-0.171761,0.875977,0.241857,3458.000,1,0.277574,0.277574,0.000000,0.000000
tracking_cdrone3_20260820_201653_236_milestone4,milestone4,1787282260.631175756,target_map,1,1,2,predicted,-19.088186,-0.526092,2.393113,-3.307504,-0.044152,0.345441,0.378673,0.019768,3120.000,1,2.127890,2.127890,0.894762,0.881973
tracking_cdrone3_20260820_201653_236_milestone4,milestone4,1787282260.631175756,target_map,2,2,1,held,-12.370559,-0.418848,1.416461,-1.650601,0.092655,-0.213713,0.806206,0.241857,3458.000,1,0.318596,0.000000,0.164358,0.360255
tracking_cdrone3_20260820_201653_236_milestone4,milestone4,1787282260.731526613,target_map,1,1,2,predicted,-19.420141,-0.530523,2.427783,-3.307504,-0.044152,0.345441,0.358372,0.019768,3120.000,1,2.228254,2.228254,0.929889,0.907064
tracking_cdrone3_20260820_201653_236_milestone4,milestone4,1787282260.731526613,target_map,2,2,1,held,-12.536220,-0.409548,1.395012,-1.650601,0.092655,-0.213713,0.784227,0.241857,3458.000,1,0.418960,0.000000,0.199485,0.385346
tracking_cdrone3_20260820_201653_236_milestone4,milestone4,1787282260.831196547,target_map,1,1,2,predicted,-19.749804,-0.534924,2.462214,-3.307504,-0.044152,0.345441,0.338211,0.019768,3120.000,1,2.327925,2.327925,0.964774,0.931981
tracking_cdrone3_20260820_201653_236_milestone4,milestone4,1787282260.831196547,target_map,2,2,1,held,-12.700736,-0.400313,1.373711,-1.650601,0.092655,-0.213713,0.762399,0.241857,3458.000,1,0.518631,0.000000,0.234370,0.410264
tracking_cdrone3_20260820_201653_236_milestone4,milestone4,1787282260.931357384,target_map,1,1,2,predicted,-20.081095,-0.539346,2.496814,-3.307504,-0.044152,0.345441,0.317951,0.019768,3120.000,1,2.428089,2.428089,0.999831,0.957022
tracking_cdrone3_20260820_201653_236_milestone4,milestone4,1787282260.931357384,target_map,2,2,2,predicted,-12.866067,-0.391033,1.352305,-1.650601,0.092655,-0.213713,0.740464,0.241857,3458.000,1,0.618794,0.618794,0.269427,0.435305
tracking_cdrone3_20260820_201653_236_milestone4,milestone4,1787282261.031380653,target_map,1,1,2,predicted,-20.411915,-0.543762,2.531366,-3.307504,-0.044152,0.345441,0.297720,0.019768,3120.000,1,2.528110,2.528110,1.034838,0.982027
tracking_cdrone3_20260820_201653_236_milestone4,milestone4,1787282261.031380653,target_map,2,2,2,predicted,-13.031161,-0.381765,1.330929,-1.650601,0.092655,-0.213713,0.718560,0.241857,3458.000,1,0.718815,0.718815,0.304434,0.460310
tracking_cdrone3_20260820_201653_236_milestone4,milestone4,1787282261.131302834,target_map,1,1,2,predicted,-20.742420,-0.548174,2.565884,-3.307504,-0.044152,0.345441,0.277508,0.019768,3120.000,1,2.628036,2.628036,1.069813,1.007009
tracking_cdrone3_20260820_201653_236_milestone4,milestone4,1787282261.131302834,target_map,2,2,2,predicted,-13.196099,-0.372507,1.309574,-1.650601,0.092655,-0.213713,0.696677,0.241857,3458.000,1,0.818741,0.818741,0.339409,0.485292
tracking_cdrone3_20260820_201653_236_milestone4,milestone4,1787282261.231374979,target_map,1,1,2,predicted,-21.073400,-0.552592,2.600452,-3.307504,-0.044152,0.345441,0.257267,0.019768,3120.000,1,2.728105,2.728105,1.104837,1.032026
tracking_cdrone3_20260820_201653_236_milestone4,milestone4,1787282261.231374979,target_map,2,2,2,predicted,-13.361275,-0.363235,1.288188,-1.650601,0.092655,-0.213713,0.674762,0.241857,3458.000,1,0.918811,0.918811,0.374433,0.510309
tracking_cdrone3_20260820_201653_236_milestone4,milestone4,1787282261.331506014,target_map,1,1,2,predicted,-21.404522,-0.557012,2.635035,-3.307504,-0.044152,0.345441,0.237017,0.019768,3120.000,1,2.828218,2.828218,1.139876,1.057054
tracking_cdrone3_20260820_201653_236_milestone4,milestone4,1787282261.331506014,target_map,2,2,2,predicted,-13.526520,-0.353959,1.266793,-1.650601,0.092655,-0.213713,0.652838,0.241857,3458.000,1,1.018923,1.018923,0.409472,0.535337
tracking_cdrone3_20260820_201653_236_milestone4,milestone4,1787282261.431579351,target_map,1,1,2,predicted,-21.735584,-0.561432,2.669612,-3.307504,-0.044152,0.345441,0.216771,0.019768,3120.000,1,2.928312,2.928312,1.174909,1.082078
tracking_cdrone3_20260820_201653_236_milestone4,milestone4,1787282261.431579351,target_map,2,2,2,predicted,-13.691735,-0.344685,1.245401,-1.650601,0.092655,-0.213713,0.630918,0.241857,3458.000,1,1.119017,1.119017,0.444505,0.560361
tracking_cdrone3_20260820_201653_236_milestone4,milestone4,1787282261.531738520,target_map,1,1,2,predicted,-22.066820,-0.565853,2.704206,-3.307504,-0.044152,0.345441,0.196514,0.019768,3120.000,1,3.028458,3.028458,1.209960,1.107115
tracking_cdrone3_20260820_201653_236_milestone4,milestone4,1787282261.531738520,target_map,2,2,2,predicted,-13.857038,-0.335405,1.223999,-1.650601,0.092655,-0.213713,0.608987,0.241857,3458.000,1,1.219164,1.219164,0.479557,0.585398
tracking_cdrone3_20260820_201653_236_milestone4,milestone4,1787282261.598708868,raw,2,2,0,detected,-12.047749,-0.428491,1.458606,0.000000,0.000000,0.000000,0.510742,0.016982,2964.000,0,0.000000,0.000000,0.000000,0.000000
tracking_cdrone3_20260820_201653_236_milestone4,milestone4,1787282261.635517120,target_map,1,1,2,predicted,-22.410057,-0.570435,2.740055,-3.307504,-0.044152,0.345441,0.175524,0.019768,3120.000,1,3.132234,3.132234,1.246282,1.133058
tracking_cdrone3_20260820_201653_236_milestone4,milestone4,1787282261.635517120,target_map,2,2,0,detected,-12.045091,-0.428518,1.458956,0.078418,-0.000785,0.010302,0.506415,0.016982,2964.000,0,0.033891,0.000000,0.161862,0.358473
tracking_cdrone3_20260820_201653_236_milestone4,milestone4,1787282261.731518030,target_map,1,1,2,predicted,-22.727619,-0.574674,2.773221,-3.307504,-0.044152,0.345441,0.156103,0.019768,3120.000,1,3.228246,3.228246,1.279886,1.157062
tracking_cdrone3_20260820_201653_236_milestone4,milestone4,1787282261.731518030,target_map,2,2,0,detected,-12.037561,-0.428593,1.459945,0.078418,-0.000785,0.010302,0.494155,0.016982,2964.000,0,0.129903,0.000000,0.195466,0.382476
tracking_cdrone3_20260820_201653_236_milestone4,milestone4,1787282261.831295252,target_map,1,1,2,predicted,-23.057537,-0.579078,2.807679,-3.307504,-0.044152,0.345441,0.135927,0.019768,3120.000,1,3.327995,3.327995,1.314798,1.181999
tracking_cdrone3_20260820_201653_236_milestone4,milestone4,1787282261.831295252,target_map,2,2,0,detected,-12.029739,-0.428671,1.460972,0.078418,-0.000785,0.010302,0.481419,0.016982,2964.000,0,0.229652,0.000000,0.230378,0.407413
tracking_cdrone3_20260820_201653_236_milestone4,milestone4,1787282261.854401827,raw,2,2,0,detected,-12.060256,-0.423089,1.502479,-0.048913,0.021127,0.171579,0.510742,0.017655,2964.000,0,0.000000,0.000000,0.000000,0.000000
tracking_cdrone3_20260820_201653_236_milestone4,milestone4,1787282261.931509733,target_map,1,1,2,predicted,-23.389093,-0.583504,2.842307,-3.307504,-0.044152,0.345441,0.115651,0.019768,3120.000,1,3.428238,3.428238,1.349883,1.207060
tracking_cdrone3_20260820_201653_236_milestone4,milestone4,1787282261.931509733,target_map,2,2,0,detected,-12.059636,-0.422256,1.509800,0.008386,0.011266,0.099005,0.501301,0.017655,2964.000,0,0.073942,0.000000,0.175880,0.368485
tracking_cdrone3_20260820_201653_236_milestone4,milestone4,1787282262.031362534,target_map,1,1,2,predicted,-23.719364,-0.587913,2.876801,-3.307504,-0.044152,0.345441,0.095453,0.019768,3120.000,1,3.528094,3.528094,1.384833,1.232023
tracking_cdrone3_20260820_201653_236_milestone4,milestone4,1787282262.031362534,target_map,2,2,0,detected,-12.058799,-0.421131,1.519686,0.008386,0.011266,0.099005,0.488551,0.017655,2964.000,0,0.173797,0.000000,0.210829,0.393449
tracking_cdrone3_20260820_201653_236_milestone4,milestone4,1787282262.131530285,target_map,1,1,2,predicted,-24.050638,-0.592335,2.911400,-3.307504,-0.044152,0.345441,0.075194,0.019768,3120.000,1,3.628252,3.628252,1.419888,1.257063
tracking_cdrone3_20260820_201653_236_milestone4,milestone4,1787282262.131530285,target_map,2,2,2,predicted,-12.057959,-0.420003,1.529602,0.008386,0.011266,0.099005,0.475762,0.017655,2964.000,0,0.273955,0.273955,0.245884,0.418489
tracking_cdrone3_20260820_201653_236_milestone4,milestone4,1787282262.145308971,raw,2,2,0,detected,-12.070498,-0.421379,1.535199,-0.035205,0.005877,0.112474,0.510742,0.017190,2964.000,0,0.000000,0.000000,0.000000,0.000000
tracking_cdrone3_20260820_201653_236_milestone4,milestone4,1787282262.231286526,target_map,1,1,2,predicted,-24.380632,-0.596740,2.945865,-3.307504,-0.044152,0.345441,0.055013,0.019768,3120.000,1,3.728023,3.728023,1.454808,1.282006
tracking_cdrone3_20260820_201653_236_milestone4,milestone4,1787282262.231286526,target_map,2,2,0,detected,-12.071770,-0.420702,1.543882,-0.015589,0.008302,0.106413,0.500323,0.017190,2964.000,0,0.081603,0.000000,0.178561,0.370401
tracking_cdrone3_20260820_201653_236_milestone4,milestone4,1787282262.331686497,target_map,1,1,2,predicted,-24.712631,-0.601172,2.980539,-3.307504,-0.044152,0.345441,0.034710,0.019768,3120.000,1,3.828400,3.828400,1.489940,1.307100
tracking_cdrone3_20260820_201653_236_milestone4,milestone4,1787282262.331686497,target_map,2,2,0,detected,-12.073335,-0.419869,1.554564,-0.015589,0.008302,0.106413,0.487506,0.017190,2964.000,0,0.181980,0.000000,0.213693,0.395495
tracking_cdrone3_20260820_201653_236_milestone4,milestone4,1787282262.373620987,raw,2,2,0,detected,-12.075150,-0.419935,1.564239,-0.020377,0.006325,0.127192,0.510742,0.019785,2964.000,0,0.000000,0.000000,0.000000,0.000000
tracking_cdrone3_20260820_201653_236_milestone4,milestone4,1787282262.432262182,target_map,1,1,2,predicted,-25.045286,-0.605613,3.015282,-3.307504,-0.044152,0.345441,0.014366,0.019768,3120.000,1,3.928977,3.928977,1.525142,1.332244
tracking_cdrone3_20260820_201653_236_milestone4,milestone4,1787282262.432262182,target_map,2,2,0,detected,-12.076165,-0.419533,1.570805,-0.018222,0.007215,0.117841,0.503628,0.019785,2964.000,0,0.055719,0.000000,0.169502,0.363930
tracking_cdrone3_20260820_201653_236_milestone4,milestone4,1787282262.531367064,target_map,1,1,2,predicted,-25.373110,-0.609989,3.049520,-3.307504,-0.044152,0.345441,0.000000,0.019768,3120.000,1,4.028091,4.028091,1.559832,1.357023
tracking_cdrone3_20260820_201653_236_milestone4,milestone4,1787282262.531367064,target_map,2,2,0,detected,-12.077971,-0.418818,1.582485,-0.018222,0.007215,0.117841,0.490972,0.019785,2964.000,0,0.154834,0.000000,0.204192,0.388709
tracking_cdrone3_20260820_201653_236_milestone4,milestone4,1787282262.631108284,target_map,1,1,2,predicted,-25.703049,-0.614393,3.083980,-3.307504,-0.044152,0.345441,0.000000,0.019768,3120.000,1,4.127846,4.127846,1.594746,1.381961
tracking_cdrone3_20260820_201653_236_milestone4,milestone4,1787282262.631108284,target_map,2,2,2,predicted,-12.079789,-0.418098,1.594240,-0.018222,0.007215,0.117841,0.478235,0.019785,2964.000,0,0.254589,0.254589,0.239106,0.413647
tracking_cdrone3_20260820_201653_236_milestone4,milestone4,1787282262.643514395,raw,2,2,1,held,-12.079509,-0.417452,1.613332,-0.016152,0.009202,0.181905,0.510742,0.022853,2964.000,0,0.269883,0.269883,0.000000,0.000000
tracking_cdrone3_20260820_201653_236_milestone4,milestone4,1787282262.731786013,target_map,1,1,2,predicted,-26.036020,-0.618838,3.118756,-3.307504,-0.044152,0.345441,0.000000,0.019768,3120.000,1,4.228518,4.228518,1.629981,1.407129
tracking_cdrone3_20260820_201653_236_milestone4,milestone4,1787282262.731786013,target_map,2,2,1,held,-12.080977,-0.416738,1.626490,-0.017084,0.008308,0.153076,0.465306,0.022853,2964.000,0,0.355841,0.000000,0.180085,0.371489
tracking_cdrone3_20260820_201653_236_milestone4,milestone4,1787282262.832453251,target_map,1,1,2,predicted,-26.368969,-0.623283,3.153530,-3.307504,-0.044152,0.345441,0.000000,0.019768,3120.000,1,4.329182,4.329182,1.665214,1.432296
tracking_cdrone3_20260820_201653_236_milestone4,milestone4,1787282262.832453251,target_map,2,2,1,held,-12.082697,-0.415901,1.641899,-0.017084,0.008308,0.153076,0.452453,0.022853,2964.000,0,0.456505,0.000000,0.215318,0.396656
tracking_cdrone3_20260820_201653_236_milestone4,milestone4,1787282262.931343079,target_map,1,1,2,predicted,-26.696068,-0.627649,3.187692,-3.307504,-0.044152,0.345441,0.000000,0.019768,3120.000,1,4.428079,4.428079,1.699827,1.457020
tracking_cdrone3_20260820_201653_236_milestone4,milestone4,1787282262.931343079,target_map,2,2,2,predicted,-12.084387,-0.415080,1.657038,-0.017084,0.008308,0.153076,0.439825,0.022853,2964.000,0,0.555401,0.555401,0.249931,0.421380
tracking_cdrone3_20260820_201653_236_milestone4,milestone4,1787282263.031363010,target_map,1,1,2,predicted,-27.026861,-0.632065,3.222241,-3.307504,-0.044152,0.345441,0.000000,0.019768,3120.000,1,4.528091,4.528091,1.734832,1.482023
tracking_cdrone3_20260820_201653_236_milestone4,milestone4,1787282263.031363010,target_map,2,2,2,predicted,-12.086095,-0.414249,1.672348,-0.017084,0.008308,0.153076,0.427055,0.022853,2964.000,0,0.655414,0.655414,0.284936,0.446383
tracking_cdrone3_20260820_201653_236_milestone4,milestone4,1787282263.132236958,target_map,1,1,2,predicted,-27.359856,-0.636510,3.257020,-3.307504,-0.044152,0.345441,0.000000,0.019768,3120.000,1,4.628770,4.628770,1.770070,1.507192
tracking_cdrone3_20260820_201653_236_milestone4,milestone4,1787282263.132236958,target_map,2,2,2,predicted,-12.087815,-0.413412,1.687759,-0.017084,0.008308,0.153076,0.414200,0.022853,2964.000,0,0.756093,0.756093,0.320174,0.471553
tracking_cdrone3_20260820_201653_236_milestone4,milestone4,1787282263.231191635,target_map,1,1,2,predicted,-27.687807,-0.640888,3.291271,-3.307504,-0.044152,0.345441,0.000000,0.019768,3120.000,1,4.727923,4.727923,1.804773,1.531981
tracking_cdrone3_20260820_201653_236_milestone4,milestone4,1787282263.231191635,target_map,2,2,2,predicted,-12.089509,-0.412589,1.702937,-0.017084,0.008308,0.153076,0.401540,0.022853,2964.000,0,0.855246,0.855246,0.354877,0.496341
tracking_cdrone3_20260820_201653_236_milestone4,milestone4,1787282263.331507683,target_map,1,1,2,predicted,-28.019545,-0.645316,3.325918,-3.307504,-0.044152,0.345441,0.000000,0.019768,3120.000,1,4.828222,4.828222,1.839878,1.557056
tracking_cdrone3_20260820_201653_236_milestone4,milestone4,1787282263.331507683,target_map,2,2,2,predicted,-12.091223,-0.411755,1.718291,-0.017084,0.008308,0.153076,0.388733,0.022853,2964.000,0,0.955545,0.955545,0.389982,0.521416
tracking_cdrone3_20260820_201653_236_milestone4,milestone4,1787282263.431371212,target_map,1,1,2,predicted,-28.349895,-0.649726,3.360421,-3.307504,-0.044152,0.345441,0.000000,0.019768,3120.000,1,4.928101,4.928101,1.874835,1.582025
tracking_cdrone3_20260820_201653_236_milestone4,milestone4,1787282263.431371212,target_map,2,2,2,predicted,-12.092929,-0.410926,1.733580,-0.017084,0.008308,0.153076,0.375980,0.022853,2964.000,0,1.055424,1.055424,0.424939,0.546385
tracking_cdrone3_20260820_201653_236_milestone4,milestone4,1787282263.531463861,target_map,2,2,2,predicted,-12.094639,-0.410094,1.748900,-0.017084,0.008308,0.153076,0.363201,0.022853,2964.000,0,1.155506,1.155506,0.459968,0.571406
tracking_cdrone3_20260820_201653_236_milestone4,milestone4,1787282263.631190777,target_map,2,2,2,predicted,-12.096342,-0.409266,1.764167,-0.017084,0.008308,0.153076,0.350466,0.022853,2964.000,0,1.255242,1.255242,0.494876,0.596340
tracking_cdrone3_20260820_201653_236_milestone4,milestone4,1787282263.664534330,raw,2,2,0,detected,-12.080115,-0.419908,1.773568,0.000000,0.000000,0.000000,0.510742,0.019765,2964.000,0,0.000000,0.000000,0.000000,0.000000
tracking_cdrone3_20260820_201653_236_milestone4,milestone4,1787282263.732906818,target_map,2,2,0,detected,-12.080148,-0.419967,1.778046,-0.000510,-0.000922,0.070400,0.502622,0.019765,2964.000,0,0.063596,0.000000,0.172259,0.365899
tracking_cdrone3_20260820_201653_236_milestone4,milestone4,1787282263.831226110,target_map,2,2,0,detected,-12.080198,-0.420057,1.784967,-0.000510,-0.000922,0.070400,0.490068,0.019765,2964.000,0,0.161915,0.000000,0.206670,0.390479
tracking_cdrone3_20260820_201653_236_milestone4,milestone4,1787282263.911077976,raw,2,2,0,detected,0.306587,-0.392859,1.180215,50.241661,0.109715,-2.406700,0.510742,12.412154,2964.000,0,0.000000,0.000000,0.000000,0.000000
tracking_cdrone3_20260820_201653_236_milestone4,milestone4,1787282263.931289196,target_map,2,2,0,detected,0.377654,-0.392710,1.177322,4.394721,0.009183,-0.178849,0.508677,12.412154,2964.000,0,0.016171,0.000000,0.155660,0.354043
tracking_cdrone3_20260820_201653_236_milestone4,milestone4,1787282264.031474590,target_map,2,2,0,detected,0.817898,-0.391790,1.159406,4.394721,0.009183,-0.178849,0.495886,12.412154,2964.000,0,0.116347,0.000000,0.190721,0.379087
tracking_cdrone3_20260820_201653_236_milestone4,milestone4,1787282264.131477594,target_map,2,2,0,detected,1.257355,-0.390872,1.141522,4.394721,0.009183,-0.178849,0.483118,12.412154,2964.000,0,0.216343,0.000000,0.225720,0.404086
tracking_cdrone3_20260820_201653_236_milestone4,milestone4,1787282264.231240034,target_map,2,2,2,predicted,1.695704,-0.389956,1.123683,4.394721,0.009183,-0.178849,0.470382,12.412154,2964.000,0,0.316088,0.316088,0.260631,0.429022
tracking_cdrone3_20260820_201653_236_milestone4,milestone4,1787282264.331412554,target_map,2,2,2,predicted,2.136015,-0.389036,1.105764,4.394721,0.009183,-0.178849,0.457589,12.412154,2964.000,0,0.416279,0.416279,0.295698,0.454070
tracking_cdrone3_20260820_201653_236_milestone4,milestone4,1787282264.431394339,target_map,2,2,2,predicted,2.575444,-0.388118,1.087880,4.394721,0.009183,-0.178849,0.444822,12.412154,2964.000,0,0.516269,0.516269,0.330694,0.479067
tracking_cdrone3_20260820_201653_236_milestone4,milestone4,1787282264.531464815,target_map,2,2,2,predicted,3.015203,-0.387199,1.069984,4.394721,0.009183,-0.178849,0.432045,12.412154,2964.000,0,0.616334,0.616334,0.365717,0.504084
tracking_cdrone3_20260820_201653_236_milestone4,milestone4,1787282264.631541729,target_map,2,2,2,predicted,3.453523,-0.386283,1.052146,4.394721,0.009183,-0.178849,0.419310,12.412154,2964.000,0,0.716072,0.716072,0.400625,0.529018
tracking_cdrone3_20260820_201653_236_milestone4,milestone4,1787282264.731997728,target_map,2,2,2,predicted,3.896512,-0.385358,1.034118,4.394721,0.009183,-0.178849,0.406439,12.412154,2964.000,0,0.816872,0.816872,0.435905,0.554218
tracking_cdrone3_20260820_201653_236_milestone4,milestone4,1787282264.831325531,target_map,2,2,2,predicted,4.333041,-0.384446,1.016353,4.394721,0.009183,-0.178849,0.393756,12.412154,2964.000,0,0.916203,0.916203,0.470671,0.579051
tracking_cdrone3_20260820_201653_236_milestone4,milestone4,1787282264.931388855,target_map,2,2,2,predicted,4.772794,-0.383527,0.998456,4.394721,0.009183,-0.178849,0.380980,12.412154,2964.000,0,1.016267,1.016267,0.505693,0.604067
tracking_cdrone3_20260820_201653_236_milestone4,milestone4,1787282265.031483650,target_map,2,2,2,predicted,5.212545,-0.382608,0.980560,4.394721,0.009183,-0.178849,0.368203,12.412154,2964.000,0,1.116330,1.116330,0.540715,0.629083
tracking_cdrone3_20260820_201653_236_milestone4,milestone4,1787282265.131252289,target_map,2,2,2,predicted,5.651176,-0.381691,0.962710,4.394721,0.009183,-0.178849,0.355459,12.412154,2964.000,0,1.216139,1.216139,0.575648,0.654035
tracking_cdrone3_20260820_201653_236_milestone4,milestone4,1787282265.231238604,target_map,2,2,2,predicted,6.090542,-0.380773,0.944829,4.394721,0.009183,-0.178849,0.342693,12.412154,2964.000,0,1.316114,1.316114,0.610640,0.679029
tracking_cdrone3_20260820_201653_236_milestone4,milestone4,1787282265.332210302,target_map,2,2,2,predicted,6.534032,-0.379847,0.926781,4.394721,0.009183,-0.178849,0.329808,12.412154,2964.000,0,1.417029,1.417029,0.645960,0.704257
tracking_cdrone3_20260820_201653_236_milestone4,milestone4,1787282265.431621313,target_map,2,2,2,predicted,6.971011,-0.378934,0.908997,4.394721,0.009183,-0.178849,0.317112,12.412154,2964.000,0,1.516461,1.516461,0.680761,0.729115
tracking_cdrone3_20260820_201653_236_milestone4,milestone4,1787282265.531949043,target_map,2,2,2,predicted,7.412086,-0.378012,0.891047,4.394721,0.009183,-0.178849,0.304297,12.412154,2964.000,0,1.616826,1.616826,0.715889,0.754207
tracking_cdrone3_20260820_201653_236_milestone4,milestone4,1787282265.631146669,target_map,2,2,2,predicted,7.848029,-0.377101,0.873306,4.394721,0.009183,-0.178849,0.291631,12.412154,2964.000,0,1.716023,1.716023,0.750608,0.779006
tracking_cdrone3_20260820_201653_236_milestone4,milestone4,1787282265.731475353,target_map,2,2,2,predicted,8.288804,-0.376180,0.855368,4.394721,0.009183,-0.178849,0.278824,12.412154,2964.000,0,1.816320,1.816320,0.785712,0.804080
tracking_cdrone3_20260820_201653_236_milestone4,milestone4,1787282265.831254959,target_map,2,2,2,predicted,8.727447,-0.375264,0.837517,4.394721,0.009183,-0.178849,0.266080,12.412154,2964.000,0,1.916131,1.916131,0.820646,0.829033
tracking_cdrone3_20260820_201653_236_milestone4,milestone4,1787282265.932214260,target_map,2,2,2,predicted,9.171126,-0.374337,0.819461,4.394721,0.009183,-0.178849,0.253189,12.412154,2964.000,0,2.017088,2.017088,0.855981,0.854272
tracking_cdrone3_20260820_201653_236_milestone4,milestone4,1787282266.031138659,target_map,2,2,2,predicted,9.605903,-0.373428,0.801767,4.394721,0.009183,-0.178849,0.240557,12.412154,2964.000,0,2.116020,2.116020,0.890607,0.879005
tracking_cdrone3_20260820_201653_236_milestone4,milestone4,1787282266.131485939,target_map,2,2,2,predicted,10.046810,-0.372507,0.783824,4.394721,0.009183,-0.178849,0.227747,12.412154,2964.000,0,2.216347,2.216347,0.925721,0.904087
tracking_cdrone3_20260820_201653_236_milestone4,milestone4,1787282266.231351137,target_map,2,2,2,predicted,10.485764,-0.371590,0.765960,4.394721,0.009183,-0.178849,0.214993,12.412154,2964.000,0,2.316228,2.316228,0.960680,0.929057
tracking_cdrone3_20260820_201653_236_milestone4,milestone4,1787282266.331481934,target_map,2,2,2,predicted,10.925759,-0.370670,0.748054,4.394721,0.009183,-0.178849,0.202210,12.412154,2964.000,0,2.416348,2.416348,0.995722,0.954087
tracking_cdrone3_20260820_201653_236_milestone4,milestone4,1787282266.431880713,target_map,2,2,2,predicted,11.367040,-0.369748,0.730095,4.394721,0.009183,-0.178849,0.189388,12.412154,2964.000,0,2.516759,2.516759,1.030866,0.979190
tracking_cdrone3_20260820_201653_236_milestone4,milestone4,1787282266.531463861,target_map,2,2,2,predicted,11.804598,-0.368834,0.712288,4.394721,0.009183,-0.178849,0.176675,12.412154,2964.000,0,2.616324,2.616324,1.065713,1.004081
tracking_cdrone3_20260820_201653_236_milestone4,milestone4,1787282266.632214308,target_map,2,2,2,predicted,12.247394,-0.367909,0.694268,4.394721,0.009183,-0.178849,0.163810,12.412154,2964.000,0,2.717080,2.717080,1.100978,1.029270
tracking_cdrone3_20260820_201653_236_milestone4,milestone4,1787282266.731388330,target_map,2,2,2,predicted,12.683261,-0.366998,0.676530,4.394721,0.009183,-0.178849,0.151147,12.412154,2964.000,0,2.816260,2.816260,1.135691,1.054065
tracking_cdrone3_20260820_201653_236_milestone4,milestone4,1787282266.832133770,target_map,2,2,2,predicted,13.125988,-0.366073,0.658512,4.394721,0.009183,-0.178849,0.138283,12.412154,2964.000,0,2.917000,2.917000,1.170950,1.079250
tracking_cdrone3_20260820_201653_236_milestone4,milestone4,1787282266.931114435,target_map,2,2,2,predicted,13.561057,-0.365164,0.640807,4.394721,0.009183,-0.178849,0.125643,12.412154,2964.000,0,3.015999,3.015999,1.205600,1.104000
tracking_cdrone3_20260820_201653_236_milestone4,milestone4,1787282267.031160831,target_map,2,2,2,predicted,14.000703,-0.364245,0.622915,4.394721,0.009183,-0.178849,0.112869,12.412154,2964.000,0,3.116038,3.116038,1.240613,1.129009
tracking_cdrone3_20260820_201653_236_milestone4,milestone4,1787282267.137481928,target_map,2,2,2,predicted,14.467954,-0.363269,0.603899,4.394721,0.009183,-0.178849,0.099294,12.412154,2964.000,0,3.222359,3.222359,1.277826,1.155590
tracking_cdrone3_20260820_201653_236_milestone4,milestone4,1787282267.231167316,target_map,2,2,2,predicted,14.879697,-0.362409,0.587143,4.394721,0.009183,-0.178849,0.087331,12.412154,2964.000,0,3.316049,3.316049,1.310617,1.179012
tracking_cdrone3_20260820_201653_236_milestone4,milestone4,1787282267.331490040,target_map,2,2,2,predicted,15.320501,-0.361488,0.569204,4.394721,0.009183,-0.178849,0.074523,12.412154,2964.000,0,3.416353,3.416353,1.345723,1.204088
tracking_cdrone3_20260820_201653_236_milestone4,milestone4,1787282267.431303978,target_map,2,2,2,predicted,15.759198,-0.360571,0.551351,4.394721,0.009183,-0.178849,0.061777,12.412154,2964.000,0,3.516176,3.516176,1.380662,1.229044
tracking_cdrone3_20260820_201653_236_milestone4,milestone4,1787282267.531792402,target_map,2,2,2,predicted,16.200766,-0.359648,0.533380,4.394721,0.009183,-0.178849,0.048948,12.412154,2964.000,0,3.616653,3.616653,1.415829,1.254163
tracking_cdrone3_20260820_201653_236_milestone4,milestone4,1787282267.631263256,target_map,2,2,2,predicted,16.637875,-0.358735,0.515592,4.394721,0.009183,-0.178849,0.036248,12.412154,2964.000,0,3.716115,3.716115,1.450640,1.279029
tracking_cdrone3_20260820_201653_236_milestone4,milestone4,1787282267.731519938,target_map,2,2,2,predicted,17.078588,-0.357814,0.497656,4.394721,0.009183,-0.178849,0.023443,12.412154,2964.000,0,3.816398,3.816398,1.485739,1.304099
tracking_cdrone3_20260820_201653_236_milestone4,milestone4,1787282267.832109213,target_map,2,2,2,predicted,17.520418,-0.356891,0.479675,4.394721,0.009183,-0.178849,0.010606,12.412154,2964.000,0,3.916934,3.916934,1.520927,1.329234
tracking_cdrone3_20260820_201653_236_milestone4,milestone4,1787282267.931368589,target_map,2,2,2,predicted,17.956865,-0.355979,0.461914,4.394721,0.009183,-0.178849,0.000000,12.412154,2964.000,0,4.016246,4.016246,1.555686,1.354061
tracking_cdrone3_20260820_201653_236_milestone4,milestone4,1787282268.031394958,target_map,2,2,2,predicted,18.396427,-0.355061,0.444025,4.394721,0.009183,-0.178849,0.000000,12.412154,2964.000,0,4.116266,4.116266,1.590693,1.379067
tracking_cdrone3_20260820_201653_236_milestone4,milestone4,1787282268.131101370,target_map,2,2,2,predicted,18.834644,-0.354145,0.426191,4.394721,0.009183,-0.178849,0.000000,12.412154,2964.000,0,4.215981,4.215981,1.625593,1.403995
tracking_cdrone3_20260820_201653_236_milestone4,milestone4,1787282268.231509447,target_map,2,2,2,predicted,19.275833,-0.353223,0.408237,4.394721,0.009183,-0.178849,0.000000,12.412154,2964.000,0,4.316372,4.316372,1.660730,1.429093
tracking_cdrone3_20260820_201653_236_milestone4,milestone4,1787282268.335374117,target_map,2,2,2,predicted,19.732346,-0.352269,0.389658,4.394721,0.009183,-0.178849,0.000000,12.412154,2964.000,0,4.420249,4.420249,1.697087,1.455062
tracking_cdrone3_20260820_201653_236_milestone4,milestone4,1787282268.431329012,target_map,2,2,2,predicted,20.154037,-0.351388,0.372497,4.394721,0.009183,-0.178849,0.000000,12.412154,2964.000,0,4.516203,4.516203,1.730671,1.479051
tracking_cdrone3_20260820_201653_236_milestone4,milestone4,1787282268.531177759,target_map,2,2,2,predicted,20.592812,-0.350471,0.354640,4.394721,0.009183,-0.178849,0.000000,12.412154,2964.000,0,4.616045,4.616045,1.765616,1.504011
tracking_cdrone3_20260820_201653_236_milestone4,milestone4,1787282268.631764174,target_map,2,2,2,predicted,21.034864,-0.349548,0.336650,4.394721,0.009183,-0.178849,0.000000,12.412154,2964.000,0,4.716632,4.716632,1.800821,1.529158
tracking_cdrone3_20260820_201653_236_milestone4,milestone4,1787282268.665298462,raw,3,3,0,detected,-2.876171,1.034880,1.489630,0.000000,0.000000,0.000000,0.773438,9.526961,3617.875,0,0.000000,0.000000,0.000000,0.000000
tracking_cdrone3_20260820_201653_236_milestone4,milestone4,1787282268.731974602,target_map,2,2,2,predicted,21.475298,-0.348627,0.318726,4.394721,0.009183,-0.178849,0.000000,12.412154,2964.000,0,4.816851,4.816851,1.835898,1.554213
tracking_cdrone3_20260820_201653_236_milestone4,milestone4,1787282268.731974602,target_map,3,3,0,detected,-2.876171,1.034880,1.489630,0.000000,0.000000,0.000000,0.761080,9.526961,3617.875,0,0.063907,0.000000,0.172368,0.365977
tracking_cdrone3_20260820_201653_236_milestone4,milestone4,1787282268.831275225,target_map,2,2,2,predicted,21.911642,-0.347716,0.300969,4.394721,0.009183,-0.178849,0.000000,12.412154,2964.000,0,4.916139,4.916139,1.870649,1.579035
tracking_cdrone3_20260820_201653_236_milestone4,milestone4,1787282268.831275225,target_map,3,3,0,detected,-2.876171,1.034880,1.489630,0.000000,0.000000,0.000000,0.741882,9.526961,3617.875,0,0.163196,0.000000,0.207119,0.390799
tracking_cdrone3_20260820_201653_236_milestone4,milestone4,1787282268.911238194,raw,3,3,0,detected,-3.029864,1.054999,1.503653,-0.624916,0.081806,0.057021,0.814453,9.388711,2770.125,1,0.000000,0.000000,0.000000,0.000000
tracking_cdrone3_20260820_201653_236_milestone4,milestone4,1787282268.931384087,target_map,3,3,0,detected,-3.034247,1.055573,1.504053,-0.343704,0.044993,0.031361,0.811857,9.388711,2770.125,1,0.012752,0.000000,0.154463,0.353188
tracking_cdrone3_20260820_201653_236_milestone4,milestone4,1787282269.031381845,target_map,3,3,0,detected,-3.068613,1.060072,1.507189,-0.343704,0.044993,0.031361,0.791498,9.388711,2770.125,1,0.112739,0.000000,0.189459,0.378185
tracking_cdrone3_20260820_201653_236_milestone4,milestone4,1787282269.134118080,target_map,3,3,0,detected,-3.103919,1.064694,1.510411,-0.343704,0.044993,0.031361,0.770582,9.388711,2770.125,1,0.215462,0.000000,0.225412,0.403866
tracking_cdrone3_20260820_201653_236_milestone4,milestone4,1787282269.160767794,raw,3,3,0,detected,-3.036609,1.124732,1.398681,-0.027030,0.279451,-0.420669,0.813965,9.404883,3128.250,0,0.000000,0.000000,0.000000,0.000000
tracking_cdrone3_20260820_201653_236_milestone4,milestone4,1787282269.231335878,target_map,3,3,0,detected,-3.048000,1.136419,1.384084,-0.169533,0.173945,-0.217255,0.800293,9.404883,3128.250,0,0.067187,0.000000,0.173515,0.366797
tracking_cdrone3_20260820_201653_236_milestone4,milestone4,1787282269.331069469,target_map,3,3,0,detected,-3.064908,1.153768,1.362416,-0.169533,0.173945,-0.217255,0.779998,9.404883,3128.250,0,0.166922,0.000000,0.208423,0.391731
tracking_cdrone3_20260820_201653_236_milestone4,milestone4,1787282269.407359838,raw,3,3,0,detected,-2.853840,1.156996,1.388845,0.741213,0.130842,-0.039891,0.845703,9.612115,3324.750,0,0.000000,0.000000,0.000000,0.000000
tracking_cdrone3_20260820_201653_236_milestone4,milestone4,1787282269.432490587,target_map,3,3,0,detected,-2.850070,1.158705,1.387483,0.331377,0.150238,-0.119705,0.843298,9.612115,3324.750,0,0.011377,0.000000,0.153982,0.352844
tracking_cdrone3_20260820_201653_236_milestone4,milestone4,1787282269.531114340,target_map,3,3,0,detected,-2.817139,1.173635,1.375587,0.331377,0.150238,-0.119705,0.822287,9.612115,3324.750,0,0.110752,0.000000,0.188763,0.377688
tracking_cdrone3_20260820_201653_236_milestone4,milestone4,1787282269.631382227,target_map,3,3,0,detected,-2.783916,1.188697,1.363585,0.331377,0.150238,-0.119705,0.801090,9.612115,3324.750,0,0.211011,0.000000,0.223854,0.402753
tracking_cdrone3_20260820_201653_236_milestone4,milestone4,1787282269.653325081,raw,3,3,0,detected,-3.147122,1.112103,1.318439,-1.192362,-0.182515,-0.286238,0.840820,9.324533,3318.750,1,0.000000,0.000000,0.000000,0.000000
tracking_cdrone3_20260820_201653_236_milestone4,milestone4,1787282269.731445074,target_map,3,3,0,detected,-3.185344,1.109630,1.302500,-0.506679,-0.032776,-0.211298,0.824963,9.324533,3318.750,1,0.075438,0.000000,0.176403,0.368859
tracking_cdrone3_20260820_201653_236_milestone4,milestone4,1787282269.831547976,target_map,3,3,0,detected,-3.236074,1.106349,1.281344,-0.506679,-0.032776,-0.211298,0.803917,9.324533,3318.750,1,0.175559,0.000000,0.211446,0.393890
tracking_cdrone3_20260820_201653_236_milestone4,milestone4,1787282269.900418997,raw,3,3,0,detected,-3.253166,1.081192,1.361799,-0.429169,-0.125098,0.175481,0.791504,9.225442,3432.000,1,0.000000,0.000000,0.000000,0.000000
tracking_cdrone3_20260820_201653_236_milestone4,milestone4,1787282269.931219101,target_map,3,3,0,detected,-3.266129,1.078858,1.361839,-0.464049,-0.083553,0.001430,0.785976,9.225442,3432.000,1,0.027935,0.000000,0.159777,0.356984
tracking_cdrone3_20260820_201653_236_milestone4,milestone4,1787282270.031110525,target_map,3,3,0,detected,-3.312484,1.070512,1.361982,-0.464049,-0.083553,0.001430,0.766210,9.225442,3432.000,1,0.127827,0.000000,0.194739,0.381957
tracking_cdrone3_20260820_201653_236_milestone4,milestone4,1787282270.131489754,target_map,3,3,0,detected,-3.359054,1.062127,1.362126,-0.464049,-0.083553,0.001430,0.746352,9.225442,3432.000,1,0.228183,0.000000,0.229864,0.407046
tracking_cdrone3_20260820_201653_236_milestone4,milestone4,1787282270.167370558,raw,3,3,0,detected,-2.687844,1.107554,1.382086,2.117563,0.098745,0.075988,0.748535,9.797642,2925.375,0,0.000000,0.000000,0.000000,0.000000
tracking_cdrone3_20260820_201653_236_milestone4,milestone4,1787282270.232289553,target_map,3,3,0,detected,-2.634563,1.108485,1.384452,0.955838,0.016711,0.042437,0.738104,9.797642,2925.375,0,0.055743,0.000000,0.169510,0.363936
tracking_cdrone3_20260820_201653_236_milestone4,milestone4,1787282270.331616163,target_map,3,3,0,detected,-2.539643,1.110145,1.388666,0.955838,0.016711,0.042437,0.719520,9.797642,2925.375,0,0.155048,0.000000,0.204267,0.388762
tracking_cdrone3_20260820_201653_236_milestone4,milestone4,1787282270.417724848,raw,3,3,0,detected,-12.348233,-0.426216,0.729741,-38.587391,-6.126478,-2.605723,0.842773,0.009402,2427.750,1,0.000000,0.000000,0.000000,0.000000
tracking_cdrone3_20260820_201653_236_milestone4,milestone4,1787282270.431139708,target_map,3,3,0,detected,-12.376587,-0.431159,0.727754,-3.905811,-0.680892,-0.273700,0.841244,0.009402,2427.750,1,0.007259,0.000000,0.152541,0.351815
tracking_cdrone3_20260820_201653_236_milestone4,milestone4,1787282270.531378031,target_map,3,3,0,detected,-12.768048,-0.499401,0.700322,-3.905811,-0.680892,-0.273700,0.820127,0.009402,2427.750,1,0.107485,0.000000,0.187620,0.376871
tracking_cdrone3_20260820_201653_236_milestone4,milestone4,1787282270.631124973,target_map,3,3,0,detected,-13.157672,-0.567324,0.673019,-3.905811,-0.680892,-0.273700,0.799109,0.009402,2427.750,1,0.207240,0.000000,0.222534,0.401810
tracking_cdrone3_20260820_201653_236_milestone4,milestone4,1787282270.697031021,raw,3,3,0,detected,-12.357301,-0.426273,0.672839,-0.032465,-0.000205,-0.203729,0.768066,0.009669,2338.875,0,0.000000,0.000000,0.000000,0.000000
tracking_cdrone3_20260820_201653_236_milestone4,milestone4,1787282270.731316090,target_map,3,3,0,detected,-12.413647,-0.436001,0.665374,-1.775471,-0.306514,-0.235216,0.761973,0.009669,2338.875,0,0.031736,0.000000,0.161108,0.357934
tracking_cdrone3_20260820_201653_236_milestone4,milestone4,1787282270.831863880,target_map,3,3,0,detected,-12.592165,-0.466820,0.641724,-1.775471,-0.306514,-0.235216,0.742666,0.009669,2338.875,0,0.132283,0.000000,0.196299,0.383071
tracking_cdrone3_20260820_201653_236_milestone4,milestone4,1787282270.932087898,target_map,3,3,0,detected,-12.770076,-0.497534,0.618154,-1.775471,-0.306514,-0.235216,0.723425,0.009669,2338.875,0,0.232487,0.000000,0.231371,0.408122
tracking_cdrone3_20260820_201653_236_milestone4,milestone4,1787282270.951012850,raw,3,3,0,detected,-12.371611,-0.421600,0.588713,-0.056340,0.018399,-0.331227,0.849121,0.010218,2921.250,0,0.000000,0.000000,0.000000,0.000000
tracking_cdrone3_20260820_201653_236_milestone4,milestone4,1787282271.033232927,target_map,3,3,0,detected,-12.432010,-0.430901,0.567752,-0.829949,-0.127812,-0.288022,0.833673,0.010218,2921.250,0,0.072774,0.000000,0.175471,0.368194
tracking_cdrone3_20260820_201653_236_milestone4,milestone4,1787282271.131478548,target_map,3,3,0,detected,-12.513528,-0.443455,0.539463,-0.829949,-0.127812,-0.288022,0.812822,0.010218,2921.250,0,0.170995,0.000000,0.209848,0.392749
tracking_cdrone3_20260820_201653_236_milestone4,milestone4,1787282271.195314646,raw,3,3,0,detected,-12.381558,-0.415618,0.551063,-0.040718,0.024486,-0.154110,0.895996,0.009339,2821.500,0,0.000000,0.000000,0.000000,0.000000
tracking_cdrone3_20260820_201653_236_milestone4,milestone4,1787282271.231383562,target_map,3,3,0,detected,-12.394831,-0.417095,0.543876,-0.395872,-0.044048,-0.214371,0.888486,0.009339,2821.500,0,0.033527,0.000000,0.161734,0.358382
tracking_cdrone3_20260820_201653_236_milestone4,milestone4,1787282271.331434488,target_map,3,3,0,detected,-12.434437,-0.421502,0.522429,-0.395872,-0.044048,-0.214371,0.866076,0.009339,2821.500,0,0.133575,0.000000,0.196751,0.383394
tracking_cdrone3_20260820_201653_236_milestone4,milestone4,1787282271.431310654,target_map,3,3,0,detected,-12.473971,-0.425901,0.501021,-0.395872,-0.044048,-0.214371,0.843706,0.009339,2821.500,0,0.233440,0.000000,0.231704,0.408360
tracking_cdrone3_20260820_201653_236_milestone4,milestone4,1787282271.454931021,raw,3,3,0,detected,-3.696911,0.512622,1.428263,33.449574,3.575187,3.378600,0.903809,8.800045,2981.812,0,0.000000,0.000000,0.000000,0.000000
tracking_cdrone3_20260820_201653_236_milestone4,milestone4,1787282271.531350851,target_map,3,3,0,detected,-3.400689,0.544228,1.452615,4.175038,0.445459,0.343230,0.887777,8.800045,2981.812,0,0.070951,0.000000,0.174833,0.367738
tracking_cdrone3_20260820_201653_236_milestone4,milestone4,1787282271.631301880,target_map,3,3,0,detected,-2.983384,0.588752,1.486922,4.175038,0.445459,0.343230,0.865193,8.800045,2981.812,0,0.170903,0.000000,0.209816,0.392726
tracking_cdrone3_20260820_201653_236_milestone4,milestone4,1787282271.723875523,raw,3,3,0,detected,-3.654910,0.525211,1.412965,0.156179,0.046812,-0.056884,0.883301,8.871217,2973.438,0,0.000000,0.000000,0.000000,0.000000
tracking_cdrone3_20260820_201653_236_milestone4,milestone4,1787282271.733650446,target_map,3,3,0,detected,-3.640707,0.526846,1.413855,1.964666,0.226203,0.123167,0.881704,8.871217,2973.438,0,0.007229,0.000000,0.152530,0.351807
tracking_cdrone3_20260820_201653_236_milestone4,milestone4,1787282271.831109524,target_map,3,3,0,detected,-3.449212,0.548894,1.425861,1.964666,0.226203,0.123167,0.860181,8.871217,2973.438,0,0.104699,0.000000,0.186645,0.376175
tracking_cdrone3_20260820_201653_236_milestone4,milestone4,1787282271.931393862,target_map,3,3,0,detected,-3.252197,0.571578,1.438212,1.964666,0.226203,0.123167,0.838036,8.871217,2973.438,0,0.204978,0.000000,0.221742,0.401244
tracking_cdrone3_20260820_201653_236_milestone4,milestone4,1787282271.968446016,raw,3,3,0,detected,-3.699676,0.505615,1.378057,-0.183045,-0.080127,-0.142736,0.881348,8.840968,2890.000,1,0.000000,0.000000,0.000000,0.000000
tracking_cdrone3_20260820_201653_236_milestone4,milestone4,1787282272.031103611,target_map,3,3,0,detected,-3.652989,0.509055,1.376681,0.783425,0.057722,-0.023079,0.868217,8.840968,2890.000,1,0.059594,0.000000,0.170858,0.364898
tracking_cdrone3_20260820_201653_236_milestone4,milestone4,1787282272.131430864,target_map,3,3,0,detected,-3.574399,0.514845,1.374366,0.783425,0.057722,-0.023079,0.846114,8.840968,2890.000,1,0.159909,0.000000,0.205968,0.389977
tracking_cdrone3_20260820_201653_236_milestone4,milestone4,1787282272.210906029,raw,3,3,0,detected,-3.880413,0.416631,1.347194,-0.745449,-0.367013,-0.127293,0.876953,8.659291,3048.250,1,0.000000,0.000000,0.000000,0.000000
tracking_cdrone3_20260820_201653_236_milestone4,milestone4,1787282272.231376171,target_map,3,3,0,detected,-3.881319,0.413858,1.345927,-0.057455,-0.175882,-0.080397,0.873497,8.659291,3048.250,1,0.015766,0.000000,0.155518,0.353942
tracking_cdrone3_20260820_201653_236_milestone4,milestone4,1787282272.331635714,target_map,3,3,0,detected,-3.887077,0.396233,1.337870,-0.057455,-0.175882,-0.080397,0.851527,8.659291,3048.250,1,0.115977,0.000000,0.190592,0.378994
tracking_cdrone3_20260820_201653_236_milestone4,milestone4,1787282272.431167126,target_map,3,3,0,detected,-3.892798,0.378718,1.329864,-0.057455,-0.175882,-0.080397,0.829694,8.659291,3048.250,1,0.215562,0.000000,0.225447,0.403890
tracking_cdrone3_20260820_201653_236_milestone4,milestone4,1787282272.451408863,raw,3,3,0,detected,-3.907443,0.473814,1.420230,-0.112385,0.237756,0.303669,0.892578,8.655386,3116.750,0,0.000000,0.000000,0.000000,0.000000
tracking_cdrone3_20260820_201653_236_milestone4,milestone4,1787282272.531351805,target_map,3,3,0,detected,-3.914134,0.477754,1.430215,-0.087667,0.051619,0.130840,0.875549,8.655386,3116.750,0,0.076314,0.000000,0.176710,0.369079
tracking_cdrone3_20260820_201653_236_milestone4,milestone4,1787282272.631421566,target_map,3,3,0,detected,-3.922906,0.482919,1.443308,-0.087667,0.051619,0.130840,0.853221,8.655386,3116.750,0,0.176377,0.000000,0.211732,0.394094
tracking_cdrone3_20260820_201653_236_milestone4,milestone4,1787282272.695224762,raw,3,3,0,detected,-3.929127,0.509808,1.294399,-0.088939,0.147632,-0.516109,0.887207,8.630856,3298.000,1,0.000000,0.000000,0.000000,0.000000
tracking_cdrone3_20260820_201653_236_milestone4,milestone4,1787282272.736517668,target_map,3,3,0,detected,-3.932504,0.513799,1.285802,-0.088367,0.104426,-0.224982,0.878731,8.630856,3298.000,1,0.038213,0.000000,0.163375,0.359553
tracking_cdrone3_20260820_201653_236_milestone4,milestone4,1787282272.831095695,target_map,3,3,0,detected,-3.940862,0.523676,1.264522,-0.088367,0.104426,-0.224982,0.857753,8.630856,3298.000,1,0.132794,0.000000,0.196478,0.383199
tracking_cdrone3_20260820_201653_236_milestone4,milestone4,1787282272.931933641,target_map,3,3,0,detected,-3.949771,0.534203,1.241841,-0.088367,0.104426,-0.224982,0.835392,8.630856,3298.000,1,0.233610,0.000000,0.231763,0.408402
tracking_cdrone3_20260820_201653_236_milestone4,milestone4,1787282272.976151943,raw,3,3,0,detected,-12.453279,-0.344278,0.273844,-30.341610,-3.040110,-3.632650,0.895996,0.008665,3077.000,1,0.000000,0.000000,0.000000,0.000000
tracking_cdrone3_20260820_201653_236_milestone4,milestone4,1787282273.031146049,target_map,3,3,0,detected,-12.681763,-0.364516,0.241464,-4.387105,-0.388595,-0.621727,0.884330,0.008665,3077.000,1,0.052081,0.000000,0.168228,0.363020
tracking_cdrone3_20260820_201653_236_milestone4,milestone4,1787282273.131845951,target_map,3,3,0,detected,-13.123439,-0.403639,0.178871,-4.387105,-0.388595,-0.621727,0.861779,0.008665,3077.000,1,0.152757,0.000000,0.203465,0.388189
tracking_cdrone3_20260820_201653_236_milestone4,milestone4,1787282273.231456757,target_map,3,3,2,predicted,-13.560491,-0.442351,0.116934,-4.387105,-0.388595,-0.621727,0.839464,0.008665,3077.000,1,0.252378,0.252378,0.238332,0.413095
tracking_cdrone3_20260820_201653_236_milestone4,milestone4,1787282273.234163046,raw,3,3,0,detected,-12.453723,-0.340097,0.259357,-0.001719,0.016204,-0.056152,0.902344,0.008579,3059.000,0,0.000000,0.000000,0.000000,0.000000
tracking_cdrone3_20260820_201653_236_milestone4,milestone4,1787282273.331406355,target_map,3,3,0,detected,-12.640961,-0.355829,0.229907,-1.975142,-0.165955,-0.310661,0.880959,0.008579,3059.000,0,0.094797,0.000000,0.183179,0.373699
tracking_cdrone3_20260820_201653_236_milestone4,milestone4,1787282273.431159496,target_map,3,3,0,detected,-12.837994,-0.372385,0.198917,-1.975142,-0.165955,-0.310661,0.858455,0.008579,3059.000,0,0.194554,0.000000,0.218094,0.398638
tracking_cdrone3_20260820_201653_236_milestone4,milestone4,1787282273.483847141,raw,3,3,0,detected,-12.452691,-0.336411,0.248799,0.004134,0.014764,-0.042286,0.873047,0.008929,3016.562,0,0.000000,0.000000,0.000000,0.000000
tracking_cdrone3_20260820_201653_236_milestone4,milestone4,1787282273.531327963,target_map,3,3,0,detected,-12.492659,-0.339412,0.241448,-0.886540,-0.066560,-0.163055,0.863207,0.008929,3016.562,0,0.045082,0.000000,0.165779,0.361271
tracking_cdrone3_20260820_201653_236_milestone4,milestone4,1787282273.631325483,target_map,3,3,0,detected,-12.581308,-0.346067,0.225143,-0.886540,-0.066560,-0.163055,0.841382,0.008929,3016.562,0,0.145077,0.000000,0.200777,0.386269
tracking_cdrone3_20260820_201653_236_milestone4,milestone4,1787282273.731407642,target_map,3,3,0,detected,-12.670034,-0.352729,0.208824,-0.886540,-0.066560,-0.163055,0.819538,0.008929,3016.562,0,0.245159,0.000000,0.235806,0.411290
tracking_cdrone3_20260820_201653_236_milestone4,milestone4,1787282273.761818171,raw,3,3,0,detected,-12.455635,-0.331108,0.234570,-0.010592,0.019078,-0.051187,0.885254,0.008208,2916.562,0,0.000000,0.000000,0.000000,0.000000
tracking_cdrone3_20260820_201653_236_milestone4,milestone4,1787282273.831134558,target_map,3,3,0,detected,-12.482570,-0.332403,0.227814,-0.404769,-0.019459,-0.101527,0.870527,0.008208,2916.562,0,0.066544,0.000000,0.173290,0.366636
tracking_cdrone3_20260820_201653_236_milestone4,milestone4,1787282273.931594849,target_map,3,3,0,detected,-12.523230,-0.334358,0.217616,-0.404769,-0.019459,-0.101527,0.848295,0.008208,2916.562,0,0.166996,0.000000,0.208449,0.391749
tracking_cdrone3_20260820_201653_236_milestone4,milestone4,1787282274.024961233,raw,3,3,0,detected,-12.457946,-0.332051,0.221239,-0.008782,-0.003583,-0.050664,0.875000,0.008931,2754.562,0,0.000000,0.000000,0.000000,0.000000
tracking_cdrone3_20260820_201653_236_milestone4,milestone4,1787282274.031123161,target_map,3,3,0,detected,-12.458479,-0.332081,0.221029,-0.186976,-0.010727,-0.073553,0.874376,0.008931,2754.562,0,0.002851,0.000000,0.150998,0.350713
tracking_cdrone3_20260820_201653_236_milestone4,milestone4,1787282274.131327152,target_map,3,3,0,detected,-12.477213,-0.333156,0.213659,-0.186976,-0.010727,-0.073553,0.852459,0.008931,2754.562,0,0.103044,0.000000,0.186065,0.375761
tracking_cdrone3_20260820_201653_236_milestone4,milestone4,1787282274.231195450,target_map,3,3,0,detected,-12.495886,-0.334228,0.206314,-0.186976,-0.010727,-0.073553,0.830613,0.008931,2754.562,0,0.202914,0.000000,0.221020,0.400728
tracking_cdrone3_20260820_201653_236_milestone4,milestone4,1787282274.284711123,raw,3,3,0,detected,-4.101082,0.808713,1.595774,32.172081,4.391690,5.291657,0.885742,8.558440,3103.875,0,0.000000,0.000000,0.000000,0.000000
tracking_cdrone3_20260820_201653_236_milestone4,milestone4,1787282274.331226587,target_map,3,3,0,detected,-3.919258,0.833820,1.624850,4.218666,0.582532,0.674626,0.876198,8.558440,3103.875,0,0.043100,0.000000,0.165085,0.360775
tracking_cdrone3_20260820_201653_236_milestone4,milestone4,1787282274.431380272,target_map,3,3,0,detected,-3.496758,0.892161,1.692414,4.218666,0.582532,0.674626,0.854022,8.558440,3103.875,0,0.143250,0.000000,0.200137,0.385812
tracking_cdrone3_20260820_201653_236_milestone4,milestone4,1787282274.531253815,raw,3,3,0,detected,-3.922982,0.868531,1.715329,0.722376,0.242623,0.484917,0.879883,8.760578,3059.000,0,0.000000,0.000000,0.000000,0.000000
tracking_cdrone3_20260820_201653_236_milestone4,milestone4,1787282274.531384468,target_map,3,3,0,detected,-3.074885,0.950415,1.759878,4.218666,0.582532,0.674626,0.831878,8.558440,3103.875,0,0.243252,0.000000,0.235138,0.410813
tracking_cdrone3_20260820_201653_236_milestone4,milestone4,1787282274.631131649,target_map,3,3,0,detected,-3.703458,0.906358,1.769862,2.295707,0.395582,0.570286,0.858848,8.760578,3059.000,0,0.095623,0.000000,0.183468,0.373906
tracking_cdrone3_20260820_201653_236_milestone4,milestone4,1787282274.733111858,target_map,3,3,0,detected,-3.469373,0.946694,1.828012,2.295707,0.395582,0.570286,0.836419,8.760578,3059.000,0,0.197590,0.000000,0.219156,0.399397
tracking_cdrone3_20260820_201653_236_milestone4,milestone4,1787282274.799763441,raw,3,3,0,detected,-12.457466,-0.347410,0.192591,-31.785103,-4.528548,-5.671154,0.870117,0.008938,2930.188,1,0.000000,0.000000,0.000000,0.000000
tracking_cdrone3_20260820_201653_236_milestone4,milestone4,1787282274.832578182,target_map,3,3,0,detected,-12.541842,-0.358633,0.179411,-3.256537,-0.433145,-0.508730,0.864481,0.008938,2930.188,1,0.025909,0.000000,0.159068,0.356477
tracking_cdrone3_20260820_201653_236_milestone4,milestone4,1787282274.931092501,target_map,3,3,0,detected,-12.862661,-0.401304,0.129293,-3.256537,-0.433145,-0.508730,0.843051,0.008938,2930.188,1,0.124425,0.000000,0.193549,0.381106
tracking_cdrone3_20260820_201653_236_milestone4,milestone4,1787282275.031112194,target_map,3,3,0,detected,-13.188375,-0.444627,0.078410,-3.256537,-0.433145,-0.508730,0.821294,0.008938,2930.188,1,0.224443,0.000000,0.228555,0.406111
tracking_cdrone3_20260820_201653_236_milestone4,milestone4,1787282275.051198483,raw,3,3,0,detected,-12.458570,-0.350175,0.179747,-0.004389,-0.010996,-0.051087,0.867676,0.009076,3363.750,0,0.000000,0.000000,0.000000,0.000000
tracking_cdrone3_20260820_201653_236_milestone4,milestone4,1787282275.131294250,target_map,3,3,0,detected,-12.559154,-0.363946,0.162134,-1.467856,-0.200963,-0.257026,0.852812,0.009076,3363.750,0,0.068524,0.000000,0.173984,0.367131
tracking_cdrone3_20260820_201653_236_milestone4,milestone4,1787282275.231132507,target_map,3,3,0,detected,-12.705702,-0.384009,0.136473,-1.467856,-0.200963,-0.257026,0.831155,0.009076,3363.750,0,0.168363,0.000000,0.208927,0.392091
tracking_cdrone3_20260820_201653_236_milestone4,milestone4,1787282275.301784277,raw,3,3,0,detected,-12.464094,-0.346431,0.154024,-0.022047,0.014939,-0.102652,0.832520,0.008712,2987.625,0,0.000000,0.000000,0.000000,0.000000
tracking_cdrone3_20260820_201653_236_milestone4,milestone4,1787282275.331063271,target_map,3,3,0,detected,-12.480348,-0.348418,0.149865,-0.672661,-0.082217,-0.172121,0.827491,0.008712,2987.625,0,0.024163,0.000000,0.158457,0.356041
tracking_cdrone3_20260820_201653_236_milestone4,milestone4,1787282275.431430817,target_map,3,3,0,detected,-12.547853,-0.356669,0.132592,-0.672661,-0.082217,-0.172121,0.806604,0.008712,2987.625,0,0.124518,0.000000,0.193581,0.381129
tracking_cdrone3_20260820_201653_236_milestone4,milestone4,1787282275.531424761,target_map,3,3,0,detected,-12.615116,-0.364890,0.115380,-0.672661,-0.082217,-0.172121,0.785791,0.008712,2987.625,0,0.224515,0.000000,0.228580,0.406129
tracking_cdrone3_20260820_201653_236_milestone4,milestone4,1787282275.552234173,raw,3,3,0,detected,-12.469065,-0.337447,0.144786,-0.019843,0.035869,-0.036884,0.870605,0.009092,2953.500,0,0.000000,0.000000,0.000000,0.000000
tracking_cdrone3_20260820_201653_236_milestone4,milestone4,1787282275.631217241,target_map,3,3,0,detected,-12.492161,-0.338719,0.137587,-0.313611,-0.017270,-0.097740,0.854576,0.009092,2953.500,0,0.073646,0.000000,0.175776,0.368412
tracking_cdrone3_20260820_201653_236_milestone4,milestone4,1787282275.731164932,target_map,3,3,0,detected,-12.523506,-0.340445,0.127818,-0.313611,-0.017270,-0.097740,0.832822,0.009092,2953.500,0,0.173595,0.000000,0.210758,0.393399
tracking_cdrone3_20260820_201653_236_milestone4,milestone4,1787282275.801974297,raw,3,3,0,detected,-12.473268,-0.326005,0.135482,-0.016832,0.045820,-0.037255,0.888672,0.008910,3143.250,0,0.000000,0.000000,0.000000,0.000000
tracking_cdrone3_20260820_201653_236_milestone4,milestone4,1787282275.835384369,target_map,3,3,0,detected,-12.477447,-0.325521,0.133690,-0.150382,0.017429,-0.064474,0.882499,0.008910,3143.250,0,0.027787,0.000000,0.159725,0.356947
tracking_cdrone3_20260820_201653_236_milestone4,milestone4,1787282275.931233644,target_map,3,3,0,detected,-12.491861,-0.323850,0.127510,-0.150382,0.017429,-0.064474,0.861202,0.008910,3143.250,0,0.123643,0.000000,0.193275,0.380911
tracking_cdrone3_20260820_201653_236_milestone4,milestone4,1787282276.031398535,target_map,3,3,0,detected,-12.506923,-0.322104,0.121053,-0.150382,0.017429,-0.064474,0.838951,0.008910,3143.250,0,0.223800,0.000000,0.228330,0.405950
tracking_cdrone3_20260820_201653_236_milestone4,milestone4,1787282276.055769444,raw,3,3,0,detected,-12.478766,-0.317671,0.125700,-0.021666,0.032836,-0.038541,0.890625,0.008792,3344.000,0,0.000000,0.000000,0.000000,0.000000
tracking_cdrone3_20260820_201653_236_milestone4,milestone4,1787282276.131358147,target_map,3,3,0,detected,-12.484310,-0.315867,0.122203,-0.079588,0.025903,-0.050211,0.875117,0.008792,3344.000,0,0.069650,0.000000,0.174377,0.367412
tracking_cdrone3_20260820_201653_236_milestone4,milestone4,1787282276.231651306,target_map,3,3,0,detected,-12.492292,-0.313269,0.117167,-0.079588,0.025903,-0.050211,0.852786,0.008792,3344.000,0,0.169943,0.000000,0.209480,0.392486
tracking_cdrone3_20260820_201653_236_milestone4,milestone4,1787282276.296072245,raw,3,3,0,detected,-12.489582,-0.327453,0.120128,-0.045010,-0.040706,-0.023188,0.852051,0.008917,3259.625,0,0.000000,0.000000,0.000000,0.000000
tracking_cdrone3_20260820_201653_236_milestone4,milestone4,1787282276.332520485,target_map,3,3,0,detected,-12.491637,-0.327817,0.118929,-0.060570,-0.010732,-0.035348,0.844824,0.008917,3259.625,0,0.033928,0.000000,0.161875,0.358482
tracking_cdrone3_20260820_201653_236_milestone4,milestone4,1787282276.431802511,target_map,3,3,0,detected,-12.497650,-0.328883,0.115420,-0.060570,-0.010732,-0.035348,0.823677,0.008917,3259.625,0,0.133203,0.000000,0.196621,0.383301
tracking_cdrone3_20260820_201653_236_milestone4,milestone4,1787282276.531712055,target_map,3,3,0,detected,-12.503699,-0.329954,0.111890,-0.060570,-0.010732,-0.035348,0.802403,0.008917,3259.625,0,0.233072,0.000000,0.231575,0.408268
tracking_cdrone3_20260820_201653_236_milestone4,milestone4,1787282276.558869123,raw,3,3,0,detected,-3.848553,1.692924,1.209442,32.880424,7.687839,4.145002,0.825684,8.959064,2964.250,0,0.000000,0.000000,0.000000,0.000000
tracking_cdrone3_20260820_201653_236_milestone4,milestone4,1787282276.631392479,target_map,3,3,0,detected,-3.571270,1.757857,1.243579,4.225271,0.989463,0.520179,0.812137,8.959064,2964.250,0,0.065625,0.000000,0.172969,0.366406
tracking_cdrone3_20260820_201653_236_milestone4,milestone4,1787282276.731289625,target_map,3,3,0,detected,-3.149215,1.856693,1.295538,4.225271,0.989463,0.520179,0.791518,8.959064,2964.250,0,0.165513,0.000000,0.207930,0.391378
tracking_cdrone3_20260820_201653_236_milestone4,milestone4,1787282276.809552193,raw,3,3,0,detected,-12.508624,-0.339632,0.110021,-34.545567,-8.107993,-4.385659,0.676270,0.009281,4030.000,1,0.000000,0.000000,0.000000,0.000000
tracking_cdrone3_20260820_201653_236_milestone4,milestone4,1787282276.831377029,target_map,3,3,0,detected,-12.551101,-0.349620,0.104496,-2.349879,-0.552529,-0.305628,0.673213,0.009281,4030.000,1,0.018076,0.000000,0.156327,0.354519
tracking_cdrone3_20260820_201653_236_milestone4,milestone4,1787282276.931352854,target_map,3,3,0,detected,-12.786019,-0.404856,0.073942,-2.349879,-0.552529,-0.305628,0.656312,0.009281,4030.000,1,0.118047,0.000000,0.191316,0.379512
tracking_cdrone3_20260820_201653_236_milestone4,milestone4,1787282277.031458378,target_map,3,3,0,detected,-13.021264,-0.460169,0.043346,-2.349879,-0.552529,-0.305628,0.639386,0.009281,4030.000,1,0.218156,0.000000,0.226355,0.404539
tracking_cdrone3_20260820_201653_236_milestone4,milestone4,1787282277.045139074,raw,3,3,1,held,-12.756994,-0.404029,0.067505,-1.054238,-0.273340,-0.180463,0.676270,0.240729,4030.000,1,0.235592,0.235592,0.000000,0.000000
tracking_cdrone3_20260820_201653_236_milestone4,milestone4,1787282277.131071329,target_map,3,3,1,held,-12.889177,-0.436239,0.048388,-1.637277,-0.398975,-0.236787,0.622789,0.240729,4030.000,1,0.316325,0.000000,0.178257,0.370183
tracking_cdrone3_20260820_201653_236_milestone4,milestone4,1787282277.231126070,target_map,3,3,1,held,-13.052971,-0.476153,0.024700,-1.637277,-0.398975,-0.236787,0.605876,0.240729,4030.000,1,0.416365,0.000000,0.213271,0.395193
tracking_cdrone3_20260820_201653_236_milestone4,milestone4,1787282277.268951654,raw,3,3,1,held,-12.776576,-0.408281,0.059235,-0.087491,-0.018998,-0.036950,0.676270,0.240729,4030.000,1,0.459402,0.459402,0.000000,0.000000
tracking_cdrone3_20260820_201653_236_milestone4,milestone4,1787282277.335076094,target_map,3,3,1,held,-12.825691,-0.420169,0.051296,-0.784895,-0.189987,-0.126877,0.588020,0.240729,4030.000,1,0.521977,0.000000,0.171901,0.365644
tracking_cdrone3_20260820_201653_236_milestone4,milestone4,1787282277.431534290,target_map,3,3,1,held,-12.901433,-0.438503,0.039052,-0.784895,-0.189987,-0.126877,0.571705,0.240729,4030.000,1,0.618477,0.000000,0.205676,0.389769
tracking_cdrone3_20260820_201653_236_milestone4,milestone4,1787282277.531383276,target_map,3,3,2,predicted,-12.979809,-0.457474,0.026383,-0.784895,-0.189987,-0.126877,0.554823,0.240729,4030.000,1,0.718332,0.718332,0.240626,0.414733
tracking_cdrone3_20260820_201653_236_milestone4,milestone4,1787282277.631725073,target_map,3,3,2,predicted,-13.058522,-0.476527,0.013659,-0.784895,-0.189987,-0.126877,0.537868,0.240729,4030.000,1,0.818618,0.818618,0.275726,0.439804
tracking_cdrone3_20260820_201653_236_milestone4,milestone4,1787282277.704631567,raw,3,3,0,detected,-12.540012,-0.352001,0.094669,0.000000,0.000000,0.000000,0.676270,0.016895,4030.000,0,0.000000,0.000000,0.000000,0.000000
tracking_cdrone3_20260820_201653_236_milestone4,milestone4,1787282277.731141806,target_map,3,3,0,detected,-12.539962,-0.352001,0.094644,0.002579,0.000023,-0.001301,0.672966,0.016895,4030.000,0,0.019542,0.000000,0.156840,0.354885
tracking_cdrone3_20260820_201653_236_milestone4,milestone4,1787282277.831500769,target_map,3,3,0,detected,-12.539703,-0.351999,0.094513,0.002579,0.000023,-0.001301,0.656002,0.016895,4030.000,0,0.119881,0.000000,0.191958,0.379970
tracking_cdrone3_20260820_201653_236_milestone4,milestone4,1787282277.931767464,target_map,3,3,0,detected,-12.539445,-0.351996,0.094383,0.002579,0.000023,-0.001301,0.639049,0.016895,4030.000,0,0.220151,0.000000,0.227053,0.405038
tracking_cdrone3_20260820_201653_236_milestone4,milestone4,1787282277.936156988,raw,3,3,0,detected,3.826366,4.408014,0.871933,70.689705,20.559471,3.357159,0.676270,17.082870,4030.000,0,0.000000,0.000000,0.000000,0.000000
tracking_cdrone3_20260820_201653_236_milestone4,milestone4,1787282278.031148195,target_map,3,3,0,detected,4.207510,4.518837,0.889976,4.221711,1.227520,0.199855,0.661006,17.082870,4030.000,0,0.090282,0.000000,0.181599,0.372570
tracking_cdrone3_20260820_201653_236_milestone4,milestone4,1787282278.131073475,target_map,3,3,0,detected,4.629307,4.641480,0.909944,4.221711,1.227520,0.199855,0.644114,17.082870,4030.000,0,0.190193,0.000000,0.216568,0.397548
tracking_cdrone3_20260820_201653_236_milestone4,milestone4,1787282278.165984869,raw,3,3,0,detected,-12.548993,-0.343682,0.091211,-71.250092,-20.674891,-3.396962,0.676270,0.017319,4030.000,1,0.000000,0.000000,0.000000,0.000000
tracking_cdrone3_20260820_201653_236_milestone4,milestone4,1787282278.232498407,target_map,3,3,0,detected,-12.695720,-0.386187,0.084175,-2.321500,-0.672517,-0.111321,0.665584,0.017319,4030.000,1,0.063204,0.000000,0.172121,0.365801
tracking_cdrone3_20260820_201653_236_milestone4,milestone4,1787282278.331153393,target_map,3,3,0,detected,-12.924742,-0.452533,0.073193,-2.321500,-0.672517,-0.111321,0.648905,0.017319,4030.000,1,0.161856,0.000000,0.206650,0.390464
tracking_cdrone3_20260820_201653_236_milestone4,milestone4,1787282278.370887280,raw,3,3,1,held,-12.793263,-0.405693,0.080262,-1.192179,-0.302650,-0.053440,0.676270,0.232687,4030.000,1,0.204894,0.204894,0.000000,0.000000
tracking_cdrone3_20260820_201653_236_milestone4,milestone4,1787282278.431670189,target_map,3,3,1,held,-12.892722,-0.433131,0.075612,-1.700373,-0.469090,-0.079486,0.631739,0.232687,4030.000,1,0.263386,0.000000,0.170472,0.364623
tracking_cdrone3_20260820_201653_236_milestone4,milestone4,1787282278.531053066,target_map,3,3,1,held,-13.061728,-0.479755,0.067712,-1.700373,-0.469090,-0.079486,0.614935,0.232687,4030.000,1,0.362779,0.000000,0.205260,0.389471
tracking_cdrone3_20260820_201653_236_milestone4,milestone4,1787282278.615179777,raw,3,3,0,detected,-12.549141,-0.340153,0.090725,0.999199,0.268257,0.042828,0.676270,0.021207,4030.000,0,0.000000,0.000000,0.000000,0.000000
tracking_cdrone3_20260820_201653_236_milestone4,milestone4,1787282278.631219625,target_map,3,3,0,detected,-12.551081,-0.340725,0.090615,-0.215608,-0.063549,-0.012214,0.674748,0.021207,4030.000,0,0.008998,0.000000,0.153149,0.352250
tracking_cdrone3_20260820_201653_236_milestone4,milestone4,1787282278.731591702,target_map,3,3,0,detected,-12.572722,-0.347103,0.089389,-0.215608,-0.063549,-0.012214,0.657779,0.021207,4030.000,0,0.109370,0.000000,0.188279,0.377342
tracking_cdrone3_20260820_201653_236_milestone4,milestone4,1787282278.821182013,raw,3,3,0,detected,6.486410,5.651803,0.405332,92.417206,29.090824,1.527411,0.676270,19.980305,4030.000,0,0.000000,0.000000,0.000000,0.000000
tracking_cdrone3_20260820_201653_236_milestone4,milestone4,1787282278.831369400,target_map,3,3,0,detected,6.516274,5.661218,0.405798,4.099437,1.292353,0.063860,0.675038,19.980305,4030.000,0,0.007285,0.000000,0.152550,0.351821
tracking_cdrone3_20260820_201653_236_milestone4,milestone4,1787282278.931055784,target_map,3,3,0,detected,6.924963,5.790058,0.412164,4.099437,1.292353,0.063860,0.658183,19.980305,4030.000,0,0.106979,0.000000,0.187443,0.376745
tracking_cdrone3_20260820_201653_236_milestone4,milestone4,1787282279.031712770,target_map,3,3,0,detected,7.337525,5.920118,0.418591,4.099437,1.292353,0.063860,0.641168,19.980305,4030.000,0,0.207618,0.000000,0.222666,0.401904
tracking_cdrone3_20260820_201653_236_milestone4,milestone4,1787282279.033174276,raw,3,3,0,detected,5.402847,5.350070,0.238264,-5.111184,-1.423284,-0.788062,0.676270,18.855450,4030.000,1,0.000000,0.000000,0.000000,0.000000
tracking_cdrone3_20260820_201653_236_milestone4,milestone4,1787282279.131149292,target_map,3,3,0,detected,5.311440,5.331035,0.199986,-0.966404,-0.201248,-0.404697,0.660278,18.855450,4030.000,1,0.094585,0.000000,0.183105,0.373646
tracking_cdrone3_20260820_201653_236_milestone4,milestone4,1787282279.231356382,target_map,3,3,0,detected,5.214608,5.310870,0.159436,-0.966404,-0.201248,-0.404697,0.643338,18.855450,4030.000,1,0.194783,0.000000,0.218174,0.398696
tracking_cdrone3_20260820_201653_236_milestone4,milestone4,1787282279.256682396,raw,3,3,0,detected,3.053088,4.699987,0.114709,-10.513071,-2.908536,-0.552799,0.676270,16.418753,4030.000,1,0.000000,0.000000,0.000000,0.000000
tracking_cdrone3_20260820_201653_236_milestone4,milestone4,1787282279.331187248,target_map,3,3,0,detected,2.717732,4.609344,0.085640,-4.670147,-1.262286,-0.404813,0.664129,16.418753,4030.000,1,0.071808,0.000000,0.175133,0.367952
tracking_cdrone3_20260820_201653_236_milestone4,milestone4,1787282279.431573153,target_map,3,3,0,detected,2.249010,4.482654,0.045011,-4.670147,-1.262286,-0.404813,0.647161,16.418753,4030.000,1,0.172174,0.000000,0.210261,0.393043
tracking_cdrone3_20260820_201653_236_milestone4,milestone4,1787282279.474599838,raw,3,3,0,detected,-3.568984,2.639164,0.028239,-30.386753,-9.456517,-0.396787,0.676270,9.484365,4030.000,1,0.000000,0.000000,0.000000,0.000000
tracking_cdrone3_20260820_201653_236_milestone4,milestone4,1787282279.531433344,target_map,3,3,0,detected,-3.908762,2.538059,0.015461,-6.302497,-1.875380,-0.237021,0.667155,9.484365,4030.000,1,0.053912,0.000000,0.168869,0.363478
tracking_cdrone3_20260820_201653_236_milestone4,milestone4,1787282279.631427765,target_map,3,3,0,detected,-4.539062,2.350506,-0.008243,-6.302497,-1.875380,-0.237021,0.650247,9.484365,4030.000,1,0.153920,0.000000,0.203872,0.388480
tracking_cdrone3_20260820_201653_236_milestone4,milestone4,1787282279.731150866,target_map,3,3,2,predicted,-5.167684,2.163452,-0.031884,-6.302497,-1.875380,-0.237021,0.633384,9.484365,4030.000,1,0.253661,0.253661,0.238781,0.413415
tracking_cdrone3_20260820_201653_236_milestone4,milestone4,1787282279.831526995,target_map,3,3,2,predicted,-5.800219,1.975234,-0.055672,-6.302497,-1.875380,-0.237021,0.616416,9.484365,4030.000,1,0.354024,0.354024,0.273908,0.438506
tracking_cdrone3_20260820_201653_236_milestone4,milestone4,1787282279.930637836,raw,5,5,0,detected,-1.171835,-1.199775,0.584921,0.000000,0.000000,0.000000,0.811523,11.442532,6910.250,0,0.000000,0.000000,0.000000,0.000000
tracking_cdrone3_20260820_201653_236_milestone4,milestone4,1787282279.931372166,target_map,3,3,2,predicted,-6.429523,1.787978,-0.079339,-6.302497,-1.875380,-0.237021,0.599534,9.484365,4030.000,1,0.453874,0.453874,0.308856,0.463468
tracking_cdrone3_20260820_201653_236_milestone4,milestone4,1787282280.031408548,target_map,3,3,2,predicted,-7.060006,1.600370,-0.103050,-6.302497,-1.875380,-0.237021,0.582621,9.484365,4030.000,1,0.553911,0.553911,0.343869,0.488478
tracking_cdrone3_20260820_201653_236_milestone4,milestone4,1787282280.031408548,target_map,4,5,0,detected,-1.171835,-1.199775,0.584921,0.000000,0.000000,0.000000,0.792525,11.442532,6910.250,0,0.093642,0.000000,0.182775,0.373410
tracking_cdrone3_20260820_201653_236_milestone4,milestone4,1787282280.131418705,target_map,3,3,2,predicted,-7.690249,1.412834,-0.126751,-6.302497,-1.875380,-0.237021,0.565715,9.484365,4030.000,1,0.653910,0.653910,0.378868,0.513478
tracking_cdrone3_20260820_201653_236_milestone4,milestone4,1787282280.131418705,target_map,4,5,0,detected,-1.171835,-1.199775,0.584921,0.000000,0.000000,0.000000,0.772237,11.442532,6910.250,0,0.193641,0.000000,0.217774,0.398410
tracking_cdrone3_20260820_201653_236_milestone4,milestone4,1787282280.162966251,raw,5,5,0,detected,-6.274405,-0.819462,0.370978,-21.961170,1.636848,-0.920797,0.811523,6.321794,6910.250,1,0.000000,0.000000,0.000000,0.000000
tracking_cdrone3_20260820_201653_236_milestone4,milestone4,1787282280.231470108,target_map,3,3,2,predicted,-8.320915,1.225172,-0.150469,-6.302497,-1.875380,-0.237021,0.548797,9.484365,4030.000,1,0.753976,0.753976,0.413892,0.538494
tracking_cdrone3_20260820_201653_236_milestone4,milestone4,1787282280.231470108,target_map,4,5,0,detected,-6.551512,-0.798808,0.359359,-4.383998,0.326756,-0.183814,0.798700,6.321794,6910.250,1,0.063209,0.000000,0.172123,0.365802
tracking_cdrone3_20260820_201653_236_milestone4,milestone4,1787282280.332446098,target_map,3,3,2,predicted,-8.957314,1.035804,-0.174402,-6.302497,-1.875380,-0.237021,0.531725,9.484365,4030.000,1,0.854952,0.854952,0.449233,0.563738
tracking_cdrone3_20260820_201653_236_milestone4,milestone4,1787282280.332446098,target_map,4,5,0,detected,-6.994190,-0.765813,0.340798,-4.383998,0.326756,-0.183814,0.778214,6.321794,6910.250,1,0.164185,0.000000,0.207465,0.391046
tracking_cdrone3_20260820_201653_236_milestone4,milestone4,1787282280.392875910,raw,5,5,0,detected,-6.231718,-0.828495,0.358848,0.185685,-0.039295,-0.052764,0.811523,6.364852,6910.250,0,0.000000,0.000000,0.000000,0.000000
tracking_cdrone3_20260820_201653_236_milestone4,milestone4,1787282280.431842327,target_map,3,3,2,predicted,-9.583751,0.849401,-0.197961,-6.302497,-1.875380,-0.237021,0.514921,9.484365,4030.000,1,0.954347,0.954347,0.484021,0.588587
tracking_cdrone3_20260820_201653_236_milestone4,milestone4,1787282280.431842327,target_map,4,5,0,detected,-6.299847,-0.823927,0.354779,-1.870673,0.125428,-0.111737,0.804135,6.364852,6910.250,0,0.036419,0.000000,0.162747,0.359105
tracking_cdrone3_20260820_201653_236_milestone4,milestone4,1787282280.531138659,target_map,3,3,2,predicted,-10.209574,0.663180,-0.221497,-6.302497,-1.875380,-0.237021,0.498133,9.484365,4030.000,1,1.053644,1.053644,0.518775,0.613411
tracking_cdrone3_20260820_201653_236_milestone4,milestone4,1787282280.531138659,target_map,4,5,0,detected,-6.485600,-0.811473,0.343683,-1.870673,0.125428,-0.111737,0.783989,6.364852,6910.250,0,0.135717,0.000000,0.197501,0.383929
tracking_cdrone3_20260820_201653_236_milestone4,milestone4,1787282280.631815910,target_map,3,3,2,predicted,-10.843874,0.474437,-0.245351,-6.302497,-1.875380,-0.237021,0.481117,9.484365,4030.000,1,1.154287,1.154287,0.554000,0.638572
tracking_cdrone3_20260820_201653_236_milestone4,milestone4,1787282280.631815910,target_map,4,5,0,detected,-6.673870,-0.798849,0.332438,-1.870673,0.125428,-0.111737,0.763571,6.364852,6910.250,0,0.236360,0.000000,0.232726,0.409090
tracking_cdrone3_20260820_201653_236_milestone4,milestone4,1787282280.731599092,target_map,3,3,2,predicted,-11.472484,0.287387,-0.268992,-6.302497,-1.875380,-0.237021,0.464255,9.484365,4030.000,1,1.254027,1.254027,0.588909,0.663507
tracking_cdrone3_20260820_201653_236_milestone4,milestone4,1787282280.731599092,target_map,4,5,2,predicted,-6.860450,-0.786339,0.321293,-1.870673,0.125428,-0.111737,0.743335,6.364852,6910.250,0,0.336099,0.336099,0.267635,0.434025
tracking_cdrone3_20260820_201653_236_milestone4,milestone4,1787282280.831390858,target_map,3,3,2,predicted,-12.101864,0.100107,-0.292661,-6.302497,-1.875380,-0.237021,0.447371,9.484365,4030.000,1,1.353889,1.353889,0.623861,0.688472
tracking_cdrone3_20260820_201653_236_milestone4,milestone4,1787282280.831390858,target_map,4,5,2,predicted,-7.047259,-0.773814,0.310135,-1.870673,0.125428,-0.111737,0.723075,6.364852,6910.250,0,0.435961,0.435961,0.302587,0.458990
tracking_cdrone3_20260820_201653_236_milestone4,milestone4,1787282280.931055069,target_map,3,3,2,predicted,-12.730092,-0.086829,-0.316287,-6.302497,-1.875380,-0.237021,0.430519,9.484365,4030.000,1,1.453568,1.453568,0.658749,0.713392
tracking_cdrone3_20260820_201653_236_milestone4,milestone4,1787282280.931055069,target_map,4,5,2,predicted,-7.233727,-0.761311,0.298997,-1.870673,0.125428,-0.111737,0.702852,6.364852,6910.250,0,0.535641,0.535641,0.337474,0.483910
tracking_cdrone3_20260820_201653_236_milestone4,milestone4,1787282281.032201767,target_map,3,3,2,predicted,-13.367332,-0.276448,-0.340252,-6.302497,-1.875380,-0.237021,0.413424,9.484365,4030.000,1,1.554677,1.554677,0.694137,0.738669
tracking_cdrone3_20260820_201653_236_milestone4,milestone4,1787282281.032201767,target_map,4,5,2,predicted,-7.422869,-0.748629,0.287700,-1.870673,0.125428,-0.111737,0.682339,6.364852,6910.250,0,0.636750,0.636750,0.372862,0.509188
tracking_cdrone3_20260820_201653_236_milestone4,milestone4,1787282281.131379128,target_map,3,3,2,predicted,-13.992537,-0.462484,-0.363764,-6.302497,-1.875380,-0.237021,0.396653,9.484365,4030.000,1,1.653877,1.653877,0.728857,0.763469
tracking_cdrone3_20260820_201653_236_milestone4,milestone4,1787282281.131379128,target_map,4,5,2,predicted,-7.608439,-0.736187,0.276615,-1.870673,0.125428,-0.111737,0.662213,6.364852,6910.250,0,0.735950,0.735950,0.407582,0.533987
tracking_cdrone3_20260820_201653_236_milestone4,milestone4,1787282281.231752872,target_map,3,3,2,predicted,-14.625080,-0.650705,-0.387553,-6.302497,-1.875380,-0.237021,0.379685,9.484365,4030.000,1,1.754241,1.754241,0.763984,0.788560
tracking_cdrone3_20260820_201653_236_milestone4,milestone4,1787282281.231752872,target_map,4,5,2,predicted,-7.796186,-0.723598,0.265401,-1.870673,0.125428,-0.111737,0.641851,6.364852,6910.250,0,0.836313,0.836313,0.442710,0.559078
tracking_cdrone3_20260820_201653_236_milestone4,milestone4,1787282281.331071138,target_map,3,3,2,predicted,-15.251174,-0.837006,-0.411099,-6.302497,-1.875380,-0.237021,0.362889,9.484365,4030.000,1,1.853581,1.853581,0.798753,0.813395
tracking_cdrone3_20260820_201653_236_milestone4,milestone4,1787282281.331071138,target_map,4,5,2,predicted,-7.982020,-0.711138,0.254301,-1.870673,0.125428,-0.111737,0.621697,6.364852,6910.250,0,0.935654,0.935654,0.477479,0.583914
tracking_cdrone3_20260820_201653_236_milestone4,milestone4,1787282281.431607008,target_map,3,3,2,predicted,-15.882953,-1.024999,-0.434858,-6.302497,-1.875380,-0.237021,0.345942,9.484365,4030.000,1,1.953824,1.953824,0.833838,0.838456
tracking_cdrone3_20260820_201653_236_milestone4,milestone4,1787282281.431607008,target_map,4,5,2,predicted,-8.169541,-0.698565,0.243100,-1.870673,0.125428,-0.111737,0.601360,6.364852,6910.250,0,1.035897,1.035897,0.512564,0.608974
tracking_cdrone3_20260820_201653_236_milestone4,milestone4,1787282281.532358885,target_map,3,3,2,predicted,-16.519791,-1.214498,-0.458808,-6.302497,-1.875380,-0.237021,0.328858,9.484365,4030.000,1,2.054869,2.054869,0.869204,0.863717
tracking_cdrone3_20260820_201653_236_milestone4,milestone4,1787282281.532358885,target_map,4,5,2,predicted,-8.358564,-0.685891,0.231810,-1.870673,0.125428,-0.111737,0.580860,6.364852,6910.250,0,1.136942,1.136942,0.547930,0.634236
tracking_cdrone3_20260820_201653_236_milestone4,milestone4,1787282281.631715775,target_map,3,3,2,predicted,-17.145939,-1.400815,-0.482356,-6.302497,-1.875380,-0.237021,0.312061,9.484365,4030.000,1,2.154218,2.154218,0.903976,0.888555
tracking_cdrone3_20260820_201653_236_milestone4,milestone4,1787282281.631715775,target_map,4,5,2,predicted,-8.544415,-0.673430,0.220709,-1.870673,0.125428,-0.111737,0.560704,6.364852,6910.250,0,1.236291,1.236291,0.582702,0.659073
tracking_cdrone3_20260820_201653_236_milestone4,milestone4,1787282281.731543779,target_map,3,3,2,predicted,-17.775099,-1.588029,-0.506017,-6.302497,-1.875380,-0.237021,0.295184,9.484365,4030.000,1,2.254045,2.254045,0.938916,0.913511
tracking_cdrone3_20260820_201653_236_milestone4,milestone4,1787282281.731543779,target_map,4,5,2,predicted,-8.731158,-0.660909,0.209555,-1.870673,0.125428,-0.111737,0.540451,6.364852,6910.250,0,1.336118,1.336118,0.617641,0.684030
tracking_cdrone3_20260820_201653_236_milestone4,milestone4,1787282281.831439734,target_map,3,3,2,predicted,-18.404659,-1.775362,-0.529693,-6.302497,-1.875380,-0.237021,0.278296,9.484365,4030.000,1,2.353936,2.353936,0.973878,0.938484
tracking_cdrone3_20260820_201653_236_milestone4,milestone4,1787282281.831439734,target_map,4,5,2,predicted,-8.918020,-0.648380,0.198393,-1.870673,0.125428,-0.111737,0.520185,6.364852,6910.250,0,1.436009,1.436009,0.652603,0.709002
tracking_cdrone3_20260820_201653_236_milestone4,milestone4,1787282281.931208372,target_map,3,3,2,predicted,-19.033497,-1.962480,-0.553342,-6.302497,-1.875380,-0.237021,0.261427,9.484365,4030.000,1,2.453712,2.453712,1.008799,0.963428
tracking_cdrone3_20260820_201653_236_milestone4,milestone4,1787282281.931208372,target_map,4,5,2,predicted,-9.104669,-0.635865,0.187245,-1.870673,0.125428,-0.111737,0.499942,6.364852,6910.250,0,1.535785,1.535785,0.687525,0.733946
tracking_cdrone3_20260820_201653_236_milestone4,milestone4,1787282282.031399488,target_map,3,3,2,predicted,-19.664236,-2.150163,-0.577063,-6.302497,-1.875380,-0.237021,0.244507,9.484365,4030.000,1,2.553790,2.553790,1.043826,0.988447
tracking_cdrone3_20260820_201653_236_milestone4,milestone4,1787282282.031399488,target_map,4,5,2,predicted,-9.291882,-0.623313,0.176062,-1.870673,0.125428,-0.111737,0.479638,6.364852,6910.250,0,1.635862,1.635862,0.722552,0.758966
tracking_cdrone3_20260820_201653_236_milestone4,milestone4,1787282282.131469727,target_map,3,3,2,predicted,-20.295588,-2.338029,-0.600806,-6.302497,-1.875380,-0.237021,0.227571,9.484365,4030.000,1,2.653965,2.653965,1.078888,1.013491
tracking_cdrone3_20260820_201653_236_milestone4,milestone4,1787282282.131469727,target_map,4,5,2,predicted,-9.479276,-0.610748,0.164869,-1.870673,0.125428,-0.111737,0.459315,6.364852,6910.250,0,1.736037,1.736037,0.757613,0.784009
tracking_cdrone3_20260820_201653_236_milestone4,milestone4,1787282282.231559277,target_map,3,3,2,predicted,-20.926161,-2.525664,-0.624521,-6.302497,-1.875380,-0.237021,0.210655,9.484365,4030.000,1,2.754016,2.754016,1.113906,1.038504
tracking_cdrone3_20260820_201653_236_milestone4,milestone4,1787282282.231559277,target_map,4,5,2,predicted,-9.666439,-0.598199,0.153690,-1.870673,0.125428,-0.111737,0.439016,6.364852,6910.250,0,1.836089,1.836089,0.792631,0.809022
tracking_cdrone3_20260820_201653_236_milestone4,milestone4,1787282282.331523895,target_map,3,3,2,predicted,-21.556360,-2.713187,-0.648221,-6.302497,-1.875380,-0.237021,0.193750,9.484365,4030.000,1,2.854008,2.854008,1.148903,1.063502
tracking_cdrone3_20260820_201653_236_milestone4,milestone4,1787282282.331523895,target_map,4,5,2,predicted,-9.853491,-0.585657,0.142517,-1.870673,0.125428,-0.111737,0.418730,6.364852,6910.250,0,1.936080,1.936080,0.827628,0.834020
tracking_cdrone3_20260820_201653_236_milestone4,milestone4,1787282282.433292389,target_map,3,3,2,predicted,-22.197866,-2.904074,-0.672346,-6.302497,-1.875380,-0.237021,0.176541,9.484365,4030.000,1,2.955794,2.955794,1.184528,1.088948
tracking_cdrone3_20260820_201653_236_milestone4,milestone4,1787282282.433292389,target_map,4,5,2,predicted,-10.043900,-0.572890,0.131144,-1.870673,0.125428,-0.111737,0.398079,6.364852,6910.250,0,2.037867,2.037867,0.863253,0.859467
tracking_cdrone3_20260820_201653_236_milestone4,milestone4,1787282282.531244755,target_map,3,3,2,predicted,-22.815134,-3.087749,-0.695560,-6.302497,-1.875380,-0.237021,0.159983,9.484365,4030.000,1,3.053734,3.053734,1.218807,1.113433
tracking_cdrone3_20260820_201653_236_milestone4,milestone4,1787282282.531244755,target_map,4,5,2,predicted,-10.227114,-0.560606,0.120200,-1.870673,0.125428,-0.111737,0.378209,6.364852,6910.250,0,2.135807,2.135807,0.897532,0.883952
tracking_cdrone3_20260820_201653_236_milestone4,milestone4,1787282282.633826256,target_map,3,3,2,predicted,-23.461689,-3.280139,-0.719875,-6.302497,-1.875380,-0.237021,0.142639,9.484365,4030.000,1,3.156321,3.156321,1.254712,1.139080
tracking_cdrone3_20260820_201653_236_milestone4,milestone4,1787282282.633826256,target_map,4,5,2,predicted,-10.419021,-0.547739,0.108737,-1.870673,0.125428,-0.111737,0.357396,6.364852,6910.250,0,2.238394,2.238394,0.933438,0.909598
tracking_cdrone3_20260820_201653_236_milestone4,milestone4,1787282282.731513023,target_map,3,3,2,predicted,-24.077408,-3.463354,-0.743031,-6.302497,-1.875380,-0.237021,0.126122,9.484365,4030.000,1,3.254016,3.254016,1.288906,1.163504
tracking_cdrone3_20260820_201653_236_milestone4,milestone4,1787282282.731513023,target_map,4,5,2,predicted,-10.601775,-0.535485,0.097821,-1.870673,0.125428,-0.111737,0.337576,6.364852,6910.250,0,2.336088,2.336088,0.967631,0.934022
tracking_cdrone3_20260820_201653_236_milestone4,milestone4,1787282282.831202269,target_map,3,3,2,predicted,-24.705681,-3.650304,-0.766659,-6.302497,-1.875380,-0.237021,0.109268,9.484365,4030.000,1,3.353702,3.353702,1.323796,1.188426
tracking_cdrone3_20260820_201653_236_milestone4,milestone4,1787282282.831202269,target_map,4,5,2,predicted,-10.788256,-0.522982,0.086683,-1.870673,0.125428,-0.111737,0.317351,6.364852,6910.250,0,2.435775,2.435775,1.002521,0.958944
tracking_cdrone3_20260820_201653_236_milestone4,milestone4,1787282282.931501865,target_map,3,3,2,predicted,-25.337843,-3.838410,-0.790433,-6.302497,-1.875380,-0.237021,0.092310,9.484365,4030.000,1,3.454005,3.454005,1.358902,1.213501
tracking_cdrone3_20260820_201653_236_milestone4,milestone4,1787282282.931501865,target_map,4,5,2,predicted,-10.975890,-0.510401,0.075475,-1.870673,0.125428,-0.111737,0.297002,6.364852,6910.250,0,2.536078,2.536078,1.037627,0.984020
tracking_cdrone3_20260820_201653_236_milestone4,milestone4,1787282283.031710386,target_map,3,3,2,predicted,-25.969246,-4.026292,-0.814178,-6.302497,-1.875380,-0.237021,0.075372,9.484365,4030.000,1,3.554188,3.554188,1.393966,1.238547
tracking_cdrone3_20260820_201653_236_milestone4,milestone4,1787282283.031710386,target_map,4,5,2,predicted,-11.163301,-0.497835,0.064281,-1.870673,0.125428,-0.111737,0.276677,6.364852,6910.250,0,2.636261,2.636261,1.072691,1.009065
tracking_cdrone3_20260820_201653_236_milestone4,milestone4,1787282283.131392479,target_map,3,3,2,predicted,-26.597633,-4.213275,-0.837810,-6.302497,-1.875380,-0.237021,0.058515,9.484365,4030.000,1,3.653893,3.653893,1.428862,1.263473
tracking_cdrone3_20260820_201653_236_milestone4,milestone4,1787282283.131392479,target_map,4,5,2,predicted,-11.349814,-0.485329,0.053140,-1.870673,0.125428,-0.111737,0.256448,6.364852,6910.250,0,2.735965,2.735965,1.107588,1.033991
tracking_cdrone3_20260820_201653_236_milestone4,milestone4,1787282283.231154203,target_map,3,3,2,predicted,-27.226389,-4.400369,-0.861456,-6.302497,-1.875380,-0.237021,0.041649,9.484365,4030.000,1,3.753656,3.753656,1.463780,1.288414
tracking_cdrone3_20260820_201653_236_milestone4,milestone4,1787282283.231154203,target_map,4,5,2,predicted,-11.536439,-0.472816,0.041993,-1.870673,0.125428,-0.111737,0.236208,6.364852,6910.250,0,2.835729,2.835729,1.142505,1.058932
tracking_cdrone3_20260820_201653_236_milestone4,milestone4,1787282283.331368923,target_map,3,3,2,predicted,-27.857983,-4.588307,-0.885209,-6.302497,-1.875380,-0.237021,0.024706,9.484365,4030.000,1,3.853869,3.853869,1.498854,1.313467
tracking_cdrone3_20260820_201653_236_milestone4,milestone4,1787282283.331368923,target_map,4,5,2,predicted,-11.723905,-0.460247,0.030796,-1.870673,0.125428,-0.111737,0.215877,6.364852,6910.250,0,2.935942,2.935942,1.177580,1.083985
tracking_cdrone3_20260820_201653_236_milestone4,milestone4,1787282283.431455851,target_map,3,3,2,predicted,-28.488714,-4.775989,-0.908929,-6.302497,-1.875380,-0.237021,0.007786,9.484365,4030.000,1,3.953946,3.953946,1.533881,1.338486
tracking_cdrone3_20260820_201653_236_milestone4,milestone4,1787282283.431455851,target_map,4,5,2,predicted,-11.911116,-0.447694,0.019614,-1.870673,0.125428,-0.111737,0.195573,6.364852,6910.250,0,3.036018,3.036018,1.212606,1.109005
tracking_cdrone3_20260820_201653_236_milestone4,milestone4,1787282283.531157970,target_map,3,3,2,predicted,-29.117149,-4.962986,-0.932563,-6.302497,-1.875380,-0.237021,0.000000,9.484365,4030.000,1,4.053658,4.053658,1.568780,1.363414
tracking_cdrone3_20260820_201653_236_milestone4,milestone4,1787282283.531157970,target_map,4,5,2,predicted,-12.097644,-0.435188,0.008472,-1.870673,0.125428,-0.111737,0.175344,6.364852,6910.250,0,3.135730,3.135730,1.247506,1.133933
tracking_cdrone3_20260820_201653_236_milestone4,milestone4,1787282283.631061316,target_map,3,3,2,predicted,-29.746834,-5.150356,-0.956244,-6.302497,-1.875380,-0.237021,0.000000,9.484365,4030.000,1,4.153568,4.153568,1.603749,1.388392
tracking_cdrone3_20260820_201653_236_milestone4,milestone4,1787282283.631061316,target_map,4,5,2,predicted,-12.284543,-0.422656,-0.002691,-1.870673,0.125428,-0.111737,0.155074,6.364852,6910.250,0,3.235641,3.235641,1.282474,1.158910
tracking_cdrone3_20260820_201653_236_milestone4,milestone4,1787282283.731837511,target_map,3,3,2,predicted,-30.381910,-5.339331,-0.980127,-6.302497,-1.875380,-0.237021,0.000000,9.484365,4030.000,1,4.254333,4.254333,1.639017,1.413583
tracking_cdrone3_20260820_201653_236_milestone4,milestone4,1787282283.731837511,target_map,4,5,2,predicted,-12.473043,-0.410017,-0.013951,-1.870673,0.125428,-0.111737,0.134630,6.364852,6910.250,0,3.336406,3.336406,1.317742,1.184102
tracking_cdrone3_20260820_201653_236_milestone4,milestone4,1787282283.831157684,target_map,3,3,2,predicted,-31.007936,-5.525612,-1.003671,-6.302497,-1.875380,-0.237021,0.000000,9.484365,4030.000,1,4.353663,4.353663,1.673782,1.438416
tracking_cdrone3_20260820_201653_236_milestone4,milestone4,1787282283.831157684,target_map,4,5,2,predicted,-12.658857,-0.397559,-0.025050,-1.870673,0.125428,-0.111737,0.114478,6.364852,6910.250,0,3.435736,3.435736,1.352508,1.208934
tracking_cdrone3_20260820_201653_236_milestone4,milestone4,1787282283.932387829,target_map,3,3,2,predicted,-31.645876,-5.715438,-1.027662,-6.302497,-1.875380,-0.237021,0.000000,9.484365,4030.000,1,4.454884,4.454884,1.709209,1.463721
tracking_cdrone3_20260820_201653_236_milestone4,milestone4,1787282283.932387829,target_map,4,5,2,predicted,-12.848207,-0.384863,-0.036360,-1.870673,0.125428,-0.111737,0.093943,6.364852,6910.250,0,3.536957,3.536957,1.387935,1.234239
tracking_cdrone3_20260820_201653_236_milestone4,milestone4,1787282284.032206297,target_map,3,3,2,predicted,-32.274998,-5.902641,-1.051322,-6.302497,-1.875380,-0.237021,0.000000,9.484365,4030.000,1,4.554705,4.554705,1.744147,1.488676
tracking_cdrone3_20260820_201653_236_milestone4,milestone4,1787282284.032206297,target_map,4,5,2,predicted,-13.034939,-0.372343,-0.047513,-1.870673,0.125428,-0.111737,0.073691,6.364852,6910.250,0,3.636778,3.636778,1.422872,1.259194
tracking_cdrone3_20260820_201653_236_milestone4,milestone4,1787282284.131393433,target_map,3,3,2,predicted,-32.900108,-6.088650,-1.074830,-6.302497,-1.875380,-0.237021,0.000000,9.484365,4030.000,1,4.653890,4.653890,1.778861,1.513472
tracking_cdrone3_20260820_201653_236_milestone4,milestone4,1787282284.131393433,target_map,4,5,2,predicted,-13.220482,-0.359902,-0.058596,-1.870673,0.125428,-0.111737,0.053568,6.364852,6910.250,0,3.735962,3.735962,1.457587,1.283991
tracking_cdrone3_20260820_201653_236_milestone4,milestone4,1787282284.232227087,target_map,3,3,2,predicted,-33.535522,-6.277724,-1.098727,-6.302497,-1.875380,-0.237021,0.000000,9.484365,4030.000,1,4.754709,4.754709,1.814148,1.538677
tracking_cdrone3_20260820_201653_236_milestone4,milestone4,1787282284.232227087,target_map,4,5,2,predicted,-13.409081,-0.347257,-0.069861,-1.870673,0.125428,-0.111737,0.033114,6.364852,6910.250,0,3.836782,3.836782,1.492874,1.309195
tracking_cdrone3_20260820_201653_236_milestone4,milestone4,1787282284.331572771,target_map,3,3,2,predicted,-34.161697,-6.464050,-1.122276,-6.302497,-1.875380,-0.237021,0.000000,9.484365,4030.000,1,4.854062,4.854062,1.848922,1.563516
tracking_cdrone3_20260820_201653_236_milestone4,milestone4,1787282284.331572771,target_map,4,5,2,predicted,-13.594939,-0.334795,-0.080962,-1.870673,0.125428,-0.111737,0.012957,6.364852,6910.250,0,3.936135,3.936135,1.527647,1.334034
tracking_cdrone3_20260820_201653_236_milestone4,milestone4,1787282284.432501793,target_map,3,3,2,predicted,-34.797558,-6.653258,-1.146189,-6.302497,-1.875380,-0.237021,0.000000,9.484365,4030.000,1,4.954953,4.954953,1.884233,1.588738
tracking_cdrone3_20260820_201653_236_milestone4,milestone4,1787282284.432501793,target_map,4,5,2,predicted,-13.783672,-0.322140,-0.092235,-1.870673,0.125428,-0.111737,0.000000,6.364852,6910.250,0,4.037025,4.037025,1.562959,1.359256
tracking_cdrone3_20260820_201653_236_milestone4,milestone4,1787282284.531375170,target_map,4,5,2,predicted,-13.968720,-0.309733,-0.103289,-1.870673,0.125428,-0.111737,0.000000,6.364852,6910.250,0,4.135946,4.135946,1.597581,1.383987
tracking_cdrone3_20260820_201653_236_milestone4,milestone4,1787282284.631185293,target_map,4,5,2,predicted,-14.155438,-0.297214,-0.114441,-1.870673,0.125428,-0.111737,0.000000,6.364852,6910.250,0,4.235760,4.235760,1.632516,1.408940
tracking_cdrone3_20260820_201653_236_milestone4,milestone4,1787282284.731366634,target_map,4,5,2,predicted,-14.342846,-0.284648,-0.125635,-1.870673,0.125428,-0.111737,0.000000,6.364852,6910.250,0,4.335941,4.335941,1.667579,1.433985
tracking_cdrone3_20260820_201653_236_milestone4,milestone4,1787282284.831702948,target_map,4,5,2,predicted,-14.530502,-0.272066,-0.136844,-1.870673,0.125428,-0.111737,0.000000,6.364852,6910.250,0,4.436256,4.436256,1.702690,1.459064
tracking_cdrone3_20260820_201653_236_milestone4,milestone4,1787282284.931358337,target_map,4,5,2,predicted,-14.716963,-0.259564,-0.147982,-1.870673,0.125428,-0.111737,0.000000,6.364852,6910.250,0,4.535932,4.535932,1.737576,1.483983
tracking_cdrone3_20260820_201653_236_milestone4,milestone4,1787282285.031070232,target_map,4,5,2,predicted,-14.903502,-0.247056,-0.159124,-1.870673,0.125428,-0.111737,0.000000,6.364852,6910.250,0,4.635650,4.635650,1.772477,1.508912
tracking_cdrone3_20260820_201653_236_milestone4,milestone4,1787282285.131257296,target_map,4,5,2,predicted,-15.090918,-0.234490,-0.170318,-1.870673,0.125428,-0.111737,0.000000,6.364852,6910.250,0,4.735836,4.735836,1.807543,1.533959
tracking_cdrone3_20260820_201653_236_milestone4,milestone4,1787282285.231273174,target_map,4,5,2,predicted,-15.277992,-0.221947,-0.181492,-1.870673,0.125428,-0.111737,0.000000,6.364852,6910.250,0,4.835840,4.835840,1.842544,1.558960
tracking_cdrone3_20260820_201653_236_milestone4,milestone4,1787282285.331392050,target_map,4,5,2,predicted,-15.465289,-0.209389,-0.192680,-1.870673,0.125428,-0.111737,0.000000,6.364852,6910.250,0,4.935963,4.935963,1.877587,1.583991
