run_id,experiment_tag,timestamp_s,sample_kind,track_id,detector_track_id,source,source_label,x_m,y_m,z_m,vx_mps,vy_mps,vz_mps,confidence,distance_m,bbox_area_px,inbound,last_observed_age_s,prediction_horizon_s,position_uncertainty_m,velocity_uncertainty_mps
tracking_cdrone3_20260822_200257_514_milestone4,milestone4,1787454177.531499147,target_map,1,1,0,detected,3.154106,3.894563,0.209058,-0.007538,-0.006944,-0.000801,0.616184,15.335760,479.750,0,0.034740,0.000000,0.162159,0.358685
tracking_cdrone3_20260822_200257_514_milestone4,milestone4,1787454177.531499147,target_map,2,2,0,detected,0.522485,-2.537040,0.269233,0.022390,-0.010146,-0.007182,0.509211,12.700358,312.000,0,0.034740,0.000000,0.162159,0.358685
tracking_cdrone3_20260822_200257_514_milestone4,milestone4,1787454177.616836786,raw,1,1,0,detected,3.171745,3.901297,0.214312,0.140178,0.052371,0.042152,0.626953,15.354197,475.000,0,0.000000,0.000000,0.000000,0.000000
tracking_cdrone3_20260822_200257_514_milestone4,milestone4,1787454177.616836786,raw,2,2,0,detected,0.512641,-2.533645,0.273204,-0.073132,0.024540,0.030020,0.542969,12.690906,331.500,1,0.000000,0.000000,0.000000,0.000000
tracking_cdrone3_20260822_200257_514_milestone4,milestone4,1787454177.630777121,target_map,1,1,0,detected,3.172529,3.901570,0.214554,0.073706,0.025679,0.022823,0.625287,15.354197,475.000,0,0.010632,0.000000,0.153721,0.352658
tracking_cdrone3_20260822_200257_514_milestone4,milestone4,1787454177.630777121,target_map,2,2,0,detected,0.512320,-2.533550,0.273346,-0.030147,0.008931,0.013279,0.541526,12.690906,331.500,1,0.010632,0.000000,0.153721,0.352658
tracking_cdrone3_20260822_200257_514_milestone4,milestone4,1787454177.731837273,target_map,1,1,0,detected,3.179976,3.904164,0.216860,0.073706,0.025679,0.022823,0.609449,15.354197,475.000,0,0.111677,0.000000,0.189087,0.377919
tracking_cdrone3_20260822_200257_514_milestone4,milestone4,1787454177.731837273,target_map,2,2,0,detected,0.509274,-2.532648,0.274687,-0.030147,0.008931,0.013279,0.527809,12.690906,331.500,1,0.111677,0.000000,0.189087,0.377919
tracking_cdrone3_20260822_200257_514_milestone4,milestone4,1787454177.754433393,raw,1,1,0,detected,3.153226,3.893102,0.204404,-0.134596,-0.059557,-0.072007,0.636230,15.334262,515.000,1,0.000000,0.000000,0.000000,0.000000
tracking_cdrone3_20260822_200257_514_milestone4,milestone4,1787454177.754433393,raw,2,2,0,detected,0.591954,-2.555777,0.270723,0.576439,-0.160852,-0.018034,0.510742,12.773210,312.000,0,0.000000,0.000000,0.000000,0.000000
tracking_cdrone3_20260822_200257_514_milestone4,milestone4,1787454177.830999613,target_map,1,1,0,detected,3.150239,3.891552,0.202259,-0.040860,-0.021201,-0.029333,0.624601,15.334262,515.000,1,0.073117,0.000000,0.175591,0.368279
tracking_cdrone3_20260822_200257_514_milestone4,milestone4,1787454177.830999613,target_map,2,2,0,detected,0.614143,-2.561952,0.270435,0.303475,-0.084449,-0.003943,0.501406,12.773210,312.000,0,0.073117,0.000000,0.175591,0.368279
tracking_cdrone3_20260822_200257_514_milestone4,milestone4,1787454177.878428698,raw,1,1,0,detected,3.191648,3.909140,0.210600,0.309860,0.129344,0.049967,0.616699,15.375353,470.250,0,0.000000,0.000000,0.000000,0.000000
tracking_cdrone3_20260822_200257_514_milestone4,milestone4,1787454177.878428698,raw,2,2,0,detected,0.621140,-2.557627,0.273782,0.235375,-0.014920,0.024665,0.441650,12.802037,312.000,0,0.000000,0.000000,0.000000,0.000000
tracking_cdrone3_20260822_200257_514_milestone4,milestone4,1787454177.931042910,target_map,1,1,0,detected,3.199048,3.912138,0.211295,0.152036,0.061599,0.014282,0.609195,15.375353,470.250,0,0.048671,0.000000,0.167035,0.362168
tracking_cdrone3_20260822_200257_514_milestone4,milestone4,1787454177.931042910,target_map,2,2,0,detected,0.634088,-2.559876,0.274355,0.266020,-0.046208,0.011792,0.436277,12.802037,312.000,0,0.048671,0.000000,0.167035,0.362168
tracking_cdrone3_20260822_200257_514_milestone4,milestone4,1787454178.018199444,raw,1,1,0,detected,3.203349,3.911811,0.203600,0.083715,0.019108,-0.050082,0.631348,15.387240,475.000,0,0.000000,0.000000,0.000000,0.000000
tracking_cdrone3_20260822_200257_514_milestone4,milestone4,1787454178.018199444,raw,2,2,0,detected,1.472892,-2.768113,0.280244,6.093762,-1.505898,0.046233,0.501953,13.679342,321.750,0,0.000000,0.000000,0.000000,0.000000
tracking_cdrone3_20260822_200257_514_milestone4,milestone4,1787454178.031007051,target_map,1,1,0,detected,3.204257,3.912114,0.203432,0.114459,0.038229,-0.021118,0.630096,15.387240,475.000,0,0.007930,0.000000,0.152775,0.351982
tracking_cdrone3_20260822_200257_514_milestone4,milestone4,1787454178.031007051,target_map,2,2,0,detected,1.500417,-2.774845,0.280487,3.471278,-0.849038,0.030734,0.500958,13.679342,321.750,0,0.007930,0.000000,0.152775,0.351982
tracking_cdrone3_20260822_200257_514_milestone4,milestone4,1787454178.131106377,target_map,1,1,0,detected,3.215719,3.915942,0.201318,0.114459,0.038229,-0.021118,0.614290,15.387240,475.000,0,0.108069,0.000000,0.187824,0.377017
tracking_cdrone3_20260822_200257_514_milestone4,milestone4,1787454178.131106377,target_map,2,2,0,detected,1.848028,-2.859867,0.283565,3.471278,-0.849038,0.030734,0.488392,13.679342,321.750,0,0.108069,0.000000,0.187824,0.377017
tracking_cdrone3_20260822_200257_514_milestone4,milestone4,1787454178.179347038,raw,1,1,0,detected,3.184379,3.907602,0.211119,-0.117723,-0.026121,0.046661,0.628418,15.367904,475.000,1,0.000000,0.000000,0.000000,0.000000
tracking_cdrone3_20260822_200257_514_milestone4,milestone4,1787454178.179347038,raw,2,2,0,detected,1.364382,-2.739897,0.284321,-0.673391,0.175101,0.025304,0.475830,13.567350,320.000,1,0.000000,0.000000,0.000000,0.000000
tracking_cdrone3_20260822_200257_514_milestone4,milestone4,1787454178.232182980,target_map,1,1,0,detected,3.183721,3.907743,0.211923,-0.013241,0.002836,0.016161,0.620602,15.367904,475.000,1,0.049749,0.000000,0.167412,0.362437
tracking_cdrone3_20260822_200257_514_milestone4,milestone4,1787454178.232182980,target_map,2,2,0,detected,1.423668,-2.754114,0.285702,1.191710,-0.285762,0.027748,0.469912,13.567350,320.000,1,0.049749,0.000000,0.167412,0.362437
tracking_cdrone3_20260822_200257_514_milestone4,milestone4,1787454178.330996990,target_map,1,1,0,detected,3.182412,3.908024,0.213520,-0.013241,0.002836,0.016161,0.605075,15.367904,475.000,1,0.148580,0.000000,0.202003,0.387145
tracking_cdrone3_20260822_200257_514_milestone4,milestone4,1787454178.330996990,target_map,2,2,0,detected,1.541446,-2.782356,0.288444,1.191710,-0.285762,0.027748,0.458155,13.567350,320.000,1,0.148580,0.000000,0.202003,0.387145
tracking_cdrone3_20260822_200257_514_milestone4,milestone4,1787454178.430948734,target_map,1,1,0,detected,3.181088,3.908307,0.215135,-0.013241,0.002836,0.016161,0.589372,15.367904,475.000,1,0.248537,0.000000,0.236988,0.412134
tracking_cdrone3_20260822_200257_514_milestone4,milestone4,1787454178.430948734,target_map,2,2,0,detected,1.660566,-2.810920,0.291218,1.191710,-0.285762,0.027748,0.446265,13.567350,320.000,1,0.248537,0.000000,0.236988,0.412134
tracking_cdrone3_20260822_200257_514_milestone4,milestone4,1787454178.433476925,raw,1,1,0,detected,3.221629,3.915793,0.208568,0.146582,0.032234,-0.010037,0.617676,15.406013,470.250,0,0.000000,0.000000,0.000000,0.000000
tracking_cdrone3_20260822_200257_514_milestone4,milestone4,1787454178.433476925,raw,2,2,0,detected,1.380491,-2.746119,0.284457,0.063391,-0.024485,0.000534,0.464600,13.584491,330.000,0,0.000000,0.000000,0.000000,0.000000
tracking_cdrone3_20260822_200257_514_milestone4,milestone4,1787454178.530956745,target_map,1,1,0,detected,3.228581,3.917563,0.208731,0.074662,0.019005,0.001752,0.603296,15.406013,470.250,0,0.093120,0.000000,0.182592,0.373280
tracking_cdrone3_20260822_200257_514_milestone4,milestone4,1787454178.530956745,target_map,2,2,0,detected,1.433675,-2.759348,0.285647,0.571135,-0.142059,0.012780,0.453784,13.584491,330.000,0,0.093120,0.000000,0.182592,0.373280
tracking_cdrone3_20260822_200257_514_milestone4,milestone4,1787454178.630896568,target_map,1,1,0,detected,3.236043,3.919462,0.208907,0.074662,0.019005,0.001752,0.587864,15.406013,470.250,0,0.193055,0.000000,0.217569,0.398264
tracking_cdrone3_20260822_200257_514_milestone4,milestone4,1787454178.630896568,target_map,2,2,0,detected,1.490751,-2.773545,0.286924,0.571135,-0.142059,0.012780,0.442176,13.584491,330.000,0,0.193055,0.000000,0.217569,0.398264
tracking_cdrone3_20260822_200257_514_milestone4,milestone4,1787454178.657817364,raw,1,1,0,detected,3.158570,3.893971,0.207272,-0.281081,-0.097270,-0.005779,0.636230,15.339667,479.750,1,0.000000,0.000000,0.000000,0.000000
tracking_cdrone3_20260822_200257_514_milestone4,milestone4,1787454178.657817364,raw,2,2,0,detected,1.324344,-2.739284,0.284500,-0.250272,0.030467,0.000191,0.456299,13.528351,312.000,1,0.000000,0.000000,0.000000,0.000000
tracking_cdrone3_20260822_200257_514_milestone4,milestone4,1787454178.730880976,target_map,1,1,0,detected,3.150276,3.890890,0.207108,-0.120997,-0.044946,-0.002390,0.625328,15.339667,479.750,1,0.068547,0.000000,0.173991,0.367137
tracking_cdrone3_20260822_200257_514_milestone4,milestone4,1787454178.730880976,target_map,2,2,0,detected,1.332525,-2.742518,0.284901,0.119361,-0.047170,0.005856,0.448479,13.528351,312.000,1,0.068547,0.000000,0.173991,0.367137
tracking_cdrone3_20260822_200257_514_milestone4,milestone4,1787454178.831170082,target_map,1,1,0,detected,3.138143,3.886383,0.206868,-0.120997,-0.044946,-0.002390,0.609378,15.339667,479.750,1,0.168821,0.000000,0.209087,0.392205
tracking_cdrone3_20260822_200257_514_milestone4,milestone4,1787454178.831170082,target_map,2,2,0,detected,1.344494,-2.747247,0.285488,0.119361,-0.047170,0.005856,0.437041,13.528351,312.000,1,0.168821,0.000000,0.209087,0.392205
tracking_cdrone3_20260822_200257_514_milestone4,milestone4,1787454178.893557310,raw,1,1,0,detected,3.195210,3.912437,0.209722,0.155425,0.078330,0.010392,0.626953,15.379514,494.000,0,0.000000,0.000000,0.000000,0.000000
tracking_cdrone3_20260822_200257_514_milestone4,milestone4,1787454178.893557310,raw,2,2,0,detected,1.242396,-2.709498,0.280596,-0.347616,0.126350,-0.016559,0.489502,13.441596,321.750,1,0.000000,0.000000,0.000000,0.000000
tracking_cdrone3_20260822_200257_514_milestone4,milestone4,1787454178.932366610,target_map,1,1,0,detected,3.196275,3.913221,0.209881,0.031035,0.022856,0.004640,0.621575,15.379514,494.000,0,0.034312,0.000000,0.162009,0.358578
tracking_cdrone3_20260822_200257_514_milestone4,milestone4,1787454178.932366610,target_map,2,2,0,detected,1.237679,-2.707842,0.280374,-0.137476,0.048266,-0.006472,0.485303,13.441596,321.750,1,0.034312,0.000000,0.162009,0.358578
tracking_cdrone3_20260822_200257_514_milestone4,milestone4,1787454179.030877113,target_map,1,1,0,detected,3.199332,3.915473,0.210338,0.031035,0.022856,0.004640,0.606133,15.379514,494.000,0,0.132835,0.000000,0.196492,0.383209
tracking_cdrone3_20260822_200257_514_milestone4,milestone4,1787454179.030877113,target_map,2,2,0,detected,1.224134,-2.703086,0.279736,-0.137476,0.048266,-0.006472,0.473246,13.441596,321.750,1,0.132835,0.000000,0.196492,0.383209
tracking_cdrone3_20260822_200257_514_milestone4,milestone4,1787454179.102116346,raw,1,1,0,detected,3.188071,3.903706,0.207124,-0.034210,-0.041841,-0.012447,0.631348,15.370570,462.500,0,0.000000,0.000000,0.000000,0.000000
tracking_cdrone3_20260822_200257_514_milestone4,milestone4,1787454179.102116346,raw,2,2,0,detected,1.171300,-2.697838,0.279682,-0.340699,0.055878,-0.004382,0.518555,13.369763,320.000,1,0.000000,0.000000,0.000000,0.000000
tracking_cdrone3_20260822_200257_514_milestone4,milestone4,1787454179.130975485,target_map,1,1,0,detected,3.187948,3.903382,0.207003,-0.004850,-0.012728,-0.004758,0.627333,15.370570,462.500,0,0.025433,0.000000,0.158901,0.356358
tracking_cdrone3_20260822_200257_514_milestone4,milestone4,1787454179.130975485,target_map,2,2,0,detected,1.164961,-2.696504,0.279546,-0.249249,0.052453,-0.005323,0.515258,13.369763,320.000,1,0.025433,0.000000,0.158901,0.356358
tracking_cdrone3_20260822_200257_514_milestone4,milestone4,1787454179.231169939,target_map,1,1,0,detected,3.187462,3.902107,0.206527,-0.004850,-0.012728,-0.004758,0.611521,15.370570,462.500,0,0.125614,0.000000,0.193965,0.381404
tracking_cdrone3_20260822_200257_514_milestone4,milestone4,1787454179.231169939,target_map,2,2,0,detected,1.139991,-2.691249,0.279013,-0.249249,0.052453,-0.005323,0.502270,13.369763,320.000,1,0.125614,0.000000,0.193965,0.381404
tracking_cdrone3_20260822_200257_514_milestone4,milestone4,1787454179.331026077,target_map,1,1,0,detected,3.186977,3.900836,0.206052,-0.004850,-0.012728,-0.004758,0.595760,15.370570,462.500,0,0.225471,0.000000,0.228915,0.406368
tracking_cdrone3_20260822_200257_514_milestone4,milestone4,1787454179.331026077,target_map,2,2,0,detected,1.115102,-2.686011,0.278482,-0.249249,0.052453,-0.005323,0.489325,13.369763,320.000,1,0.225471,0.000000,0.228915,0.406368
tracking_cdrone3_20260822_200257_514_milestone4,milestone4,1787454179.351631641,raw,1,1,0,detected,3.226915,3.918650,0.209420,0.155750,0.059920,0.009207,0.628906,15.411798,484.500,0,0.000000,0.000000,0.000000,0.000000
tracking_cdrone3_20260822_200257_514_milestone4,milestone4,1787454179.351631641,raw,2,2,0,detected,0.530675,-2.534862,0.271876,-2.568674,0.653475,-0.031299,0.463867,12.708718,321.750,1,0.000000,0.000000,0.000000,0.000000
tracking_cdrone3_20260822_200257_514_milestone4,milestone4,1787454179.432024479,target_map,1,1,0,detected,3.232986,3.920630,0.209633,0.083480,0.027229,0.002923,0.617471,15.411798,484.500,0,0.072730,0.000000,0.175455,0.368182
tracking_cdrone3_20260822_200257_514_milestone4,milestone4,1787454179.432024479,target_map,2,2,0,detected,0.419768,-2.507005,0.270449,-1.524933,0.383015,-0.019610,0.455433,12.708718,321.750,1,0.072730,0.000000,0.175455,0.368182
tracking_cdrone3_20260822_200257_514_milestone4,milestone4,1787454179.531006813,target_map,1,1,0,detected,3.241248,3.923325,0.209922,0.083480,0.027229,0.002923,0.601910,15.411798,484.500,0,0.171700,0.000000,0.210095,0.392925
tracking_cdrone3_20260822_200257_514_milestone4,milestone4,1787454179.531006813,target_map,2,2,0,detected,0.268844,-2.469098,0.268509,-1.524933,0.383015,-0.019610,0.443956,12.708718,321.750,1,0.171700,0.000000,0.210095,0.392925
tracking_cdrone3_20260822_200257_514_milestone4,milestone4,1787454179.596319437,raw,1,1,0,detected,3.331352,3.933120,0.211222,0.426757,0.059128,0.007361,0.626953,15.516855,475.000,0,0.000000,0.000000,0.000000,0.000000
tracking_cdrone3_20260822_200257_514_milestone4,milestone4,1787454179.596319437,raw,2,2,0,detected,1.330149,-2.741610,0.281664,3.266876,-0.844833,0.039999,0.502930,13.534419,321.750,0,0.000000,0.000000,0.000000,0.000000
tracking_cdrone3_20260822_200257_514_milestone4,milestone4,1787454179.630887270,target_map,1,1,0,detected,3.338052,3.934222,0.211354,0.272283,0.044774,0.005364,0.623096,15.516855,475.000,0,0.024610,0.000000,0.158613,0.356152
tracking_cdrone3_20260822_200257_514_milestone4,milestone4,1787454179.630887270,target_map,2,2,0,detected,1.357480,-2.748804,0.281989,1.110562,-0.292301,0.013175,0.499835,13.534419,321.750,0,0.024610,0.000000,0.158613,0.356152
tracking_cdrone3_20260822_200257_514_milestone4,milestone4,1787454179.731041193,target_map,1,1,0,detected,3.365318,3.938705,0.211891,0.272283,0.044774,0.005364,0.607401,15.516855,475.000,0,0.124746,0.000000,0.193661,0.381187
tracking_cdrone3_20260822_200257_514_milestone4,milestone4,1787454179.731041193,target_map,2,2,0,detected,1.468688,-2.778074,0.283308,1.110562,-0.292301,0.013175,0.487245,13.534419,321.750,0,0.124746,0.000000,0.193661,0.381187
tracking_cdrone3_20260822_200257_514_milestone4,milestone4,1787454179.831066847,target_map,1,1,0,detected,3.392547,3.943182,0.212427,0.272283,0.044774,0.005364,0.591726,15.516855,475.000,0,0.224750,0.000000,0.228663,0.406188
tracking_cdrone3_20260822_200257_514_milestone4,milestone4,1787454179.831066847,target_map,2,2,0,detected,1.579748,-2.807305,0.284625,1.110562,-0.292301,0.013175,0.474671,13.534419,321.750,0,0.224750,0.000000,0.228663,0.406188
tracking_cdrone3_20260822_200257_514_milestone4,milestone4,1787454179.837431192,raw,1,1,0,detected,3.433300,3.962469,0.210967,0.422880,0.121740,-0.001058,0.618652,15.622758,475.000,0,0.000000,0.000000,0.000000,0.000000
tracking_cdrone3_20260822_200257_514_milestone4,milestone4,1787454179.837431192,raw,2,2,0,detected,1.300898,-2.726626,0.279964,-0.121331,0.062152,-0.007053,0.495117,13.502481,320.000,1,0.000000,0.000000,0.000000,0.000000
tracking_cdrone3_20260822_200257_514_milestone4,milestone4,1787454179.931759357,target_map,1,1,0,detected,3.464519,3.970126,0.211128,0.355111,0.087105,0.001832,0.605056,15.622758,475.000,0,0.087913,0.000000,0.180769,0.371978
tracking_cdrone3_20260822_200257_514_milestone4,milestone4,1787454179.931759357,target_map,2,2,0,detected,1.338966,-2.735185,0.280144,0.433021,-0.097352,0.002050,0.484235,13.502481,320.000,1,0.087913,0.000000,0.180769,0.371978
tracking_cdrone3_20260822_200257_514_milestone4,milestone4,1787454180.031022549,target_map,1,1,0,detected,3.499765,3.978772,0.211309,0.355111,0.087105,0.001832,0.589705,15.622758,475.000,0,0.187167,0.000000,0.215508,0.396792
tracking_cdrone3_20260822_200257_514_milestone4,milestone4,1787454180.031022549,target_map,2,2,0,detected,1.381946,-2.744848,0.280348,0.433021,-0.097352,0.002050,0.471950,13.502481,320.000,1,0.187167,0.000000,0.215508,0.396792
tracking_cdrone3_20260822_200257_514_milestone4,milestone4,1787454180.048019886,raw,1,1,0,detected,3.512513,3.975915,0.211146,0.376156,0.063852,0.000854,0.628418,15.703005,479.750,0,0.000000,0.000000,0.000000,0.000000
tracking_cdrone3_20260822_200257_514_milestone4,milestone4,1787454180.048019886,raw,2,2,0,detected,1.323647,-2.737762,0.285820,0.108023,-0.052877,0.027806,0.495117,13.527322,320.000,0,0.000000,0.000000,0.000000,0.000000
tracking_cdrone3_20260822_200257_514_milestone4,milestone4,1787454180.132177353,target_map,1,1,0,detected,3.539640,3.981413,0.211242,0.366686,0.074316,0.001294,0.616795,15.703005,479.750,0,0.073980,0.000000,0.175893,0.368495
tracking_cdrone3_20260822_200257_514_milestone4,milestone4,1787454180.132177353,target_map,2,2,0,detected,1.342458,-2.743154,0.287019,0.254272,-0.072891,0.016216,0.485960,13.527322,320.000,0,0.073980,0.000000,0.175893,0.368495
tracking_cdrone3_20260822_200257_514_milestone4,milestone4,1787454180.230850458,target_map,1,1,0,detected,3.575820,3.988746,0.211370,0.366686,0.074316,0.001294,0.601294,15.703005,479.750,0,0.172647,0.000000,0.210426,0.393162
tracking_cdrone3_20260822_200257_514_milestone4,milestone4,1787454180.230850458,target_map,2,2,0,detected,1.367546,-2.750346,0.288619,0.254272,-0.072891,0.016216,0.473747,13.527322,320.000,0,0.172647,0.000000,0.210426,0.393162
tracking_cdrone3_20260822_200257_514_milestone4,milestone4,1787454180.251397610,raw,1,1,0,detected,3.624991,4.002419,0.212816,0.553032,0.130311,0.008208,0.626953,15.818551,479.750,0,0.000000,0.000000,0.000000,0.000000
tracking_cdrone3_20260822_200257_514_milestone4,milestone4,1787454180.251397610,raw,2,2,0,detected,0.564141,-2.547098,0.273383,-3.734323,0.937449,-0.061150,0.537109,12.744150,312.000,1,0.000000,0.000000,0.000000,0.000000
tracking_cdrone3_20260822_200257_514_milestone4,milestone4,1787454180.331040621,target_map,1,1,0,detected,3.659908,4.010241,0.213195,0.469176,0.105113,0.005097,0.615289,15.818551,479.750,0,0.074421,0.000000,0.176047,0.368605
tracking_cdrone3_20260822_200257_514_milestone4,milestone4,1787454180.331040621,target_map,2,2,0,detected,0.419805,-2.511168,0.271423,-1.939455,0.482796,-0.026335,0.527116,12.744150,312.000,1,0.074421,0.000000,0.176047,0.368605
tracking_cdrone3_20260822_200257_514_milestone4,milestone4,1787454180.431132317,target_map,1,1,0,detected,3.706863,4.020761,0.213705,0.469176,0.105113,0.005097,0.599602,15.818551,479.750,0,0.174501,0.000000,0.211075,0.393625
tracking_cdrone3_20260822_200257_514_milestone4,milestone4,1787454180.431132317,target_map,2,2,0,detected,0.225703,-2.462850,0.268787,-1.939455,0.482796,-0.026335,0.513678,12.744150,312.000,1,0.174501,0.000000,0.211075,0.393625
tracking_cdrone3_20260822_200257_514_milestone4,milestone4,1787454180.487439156,raw,1,1,0,detected,3.620882,4.006806,0.208452,-0.017409,0.018589,-0.018487,0.623535,15.815501,489.250,0,0.000000,0.000000,0.000000,0.000000
tracking_cdrone3_20260822_200257_514_milestone4,milestone4,1787454180.487439156,raw,2,2,0,detected,0.533588,-2.535719,0.266076,-0.129443,0.048209,-0.030954,0.496094,12.711685,312.000,1,0.000000,0.000000,0.000000,0.000000
tracking_cdrone3_20260822_200257_514_milestone4,milestone4,1787454180.530955553,target_map,1,1,0,detected,3.628891,4.009092,0.208140,0.201554,0.057525,-0.007874,0.617341,15.815501,489.250,0,0.039734,0.000000,0.163907,0.359933
tracking_cdrone3_20260822_200257_514_milestone4,milestone4,1787454180.530955553,target_map,2,2,0,detected,0.496081,-2.526033,0.264929,-0.943948,0.243773,-0.028875,0.491166,12.711685,312.000,1,0.039734,0.000000,0.163907,0.359933
tracking_cdrone3_20260822_200257_514_milestone4,milestone4,1787454180.630939007,target_map,1,1,0,detected,3.649039,4.014843,0.207352,0.201554,0.057525,-0.007874,0.601758,15.815501,489.250,0,0.139699,0.000000,0.198895,0.384925
tracking_cdrone3_20260822_200257_514_milestone4,milestone4,1787454180.630939007,target_map,2,2,0,detected,0.401719,-2.501664,0.262043,-0.943948,0.243773,-0.028875,0.478768,12.711685,312.000,1,0.139699,0.000000,0.198895,0.384925
tracking_cdrone3_20260822_200257_514_milestone4,milestone4,1787454180.714297771,raw,1,1,0,detected,3.480121,3.959777,0.210374,-0.620471,-0.207302,0.008468,0.635254,15.667830,532.000,1,0.000000,0.000000,0.000000,0.000000
tracking_cdrone3_20260822_200257_514_milestone4,milestone4,1787454180.714297771,raw,2,2,0,detected,0.592299,-2.561070,0.273320,0.258796,-0.111744,0.031928,0.516602,12.774842,304.000,0,0.000000,0.000000,0.000000,0.000000
tracking_cdrone3_20260822_200257_514_milestone4,milestone4,1787454180.730653048,target_map,1,1,0,detected,3.476836,3.958622,0.210388,-0.250560,-0.088130,0.001114,0.633172,15.667830,532.000,1,0.013111,0.000000,0.154589,0.353278
tracking_cdrone3_20260822_200257_514_milestone4,milestone4,1787454180.730653048,target_map,2,2,0,detected,0.588596,-2.560437,0.273380,-0.282439,0.048239,0.004566,0.514908,12.774842,304.000,0,0.013111,0.000000,0.154589,0.353278
tracking_cdrone3_20260822_200257_514_milestone4,milestone4,1787454180.830977201,target_map,1,1,0,detected,3.451701,3.949781,0.210500,-0.250560,-0.088130,0.001114,0.617240,15.667830,532.000,1,0.113426,0.000000,0.189699,0.378356
tracking_cdrone3_20260822_200257_514_milestone4,milestone4,1787454180.830977201,target_map,2,2,0,detected,0.560263,-2.555598,0.273838,-0.282439,0.048239,0.004566,0.501953,12.774842,304.000,0,0.113426,0.000000,0.189699,0.378356
tracking_cdrone3_20260822_200257_514_milestone4,milestone4,1787454180.931010008,target_map,1,1,0,detected,3.426638,3.940965,0.210611,-0.250560,-0.088130,0.001114,0.601354,15.667830,532.000,1,0.213456,0.000000,0.224710,0.403364
tracking_cdrone3_20260822_200257_514_milestone4,milestone4,1787454180.931010008,target_map,2,2,0,detected,0.532010,-2.550773,0.274294,-0.282439,0.048239,0.004566,0.489034,12.774842,304.000,0,0.213456,0.000000,0.224710,0.403364
tracking_cdrone3_20260822_200257_514_milestone4,milestone4,1787454180.945540190,raw,1,1,0,detected,3.232358,3.870711,0.208860,-1.071442,-0.385165,-0.006543,0.549805,15.406626,540.000,1,0.000000,0.000000,0.000000,0.000000
tracking_cdrone3_20260822_200257_514_milestone4,milestone4,1787454180.945540190,raw,2,2,0,detected,1.199479,-2.741089,0.278594,2.625732,-0.778488,0.022809,0.516602,13.407572,304.000,0,0.000000,0.000000,0.000000,0.000000
tracking_cdrone3_20260822_200257_514_milestone4,milestone4,1787454181.030948162,target_map,1,1,0,detected,3.174673,3.850046,0.208606,-0.702045,-0.251499,-0.003097,0.538511,15.406626,540.000,1,0.082168,0.000000,0.178759,0.370542
tracking_cdrone3_20260822_200257_514_milestone4,milestone4,1787454181.030948162,target_map,2,2,0,detected,1.307699,-2.774487,0.279794,1.317055,-0.406461,0.014600,0.505989,13.407572,304.000,0,0.082168,0.000000,0.178759,0.370542
tracking_cdrone3_20260822_200257_514_milestone4,milestone4,1787454181.131246328,target_map,1,1,0,detected,3.104271,3.824825,0.208295,-0.702045,-0.251499,-0.003097,0.524727,15.406626,540.000,1,0.182450,0.000000,0.213857,0.395612
tracking_cdrone3_20260822_200257_514_milestone4,milestone4,1787454181.131246328,target_map,2,2,0,detected,1.439775,-2.815248,0.281258,1.317055,-0.406461,0.014600,0.493038,13.407572,304.000,0,0.182450,0.000000,0.213857,0.395612
tracking_cdrone3_20260822_200257_514_milestone4,milestone4,1787454181.211842537,raw,1,1,0,detected,2.584734,3.705907,0.223396,-2.432019,-0.618886,0.054585,0.557617,14.738645,585.000,1,0.000000,0.000000,0.000000,0.000000
tracking_cdrone3_20260822_200257_514_milestone4,milestone4,1787454181.211842537,raw,2,2,0,detected,0.563780,-2.597455,0.287655,-2.387239,0.539387,0.034027,0.430908,12.756128,348.500,1,0.000000,0.000000,0.000000,0.000000
tracking_cdrone3_20260822_200257_514_milestone4,milestone4,1787454181.230912209,target_map,1,1,0,detected,2.571355,3.702237,0.223627,-1.653531,-0.453562,0.028628,0.556489,14.738645,585.000,1,0.008091,0.000000,0.152832,0.352023
tracking_cdrone3_20260822_200257_514_milestone4,milestone4,1787454181.230912209,target_map,2,2,0,detected,0.557951,-2.596535,0.287860,-0.720306,0.113755,0.025285,0.430037,12.756128,348.500,1,0.008091,0.000000,0.152832,0.352023
tracking_cdrone3_20260822_200257_514_milestone4,milestone4,1787454181.330972672,target_map,1,1,0,detected,2.405898,3.656853,0.226492,-1.653531,-0.453562,0.028628,0.542540,14.738645,585.000,1,0.108154,0.000000,0.187854,0.377039
tracking_cdrone3_20260822_200257_514_milestone4,milestone4,1787454181.330972672,target_map,2,2,0,detected,0.485875,-2.585152,0.290390,-0.720306,0.113755,0.025285,0.419257,12.756128,348.500,1,0.108154,0.000000,0.187854,0.377039
tracking_cdrone3_20260822_200257_514_milestone4,milestone4,1787454181.430992603,target_map,1,1,0,detected,2.240519,3.611489,0.229355,-1.653531,-0.453562,0.028628,0.528597,14.738645,585.000,1,0.208170,0.000000,0.222860,0.402043
tracking_cdrone3_20260822_200257_514_milestone4,milestone4,1787454181.430992603,target_map,2,2,0,detected,0.413833,-2.573775,0.292919,-0.720306,0.113755,0.025285,0.408483,12.756128,348.500,1,0.208170,0.000000,0.222860,0.402043
tracking_cdrone3_20260822_200257_514_milestone4,milestone4,1787454181.449264050,raw,1,1,0,detected,2.234245,3.634708,0.212649,-1.476139,-0.299868,-0.045263,0.582520,14.381078,505.000,1,0.000000,0.000000,0.000000,0.000000
tracking_cdrone3_20260822_200257_514_milestone4,milestone4,1787454181.449264050,raw,2,2,0,detected,0.600739,-2.600011,0.286400,0.155659,-0.010765,-0.005288,0.430908,12.792602,348.500,0,0.000000,0.000000,0.000000,0.000000
tracking_cdrone3_20260822_200257_514_milestone4,milestone4,1787454181.530888557,target_map,1,1,0,detected,2.138923,3.612100,0.211913,-1.555966,-0.369030,-0.012012,0.573598,14.381078,505.000,1,0.061262,0.000000,0.171442,0.365316
tracking_cdrone3_20260822_200257_514_milestone4,milestone4,1787454181.530888557,target_map,2,2,0,detected,0.586126,-2.597238,0.286919,-0.238526,0.045269,0.008470,0.424309,12.792602,348.500,0,0.061262,0.000000,0.171442,0.365316
tracking_cdrone3_20260822_200257_514_milestone4,milestone4,1787454181.630980015,target_map,1,1,0,detected,1.983187,3.575164,0.210711,-1.555966,-0.369030,-0.012012,0.559022,14.381078,505.000,1,0.161352,0.000000,0.206473,0.390338
tracking_cdrone3_20260822_200257_514_milestone4,milestone4,1787454181.630980015,target_map,2,2,0,detected,0.562252,-2.592707,0.287766,-0.238526,0.045269,0.008470,0.413526,12.792602,348.500,0,0.161352,0.000000,0.206473,0.390338
tracking_cdrone3_20260822_200257_514_milestone4,milestone4,1787454181.696907282,raw,1,1,0,detected,2.088573,3.614567,0.191646,-0.588211,-0.081326,-0.084807,0.567871,14.234393,487.500,1,0.000000,0.000000,0.000000,0.000000
tracking_cdrone3_20260822_200257_514_milestone4,milestone4,1787454181.696907282,raw,2,2,0,detected,0.606128,-2.588236,0.271959,0.021764,0.047549,-0.058312,0.455078,12.794770,348.500,0,0.000000,0.000000,0.000000,0.000000
tracking_cdrone3_20260822_200257_514_milestone4,milestone4,1787454181.731016874,target_map,1,1,0,detected,2.058396,3.608353,0.190112,-1.023700,-0.210793,-0.052049,0.563686,14.234393,487.500,1,0.029478,0.000000,0.160317,0.357369
tracking_cdrone3_20260822_200257_514_milestone4,milestone4,1787454181.731016874,target_map,2,2,0,detected,0.603317,-2.586864,0.271126,-0.095366,0.046523,-0.028260,0.451724,12.794770,348.500,0,0.029478,0.000000,0.160317,0.357369
tracking_cdrone3_20260822_200257_514_milestone4,milestone4,1787454181.830923557,target_map,1,1,0,detected,1.956113,3.587292,0.184911,-1.023700,-0.210793,-0.052049,0.549501,14.234393,487.500,1,0.129393,0.000000,0.195287,0.382348
tracking_cdrone3_20260822_200257_514_milestone4,milestone4,1787454181.830923557,target_map,2,2,0,detected,0.593789,-2.582216,0.268302,-0.095366,0.046523,-0.028260,0.440357,12.794770,348.500,0,0.129393,0.000000,0.195287,0.382348
tracking_cdrone3_20260822_200257_514_milestone4,milestone4,1787454181.931832075,target_map,1,1,0,detected,1.852831,3.566025,0.179660,-1.023700,-0.210793,-0.052049,0.535178,14.234393,487.500,1,0.230284,0.000000,0.230599,0.407571
tracking_cdrone3_20260822_200257_514_milestone4,milestone4,1787454181.931832075,target_map,2,2,0,detected,0.584167,-2.577522,0.265451,-0.095366,0.046523,-0.028260,0.428879,12.794770,348.500,0,0.230284,0.000000,0.230599,0.407571
tracking_cdrone3_20260822_200257_514_milestone4,milestone4,1787454181.934651613,raw,1,1,0,detected,2.645588,3.770714,0.189223,2.343059,0.656826,-0.010193,0.617676,14.812025,563.750,0,0.000000,0.000000,0.000000,0.000000
tracking_cdrone3_20260822_200257_514_milestone4,milestone4,1787454181.934651613,raw,2,2,0,detected,0.650463,-2.569875,0.262707,0.186489,0.077234,-0.038918,0.500000,12.833275,296.000,0,0.000000,0.000000,0.000000,0.000000
tracking_cdrone3_20260822_200257_514_milestone4,milestone4,1787454182.031849384,target_map,1,1,0,detected,2.712993,3.792400,0.186860,0.828017,0.266397,-0.029028,0.605105,14.812025,563.750,0,0.081405,0.000000,0.178492,0.370351
tracking_cdrone3_20260822_200257_514_milestone4,milestone4,1787454182.031849384,target_map,2,2,0,detected,0.655319,-2.564712,0.259929,0.059654,0.063414,-0.034122,0.489824,12.833275,296.000,0,0.081405,0.000000,0.178492,0.370351
tracking_cdrone3_20260822_200257_514_milestone4,milestone4,1787454182.132175207,target_map,1,1,0,detected,2.796053,3.819123,0.183948,0.828017,0.266397,-0.029028,0.589615,14.812025,563.750,0,0.181717,0.000000,0.213601,0.395429
tracking_cdrone3_20260822_200257_514_milestone4,milestone4,1787454182.132175207,target_map,2,2,0,detected,0.661303,-2.558351,0.256506,0.059654,0.063414,-0.034122,0.477285,12.833275,296.000,0,0.181717,0.000000,0.213601,0.395429
tracking_cdrone3_20260822_200257_514_milestone4,milestone4,1787454182.167808771,raw,1,1,0,detected,2.314521,3.680687,0.171971,-1.419776,-0.386082,-0.073984,0.641602,14.469250,480.000,1,0.000000,0.000000,0.000000,0.000000
tracking_cdrone3_20260822_200257_514_milestone4,milestone4,1787454182.167808771,raw,2,2,0,detected,1.111855,-2.697902,0.270154,1.978676,-0.549045,0.031937,0.657227,13.311847,313.500,0,0.000000,0.000000,0.000000,0.000000
tracking_cdrone3_20260822_200257_514_milestone4,milestone4,1787454182.232530832,target_map,1,1,0,detected,2.290178,3.675173,0.168766,-0.408269,-0.092466,-0.053754,0.632038,14.469250,480.000,1,0.059626,0.000000,0.170869,0.364906
tracking_cdrone3_20260822_200257_514_milestone4,milestone4,1787454182.232530832,target_map,2,2,0,detected,1.178345,-2.714206,0.270286,1.115116,-0.273438,0.002211,0.647430,13.311847,313.500,0,0.059626,0.000000,0.170869,0.364906
tracking_cdrone3_20260822_200257_514_milestone4,milestone4,1787454182.330857992,target_map,1,1,0,detected,2.250036,3.666082,0.163481,-0.408269,-0.092466,-0.053754,0.616267,14.469250,480.000,1,0.157948,0.000000,0.205282,0.389487
tracking_cdrone3_20260822_200257_514_milestone4,milestone4,1787454182.330857992,target_map,2,2,0,detected,1.287985,-2.741091,0.270503,1.115116,-0.273438,0.002211,0.631275,13.311847,313.500,0,0.157948,0.000000,0.205282,0.389487
tracking_cdrone3_20260822_200257_514_milestone4,milestone4,1787454182.428817987,raw,1,1,0,detected,0.891502,3.377259,0.168342,-5.452287,-1.162583,-0.013904,0.645020,13.014313,569.250,1,0.000000,0.000000,0.000000,0.000000
tracking_cdrone3_20260822_200257_514_milestone4,milestone4,1787454182.428817987,raw,2,2,0,detected,0.487840,-2.527756,0.243902,-2.390910,0.651913,-0.100584,0.680664,12.665031,315.000,1,0.000000,0.000000,0.000000,0.000000
tracking_cdrone3_20260822_200257_514_milestone4,milestone4,1787454182.431132317,target_map,1,1,2,predicted,2.209098,3.656810,0.158091,-0.408269,-0.092466,-0.053754,0.600183,14.469250,480.000,1,0.258221,0.258221,0.240377,0.414555
tracking_cdrone3_20260822_200257_514_milestone4,milestone4,1787454182.431132317,target_map,2,2,2,predicted,1.399801,-2.768510,0.270725,1.115116,-0.273438,0.002211,0.614799,13.311847,313.500,0,0.258221,0.258221,0.240377,0.414555
tracking_cdrone3_20260822_200257_514_milestone4,milestone4,1787454182.530769110,target_map,1,1,0,detected,0.619442,3.319040,0.165621,-3.182479,-0.681030,-0.031836,0.631234,13.014313,569.250,1,0.085487,0.000000,0.179920,0.371372
tracking_cdrone3_20260822_200257_514_milestone4,milestone4,1787454182.530769110,target_map,2,2,0,detected,0.418322,-2.507624,0.239258,-0.813199,0.235505,-0.054326,0.666117,12.665031,315.000,1,0.085487,0.000000,0.179920,0.371372
tracking_cdrone3_20260822_200257_514_milestone4,milestone4,1787454182.631003618,target_map,1,1,0,detected,0.300501,3.250788,0.162430,-3.182479,-0.681030,-0.031836,0.615074,13.014313,569.250,1,0.185704,0.000000,0.214997,0.396426
tracking_cdrone3_20260822_200257_514_milestone4,milestone4,1787454182.631003618,target_map,2,2,0,detected,0.336825,-2.484022,0.233813,-0.813199,0.235505,-0.054326,0.649063,12.665031,315.000,1,0.185704,0.000000,0.214997,0.396426
tracking_cdrone3_20260822_200257_514_milestone4,milestone4,1787454182.640106916,raw,1,1,0,detected,2.663242,3.781121,0.198720,8.385984,1.911560,0.143784,0.512695,14.831582,551.250,0,0.000000,0.000000,0.000000,0.000000
tracking_cdrone3_20260822_200257_514_milestone4,milestone4,1787454182.640106916,raw,2,2,0,detected,0.542522,-2.537881,0.261698,0.258823,-0.047921,0.084232,0.616699,12.720757,323.000,0,0.000000,0.000000,0.000000,0.000000
tracking_cdrone3_20260822_200257_514_milestone4,milestone4,1787454182.730894804,target_map,1,1,0,detected,2.910368,3.839181,0.203842,2.857244,0.671283,0.059218,0.501609,14.831582,551.250,0,0.086491,0.000000,0.180272,0.371623
tracking_cdrone3_20260822_200257_514_milestone4,milestone4,1787454182.730894804,target_map,2,2,0,detected,0.523184,-2.530994,0.263591,-0.223587,0.079621,0.021881,0.603364,12.720757,323.000,0,0.086491,0.000000,0.180272,0.371623
tracking_cdrone3_20260822_200257_514_milestone4,milestone4,1787454182.831086397,target_map,1,1,0,detected,3.196590,3.906427,0.209774,2.857244,0.671283,0.059218,0.488770,14.831582,551.250,0,0.186665,0.000000,0.215333,0.396666
tracking_cdrone3_20260822_200257_514_milestone4,milestone4,1787454182.831086397,target_map,2,2,0,detected,0.500786,-2.523019,0.265783,-0.223587,0.079621,0.021881,0.587920,12.720757,323.000,0,0.186665,0.000000,0.215333,0.396666
tracking_cdrone3_20260822_200257_514_milestone4,milestone4,1787454182.889114141,raw,1,1,0,detected,2.906994,3.807283,0.212575,0.978867,0.105063,0.055638,0.412842,15.075146,561.750,0,0.000000,0.000000,0.000000,0.000000
tracking_cdrone3_20260822_200257_514_milestone4,milestone4,1787454182.889114141,raw,2,2,0,detected,0.673630,-2.594721,0.263911,0.526507,-0.228260,0.008888,0.456299,12.861585,321.750,0,0.000000,0.000000,0.000000,0.000000
tracking_cdrone3_20260822_200257_514_milestone4,milestone4,1787454182.930862904,target_map,1,1,0,detected,2.975259,3.820751,0.214717,1.824136,0.359862,0.057249,0.408979,15.075146,561.750,0,0.037423,0.000000,0.163098,0.359356
tracking_cdrone3_20260822_200257_514_milestone4,milestone4,1787454182.930862904,target_map,2,2,0,detected,0.680701,-2.598078,0.264463,0.188965,-0.089714,0.014735,0.452030,12.861585,321.750,0,0.037423,0.000000,0.163098,0.359356
tracking_cdrone3_20260822_200257_514_milestone4,milestone4,1787454183.030920982,target_map,1,1,0,detected,3.157780,3.856758,0.220446,1.824136,0.359862,0.057249,0.398652,15.075146,561.750,0,0.137482,0.000000,0.198119,0.384371
tracking_cdrone3_20260822_200257_514_milestone4,milestone4,1787454183.030920982,target_map,2,2,0,detected,0.699609,-2.607055,0.265937,0.188965,-0.089714,0.014735,0.440616,12.861585,321.750,0,0.137482,0.000000,0.198119,0.384371
tracking_cdrone3_20260822_200257_514_milestone4,milestone4,1787454183.131048203,target_map,1,1,0,detected,3.340392,3.892783,0.226177,1.824136,0.359862,0.057249,0.388320,15.075146,561.750,0,0.237591,0.000000,0.233157,0.409398
tracking_cdrone3_20260822_200257_514_milestone4,milestone4,1787454183.131048203,target_map,2,2,0,detected,0.718526,-2.616036,0.267412,0.188965,-0.089714,0.014735,0.429196,12.861585,321.750,0,0.237591,0.000000,0.233157,0.409398
tracking_cdrone3_20260822_200257_514_milestone4,milestone4,1787454183.161105394,raw,1,1,0,detected,2.091207,3.619394,0.185763,-2.999306,-0.690792,-0.098574,0.416992,14.238035,294.500,1,0.000000,0.000000,0.000000,0.000000
tracking_cdrone3_20260822_200257_514_milestone4,milestone4,1787454183.161105394,raw,2,2,0,detected,1.194973,-2.727142,0.272364,1.916762,-0.486856,0.031078,0.456299,13.399691,321.750,0,0.000000,0.000000,0.000000,0.000000
tracking_cdrone3_20260822_200257_514_milestone4,milestone4,1787454183.234186172,target_map,1,1,0,detected,2.033707,3.604269,0.183789,-0.828757,-0.217998,-0.028454,0.409759,14.238035,294.500,1,0.069381,0.000000,0.174283,0.367345
tracking_cdrone3_20260822_200257_514_milestone4,milestone4,1787454183.234186172,target_map,2,2,0,detected,1.274016,-2.748521,0.274010,1.139253,-0.308142,0.023724,0.448384,13.399691,321.750,0,0.069381,0.000000,0.174283,0.367345
tracking_cdrone3_20260822_200257_514_milestone4,milestone4,1787454183.330898046,target_map,1,1,0,detected,1.953558,3.583186,0.181038,-0.828757,-0.217998,-0.028454,0.399678,14.238035,294.500,1,0.166091,0.000000,0.208132,0.391523
tracking_cdrone3_20260822_200257_514_milestone4,milestone4,1787454183.330898046,target_map,2,2,0,detected,1.384193,-2.778321,0.276305,1.139253,-0.308142,0.023724,0.437352,13.399691,321.750,0,0.166091,0.000000,0.208132,0.391523
tracking_cdrone3_20260822_200257_514_milestone4,milestone4,1787454183.417419910,raw,1,1,0,detected,1.059358,3.395382,0.146902,-4.025921,-0.874015,-0.151624,0.427490,13.181888,292.000,1,0.000000,0.000000,0.000000,0.000000
tracking_cdrone3_20260822_200257_514_milestone4,milestone4,1787454183.417419910,raw,2,2,0,detected,1.214963,-2.725741,0.249271,0.077993,0.005466,-0.090103,0.456299,13.418419,321.750,0,0.000000,0.000000,0.000000,0.000000
tracking_cdrone3_20260822_200257_514_milestone4,milestone4,1787454183.431168079,target_map,1,1,0,detected,1.035162,3.389969,0.146002,-2.587197,-0.578807,-0.096197,0.426491,13.181888,292.000,1,0.009352,0.000000,0.153273,0.352338
tracking_cdrone3_20260822_200257_514_milestone4,milestone4,1787454183.431168079,target_map,2,2,0,detected,1.220158,-2.727010,0.248907,0.555560,-0.135658,-0.038881,0.455232,13.418419,321.750,0,0.009352,0.000000,0.153273,0.352338
tracking_cdrone3_20260822_200257_514_milestone4,milestone4,1787454183.530884504,target_map,1,1,0,detected,0.777196,3.332257,0.136411,-2.587197,-0.578807,-0.096197,0.415835,13.181888,292.000,1,0.109061,0.000000,0.188171,0.377265
tracking_cdrone3_20260822_200257_514_milestone4,milestone4,1787454183.530884504,target_map,2,2,0,detected,1.275553,-2.740536,0.245030,0.555560,-0.135658,-0.038881,0.443858,13.418419,321.750,0,0.109061,0.000000,0.188171,0.377265
tracking_cdrone3_20260822_200257_514_milestone4,milestone4,1787454183.631464481,target_map,1,1,0,detected,0.517020,3.274050,0.126737,-2.587197,-0.578807,-0.096197,0.405087,13.181888,292.000,1,0.209624,0.000000,0.223368,0.402406
tracking_cdrone3_20260822_200257_514_milestone4,milestone4,1787454183.631464481,target_map,2,2,0,detected,1.331421,-2.754178,0.241121,0.555560,-0.135658,-0.038881,0.432386,13.418419,321.750,0,0.209624,0.000000,0.223368,0.402406
tracking_cdrone3_20260822_200257_514_milestone4,milestone4,1787454183.654124975,raw,1,1,0,detected,2.039361,3.577850,0.155892,4.140161,0.770860,0.037981,0.427490,14.178014,292.000,0,0.000000,0.000000,0.000000,0.000000
tracking_cdrone3_20260822_200257_514_milestone4,milestone4,1787454183.654124975,raw,2,2,0,detected,1.419292,-2.812047,0.249434,0.863217,-0.364615,0.000689,0.456299,13.637469,321.750,0,0.000000,0.000000,0.000000,0.000000
tracking_cdrone3_20260822_200257_514_milestone4,milestone4,1787454183.730973959,target_map,1,1,0,detected,2.117941,3.589396,0.154311,1.112850,0.163510,-0.022399,0.419944,14.178014,292.000,0,0.070611,0.000000,0.174714,0.367653
tracking_cdrone3_20260822_200257_514_milestone4,milestone4,1787454183.730973959,target_map,2,2,0,detected,1.470469,-2.830518,0.248225,0.724772,-0.261584,-0.017117,0.448244,13.637469,321.750,0,0.070611,0.000000,0.174714,0.367653
tracking_cdrone3_20260822_200257_514_milestone4,milestone4,1787454183.831079006,target_map,1,1,0,detected,2.229329,3.605762,0.152069,1.112850,0.163510,-0.022399,0.409247,14.178014,292.000,0,0.170704,0.000000,0.209746,0.392676
tracking_cdrone3_20260822_200257_514_milestone4,milestone4,1787454183.831079006,target_map,2,2,0,detected,1.543013,-2.856701,0.246512,0.724772,-0.261584,-0.017117,0.436826,13.637469,321.750,0,0.170704,0.000000,0.209746,0.392676
tracking_cdrone3_20260822_200257_514_milestone4,milestone4,1787454183.888291359,raw,1,1,0,detected,1.405637,3.464828,0.164057,-2.706142,-0.482628,0.034863,0.449219,13.535097,335.750,1,0.000000,0.000000,0.000000,0.000000
tracking_cdrone3_20260822_200257_514_milestone4,milestone4,1787454183.888291359,raw,2,2,0,detected,2.188848,-2.976841,0.287062,3.286178,-0.703707,0.160681,0.456299,14.424658,321.750,0,0.000000,0.000000,0.000000,0.000000
tracking_cdrone3_20260822_200257_514_milestone4,milestone4,1787454183.931045771,target_map,1,1,0,detected,1.369157,3.457741,0.164392,-0.987596,-0.191866,0.009095,0.445070,13.535097,335.750,1,0.036938,0.000000,0.162928,0.359235
tracking_cdrone3_20260822_200257_514_milestone4,milestone4,1787454183.931045771,target_map,2,2,0,detected,2.267658,-2.995486,0.290042,2.133545,-0.504752,0.080672,0.452085,14.424658,321.750,0,0.036938,0.000000,0.162928,0.359235
tracking_cdrone3_20260822_200257_514_milestone4,milestone4,1787454184.030859470,target_map,1,1,0,detected,1.270579,3.438590,0.165300,-0.987596,-0.191866,0.009095,0.433861,13.535097,335.750,1,0.136755,0.000000,0.197864,0.384189
tracking_cdrone3_20260822_200257_514_milestone4,milestone4,1787454184.030859470,target_map,2,2,0,detected,2.480620,-3.045869,0.298095,2.133545,-0.504752,0.080672,0.440699,14.424658,321.750,0,0.136755,0.000000,0.197864,0.384189
tracking_cdrone3_20260822_200257_514_milestone4,milestone4,1787454184.123619318,raw,1,1,0,detected,2.426247,3.724700,0.230630,4.337109,1.104331,0.282906,0.591797,14.588421,508.250,0,0.000000,0.000000,0.000000,0.000000
tracking_cdrone3_20260822_200257_514_milestone4,milestone4,1787454184.123619318,raw,2,2,0,detected,2.084738,-2.920051,0.317696,-0.442419,0.241333,0.130180,0.586914,14.310461,350.000,1,0.000000,0.000000,0.000000,0.000000
tracking_cdrone3_20260822_200257_514_milestone4,milestone4,1787454184.130990744,target_map,1,1,0,detected,2.432868,3.726477,0.231175,1.940992,0.521042,0.159691,0.591292,14.588421,508.250,0,0.003411,0.000000,0.151194,0.350853
tracking_cdrone3_20260822_200257_514_milestone4,milestone4,1787454184.130990744,target_map,2,2,0,detected,2.087183,-2.920373,0.318064,0.716765,-0.094405,0.107901,0.586414,14.310461,350.000,1,0.003411,0.000000,0.151194,0.350853
tracking_cdrone3_20260822_200257_514_milestone4,milestone4,1787454184.230962038,target_map,1,1,0,detected,2.626907,3.778565,0.247139,1.940992,0.521042,0.159691,0.576502,14.588421,508.250,0,0.103380,0.000000,0.186183,0.375845
tracking_cdrone3_20260822_200257_514_milestone4,milestone4,1787454184.230962038,target_map,2,2,0,detected,2.158837,-2.929811,0.328851,0.716765,-0.094405,0.107901,0.571745,14.310461,350.000,1,0.103380,0.000000,0.186183,0.375845
tracking_cdrone3_20260822_200257_514_milestone4,milestone4,1787454184.331128597,target_map,1,1,0,detected,2.821333,3.830757,0.263135,1.940992,0.521042,0.159691,0.561682,14.588421,508.250,0,0.203548,0.000000,0.221242,0.400887
tracking_cdrone3_20260822_200257_514_milestone4,milestone4,1787454184.331128597,target_map,2,2,0,detected,2.230634,-2.939267,0.339659,0.716765,-0.094405,0.107901,0.557048,14.310461,350.000,1,0.203548,0.000000,0.221242,0.400887
tracking_cdrone3_20260822_200257_514_milestone4,milestone4,1787454184.348595858,raw,1,1,0,detected,0.316112,3.392002,0.294697,-9.378820,-1.478726,0.284755,0.613770,12.458499,383.625,1,0.000000,0.000000,0.000000,0.000000
tracking_cdrone3_20260822_200257_514_milestone4,milestone4,1787454184.348595858,raw,2,2,0,detected,1.342911,-2.580805,0.347367,-3.297166,1.507833,0.131876,0.623535,13.510445,325.500,1,0.000000,0.000000,0.000000,0.000000
tracking_cdrone3_20260822_200257_514_milestone4,milestone4,1787454184.431071997,target_map,1,1,0,detected,0.045307,3.356854,0.310595,-3.470910,-0.450490,0.203762,0.601798,12.458499,383.625,1,0.078021,0.000000,0.177307,0.369505
tracking_cdrone3_20260822_200257_514_milestone4,milestone4,1787454184.431071997,target_map,2,2,0,detected,1.226589,-2.519415,0.356814,-1.490897,0.786826,0.121087,0.611373,13.510445,325.500,1,0.078021,0.000000,0.177307,0.369505
tracking_cdrone3_20260822_200257_514_milestone4,milestone4,1787454184.531057596,target_map,1,1,0,detected,-0.301815,3.311801,0.330973,-3.470910,-0.450490,0.203762,0.586452,12.458499,383.625,1,0.178030,0.000000,0.212311,0.394508
tracking_cdrone3_20260822_200257_514_milestone4,milestone4,1787454184.531057596,target_map,2,2,0,detected,1.077486,-2.440726,0.368924,-1.490897,0.786826,0.121087,0.595783,13.510445,325.500,1,0.178030,0.000000,0.212311,0.394508
tracking_cdrone3_20260822_200257_514_milestone4,milestone4,1787454184.615776300,raw,1,1,0,detected,1.363249,3.569896,0.377906,3.919344,0.665839,0.311445,0.484375,13.519615,430.500,0,0.000000,0.000000,0.000000,0.000000
tracking_cdrone3_20260822_200257_514_milestone4,milestone4,1787454184.615776300,raw,2,2,0,detected,1.694370,-2.742649,0.331877,1.315480,-0.605770,-0.057977,0.656250,13.890390,369.000,0,0.000000,0.000000,0.000000,0.000000
tracking_cdrone3_20260822_200257_514_milestone4,milestone4,1787454184.632963657,target_map,1,1,0,detected,1.371603,3.572196,0.381607,0.593730,0.163491,0.262988,0.482671,13.519615,430.500,0,0.014070,0.000000,0.154925,0.353518
tracking_cdrone3_20260822_200257_514_milestone4,milestone4,1787454184.632963657,target_map,2,2,0,detected,1.695110,-2.742355,0.332195,0.052610,0.020898,0.022602,0.653942,13.890390,369.000,0,0.014070,0.000000,0.154925,0.353518
tracking_cdrone3_20260822_200257_514_milestone4,milestone4,1787454184.730967283,target_map,1,1,0,detected,1.429789,3.588218,0.407379,0.593730,0.163491,0.262988,0.470804,13.519615,430.500,0,0.112070,0.000000,0.189225,0.378018
tracking_cdrone3_20260822_200257_514_milestone4,milestone4,1787454184.730967283,target_map,2,2,0,detected,1.700266,-2.740307,0.334410,0.052610,0.020898,0.022602,0.637864,13.890390,369.000,0,0.112070,0.000000,0.189225,0.378018
tracking_cdrone3_20260822_200257_514_milestone4,milestone4,1787454184.831074238,target_map,1,1,0,detected,1.489225,3.604584,0.433706,0.593730,0.163491,0.262988,0.458682,13.519615,430.500,0,0.212176,0.000000,0.224262,0.403044
tracking_cdrone3_20260822_200257_514_milestone4,milestone4,1787454184.831074238,target_map,2,2,0,detected,1.705532,-2.738215,0.336673,0.052610,0.020898,0.022602,0.621440,13.890390,369.000,0,0.212176,0.000000,0.224262,0.403044
tracking_cdrone3_20260822_200257_514_milestone4,milestone4,1787454184.910175085,raw,1,1,0,detected,0.472194,3.139541,0.208239,-3.026723,-1.461820,-0.576322,0.604004,12.539716,594.750,1,0.000000,0.000000,0.000000,0.000000
tracking_cdrone3_20260822_200257_514_milestone4,milestone4,1787454184.910175085,raw,2,2,0,detected,1.598869,-2.956102,0.449746,-0.324396,-0.725054,0.400376,0.656250,13.852180,369.000,1,0.000000,0.000000,0.000000,0.000000
tracking_cdrone3_20260822_200257_514_milestone4,milestone4,1787454184.934426308,target_map,1,1,0,detected,0.444094,3.124855,0.204245,-1.397519,-0.730430,-0.198632,0.600968,12.539716,594.750,1,0.020107,0.000000,0.157037,0.355027
tracking_cdrone3_20260822_200257_514_milestone4,milestone4,1787454184.934426308,target_map,2,2,0,detected,1.595757,-2.963931,0.454378,-0.154743,-0.389376,0.230378,0.652951,13.852180,369.000,1,0.020107,0.000000,0.157037,0.355027
tracking_cdrone3_20260822_200257_514_milestone4,milestone4,1787454185.031039000,target_map,1,1,0,detected,0.309096,3.054296,0.185058,-1.397519,-0.730430,-0.198632,0.586381,12.539716,594.750,1,0.116705,0.000000,0.190847,0.379176
tracking_cdrone3_20260822_200257_514_milestone4,milestone4,1787454185.031039000,target_map,2,2,0,detected,1.580809,-3.001544,0.476633,-0.154743,-0.389376,0.230378,0.637103,13.852180,369.000,1,0.116705,0.000000,0.190847,0.379176
tracking_cdrone3_20260822_200257_514_milestone4,milestone4,1787454185.131049871,target_map,1,1,0,detected,0.169333,2.981248,0.165193,-1.397519,-0.730430,-0.198632,0.571280,12.539716,594.750,1,0.216713,0.000000,0.225850,0.404178
tracking_cdrone3_20260822_200257_514_milestone4,milestone4,1787454185.131049871,target_map,2,2,0,detected,1.565334,-3.040485,0.499672,-0.154743,-0.389376,0.230378,0.620696,13.852180,369.000,1,0.216713,0.000000,0.225850,0.404178
tracking_cdrone3_20260822_200257_514_milestone4,milestone4,1787454185.156167746,raw,1,1,0,detected,0.440608,3.101341,-0.064837,-0.128402,-0.155291,-1.110102,0.628906,12.492089,523.250,1,0.000000,0.000000,0.000000,0.000000
tracking_cdrone3_20260822_200257_514_milestone4,milestone4,1787454185.156167746,raw,2,2,0,detected,1.245451,-2.912316,0.060491,-1.436706,0.177997,-1.582394,0.685059,13.500914,440.750,1,0.000000,0.000000,0.000000,0.000000
tracking_cdrone3_20260822_200257_514_milestone4,milestone4,1787454185.230869055,target_map,1,1,0,detected,0.390704,3.071798,-0.114772,-0.699505,-0.414103,-0.699941,0.617689,12.492089,523.250,1,0.071342,0.000000,0.174970,0.367835
tracking_cdrone3_20260822_200257_514_milestone4,milestone4,1787454185.230869055,target_map,2,2,0,detected,1.184110,-2.917833,0.005797,-0.859822,-0.077320,-0.766647,0.672840,13.500914,440.750,1,0.071342,0.000000,0.174970,0.367835
tracking_cdrone3_20260822_200257_514_milestone4,milestone4,1787454185.331205368,target_map,1,1,0,detected,0.320529,3.030255,-0.184990,-0.699505,-0.414103,-0.699941,0.601916,12.492089,523.250,1,0.171662,0.000000,0.210082,0.392916
tracking_cdrone3_20260822_200257_514_milestone4,milestone4,1787454185.331205368,target_map,2,2,0,detected,1.097852,-2.925589,-0.071114,-0.859822,-0.077320,-0.766647,0.655659,13.500914,440.750,1,0.171662,0.000000,0.210082,0.392916
tracking_cdrone3_20260822_200257_514_milestone4,milestone4,1787454185.403532505,raw,1,1,0,detected,0.970666,3.297719,-0.127895,2.142853,0.793894,-0.254925,0.692871,13.045012,787.500,0,0.000000,0.000000,0.000000,0.000000
tracking_cdrone3_20260822_200257_514_milestone4,milestone4,1787454185.403532505,raw,2,2,0,detected,2.373464,-3.122549,-0.070140,4.560191,-0.849904,-0.528097,0.685059,14.646730,440.750,0,0.000000,0.000000,0.000000,0.000000
tracking_cdrone3_20260822_200257_514_milestone4,milestone4,1787454185.431021929,target_map,1,1,0,detected,0.990108,3.303353,-0.138140,0.863792,0.250295,-0.455182,0.688972,13.045012,787.500,0,0.022507,0.000000,0.157878,0.355627
tracking_cdrone3_20260822_200257_514_milestone4,milestone4,1787454185.431021929,target_map,2,2,0,detected,2.421206,-3.133853,-0.084442,2.121185,-0.502241,-0.635444,0.681204,14.646730,440.750,0,0.022507,0.000000,0.157878,0.355627
tracking_cdrone3_20260822_200257_514_milestone4,milestone4,1787454185.531025171,target_map,1,1,0,detected,1.076492,3.328384,-0.183661,0.863792,0.250295,-0.455182,0.671650,13.045012,787.500,0,0.122514,0.000000,0.192880,0.380628
tracking_cdrone3_20260822_200257_514_milestone4,milestone4,1787454185.531025171,target_map,2,2,0,detected,2.633338,-3.184081,-0.147991,2.121185,-0.502241,-0.635444,0.664076,14.646730,440.750,0,0.122514,0.000000,0.192880,0.380628
tracking_cdrone3_20260822_200257_514_milestone4,milestone4,1787454185.630958080,target_map,1,1,0,detected,1.162805,3.353394,-0.229144,0.863792,0.250295,-0.455182,0.654341,13.045012,787.500,0,0.222437,0.000000,0.227853,0.405609
tracking_cdrone3_20260822_200257_514_milestone4,milestone4,1787454185.630958080,target_map,2,2,0,detected,2.845294,-3.234266,-0.211486,2.121185,-0.502241,-0.635444,0.646963,14.646730,440.750,0,0.222437,0.000000,0.227853,0.405609
tracking_cdrone3_20260822_200257_514_milestone4,milestone4,1787454185.657610416,raw,1,1,0,detected,0.242202,3.145251,-0.128017,-2.867115,-0.600091,-0.000480,0.734375,12.290740,816.000,1,0.000000,0.000000,0.000000,0.000000
tracking_cdrone3_20260822_200257_514_milestone4,milestone4,1787454185.657610416,raw,2,2,0,detected,2.422650,-3.130902,-0.073206,0.193587,-0.032876,-0.012066,0.685059,14.693811,440.750,0,0.000000,0.000000,0.000000,0.000000
tracking_cdrone3_20260822_200257_514_milestone4,milestone4,1787454185.730919600,target_map,1,1,0,detected,0.159401,3.130100,-0.142309,-1.188207,-0.217417,-0.205096,0.721581,12.290740,816.000,1,0.069685,0.000000,0.174390,0.367421
tracking_cdrone3_20260822_200257_514_milestone4,milestone4,1787454185.730919600,target_map,2,2,0,detected,2.496586,-3.147912,-0.093595,1.061006,-0.244091,-0.292586,0.673124,14.693811,440.750,0,0.069685,0.000000,0.174390,0.367421
tracking_cdrone3_20260822_200257_514_milestone4,milestone4,1787454185.830755234,target_map,1,1,0,detected,0.040777,3.108394,-0.162785,-1.188207,-0.217417,-0.205096,0.703252,12.290740,816.000,1,0.169519,0.000000,0.209332,0.392380
tracking_cdrone3_20260822_200257_514_milestone4,milestone4,1787454185.830755234,target_map,2,2,0,detected,2.602511,-3.172280,-0.122805,1.061006,-0.244091,-0.292586,0.656026,14.693811,440.750,0,0.169519,0.000000,0.209332,0.392380
tracking_cdrone3_20260822_200257_514_milestone4,milestone4,1787454185.907320976,raw,1,1,0,detected,-0.136631,3.099089,0.059174,-1.516905,-0.184839,0.749543,0.506836,11.900689,757.875,1,0.000000,0.000000,0.000000,0.000000
tracking_cdrone3_20260822_200257_514_milestone4,milestone4,1787454185.907320976,raw,2,2,0,detected,2.639106,-3.139329,0.209559,0.866723,-0.033740,1.132234,0.685059,14.896361,440.750,0,0.000000,0.000000,0.000000,0.000000
tracking_cdrone3_20260822_200257_514_milestone4,milestone4,1787454185.907320976,raw,3,3,0,detected,-3.332895,0.426691,0.133837,0.000000,0.000000,0.000000,0.407227,8.450212,9130.000,0,0.000000,0.000000,0.000000,0.000000
tracking_cdrone3_20260822_200257_514_milestone4,milestone4,1787454185.936925650,target_map,1,1,0,detected,-0.169140,3.094352,0.066772,-1.368991,-0.199499,0.319955,0.503827,11.900689,757.875,1,0.023746,0.000000,0.158311,0.355937
tracking_cdrone3_20260822_200257_514_milestone4,milestone4,1787454185.936925650,target_map,2,2,0,detected,2.661763,-3.142378,0.221220,0.954150,-0.128398,0.491065,0.680992,14.896361,440.750,0,0.023746,0.000000,0.158311,0.355937
tracking_cdrone3_20260822_200257_514_milestone4,milestone4,1787454185.936925650,target_map,3,3,0,detected,-3.332895,0.426691,0.133837,0.000000,0.000000,0.000000,0.404809,8.450212,9130.000,0,0.023746,0.000000,0.158311,0.355937
tracking_cdrone3_20260822_200257_514_milestone4,milestone4,1787454186.030785561,target_map,1,1,0,detected,-0.297633,3.075627,0.096803,-1.368991,-0.199499,0.319955,0.491934,11.900689,757.875,1,0.117607,0.000000,0.191162,0.379402
tracking_cdrone3_20260822_200257_514_milestone4,milestone4,1787454186.030785561,target_map,2,2,0,detected,2.751320,-3.154429,0.267311,0.954150,-0.128398,0.491065,0.664917,14.896361,440.750,0,0.117607,0.000000,0.191162,0.379402
tracking_cdrone3_20260822_200257_514_milestone4,milestone4,1787454186.030785561,target_map,3,3,0,detected,-3.332895,0.426691,0.133837,0.000000,0.000000,0.000000,0.395253,8.450212,9130.000,0,0.117607,0.000000,0.191162,0.379402
tracking_cdrone3_20260822_200257_514_milestone4,milestone4,1787454186.131268263,target_map,1,1,0,detected,-0.435137,3.055589,0.128940,-1.368991,-0.199499,0.319955,0.479207,11.900689,757.875,1,0.218048,0.000000,0.226317,0.404512
tracking_cdrone3_20260822_200257_514_milestone4,milestone4,1787454186.131268263,target_map,2,2,0,detected,2.847156,-3.167326,0.316634,0.954150,-0.128398,0.491065,0.647715,14.896361,440.750,0,0.218048,0.000000,0.226317,0.404512
tracking_cdrone3_20260822_200257_514_milestone4,milestone4,1787454186.131268263,target_map,3,3,0,detected,-3.332895,0.426691,0.133837,0.000000,0.000000,0.000000,0.385028,8.450212,9130.000,0,0.218048,0.000000,0.226317,0.404512
tracking_cdrone3_20260822_200257_514_milestone4,milestone4,1787454186.146714211,raw,1,1,0,detected,-0.182211,3.127223,-0.019132,-0.190423,0.117537,-0.327140,0.506836,11.872388,757.875,1,0.000000,0.000000,0.000000,0.000000
tracking_cdrone3_20260822_200257_514_milestone4,milestone4,1787454186.146714211,raw,2,2,0,detected,2.823304,-3.138311,0.126954,0.769532,0.004250,-0.345099,0.685059,15.081256,440.750,0,0.000000,0.000000,0.000000,0.000000
tracking_cdrone3_20260822_200257_514_milestone4,milestone4,1787454186.146714211,raw,3,3,0,detected,-3.401085,0.444352,0.085716,-0.284881,0.073786,-0.201034,0.698730,8.392231,4114.750,1,0.000000,0.000000,0.000000,0.000000
tracking_cdrone3_20260822_200257_514_milestone4,milestone4,1787454186.231196642,target_map,1,1,0,detected,-0.239924,3.125211,-0.022010,-0.720778,-0.025129,-0.035947,0.496690,11.872388,757.875,1,0.080070,0.000000,0.178024,0.370017
tracking_cdrone3_20260822_200257_514_milestone4,milestone4,1787454186.231196642,target_map,2,2,0,detected,2.891573,-3.142751,0.129450,0.852610,-0.055441,0.031174,0.671345,15.081256,440.750,0,0.080070,0.000000,0.178024,0.370017
tracking_cdrone3_20260822_200257_514_milestone4,milestone4,1787454186.231196642,target_map,3,3,0,detected,-3.413631,0.447602,0.076863,-0.156685,0.040582,-0.110569,0.684744,8.392231,4114.750,1,0.080070,0.000000,0.178024,0.370017
tracking_cdrone3_20260822_200257_514_milestone4,milestone4,1787454186.331110716,target_map,1,1,0,detected,-0.311935,3.122700,-0.025601,-0.720778,-0.025129,-0.035947,0.484031,11.872388,757.875,1,0.179977,0.000000,0.212992,0.394994
tracking_cdrone3_20260822_200257_514_milestone4,milestone4,1787454186.331110716,target_map,2,2,0,detected,2.976755,-3.148289,0.132565,0.852610,-0.055441,0.031174,0.654235,15.081256,440.750,0,0.179977,0.000000,0.212992,0.394994
tracking_cdrone3_20260822_200257_514_milestone4,milestone4,1787454186.331110716,target_map,3,3,0,detected,-3.429285,0.451656,0.065817,-0.156685,0.040582,-0.110569,0.667292,8.392231,4114.750,1,0.179977,0.000000,0.212992,0.394994
tracking_cdrone3_20260822_200257_514_milestone4,milestone4,1787454186.404343605,raw,1,1,0,detected,-0.486828,3.076217,0.057889,-1.182150,-0.197945,0.298901,0.709961,11.569686,790.500,1,0.000000,0.000000,0.000000,0.000000
tracking_cdrone3_20260822_200257_514_milestone4,milestone4,1787454186.404343605,raw,2,2,0,detected,1.775596,-2.819300,0.145659,-4.065917,1.238010,0.072591,0.537598,13.994493,1080.000,1,0.000000,0.000000,0.000000,0.000000
tracking_cdrone3_20260822_200257_514_milestone4,milestone4,1787454186.404343605,raw,3,3,0,detected,-3.373963,0.448591,0.127230,0.105256,0.016451,0.161105,0.575684,8.426964,4433.000,0,0.000000,0.000000,0.000000,0.000000
tracking_cdrone3_20260822_200257_514_milestone4,milestone4,1787454186.430938482,target_map,1,1,0,detected,-0.502240,3.074316,0.060233,-0.974533,-0.120178,0.148220,0.707154,11.569686,790.500,1,0.015815,0.000000,0.155535,0.353954
tracking_cdrone3_20260822_200257_514_milestone4,milestone4,1787454186.430938482,target_map,2,2,0,detected,1.746299,-2.808927,0.146513,-1.852580,0.655957,0.053953,0.535472,13.994493,1080.000,1,0.015815,0.000000,0.155535,0.353954
tracking_cdrone3_20260822_200257_514_milestone4,milestone4,1787454186.430938482,target_map,3,3,0,detected,-3.374163,0.449023,0.127845,-0.012618,0.027310,0.038852,0.573408,8.426964,4433.000,0,0.015815,0.000000,0.155535,0.353954
tracking_cdrone3_20260822_200257_514_milestone4,milestone4,1787454186.531116724,target_map,1,1,0,detected,-0.599871,3.062276,0.075083,-0.974533,-0.120178,0.148220,0.689373,11.569686,790.500,1,0.115997,0.000000,0.190599,0.378999
tracking_cdrone3_20260822_200257_514_milestone4,milestone4,1787454186.531116724,target_map,2,2,0,detected,1.560702,-2.743211,0.151918,-1.852580,0.655957,0.053953,0.522008,13.994493,1080.000,1,0.115997,0.000000,0.190599,0.378999
tracking_cdrone3_20260822_200257_514_milestone4,milestone4,1787454186.531116724,target_map,3,3,0,detected,-3.375427,0.451759,0.131737,-0.012618,0.027310,0.038852,0.558989,8.426964,4433.000,0,0.115997,0.000000,0.190599,0.378999
tracking_cdrone3_20260822_200257_514_milestone4,milestone4,1787454186.631121397,target_map,1,1,0,detected,-0.697311,3.050260,0.089902,-0.974533,-0.120178,0.148220,0.671626,11.569686,790.500,1,0.215983,0.000000,0.225594,0.403996
tracking_cdrone3_20260822_200257_514_milestone4,milestone4,1787454186.631121397,target_map,2,2,0,detected,1.375470,-2.677624,0.157312,-1.852580,0.655957,0.053953,0.508570,13.994493,1080.000,1,0.215983,0.000000,0.225594,0.403996
tracking_cdrone3_20260822_200257_514_milestone4,milestone4,1787454186.631121397,target_map,3,3,0,detected,-3.376688,0.454490,0.135621,-0.012618,0.027310,0.038852,0.544599,8.426964,4433.000,0,0.215983,0.000000,0.225594,0.403996
tracking_cdrone3_20260822_200257_514_milestone4,milestone4,1787454186.671609163,raw,1,1,0,detected,-0.797560,3.012833,-0.014486,-1.162621,-0.237154,-0.270798,0.525391,11.281219,851.500,1,0.000000,0.000000,0.000000,0.000000
tracking_cdrone3_20260822_200257_514_milestone4,milestone4,1787454186.671609163,raw,2,2,0,detected,1.147296,-2.643344,0.094659,-2.350817,0.658348,-0.190822,0.537598,13.362211,1080.000,1,0.000000,0.000000,0.000000,0.000000
tracking_cdrone3_20260822_200257_514_milestone4,milestone4,1787454186.671609163,raw,3,3,0,detected,-3.359580,0.449928,0.063435,0.053817,0.005002,-0.238694,0.575684,8.470373,4433.000,0,0.000000,0.000000,0.000000,0.000000
tracking_cdrone3_20260822_200257_514_milestone4,milestone4,1787454186.732351303,target_map,1,1,0,detected,-0.856087,3.002815,-0.018951,-1.077981,-0.184515,-0.082240,0.518259,11.281219,851.500,1,0.054293,0.000000,0.169003,0.363573
tracking_cdrone3_20260822_200257_514_milestone4,milestone4,1787454186.732351303,target_map,2,2,0,detected,1.031837,-2.607659,0.090279,-2.126611,0.657272,-0.080673,0.530301,13.362211,1080.000,1,0.054293,0.000000,0.169003,0.363573
tracking_cdrone3_20260822_200257_514_milestone4,milestone4,1787454186.732351303,target_map,3,3,0,detected,-3.358281,0.450745,0.057256,0.023921,0.015041,-0.113798,0.567870,8.470373,4433.000,0,0.054293,0.000000,0.169003,0.363573
tracking_cdrone3_20260822_200257_514_milestone4,milestone4,1787454186.830966711,target_map,1,1,0,detected,-0.962381,2.984621,-0.027061,-1.077981,-0.184515,-0.082240,0.505308,11.281219,851.500,1,0.152898,0.000000,0.203514,0.388224
tracking_cdrone3_20260822_200257_514_milestone4,milestone4,1787454186.830966711,target_map,2,2,0,detected,0.822143,-2.542849,0.082324,-2.126611,0.657272,-0.080673,0.517048,13.362211,1080.000,1,0.152898,0.000000,0.203514,0.388224
tracking_cdrone3_20260822_200257_514_milestone4,milestone4,1787454186.830966711,target_map,3,3,0,detected,-3.355922,0.452228,0.046035,0.023921,0.015041,-0.113798,0.553678,8.470373,4433.000,0,0.152898,0.000000,0.203514,0.388224
tracking_cdrone3_20260822_200257_514_milestone4,milestone4,1787454186.930987358,target_map,1,1,2,predicted,-1.070205,2.966165,-0.035287,-1.077981,-0.184515,-0.082240,0.492170,11.281219,851.500,1,0.252922,0.252922,0.238523,0.413230
tracking_cdrone3_20260822_200257_514_milestone4,milestone4,1787454186.930987358,target_map,2,2,2,predicted,0.609430,-2.477106,0.074255,-2.126611,0.657272,-0.080673,0.503605,13.362211,1080.000,1,0.252922,0.252922,0.238523,0.413230
tracking_cdrone3_20260822_200257_514_milestone4,milestone4,1787454186.930987358,target_map,3,3,2,predicted,-3.353529,0.453733,0.034653,0.023921,0.015041,-0.113798,0.539283,8.470373,4433.000,0,0.252922,0.252922,0.238523,0.413230
tracking_cdrone3_20260822_200257_514_milestone4,milestone4,1787454186.936132908,raw,1,1,0,detected,-1.200965,2.868658,0.014909,-1.525367,-0.545160,0.111149,0.709961,10.887200,701.500,1,0.000000,0.000000,0.000000,0.000000
tracking_cdrone3_20260822_200257_514_milestone4,milestone4,1787454186.936132908,raw,2,2,0,detected,0.659523,-2.580469,0.048153,-1.844384,0.237746,-0.175847,0.537598,12.902135,1080.000,1,0.000000,0.000000,0.000000,0.000000
tracking_cdrone3_20260822_200257_514_milestone4,milestone4,1787454186.936132908,raw,3,3,0,detected,-3.395376,0.428478,0.036053,-0.135354,-0.081110,-0.103538,0.409180,8.470942,5166.000,0,0.000000,0.000000,0.000000,0.000000
tracking_cdrone3_20260822_200257_514_milestone4,milestone4,1787454187.031604052,target_map,1,1,0,detected,-1.319947,2.834252,0.017076,-1.324043,-0.382869,0.024124,0.694011,10.887200,701.500,1,0.089863,0.000000,0.181452,0.372466
tracking_cdrone3_20260822_200257_514_milestone4,milestone4,1787454187.031604052,target_map,2,2,0,detected,0.482369,-2.542140,0.036200,-1.971386,0.426533,-0.133019,0.525520,12.902135,1080.000,1,0.089863,0.000000,0.181452,0.372466
tracking_cdrone3_20260822_200257_514_milestone4,milestone4,1787454187.031604052,target_map,3,3,0,detected,-3.401098,0.425077,0.026334,-0.063680,-0.037842,-0.108155,0.399987,8.470942,5166.000,0,0.089863,0.000000,0.181452,0.372466
tracking_cdrone3_20260822_200257_514_milestone4,milestone4,1787454187.131088257,target_map,1,1,0,detected,-1.452429,2.795943,0.019490,-1.324043,-0.382869,0.024124,0.676252,10.887200,701.500,1,0.189921,0.000000,0.216472,0.397480
tracking_cdrone3_20260822_200257_514_milestone4,milestone4,1787454187.131088257,target_map,2,2,0,detected,0.285115,-2.499461,0.022890,-1.971386,0.426533,-0.133019,0.512072,12.902135,1080.000,1,0.189921,0.000000,0.216472,0.397480
tracking_cdrone3_20260822_200257_514_milestone4,milestone4,1787454187.131088257,target_map,3,3,0,detected,-3.407470,0.421291,0.015512,-0.063680,-0.037842,-0.108155,0.389752,8.470942,5166.000,0,0.189921,0.000000,0.216472,0.397480
tracking_cdrone3_20260822_200257_514_milestone4,milestone4,1787454187.205123186,raw,1,1,0,detected,-1.264413,2.840850,0.103108,-0.235872,-0.103377,0.327888,0.662109,10.864376,864.500,1,0.000000,0.000000,0.000000,0.000000
tracking_cdrone3_20260822_200257_514_milestone4,milestone4,1787454187.205123186,raw,2,2,0,detected,0.098755,-2.445026,0.175450,-2.084712,0.503521,0.473237,0.426270,12.355515,425.500,1,0.000000,0.000000,0.000000,0.000000
tracking_cdrone3_20260822_200257_514_milestone4,milestone4,1787454187.205123186,raw,3,3,0,detected,-3.454191,0.427357,0.134774,-0.218653,-0.004166,0.367006,0.622559,8.454206,4971.500,1,0.000000,0.000000,0.000000,0.000000
tracking_cdrone3_20260822_200257_514_milestone4,milestone4,1787454187.231034756,target_map,1,1,0,detected,-1.277311,2.836777,0.106507,-0.725549,-0.229148,0.191194,0.659167,10.864376,864.500,1,0.017777,0.000000,0.156222,0.354444
tracking_cdrone3_20260822_200257_514_milestone4,milestone4,1787454187.231034756,target_map,2,2,0,detected,0.062601,-2.436691,0.179013,-2.033715,0.468876,0.200422,0.424375,12.355515,425.500,1,0.017777,0.000000,0.156222,0.354444
tracking_cdrone3_20260822_200257_514_milestone4,milestone4,1787454187.231034756,target_map,3,3,0,detected,-3.456839,0.427014,0.137497,-0.148915,-0.019320,0.153183,0.619792,8.454206,4971.500,1,0.017777,0.000000,0.156222,0.354444
tracking_cdrone3_20260822_200257_514_milestone4,milestone4,1787454187.331112623,target_map,1,1,0,detected,-1.349931,2.813841,0.125643,-0.725549,-0.229148,0.191194,0.642599,10.864376,864.500,1,0.117867,0.000000,0.191253,0.379467
tracking_cdrone3_20260822_200257_514_milestone4,milestone4,1787454187.331112623,target_map,2,2,0,detected,-0.140953,-2.389761,0.199073,-2.033715,0.468876,0.200422,0.413709,12.355515,425.500,1,0.117867,0.000000,0.191253,0.379467
tracking_cdrone3_20260822_200257_514_milestone4,milestone4,1787454187.331112623,target_map,3,3,0,detected,-3.471744,0.425080,0.152829,-0.148915,-0.019320,0.153183,0.604214,8.454206,4971.500,1,0.117867,0.000000,0.191253,0.379467
tracking_cdrone3_20260822_200257_514_milestone4,milestone4,1787454187.431062460,target_map,1,1,0,detected,-1.422433,2.790943,0.144749,-0.725549,-0.229148,0.191194,0.626058,10.864376,864.500,1,0.217794,0.000000,0.226228,0.404449
tracking_cdrone3_20260822_200257_514_milestone4,milestone4,1787454187.431062460,target_map,2,2,0,detected,-0.344177,-2.342908,0.219100,-2.033715,0.468876,0.200422,0.403060,12.355515,425.500,1,0.217794,0.000000,0.226228,0.404449
tracking_cdrone3_20260822_200257_514_milestone4,milestone4,1787454187.431062460,target_map,3,3,0,detected,-3.486624,0.423149,0.168136,-0.148915,-0.019320,0.153183,0.588661,8.454206,4971.500,1,0.217794,0.000000,0.226228,0.404449
tracking_cdrone3_20260822_200257_514_milestone4,milestone4,1787454187.478134871,raw,1,1,0,detected,-1.206562,2.877916,0.077803,0.211883,0.135759,-0.092681,0.673340,10.958458,834.750,0,0.000000,0.000000,0.000000,0.000000
tracking_cdrone3_20260822_200257_514_milestone4,milestone4,1787454187.478134871,raw,2,2,0,detected,-0.151311,-2.350595,0.141236,-0.915894,0.345867,-0.125310,0.450195,12.114727,559.000,1,0.000000,0.000000,0.000000,0.000000
tracking_cdrone3_20260822_200257_514_milestone4,milestone4,1787454187.478134871,raw,3,3,0,detected,-3.474636,0.460195,0.120232,-0.074880,0.120272,-0.053261,0.532227,8.463099,5685.500,0,0.000000,0.000000,0.000000,0.000000
tracking_cdrone3_20260822_200257_514_milestone4,milestone4,1787454187.531036377,target_map,1,1,0,detected,-1.216054,2.876630,0.079388,-0.209961,-0.028450,0.035063,0.665730,10.958458,834.750,0,0.045207,0.000000,0.165822,0.361302
tracking_cdrone3_20260822_200257_514_milestone4,milestone4,1787454187.531036377,target_map,2,2,0,detected,-0.215456,-2.332457,0.142198,-1.418914,0.401221,0.021270,0.445107,12.114727,559.000,1,0.045207,0.000000,0.165822,0.361302
tracking_cdrone3_20260822_200257_514_milestone4,milestone4,1787454187.531036377,target_map,3,3,0,detected,-3.479527,0.462792,0.122024,-0.108196,0.057455,0.039639,0.526212,8.463099,5685.500,0,0.045207,0.000000,0.165822,0.361302
tracking_cdrone3_20260822_200257_514_milestone4,milestone4,1787454187.630992174,target_map,1,1,0,detected,-1.237043,2.873786,0.082893,-0.209961,-0.028450,0.035063,0.648902,10.958458,834.750,0,0.145172,0.000000,0.200810,0.386293
tracking_cdrone3_20260822_200257_514_milestone4,milestone4,1787454187.630992174,target_map,2,2,0,detected,-0.357298,-2.292349,0.144324,-1.418914,0.401221,0.021270,0.433856,12.114727,559.000,1,0.145172,0.000000,0.200810,0.386293
tracking_cdrone3_20260822_200257_514_milestone4,milestone4,1787454187.630992174,target_map,3,3,0,detected,-3.490343,0.468536,0.125986,-0.108196,0.057455,0.039639,0.512910,8.463099,5685.500,0,0.145172,0.000000,0.200810,0.386293
tracking_cdrone3_20260822_200257_514_milestone4,milestone4,1787454187.726987600,raw,1,1,0,detected,-1.173169,2.932670,0.089928,0.134196,0.220034,0.048728,0.624512,11.018469,831.250,0,0.000000,0.000000,0.000000,0.000000
tracking_cdrone3_20260822_200257_514_milestone4,milestone4,1787454187.726987600,raw,2,2,0,detected,-0.214287,-2.277619,0.153433,-0.253076,0.293262,0.049015,0.495117,12.047502,561.000,1,0.000000,0.000000,0.000000,0.000000
tracking_cdrone3_20260822_200257_514_milestone4,milestone4,1787454187.726987600,raw,3,3,0,detected,-3.499940,0.499080,0.129426,-0.101688,0.156266,0.036948,0.418701,8.453266,5480.000,0,0.000000,0.000000,0.000000,0.000000
tracking_cdrone3_20260822_200257_514_milestone4,milestone4,1787454187.731784105,target_map,1,1,0,detected,-1.173193,2.932794,0.089977,-0.020675,0.108217,0.042578,0.624333,11.018469,831.250,0,0.001147,0.000000,0.150401,0.350287
tracking_cdrone3_20260822_200257_514_milestone4,milestone4,1787454187.731784105,target_map,2,2,0,detected,-0.215178,-2.277227,0.153475,-0.777703,0.341843,0.036529,0.494975,12.047502,561.000,1,0.001147,0.000000,0.150401,0.350287
tracking_cdrone3_20260822_200257_514_milestone4,milestone4,1787454187.731784105,target_map,3,3,0,detected,-3.500060,0.499208,0.129470,-0.104616,0.111801,0.038159,0.418581,8.453266,5480.000,0,0.001147,0.000000,0.150401,0.350287
tracking_cdrone3_20260822_200257_514_milestone4,milestone4,1787454187.830965281,target_map,1,1,0,detected,-1.175243,2.943524,0.094199,-0.020675,0.108217,0.042578,0.608852,11.018469,831.250,0,0.100298,0.000000,0.185104,0.375074
tracking_cdrone3_20260822_200257_514_milestone4,milestone4,1787454187.830965281,target_map,2,2,0,detected,-0.292289,-2.243333,0.157097,-0.777703,0.341843,0.036529,0.482702,12.047502,561.000,1,0.100298,0.000000,0.185104,0.375074
tracking_cdrone3_20260822_200257_514_milestone4,milestone4,1787454187.830965281,target_map,3,3,0,detected,-3.510433,0.510294,0.133253,-0.104616,0.111801,0.038159,0.408202,8.453266,5480.000,0,0.100298,0.000000,0.185104,0.375074
tracking_cdrone3_20260822_200257_514_milestone4,milestone4,1787454187.930968046,target_map,1,1,0,detected,-1.177310,2.954346,0.098457,-0.020675,0.108217,0.042578,0.593239,11.018469,831.250,0,0.200305,0.000000,0.220107,0.400076
tracking_cdrone3_20260822_200257_514_milestone4,milestone4,1787454187.930968046,target_map,2,2,0,detected,-0.370064,-2.209146,0.160750,-0.777703,0.341843,0.036529,0.470324,12.047502,561.000,1,0.200305,0.000000,0.220107,0.400076
tracking_cdrone3_20260822_200257_514_milestone4,milestone4,1787454187.930968046,target_map,3,3,0,detected,-3.520895,0.521474,0.137069,-0.104616,0.111801,0.038159,0.397734,8.453266,5480.000,0,0.200305,0.000000,0.220107,0.400076
tracking_cdrone3_20260822_200257_514_milestone4,milestone4,1787454187.974614143,raw,1,1,0,detected,-1.093586,2.901935,0.165575,0.321382,-0.124116,0.305486,0.579102,11.099226,762.000,0,0.000000,0.000000,0.000000,0.000000
tracking_cdrone3_20260822_200257_514_milestone4,milestone4,1787454187.974614143,raw,2,2,0,detected,-0.313138,-2.308052,0.210611,-0.399193,-0.122895,0.230904,0.427490,11.965635,416.250,1,0.000000,0.000000,0.000000,0.000000
tracking_cdrone3_20260822_200257_514_milestone4,milestone4,1787454187.974614143,raw,3,3,0,detected,-3.523883,0.464860,0.186674,-0.096691,-0.138192,0.231185,0.456299,8.438569,5360.000,1,0.000000,0.000000,0.000000,0.000000
tracking_cdrone3_20260822_200257_514_milestone4,milestone4,1787454188.030982494,target_map,1,1,0,detected,-1.084902,2.900920,0.175281,0.167457,-0.019566,0.187178,0.571594,11.099226,762.000,0,0.051856,0.000000,0.168150,0.362964
tracking_cdrone3_20260822_200257_514_milestone4,milestone4,1787454188.030982494,target_map,2,2,0,detected,-0.342671,-2.303580,0.218049,-0.569522,0.086237,0.143435,0.421948,11.965635,416.250,1,0.051856,0.000000,0.168150,0.362964
tracking_cdrone3_20260822_200257_514_milestone4,milestone4,1787454188.030982494,target_map,3,3,0,detected,-3.529082,0.463528,0.194158,-0.100257,-0.025695,0.144323,0.450383,8.438569,5360.000,1,0.051856,0.000000,0.168150,0.362964
tracking_cdrone3_20260822_200257_514_milestone4,milestone4,1787454188.131052256,target_map,1,1,0,detected,-1.068149,2.898963,0.194008,0.167457,-0.019566,0.187178,0.557110,11.099226,762.000,0,0.151902,0.000000,0.203166,0.387975
tracking_cdrone3_20260822_200257_514_milestone4,milestone4,1787454188.131052256,target_map,2,2,0,detected,-0.399649,-2.294952,0.232400,-0.569522,0.086237,0.143435,0.411256,11.965635,416.250,1,0.151902,0.000000,0.203166,0.387975
tracking_cdrone3_20260822_200257_514_milestone4,milestone4,1787454188.131052256,target_map,3,3,0,detected,-3.539113,0.460957,0.208597,-0.100257,-0.025695,0.144323,0.438971,8.438569,5360.000,1,0.151902,0.000000,0.203166,0.387975
tracking_cdrone3_20260822_200257_514_milestone4,milestone4,1787454188.229398251,raw,1,1,0,detected,-0.965714,2.912015,0.040902,0.501882,0.039561,-0.489327,0.490479,11.254405,731.250,0,0.000000,0.000000,0.000000,0.000000
tracking_cdrone3_20260822_200257_514_milestone4,milestone4,1787454188.229398251,raw,2,2,0,detected,-0.680308,-2.242374,0.070460,-1.441104,0.257776,-0.550079,0.427490,11.619866,416.250,1,0.000000,0.000000,0.000000,0.000000
tracking_cdrone3_20260822_200257_514_milestone4,milestone4,1787454188.229398251,raw,3,3,0,detected,-3.535282,0.440804,0.075681,-0.044739,-0.094418,-0.435633,0.573730,8.457831,4889.500,0,0.000000,0.000000,0.000000,0.000000
tracking_cdrone3_20260822_200257_514_milestone4,milestone4,1787454188.234518528,target_map,1,1,2,predicted,-1.050818,2.896938,0.213380,0.167457,-0.019566,0.187178,0.542126,11.099226,762.000,0,0.255397,0.255397,0.239389,0.413849
tracking_cdrone3_20260822_200257_514_milestone4,milestone4,1787454188.234518528,target_map,2,2,2,predicted,-0.458592,-2.286027,0.247244,-0.569522,0.086237,0.143435,0.400195,11.965635,416.250,1,0.255397,0.255397,0.239389,0.413849
tracking_cdrone3_20260822_200257_514_milestone4,milestone4,1787454188.234518528,target_map,3,3,2,predicted,-3.549489,0.458298,0.223533,-0.100257,-0.025695,0.144323,0.427164,8.438569,5360.000,1,0.255397,0.255397,0.239389,0.413849
tracking_cdrone3_20260822_200257_514_milestone4,milestone4,1787454188.331014872,target_map,1,1,0,detected,-0.937103,2.913069,0.025847,0.351391,0.012954,-0.184900,0.480494,11.254405,731.250,0,0.081424,0.000000,0.178498,0.370356
tracking_cdrone3_20260822_200257_514_milestone4,milestone4,1787454188.331014872,target_map,2,2,0,detected,-0.765713,-2.227671,0.051081,-1.048892,0.180584,-0.237998,0.418788,11.619866,416.250,1,0.081424,0.000000,0.178498,0.370356
tracking_cdrone3_20260822_200257_514_milestone4,milestone4,1787454188.331014872,target_map,3,3,0,detected,-3.540959,0.435634,0.061460,-0.069723,-0.063493,-0.174653,0.562052,8.457831,4889.500,0,0.081424,0.000000,0.178498,0.370356
tracking_cdrone3_20260822_200257_514_milestone4,milestone4,1787454188.430762291,target_map,1,1,0,detected,-0.902050,2.914362,0.007402,0.351391,0.012954,-0.184900,0.468263,11.254405,731.250,0,0.181178,0.000000,0.213412,0.395294
tracking_cdrone3_20260822_200257_514_milestone4,milestone4,1787454188.430762291,target_map,2,2,0,detected,-0.870344,-2.209657,0.027340,-1.048892,0.180584,-0.237998,0.408127,11.619866,416.250,1,0.181178,0.000000,0.213412,0.395294
tracking_cdrone3_20260822_200257_514_milestone4,milestone4,1787454188.430762291,target_map,3,3,0,detected,-3.547914,0.429300,0.044038,-0.069723,-0.063493,-0.174653,0.547744,8.457831,4889.500,0,0.181178,0.000000,0.213412,0.395294
tracking_cdrone3_20260822_200257_514_milestone4,milestone4,1787454188.495044708,raw,1,1,0,detected,-0.982370,2.931605,0.071601,-0.062700,0.073746,0.115565,0.490479,11.249083,731.250,0,0.000000,0.000000,0.000000,0.000000
tracking_cdrone3_20260822_200257_514_milestone4,milestone4,1787454188.495044708,raw,2,2,0,detected,-0.800108,-2.192938,0.072394,-0.450978,0.186101,0.007279,0.427490,11.497948,416.250,1,0.000000,0.000000,0.000000,0.000000
tracking_cdrone3_20260822_200257_514_milestone4,milestone4,1787454188.495044708,raw,3,3,0,detected,-3.530181,0.454049,0.096566,0.019203,0.049862,0.078620,0.656250,8.470167,4551.750,0,0.000000,0.000000,0.000000,0.000000
tracking_cdrone3_20260822_200257_514_milestone4,milestone4,1787454188.530820370,target_map,1,1,0,detected,-0.978928,2.932896,0.071055,0.123641,0.046389,-0.019644,0.487065,11.249083,731.250,0,0.027839,0.000000,0.159744,0.356960
tracking_cdrone3_20260822_200257_514_milestone4,milestone4,1787454188.530820370,target_map,2,2,0,detected,-0.820153,-2.187826,0.069524,-0.720039,0.183618,-0.103096,0.424515,11.497948,416.250,1,0.027839,0.000000,0.159744,0.356960
tracking_cdrone3_20260822_200257_514_milestone4,milestone4,1787454188.530820370,target_map,3,3,0,detected,-3.530760,0.454017,0.095582,-0.020814,-0.001148,-0.035353,0.651683,8.470167,4551.750,0,0.027839,0.000000,0.159744,0.356960
tracking_cdrone3_20260822_200257_514_milestone4,milestone4,1787454188.630948067,target_map,1,1,0,detected,-0.966548,2.937541,0.069088,0.123641,0.046389,-0.019644,0.474787,11.249083,731.250,0,0.127969,0.000000,0.194789,0.381992
tracking_cdrone3_20260822_200257_514_milestone4,milestone4,1787454188.630948067,target_map,2,2,0,detected,-0.892250,-2.169441,0.059201,-0.720039,0.183618,-0.103096,0.413814,11.497948,416.250,1,0.127969,0.000000,0.194789,0.381992
tracking_cdrone3_20260822_200257_514_milestone4,milestone4,1787454188.630948067,target_map,3,3,0,detected,-3.532844,0.453903,0.092042,-0.020814,-0.001148,-0.035353,0.635255,8.470167,4551.750,0,0.127969,0.000000,0.194789,0.381992
tracking_cdrone3_20260822_200257_514_milestone4,milestone4,1787454188.730843306,target_map,1,1,0,detected,-0.954197,2.942175,0.067125,0.123641,0.046389,-0.019644,0.462538,11.249083,731.250,0,0.227864,0.000000,0.229752,0.406966
tracking_cdrone3_20260822_200257_514_milestone4,milestone4,1787454188.730843306,target_map,2,2,0,detected,-0.964178,-2.151098,0.048902,-0.720039,0.183618,-0.103096,0.403138,11.497948,416.250,1,0.227864,0.000000,0.229752,0.406966
tracking_cdrone3_20260822_200257_514_milestone4,milestone4,1787454188.730843306,target_map,3,3,0,detected,-3.534924,0.453788,0.088510,-0.020814,-0.001148,-0.035353,0.618866,8.470167,4551.750,0,0.227864,0.000000,0.229752,0.406966
tracking_cdrone3_20260822_200257_514_milestone4,milestone4,1787454188.769398689,raw,1,1,0,detected,-0.889424,2.948040,0.076035,0.338786,0.059906,0.016159,0.490479,11.348674,731.250,0,0.000000,0.000000,0.000000,0.000000
tracking_cdrone3_20260822_200257_514_milestone4,milestone4,1787454188.769398689,raw,2,2,0,detected,-1.067221,-2.127559,0.112047,-0.973615,0.238302,0.144536,0.427490,11.224567,416.250,1,0.000000,0.000000,0.000000,0.000000
tracking_cdrone3_20260822_200257_514_milestone4,milestone4,1787454188.769398689,raw,3,3,0,detected,-3.525567,0.445967,0.117486,0.016820,-0.029462,0.076252,0.643066,8.480111,4504.500,0,0.000000,0.000000,0.000000,0.000000
tracking_cdrone3_20260822_200257_514_milestone4,milestone4,1787454188.830906630,target_map,1,1,0,detected,-0.875504,2.951137,0.076037,0.241971,0.053824,0.000047,0.483424,11.348674,731.250,0,0.057528,0.000000,0.170135,0.364382
tracking_cdrone3_20260822_200257_514_milestone4,milestone4,1787454188.830906630,target_map,2,2,0,detected,-1.116667,-2.115266,0.113952,-0.859506,0.213694,0.033102,0.421342,11.224567,416.250,1,0.057528,0.000000,0.170135,0.364382
tracking_cdrone3_20260822_200257_514_milestone4,milestone4,1787454188.830906630,target_map,3,3,0,detected,-3.525573,0.445005,0.118984,-0.000115,-0.016720,0.026030,0.633818,8.480111,4504.500,0,0.057528,0.000000,0.170135,0.364382
tracking_cdrone3_20260822_200257_514_milestone4,milestone4,1787454188.931007862,target_map,1,1,0,detected,-0.851286,2.956524,0.076042,0.241971,0.053824,0.000047,0.471152,11.348674,731.250,0,0.157614,0.000000,0.205165,0.389403
tracking_cdrone3_20260822_200257_514_milestone4,milestone4,1787454188.931007862,target_map,2,2,0,detected,-1.202691,-2.093878,0.117265,-0.859506,0.213694,0.033102,0.410646,11.224567,416.250,1,0.157614,0.000000,0.205165,0.389403
tracking_cdrone3_20260822_200257_514_milestone4,milestone4,1787454188.931007862,target_map,3,3,0,detected,-3.525585,0.443331,0.121589,-0.000115,-0.016720,0.026030,0.617727,8.480111,4504.500,0,0.157614,0.000000,0.205165,0.389403
tracking_cdrone3_20260822_200257_514_milestone4,milestone4,1787454189.014430285,raw,1,1,0,detected,-0.889416,2.915445,0.088116,0.000030,-0.133022,0.049303,0.490479,11.341688,731.250,0,0.000000,0.000000,0.000000,0.000000
tracking_cdrone3_20260822_200257_514_milestone4,milestone4,1787454189.014430285,raw,2,2,0,detected,-1.265213,-2.110379,0.106989,-0.808005,0.070113,-0.020644,0.427490,11.032754,416.250,1,0.000000,0.000000,0.000000,0.000000
tracking_cdrone3_20260822_200257_514_milestone4,milestone4,1787454189.014430285,raw,3,3,0,detected,-3.550512,0.418856,0.121512,-0.101802,-0.110639,0.016430,0.644043,8.457849,4015.000,1,0.000000,0.000000,0.000000,0.000000
tracking_cdrone3_20260822_200257_514_milestone4,milestone4,1787454189.030948400,target_map,1,1,0,detected,-0.888029,2.914821,0.088461,0.108903,-0.048942,0.027138,0.488917,11.341688,731.250,0,0.012737,0.000000,0.154458,0.353184
tracking_cdrone3_20260822_200257_514_milestone4,milestone4,1787454189.030948400,target_map,2,2,0,detected,-1.275800,-2.108663,0.107034,-0.831180,0.134724,0.003542,0.426129,11.032754,416.250,1,0.012737,0.000000,0.154458,0.353184
tracking_cdrone3_20260822_200257_514_milestone4,milestone4,1787454189.030948400,target_map,3,3,0,detected,-3.551226,0.417985,0.121776,-0.056043,-0.068376,0.020750,0.641992,8.457849,4015.000,1,0.012737,0.000000,0.154458,0.353184
tracking_cdrone3_20260822_200257_514_milestone4,milestone4,1787454189.131046772,target_map,1,1,0,detected,-0.877129,2.909923,0.091178,0.108903,-0.048942,0.027138,0.476643,11.341688,731.250,0,0.112829,0.000000,0.189490,0.378207
tracking_cdrone3_20260822_200257_514_milestone4,milestone4,1787454189.131046772,target_map,2,2,0,detected,-1.358994,-2.095178,0.107389,-0.831180,0.134724,0.003542,0.415432,11.032754,416.250,1,0.112829,0.000000,0.189490,0.378207
tracking_cdrone3_20260822_200257_514_milestone4,milestone4,1787454189.131046772,target_map,3,3,0,detected,-3.556835,0.411141,0.123853,-0.056043,-0.068376,0.020750,0.625876,8.457849,4015.000,1,0.112829,0.000000,0.189490,0.378207
tracking_cdrone3_20260822_200257_514_milestone4,milestone4,1787454189.230875731,target_map,1,1,0,detected,-0.866257,2.905036,0.093887,0.108903,-0.048942,0.027138,0.464402,11.341688,731.250,0,0.212663,0.000000,0.224432,0.403166
tracking_cdrone3_20260822_200257_514_milestone4,milestone4,1787454189.230875731,target_map,2,2,0,detected,-1.441974,-2.081728,0.107742,-0.831180,0.134724,0.003542,0.404762,11.032754,416.250,1,0.212663,0.000000,0.224432,0.403166
tracking_cdrone3_20260822_200257_514_milestone4,milestone4,1787454189.230875731,target_map,3,3,0,detected,-3.562430,0.404315,0.125925,-0.056043,-0.068376,0.020750,0.609802,8.457849,4015.000,1,0.212663,0.000000,0.224432,0.403166
tracking_cdrone3_20260822_200257_514_milestone4,milestone4,1787454189.262301445,raw,1,1,0,detected,-0.922180,2.945099,0.063914,-0.132181,0.119636,-0.097640,0.490479,11.323978,731.250,1,0.000000,0.000000,0.000000,0.000000
tracking_cdrone3_20260822_200257_514_milestone4,milestone4,1787454189.262301445,raw,2,2,0,detected,-1.402238,-2.046481,0.087853,-0.552817,0.257791,-0.077200,0.427490,10.894298,416.250,1,0.000000,0.000000,0.000000,0.000000
tracking_cdrone3_20260822_200257_514_milestone4,milestone4,1787454189.262301445,raw,3,3,0,detected,-3.567442,0.437036,0.114517,-0.068302,0.073346,-0.028220,0.794922,8.448808,4054.500,0,0.000000,0.000000,0.000000,0.000000
tracking_cdrone3_20260822_200257_514_milestone4,milestone4,1787454189.330926657,target_map,1,1,0,detected,-0.923607,2.947735,0.061415,-0.023693,0.043776,-0.041490,0.483095,11.323978,731.250,1,0.060219,0.000000,0.171077,0.365055
tracking_cdrone3_20260822_200257_514_milestone4,milestone4,1787454189.330926657,target_map,2,2,0,detected,-1.443071,-2.034292,0.085392,-0.678080,0.202411,-0.040866,0.421055,10.894298,416.250,1,0.060219,0.000000,0.171077,0.365055
tracking_cdrone3_20260822_200257_514_milestone4,milestone4,1787454189.330926657,target_map,3,3,0,detected,-3.571223,0.437612,0.114145,-0.062785,0.009571,-0.006184,0.782955,8.448808,4054.500,0,0.060219,0.000000,0.171077,0.365055
tracking_cdrone3_20260822_200257_514_milestone4,milestone4,1787454189.430840492,target_map,1,1,0,detected,-0.925974,2.952109,0.057270,-0.023693,0.043776,-0.041490,0.470843,11.323978,731.250,1,0.160136,0.000000,0.206048,0.390034
tracking_cdrone3_20260822_200257_514_milestone4,milestone4,1787454189.430840492,target_map,2,2,0,detected,-1.510824,-2.014067,0.081309,-0.678080,0.202411,-0.040866,0.410376,10.894298,416.250,1,0.160136,0.000000,0.206048,0.390034
tracking_cdrone3_20260822_200257_514_milestone4,milestone4,1787454189.430840492,target_map,3,3,0,detected,-3.577496,0.438569,0.113527,-0.062785,0.009571,-0.006184,0.763098,8.448808,4054.500,0,0.160136,0.000000,0.206048,0.390034
tracking_cdrone3_20260822_200257_514_milestone4,milestone4,1787454189.531052828,target_map,1,1,2,predicted,-0.928348,2.956495,0.053112,-0.023693,0.043776,-0.041490,0.458556,11.323978,731.250,1,0.260336,0.260336,0.241118,0.415084
tracking_cdrone3_20260822_200257_514_milestone4,milestone4,1787454189.531052828,target_map,2,2,2,predicted,-1.578767,-1.993786,0.077214,-0.678080,0.202411,-0.040866,0.399667,10.894298,416.250,1,0.260336,0.260336,0.241118,0.415084
tracking_cdrone3_20260822_200257_514_milestone4,milestone4,1787454189.531052828,target_map,3,3,2,predicted,-3.583787,0.439528,0.112907,-0.062785,0.009571,-0.006184,0.743185,8.448808,4054.500,0,0.260336,0.260336,0.241118,0.415084
tracking_cdrone3_20260822_200257_514_milestone4,milestone4,1787454189.543355227,raw,1,1,0,detected,-0.938434,2.925499,0.252732,-0.057832,-0.069738,0.671827,0.490479,11.286723,731.250,1,0.000000,0.000000,0.000000,0.000000
tracking_cdrone3_20260822_200257_514_milestone4,milestone4,1787454189.543355227,raw,2,2,0,detected,-1.603874,-2.004387,0.261735,-0.717430,0.149770,0.618681,0.427490,10.678675,416.250,1,0.000000,0.000000,0.000000,0.000000
tracking_cdrone3_20260822_200257_514_milestone4,milestone4,1787454189.543355227,raw,3,3,0,detected,-3.564568,0.427042,0.265161,0.010224,-0.035560,0.535998,0.705078,8.437552,4360.500,0,0.000000,0.000000,0.000000,0.000000
tracking_cdrone3_20260822_200257_514_milestone4,milestone4,1787454189.543355227,raw,4,4,0,detected,5.737522,-3.855534,1.083925,0.000000,0.000000,0.000000,0.625977,18.152941,425.000,0,0.000000,0.000000,0.000000,0.000000
tracking_cdrone3_20260822_200257_514_milestone4,milestone4,1787454189.630979538,target_map,1,1,0,detected,-0.941644,2.924088,0.279252,-0.042469,-0.018657,0.350834,0.481210,11.286723,731.250,1,0.075591,0.000000,0.176457,0.368898
tracking_cdrone3_20260822_200257_514_milestone4,milestone4,1787454189.630979538,target_map,2,2,0,detected,-1.656767,-1.991276,0.286067,-0.699723,0.173459,0.321884,0.419412,10.678675,416.250,1,0.075591,0.000000,0.176457,0.368898
tracking_cdrone3_20260822_200257_514_milestone4,milestone4,1787454189.630979538,target_map,3,3,0,detected,-3.566279,0.425889,0.287235,-0.022630,-0.015251,0.292016,0.691754,8.437552,4360.500,0,0.075591,0.000000,0.176457,0.368898
tracking_cdrone3_20260822_200257_514_milestone4,milestone4,1787454189.630979538,target_map,4,4,0,detected,5.737522,-3.855534,1.083925,0.000000,0.000000,0.000000,0.614147,18.152941,425.000,0,0.075591,0.000000,0.176457,0.368898
tracking_cdrone3_20260822_200257_514_milestone4,milestone4,1787454189.731015205,target_map,1,1,0,detected,-0.945892,2.922222,0.314347,-0.042469,-0.018657,0.350834,0.468944,11.286723,731.250,1,0.175624,0.000000,0.211468,0.393906
tracking_cdrone3_20260822_200257_514_milestone4,milestone4,1787454189.731015205,target_map,2,2,0,detected,-1.726762,-1.973924,0.318266,-0.699723,0.173459,0.321884,0.408721,10.678675,416.250,1,0.175624,0.000000,0.211468,0.393906
tracking_cdrone3_20260822_200257_514_milestone4,milestone4,1787454189.731015205,target_map,3,3,0,detected,-3.568542,0.424363,0.316446,-0.022630,-0.015251,0.292016,0.674121,8.437552,4360.500,0,0.175624,0.000000,0.211468,0.393906
tracking_cdrone3_20260822_200257_514_milestone4,milestone4,1787454189.731015205,target_map,4,4,0,detected,5.737522,-3.855534,1.083925,0.000000,0.000000,0.000000,0.598493,18.152941,425.000,0,0.175624,0.000000,0.211468,0.393906
tracking_cdrone3_20260822_200257_514_milestone4,milestone4,1787454189.831061125,target_map,1,1,2,predicted,-0.950141,2.920356,0.349444,-0.042469,-0.018657,0.350834,0.456677,11.286723,731.250,1,0.275661,0.275661,0.246481,0.418915
tracking_cdrone3_20260822_200257_514_milestone4,milestone4,1787454189.831061125,target_map,2,2,2,predicted,-1.796760,-1.956572,0.350466,-0.699723,0.173459,0.321884,0.398030,10.678675,416.250,1,0.275661,0.275661,0.246481,0.418915
tracking_cdrone3_20260822_200257_514_milestone4,milestone4,1787454189.831061125,target_map,3,3,2,predicted,-3.570806,0.422838,0.345658,-0.022630,-0.015251,0.292016,0.656488,8.437552,4360.500,0,0.275661,0.275661,0.246481,0.418915
tracking_cdrone3_20260822_200257_514_milestone4,milestone4,1787454189.831061125,target_map,4,4,2,predicted,5.737522,-3.855534,1.083925,0.000000,0.000000,0.000000,0.582837,18.152941,425.000,0,0.275661,0.275661,0.246481,0.418915
tracking_cdrone3_20260822_200257_514_milestone4,milestone4,1787454189.855618477,raw,1,1,0,detected,-0.914970,2.966558,0.053372,0.075141,0.131490,-0.638438,0.490479,11.354524,731.250,0,0.000000,0.000000,0.000000,0.000000
tracking_cdrone3_20260822_200257_514_milestone4,milestone4,1787454189.855618477,raw,2,2,0,detected,-1.804173,-1.934639,0.070880,-0.641441,0.223365,-0.611200,0.427490,10.508586,416.250,1,0.000000,0.000000,0.000000,0.000000
tracking_cdrone3_20260822_200257_514_milestone4,milestone4,1787454189.855618477,raw,3,3,0,detected,-3.594257,0.446580,0.118404,-0.095077,0.062570,-0.469978,0.724609,8.445300,4097.500,0,0.000000,0.000000,0.000000,0.000000
tracking_cdrone3_20260822_200257_514_milestone4,milestone4,1787454189.855618477,raw,4,4,0,detected,5.960635,-3.854208,0.814478,0.714504,0.004246,-0.862885,0.427490,18.388453,476.000,0,0.000000,0.000000,0.000000,0.000000
tracking_cdrone3_20260822_200257_514_milestone4,milestone4,1787454189.931002140,target_map,1,1,0,detected,-0.913554,2.970633,0.041053,0.022216,0.063924,-0.193265,0.482663,11.354524,731.250,0,0.063739,0.000000,0.172309,0.365935
tracking_cdrone3_20260822_200257_514_milestone4,milestone4,1787454189.931002140,target_map,2,2,0,detected,-1.846729,-1.921833,0.058686,-0.667668,0.200907,-0.191312,0.420678,10.508586,416.250,1,0.063739,0.000000,0.172309,0.365935
tracking_cdrone3_20260822_200257_514_milestone4,milestone4,1787454189.931002140,target_map,3,3,0,detected,-3.598239,0.448336,0.110304,-0.062476,0.027551,-0.127081,0.713063,8.445300,4097.500,0,0.063739,0.000000,0.172309,0.365935
tracking_cdrone3_20260822_200257_514_milestone4,milestone4,1787454189.931002140,target_map,4,4,0,detected,5.985683,-3.854059,0.784228,0.392977,0.002335,-0.474587,0.420678,18.388453,476.000,0,0.063739,0.000000,0.172309,0.365935
tracking_cdrone3_20260822_200257_514_milestone4,milestone4,1787454190.030855417,target_map,1,1,0,detected,-0.911336,2.977016,0.021754,0.022216,0.063924,-0.193265,0.470418,11.354524,731.250,0,0.163596,0.000000,0.207259,0.390899
tracking_cdrone3_20260822_200257_514_milestone4,milestone4,1787454190.030855417,target_map,2,2,0,detected,-1.913401,-1.901771,0.039582,-0.667668,0.200907,-0.191312,0.410006,10.508586,416.250,1,0.163596,0.000000,0.207259,0.390899
tracking_cdrone3_20260822_200257_514_milestone4,milestone4,1787454190.030855417,target_map,3,3,0,detected,-3.604478,0.451087,0.097614,-0.062476,0.027551,-0.127081,0.694974,8.445300,4097.500,0,0.163596,0.000000,0.207259,0.390899
tracking_cdrone3_20260822_200257_514_milestone4,milestone4,1787454190.030855417,target_map,4,4,0,detected,6.024925,-3.853826,0.736837,0.392977,0.002335,-0.474587,0.410006,18.388453,476.000,0,0.163596,0.000000,0.207259,0.390899
tracking_cdrone3_20260822_200257_514_milestone4,milestone4,1787454190.106494904,raw,1,1,0,detected,-0.809294,3.095661,0.289076,0.421229,0.514611,0.939532,0.490479,11.456029,731.250,0,0.000000,0.000000,0.000000,0.000000
tracking_cdrone3_20260822_200257_514_milestone4,milestone4,1787454190.106494904,raw,2,2,0,detected,-1.968757,-1.781879,0.300842,-0.656043,0.608909,0.916644,0.427490,10.285869,416.250,1,0.000000,0.000000,0.000000,0.000000
tracking_cdrone3_20260822_200257_514_milestone4,milestone4,1787454190.106494904,raw,3,3,0,detected,-3.561661,0.521864,0.315729,0.129930,0.300086,0.786550,0.641602,8.445453,4265.750,0,0.000000,0.000000,0.000000,0.000000
tracking_cdrone3_20260822_200257_514_milestone4,milestone4,1787454190.106494904,raw,4,4,0,detected,5.954124,-3.651442,1.293157,-0.025953,0.808240,1.908046,0.414795,18.321812,368.000,1,0.000000,0.000000,0.000000,0.000000
tracking_cdrone3_20260822_200257_514_milestone4,milestone4,1787454190.130990744,target_map,1,1,0,detected,-0.804556,3.101774,0.297502,0.241673,0.311802,0.429773,0.488074,11.456029,731.250,0,0.019606,0.000000,0.156862,0.354901
tracking_cdrone3_20260822_200257_514_milestone4,milestone4,1787454190.130990744,target_map,2,2,0,detected,-1.981722,-1.773541,0.309039,-0.661274,0.425308,0.418064,0.425395,10.285869,416.250,1,0.019606,0.000000,0.156862,0.354901
tracking_cdrone3_20260822_200257_514_milestone4,milestone4,1787454190.130990744,target_map,3,3,0,detected,-3.560811,0.525343,0.323089,0.043347,0.177445,0.375416,0.638457,8.445453,4265.750,0,0.019606,0.000000,0.156862,0.354901
tracking_cdrone3_20260822_200257_514_milestone4,milestone4,1787454190.130990744,target_map,4,4,0,detected,5.957312,-3.642706,1.309544,0.162566,0.445583,0.835861,0.412762,18.321812,368.000,1,0.019606,0.000000,0.156862,0.354901
tracking_cdrone3_20260822_200257_514_milestone4,milestone4,1787454190.232186556,target_map,1,1,0,detected,-0.780097,3.133330,0.340998,0.241673,0.311802,0.429773,0.475665,11.456029,731.250,0,0.120812,0.000000,0.192284,0.380203
tracking_cdrone3_20260822_200257_514_milestone4,milestone4,1787454190.232186556,target_map,2,2,0,detected,-2.048647,-1.730497,0.351350,-0.661274,0.425308,0.418064,0.414579,10.285869,416.250,1,0.120812,0.000000,0.192284,0.380203
tracking_cdrone3_20260822_200257_514_milestone4,milestone4,1787454190.232186556,target_map,3,3,0,detected,-3.556424,0.543301,0.361084,0.043347,0.177445,0.375416,0.622223,8.445453,4265.750,0,0.120812,0.000000,0.192284,0.380203
tracking_cdrone3_20260822_200257_514_milestone4,milestone4,1787454190.232186556,target_map,4,4,0,detected,5.973764,-3.597610,1.394139,0.162566,0.445583,0.835861,0.402267,18.321812,368.000,1,0.120812,0.000000,0.192284,0.380203
tracking_cdrone3_20260822_200257_514_milestone4,milestone4,1787454190.330821514,target_map,1,1,0,detected,-0.756263,3.164081,0.383384,0.241673,0.311802,0.429773,0.463571,11.456029,731.250,0,0.219436,0.000000,0.226803,0.404859
tracking_cdrone3_20260822_200257_514_milestone4,milestone4,1787454190.330821514,target_map,2,2,0,detected,-2.113864,-1.688551,0.392581,-0.661274,0.425308,0.418064,0.404039,10.285869,416.250,1,0.219436,0.000000,0.226803,0.404859
tracking_cdrone3_20260822_200257_514_milestone4,milestone4,1787454190.330821514,target_map,3,3,0,detected,-3.552149,0.560802,0.398109,0.043347,0.177445,0.375416,0.606404,8.445453,4265.750,0,0.219436,0.000000,0.226803,0.404859
tracking_cdrone3_20260822_200257_514_milestone4,milestone4,1787454190.330821514,target_map,4,4,0,detected,5.989797,-3.553664,1.476575,0.162566,0.445583,0.835861,0.392040,18.321812,368.000,1,0.219436,0.000000,0.226803,0.404859
tracking_cdrone3_20260822_200257_514_milestone4,milestone4,1787454190.355631590,raw,1,1,0,detected,-0.768782,3.060101,0.138366,0.162612,-0.142731,-0.604931,0.490479,11.515108,731.250,0,0.000000,0.000000,0.000000,0.000000
tracking_cdrone3_20260822_200257_514_milestone4,milestone4,1787454190.355631590,raw,2,2,0,detected,-2.159608,-1.783178,0.193875,-0.766052,-0.005212,-0.429352,0.427490,10.127239,416.250,1,0.000000,0.000000,0.000000,0.000000
tracking_cdrone3_20260822_200257_514_milestone4,milestone4,1787454190.355631590,raw,3,3,0,detected,-3.603293,0.483844,0.217578,-0.167104,-0.152608,-0.393967,0.641602,8.429452,4265.750,1,0.000000,0.000000,0.000000,0.000000
tracking_cdrone3_20260822_200257_514_milestone4,milestone4,1787454190.355631590,raw,4,4,0,detected,6.357953,-3.809432,1.176098,1.620918,-0.634154,-0.469860,0.565918,18.766346,555.000,0,0.000000,0.000000,0.000000,0.000000
tracking_cdrone3_20260822_200257_514_milestone4,milestone4,1787454190.430821180,target_map,1,1,0,detected,-0.754669,3.064503,0.128445,0.198189,0.061809,-0.139314,0.481747,11.515108,731.250,0,0.071210,0.000000,0.174923,0.367802
tracking_cdrone3_20260822_200257_514_milestone4,milestone4,1787454190.430821180,target_map,2,2,0,detected,-2.210801,-1.769753,0.190456,-0.718902,0.188522,-0.048015,0.419880,10.127239,416.250,1,0.071210,0.000000,0.174923,0.367802
tracking_cdrone3_20260822_200257_514_milestone4,milestone4,1787454190.430821180,target_map,3,3,0,detected,-3.608449,0.483553,0.214178,-0.072401,-0.004084,-0.047744,0.630179,8.429452,4265.750,1,0.071210,0.000000,0.174923,0.367802
tracking_cdrone3_20260822_200257_514_milestone4,milestone4,1787454190.430821180,target_map,4,4,0,detected,6.426646,-3.819990,1.184480,0.964659,-0.148272,0.117715,0.555843,18.766346,555.000,0,0.071210,0.000000,0.174923,0.367802
tracking_cdrone3_20260822_200257_514_milestone4,milestone4,1787454190.530909538,target_map,1,1,0,detected,-0.734837,3.070688,0.114505,0.198189,0.061809,-0.139314,0.469477,11.515108,731.250,0,0.171276,0.000000,0.209947,0.392819
tracking_cdrone3_20260822_200257_514_milestone4,milestone4,1787454190.530909538,target_map,2,2,0,detected,-2.282739,-1.750888,0.185652,-0.718902,0.188522,-0.048015,0.409185,10.127239,416.250,1,0.171276,0.000000,0.209947,0.392819
tracking_cdrone3_20260822_200257_514_milestone4,milestone4,1787454190.530909538,target_map,3,3,0,detected,-3.615694,0.483144,0.209400,-0.072401,-0.004084,-0.047744,0.614129,8.429452,4265.750,1,0.171276,0.000000,0.209947,0.392819
tracking_cdrone3_20260822_200257_514_milestone4,milestone4,1787454190.530909538,target_map,4,4,0,detected,6.523176,-3.834828,1.196259,0.964659,-0.148272,0.117715,0.541686,18.766346,555.000,0,0.171276,0.000000,0.209947,0.392819
tracking_cdrone3_20260822_200257_514_milestone4,milestone4,1787454190.615099430,raw,1,1,0,detected,-0.766860,2.975001,0.159810,0.007409,-0.327967,0.082644,0.490479,11.515002,731.250,0,0.000000,0.000000,0.000000,0.000000
tracking_cdrone3_20260822_200257_514_milestone4,milestone4,1787454190.615099430,raw,2,2,0,detected,-2.387320,-1.803957,0.210332,-0.877579,-0.080082,0.063422,0.427490,9.934211,416.250,1,0.000000,0.000000,0.000000,0.000000
tracking_cdrone3_20260822_200257_514_milestone4,milestone4,1787454190.615099430,raw,3,3,0,detected,-3.597868,0.421538,0.222477,0.020906,-0.240120,0.018880,0.641602,8.455406,4265.750,0,0.000000,0.000000,0.000000,0.000000
tracking_cdrone3_20260822_200257_514_milestone4,milestone4,1787454190.615099430,raw,4,4,0,detected,4.924369,-3.600591,1.311387,-5.524881,0.804851,0.521391,0.718750,17.347729,440.000,1,0.000000,0.000000,0.000000,0.000000
tracking_cdrone3_20260822_200257_514_milestone4,milestone4,1787454190.631050348,target_map,1,1,0,detected,-0.765844,2.973339,0.159622,0.093260,-0.152568,-0.017237,0.489142,11.515002,731.250,0,0.010896,0.000000,0.153814,0.352724
tracking_cdrone3_20260822_200257_514_milestone4,milestone4,1787454190.631050348,target_map,2,2,0,detected,-2.396105,-1.803513,0.210477,-0.806174,0.040790,0.013275,0.426326,9.934211,416.250,1,0.010896,0.000000,0.153814,0.352724
tracking_cdrone3_20260822_200257_514_milestone4,milestone4,1787454190.631050348,target_map,3,3,0,detected,-3.598098,0.420079,0.222356,-0.021082,-0.133904,-0.011101,0.639854,8.455406,4265.750,0,0.010896,0.000000,0.153814,0.352724
tracking_cdrone3_20260822_200257_514_milestone4,milestone4,1787454190.631050348,target_map,4,4,0,detected,4.895988,-3.596494,1.315089,-2.604588,0.375945,0.339737,0.716792,17.347729,440.000,1,0.010896,0.000000,0.153814,0.352724
tracking_cdrone3_20260822_200257_514_milestone4,milestone4,1787454190.730832577,target_map,1,1,0,detected,-0.756538,2.958116,0.157902,0.093260,-0.152568,-0.017237,0.476908,11.515002,731.250,0,0.110672,0.000000,0.188735,0.377668
tracking_cdrone3_20260822_200257_514_milestone4,milestone4,1787454190.730832577,target_map,2,2,0,detected,-2.476541,-1.799443,0.211801,-0.806174,0.040790,0.013275,0.415662,9.934211,416.250,1,0.110672,0.000000,0.188735,0.377668
tracking_cdrone3_20260822_200257_514_milestone4,milestone4,1787454190.730832577,target_map,3,3,0,detected,-3.600201,0.406719,0.221248,-0.021082,-0.133904,-0.011101,0.623850,8.455406,4265.750,0,0.110672,0.000000,0.188735,0.377668
tracking_cdrone3_20260822_200257_514_milestone4,milestone4,1787454190.730832577,target_map,4,4,0,detected,4.636114,-3.558984,1.348987,-2.604588,0.375945,0.339737,0.698864,17.347729,440.000,1,0.110672,0.000000,0.188735,0.377668
tracking_cdrone3_20260822_200257_514_milestone4,milestone4,1787454190.831052542,target_map,1,1,0,detected,-0.747192,2.942826,0.156175,0.093260,-0.152568,-0.017237,0.464619,11.515002,731.250,0,0.210891,0.000000,0.223812,0.402723
tracking_cdrone3_20260822_200257_514_milestone4,milestone4,1787454190.831052542,target_map,2,2,0,detected,-2.557335,-1.795355,0.213132,-0.806174,0.040790,0.013275,0.404952,9.934211,416.250,1,0.210891,0.000000,0.223812,0.402723
tracking_cdrone3_20260822_200257_514_milestone4,milestone4,1787454190.831052542,target_map,3,3,0,detected,-3.602314,0.393299,0.220136,-0.021082,-0.133904,-0.011101,0.607775,8.455406,4265.750,0,0.210891,0.000000,0.223812,0.402723
tracking_cdrone3_20260822_200257_514_milestone4,milestone4,1787454190.831052542,target_map,4,4,0,detected,4.375085,-3.521307,1.383034,-2.604588,0.375945,0.339737,0.680856,17.347729,440.000,1,0.210891,0.000000,0.223812,0.402723
tracking_cdrone3_20260822_200257_514_milestone4,milestone4,1787454190.845857143,raw,1,1,0,detected,-0.826553,2.981035,0.159418,-0.258687,0.026146,-0.001698,0.490479,11.471613,731.250,1,0.000000,0.000000,0.000000,0.000000
tracking_cdrone3_20260822_200257_514_milestone4,milestone4,1787454190.845857143,raw,3,3,0,detected,-2.598011,0.298346,0.221439,4.332970,-0.533862,-0.004497,0.551758,9.457535,3895.500,0,0.000000,0.000000,0.000000,0.000000
tracking_cdrone3_20260822_200257_514_milestone4,milestone4,1787454190.845857143,raw,4,4,0,detected,6.854184,-4.041141,1.260050,8.363027,-1.909163,-0.222475,0.718750,19.344904,440.000,0,0.000000,0.000000,0.000000,0.000000
