run_id,experiment_tag,timestamp_s,sample_kind,track_id,detector_track_id,source,source_label,x_m,y_m,z_m,vx_mps,vy_mps,vz_mps,confidence,distance_m,bbox_area_px,inbound,last_observed_age_s,prediction_horizon_s,position_uncertainty_m,velocity_uncertainty_mps
tracking_cdrone3_20260822_111710_460_milestone4,milestone4,1787422630.501188993,target_map,1,1,0,detected,-6.174888,0.090390,0.019786,-0.013681,-0.009446,-0.006443,0.806506,5.625001,2278.000,0,0.092905,0.000000,0.182517,0.373226
tracking_cdrone3_20260822_111710_460_milestone4,milestone4,1787422630.581379890,raw,1,1,0,detected,-6.172276,0.093046,0.021659,0.007407,0.009822,0.007038,0.826660,5.626320,2329.000,0,0.000000,0.000000,0.000000,0.000000
tracking_cdrone3_20260822_111710_460_milestone4,milestone4,1787422630.604464769,target_map,1,1,0,detected,-6.176301,0.089415,0.019120,-0.013681,-0.009446,-0.006443,0.785190,5.625001,2278.000,0,0.196172,0.000000,0.218660,0.399043
tracking_cdrone3_20260822_111710_460_milestone4,milestone4,1787422630.701779604,target_map,1,1,0,detected,-6.172326,0.093074,0.021682,-0.002083,0.001151,0.000971,0.821806,5.626320,2329.000,0,0.023487,0.000000,0.158221,0.355872
tracking_cdrone3_20260822_111710_460_milestone4,milestone4,1787422630.705985069,raw,1,1,0,detected,-6.174324,0.094356,0.018046,-0.016434,0.010508,-0.028998,0.835449,5.624313,2244.000,0,0.000000,0.000000,0.000000,0.000000
tracking_cdrone3_20260822_111710_460_milestone4,milestone4,1787422630.799957514,target_map,1,1,0,detected,-6.175054,0.094816,0.016911,-0.009976,0.006297,-0.015512,0.820176,5.624313,2244.000,0,0.073126,0.000000,0.175594,0.368281
tracking_cdrone3_20260822_111710_460_milestone4,milestone4,1787422630.843940258,raw,1,1,0,detected,-6.173395,0.093625,0.023734,0.006734,-0.005297,0.041223,0.833984,5.625217,2261.250,0,0.000000,0.000000,0.000000,0.000000
tracking_cdrone3_20260822_111710_460_milestone4,milestone4,1787422630.899914503,target_map,1,1,0,detected,-6.173436,0.093621,0.024564,-0.000785,-0.000080,0.015692,0.822951,5.625217,2261.250,0,0.052917,0.000000,0.168521,0.363229
tracking_cdrone3_20260822_111710_460_milestone4,milestone4,1787422630.958981752,raw,1,1,0,detected,-6.173654,0.092118,0.024267,-0.002249,-0.013101,0.004634,0.825684,5.624949,2244.000,0,0.000000,0.000000,0.000000,0.000000
tracking_cdrone3_20260822_111710_460_milestone4,milestone4,1787422631.000374794,target_map,1,1,0,detected,-6.173713,0.091847,0.024627,-0.001590,-0.007241,0.009610,0.817944,5.624949,2244.000,0,0.037492,0.000000,0.163122,0.359373
tracking_cdrone3_20260822_111710_460_milestone4,milestone4,1787422631.099539995,raw,1,1,0,detected,-6.172274,0.092407,0.022552,0.009818,0.002056,-0.012197,0.827148,5.626315,2244.500,0,0.000000,0.000000,0.000000,0.000000
tracking_cdrone3_20260822_111710_460_milestone4,milestone4,1787422631.100942135,target_map,1,1,0,detected,-6.173873,0.091118,0.025594,-0.001590,-0.007241,0.009610,0.797183,5.624949,2244.000,0,0.138069,0.000000,0.198324,0.384517
tracking_cdrone3_20260822_111710_460_milestone4,milestone4,1787422631.199947596,target_map,1,1,0,detected,-6.171854,0.092216,0.022339,0.004684,-0.002128,-0.002384,0.808603,5.626315,2244.500,0,0.089684,0.000000,0.181390,0.372421
tracking_cdrone3_20260822_111710_460_milestone4,milestone4,1787422631.299998283,target_map,1,1,0,detected,-6.171385,0.092003,0.022100,0.004684,-0.002128,-0.002384,0.787914,5.626315,2244.500,0,0.189731,0.000000,0.216406,0.397433
tracking_cdrone3_20260822_111710_460_milestone4,milestone4,1787422631.344277859,raw,1,1,0,detected,-6.172558,0.091487,0.023036,-0.001163,-0.003760,0.001977,0.826660,5.626068,2194.500,0,0.000000,0.000000,0.000000,0.000000
tracking_cdrone3_20260822_111710_460_milestone4,milestone4,1787422631.400016546,target_map,1,1,0,detected,-6.172481,0.091327,0.023037,0.001468,-0.003025,0.000015,0.815733,5.626068,2194.500,0,0.052873,0.000000,0.168505,0.363218
tracking_cdrone3_20260822_111710_460_milestone4,milestone4,1787422631.499756336,target_map,1,1,0,detected,-6.172334,0.091025,0.023039,0.001468,-0.003025,0.000015,0.795119,5.626068,2194.500,0,0.152621,0.000000,0.203417,0.388155
tracking_cdrone3_20260822_111710_460_milestone4,milestone4,1787422631.562108278,raw,1,1,0,detected,-6.176553,0.092685,0.023356,-0.018338,0.005499,0.001468,0.823242,5.622076,2294.750,0,0.000000,0.000000,0.000000,0.000000
tracking_cdrone3_20260822_111710_460_milestone4,milestone4,1787422631.600317717,target_map,1,1,0,detected,-6.176872,0.092741,0.023384,-0.009425,0.001663,0.000814,0.816269,5.622076,2294.750,0,0.033879,0.000000,0.161858,0.358470
tracking_cdrone3_20260822_111710_460_milestone4,milestone4,1787422631.699844360,target_map,1,1,0,detected,-6.177810,0.092907,0.023465,-0.009425,0.001663,0.000814,0.795787,5.622076,2294.750,0,0.133401,0.000000,0.196690,0.383350
tracking_cdrone3_20260822_111710_460_milestone4,milestone4,1787422631.777078152,raw,1,1,0,detected,-6.177655,0.093401,0.023934,-0.005130,0.003332,0.002690,0.828613,5.620965,2226.250,0,0.000000,0.000000,0.000000,0.000000
tracking_cdrone3_20260822_111710_460_milestone4,milestone4,1787422631.800306082,target_map,1,1,0,detected,-6.177778,0.093446,0.023967,-0.007063,0.002581,0.001846,0.825005,5.620965,2226.250,0,0.017420,0.000000,0.156097,0.354355
tracking_cdrone3_20260822_111710_460_milestone4,milestone4,1787422631.899801016,target_map,1,1,0,detected,-6.178481,0.093703,0.024150,-0.007063,0.002581,0.001846,0.804399,5.620965,2226.250,0,0.116891,0.000000,0.190912,0.379223
tracking_cdrone3_20260822_111710_460_milestone4,milestone4,1787422631.982712984,raw,1,1,0,detected,-6.176347,0.093757,0.022665,0.006356,0.001728,-0.006169,0.827637,5.622227,2278.000,0,0.000000,0.000000,0.000000,0.000000
tracking_cdrone3_20260822_111710_460_milestone4,milestone4,1787422631.999508381,target_map,1,1,0,detected,-6.176344,0.093780,0.022636,0.000317,0.002112,-0.002562,0.825325,5.622227,2278.000,0,0.011173,0.000000,0.153911,0.352793
tracking_cdrone3_20260822_111710_460_milestone4,milestone4,1787422632.099877119,target_map,1,1,0,detected,-6.176312,0.093992,0.022379,0.000317,0.002112,-0.002562,0.804562,5.622227,2278.000,0,0.111522,0.000000,0.189033,0.377881
tracking_cdrone3_20260822_111710_460_milestone4,milestone4,1787422632.200316668,target_map,1,1,0,detected,-6.176280,0.094204,0.022122,0.000317,0.002112,-0.002562,0.783781,5.622227,2278.000,0,0.211956,0.000000,0.224185,0.402989
tracking_cdrone3_20260822_111710_460_milestone4,milestone4,1787422632.235989094,raw,1,1,0,detected,-6.176999,0.093587,0.021732,-0.002573,-0.000669,-0.003685,0.836426,5.621588,2329.000,0,0.000000,0.000000,0.000000,0.000000
tracking_cdrone3_20260822_111710_460_milestone4,milestone4,1787422632.300232649,target_map,1,1,0,detected,-6.177070,0.093620,0.021554,-0.001272,0.000582,-0.003180,0.824707,5.621588,2329.000,0,0.056041,0.000000,0.169614,0.364010
tracking_cdrone3_20260822_111710_460_milestone4,milestone4,1787422632.399734735,target_map,1,1,0,detected,-6.177197,0.093678,0.021237,-0.001272,0.000582,-0.003180,0.803902,5.621588,2329.000,0,0.155538,0.000000,0.204438,0.388884
tracking_cdrone3_20260822_111710_460_milestone4,milestone4,1787422632.477284431,raw,1,1,0,detected,-6.177341,0.094517,0.021387,-0.001417,0.003855,-0.001431,0.829102,5.621287,2278.000,0,0.000000,0.000000,0.000000,0.000000
tracking_cdrone3_20260822_111710_460_milestone4,milestone4,1787422632.499935627,target_map,1,1,0,detected,-6.177363,0.094558,0.021349,-0.001352,0.002382,-0.002218,0.825586,5.621287,2278.000,0,0.016963,0.000000,0.155937,0.354241
tracking_cdrone3_20260822_111710_460_milestone4,milestone4,1787422632.599928379,target_map,1,1,0,detected,-6.177499,0.094796,0.021127,-0.001352,0.002382,-0.002218,0.804859,5.621287,2278.000,0,0.116956,0.000000,0.190935,0.379239
tracking_cdrone3_20260822_111710_460_milestone4,milestone4,1787422632.696227789,raw,1,1,0,detected,-6.176726,0.092839,0.024472,0.002807,-0.007666,0.014093,0.825684,5.621892,2278.000,0,0.000000,0.000000,0.000000,0.000000
tracking_cdrone3_20260822_111710_460_milestone4,milestone4,1787422632.699957609,target_map,1,1,0,detected,-6.177634,0.095034,0.020905,-0.001352,0.002382,-0.002218,0.784126,5.621287,2278.000,0,0.216984,0.000000,0.225944,0.404246
tracking_cdrone3_20260822_111710_460_milestone4,milestone4,1787422632.799629688,target_map,1,1,0,detected,-6.176640,0.092549,0.025095,0.000936,-0.003144,0.006753,0.806638,5.621892,2278.000,0,0.092267,0.000000,0.182293,0.373067
tracking_cdrone3_20260822_111710_460_milestone4,milestone4,1787422632.899757385,target_map,1,1,0,detected,-6.176546,0.092234,0.025771,0.000936,-0.003144,0.006753,0.785972,5.621892,2278.000,0,0.192384,0.000000,0.217334,0.398096
tracking_cdrone3_20260822_111710_460_milestone4,milestone4,1787422632.907283783,raw,1,1,0,detected,-6.178643,0.095395,0.021888,-0.009083,0.012110,-0.012247,0.832520,5.619983,2312.000,0,0.000000,0.000000,0.000000,0.000000
tracking_cdrone3_20260822_111710_460_milestone4,milestone4,1787422632.999643803,target_map,1,1,0,detected,-6.179014,0.095820,0.021588,-0.004575,0.005246,-0.003697,0.815633,5.619983,2312.000,0,0.081133,0.000000,0.178397,0.370283
tracking_cdrone3_20260822_111710_460_milestone4,milestone4,1787422633.099695683,target_map,1,1,0,detected,-6.179471,0.096345,0.021218,-0.004575,0.005246,-0.003697,0.794811,5.619983,2312.000,0,0.181176,0.000000,0.213412,0.395294
tracking_cdrone3_20260822_111710_460_milestone4,milestone4,1787422633.134553909,raw,1,1,0,detected,-6.175190,0.092183,0.023329,0.015189,-0.014131,0.006340,0.829590,5.623436,2294.750,0,0.000000,0.000000,0.000000,0.000000
tracking_cdrone3_20260822_111710_460_milestone4,milestone4,1787422633.199635983,target_map,1,1,0,detected,-6.174835,0.091878,0.023432,0.006295,-0.005411,0.001824,0.817892,5.623436,2294.750,0,0.056402,0.000000,0.169741,0.364101
tracking_cdrone3_20260822_111710_460_milestone4,milestone4,1787422633.299958706,target_map,1,1,0,detected,-6.174204,0.091335,0.023614,0.006295,-0.005411,0.001824,0.797088,5.623436,2294.750,0,0.156712,0.000000,0.204849,0.389178
tracking_cdrone3_20260822_111710_460_milestone4,milestone4,1787422633.364660025,raw,1,1,0,detected,-6.177059,0.093999,0.019670,-0.008113,0.007885,-0.015887,0.835449,5.621657,2244.500,0,0.000000,0.000000,0.000000,0.000000
tracking_cdrone3_20260822_111710_460_milestone4,milestone4,1787422633.400433540,target_map,1,1,0,detected,-6.177107,0.094055,0.019436,-0.001629,0.001902,-0.007917,0.829264,5.621657,2244.500,0,0.029614,0.000000,0.160365,0.357403
tracking_cdrone3_20260822_111710_460_milestone4,milestone4,1787422633.500334501,target_map,1,1,0,detected,-6.177269,0.094245,0.018645,-0.001629,0.001902,-0.007917,0.808401,5.621657,2244.500,0,0.129501,0.000000,0.195325,0.382375
tracking_cdrone3_20260822_111710_460_milestone4,milestone4,1787422633.562997818,raw,1,1,0,detected,-6.176040,0.092741,0.024125,0.005141,-0.006346,0.022480,0.839844,5.622588,2278.000,0,0.000000,0.000000,0.000000,0.000000
tracking_cdrone3_20260822_111710_460_milestone4,milestone4,1787422633.600020170,target_map,1,1,0,detected,-6.175972,0.092655,0.024414,0.002094,-0.002634,0.008801,0.832968,5.622588,2278.000,0,0.032747,0.000000,0.161461,0.358187
tracking_cdrone3_20260822_111710_460_milestone4,milestone4,1787422633.699643373,target_map,1,1,0,detected,-6.175763,0.092392,0.025291,0.002094,-0.002634,0.008801,0.812050,5.622588,2278.000,0,0.132377,0.000000,0.196332,0.383094
tracking_cdrone3_20260822_111710_460_milestone4,milestone4,1787422633.791280985,raw,1,1,0,detected,-6.174872,0.092686,0.023062,0.005116,-0.000240,-0.004659,0.832520,5.623737,2261.250,0,0.000000,0.000000,0.000000,0.000000
tracking_cdrone3_20260822_111710_460_milestone4,milestone4,1787422633.799583197,target_map,1,1,0,detected,-6.174852,0.092679,0.023069,0.003756,-0.001318,0.001398,0.831400,5.623737,2261.250,0,0.005378,0.000000,0.151882,0.351344
tracking_cdrone3_20260822_111710_460_milestone4,milestone4,1787422633.899617910,target_map,1,1,0,detected,-6.174476,0.092548,0.023209,0.003756,-0.001318,0.001398,0.810580,5.623737,2261.250,0,0.105412,0.000000,0.186894,0.376353
tracking_cdrone3_20260822_111710_460_milestone4,milestone4,1787422633.999688864,target_map,1,1,0,detected,-6.174100,0.092416,0.023349,0.003756,-0.001318,0.001398,0.789754,5.623737,2261.250,0,0.205475,0.000000,0.221916,0.401369
tracking_cdrone3_20260822_111710_460_milestone4,milestone4,1787422634.020370960,raw,1,1,0,detected,-6.310865,0.090652,0.024582,-0.593645,-0.008880,0.006633,0.829590,5.487747,2227.500,1,0.000000,0.000000,0.000000,0.000000
tracking_cdrone3_20260822_111710_460_milestone4,milestone4,1787422634.099677086,target_map,1,1,0,detected,-6.335765,0.090232,0.024909,-0.324814,-0.005477,0.004278,0.813691,5.487747,2227.500,1,0.076660,0.000000,0.176831,0.369165
tracking_cdrone3_20260822_111710_460_milestone4,milestone4,1787422634.200016499,target_map,1,1,0,detected,-6.368351,0.089683,0.025339,-0.324814,-0.005477,0.004278,0.792884,5.487747,2227.500,1,0.176982,0.000000,0.211944,0.394246
tracking_cdrone3_20260822_111710_460_milestone4,milestone4,1787422634.247707129,raw,1,1,0,detected,-6.172365,0.090152,0.024429,0.609238,-0.002202,-0.000669,0.812012,5.626179,2160.000,0,0.000000,0.000000,0.000000,0.000000
tracking_cdrone3_20260822_111710_460_milestone4,milestone4,1787422634.299674749,target_map,1,1,0,detected,-6.163109,0.089971,0.024506,0.188914,-0.003676,0.001557,0.802066,5.626179,2160.000,0,0.048992,0.000000,0.167147,0.362248
tracking_cdrone3_20260822_111710_460_milestone4,milestone4,1787422634.399781466,target_map,1,1,0,detected,-6.144200,0.089604,0.024662,0.188914,-0.003676,0.001557,0.781746,5.626179,2160.000,0,0.149089,0.000000,0.202181,0.387272
tracking_cdrone3_20260822_111710_460_milestone4,milestone4,1787422634.449321270,raw,1,1,0,detected,-6.174108,0.092310,0.019130,-0.008646,0.010705,-0.026285,0.825684,5.624585,2227.500,0,0.000000,0.000000,0.000000,0.000000
tracking_cdrone3_20260822_111710_460_milestone4,milestone4,1787422634.499924660,target_map,1,1,0,detected,-6.170465,0.092502,0.018506,0.080256,0.004234,-0.013756,0.816316,5.624585,2227.500,0,0.045382,0.000000,0.165884,0.361345
tracking_cdrone3_20260822_111710_460_milestone4,milestone4,1787422634.601046324,target_map,1,1,0,detected,-6.162350,0.092930,0.017115,0.080256,0.004234,-0.013756,0.795443,5.624585,2227.500,0,0.146497,0.000000,0.201274,0.386624
tracking_cdrone3_20260822_111710_460_milestone4,milestone4,1787422634.638179541,raw,1,1,0,detected,-6.299249,0.082094,0.031537,-0.662568,-0.054091,0.065693,0.821289,5.499028,2176.000,1,0.000000,0.000000,0.000000,0.000000
tracking_cdrone3_20260822_111710_460_milestone4,milestone4,1787422634.699701548,target_map,1,1,0,detected,-6.317759,0.080524,0.033225,-0.328297,-0.027845,0.029941,0.809713,5.499028,2176.000,1,0.056380,0.000000,0.169733,0.364095
tracking_cdrone3_20260822_111710_460_milestone4,milestone4,1787422634.801759005,target_map,1,1,0,detected,-6.351254,0.077683,0.036280,-0.328297,-0.027845,0.029941,0.788764,5.499028,2176.000,1,0.158410,0.000000,0.205443,0.389602
tracking_cdrone3_20260822_111710_460_milestone4,milestone4,1787422634.878780603,raw,1,1,0,detected,-6.180738,0.108078,-0.028836,0.492563,0.107997,-0.250927,0.826660,5.619323,2227.500,0,0.000000,0.000000,0.000000,0.000000
tracking_cdrone3_20260822_111710_460_milestone4,milestone4,1787422634.899702549,target_map,1,1,0,detected,-6.178621,0.108883,-0.030977,0.123176,0.046868,-0.124537,0.823107,5.619323,2227.500,0,0.017191,0.000000,0.156017,0.354298
tracking_cdrone3_20260822_111710_460_milestone4,milestone4,1787422635.000003099,target_map,1,1,0,detected,-6.166267,0.113584,-0.043467,0.123176,0.046868,-0.124537,0.802379,5.619323,2227.500,0,0.117488,0.000000,0.191121,0.379372
tracking_cdrone3_20260822_111710_460_milestone4,milestone4,1787422635.099663973,target_map,1,1,0,detected,-6.153991,0.118255,-0.055879,0.123176,0.046868,-0.124537,0.781783,5.619323,2227.500,0,0.217148,0.000000,0.226002,0.404287
tracking_cdrone3_20260822_111710_460_milestone4,milestone4,1787422635.122358084,raw,1,1,0,detected,-6.322222,0.103198,-0.026120,-0.580895,-0.020037,0.011151,0.829590,5.477935,2176.000,1,0.000000,0.000000,0.000000,0.000000
tracking_cdrone3_20260822_111710_460_milestone4,milestone4,1787422635.200162411,target_map,1,1,0,detected,-6.341563,0.103935,-0.029776,-0.264063,0.010071,-0.049909,0.814399,5.477935,2176.000,1,0.073245,0.000000,0.175636,0.368311
tracking_cdrone3_20260822_111710_460_milestone4,milestone4,1787422635.299862385,target_map,1,1,0,detected,-6.367898,0.104940,-0.034753,-0.264063,0.010071,-0.049909,0.793716,5.477935,2176.000,1,0.172973,0.000000,0.210541,0.393243
tracking_cdrone3_20260822_111710_460_milestone4,milestone4,1787422635.325024605,raw,1,1,0,detected,-6.319319,0.097297,-0.006676,0.014325,-0.029115,0.095943,0.835449,5.480074,2096.000,0,0.000000,0.000000,0.000000,0.000000
tracking_cdrone3_20260822_111710_460_milestone4,milestone4,1787422635.399598598,target_map,1,1,0,detected,-6.327275,0.096474,-0.004502,-0.110950,-0.011481,0.030310,0.820473,5.480074,2096.000,0,0.071702,0.000000,0.175096,0.367925
tracking_cdrone3_20260822_111710_460_milestone4,milestone4,1787422635.500144243,target_map,1,1,0,detected,-6.338429,0.095320,-0.001455,-0.110950,-0.011481,0.030310,0.799475,5.480074,2096.000,0,0.172239,0.000000,0.210284,0.393060
tracking_cdrone3_20260822_111710_460_milestone4,milestone4,1787422635.582572699,raw,1,1,0,detected,-6.326552,0.104855,-0.007652,-0.028085,0.029345,-0.003791,0.832031,5.472953,2261.000,0,0.000000,0.000000,0.000000,0.000000
tracking_cdrone3_20260822_111710_460_milestone4,milestone4,1787422635.599961281,target_map,1,1,0,detected,-6.327471,0.105009,-0.007490,-0.065374,0.010973,0.011555,0.829110,5.472953,2261.000,0,0.014045,0.000000,0.154916,0.353511
tracking_cdrone3_20260822_111710_460_milestone4,milestone4,1787422635.699882507,target_map,1,1,0,detected,-6.334003,0.106106,-0.006335,-0.065374,0.010973,0.011555,0.808323,5.472953,2261.000,0,0.113976,0.000000,0.189892,0.378494
tracking_cdrone3_20260822_111710_460_milestone4,milestone4,1787422635.791033030,raw,1,1,0,detected,-6.125826,0.108484,-0.008478,0.962927,0.017411,-0.003962,0.680664,5.673814,2386.500,0,0.000000,0.000000,0.000000,0.000000
tracking_cdrone3_20260822_111710_460_milestone4,milestone4,1787422635.799653530,target_map,1,1,0,detected,-6.122790,0.108572,-0.008460,0.500191,0.014514,0.003020,0.679631,5.673814,2386.500,0,0.006071,0.000000,0.152125,0.351518
tracking_cdrone3_20260822_111710_460_milestone4,milestone4,1787422635.899800062,target_map,1,1,0,detected,-6.072700,0.110026,-0.008157,0.500191,0.014514,0.003020,0.662590,5.673814,2386.500,0,0.106213,0.000000,0.187174,0.376553
tracking_cdrone3_20260822_111710_460_milestone4,milestone4,1787422635.999641180,target_map,1,1,0,detected,-6.022757,0.111475,-0.007856,0.500191,0.014514,0.003020,0.645600,5.673814,2386.500,0,0.206060,0.000000,0.222121,0.401515
tracking_cdrone3_20260822_111710_460_milestone4,milestone4,1787422636.023344755,raw,1,1,0,detected,-6.115516,0.117907,-0.007303,0.044382,0.040559,0.005059,0.829590,5.683833,2152.500,0,0.000000,0.000000,0.000000,0.000000
tracking_cdrone3_20260822_111710_460_milestone4,milestone4,1787422636.099594355,target_map,1,1,0,detected,-6.098514,0.119872,-0.007020,0.249496,0.028839,0.004141,0.815457,5.683833,2152.500,0,0.068145,0.000000,0.173851,0.367036
tracking_cdrone3_20260822_111710_460_milestone4,milestone4,1787422636.199636221,target_map,1,1,0,detected,-6.073555,0.122757,-0.006606,0.249496,0.028839,0.004141,0.794710,5.683833,2152.500,0,0.168180,0.000000,0.208863,0.392045
tracking_cdrone3_20260822_111710_460_milestone4,milestone4,1787422636.245712757,raw,1,1,0,detected,-6.197937,0.109654,-0.000453,-0.370681,-0.037116,0.030806,0.829102,5.601065,2257.500,1,0.000000,0.000000,0.000000,0.000000
tracking_cdrone3_20260822_111710_460_milestone4,milestone4,1787422636.299922943,target_map,1,1,0,detected,-6.202660,0.109271,0.000517,-0.091601,-0.007436,0.018807,0.818415,5.601065,2257.500,1,0.051556,0.000000,0.168044,0.362889
tracking_cdrone3_20260822_111710_460_milestone4,milestone4,1787422636.400325537,target_map,1,1,0,detected,-6.211856,0.108524,0.002405,-0.091601,-0.007436,0.018807,0.797606,5.601065,2257.500,1,0.151949,0.000000,0.203182,0.387987
tracking_cdrone3_20260822_111710_460_milestone4,milestone4,1787422636.448898077,raw,1,1,0,detected,-6.191178,0.096146,0.028941,0.033261,-0.066476,0.144652,0.832520,5.606959,2242.500,0,0.000000,0.000000,0.000000,0.000000
tracking_cdrone3_20260822_111710_460_milestone4,milestone4,1787422636.499972820,target_map,1,1,0,detected,-6.192260,0.094262,0.033096,-0.022927,-0.039908,0.088021,0.822695,5.606959,2242.500,0,0.047205,0.000000,0.166522,0.361801
tracking_cdrone3_20260822_111710_460_milestone4,milestone4,1787422636.599671364,target_map,1,1,0,detected,-6.194546,0.090283,0.041872,-0.022927,-0.039908,0.088021,0.801944,5.606959,2242.500,0,0.146908,0.000000,0.201418,0.386727
tracking_cdrone3_20260822_111710_460_milestone4,milestone4,1787422636.690258741,raw,1,1,0,detected,-6.191275,0.101651,0.036480,-0.000402,0.022810,0.031241,0.836426,5.606655,2278.000,0,0.000000,0.000000,0.000000,0.000000
tracking_cdrone3_20260822_111710_460_milestone4,milestone4,1787422636.700438023,target_map,1,1,0,detected,-6.191333,0.101622,0.036793,-0.010538,-0.005413,0.056792,0.835275,5.606655,2278.000,0,0.005503,0.000000,0.151926,0.351376
tracking_cdrone3_20260822_111710_460_milestone4,milestone4,1787422636.799880743,target_map,1,1,0,detected,-6.192381,0.101083,0.042441,-0.010538,-0.005413,0.056792,0.814479,5.606655,2278.000,0,0.104954,0.000000,0.186734,0.376238
tracking_cdrone3_20260822_111710_460_milestone4,milestone4,1787422636.899677515,target_map,1,1,0,detected,-6.193433,0.100543,0.048109,-0.010538,-0.005413,0.056792,0.793609,5.606655,2278.000,0,0.204759,0.000000,0.221666,0.401190
tracking_cdrone3_20260822_111710_460_milestone4,milestone4,1787422636.947205067,raw,1,1,0,detected,-6.191591,0.086942,0.050066,-0.001228,-0.057246,0.052870,0.821777,5.605310,2211.000,0,0.000000,0.000000,0.000000,0.000000
tracking_cdrone3_20260822_111710_460_milestone4,milestone4,1787422636.999598026,target_map,1,1,0,detected,-6.191853,0.085302,0.052706,-0.005417,-0.033921,0.054635,0.811847,5.605310,2211.000,0,0.048337,0.000000,0.166918,0.362084
tracking_cdrone3_20260822_111710_460_milestone4,milestone4,1787422637.100070000,target_map,1,1,0,detected,-6.192397,0.081894,0.058195,-0.005417,-0.033921,0.054635,0.791207,5.605310,2211.000,0,0.148803,0.000000,0.202081,0.387201
tracking_cdrone3_20260822_111710_460_milestone4,milestone4,1787422637.192624331,raw,1,1,0,detected,-6.096560,0.088192,0.048331,0.387214,0.005093,-0.007066,0.817871,5.700045,2227.000,0,0.000000,0.000000,0.000000,0.000000
tracking_cdrone3_20260822_111710_460_milestone4,milestone4,1787422637.199703455,target_map,1,1,0,detected,-6.095659,0.088139,0.048420,0.210530,-0.012463,0.020699,0.816996,5.700045,2227.000,0,0.004278,0.000000,0.151497,0.351070
tracking_cdrone3_20260822_111710_460_milestone4,milestone4,1787422637.299804211,target_map,1,1,0,detected,-6.074585,0.086891,0.050492,0.210530,-0.012463,0.020699,0.796529,5.700045,2227.000,0,0.104381,0.000000,0.186533,0.376095
tracking_cdrone3_20260822_111710_460_milestone4,milestone4,1787422637.399761677,target_map,1,1,0,detected,-6.053542,0.085645,0.052561,0.210530,-0.012463,0.020699,0.776092,5.700045,2227.000,0,0.204333,0.000000,0.221516,0.401083
tracking_cdrone3_20260822_111710_460_milestone4,milestone4,1787422637.434751511,raw,1,1,0,detected,-6.064467,0.090583,0.074694,0.132421,0.009868,0.108775,0.828613,5.731760,2257.500,0,0.000000,0.000000,0.000000,0.000000
tracking_cdrone3_20260822_111710_460_milestone4,milestone4,1787422637.499615192,target_map,1,1,0,detected,-6.054218,0.090572,0.078923,0.167570,-0.000181,0.069141,0.815943,5.731760,2257.500,0,0.061162,0.000000,0.171407,0.365290
tracking_cdrone3_20260822_111710_460_milestone4,milestone4,1787422637.600194693,target_map,1,1,0,detected,-6.037368,0.090554,0.085875,0.167570,-0.000181,0.069141,0.795113,5.731760,2257.500,0,0.161717,0.000000,0.206601,0.390429
tracking_cdrone3_20260822_111710_460_milestone4,milestone4,1787422637.647838831,raw,1,1,0,detected,-4.056199,0.131019,0.067317,9.435222,0.189975,-0.034660,0.828613,7.740346,2257.500,0,0.000000,0.000000,0.000000,0.000000
tracking_cdrone3_20260822_111710_460_milestone4,milestone4,1787422637.699795961,target_map,1,1,0,detected,-3.844502,0.135206,0.068024,4.474485,0.088493,0.014954,0.818812,7.740346,2257.500,0,0.047312,0.000000,0.166559,0.361828
tracking_cdrone3_20260822_111710_460_milestone4,milestone4,1787422637.799970627,target_map,1,1,0,detected,-3.396176,0.144073,0.069523,4.474485,0.088493,0.014954,0.798056,7.740346,2257.500,0,0.147508,0.000000,0.201628,0.386877
tracking_cdrone3_20260822_111710_460_milestone4,milestone4,1787422637.897529602,raw,1,1,0,detected,-4.329266,0.194865,0.171957,-1.093607,0.255695,0.419074,0.828613,7.468647,2257.500,1,0.000000,0.000000,0.000000,0.000000
tracking_cdrone3_20260822_111710_460_milestone4,milestone4,1787422637.899605274,target_map,1,1,0,detected,-2.950314,0.152890,0.071013,4.474485,0.088493,0.014954,0.777415,7.740346,2257.500,0,0.247154,0.000000,0.236504,0.411788
tracking_cdrone3_20260822_111710_460_milestone4,milestone4,1787422637.999660254,target_map,1,1,0,detected,-4.193391,0.212229,0.194784,1.412035,0.180454,0.237220,0.808680,7.468647,2257.500,1,0.096226,0.000000,0.183679,0.374056
tracking_cdrone3_20260822_111710_460_milestone4,milestone4,1787422638.099783421,target_map,1,1,0,detected,-4.052015,0.230296,0.218535,1.412035,0.180454,0.237220,0.787939,7.468647,2257.500,1,0.196348,0.000000,0.218722,0.399087
tracking_cdrone3_20260822_111710_460_milestone4,milestone4,1787422638.140763998,raw,1,1,0,detected,-3.887139,0.135702,-0.004111,1.817736,-0.243238,-0.723879,0.828613,7.903768,2257.500,0,0.000000,0.000000,0.000000,0.000000
tracking_cdrone3_20260822_111710_460_milestone4,milestone4,1787422638.199810028,target_map,1,1,0,detected,-3.798677,0.132858,-0.019875,1.635171,-0.052577,-0.291384,0.817406,7.903768,2257.500,0,0.054100,0.000000,0.168935,0.363525
tracking_cdrone3_20260822_111710_460_milestone4,milestone4,1787422638.299913168,target_map,1,1,0,detected,-3.635005,0.127595,-0.049041,1.635171,-0.052577,-0.291384,0.796671,7.903768,2257.500,0,0.154195,0.000000,0.203968,0.388549
tracking_cdrone3_20260822_111710_460_milestone4,milestone4,1787422638.400185347,target_map,1,1,2,predicted,-3.471124,0.122326,-0.078245,1.635171,-0.052577,-0.291384,0.775910,7.903768,2257.500,0,0.254417,0.254417,0.239046,0.413604
tracking_cdrone3_20260822_111710_460_milestone4,milestone4,1787422638.418126345,raw,1,1,0,detected,-3.514668,0.065150,0.027481,1.342573,-0.254305,0.113874,0.828613,8.257520,2257.500,0,0.000000,0.000000,0.000000,0.000000
tracking_cdrone3_20260822_111710_460_milestone4,milestone4,1787422638.418126345,raw,2,2,0,detected,-5.881825,0.097275,0.860045,0.000000,0.000000,0.000000,0.890625,5.935848,1868.750,0,0.000000,0.000000,0.000000,0.000000
tracking_cdrone3_20260822_111710_460_milestone4,milestone4,1787422638.499659777,target_map,1,1,0,detected,-3.401610,0.052609,0.022228,1.474242,-0.163527,-0.068492,0.812727,8.257520,2257.500,0,0.076689,0.000000,0.176841,0.369172
tracking_cdrone3_20260822_111710_460_milestone4,milestone4,1787422638.499659777,target_map,2,2,0,detected,-5.881825,0.097275,0.860045,0.000000,0.000000,0.000000,0.873550,5.935848,1868.750,0,0.076689,0.000000,0.176841,0.369172
tracking_cdrone3_20260822_111710_460_milestone4,milestone4,1787422638.599786997,target_map,1,1,0,detected,-3.254013,0.036237,0.015371,1.474242,-0.163527,-0.068492,0.791987,8.257520,2257.500,0,0.176806,0.000000,0.211882,0.394201
tracking_cdrone3_20260822_111710_460_milestone4,milestone4,1787422638.599786997,target_map,2,2,0,detected,-5.881825,0.097275,0.860045,0.000000,0.000000,0.000000,0.851258,5.935848,1868.750,0,0.176806,0.000000,0.211882,0.394201
tracking_cdrone3_20260822_111710_460_milestone4,milestone4,1787422638.699846745,raw,1,1,0,detected,-0.997983,0.092032,-0.086217,8.935387,0.095444,-0.403681,0.828613,10.763770,2257.500,0,0.000000,0.000000,0.000000,0.000000
tracking_cdrone3_20260822_111710_460_milestone4,milestone4,1787422638.699846745,raw,2,2,0,detected,-6.228515,0.074862,0.803049,-1.230908,-0.079577,-0.202363,0.801270,5.566070,1830.000,1,0.000000,0.000000,0.000000,0.000000
tracking_cdrone3_20260822_111710_460_milestone4,milestone4,1787422638.700098038,target_map,1,1,2,predicted,-3.106115,0.019832,0.008500,1.474242,-0.163527,-0.068492,0.771205,8.257520,2257.500,0,0.277127,0.277127,0.246995,0.419282
tracking_cdrone3_20260822_111710_460_milestone4,milestone4,1787422638.700098038,target_map,2,2,2,predicted,-5.881825,0.097275,0.860045,0.000000,0.000000,0.000000,0.828921,5.935848,1868.750,0,0.277127,0.277127,0.246995,0.419282
tracking_cdrone3_20260822_111710_460_milestone4,milestone4,1787422638.799716949,target_map,1,1,0,detected,-0.536781,0.089603,-0.107131,5.058675,-0.026639,-0.229390,0.809727,10.763770,2257.500,0,0.091171,0.000000,0.181910,0.372793
tracking_cdrone3_20260822_111710_460_milestone4,milestone4,1787422638.799716949,target_map,2,2,0,detected,-6.290237,0.070871,0.792902,-0.676999,-0.043767,-0.111300,0.783006,5.566070,1830.000,1,0.091171,0.000000,0.181910,0.372793
tracking_cdrone3_20260822_111710_460_milestone4,milestone4,1787422638.899765730,target_map,1,1,0,detected,-0.030720,0.086938,-0.130079,5.058675,-0.026639,-0.229390,0.789004,10.763770,2257.500,0,0.191209,0.000000,0.216923,0.397802
tracking_cdrone3_20260822_111710_460_milestone4,milestone4,1787422638.899765730,target_map,2,2,0,detected,-6.357963,0.066493,0.781768,-0.676999,-0.043767,-0.111300,0.762967,5.566070,1830.000,1,0.191209,0.000000,0.216923,0.397802
tracking_cdrone3_20260822_111710_460_milestone4,milestone4,1787422638.955568075,raw,1,1,0,detected,0.198852,0.160035,-0.077638,4.680130,0.265919,0.033548,0.828613,11.942085,2257.500,0,0.000000,0.000000,0.000000,0.000000
tracking_cdrone3_20260822_111710_460_milestone4,milestone4,1787422638.955568075,raw,2,2,0,detected,-11.729586,0.039806,0.293552,-21.511496,-0.137083,-1.992346,0.773438,0.007331,1753.750,1,0.000000,0.000000,0.000000,0.000000
tracking_cdrone3_20260822_111710_460_milestone4,milestone4,1787422638.999594688,target_map,1,1,0,detected,0.373143,0.164859,-0.080684,4.850475,0.134268,-0.084774,0.821170,11.942085,2257.500,0,0.035933,0.000000,0.162576,0.358983
tracking_cdrone3_20260822_111710_460_milestone4,milestone4,1787422638.999594688,target_map,2,2,0,detected,-11.897960,0.038095,0.277172,-4.685811,-0.047614,-0.455858,0.766490,0.007331,1753.750,1,0.035933,0.000000,0.162576,0.358983
tracking_cdrone3_20260822_111710_460_milestone4,milestone4,1787422639.099708796,target_map,1,1,0,detected,0.858728,0.178301,-0.089171,4.850475,0.134268,-0.084774,0.800431,11.942085,2257.500,0,0.136044,0.000000,0.197615,0.384011
tracking_cdrone3_20260822_111710_460_milestone4,milestone4,1787422639.099708796,target_map,2,2,0,detected,-12.367060,0.033328,0.231536,-4.685811,-0.047614,-0.455858,0.747132,0.007331,1753.750,1,0.136044,0.000000,0.197615,0.384011
tracking_cdrone3_20260822_111710_460_milestone4,milestone4,1787422639.200562716,target_map,1,1,0,detected,1.347843,0.191840,-0.097720,4.850475,0.134268,-0.084774,0.779542,11.942085,2257.500,0,0.236882,0.000000,0.232909,0.409220
tracking_cdrone3_20260822_111710_460_milestone4,milestone4,1787422639.200562716,target_map,2,2,0,detected,-12.839570,0.028527,0.185568,-4.685811,-0.047614,-0.455858,0.727634,0.007331,1753.750,1,0.236882,0.000000,0.232909,0.409220
tracking_cdrone3_20260822_111710_460_milestone4,milestone4,1787422639.213134527,raw,1,1,0,detected,1.133368,0.268672,0.049164,3.628265,0.421786,0.492310,0.828613,12.858920,2257.500,0,0.000000,0.000000,0.000000,0.000000
tracking_cdrone3_20260822_111710_460_milestone4,milestone4,1787422639.213134527,raw,2,2,1,held,-11.954882,0.057687,0.511374,-0.874712,0.069425,0.845694,0.773438,0.242671,1753.750,1,0.257565,0.257565,0.000000,0.000000
tracking_cdrone3_20260822_111710_460_milestone4,milestone4,1787422639.299707890,target_map,1,1,0,detected,1.474922,0.292575,0.068180,4.178259,0.292403,0.232622,0.811679,12.858920,2257.500,0,0.081745,0.000000,0.178611,0.370436
tracking_cdrone3_20260822_111710_460_milestone4,milestone4,1787422639.299707890,target_map,2,2,1,held,-12.166578,0.059057,0.532628,-2.589706,0.016757,0.259996,0.707829,0.242671,1753.750,1,0.339311,0.000000,0.178611,0.370436
tracking_cdrone3_20260822_111710_460_milestone4,milestone4,1787422639.399790049,target_map,1,1,0,detected,1.893012,0.321833,0.091457,4.178259,0.292403,0.232622,0.790951,12.858920,2257.500,0,0.181809,0.000000,0.213633,0.395452
tracking_cdrone3_20260822_111710_460_milestone4,milestone4,1787422639.399790049,target_map,2,2,1,held,-12.425713,0.060734,0.558644,-2.589706,0.016757,0.259996,0.688480,0.242671,1753.750,1,0.439374,0.000000,0.213633,0.395452
tracking_cdrone3_20260822_111710_460_milestone4,milestone4,1787422639.479144096,raw,1,1,0,detected,1.966317,0.352892,0.104680,3.131325,0.316611,0.208703,0.828613,13.690228,2257.500,0,0.000000,0.000000,0.000000,0.000000
tracking_cdrone3_20260822_111710_460_milestone4,milestone4,1787422639.479144096,raw,2,2,0,detected,-11.690694,0.070661,0.650169,0.993167,0.048772,0.521775,0.794434,0.019526,1681.500,0,0.000000,0.000000,0.000000,0.000000
tracking_cdrone3_20260822_111710_460_milestone4,milestone4,1787422639.499868631,target_map,1,1,0,detected,2.023171,0.357717,0.108144,3.602446,0.305718,0.219467,0.825344,13.690228,2257.500,0,0.015782,0.000000,0.155524,0.353946
tracking_cdrone3_20260822_111710_460_milestone4,milestone4,1787422639.499868631,target_map,2,2,0,detected,-11.700465,0.071203,0.656545,-0.619126,0.034366,0.403975,0.791299,0.019526,1681.500,0,0.015782,0.000000,0.155524,0.353946
tracking_cdrone3_20260822_111710_460_milestone4,milestone4,1787422639.599925280,target_map,1,1,0,detected,2.383593,0.388304,0.130101,3.602446,0.305718,0.219467,0.804618,13.690228,2257.500,0,0.115831,0.000000,0.190541,0.378958
tracking_cdrone3_20260822_111710_460_milestone4,milestone4,1787422639.599925280,target_map,2,2,0,detected,-11.762408,0.074642,0.696962,-0.619126,0.034366,0.403975,0.771429,0.019526,1681.500,0,0.115831,0.000000,0.190541,0.378958
tracking_cdrone3_20260822_111710_460_milestone4,milestone4,1787422639.699678659,target_map,1,1,0,detected,2.742966,0.418802,0.151995,3.602446,0.305718,0.219467,0.783953,13.690228,2257.500,0,0.215589,0.000000,0.225456,0.403897
tracking_cdrone3_20260822_111710_460_milestone4,milestone4,1787422639.699678659,target_map,2,2,0,detected,-11.824171,0.078070,0.737262,-0.619126,0.034366,0.403975,0.751616,0.019526,1681.500,0,0.215589,0.000000,0.225456,0.403897
tracking_cdrone3_20260822_111710_460_milestone4,milestone4,1787422639.751565218,raw,1,1,0,detected,1.927403,0.326545,0.028427,-0.142824,-0.096702,-0.279865,0.828613,13.659482,2257.500,1,0.000000,0.000000,0.000000,0.000000
tracking_cdrone3_20260822_111710_460_milestone4,milestone4,1787422639.751565218,raw,2,2,0,detected,-11.691509,0.073424,0.743285,-0.002991,0.010139,0.341755,0.794434,0.019596,1681.500,0,0.000000,0.000000,0.000000,0.000000
tracking_cdrone3_20260822_111710_460_milestone4,milestone4,1787422639.799614429,target_map,1,1,0,detected,1.983995,0.329641,0.026403,1.542547,0.084387,-0.055166,0.821013,13.659482,2257.500,1,0.036688,0.000000,0.162841,0.359172
tracking_cdrone3_20260822_111710_460_milestone4,milestone4,1787422639.799614429,target_map,2,2,0,detected,-11.701791,0.074195,0.756850,-0.280252,0.021041,0.369754,0.787147,0.019596,1681.500,0,0.036688,0.000000,0.162841,0.359172
tracking_cdrone3_20260822_111710_460_milestone4,milestone4,1787422639.899983644,target_map,1,1,0,detected,2.138748,0.338106,0.020869,1.542547,0.084387,-0.055166,0.800231,13.659482,2257.500,1,0.137010,0.000000,0.197954,0.384253
tracking_cdrone3_20260822_111710_460_milestone4,milestone4,1787422639.899983644,target_map,2,2,0,detected,-11.729907,0.076306,0.793945,-0.280252,0.021041,0.369754,0.767222,0.019596,1681.500,0,0.137010,0.000000,0.197954,0.384253
tracking_cdrone3_20260822_111710_460_milestone4,milestone4,1787422639.999765396,target_map,1,1,0,detected,2.292720,0.346530,0.015362,1.542547,0.084387,-0.055166,0.779554,13.659482,2257.500,1,0.236827,0.000000,0.232889,0.409207
tracking_cdrone3_20260822_111710_460_milestone4,milestone4,1787422639.999765396,target_map,2,2,0,detected,-11.757880,0.078407,0.830852,-0.280252,0.021041,0.369754,0.747398,0.019596,1681.500,0,0.236827,0.000000,0.232889,0.409207
tracking_cdrone3_20260822_111710_460_milestone4,milestone4,1787422640.023095608,raw,1,1,0,detected,1.874746,0.272032,0.155584,-0.193948,-0.200782,0.468347,0.828613,13.615580,2257.500,1,0.000000,0.000000,0.000000,0.000000
tracking_cdrone3_20260822_111710_460_milestone4,milestone4,1787422640.023095608,raw,2,2,0,detected,-11.700172,0.071892,0.891578,-0.031909,-0.005642,0.546198,0.794434,0.019354,1681.500,0,0.000000,0.000000,0.000000,0.000000
tracking_cdrone3_20260822_111710_460_milestone4,milestone4,1787422640.100053787,target_map,1,1,0,detected,1.917782,0.266724,0.172636,0.587475,-0.072456,0.232766,0.813438,13.615580,2257.500,1,0.073256,0.000000,0.175639,0.368314
tracking_cdrone3_20260822_111710_460_milestone4,milestone4,1787422640.100053787,target_map,2,2,0,detected,-11.710696,0.072358,0.925774,-0.143663,0.006365,0.466798,0.779884,0.019354,1681.500,0,0.073256,0.000000,0.175639,0.368314
tracking_cdrone3_20260822_111710_460_milestone4,milestone4,1787422640.199685335,target_map,1,1,0,detected,1.976313,0.259505,0.195826,0.587475,-0.072456,0.232766,0.792799,13.615580,2257.500,1,0.172887,0.000000,0.210510,0.393222
tracking_cdrone3_20260822_111710_460_milestone4,milestone4,1787422640.199685335,target_map,2,2,0,detected,-11.725010,0.072992,0.972281,-0.143663,0.006365,0.466798,0.760097,0.019354,1681.500,0,0.172887,0.000000,0.210510,0.393222
tracking_cdrone3_20260822_111710_460_milestone4,milestone4,1787422640.299939394,target_map,1,1,2,predicted,2.035211,0.252241,0.219163,0.587475,-0.072456,0.232766,0.772031,13.615580,2257.500,1,0.273143,0.273143,0.245600,0.418286
tracking_cdrone3_20260822_111710_460_milestone4,milestone4,1787422640.299939394,target_map,2,2,2,predicted,-11.739413,0.073630,1.019081,-0.143663,0.006365,0.466798,0.740185,0.019354,1681.500,0,0.273143,0.273143,0.245600,0.418286
tracking_cdrone3_20260822_111710_460_milestone4,milestone4,1787422640.323788404,raw,1,1,0,detected,3.779804,0.349810,0.149868,6.335628,0.258666,-0.019009,0.493164,15.560635,2388.750,0,0.000000,0.000000,0.000000,0.000000
tracking_cdrone3_20260822_111710_460_milestone4,milestone4,1787422640.323788404,raw,2,2,0,detected,-11.727960,0.052866,1.131873,-0.092413,-0.063274,0.799146,0.794434,0.019049,1681.500,0,0.000000,0.000000,0.000000,0.000000
tracking_cdrone3_20260822_111710_460_milestone4,milestone4,1787422640.400002480,target_map,1,1,0,detected,4.044160,0.357543,0.156517,3.748959,0.109661,0.094290,0.484470,15.560635,2388.750,0,0.070514,0.000000,0.174680,0.367629
tracking_cdrone3_20260822_111710_460_milestone4,milestone4,1787422640.400002480,target_map,2,2,0,detected,-11.736102,0.050614,1.177679,-0.115475,-0.031936,0.649590,0.780429,0.019049,1681.500,0,0.070514,0.000000,0.174680,0.367629
tracking_cdrone3_20260822_111710_460_milestone4,milestone4,1787422640.499966383,target_map,1,1,0,detected,4.418911,0.368505,0.165942,3.748959,0.109661,0.094290,0.472146,15.560635,2388.750,0,0.170476,0.000000,0.209667,0.392619
tracking_cdrone3_20260822_111710_460_milestone4,milestone4,1787422640.499966383,target_map,2,2,0,detected,-11.747645,0.047422,1.242612,-0.115475,-0.031936,0.649590,0.760576,0.019049,1681.500,0,0.170476,0.000000,0.209667,0.392619
tracking_cdrone3_20260822_111710_460_milestone4,milestone4,1787422640.597886324,raw,1,1,0,detected,3.523794,0.333687,0.096942,-0.933996,-0.058821,-0.193090,0.819336,15.330137,1827.000,1,0.000000,0.000000,0.000000,0.000000
tracking_cdrone3_20260822_111710_460_milestone4,milestone4,1787422640.597886324,raw,2,2,0,detected,-11.742218,0.041210,1.234169,-0.052018,-0.042525,0.373205,0.794434,0.019106,1681.500,0,0.000000,0.000000,0.000000,0.000000
tracking_cdrone3_20260822_111710_460_milestone4,milestone4,1787422640.599953651,target_map,1,1,2,predicted,4.793750,0.379469,0.175370,3.748959,0.109661,0.094290,0.459819,15.560635,2388.750,0,0.270461,0.270461,0.244661,0.417615
tracking_cdrone3_20260822_111710_460_milestone4,milestone4,1787422640.599953651,target_map,2,2,2,predicted,-11.759192,0.044228,1.307562,-0.115475,-0.031936,0.649590,0.740718,0.019049,1681.500,0,0.270461,0.270461,0.244661,0.417615
tracking_cdrone3_20260822_111710_460_milestone4,milestone4,1787422640.699957371,target_map,1,1,0,detected,3.635925,0.335311,0.090848,1.173334,0.016996,-0.063769,0.799761,15.330137,1827.000,1,0.095566,0.000000,0.183448,0.373891
tracking_cdrone3_20260822_111710_460_milestone4,milestone4,1787422640.699957371,target_map,2,2,0,detected,-11.749918,0.037601,1.281721,-0.080574,-0.037760,0.497578,0.775453,0.019106,1681.500,0,0.095566,0.000000,0.183448,0.373891
tracking_cdrone3_20260822_111710_460_milestone4,milestone4,1787422640.799948454,target_map,1,1,0,detected,3.753248,0.337011,0.084471,1.173334,0.016996,-0.063769,0.779279,15.330137,1827.000,1,0.195557,0.000000,0.218445,0.398889
tracking_cdrone3_20260822_111710_460_milestone4,milestone4,1787422640.799948454,target_map,2,2,0,detected,-11.757975,0.033825,1.331474,-0.080574,-0.037760,0.497578,0.755594,0.019106,1681.500,0,0.195557,0.000000,0.218445,0.398889
tracking_cdrone3_20260822_111710_460_milestone4,milestone4,1787422640.845575333,raw,1,1,0,detected,1.786641,0.265898,0.195276,-7.013425,-0.273686,0.397004,0.828613,13.614241,1808.000,1,0.000000,0.000000,0.000000,0.000000
tracking_cdrone3_20260822_111710_460_milestone4,milestone4,1787422640.899941921,target_map,1,1,0,detected,1.620360,0.258762,0.204748,-3.329384,-0.142879,0.189656,0.818267,13.614241,1808.000,1,0.049943,0.000000,0.167480,0.362486
tracking_cdrone3_20260822_111710_460_milestone4,milestone4,1787422640.899941921,target_map,2,2,2,predicted,-11.766031,0.030050,1.381229,-0.080574,-0.037760,0.497578,0.735735,0.019106,1681.500,0,0.295550,0.295550,0.253443,0.423888
tracking_cdrone3_20260822_111710_460_milestone4,milestone4,1787422640.999743223,target_map,1,1,0,detected,1.288047,0.244501,0.223678,-3.329384,-0.142879,0.189656,0.797591,13.614241,1808.000,1,0.149755,0.000000,0.202414,0.387439
tracking_cdrone3_20260822_111710_460_milestone4,milestone4,1787422640.999743223,target_map,2,2,2,predicted,-11.774074,0.026281,1.430893,-0.080574,-0.037760,0.497578,0.715911,0.019106,1681.500,0,0.395362,0.395362,0.288377,0.448841
tracking_cdrone3_20260822_111710_460_milestone4,milestone4,1787422641.099877834,target_map,1,1,0,detected,0.954716,0.230196,0.242666,-3.329384,-0.142879,0.189656,0.776851,13.614241,1808.000,1,0.249874,0.000000,0.237456,0.412468
tracking_cdrone3_20260822_111710_460_milestone4,milestone4,1787422641.099877834,target_map,2,2,2,predicted,-11.782141,0.022500,1.480710,-0.080574,-0.037760,0.497578,0.696027,0.019106,1681.500,0,0.495481,0.495481,0.323418,0.473870
tracking_cdrone3_20260822_111710_460_milestone4,milestone4,1787422641.108944416,raw,1,1,0,detected,2.080488,0.299788,0.171794,1.115765,0.128683,-0.089164,0.812012,13.935189,2041.250,0,0.000000,0.000000,0.000000,0.000000
tracking_cdrone3_20260822_111710_460_milestone4,milestone4,1787422641.199904442,target_map,1,1,0,detected,2.002686,0.300358,0.174987,-0.884552,0.006480,0.036305,0.794156,13.935189,2041.250,0,0.087956,0.000000,0.180785,0.371989
tracking_cdrone3_20260822_111710_460_milestone4,milestone4,1787422641.199904442,target_map,2,2,2,predicted,-11.790201,0.018723,1.530489,-0.080574,-0.037760,0.497578,0.676157,0.019106,1681.500,0,0.595524,0.595524,0.358434,0.498881
tracking_cdrone3_20260822_111710_460_milestone4,milestone4,1787422641.300044060,target_map,1,1,0,detected,1.914127,0.301006,0.178622,-0.884552,0.006480,0.036305,0.773832,13.935189,2041.250,0,0.188075,0.000000,0.215826,0.397019
tracking_cdrone3_20260822_111710_460_milestone4,milestone4,1787422641.300044060,target_map,2,2,2,predicted,-11.798268,0.014942,1.580306,-0.080574,-0.037760,0.497578,0.656273,0.019106,1681.500,0,0.695642,0.695642,0.393475,0.523911
tracking_cdrone3_20260822_111710_460_milestone4,milestone4,1787422641.341716766,raw,1,1,0,detected,-0.388364,0.272999,0.467750,-10.606315,-0.115087,1.271443,0.760742,11.472780,1740.000,1,0.000000,0.000000,0.000000,0.000000
tracking_cdrone3_20260822_111710_460_milestone4,milestone4,1787422641.399645090,target_map,1,1,0,detected,-0.644610,0.270607,0.496781,-4.766517,-0.044485,0.540012,0.750518,11.472780,1740.000,1,0.053760,0.000000,0.168816,0.363440
tracking_cdrone3_20260822_111710_460_milestone4,milestone4,1787422641.399645090,target_map,2,2,2,predicted,-11.806295,0.011180,1.629874,-0.080574,-0.037760,0.497578,0.636488,0.019106,1681.500,0,0.795262,0.795262,0.428342,0.548816
tracking_cdrone3_20260822_111710_460_milestone4,milestone4,1787422641.499869585,target_map,1,1,0,detected,-1.122259,0.266149,0.550895,-4.766517,-0.044485,0.540012,0.731460,11.472780,1740.000,1,0.153969,0.000000,0.203889,0.388492
tracking_cdrone3_20260822_111710_460_milestone4,milestone4,1787422641.499869585,target_map,2,2,2,predicted,-11.814369,0.007396,1.679736,-0.080574,-0.037760,0.497578,0.616585,0.019106,1681.500,0,0.895472,0.895472,0.463415,0.573868
tracking_cdrone3_20260822_111710_460_milestone4,milestone4,1787422641.601059437,target_map,1,1,2,predicted,-1.604598,0.261648,0.605540,-4.766517,-0.044485,0.540012,0.712214,11.472780,1740.000,1,0.255162,0.255162,0.239307,0.413790
tracking_cdrone3_20260822_111710_460_milestone4,milestone4,1787422641.601059437,target_map,2,2,2,predicted,-11.822523,0.003575,1.730088,-0.080574,-0.037760,0.497578,0.596488,0.019106,1681.500,0,0.996665,0.996665,0.498833,0.599166
tracking_cdrone3_20260822_111710_460_milestone4,milestone4,1787422641.634117126,raw,1,1,0,detected,0.542716,0.304301,0.317152,3.184256,0.107052,-0.515037,0.773438,12.433324,1391.250,0,0.000000,0.000000,0.000000,0.000000
tracking_cdrone3_20260822_111710_460_milestone4,milestone4,1787422641.699930668,target_map,1,1,0,detected,0.518440,0.306698,0.314669,-0.393592,0.038860,-0.040265,0.761511,12.433324,1391.250,0,0.061680,0.000000,0.171588,0.365420
tracking_cdrone3_20260822_111710_460_milestone4,milestone4,1787422641.699930668,target_map,2,2,2,predicted,-11.830490,-0.000158,1.779286,-0.080574,-0.037760,0.497578,0.576850,0.019106,1681.500,0,1.095540,1.095540,0.533439,0.623885
tracking_cdrone3_20260822_111710_460_milestone4,milestone4,1787422641.799740314,target_map,1,1,0,detected,0.479153,0.310577,0.310650,-0.393592,0.038860,-0.040265,0.742211,12.433324,1391.250,0,0.161494,0.000000,0.206523,0.390374
tracking_cdrone3_20260822_111710_460_milestone4,milestone4,1787422641.799740314,target_map,2,2,2,predicted,-11.838532,-0.003927,1.828952,-0.080574,-0.037760,0.497578,0.557026,0.019106,1681.500,0,1.195355,1.195355,0.568374,0.648839
tracking_cdrone3_20260822_111710_460_milestone4,milestone4,1787422641.874458790,raw,1,1,0,detected,-1.265277,0.303852,0.606076,-7.521567,-0.001869,1.201971,0.813477,10.616446,1482.000,1,0.000000,0.000000,0.000000,0.000000
tracking_cdrone3_20260822_111710_460_milestone4,milestone4,1787422641.899693012,target_map,1,1,0,detected,-1.359862,0.304212,0.620173,-4.313978,0.016459,0.642965,0.809018,10.616446,1482.000,1,0.021925,0.000000,0.157674,0.355481
tracking_cdrone3_20260822_111710_460_milestone4,milestone4,1787422641.899693012,target_map,2,2,2,predicted,-11.846584,-0.007701,1.878677,-0.080574,-0.037760,0.497578,0.537178,0.019106,1681.500,0,1.295289,1.295289,0.603351,0.673822
tracking_cdrone3_20260822_111710_460_milestone4,milestone4,1787422641.999907970,target_map,1,1,0,detected,-1.792240,0.305862,0.684615,-4.313978,0.016459,0.642965,0.788635,10.616446,1482.000,1,0.122152,0.000000,0.192753,0.380538
tracking_cdrone3_20260822_111710_460_milestone4,milestone4,1787422641.999907970,target_map,2,2,2,predicted,-11.854660,-0.011485,1.928548,-0.080574,-0.037760,0.497578,0.517272,0.019106,1681.500,0,1.395516,1.395516,0.638431,0.698879
tracking_cdrone3_20260822_111710_460_milestone4,milestone4,1787422642.100020885,target_map,1,1,0,detected,-2.224099,0.307510,0.748981,-4.313978,0.016459,0.642965,0.768276,10.616446,1482.000,1,0.222259,0.000000,0.227791,0.405565
tracking_cdrone3_20260822_111710_460_milestone4,milestone4,1787422642.100020885,target_map,2,2,2,predicted,-11.862726,-0.015265,1.978359,-0.080574,-0.037760,0.497578,0.497390,0.019106,1681.500,0,1.495623,1.495623,0.673468,0.723906
tracking_cdrone3_20260822_111710_460_milestone4,milestone4,1787422642.142484426,raw,1,1,0,detected,3.490128,0.380201,0.283435,17.744688,0.284895,-1.203928,0.803223,15.390598,2567.000,0,0.000000,0.000000,0.000000,0.000000
tracking_cdrone3_20260822_111710_460_milestone4,milestone4,1787422642.199645996,target_map,1,1,0,detected,3.624113,0.384463,0.282971,2.448054,0.077878,-0.008471,0.792232,15.390598,2567.000,0,0.054731,0.000000,0.169156,0.363683
tracking_cdrone3_20260822_111710_460_milestone4,milestone4,1787422642.199645996,target_map,2,2,2,predicted,-11.870754,-0.019028,2.027938,-0.080574,-0.037760,0.497578,0.477600,0.019106,1681.500,0,1.595265,1.595265,0.708343,0.748816
tracking_cdrone3_20260822_111710_460_milestone4,milestone4,1787422642.299662590,target_map,1,1,0,detected,3.868958,0.392252,0.282124,2.448054,0.077878,-0.008471,0.772148,15.390598,2567.000,0,0.154747,0.000000,0.204162,0.388687
tracking_cdrone3_20260822_111710_460_milestone4,milestone4,1787422642.299662590,target_map,2,2,2,predicted,-11.878813,-0.022805,2.077704,-0.080574,-0.037760,0.497578,0.457736,0.019106,1681.500,0,1.695282,1.695282,0.743349,0.773820
tracking_cdrone3_20260822_111710_460_milestone4,milestone4,1787422642.366559267,raw,1,1,0,detected,4.023763,0.397331,0.316635,2.381499,0.076448,0.148164,0.803223,15.926366,2567.000,0,0.000000,0.000000,0.000000,0.000000
tracking_cdrone3_20260822_111710_460_milestone4,milestone4,1787422642.413752556,target_map,1,1,0,detected,4.121516,0.400456,0.319783,2.411449,0.077092,0.077678,0.795083,15.926366,2567.000,0,0.040537,0.000000,0.164188,0.360134
tracking_cdrone3_20260822_111710_460_milestone4,milestone4,1787422642.413752556,target_map,2,2,2,predicted,-11.888003,-0.027111,2.134456,-0.080574,-0.037760,0.497578,0.435084,0.019106,1681.500,0,1.809338,1.809338,0.783268,0.802335
tracking_cdrone3_20260822_111710_460_milestone4,milestone4,1787422642.499607086,target_map,1,1,0,detected,4.328636,0.407077,0.326455,2.411449,0.077092,0.077678,0.777835,15.926366,2567.000,0,0.126427,0.000000,0.194250,0.381607
tracking_cdrone3_20260822_111710_460_milestone4,milestone4,1787422642.499607086,target_map,2,2,2,predicted,-11.894924,-0.030355,2.177193,-0.080574,-0.037760,0.497578,0.418025,0.019106,1681.500,0,1.895228,1.895228,0.813330,0.823807
tracking_cdrone3_20260822_111710_460_milestone4,milestone4,1787422642.599666357,target_map,1,1,0,detected,4.569916,0.414791,0.334227,2.411449,0.077092,0.077678,0.757743,15.926366,2567.000,0,0.226484,0.000000,0.229269,0.406621
tracking_cdrone3_20260822_111710_460_milestone4,milestone4,1787422642.599666357,target_map,2,2,2,predicted,-11.902986,-0.034133,2.226979,-0.080574,-0.037760,0.497578,0.398153,0.019106,1681.500,0,1.995285,1.995285,0.848350,0.848821
tracking_cdrone3_20260822_111710_460_milestone4,milestone4,1787422642.622166395,raw,1,1,0,detected,4.640111,0.400703,0.361914,2.410805,0.013191,0.177108,0.803223,16.533779,2567.000,0,0.000000,0.000000,0.000000,0.000000
tracking_cdrone3_20260822_111710_460_milestone4,milestone4,1787422642.700088024,target_map,1,1,0,detected,4.820741,0.403846,0.371830,2.411094,0.041946,0.132365,0.788179,16.533779,2567.000,0,0.074916,0.000000,0.176221,0.368729
tracking_cdrone3_20260822_111710_460_milestone4,milestone4,1787422642.700088024,target_map,2,2,2,predicted,-11.911077,-0.037925,2.276945,-0.080574,-0.037760,0.497578,0.378209,0.019106,1681.500,0,2.095703,2.095703,0.883496,0.873926
tracking_cdrone3_20260822_111710_460_milestone4,milestone4,1787422642.800518513,target_map,1,1,0,detected,5.062813,0.408057,0.385120,2.411094,0.041946,0.132365,0.768018,16.533779,2567.000,0,0.175316,0.000000,0.211360,0.393829
tracking_cdrone3_20260822_111710_460_milestone4,milestone4,1787422642.800518513,target_map,2,2,2,predicted,-11.919167,-0.041716,2.326901,-0.080574,-0.037760,0.497578,0.358269,0.019106,1681.500,0,2.196102,2.196102,0.918636,0.899025
tracking_cdrone3_20260822_111710_460_milestone4,milestone4,1787422642.863349199,raw,1,1,0,detected,5.291152,0.379114,0.303659,2.699929,-0.089532,-0.241592,0.803223,17.178278,2567.000,0,0.000000,0.000000,0.000000,0.000000
tracking_cdrone3_20260822_111710_460_milestone4,milestone4,1787422642.899721861,target_map,1,1,0,detected,5.372331,0.378155,0.301343,2.569954,-0.030367,-0.073311,0.796880,17.178278,2567.000,0,0.031588,0.000000,0.161056,0.357897
tracking_cdrone3_20260822_111710_460_milestone4,milestone4,1787422642.899721861,target_map,2,2,2,predicted,-11.927162,-0.045463,2.376278,-0.080574,-0.037760,0.497578,0.338561,0.019106,1681.500,0,2.295335,2.295335,0.953367,0.923834
tracking_cdrone3_20260822_111710_460_milestone4,milestone4,1787422642.999967337,target_map,1,1,0,detected,5.629932,0.375111,0.293994,2.569954,-0.030367,-0.073311,0.776752,17.178278,2567.000,0,0.131823,0.000000,0.196138,0.382956
tracking_cdrone3_20260822_111710_460_milestone4,milestone4,1787422642.999967337,target_map,2,2,2,predicted,-11.935238,-0.049248,2.426153,-0.080574,-0.037760,0.497578,0.318653,0.019106,1681.500,0,2.395571,2.395571,0.988450,0.948893
tracking_cdrone3_20260822_111710_460_milestone4,milestone4,1787422643.099991322,target_map,1,1,0,detected,5.886967,0.372074,0.286662,2.569954,-0.030367,-0.073311,0.756668,17.178278,2567.000,0,0.231839,0.000000,0.231144,0.407960
tracking_cdrone3_20260822_111710_460_milestone4,milestone4,1787422643.099991322,target_map,2,2,2,predicted,-11.943296,-0.053024,2.475918,-0.080574,-0.037760,0.497578,0.298789,0.019106,1681.500,0,2.495586,2.495586,1.023455,0.973897
tracking_cdrone3_20260822_111710_460_milestone4,milestone4,1787422643.123725653,raw,1,1,0,detected,6.083833,0.411909,0.337494,3.044260,0.125947,0.129945,0.803223,17.961224,2567.000,0,0.000000,0.000000,0.000000,0.000000
tracking_cdrone3_20260822_111710_460_milestone4,milestone4,1787422643.199912310,target_map,1,1,0,detected,6.276706,0.415697,0.340116,2.830822,0.055606,0.038480,0.789541,17.961224,2567.000,0,0.068133,0.000000,0.173847,0.367033
tracking_cdrone3_20260822_111710_460_milestone4,milestone4,1787422643.199912310,target_map,2,2,2,predicted,-11.951349,-0.056798,2.525645,-0.080574,-0.037760,0.497578,0.278941,0.019106,1681.500,0,2.595524,2.595524,1.058434,0.998881
tracking_cdrone3_20260822_111710_460_milestone4,milestone4,1787422643.299666166,target_map,1,1,0,detected,6.559087,0.421244,0.343955,2.830822,0.055606,0.038480,0.769510,17.961224,2567.000,0,0.167886,0.000000,0.208760,0.391971
tracking_cdrone3_20260822_111710_460_milestone4,milestone4,1787422643.299666166,target_map,2,2,2,predicted,-11.959387,-0.060565,2.575280,-0.080574,-0.037760,0.497578,0.259129,0.019106,1681.500,0,2.695276,2.695276,1.093347,1.023819
tracking_cdrone3_20260822_111710_460_milestone4,milestone4,1787422643.345660448,raw,1,1,0,detected,6.619395,0.461024,0.302805,2.413284,0.221317,-0.156311,0.803223,18.492514,2567.000,0,0.000000,0.000000,0.000000,0.000000
tracking_cdrone3_20260822_111710_460_milestone4,milestone4,1787422643.399921656,target_map,1,1,0,detected,6.751999,0.468505,0.299306,2.601176,0.146747,-0.068655,0.792986,18.492514,2567.000,0,0.050978,0.000000,0.167842,0.362745
tracking_cdrone3_20260822_111710_460_milestone4,milestone4,1787422643.399921656,target_map,2,2,2,predicted,-11.967464,-0.064350,2.625164,-0.080574,-0.037760,0.497578,0.239218,0.019106,1681.500,0,2.795532,2.795532,1.128436,1.048883
tracking_cdrone3_20260822_111710_460_milestone4,milestone4,1787422643.499712706,target_map,1,1,0,detected,7.011583,0.483149,0.292454,2.601176,0.146747,-0.068655,0.772947,18.492514,2567.000,0,0.150773,0.000000,0.202771,0.387693
tracking_cdrone3_20260822_111710_460_milestone4,milestone4,1787422643.499712706,target_map,2,2,2,predicted,-11.975506,-0.068119,2.674820,-0.080574,-0.037760,0.497578,0.219397,0.019106,1681.500,0,2.895326,2.895326,1.163364,1.073832
tracking_cdrone3_20260822_111710_460_milestone4,milestone4,1787422643.600085974,target_map,1,1,2,predicted,7.272669,0.497879,0.285563,2.601176,0.146747,-0.068655,0.752791,18.492514,2567.000,0,0.251146,0.251146,0.237901,0.412786
tracking_cdrone3_20260822_111710_460_milestone4,milestone4,1787422643.600085974,target_map,2,2,2,predicted,-11.983593,-0.071909,2.724763,-0.080574,-0.037760,0.497578,0.199463,0.019106,1681.500,0,2.995699,2.995699,1.198495,1.098925
tracking_cdrone3_20260822_111710_460_milestone4,milestone4,1787422643.609880686,raw,1,1,0,detected,7.073211,0.527143,0.516653,1.717608,0.250251,0.809373,0.803223,18.920095,2567.000,0,0.000000,0.000000,0.000000,0.000000
tracking_cdrone3_20260822_111710_460_milestone4,milestone4,1787422643.700519323,target_map,1,1,0,detected,7.245540,0.543737,0.550403,2.115214,0.203674,0.414260,0.786863,18.920095,2567.000,0,0.081471,0.000000,0.178515,0.370368
tracking_cdrone3_20260822_111710_460_milestone4,milestone4,1787422643.700519323,target_map,2,2,2,predicted,-11.991686,-0.075701,2.774739,-0.080574,-0.037760,0.497578,0.179515,0.019106,1681.500,0,3.096138,3.096138,1.233648,1.124034
tracking_cdrone3_20260822_111710_460_milestone4,milestone4,1787422643.800125122,target_map,1,1,0,detected,7.456196,0.564021,0.591660,2.115214,0.203674,0.414260,0.766864,18.920095,2567.000,0,0.181062,0.000000,0.213372,0.395266
tracking_cdrone3_20260822_111710_460_milestone4,milestone4,1787422643.800125122,target_map,2,2,2,predicted,-11.999710,-0.079462,2.824294,-0.080574,-0.037760,0.497578,0.159735,0.019106,1681.500,0,3.195728,3.195728,1.268505,1.148932
tracking_cdrone3_20260822_111710_460_milestone4,milestone4,1787422643.839267969,raw,1,1,0,detected,7.280684,0.531430,0.564187,0.904422,0.018684,0.207211,0.803223,19.116074,2567.000,0,0.000000,0.000000,0.000000,0.000000
tracking_cdrone3_20260822_111710_460_milestone4,milestone4,1787422643.900294304,target_map,1,1,0,detected,7.354810,0.536643,0.579550,1.449279,0.101930,0.300383,0.792952,19.116074,2567.000,0,0.051147,0.000000,0.167901,0.362787
tracking_cdrone3_20260822_111710_460_milestone4,milestone4,1787422643.900294304,target_map,2,2,2,predicted,-12.007781,-0.083244,2.874137,-0.080574,-0.037760,0.497578,0.139840,0.019106,1681.500,0,3.295902,3.295902,1.303566,1.173975
tracking_cdrone3_20260822_111710_460_milestone4,milestone4,1787422644.000000000,target_map,1,1,0,detected,7.499298,0.546805,0.609498,1.449279,0.101930,0.300383,0.772932,19.116074,2567.000,0,0.150843,0.000000,0.202795,0.387711
tracking_cdrone3_20260822_111710_460_milestone4,milestone4,1787422644.000000000,target_map,2,2,2,predicted,-12.015814,-0.087009,2.923744,-0.080574,-0.037760,0.497578,0.120039,0.019106,1681.500,0,3.395598,3.395598,1.338459,1.198900
tracking_cdrone3_20260822_111710_460_milestone4,milestone4,1787422644.074014425,raw,1,1,0,detected,7.205095,0.538343,0.544107,-0.321987,0.029447,-0.085534,0.803223,19.037436,2567.000,1,0.000000,0.000000,0.000000,0.000000
tracking_cdrone3_20260822_111710_460_milestone4,milestone4,1787422644.099615812,target_map,1,1,0,detected,7.214052,0.539513,0.545768,0.475083,0.062064,0.088129,0.799437,19.037436,2567.000,1,0.018854,0.000000,0.156599,0.354713
tracking_cdrone3_20260822_111710_460_milestone4,milestone4,1787422644.099615812,target_map,2,2,2,predicted,-12.023842,-0.090771,2.973321,-0.080574,-0.037760,0.497578,0.100251,0.019106,1681.500,0,3.495235,3.495235,1.373332,1.223809
tracking_cdrone3_20260822_111710_460_milestone4,milestone4,1787422644.199825525,target_map,1,1,0,detected,7.261656,0.545732,0.554599,0.475083,0.062064,0.088129,0.779315,19.037436,2567.000,1,0.119056,0.000000,0.191670,0.379764
tracking_cdrone3_20260822_111710_460_milestone4,milestone4,1787422644.199825525,target_map,2,2,2,predicted,-12.031916,-0.094555,3.023180,-0.080574,-0.037760,0.497578,0.080350,0.019106,1681.500,0,3.595437,3.595437,1.408403,1.248859
tracking_cdrone3_20260822_111710_460_milestone4,milestone4,1787422644.299969673,target_map,1,1,0,detected,7.309230,0.551947,0.563424,0.475083,0.062064,0.088129,0.759207,19.037436,2567.000,1,0.219194,0.000000,0.226718,0.404799
tracking_cdrone3_20260822_111710_460_milestone4,milestone4,1787422644.299969673,target_map,2,2,2,predicted,-12.039985,-0.098336,3.073006,-0.080574,-0.037760,0.497578,0.060461,0.019106,1681.500,0,3.695575,3.695575,1.443451,1.273894
tracking_cdrone3_20260822_111710_460_milestone4,milestone4,1787422644.321699381,raw,1,1,0,detected,7.230931,0.507016,1.230249,0.104318,-0.126487,2.770438,0.529297,19.030298,1573.000,0,0.000000,0.000000,0.000000,0.000000
tracking_cdrone3_20260822_111710_460_milestone4,milestone4,1787422644.399985790,target_map,1,1,0,detected,7.251433,0.503868,1.348457,0.271162,-0.041639,1.563399,0.519292,19.030298,1573.000,0,0.075610,0.000000,0.176463,0.368902
tracking_cdrone3_20260822_111710_460_milestone4,milestone4,1787422644.399985790,target_map,2,2,2,predicted,-12.048043,-0.102113,3.122771,-0.080574,-0.037760,0.497578,0.040598,0.019106,1681.500,0,3.795589,3.795589,1.478456,1.298897
tracking_cdrone3_20260822_111710_460_milestone4,milestone4,1787422644.499656200,target_map,1,1,0,detected,7.278463,0.499717,1.504300,0.271162,-0.041639,1.563399,0.506101,19.030298,1573.000,0,0.175292,0.000000,0.211352,0.393823
tracking_cdrone3_20260822_111710_460_milestone4,milestone4,1787422644.499656200,target_map,2,2,2,predicted,-12.056075,-0.105877,3.172371,-0.080574,-0.037760,0.497578,0.020800,0.019106,1681.500,0,3.895271,3.895271,1.513345,1.323818
tracking_cdrone3_20260822_111710_460_milestone4,milestone4,1787422644.593476772,raw,1,1,0,detected,7.416621,0.451056,1.470833,0.682651,-0.205728,0.884456,0.529297,19.206249,1573.000,0,0.000000,0.000000,0.000000,0.000000
tracking_cdrone3_20260822_111710_460_milestone4,milestone4,1787422644.604801893,target_map,1,1,2,predicted,7.306974,0.495339,1.668682,0.271162,-0.041639,1.563399,0.492188,19.030298,1573.000,0,0.280435,0.280435,0.248152,0.420109
tracking_cdrone3_20260822_111710_460_milestone4,milestone4,1787422644.604801893,target_map,2,2,2,predicted,-12.064547,-0.109847,3.224688,-0.080574,-0.037760,0.497578,0.000000,0.019106,1681.500,0,4.000414,4.000414,1.550145,1.350104
tracking_cdrone3_20260822_111710_460_milestone4,milestone4,1787422644.699860334,target_map,1,1,0,detected,7.460079,0.439534,1.574784,0.497481,-0.131888,1.189980,0.517738,19.206249,1573.000,0,0.087356,0.000000,0.180574,0.371839
tracking_cdrone3_20260822_111710_460_milestone4,milestone4,1787422644.699860334,target_map,2,2,2,predicted,-12.072206,-0.113436,3.271985,-0.080574,-0.037760,0.497578,0.000000,0.019106,1681.500,0,4.095470,4.095470,1.583414,1.373868
tracking_cdrone3_20260822_111710_460_milestone4,milestone4,1787422644.799683571,target_map,1,1,0,detected,7.509741,0.426368,1.693578,0.497481,-0.131888,1.189980,0.504528,19.206249,1573.000,0,0.187184,0.000000,0.215515,0.396796
tracking_cdrone3_20260822_111710_460_milestone4,milestone4,1787422644.799683571,target_map,2,2,2,predicted,-12.080249,-0.117206,3.321658,-0.080574,-0.037760,0.497578,0.000000,0.019106,1681.500,0,4.195299,4.195299,1.618355,1.398825
tracking_cdrone3_20260822_111710_460_milestone4,milestone4,1787422644.825325966,raw,1,1,0,detected,7.804446,0.402384,1.645906,1.674319,-0.210127,0.755826,0.529297,19.590210,1573.000,0,0.000000,0.000000,0.000000,0.000000
tracking_cdrone3_20260822_111710_460_milestone4,milestone4,1787422644.900142908,target_map,1,1,0,detected,7.885974,0.389926,1.713650,1.144742,-0.174919,0.951195,0.519873,19.590210,1573.000,0,0.071220,0.000000,0.174927,0.367805
tracking_cdrone3_20260822_111710_460_milestone4,milestone4,1787422644.900142908,target_map,2,2,2,predicted,-12.088343,-0.120999,3.371641,-0.080574,-0.037760,0.497578,0.000000,0.019106,1681.500,0,4.295753,4.295753,1.653513,1.423938
tracking_cdrone3_20260822_111710_460_milestone4,milestone4,1787422644.999617577,target_map,1,1,0,detected,7.999841,0.372527,1.808265,1.144742,-0.174919,0.951195,0.506711,19.590210,1573.000,0,0.170690,0.000000,0.209741,0.392672
tracking_cdrone3_20260822_111710_460_milestone4,milestone4,1787422644.999617577,target_map,2,2,2,predicted,-12.096357,-0.124755,3.421135,-0.080574,-0.037760,0.497578,0.000000,0.019106,1681.500,0,4.395222,4.395222,1.688328,1.448806
tracking_cdrone3_20260822_111710_460_milestone4,milestone4,1787422645.055307865,raw,1,1,0,detected,7.516449,0.420523,1.876710,-1.252265,0.078873,1.003581,0.529297,19.304562,1573.000,1,0.000000,0.000000,0.000000,0.000000
tracking_cdrone3_20260822_111710_460_milestone4,milestone4,1787422645.099735737,target_map,1,1,0,detected,7.509739,0.419157,1.914586,-0.173612,-0.035333,0.980008,0.524183,19.304562,1573.000,1,0.038649,0.000000,0.163527,0.359662
tracking_cdrone3_20260822_111710_460_milestone4,milestone4,1787422645.099735737,target_map,2,2,2,predicted,-12.104425,-0.128536,3.470958,-0.080574,-0.037760,0.497578,0.000000,0.019106,1681.500,0,4.495354,4.495354,1.723374,1.473838
tracking_cdrone3_20260822_111710_460_milestone4,milestone4,1787422645.200018406,target_map,1,1,0,detected,7.492332,0.415614,2.012851,-0.173612,-0.035333,0.980008,0.510915,19.304562,1573.000,1,0.138918,0.000000,0.198621,0.384729
tracking_cdrone3_20260822_111710_460_milestone4,milestone4,1787422645.200018406,target_map,2,2,2,predicted,-12.112505,-0.132322,3.520850,-0.080574,-0.037760,0.497578,0.000000,0.019106,1681.500,0,4.595623,4.595623,1.758468,1.498906
tracking_cdrone3_20260822_111710_460_milestone4,milestone4,1787422645.299952269,target_map,1,1,0,detected,7.474982,0.412083,2.110785,-0.173612,-0.035333,0.980008,0.497691,19.304562,1573.000,1,0.238851,0.000000,0.233598,0.409713
tracking_cdrone3_20260822_111710_460_milestone4,milestone4,1787422645.299952269,target_map,2,2,2,predicted,-12.120557,-0.136096,3.570575,-0.080574,-0.037760,0.497578,0.000000,0.019106,1681.500,0,4.695556,4.695556,1.793444,1.523889
tracking_cdrone3_20260822_111710_460_milestone4,milestone4,1787422645.400149345,target_map,1,1,2,predicted,7.457586,0.408543,2.208984,-0.173612,-0.035333,0.980008,0.484432,19.304562,1573.000,1,0.339053,0.339053,0.268669,0.434763
tracking_cdrone3_20260822_111710_460_milestone4,milestone4,1787422645.400149345,target_map,2,2,2,predicted,-12.128631,-0.139879,3.620433,-0.080574,-0.037760,0.497578,0.000000,0.019106,1681.500,0,4.795758,4.795758,1.828515,1.548939
tracking_cdrone3_20260822_111710_460_milestone4,milestone4,1787422645.499686003,target_map,1,1,2,predicted,7.440305,0.405026,2.306529,-0.173612,-0.035333,0.980008,0.471261,19.304562,1573.000,1,0.438587,0.438587,0.303506,0.459647
tracking_cdrone3_20260822_111710_460_milestone4,milestone4,1787422645.499686003,target_map,2,2,2,predicted,-12.136650,-0.143638,3.669959,-0.080574,-0.037760,0.497578,0.000000,0.019106,1681.500,0,4.895292,4.895292,1.863352,1.573823
tracking_cdrone3_20260822_111710_460_milestone4,milestone4,1787422645.599864960,target_map,1,1,2,predicted,7.422913,0.401486,2.404706,-0.173612,-0.035333,0.980008,0.458005,19.304562,1573.000,1,0.538768,0.538768,0.338569,0.484692
tracking_cdrone3_20260822_111710_460_milestone4,milestone4,1787422645.599864960,target_map,2,2,2,predicted,-12.144722,-0.147421,3.719807,-0.080574,-0.037760,0.497578,0.000000,0.019106,1681.500,0,4.995472,4.995472,1.898415,1.598868
tracking_cdrone3_20260822_111710_460_milestone4,milestone4,1787422645.699971914,target_map,1,1,2,predicted,7.405534,0.397949,2.502805,-0.173612,-0.035333,0.980008,0.444759,19.304562,1573.000,1,0.638867,0.638867,0.373603,0.509717
tracking_cdrone3_20260822_111710_460_milestone4,milestone4,1787422645.805270910,target_map,1,1,2,predicted,7.387251,0.394229,2.606008,-0.173612,-0.035333,0.980008,0.430824,19.304562,1573.000,1,0.744176,0.744176,0.410461,0.536044
tracking_cdrone3_20260822_111710_460_milestone4,milestone4,1787422645.899610043,target_map,1,1,2,predicted,7.370872,0.390895,2.698470,-0.173612,-0.035333,0.980008,0.418340,19.304562,1573.000,1,0.838524,0.838524,0.443483,0.559631
tracking_cdrone3_20260822_111710_460_milestone4,milestone4,1787422645.999801159,target_map,1,1,2,predicted,7.353479,0.387355,2.796648,-0.173612,-0.035333,0.980008,0.405083,19.304562,1573.000,1,0.938705,0.938705,0.478547,0.584676
tracking_cdrone3_20260822_111710_460_milestone4,milestone4,1787422646.099605560,target_map,1,1,2,predicted,7.336149,0.383828,2.894471,-0.173612,-0.035333,0.980008,0.391875,19.304562,1573.000,1,1.038524,1.038524,0.513483,0.609631
tracking_cdrone3_20260822_111710_460_milestone4,milestone4,1787422646.199886560,target_map,1,1,2,predicted,7.318741,0.380285,2.992735,-0.173612,-0.035333,0.980008,0.378607,19.304562,1573.000,1,1.138792,1.138792,0.548577,0.634698
tracking_cdrone3_20260822_111710_460_milestone4,milestone4,1787422646.299872398,target_map,1,1,2,predicted,7.301383,0.376753,3.090722,-0.173612,-0.035333,0.980008,0.365376,19.304562,1573.000,1,1.238779,1.238779,0.583573,0.659695
tracking_cdrone3_20260822_111710_460_milestone4,milestone4,1787422646.399933815,target_map,1,1,2,predicted,7.284011,0.373217,3.188782,-0.173612,-0.035333,0.980008,0.352136,19.304562,1573.000,1,1.338839,1.338839,0.618594,0.684710
tracking_cdrone3_20260822_111710_460_milestone4,milestone4,1787422646.499776602,target_map,1,1,2,predicted,7.266676,0.369689,3.286632,-0.173612,-0.035333,0.980008,0.338924,19.304562,1573.000,1,1.438685,1.438685,0.653540,0.709671
tracking_cdrone3_20260822_111710_460_milestone4,milestone4,1787422646.599671841,target_map,1,1,2,predicted,7.249333,0.366160,3.384529,-0.173612,-0.035333,0.980008,0.325706,19.304562,1573.000,1,1.538579,1.538579,0.688503,0.734645
tracking_cdrone3_20260822_111710_460_milestone4,milestone4,1787422646.699945688,target_map,1,1,2,predicted,7.231925,0.362617,3.482798,-0.173612,-0.035333,0.980008,0.312437,19.304562,1573.000,1,1.638853,1.638853,0.723598,0.759713
tracking_cdrone3_20260822_111710_460_milestone4,milestone4,1787422646.799604654,target_map,1,1,2,predicted,7.214622,0.359095,3.580471,-0.173612,-0.035333,0.980008,0.299249,19.304562,1573.000,1,1.738518,1.738518,0.758481,0.784630
tracking_cdrone3_20260822_111710_460_milestone4,milestone4,1787422646.899654865,target_map,1,1,2,predicted,7.197252,0.355560,3.678518,-0.173612,-0.035333,0.980008,0.286010,19.304562,1573.000,1,1.838565,1.838565,0.793498,0.809641
tracking_cdrone3_20260822_111710_460_milestone4,milestone4,1787422647.000349283,target_map,1,1,2,predicted,7.179771,0.352002,3.777195,-0.173612,-0.035333,0.980008,0.272686,19.304562,1573.000,1,1.939255,1.939255,0.828739,0.834814
tracking_cdrone3_20260822_111710_460_milestone4,milestone4,1787422647.099711180,target_map,1,1,2,predicted,7.162520,0.348491,3.874573,-0.173612,-0.035333,0.980008,0.259538,19.304562,1573.000,1,2.038620,2.038620,0.863517,0.859655
tracking_cdrone3_20260822_111710_460_milestone4,milestone4,1787422647.199710608,target_map,1,1,2,predicted,7.145159,0.344958,3.972574,-0.173612,-0.035333,0.980008,0.246306,19.304562,1573.000,1,2.138621,2.138621,0.898517,0.884655
tracking_cdrone3_20260822_111710_460_milestone4,milestone4,1787422647.299909115,target_map,1,1,2,predicted,7.127762,0.341417,4.070778,-0.173612,-0.035333,0.980008,0.233046,19.304562,1573.000,1,2.238828,2.238828,0.933590,0.909707
tracking_cdrone3_20260822_111710_460_milestone4,milestone4,1787422647.399585485,target_map,1,1,2,predicted,7.110457,0.337895,4.168460,-0.173612,-0.035333,0.980008,0.219856,19.304562,1573.000,1,2.338502,2.338502,0.968476,0.934626
tracking_cdrone3_20260822_111710_460_milestone4,milestone4,1787422647.500002146,target_map,1,1,2,predicted,7.093027,0.334348,4.266852,-0.173612,-0.035333,0.980008,0.206571,19.304562,1573.000,1,2.438902,2.438902,1.003616,0.959725
tracking_cdrone3_20260822_111710_460_milestone4,milestone4,1787422647.599933386,target_map,1,1,2,predicted,7.075676,0.330817,4.364791,-0.173612,-0.035333,0.980008,0.193347,19.304562,1573.000,1,2.538839,2.538839,1.038594,0.984710
tracking_cdrone3_20260822_111710_460_milestone4,milestone4,1787422647.699727058,target_map,1,1,2,predicted,7.058351,0.327291,4.462591,-0.173612,-0.035333,0.980008,0.180142,19.304562,1573.000,1,2.638634,2.638634,1.073522,1.009658
tracking_cdrone3_20260822_111710_460_milestone4,milestone4,1787422647.763775587,raw,3,3,0,detected,5.218120,0.686830,1.750827,0.000000,0.000000,0.000000,0.445557,17.068758,1711.000,0,0.000000,0.000000,0.000000,0.000000
tracking_cdrone3_20260822_111710_460_milestone4,milestone4,1787422647.799621582,target_map,1,1,2,predicted,7.041006,0.323761,4.560498,-0.173612,-0.035333,0.980008,0.166922,19.304562,1573.000,1,2.738538,2.738538,1.108488,1.034634
tracking_cdrone3_20260822_111710_460_milestone4,milestone4,1787422647.799621582,target_map,3,3,0,detected,5.218120,0.686830,1.750827,0.000000,0.000000,0.000000,0.442042,17.068758,1711.000,0,0.031555,0.000000,0.161044,0.357889
tracking_cdrone3_20260822_111710_460_milestone4,milestone4,1787422647.900140524,target_map,1,1,2,predicted,7.023557,0.320210,4.658996,-0.173612,-0.035333,0.980008,0.153622,19.304562,1573.000,1,2.839046,2.839046,1.143666,1.059761
tracking_cdrone3_20260822_111710_460_milestone4,milestone4,1787422647.900140524,target_map,3,3,0,detected,5.218120,0.686830,1.750827,0.000000,0.000000,0.000000,0.430846,17.068758,1711.000,0,0.132062,0.000000,0.196222,0.383016
tracking_cdrone3_20260822_111710_460_milestone4,milestone4,1787422647.999638796,target_map,1,1,2,predicted,7.006282,0.316694,4.756510,-0.173612,-0.035333,0.980008,0.140456,19.304562,1573.000,1,2.938549,2.938549,1.178492,1.084637
tracking_cdrone3_20260822_111710_460_milestone4,milestone4,1787422647.999638796,target_map,3,3,0,detected,5.218120,0.686830,1.750827,0.000000,0.000000,0.000000,0.419763,17.068758,1711.000,0,0.231566,0.000000,0.231048,0.407891
tracking_cdrone3_20260822_111710_460_milestone4,milestone4,1787422648.042080164,raw,3,3,0,detected,6.083220,0.739814,1.672243,3.106733,0.190278,-0.282212,0.445557,17.935699,1711.000,0,0.000000,0.000000,0.000000,0.000000
tracking_cdrone3_20260822_111710_460_milestone4,milestone4,1787422648.099617958,target_map,1,1,2,predicted,6.988923,0.313161,4.854497,-0.173612,-0.035333,0.980008,0.127225,19.304562,1573.000,1,3.038535,3.038535,1.213487,1.109634
tracking_cdrone3_20260822_111710_460_milestone4,milestone4,1787422648.099617958,target_map,3,3,0,detected,6.175203,0.745448,1.663887,1.708703,0.104653,-0.155216,0.439560,17.935699,1711.000,0,0.053832,0.000000,0.168841,0.363458
tracking_cdrone3_20260822_111710_460_milestone4,milestone4,1787422648.199603796,target_map,1,1,2,predicted,6.971566,0.309628,4.952474,-0.173612,-0.035333,0.980008,0.113996,19.304562,1573.000,1,3.138511,3.138511,1.248479,1.134628
tracking_cdrone3_20260822_111710_460_milestone4,milestone4,1787422648.199603796,target_map,3,3,0,detected,6.346032,0.755911,1.648369,1.708703,0.104653,-0.155216,0.428424,17.935699,1711.000,0,0.153808,0.000000,0.203833,0.388452
tracking_cdrone3_20260822_111710_460_milestone4,milestone4,1787422648.299975634,target_map,1,1,2,predicted,6.954141,0.306082,5.050834,-0.173612,-0.035333,0.980008,0.100715,19.304562,1573.000,1,3.238877,3.238877,1.283607,1.159719
tracking_cdrone3_20260822_111710_460_milestone4,milestone4,1787422648.299975634,target_map,3,3,2,predicted,6.517528,0.766414,1.632791,1.708703,0.104653,-0.155216,0.417244,17.935699,1711.000,0,0.254174,0.254174,0.238961,0.413543
tracking_cdrone3_20260822_111710_460_milestone4,milestone4,1787422648.300660133,raw,3,3,0,detected,7.416424,0.766337,1.736608,5.156263,0.102579,0.248936,0.445557,19.268730,1711.000,0,0.000000,0.000000,0.000000,0.000000
tracking_cdrone3_20260822_111710_460_milestone4,milestone4,1787422648.399929523,target_map,1,1,2,predicted,6.936787,0.302550,5.148794,-0.173612,-0.035333,0.980008,0.087488,19.304562,1573.000,1,3.338836,3.338836,1.318593,1.184709
tracking_cdrone3_20260822_111710_460_milestone4,milestone4,1787422648.399929523,target_map,3,3,0,detected,7.755558,0.776075,1.742917,3.604861,0.103512,0.067067,0.435077,19.268730,1711.000,0,0.094077,0.000000,0.182927,0.373519
tracking_cdrone3_20260822_111710_460_milestone4,milestone4,1787422648.499970436,target_map,1,1,2,predicted,6.919421,0.299016,5.246826,-0.173612,-0.035333,0.980008,0.074251,19.304562,1573.000,1,3.438867,3.438867,1.353604,1.209717
tracking_cdrone3_20260822_111710_460_milestone4,milestone4,1787422648.499970436,target_map,3,3,0,detected,8.116158,0.786429,1.749626,3.604861,0.103512,0.067067,0.423935,19.268730,1711.000,0,0.194108,0.000000,0.217938,0.398527
tracking_cdrone3_20260822_111710_460_milestone4,milestone4,1787422648.550434828,raw,3,3,0,detected,-11.811677,-0.164844,1.693097,-77.022514,-3.730056,-0.174290,0.805664,0.018787,1408.750,1,0.000000,0.000000,0.000000,0.000000
tracking_cdrone3_20260822_111710_460_milestone4,milestone4,1787422648.599757671,target_map,1,1,2,predicted,6.902094,0.295490,5.344629,-0.173612,-0.035333,0.980008,0.061046,19.304562,1573.000,1,3.538665,3.538665,1.388533,1.234666
tracking_cdrone3_20260822_111710_460_milestone4,milestone4,1787422648.599757671,target_map,3,3,0,detected,-11.939824,-0.172528,1.694033,-2.772651,-0.166253,0.020236,0.796355,0.018787,1408.750,1,0.046218,0.000000,0.166176,0.361555
tracking_cdrone3_20260822_111710_460_milestone4,milestone4,1787422648.700143576,target_map,1,1,2,predicted,6.884669,0.291943,5.442993,-0.173612,-0.035333,0.980008,0.047764,19.304562,1573.000,1,3.639037,3.639037,1.423663,1.259759
tracking_cdrone3_20260822_111710_460_milestone4,milestone4,1787422648.700143576,target_map,3,3,0,detected,-12.218119,-0.189215,1.696064,-2.772651,-0.166253,0.020236,0.776139,0.018787,1408.750,1,0.146590,0.000000,0.201306,0.386647
tracking_cdrone3_20260822_111710_460_milestone4,milestone4,1787422648.780154228,raw,3,3,0,detected,-11.812647,-0.171566,1.715873,-0.004221,-0.029259,0.099135,0.759277,0.018864,1440.750,0,0.000000,0.000000,0.000000,0.000000
tracking_cdrone3_20260822_111710_460_milestone4,milestone4,1787422648.799678802,target_map,1,1,2,predicted,6.867384,0.288425,5.540563,-0.173612,-0.035333,0.980008,0.034590,19.304562,1573.000,1,3.738597,3.738597,1.458509,1.284649
tracking_cdrone3_20260822_111710_460_milestone4,milestone4,1787422648.799678802,target_map,3,3,0,detected,-11.833152,-0.173057,1.716917,-1.250014,-0.090906,0.063630,0.756164,0.018864,1440.750,0,0.016403,0.000000,0.155741,0.354101
tracking_cdrone3_20260822_111710_460_milestone4,milestone4,1787422648.900441170,target_map,1,1,2,predicted,6.849893,0.284866,5.639296,-0.173612,-0.035333,0.980008,0.021259,19.304562,1573.000,1,3.839344,3.839344,1.493770,1.309836
tracking_cdrone3_20260822_111710_460_milestone4,milestone4,1787422648.900441170,target_map,3,3,0,detected,-11.959087,-0.182216,1.723327,-1.250014,-0.090906,0.063630,0.737040,0.018864,1440.750,0,0.117151,0.000000,0.191003,0.379288
tracking_cdrone3_20260822_111710_460_milestone4,milestone4,1787422648.999752283,target_map,1,1,2,predicted,6.832651,0.281356,5.736626,-0.173612,-0.035333,0.980008,0.008117,19.304562,1573.000,1,3.938659,3.938659,1.528531,1.334665
tracking_cdrone3_20260822_111710_460_milestone4,milestone4,1787422648.999752283,target_map,3,3,0,detected,-12.083233,-0.191244,1.729647,-1.250014,-0.090906,0.063630,0.718188,0.018864,1440.750,0,0.216466,0.000000,0.225763,0.404116
tracking_cdrone3_20260822_111710_460_milestone4,milestone4,1787422649.030803680,raw,3,3,0,detected,-11.813438,-0.180971,1.748210,-0.003158,-0.037527,0.129030,0.787109,0.018526,1783.500,0,0.000000,0.000000,0.000000,0.000000
tracking_cdrone3_20260822_111710_460_milestone4,milestone4,1787422649.099729538,target_map,1,1,2,predicted,6.815293,0.277824,5.834604,-0.173612,-0.035333,0.980008,0.000000,19.304562,1573.000,1,4.038637,4.038637,1.563523,1.359659
tracking_cdrone3_20260822_111710_460_milestone4,milestone4,1787422649.099729538,target_map,3,3,0,detected,-11.849892,-0.184947,1.754645,-0.564244,-0.061548,0.099600,0.774397,0.018526,1783.500,0,0.064605,0.000000,0.172612,0.366151
tracking_cdrone3_20260822_111710_460_milestone4,milestone4,1787422649.200390577,target_map,1,1,2,predicted,6.797818,0.274267,5.933249,-0.173612,-0.035333,0.980008,0.000000,19.304562,1573.000,1,4.139294,4.139294,1.598753,1.384823
tracking_cdrone3_20260822_111710_460_milestone4,milestone4,1787422649.200390577,target_map,3,3,0,detected,-11.906687,-0.191142,1.764670,-0.564244,-0.061548,0.099600,0.754590,0.018526,1783.500,0,0.165262,0.000000,0.207842,0.391315
tracking_cdrone3_20260822_111710_460_milestone4,milestone4,1787422649.278673649,raw,3,3,1,held,-11.815624,-0.192880,1.790541,-0.008818,-0.048047,0.170782,0.787109,0.018193,1783.500,0,0.247867,0.247867,0.000000,0.000000
tracking_cdrone3_20260822_111710_460_milestone4,milestone4,1787422649.299932718,target_map,1,1,2,predicted,6.780536,0.270750,6.030802,-0.173612,-0.035333,0.980008,0.000000,19.304562,1573.000,1,4.238837,4.238837,1.633593,1.409709
tracking_cdrone3_20260822_111710_460_milestone4,milestone4,1787422649.299932718,target_map,3,3,1,held,-11.819376,-0.193665,1.792553,-0.258760,-0.054122,0.138750,0.735482,0.018193,1783.500,0,0.262365,0.000000,0.155074,0.353624
tracking_cdrone3_20260822_111710_460_milestone4,milestone4,1787422649.399634600,target_map,1,1,2,predicted,6.763226,0.267227,6.128519,-0.173612,-0.035333,0.980008,0.000000,19.304562,1573.000,1,4.338547,4.338547,1.668491,1.434637
tracking_cdrone3_20260822_111710_460_milestone4,milestone4,1787422649.399634600,target_map,3,3,1,held,-11.845177,-0.199061,1.806388,-0.258760,-0.054122,0.138750,0.715861,0.018193,1783.500,0,0.362074,0.000000,0.189973,0.378552
tracking_cdrone3_20260822_111710_460_milestone4,milestone4,1787422649.500048876,target_map,1,1,2,predicted,6.745795,0.263680,6.226908,-0.173612,-0.035333,0.980008,0.000000,19.304562,1573.000,1,4.438944,4.438944,1.703630,1.459736
tracking_cdrone3_20260822_111710_460_milestone4,milestone4,1787422649.500048876,target_map,3,3,1,held,-11.871155,-0.204495,1.820318,-0.258760,-0.054122,0.138750,0.696106,0.018193,1783.500,0,0.462471,0.000000,0.225111,0.403651
tracking_cdrone3_20260822_111710_460_milestone4,milestone4,1787422649.524957657,raw,3,3,0,detected,-11.816118,-0.197240,1.807721,-0.002006,-0.017704,0.069757,0.787109,0.018994,1783.500,0,0.000000,0.000000,0.000000,0.000000
tracking_cdrone3_20260822_111710_460_milestone4,milestone4,1787422649.599977255,target_map,1,1,2,predicted,6.728446,0.260149,6.324843,-0.173612,-0.035333,0.980008,0.000000,19.304562,1573.000,1,4.538877,4.538877,1.738607,1.484719
tracking_cdrone3_20260822_111710_460_milestone4,milestone4,1787422649.599977255,target_map,3,3,0,detected,-11.824518,-0.199677,1.814925,-0.117545,-0.034092,0.100804,0.773048,0.018994,1783.500,0,0.071458,0.000000,0.175010,0.367865
tracking_cdrone3_20260822_111710_460_milestone4,milestone4,1787422649.700082541,target_map,1,1,2,predicted,6.711068,0.256612,6.422936,-0.173612,-0.035333,0.980008,0.000000,19.304562,1573.000,1,4.638971,4.638971,1.773640,1.509743
tracking_cdrone3_20260822_111710_460_milestone4,milestone4,1787422649.700082541,target_map,3,3,0,detected,-11.836284,-0.203089,1.825015,-0.117545,-0.034092,0.100804,0.753352,0.018994,1783.500,0,0.171552,0.000000,0.210043,0.392888
tracking_cdrone3_20260822_111710_460_milestone4,milestone4,1787422649.779808521,raw,3,3,0,detected,7.589629,0.729614,1.002199,76.147499,3.636945,-3.160844,0.787109,19.465155,1783.500,0,0.000000,0.000000,0.000000,0.000000
tracking_cdrone3_20260822_111710_460_milestone4,milestone4,1787422649.799634457,target_map,1,1,2,predicted,6.693780,0.253094,6.520523,-0.173612,-0.035333,0.980008,0.000000,19.304562,1573.000,1,4.738548,4.738548,1.808492,1.534637
tracking_cdrone3_20260822_111710_460_milestone4,milestone4,1787422649.799634457,target_map,3,3,0,detected,7.662915,0.732898,0.999886,4.338322,0.194391,-0.136915,0.783785,19.465155,1783.500,0,0.016893,0.000000,0.155912,0.354223
tracking_cdrone3_20260822_111710_460_milestone4,milestone4,1787422649.899597406,target_map,1,1,2,predicted,6.676425,0.249561,6.618490,-0.173612,-0.035333,0.980008,0.000000,19.304562,1573.000,1,4.838513,4.838513,1.843480,1.559628
tracking_cdrone3_20260822_111710_460_milestone4,milestone4,1787422649.899597406,target_map,3,3,0,detected,8.096597,0.752330,0.986199,4.338322,0.194391,-0.136915,0.764114,19.465155,1783.500,0,0.116858,0.000000,0.190900,0.379214
tracking_cdrone3_20260822_111710_460_milestone4,milestone4,1787422650.000213861,target_map,1,1,2,predicted,6.658960,0.246007,6.717079,-0.173612,-0.035333,0.980008,0.000000,19.304562,1573.000,1,4.939114,4.939114,1.878690,1.584778
tracking_cdrone3_20260822_111710_460_milestone4,milestone4,1787422650.000213861,target_map,3,3,0,detected,8.533033,0.771886,0.972426,4.338322,0.194391,-0.136915,0.744319,19.465155,1783.500,0,0.217458,0.000000,0.226110,0.404365
tracking_cdrone3_20260822_111710_460_milestone4,milestone4,1787422650.099911690,target_map,3,3,2,predicted,8.965582,0.791267,0.958775,4.338322,0.194391,-0.136915,0.724699,19.465155,1783.500,0,0.317163,0.317163,0.261007,0.429291
tracking_cdrone3_20260822_111710_460_milestone4,milestone4,1787422650.199741840,target_map,3,3,2,predicted,9.398659,0.810673,0.945107,4.338322,0.194391,-0.136915,0.705056,19.465155,1783.500,0,0.416988,0.416988,0.295946,0.454247
tracking_cdrone3_20260822_111710_460_milestone4,milestone4,1787422650.299640179,target_map,3,3,2,predicted,9.832111,0.830095,0.931427,4.338322,0.194391,-0.136915,0.685395,19.465155,1783.500,0,0.516901,0.516901,0.330915,0.479225
tracking_cdrone3_20260822_111710_460_milestone4,milestone4,1787422650.399780273,target_map,3,3,2,predicted,10.266517,0.849560,0.917718,4.338322,0.194391,-0.136915,0.665691,19.465155,1783.500,0,0.617033,0.617033,0.365962,0.504258
tracking_cdrone3_20260822_111710_460_milestone4,milestone4,1787422650.500132799,target_map,3,3,2,predicted,10.701795,0.869063,0.903980,4.338322,0.194391,-0.136915,0.645948,19.465155,1783.500,0,0.717366,0.717366,0.401078,0.529342
tracking_cdrone3_20260822_111710_460_milestone4,milestone4,1787422650.599954367,target_map,3,3,2,predicted,11.134918,0.888471,0.890311,4.338322,0.194391,-0.136915,0.626302,19.465155,1783.500,0,0.817203,0.817203,0.436021,0.554301
tracking_cdrone3_20260822_111710_460_milestone4,milestone4,1787422650.699859142,target_map,3,3,2,predicted,11.568353,0.907892,0.876632,4.338322,0.194391,-0.136915,0.606643,19.465155,1783.500,0,0.917111,0.917111,0.470989,0.579278
tracking_cdrone3_20260822_111710_460_milestone4,milestone4,1787422650.800007105,target_map,3,3,2,predicted,12.002822,0.927360,0.862921,4.338322,0.194391,-0.136915,0.586936,19.465155,1783.500,0,1.017258,1.017258,0.506040,0.604315
tracking_cdrone3_20260822_111710_460_milestone4,milestone4,1787422650.899596691,target_map,3,3,2,predicted,12.434916,0.946721,0.849284,4.338322,0.194391,-0.136915,0.567337,19.465155,1783.500,0,1.116858,1.116858,0.540900,0.629214
tracking_cdrone3_20260822_111710_460_milestone4,milestone4,1787422651.000052214,target_map,3,3,2,predicted,12.870609,0.966244,0.835534,4.338322,0.194391,-0.136915,0.547575,19.465155,1783.500,0,1.217286,1.217286,0.576050,0.654322
tracking_cdrone3_20260822_111710_460_milestone4,milestone4,1787422651.099664450,target_map,3,3,2,predicted,13.302860,0.985612,0.821892,4.338322,0.194391,-0.136915,0.527969,19.465155,1783.500,0,1.316922,1.316922,0.610923,0.679231
tracking_cdrone3_20260822_111710_460_milestone4,milestone4,1787422651.199925184,target_map,3,3,2,predicted,13.737797,1.005100,0.808166,4.338322,0.194391,-0.136915,0.508241,19.465155,1783.500,0,1.417176,1.417176,0.646012,0.704294
tracking_cdrone3_20260822_111710_460_milestone4,milestone4,1787422651.299806356,target_map,3,3,2,predicted,14.171199,1.024520,0.794488,4.338322,0.194391,-0.136915,0.488583,19.465155,1783.500,0,1.517077,1.517077,0.680977,0.729269
tracking_cdrone3_20260822_111710_460_milestone4,milestone4,1787422651.399925947,target_map,3,3,2,predicted,14.605466,1.043979,0.780782,4.338322,0.194391,-0.136915,0.468885,19.465155,1783.500,0,1.617178,1.617178,0.716012,0.754294
tracking_cdrone3_20260822_111710_460_milestone4,milestone4,1787422651.500010967,target_map,3,3,2,predicted,15.039629,1.063433,0.767080,4.338322,0.194391,-0.136915,0.449193,19.465155,1783.500,0,1.717254,1.717254,0.751039,0.779314
tracking_cdrone3_20260822_111710_460_milestone4,milestone4,1787422651.599924088,target_map,3,3,2,predicted,15.473126,1.082857,0.753399,4.338322,0.194391,-0.136915,0.429530,19.465155,1783.500,0,1.817177,1.817177,0.786012,0.804294
tracking_cdrone3_20260822_111710_460_milestone4,milestone4,1787422651.699691772,target_map,3,3,2,predicted,15.905976,1.102252,0.739739,4.338322,0.194391,-0.136915,0.409897,19.465155,1783.500,0,1.916950,1.916950,0.820933,0.829238
tracking_cdrone3_20260822_111710_460_milestone4,milestone4,1787422651.799808264,target_map,3,3,2,predicted,16.340292,1.121713,0.726032,4.338322,0.194391,-0.136915,0.390197,19.465155,1783.500,0,2.017062,2.017062,0.855972,0.854266
tracking_cdrone3_20260822_111710_460_milestone4,milestone4,1787422651.899788857,target_map,3,3,2,predicted,16.774029,1.141148,0.712344,4.338322,0.194391,-0.136915,0.370524,19.465155,1783.500,0,2.117040,2.117040,0.890964,0.879260
tracking_cdrone3_20260822_111710_460_milestone4,milestone4,1787422651.999784946,target_map,3,3,2,predicted,17.207836,1.160586,0.698653,4.338322,0.194391,-0.136915,0.350847,19.465155,1783.500,0,2.217034,2.217034,0.925962,0.904259
tracking_cdrone3_20260822_111710_460_milestone4,milestone4,1787422652.099792719,target_map,3,3,2,predicted,17.641720,1.180027,0.684960,4.338322,0.194391,-0.136915,0.331167,19.465155,1783.500,0,2.317046,2.317046,0.960966,0.929262
tracking_cdrone3_20260822_111710_460_milestone4,milestone4,1787422652.199590683,target_map,3,3,2,predicted,18.074705,1.199428,0.671295,4.338322,0.194391,-0.136915,0.311528,19.465155,1783.500,0,2.416851,2.416851,0.995898,0.954213
tracking_cdrone3_20260822_111710_460_milestone4,milestone4,1787422652.300916433,target_map,3,3,2,predicted,18.514334,1.219127,0.657420,4.338322,0.194391,-0.136915,0.291587,19.465155,1783.500,0,2.518187,2.518187,1.031365,0.979547
tracking_cdrone3_20260822_111710_460_milestone4,milestone4,1787422652.400081873,target_map,3,3,2,predicted,18.944485,1.238401,0.643845,4.338322,0.194391,-0.136915,0.272077,19.465155,1783.500,0,2.617338,2.617338,1.066068,1.004335
tracking_cdrone3_20260822_111710_460_milestone4,milestone4,1787422652.500271082,target_map,3,3,2,predicted,19.379065,1.257874,0.630130,4.338322,0.194391,-0.136915,0.252365,19.465155,1783.500,0,2.717511,2.717511,1.101129,1.029378
tracking_cdrone3_20260822_111710_460_milestone4,milestone4,1787422652.599969149,target_map,3,3,2,predicted,19.811626,1.277256,0.616478,4.338322,0.194391,-0.136915,0.232745,19.465155,1783.500,0,2.817218,2.817218,1.136026,1.054304
tracking_cdrone3_20260822_111710_460_milestone4,milestone4,1787422652.701946020,target_map,3,3,2,predicted,20.254015,1.297079,0.602517,4.338322,0.194391,-0.136915,0.212679,19.465155,1783.500,0,2.919190,2.919190,1.171717,1.079798
tracking_cdrone3_20260822_111710_460_milestone4,milestone4,1787422652.799630404,target_map,3,3,2,predicted,20.677853,1.316070,0.589141,4.338322,0.194391,-0.136915,0.193455,19.465155,1783.500,0,3.016886,3.016886,1.205910,1.104222
tracking_cdrone3_20260822_111710_460_milestone4,milestone4,1787422652.899863243,target_map,3,3,2,predicted,21.112631,1.335551,0.575419,4.338322,0.194391,-0.136915,0.173734,19.465155,1783.500,0,3.117104,3.117104,1.240986,1.129276
tracking_cdrone3_20260822_111710_460_milestone4,milestone4,1787422652.999747276,target_map,3,3,2,predicted,21.546009,1.354970,0.561742,4.338322,0.194391,-0.136915,0.154077,19.465155,1783.500,0,3.217000,3.217000,1.275950,1.154250
tracking_cdrone3_20260822_111710_460_milestone4,milestone4,1787422653.099718571,target_map,3,3,2,predicted,21.979725,1.374404,0.548054,4.338322,0.194391,-0.136915,0.134404,19.465155,1783.500,0,3.316973,3.316973,1.310941,1.179243
tracking_cdrone3_20260822_111710_460_milestone4,milestone4,1787422653.199650764,target_map,3,3,2,predicted,22.413280,1.393831,0.534371,4.338322,0.194391,-0.136915,0.114739,19.465155,1783.500,0,3.416909,3.416909,1.345918,1.204227
tracking_cdrone3_20260822_111710_460_milestone4,milestone4,1787422653.299956083,target_map,3,3,2,predicted,22.848387,1.413327,0.520640,4.338322,0.194391,-0.136915,0.095004,19.465155,1783.500,0,3.517203,3.517203,1.381021,1.229301
tracking_cdrone3_20260822_111710_460_milestone4,milestone4,1787422653.399934769,target_map,3,3,2,predicted,23.282127,1.432762,0.506951,4.338322,0.194391,-0.136915,0.075330,19.465155,1783.500,0,3.617182,3.617182,1.416014,1.254295
tracking_cdrone3_20260822_111710_460_milestone4,milestone4,1787422653.492434025,raw,3,3,0,detected,-1.674204,0.332976,1.513589,0.000000,0.000000,0.000000,0.797363,10.205560,1603.250,0,0.000000,0.000000,0.000000,0.000000
tracking_cdrone3_20260822_111710_460_milestone4,milestone4,1787422653.500104427,target_map,3,3,0,detected,-1.682372,0.332622,1.513993,-1.806127,-0.078195,0.089446,0.796462,10.205560,1603.250,0,0.004522,0.000000,0.151583,0.351131
tracking_cdrone3_20260822_111710_460_milestone4,milestone4,1787422653.599827766,target_map,3,3,0,detected,-1.862485,0.324824,1.522913,-1.806127,-0.078195,0.089446,0.776583,10.205560,1603.250,0,0.104246,0.000000,0.186486,0.376061
tracking_cdrone3_20260822_111710_460_milestone4,milestone4,1787422653.700082541,target_map,3,3,0,detected,-2.043538,0.316986,1.531879,-1.806127,-0.078195,0.089446,0.756600,10.205560,1603.250,0,0.204490,0.000000,0.221571,0.401122
tracking_cdrone3_20260822_111710_460_milestone4,milestone4,1787422653.766810894,raw,3,3,0,detected,-11.855162,-0.204156,1.637252,-37.104710,-1.957587,0.450693,0.797363,0.018533,1603.250,1,0.000000,0.000000,0.000000,0.000000
tracking_cdrone3_20260822_111710_460_milestone4,milestone4,1787422653.799720049,target_map,3,3,0,detected,-11.977714,-0.210441,1.639455,-5.206323,-0.266986,0.093617,0.792671,0.018533,1603.250,1,0.023539,0.000000,0.158239,0.355885
tracking_cdrone3_20260822_111710_460_milestone4,milestone4,1787422653.900067329,target_map,3,3,0,detected,-12.500079,-0.237228,1.648848,-5.206323,-0.266986,0.093617,0.772671,0.018533,1603.250,1,0.123872,0.000000,0.193355,0.380968
tracking_cdrone3_20260822_111710_460_milestone4,milestone4,1787422653.991027832,raw,3,3,1,held,-12.114849,-0.218049,1.610690,-1.158141,-0.061961,-0.118456,0.797363,0.231468,1603.250,1,0.224228,0.224228,0.000000,0.000000
tracking_cdrone3_20260822_111710_460_milestone4,milestone4,1787422653.999835491,target_map,3,3,1,held,-12.125223,-0.218586,1.610610,-2.979823,-0.154222,-0.023023,0.751971,0.231468,1603.250,1,0.227710,0.000000,0.151218,0.350870
tracking_cdrone3_20260822_111710_460_milestone4,milestone4,1787422654.099650383,target_map,3,3,1,held,-12.422672,-0.233981,1.608312,-2.979823,-0.154222,-0.023023,0.732073,0.231468,1603.250,1,0.327531,0.000000,0.186156,0.375826
tracking_cdrone3_20260822_111710_460_milestone4,milestone4,1787422654.200133801,target_map,3,3,1,held,-12.722051,-0.249475,1.605999,-2.979823,-0.154222,-0.023023,0.712045,0.231468,1603.250,1,0.427999,0.000000,0.221320,0.400943
tracking_cdrone3_20260822_111710_460_milestone4,milestone4,1787422654.255152702,raw,3,3,0,detected,-11.878036,-0.201277,1.572109,0.896627,0.063505,-0.146078,0.586914,0.017915,1936.000,0,0.000000,0.000000,0.000000,0.000000
tracking_cdrone3_20260822_111710_460_milestone4,milestone4,1787422654.299903393,target_map,3,3,0,detected,-11.910756,-0.202607,1.568608,-0.847775,-0.034472,-0.090703,0.581251,0.017915,1936.000,0,0.038594,0.000000,0.163508,0.359649
tracking_cdrone3_20260822_111710_460_milestone4,milestone4,1787422654.400251865,target_map,3,3,0,detected,-11.995833,-0.206066,1.559506,-0.847775,-0.034472,-0.090703,0.566526,0.017915,1936.000,0,0.138948,0.000000,0.198632,0.384737
tracking_cdrone3_20260822_111710_460_milestone4,milestone4,1787422654.496198654,raw,3,3,0,detected,-11.908360,-0.196318,1.525948,-0.125803,0.020573,-0.191505,0.803223,0.006418,2015.000,0,0.000000,0.000000,0.000000,0.000000
tracking_cdrone3_20260822_111710_460_milestone4,milestone4,1787422654.499961853,target_map,3,3,0,detected,-12.080359,-0.209503,1.550462,-0.847775,-0.034472,-0.090703,0.551897,0.017915,1936.000,0,0.238651,0.000000,0.233528,0.409663
tracking_cdrone3_20260822_111710_460_milestone4,milestone4,1787422654.599734783,target_map,3,3,0,detected,-11.946748,-0.196675,1.513500,-0.450691,-0.004197,-0.146144,0.786119,0.006418,2015.000,0,0.085177,0.000000,0.179812,0.371294
tracking_cdrone3_20260822_111710_460_milestone4,milestone4,1787422654.699571133,target_map,3,3,0,detected,-11.991743,-0.197094,1.498910,-0.450691,-0.004197,-0.146144,0.766071,0.006418,2015.000,0,0.185013,0.000000,0.214754,0.396253
tracking_cdrone3_20260822_111710_460_milestone4,milestone4,1787422654.775281429,raw,3,3,0,detected,-6.130334,0.130847,1.557011,20.702692,1.172233,0.111297,0.790039,5.810778,1711.000,0,0.000000,0.000000,0.000000,0.000000
tracking_cdrone3_20260822_111710_460_milestone4,milestone4,1787422654.803109884,target_map,3,3,0,detected,-6.026546,0.136962,1.555967,4.190089,0.246847,-0.042149,0.785147,5.810778,1711.000,0,0.024770,0.000000,0.158669,0.356192
tracking_cdrone3_20260822_111710_460_milestone4,milestone4,1787422654.899758339,target_map,3,3,0,detected,-5.621552,0.160821,1.551893,4.190089,0.246847,-0.042149,0.766056,5.810778,1711.000,0,0.121425,0.000000,0.192499,0.380356
tracking_cdrone3_20260822_111710_460_milestone4,milestone4,1787422655.000027895,target_map,3,3,0,detected,-5.201485,0.185568,1.547668,4.190089,0.246847,-0.042149,0.746256,5.810778,1711.000,0,0.221678,0.000000,0.227587,0.405419
tracking_cdrone3_20260822_111710_460_milestone4,milestone4,1787422655.012065887,raw,3,3,0,detected,-11.934906,-0.193043,1.485715,-24.515839,-1.367965,-0.301123,0.825195,0.005910,1800.000,1,0.000000,0.000000,0.000000,0.000000
tracking_cdrone3_20260822_111710_460_milestone4,milestone4,1787422655.100249052,target_map,3,3,0,detected,-12.112724,-0.202549,1.480543,-2.507296,-0.134036,-0.072923,0.810565,0.005910,1800.000,1,0.070920,0.000000,0.174822,0.367730
tracking_cdrone3_20260822_111710_460_milestone4,milestone4,1787422655.200171471,target_map,3,3,0,detected,-12.363333,-0.215946,1.473254,-2.507296,-0.134036,-0.072923,0.789945,0.005910,1800.000,1,0.170872,0.000000,0.209805,0.392718
tracking_cdrone3_20260822_111710_460_milestone4,milestone4,1787422655.249938965,raw,3,3,0,detected,-11.928457,-0.191851,1.478720,0.027111,0.005013,-0.029403,0.846191,0.018774,1738.500,0,0.000000,0.000000,0.000000,0.000000
tracking_cdrone3_20260822_111710_460_milestone4,milestone4,1787422655.299650669,target_map,3,3,0,detected,-11.980792,-0.194557,1.476418,-1.113372,-0.057559,-0.048987,0.836247,0.018774,1738.500,0,0.047006,0.000000,0.166452,0.361751
tracking_cdrone3_20260822_111710_460_milestone4,milestone4,1787422655.399976969,target_map,3,3,0,detected,-12.092474,-0.200330,1.471504,-1.113372,-0.057559,-0.048987,0.815027,0.018774,1738.500,0,0.147316,0.000000,0.201561,0.386829
tracking_cdrone3_20260822_111710_460_milestone4,milestone4,1787422655.486307383,raw,3,3,0,detected,-11.950286,-0.192095,1.469496,-0.092339,-0.001031,-0.039019,0.806152,0.005923,1781.250,1,0.000000,0.000000,0.000000,0.000000
tracking_cdrone3_20260822_111710_460_milestone4,milestone4,1787422655.499764681,target_map,3,3,0,detected,-11.956081,-0.192373,1.469039,-0.551804,-0.026468,-0.043505,0.804036,0.005923,1781.250,1,0.010503,0.000000,0.153676,0.352626
tracking_cdrone3_20260822_111710_460_milestone4,milestone4,1787422655.599874496,target_map,3,3,0,detected,-12.011315,-0.195022,1.464685,-0.551804,-0.026468,-0.043505,0.783862,0.005923,1781.250,1,0.110601,0.000000,0.188710,0.377650
tracking_cdrone3_20260822_111710_460_milestone4,milestone4,1787422655.699647188,target_map,3,3,0,detected,-12.066374,-0.197663,1.460344,-0.551804,-0.026468,-0.043505,0.763753,0.005923,1781.250,1,0.210378,0.000000,0.223632,0.402595
tracking_cdrone3_20260822_111710_460_milestone4,milestone4,1787422655.748151064,raw,3,3,0,detected,-11.961020,-0.193470,1.462057,-0.040996,-0.005254,-0.028414,0.825195,0.006710,1722.000,0,0.000000,0.000000,0.000000,0.000000
tracking_cdrone3_20260822_111710_460_milestone4,milestone4,1787422655.799891472,target_map,3,3,0,detected,-11.973873,-0.194173,1.460386,-0.270859,-0.014801,-0.035205,0.815405,0.006710,1722.000,0,0.047456,0.000000,0.166610,0.361864
tracking_cdrone3_20260822_111710_460_milestone4,milestone4,1787422655.900101662,target_map,3,3,0,detected,-12.001017,-0.195656,1.456858,-0.270859,-0.014801,-0.035205,0.794732,0.006710,1722.000,0,0.147666,0.000000,0.201683,0.386916
tracking_cdrone3_20260822_111710_460_milestone4,milestone4,1787422655.968701601,raw,3,3,0,detected,-11.954912,-0.193672,1.461200,0.027694,-0.000913,-0.003883,0.837891,0.019418,1666.000,0,0.000000,0.000000,0.000000,0.000000
tracking_cdrone3_20260822_111710_460_milestone4,milestone4,1787422656.000003815,target_map,3,3,0,detected,-11.957893,-0.193872,1.460698,-0.106655,-0.007162,-0.017978,0.832036,0.019418,1666.000,0,0.027948,0.000000,0.159782,0.356987
tracking_cdrone3_20260822_111710_460_milestone4,milestone4,1787422656.100735426,target_map,3,3,0,detected,-11.968637,-0.194593,1.458887,-0.106655,-0.007162,-0.017978,0.810936,0.019418,1666.000,0,0.128677,0.000000,0.195037,0.382169
tracking_cdrone3_20260822_111710_460_milestone4,milestone4,1787422656.200024843,target_map,3,3,0,detected,-11.979227,-0.195304,1.457102,-0.106655,-0.007162,-0.017978,0.790136,0.019418,1666.000,0,0.227976,0.000000,0.229792,0.406994
tracking_cdrone3_20260822_111710_460_milestone4,milestone4,1787422656.209024668,raw,3,3,0,detected,-11.957875,-0.194514,1.461088,-0.012332,-0.003506,-0.000469,0.775391,0.019482,1653.000,0,0.000000,0.000000,0.000000,0.000000
tracking_cdrone3_20260822_111710_460_milestone4,milestone4,1787422656.299919128,target_map,3,3,0,detected,-11.962556,-0.194954,1.460374,-0.054777,-0.005151,-0.008348,0.758825,0.019482,1653.000,0,0.085456,0.000000,0.179910,0.371364
tracking_cdrone3_20260822_111710_460_milestone4,milestone4,1787422656.399946213,target_map,3,3,0,detected,-11.968035,-0.195470,1.459539,-0.054777,-0.005151,-0.008348,0.739438,0.019482,1653.000,0,0.185469,0.000000,0.214914,0.396367
tracking_cdrone3_20260822_111710_460_milestone4,milestone4,1787422656.449126005,raw,3,3,0,detected,-11.965141,-0.197132,1.460474,-0.030262,-0.010905,-0.002555,0.770508,0.019155,1497.250,0,0.000000,0.000000,0.000000,0.000000
tracking_cdrone3_20260822_111710_460_milestone4,milestone4,1787422656.499792814,target_map,3,3,0,detected,-11.967125,-0.197532,1.460226,-0.041294,-0.008316,-0.005162,0.761256,0.019155,1497.250,0,0.048031,0.000000,0.166811,0.362008
tracking_cdrone3_20260822_111710_460_milestone4,milestone4,1787422656.599999666,target_map,3,3,0,detected,-11.971262,-0.198365,1.459709,-0.041294,-0.008316,-0.005162,0.741956,0.019155,1497.250,0,0.148225,0.000000,0.201879,0.387056
tracking_cdrone3_20260822_111710_460_milestone4,milestone4,1787422656.683696032,raw,3,3,0,detected,6.995010,0.776024,1.705989,80.827827,4.148602,1.046638,0.776855,19.012461,1456.000,0,0.000000,0.000000,0.000000,0.000000
tracking_cdrone3_20260822_111710_460_milestone4,milestone4,1787422656.700628281,target_map,3,3,0,detected,7.039071,0.778257,1.706538,4.375266,0.221778,0.054573,0.774900,19.012461,1456.000,0,0.010070,0.000000,0.153525,0.352518
tracking_cdrone3_20260822_111710_460_milestone4,milestone4,1787422656.799830437,target_map,3,3,0,detected,7.473042,0.800255,1.711951,4.375266,0.221778,0.054573,0.755636,19.012461,1456.000,0,0.109258,0.000000,0.188240,0.377314
tracking_cdrone3_20260822_111710_460_milestone4,milestone4,1787422656.887917280,raw,3,3,0,detected,-11.976537,-0.204838,1.459668,-92.896812,-4.802928,-1.206145,0.776855,0.019714,1456.000,1,0.000000,0.000000,0.000000,0.000000
tracking_cdrone3_20260822_111710_460_milestone4,milestone4,1787422656.899672747,target_map,3,3,0,detected,-11.994021,-0.205757,1.459433,-2.424892,-0.127365,-0.032490,0.775455,0.019714,1456.000,1,0.007210,0.000000,0.152524,0.351803
tracking_cdrone3_20260822_111710_460_milestone4,milestone4,1787422656.999989271,target_map,3,3,0,detected,-12.237232,-0.218531,1.456175,-2.424892,-0.127365,-0.032490,0.755976,0.019714,1456.000,1,0.107508,0.000000,0.187628,0.376877
tracking_cdrone3_20260822_111710_460_milestone4,milestone4,1787422657.095074654,raw,3,3,0,detected,5.650189,0.592267,1.696513,85.089943,3.847886,1.143331,0.401855,17.668045,1581.250,0,0.000000,0.000000,0.000000,0.000000
tracking_cdrone3_20260822_111710_460_milestone4,milestone4,1787422657.100555897,target_map,3,3,0,detected,5.658354,0.592616,1.696623,3.303911,0.141439,0.044436,0.401607,17.668045,1581.250,0,0.002471,0.000000,0.150865,0.350618
tracking_cdrone3_20260822_111710_460_milestone4,milestone4,1787422657.200071812,target_map,3,3,0,detected,5.987093,0.606690,1.701044,3.303911,0.141439,0.044436,0.391611,17.668045,1581.250,0,0.101971,0.000000,0.185690,0.375493
tracking_cdrone3_20260822_111710_460_milestone4,milestone4,1787422657.299693346,target_map,3,3,0,detected,6.316268,0.620781,1.705472,3.303911,0.141439,0.044436,0.381602,17.668045,1581.250,0,0.201603,0.000000,0.220561,0.400401
tracking_cdrone3_20260822_111710_460_milestone4,milestone4,1787422657.306792736,raw,3,3,0,detected,-11.980491,-0.208826,1.458135,-83.273476,-3.783733,-1.125914,0.401855,0.019643,1581.250,1,0.000000,0.000000,0.000000,0.000000
tracking_cdrone3_20260822_111710_460_milestone4,milestone4,1787422657.399879694,target_map,3,3,0,detected,-12.238265,-0.220885,1.454640,-2.908304,-0.136053,-0.039428,0.392951,0.019643,1581.250,1,0.088634,0.000000,0.181022,0.372158
tracking_cdrone3_20260822_111710_460_milestone4,milestone4,1787422657.500034809,target_map,3,3,0,detected,-12.529511,-0.234509,1.450691,-2.908304,-0.136053,-0.039428,0.382890,0.019643,1581.250,1,0.188777,0.000000,0.216072,0.397194
tracking_cdrone3_20260822_111710_460_milestone4,milestone4,1787422657.533020496,raw,3,3,0,detected,-11.983795,-0.212414,1.455456,-0.014608,-0.015859,-0.011841,0.560059,0.019525,1389.750,0,0.000000,0.000000,0.000000,0.000000
tracking_cdrone3_20260822_111710_460_milestone4,milestone4,1787422657.600010633,target_map,3,3,0,detected,-12.063841,-0.216666,1.453982,-1.316771,-0.069946,-0.024255,0.551547,0.019525,1389.750,0,0.060789,0.000000,0.171276,0.365197
tracking_cdrone3_20260822_111710_460_milestone4,milestone4,1787422657.700011969,target_map,3,3,0,detected,-12.195514,-0.223660,1.451556,-1.316771,-0.069946,-0.024255,0.537546,0.019525,1389.750,0,0.160786,0.000000,0.206275,0.390197
tracking_cdrone3_20260822_111710_460_milestone4,milestone4,1787422657.758717299,raw,3,3,0,detected,-11.986495,-0.218133,1.449531,-0.011961,-0.025340,-0.026251,0.405273,0.019375,1296.750,0,0.000000,0.000000,0.000000,0.000000
tracking_cdrone3_20260822_111710_460_milestone4,milestone4,1787422657.799929857,target_map,3,3,0,detected,-12.007959,-0.219760,1.448623,-0.599126,-0.045413,-0.025353,0.401644,0.019375,1296.750,0,0.035827,0.000000,0.162539,0.358957
tracking_cdrone3_20260822_111710_460_milestone4,milestone4,1787422657.899792433,target_map,3,3,0,detected,-12.067773,-0.224293,1.446092,-0.599126,-0.045413,-0.025353,0.391529,0.019375,1296.750,0,0.135660,0.000000,0.197481,0.383915
tracking_cdrone3_20260822_111710_460_milestone4,milestone4,1787422657.990453482,raw,3,3,1,held,-11.987079,-0.222088,1.443625,-0.002521,-0.017070,-0.025485,0.405273,0.019229,1296.750,0,0.231746,0.231746,0.000000,0.000000
tracking_cdrone3_20260822_111710_460_milestone4,milestone4,1787422658.002235651,target_map,3,3,1,held,-11.989550,-0.222360,1.443393,-0.270993,-0.029824,-0.025426,0.380869,0.019229,1296.750,0,0.240865,0.000000,0.153191,0.352280
tracking_cdrone3_20260822_111710_460_milestone4,milestone4,1787422658.099571228,target_map,3,3,1,held,-12.015930,-0.225264,1.440918,-0.270993,-0.029824,-0.025426,0.371006,0.019229,1296.750,0,0.338213,0.000000,0.187264,0.376617
tracking_cdrone3_20260822_111710_460_milestone4,milestone4,1787422658.200421333,target_map,3,3,1,held,-12.043252,-0.228271,1.438355,-0.270993,-0.029824,-0.025426,0.360791,0.019229,1296.750,0,0.439034,0.000000,0.222551,0.401822
tracking_cdrone3_20260822_111710_460_milestone4,milestone4,1787422658.217940569,raw,3,3,1,held,-11.987186,-0.224382,1.440756,-0.000470,-0.010081,-0.012613,0.405273,0.019093,1296.750,0,0.459226,0.459226,0.000000,0.000000
tracking_cdrone3_20260822_111710_460_milestone4,milestone4,1787422658.299958229,target_map,3,3,1,held,-11.995872,-0.225729,1.439450,-0.122205,-0.018965,-0.018379,0.351545,0.019093,1296.750,0,0.530298,0.000000,0.174875,0.367768
tracking_cdrone3_20260822_111710_460_milestone4,milestone4,1787422658.400003672,target_map,3,3,1,held,-12.008098,-0.227627,1.437611,-0.122205,-0.018965,-0.018379,0.341408,0.019093,1296.750,0,0.630341,0.000000,0.209890,0.392779
tracking_cdrone3_20260822_111710_460_milestone4,milestone4,1787422658.501724720,target_map,3,3,2,predicted,-12.020530,-0.229556,1.435741,-0.122205,-0.018965,-0.018379,0.331101,0.019093,1296.750,0,0.732073,0.732073,0.245496,0.418212
tracking_cdrone3_20260822_111710_460_milestone4,milestone4,1787422658.599840403,target_map,3,3,2,predicted,-12.032518,-0.231417,1.433938,-0.122205,-0.018965,-0.018379,0.321161,0.019093,1296.750,0,0.830176,0.830176,0.279832,0.442737
tracking_cdrone3_20260822_111710_460_milestone4,milestone4,1787422658.684010029,raw,3,3,0,detected,-11.982721,-0.226591,1.432945,0.000000,0.000000,0.000000,0.727051,0.019619,1908.000,0,0.000000,0.000000,0.000000,0.000000
tracking_cdrone3_20260822_111710_460_milestone4,milestone4,1787422658.699911594,target_map,3,3,0,detected,-11.982885,-0.226631,1.432876,-0.018612,-0.004621,-0.007862,0.725446,0.019619,1908.000,0,0.008831,0.000000,0.153091,0.352208
tracking_cdrone3_20260822_111710_460_milestone4,milestone4,1787422658.799853086,target_map,3,3,0,detected,-11.984746,-0.227093,1.432090,-0.018612,-0.004621,-0.007862,0.707280,0.019619,1908.000,0,0.108775,0.000000,0.188071,0.377194
tracking_cdrone3_20260822_111710_460_milestone4,milestone4,1787422658.904238701,target_map,3,3,0,detected,-11.986689,-0.227575,1.431269,-0.018612,-0.004621,-0.007862,0.688311,0.019619,1908.000,0,0.213136,0.000000,0.224597,0.403284
tracking_cdrone3_20260822_111710_460_milestone4,milestone4,1787422658.921862841,raw,3,3,0,detected,-11.978974,-0.227296,1.428873,0.015754,-0.002968,-0.017121,0.495117,0.019632,2128.000,0,0.000000,0.000000,0.000000,0.000000
tracking_cdrone3_20260822_111710_460_milestone4,milestone4,1787422658.999709368,target_map,3,3,0,detected,-11.978952,-0.227576,1.427898,0.000289,-0.003712,-0.012955,0.485804,0.019632,2128.000,0,0.075237,0.000000,0.176333,0.368809
tracking_cdrone3_20260822_111710_460_milestone4,milestone4,1787422659.099642754,target_map,3,3,0,detected,-11.978924,-0.227947,1.426603,0.000289,-0.003712,-0.012955,0.473431,0.019632,2128.000,0,0.175199,0.000000,0.211320,0.393800
tracking_cdrone3_20260822_111710_460_milestone4,milestone4,1787422659.137597799,raw,3,3,0,detected,-11.975109,-0.229257,1.417142,0.017912,-0.009088,-0.054368,0.622559,0.017380,2675.750,0,0.000000,0.000000,0.000000,0.000000
tracking_cdrone3_20260822_111710_460_milestone4,milestone4,1787422659.199906349,target_map,3,3,0,detected,-11.974513,-0.229655,1.415009,0.009982,-0.006668,-0.035732,0.613268,0.017380,2675.750,0,0.059694,0.000000,0.170893,0.364923
tracking_cdrone3_20260822_111710_460_milestone4,milestone4,1787422659.300953627,target_map,3,3,0,detected,-11.973505,-0.230329,1.411399,0.009982,-0.006668,-0.035732,0.597543,0.017380,2675.750,0,0.160728,0.000000,0.206255,0.390182
tracking_cdrone3_20260822_111710_460_milestone4,milestone4,1787422659.344526768,raw,3,3,0,detected,-11.969084,-0.231208,1.411709,0.029122,-0.009427,-0.026259,0.592773,0.018915,2363.000,0,0.000000,0.000000,0.000000,0.000000
tracking_cdrone3_20260822_111710_460_milestone4,milestone4,1787422659.399951220,target_map,3,3,0,detected,-11.968251,-0.231540,1.410471,0.020509,-0.008186,-0.030522,0.586760,0.018915,2363.000,0,0.040578,0.000000,0.164202,0.360144
tracking_cdrone3_20260822_111710_460_milestone4,milestone4,1787422659.500921965,target_map,3,3,0,detected,-11.966181,-0.232367,1.407389,0.020509,-0.008186,-0.030522,0.571796,0.018915,2363.000,0,0.141556,0.000000,0.199545,0.385389
tracking_cdrone3_20260822_111710_460_milestone4,milestone4,1787422659.567710876,raw,3,3,0,detected,-11.977517,-0.233038,1.406919,-0.037783,-0.008200,-0.021461,0.648926,0.006340,1660.500,1,0.000000,0.000000,0.000000,0.000000
tracking_cdrone3_20260822_111710_460_milestone4,milestone4,1787422659.599684715,target_map,3,3,0,detected,-11.977857,-0.233279,1.406168,-0.011551,-0.008194,-0.025538,0.644157,0.006340,1660.500,1,0.029395,0.000000,0.160288,0.357349
tracking_cdrone3_20260822_111710_460_milestone4,milestone4,1787422659.699914932,target_map,3,3,0,detected,-11.979014,-0.234100,1.403609,-0.011551,-0.008194,-0.025538,0.627897,0.006340,1660.500,1,0.129621,0.000000,0.195367,0.382405
tracking_cdrone3_20260822_111710_460_milestone4,milestone4,1787422659.800841331,target_map,3,3,0,detected,-11.980180,-0.234927,1.401031,-0.011551,-0.008194,-0.025538,0.611525,0.006340,1660.500,1,0.230541,0.000000,0.230690,0.407635
tracking_cdrone3_20260822_111710_460_milestone4,milestone4,1787422659.801344872,raw,3,3,1,held,-11.978298,-0.238099,1.396644,-0.003346,-0.021664,-0.043983,0.648926,0.006828,1660.500,1,0.233631,0.233631,0.000000,0.000000
tracking_cdrone3_20260822_111710_460_milestone4,milestone4,1787422659.899750948,target_map,3,3,1,held,-11.978960,-0.239568,1.393286,-0.007038,-0.015602,-0.035683,0.595757,0.006828,1660.500,1,0.327733,0.000000,0.182936,0.373525
tracking_cdrone3_20260822_111710_460_milestone4,milestone4,1787422659.999891043,target_map,3,3,1,held,-11.979665,-0.241130,1.389713,-0.007038,-0.015602,-0.035683,0.579513,0.006828,1660.500,1,0.427861,0.000000,0.217981,0.398558
tracking_cdrone3_20260822_111710_460_milestone4,milestone4,1787422660.008041143,raw,3,3,0,detected,-11.950274,-0.243565,1.385175,0.135576,-0.026442,-0.055480,0.514648,0.008359,1402.500,0,0.000000,0.000000,0.000000,0.000000
tracking_cdrone3_20260822_111710_460_milestone4,milestone4,1787422660.099594831,target_map,3,3,0,detected,-11.944142,-0.245417,1.381176,0.071399,-0.021564,-0.046571,0.503598,0.008359,1402.500,0,0.085886,0.000000,0.180060,0.371471
tracking_cdrone3_20260822_111710_460_milestone4,milestone4,1787422660.199635744,target_map,3,3,0,detected,-11.937000,-0.247574,1.376517,0.071399,-0.021564,-0.046571,0.490728,0.008359,1402.500,0,0.185920,0.000000,0.215072,0.396480
tracking_cdrone3_20260822_111710_460_milestone4,milestone4,1787422660.233748913,raw,3,3,0,detected,-11.926360,-0.252275,1.353479,0.105950,-0.038589,-0.140426,0.564941,0.008507,1458.000,0,0.000000,0.000000,0.000000,0.000000
tracking_cdrone3_20260822_111710_460_milestone4,milestone4,1787422660.301204443,target_map,3,3,0,detected,-11.920766,-0.254189,1.347403,0.090402,-0.030928,-0.098191,0.556202,0.008507,1458.000,0,0.061881,0.000000,0.171658,0.365470
tracking_cdrone3_20260822_111710_460_milestone4,milestone4,1787422660.400510073,target_map,3,3,0,detected,-11.911790,-0.257260,1.337653,0.090402,-0.030928,-0.098191,0.542178,0.008507,1458.000,0,0.161173,0.000000,0.206411,0.390293
tracking_cdrone3_20260822_111710_460_milestone4,milestone4,1787422660.490061998,raw,3,3,0,detected,-11.913584,-0.256683,1.326912,0.049845,-0.017198,-0.103650,0.847656,0.007324,1326.000,0,0.000000,0.000000,0.000000,0.000000
tracking_cdrone3_20260822_111710_460_milestone4,milestone4,1787422660.499952555,target_map,3,3,0,detected,-11.913238,-0.256802,1.326398,0.068096,-0.023377,-0.101194,0.846580,0.007324,1326.000,0,0.005079,0.000000,0.151778,0.351270
tracking_cdrone3_20260822_111710_460_milestone4,milestone4,1787422660.600003004,target_map,3,3,0,detected,-11.906425,-0.259141,1.316273,0.068096,-0.023377,-0.101194,0.825376,0.007324,1326.000,0,0.105137,0.000000,0.186798,0.376284
tracking_cdrone3_20260822_111710_460_milestone4,milestone4,1787422660.699751854,target_map,3,3,0,detected,-11.899632,-0.261473,1.306180,0.068096,-0.023377,-0.101194,0.804240,0.007324,1326.000,0,0.204879,0.000000,0.221708,0.401220
tracking_cdrone3_20260822_111710_460_milestone4,milestone4,1787422660.724918365,raw,3,3,0,detected,-11.893784,-0.260716,1.306131,0.084311,-0.017171,-0.088491,0.860352,0.017733,1485.000,0,0.000000,0.000000,0.000000,0.000000
tracking_cdrone3_20260822_111710_460_milestone4,milestone4,1787422660.799580812,target_map,3,3,0,detected,-11.888260,-0.262148,1.299374,0.077014,-0.019963,-0.094207,0.844926,0.017733,1485.000,0,0.071719,0.000000,0.175102,0.367930
tracking_cdrone3_20260822_111710_460_milestone4,milestone4,1787422660.899740696,target_map,3,3,0,detected,-11.880548,-0.264147,1.289939,0.077014,-0.019963,-0.094207,0.823385,0.017733,1485.000,0,0.171869,0.000000,0.210154,0.392967
tracking_cdrone3_20260822_111710_460_milestone4,milestone4,1787422660.928811550,raw,3,3,0,detected,-11.892140,-0.264825,1.273749,0.008060,-0.020155,-0.158817,0.684570,0.006906,1596.000,1,0.000000,0.000000,0.000000,0.000000
tracking_cdrone3_20260822_111710_460_milestone4,milestone4,1787422660.999637604,target_map,3,3,0,detected,-11.889638,-0.266110,1.265442,0.039089,-0.020069,-0.129743,0.673612,0.006906,1596.000,1,0.064028,0.000000,0.172410,0.366007
tracking_cdrone3_20260822_111710_460_milestone4,milestone4,1787422661.099879265,target_map,3,3,0,detected,-11.885719,-0.268122,1.252437,0.039089,-0.020069,-0.129743,0.656458,0.006906,1596.000,1,0.164261,0.000000,0.207491,0.391065
tracking_cdrone3_20260822_111710_460_milestone4,milestone4,1787422661.169000626,raw,3,3,0,detected,-11.870816,-0.274802,1.207501,0.088785,-0.041540,-0.275828,0.855957,0.006710,1484.000,0,0.000000,0.000000,0.000000,0.000000
tracking_cdrone3_20260822_111710_460_milestone4,milestone4,1787422661.199850082,target_map,3,3,0,detected,-11.869017,-0.275666,1.201808,0.066422,-0.031878,-0.210090,0.850159,0.006710,1484.000,0,0.027094,0.000000,0.159483,0.356774
tracking_cdrone3_20260822_111710_460_milestone4,milestone4,1787422661.299937487,target_map,3,3,0,detected,-11.862370,-0.278856,1.180783,0.066422,-0.031878,-0.210090,0.828743,0.006710,1484.000,0,0.127174,0.000000,0.194511,0.381794
tracking_cdrone3_20260822_111710_460_milestone4,milestone4,1787422661.399748087,target_map,3,3,0,detected,-11.855740,-0.282038,1.159813,0.066422,-0.031878,-0.210090,0.807385,0.006710,1484.000,0,0.226985,0.000000,0.229445,0.406746
tracking_cdrone3_20260822_111710_460_milestone4,milestone4,1787422661.425630569,raw,3,3,0,detected,-11.858703,-0.280257,1.160801,0.047195,-0.021253,-0.181946,0.835449,0.007053,1498.750,0,0.000000,0.000000,0.000000,0.000000
tracking_cdrone3_20260822_111710_460_milestone4,milestone4,1787422661.499741316,target_map,3,3,0,detected,-11.854720,-0.282114,1.146924,0.055847,-0.026034,-0.194611,0.820556,0.007053,1498.750,0,0.071306,0.000000,0.174957,0.367826
tracking_cdrone3_20260822_111710_460_milestone4,milestone4,1787422661.599960327,target_map,3,3,0,detected,-11.849124,-0.284723,1.127421,0.055847,-0.026034,-0.194611,0.799625,0.007053,1498.750,0,0.171522,0.000000,0.210033,0.392880
tracking_cdrone3_20260822_111710_460_milestone4,milestone4,1787422661.699933529,target_map,3,3,2,predicted,-11.843540,-0.287325,1.107965,0.055847,-0.026034,-0.194611,0.778744,0.007053,1498.750,0,0.271494,0.271494,0.245023,0.417874
tracking_cdrone3_20260822_111710_460_milestone4,milestone4,1787422661.799726963,target_map,3,3,2,predicted,-11.837967,-0.289924,1.088542,0.055847,-0.026034,-0.194611,0.757899,0.007053,1498.750,0,0.371297,0.371297,0.279954,0.442824
tracking_cdrone3_20260822_111710_460_milestone4,milestone4,1787422661.899818182,target_map,3,3,2,predicted,-11.832377,-0.292529,1.069065,0.055847,-0.026034,-0.194611,0.736996,0.007053,1498.750,0,0.471379,0.471379,0.314983,0.467845
tracking_cdrone3_20260822_111710_460_milestone4,milestone4,1787422661.951147318,raw,5,5,0,detected,-5.093475,-0.535707,1.612590,0.000000,0.000000,0.000000,0.829102,6.780959,1842.750,0,0.000000,0.000000,0.000000,0.000000
tracking_cdrone3_20260822_111710_460_milestone4,milestone4,1787422661.999979734,target_map,3,3,2,predicted,-11.826785,-0.295136,1.049577,0.055847,-0.026034,-0.194611,0.716081,0.007053,1498.750,0,0.571518,0.571518,0.350031,0.492880
tracking_cdrone3_20260822_111710_460_milestone4,milestone4,1787422661.999979734,target_map,4,5,0,detected,-5.093475,-0.535707,1.612590,0.000000,0.000000,0.000000,0.819523,6.780959,1842.750,0,0.046213,0.000000,0.166175,0.361553
tracking_cdrone3_20260822_111710_460_milestone4,milestone4,1787422662.100087166,target_map,3,3,2,predicted,-11.821194,-0.297743,1.030094,0.055847,-0.026034,-0.194611,0.695170,0.007053,1498.750,0,0.671633,0.671633,0.385072,0.517908
tracking_cdrone3_20260822_111710_460_milestone4,milestone4,1787422662.100087166,target_map,4,5,0,detected,-5.093475,-0.535707,1.612590,0.000000,0.000000,0.000000,0.798771,6.780959,1842.750,0,0.146328,0.000000,0.201215,0.386582
tracking_cdrone3_20260822_111710_460_milestone4,milestone4,1787422662.183699369,raw,5,5,0,detected,-5.773036,-0.495536,1.545058,-2.921738,0.172717,-0.290348,0.839355,6.093590,2242.000,1,0.000000,0.000000,0.000000,0.000000
tracking_cdrone3_20260822_111710_460_milestone4,milestone4,1787422662.199642420,target_map,3,3,2,predicted,-11.815633,-0.300335,1.010714,0.055847,-0.026034,-0.194611,0.674371,0.007053,1498.750,0,0.771217,0.771217,0.419926,0.542804
tracking_cdrone3_20260822_111710_460_milestone4,milestone4,1787422662.199642420,target_map,4,5,0,detected,-5.790631,-0.494496,1.543310,-1.606956,0.094994,-0.159692,0.837058,6.093590,2242.000,1,0.010949,0.000000,0.153832,0.352737
tracking_cdrone3_20260822_111710_460_milestone4,milestone4,1787422662.300028324,target_map,3,3,2,predicted,-11.810026,-0.302948,0.991179,0.055847,-0.026034,-0.194611,0.653406,0.007053,1498.750,0,0.871595,0.871595,0.455058,0.567899
tracking_cdrone3_20260822_111710_460_milestone4,milestone4,1787422662.300028324,target_map,4,5,0,detected,-5.951935,-0.484960,1.527280,-1.606956,0.094994,-0.159692,0.815995,6.093590,2242.000,1,0.111328,0.000000,0.188965,0.377832
tracking_cdrone3_20260822_111710_460_milestone4,milestone4,1787422662.399803162,target_map,3,3,2,predicted,-11.804455,-0.305546,0.971762,0.055847,-0.026034,-0.194611,0.632567,0.007053,1498.750,0,0.971366,0.971366,0.489978,0.592842
tracking_cdrone3_20260822_111710_460_milestone4,milestone4,1787422662.399803162,target_map,4,5,0,detected,-6.112263,-0.475483,1.511348,-1.606956,0.094994,-0.159692,0.795059,6.093590,2242.000,1,0.211099,0.000000,0.223885,0.402775
tracking_cdrone3_20260822_111710_460_milestone4,milestone4,1787422662.441581249,raw,5,5,0,detected,-11.829498,-0.291010,0.994899,-23.485479,0.793101,-2.133384,0.458008,0.005436,2035.500,1,0.000000,0.000000,0.000000,0.000000
tracking_cdrone3_20260822_111710_460_milestone4,milestone4,1787422662.499954224,target_map,3,3,2,predicted,-11.798862,-0.308153,0.952273,0.055847,-0.026034,-0.194611,0.611650,0.007053,1498.750,0,1.071514,1.071514,0.525030,0.617878
tracking_cdrone3_20260822_111710_460_milestone4,milestone4,1787422662.499954224,target_map,4,5,0,detected,-12.054623,-0.282599,0.974177,-5.102612,0.190642,-0.469686,0.452956,0.005436,2035.500,1,0.044119,0.000000,0.165442,0.361030
tracking_cdrone3_20260822_111710_460_milestone4,milestone4,1787422662.599603653,target_map,3,3,2,predicted,-11.793296,-0.310748,0.932878,0.055847,-0.026034,-0.194611,0.590835,0.007053,1498.750,0,1.171175,1.171175,0.559911,0.642794
tracking_cdrone3_20260822_111710_460_milestone4,milestone4,1787422662.599603653,target_map,4,5,0,detected,-12.563153,-0.263599,0.927367,-5.102612,0.190642,-0.469686,0.441545,0.005436,2035.500,1,0.143780,0.000000,0.200323,0.385945
tracking_cdrone3_20260822_111710_460_milestone4,milestone4,1787422662.686355114,raw,5,5,0,detected,-11.813599,-0.289866,0.962657,0.064964,0.004673,-0.131734,0.821289,0.018575,1858.500,0,0.000000,0.000000,0.000000,0.000000
tracking_cdrone3_20260822_111710_460_milestone4,milestone4,1787422662.700123310,target_map,3,3,2,predicted,-11.787683,-0.313364,0.913317,0.055847,-0.026034,-0.194611,0.569842,0.007053,1498.750,0,1.271687,1.271687,0.595090,0.667922
tracking_cdrone3_20260822_111710_460_milestone4,milestone4,1787422662.700123310,target_map,4,5,0,detected,-11.835784,-0.288999,0.959872,-2.260445,0.088359,-0.283812,0.819274,0.018575,1858.500,0,0.009815,0.000000,0.153435,0.352454
tracking_cdrone3_20260822_111710_460_milestone4,milestone4,1787422662.799701452,target_map,3,3,2,predicted,-11.782121,-0.315957,0.893937,0.055847,-0.026034,-0.194611,0.549043,0.007053,1498.750,0,1.371270,1.371270,0.629944,0.692817
tracking_cdrone3_20260822_111710_460_milestone4,milestone4,1787422662.799701452,target_map,4,5,0,detected,-12.060884,-0.280200,0.931609,-2.260445,0.088359,-0.283812,0.798827,0.018575,1858.500,0,0.109397,0.000000,0.188289,0.377349
tracking_cdrone3_20260822_111710_460_milestone4,milestone4,1787422662.899873495,target_map,3,3,2,predicted,-11.776527,-0.318565,0.874444,0.055847,-0.026034,-0.194611,0.528122,0.007053,1498.750,0,1.471434,1.471434,0.665002,0.717859
tracking_cdrone3_20260822_111710_460_milestone4,milestone4,1787422662.899873495,target_map,4,5,0,detected,-12.287302,-0.271350,0.903181,-2.260445,0.088359,-0.283812,0.778261,0.018575,1858.500,0,0.209562,0.000000,0.223347,0.402390
tracking_cdrone3_20260822_111710_460_milestone4,milestone4,1787422662.952076197,raw,5,5,0,detected,-11.814873,-0.288516,0.943491,-0.004793,0.005082,-0.072124,0.766602,0.017471,1953.000,0,0.000000,0.000000,0.000000,0.000000
tracking_cdrone3_20260822_111710_460_milestone4,milestone4,1787422662.999910593,target_map,3,3,2,predicted,-11.770940,-0.321169,0.854974,0.055847,-0.026034,-0.194611,0.507227,0.007053,1498.750,0,1.571478,1.571478,0.700017,0.742869
tracking_cdrone3_20260822_111710_460_milestone4,milestone4,1787422662.999910593,target_map,4,5,0,detected,-11.860460,-0.286613,0.936009,-1.019837,0.042557,-0.167384,0.758035,0.017471,1953.000,0,0.044700,0.000000,0.165645,0.361175
tracking_cdrone3_20260822_111710_460_milestone4,milestone4,1787422663.099906445,target_map,3,3,2,predicted,-11.765356,-0.323772,0.835515,0.055847,-0.026034,-0.194611,0.486342,0.007053,1498.750,0,1.671470,1.671470,0.735015,0.767868
tracking_cdrone3_20260822_111710_460_milestone4,milestone4,1787422663.099906445,target_map,4,5,0,detected,-11.962436,-0.282358,0.919272,-1.019837,0.042557,-0.167384,0.738871,0.017471,1953.000,0,0.144693,0.000000,0.200643,0.386173
tracking_cdrone3_20260822_111710_460_milestone4,milestone4,1787422663.199661016,target_map,3,3,2,predicted,-11.759785,-0.326369,0.816101,0.055847,-0.026034,-0.194611,0.465507,0.007053,1498.750,0,1.771227,1.771227,0.769929,0.792807
tracking_cdrone3_20260822_111710_460_milestone4,milestone4,1787422663.199661016,target_map,4,5,0,detected,-12.064172,-0.278113,0.902575,-1.019837,0.042557,-0.167384,0.719753,0.017471,1953.000,0,0.244450,0.000000,0.235557,0.411112
tracking_cdrone3_20260822_111710_460_milestone4,milestone4,1787422663.228199482,raw,5,5,0,detected,-11.815942,-0.286782,0.921128,-0.003872,0.006278,-0.080998,0.706543,0.017406,1947.000,0,0.000000,0.000000,0.000000,0.000000
tracking_cdrone3_20260822_111710_460_milestone4,milestone4,1787422663.299756527,target_map,3,3,2,predicted,-11.754194,-0.328975,0.796620,0.055847,-0.026034,-0.194611,0.444600,0.007053,1498.750,0,1.871327,1.871327,0.804964,0.817832
tracking_cdrone3_20260822_111710_460_milestone4,milestone4,1787422663.299756527,target_map,4,5,0,detected,-11.847375,-0.285241,0.912955,-0.461056,0.022603,-0.119872,0.694501,0.017406,1947.000,0,0.068176,0.000000,0.173862,0.367044
tracking_cdrone3_20260822_111710_460_milestone4,milestone4,1787422663.399704695,target_map,3,3,2,predicted,-11.748612,-0.331577,0.777171,0.055847,-0.026034,-0.194611,0.423726,0.007053,1498.750,0,1.971268,1.971268,0.839944,0.842817
tracking_cdrone3_20260822_111710_460_milestone4,milestone4,1787422663.399704695,target_map,4,5,0,detected,-11.893454,-0.282982,0.900975,-0.461056,0.022603,-0.119872,0.676847,0.017406,1947.000,0,0.168118,0.000000,0.208841,0.392029
tracking_cdrone3_20260822_111710_460_milestone4,milestone4,1787422663.452178001,raw,5,5,0,detected,-11.815881,-0.284201,0.892496,0.000273,0.011523,-0.127832,0.551758,0.019419,1575.000,0,0.000000,0.000000,0.000000,0.000000
tracking_cdrone3_20260822_111710_460_milestone4,milestone4,1787422663.499925375,target_map,3,3,2,predicted,-11.743015,-0.334186,0.757666,0.055847,-0.026034,-0.194611,0.402793,0.007053,1498.750,0,2.071491,2.071491,0.875022,0.867873
tracking_cdrone3_20260822_111710_460_milestone4,milestone4,1787422663.499925375,target_map,4,5,0,detected,-11.823440,-0.283599,0.887966,-0.207325,0.016509,-0.124250,0.546728,0.019419,1575.000,0,0.036460,0.000000,0.162761,0.359115
tracking_cdrone3_20260822_111710_460_milestone4,milestone4,1787422663.600306988,target_map,3,3,2,predicted,-11.737410,-0.336800,0.738131,0.055847,-0.026034,-0.194611,0.381827,0.007053,1498.750,0,2.171870,2.171870,0.910155,0.892968
tracking_cdrone3_20260822_111710_460_milestone4,milestone4,1787422663.600306988,target_map,4,5,0,detected,-11.844251,-0.281942,0.875494,-0.207325,0.016509,-0.124250,0.532882,0.019419,1575.000,0,0.136840,0.000000,0.197894,0.384210
tracking_cdrone3_20260822_111710_460_milestone4,milestone4,1787422663.699852705,target_map,3,3,2,predicted,-11.731851,-0.339391,0.718760,0.055847,-0.026034,-0.194611,0.361037,0.007053,1498.750,0,2.271411,2.271411,0.944994,0.917853
tracking_cdrone3_20260822_111710_460_milestone4,milestone4,1787422663.699852705,target_map,4,5,0,detected,-11.864888,-0.280299,0.863126,-0.207325,0.016509,-0.124250,0.519152,0.019419,1575.000,0,0.236380,0.000000,0.232733,0.409095
tracking_cdrone3_20260822_111710_460_milestone4,milestone4,1787422663.729011059,raw,5,5,0,detected,-11.819345,-0.278459,0.862331,-0.012519,0.020744,-0.108964,0.551758,0.019309,1575.000,0,0.000000,0.000000,0.000000,0.000000
tracking_cdrone3_20260822_111710_460_milestone4,milestone4,1787422663.799970150,target_map,3,3,2,predicted,-11.726259,-0.341998,0.699275,0.055847,-0.026034,-0.194611,0.340125,0.007053,1498.750,0,2.371533,2.371533,0.980036,0.942883
tracking_cdrone3_20260822_111710_460_milestone4,milestone4,1787422663.799970150,target_map,4,5,0,detected,-11.826163,-0.277177,0.854448,-0.100182,0.018838,-0.115843,0.542371,0.019309,1575.000,0,0.068052,0.000000,0.173818,0.367013
tracking_cdrone3_20260822_111710_460_milestone4,milestone4,1787422663.900036812,target_map,3,3,2,predicted,-11.720672,-0.344603,0.679803,0.055847,-0.026034,-0.194611,0.319227,0.007053,1498.750,0,2.471590,2.471590,1.015056,0.967897
tracking_cdrone3_20260822_111710_460_milestone4,milestone4,1787422663.900036812,target_map,4,5,0,detected,-11.836186,-0.275292,0.842857,-0.100182,0.018838,-0.115843,0.528569,0.019309,1575.000,0,0.168108,0.000000,0.208838,0.392027
tracking_cdrone3_20260822_111710_460_milestone4,milestone4,1787422663.955164671,raw,5,5,1,held,-11.820529,-0.276262,0.852395,-0.005231,0.009712,-0.043937,0.551758,0.019220,1575.000,0,0.226161,0.226161,0.000000,0.000000
tracking_cdrone3_20260822_111710_460_milestone4,milestone4,1787422664.000153303,target_map,3,3,2,predicted,-11.715079,-0.347209,0.660316,0.055847,-0.026034,-0.194611,0.298314,0.007053,1498.750,0,2.571719,2.571719,1.050102,0.992930
tracking_cdrone3_20260822_111710_460_milestone4,milestone4,1787422664.000153303,target_map,4,5,1,held,-11.822559,-0.275677,0.849164,-0.047959,0.013819,-0.076294,0.514720,0.019220,1575.000,0,0.268505,0.000000,0.164821,0.360586
tracking_cdrone3_20260822_111710_460_milestone4,milestone4,1787422664.100073576,target_map,3,3,2,predicted,-11.709502,-0.349809,0.640881,0.055847,-0.026034,-0.194611,0.277455,0.007053,1498.750,0,2.671588,2.671588,1.085056,1.017897
tracking_cdrone3_20260822_111710_460_milestone4,milestone4,1787422664.100073576,target_map,4,5,1,held,-11.827350,-0.274297,0.841545,-0.047959,0.013819,-0.076294,0.500944,0.019220,1575.000,0,0.368374,0.000000,0.199775,0.385553
tracking_cdrone3_20260822_111710_460_milestone4,milestone4,1787422664.199998379,target_map,3,3,2,predicted,-11.703919,-0.352412,0.621429,0.055847,-0.026034,-0.194611,0.256578,0.007053,1498.750,0,2.771543,2.771543,1.120040,1.042886
tracking_cdrone3_20260822_111710_460_milestone4,milestone4,1787422664.199998379,target_map,4,5,1,held,-11.832143,-0.272916,0.833919,-0.047959,0.013819,-0.076294,0.487157,0.019220,1575.000,0,0.468329,0.000000,0.234759,0.410542
tracking_cdrone3_20260822_111710_460_milestone4,milestone4,1787422664.207777739,raw,5,5,1,held,-11.822027,-0.273870,0.838600,-0.005929,0.009469,-0.054603,0.551758,0.019122,1575.000,0,0.478799,0.478799,0.000000,0.000000
tracking_cdrone3_20260822_111710_460_milestone4,milestone4,1787422664.299960613,target_map,3,3,2,predicted,-11.698337,-0.355014,0.601972,0.055847,-0.026034,-0.194611,0.235697,0.007053,1498.750,0,2.871521,2.871521,1.155032,1.067880
tracking_cdrone3_20260822_111710_460_milestone4,milestone4,1787422664.299960613,target_map,4,5,1,held,-11.824186,-0.272877,0.833007,-0.024842,0.011426,-0.064364,0.473726,0.019122,1575.000,0,0.565698,0.000000,0.180414,0.371725
tracking_cdrone3_20260822_111710_460_milestone4,milestone4,1787422664.399650097,target_map,3,3,2,predicted,-11.692768,-0.357610,0.582570,0.055847,-0.026034,-0.194611,0.214874,0.007053,1498.750,0,2.971216,2.971216,1.189926,1.092804
tracking_cdrone3_20260822_111710_460_milestone4,milestone4,1787422664.399650097,target_map,4,5,1,held,-11.826663,-0.271738,0.826590,-0.024842,0.011426,-0.064364,0.459974,0.019122,1575.000,0,0.665393,0.000000,0.215308,0.396648
tracking_cdrone3_20260822_111710_460_milestone4,milestone4,1787422664.456294298,raw,5,5,0,detected,-11.822445,-0.272393,0.822421,-0.001681,0.005944,-0.065110,0.491455,0.019922,2114.000,0,0.000000,0.000000,0.000000,0.000000
tracking_cdrone3_20260822_111710_460_milestone4,milestone4,1787422664.500451803,target_map,3,3,2,predicted,-11.687139,-0.360234,0.562951,0.055847,-0.026034,-0.194611,0.193819,0.007053,1498.750,0,3.072026,3.072026,1.225209,1.118007
tracking_cdrone3_20260822_111710_460_milestone4,milestone4,1787422664.500451803,target_map,4,5,0,detected,-11.822906,-0.272072,0.819951,-0.012104,0.008411,-0.064775,0.486771,0.019922,2114.000,0,0.038125,0.000000,0.163344,0.359531
tracking_cdrone3_20260822_111710_460_milestone4,milestone4,1787422664.599636793,target_map,3,3,2,predicted,-11.681600,-0.362816,0.543650,0.055847,-0.026034,-0.194611,0.173104,0.007053,1498.750,0,3.171205,3.171205,1.259922,1.142801
tracking_cdrone3_20260822_111710_460_milestone4,milestone4,1787422664.599636793,target_map,4,5,0,detected,-11.824107,-0.271238,0.813527,-0.012104,0.008411,-0.064775,0.474585,0.019922,2114.000,0,0.137303,0.000000,0.198056,0.384326
tracking_cdrone3_20260822_111710_460_milestone4,milestone4,1787422664.699783325,target_map,3,3,2,predicted,-11.676007,-0.365423,0.524162,0.055847,-0.026034,-0.194611,0.152188,0.007053,1498.750,0,3.271345,3.271345,1.294971,1.167836
tracking_cdrone3_20260822_111710_460_milestone4,milestone4,1787422664.699783325,target_map,4,5,0,detected,-11.825319,-0.270396,0.807040,-0.012104,0.008411,-0.064775,0.462282,0.019922,2114.000,0,0.237444,0.000000,0.233105,0.409361
tracking_cdrone3_20260822_111710_460_milestone4,milestone4,1787422664.721023798,raw,5,5,0,detected,-11.821959,-0.272641,0.796499,0.001830,-0.000934,-0.097810,0.772461,0.020016,2009.250,0,0.000000,0.000000,0.000000,0.000000
tracking_cdrone3_20260822_111710_460_milestone4,milestone4,1787422664.801408052,target_map,3,3,2,predicted,-11.670331,-0.368069,0.504383,0.055847,-0.026034,-0.194611,0.130962,0.007053,1498.750,0,3.372976,3.372976,1.330542,1.193244
tracking_cdrone3_20260822_111710_460_milestone4,milestone4,1787422664.801408052,target_map,4,5,0,detected,-11.822301,-0.272389,0.790119,-0.004440,0.003271,-0.082944,0.757607,0.020016,2009.250,0,0.076916,0.000000,0.176921,0.369229
tracking_cdrone3_20260822_111710_460_milestone4,milestone4,1787422664.899705410,target_map,3,3,2,predicted,-11.664842,-0.370628,0.485255,0.055847,-0.026034,-0.194611,0.110432,0.007053,1498.750,0,3.471268,3.471268,1.364944,1.217817
tracking_cdrone3_20260822_111710_460_milestone4,milestone4,1787422664.899705410,target_map,4,5,0,detected,-11.822738,-0.272068,0.781967,-0.004440,0.003271,-0.082944,0.738626,0.020016,2009.250,0,0.175208,0.000000,0.211323,0.393802
tracking_cdrone3_20260822_111710_460_milestone4,milestone4,1787422664.964934111,raw,5,5,0,detected,-11.820975,-0.274087,0.780406,0.004040,-0.005936,-0.066060,0.760742,0.019940,1856.250,0,0.000000,0.000000,0.000000,0.000000
tracking_cdrone3_20260822_111710_460_milestone4,milestone4,1787422664.999922037,target_map,3,3,2,predicted,-11.659245,-0.373237,0.465751,0.055847,-0.026034,-0.194611,0.089501,0.007053,1498.750,0,3.571486,3.571486,1.400020,1.242871
tracking_cdrone3_20260822_111710_460_milestone4,milestone4,1787422664.999922037,target_map,4,5,0,detected,-11.820970,-0.274133,0.778493,0.000224,-0.001793,-0.073658,0.755805,0.019940,1856.250,0,0.025961,0.000000,0.159086,0.356490
tracking_cdrone3_20260822_111710_460_milestone4,milestone4,1787422665.100116014,target_map,3,3,2,predicted,-11.653651,-0.375845,0.446258,0.055847,-0.026034,-0.194611,0.068580,0.007053,1498.750,0,3.671651,3.671651,1.435078,1.267913
tracking_cdrone3_20260822_111710_460_milestone4,milestone4,1787422665.100116014,target_map,4,5,0,detected,-11.820947,-0.274313,0.771115,0.000224,-0.001793,-0.073658,0.736755,0.019940,1856.250,0,0.126126,0.000000,0.194144,0.381532
tracking_cdrone3_20260822_111710_460_milestone4,milestone4,1787422665.200152159,target_map,3,3,2,predicted,-11.648064,-0.378450,0.426786,0.055847,-0.026034,-0.194611,0.047681,0.007053,1498.750,0,3.771708,3.771708,1.470098,1.292927
tracking_cdrone3_20260822_111710_460_milestone4,milestone4,1787422665.200152159,target_map,4,5,0,detected,-11.820925,-0.274492,0.763745,0.000224,-0.001793,-0.073658,0.717725,0.019940,1856.250,0,0.226184,0.000000,0.229164,0.406546
tracking_cdrone3_20260822_111710_460_milestone4,milestone4,1787422665.220580578,raw,5,5,0,detected,-11.819897,-0.275621,0.772292,0.004219,-0.006001,-0.031738,0.757812,0.019586,1862.000,0,0.000000,0.000000,0.000000,0.000000
tracking_cdrone3_20260822_111710_460_milestone4,milestone4,1787422665.299633741,target_map,3,3,2,predicted,-11.642507,-0.381040,0.407422,0.055847,-0.026034,-0.194611,0.026900,0.007053,1498.750,0,3.871209,3.871209,1.504923,1.317802
tracking_cdrone3_20260822_111710_460_milestone4,milestone4,1787422665.299633741,target_map,4,5,0,detected,-11.819716,-0.275927,0.768520,0.002421,-0.004107,-0.050602,0.743690,0.019586,1862.000,0,0.074544,0.000000,0.176090,0.368636
tracking_cdrone3_20260822_111710_460_milestone4,milestone4,1787422665.400169611,target_map,3,3,2,predicted,-11.636893,-0.383657,0.387862,0.055847,-0.026034,-0.194611,0.005908,0.007053,1498.750,0,3.971716,3.971716,1.540100,1.342929
tracking_cdrone3_20260822_111710_460_milestone4,milestone4,1787422665.400169611,target_map,4,5,0,detected,-11.819473,-0.276340,0.763434,0.002421,-0.004107,-0.050602,0.724649,0.019586,1862.000,0,0.175051,0.000000,0.211268,0.393763
tracking_cdrone3_20260822_111710_460_milestone4,milestone4,1787422665.490945101,raw,5,5,0,detected,7.218813,-2.197917,1.269734,70.416191,-7.109765,1.839829,0.692871,19.159546,1755.000,0,0.000000,0.000000,0.000000,0.000000
tracking_cdrone3_20260822_111710_460_milestone4,milestone4,1787422665.499991417,target_map,3,3,2,predicted,-11.631318,-0.386256,0.368434,0.055847,-0.026034,-0.194611,0.000000,0.007053,1498.750,0,4.071546,4.071546,1.575041,1.367886
tracking_cdrone3_20260822_111710_460_milestone4,milestone4,1787422665.499991417,target_map,4,5,0,detected,7.236218,-2.199681,1.270098,4.377353,-0.443710,0.091572,0.692182,19.159546,1755.000,0,0.003976,0.000000,0.151392,0.350994
tracking_cdrone3_20260822_111710_460_milestone4,milestone4,1787422665.599925041,target_map,3,3,2,predicted,-11.625736,-0.388858,0.348984,0.055847,-0.026034,-0.194611,0.000000,0.007053,1498.750,0,4.171490,4.171490,1.610021,1.392872
tracking_cdrone3_20260822_111710_460_milestone4,milestone4,1787422665.599925041,target_map,4,5,0,detected,7.673710,-2.244028,1.279250,4.377353,-0.443710,0.091572,0.674870,19.159546,1755.000,0,0.103920,0.000000,0.186372,0.375980
tracking_cdrone3_20260822_111710_460_milestone4,milestone4,1787422665.699931622,target_map,3,3,2,predicted,-11.620152,-0.391461,0.329522,0.055847,-0.026034,-0.194611,0.000000,0.007053,1498.750,0,4.271493,4.271493,1.645023,1.417873
tracking_cdrone3_20260822_111710_460_milestone4,milestone4,1787422665.699931622,target_map,4,5,0,detected,8.111460,-2.288400,1.288408,4.377353,-0.443710,0.091572,0.657548,19.159546,1755.000,0,0.203924,0.000000,0.221373,0.400981
tracking_cdrone3_20260822_111710_460_milestone4,milestone4,1787422665.706995964,raw,5,5,0,detected,-11.814028,-0.289087,0.730424,-88.092804,8.834947,-2.496175,0.771484,0.018941,2117.000,1,0.000000,0.000000,0.000000,0.000000
tracking_cdrone3_20260822_111710_460_milestone4,milestone4,1787422665.799618006,target_map,3,3,2,predicted,-11.614584,-0.394057,0.310120,0.055847,-0.026034,-0.194611,0.000000,0.007053,1498.750,0,4.371188,4.371188,1.679916,1.442797
tracking_cdrone3_20260822_111710_460_milestone4,milestone4,1787422665.799618006,target_map,4,5,0,detected,-12.029994,-0.267618,0.722994,-2.406489,0.239235,-0.082798,0.754175,0.018941,2117.000,1,0.089743,0.000000,0.181410,0.372436
tracking_cdrone3_20260822_111710_460_milestone4,milestone4,1787422665.900335789,target_map,3,3,2,predicted,-11.608960,-0.396678,0.290523,0.055847,-0.026034,-0.194611,0.000000,0.007053,1498.750,0,4.471889,4.471889,1.715161,1.467972
tracking_cdrone3_20260822_111710_460_milestone4,milestone4,1787422665.900335789,target_map,4,5,0,detected,-12.272330,-0.243526,0.714656,-2.406489,0.239235,-0.082798,0.734753,0.018941,2117.000,1,0.190444,0.000000,0.216656,0.397611
tracking_cdrone3_20260822_111710_460_milestone4,milestone4,1787422665.966220379,raw,5,5,0,detected,6.470483,-2.387925,1.302836,70.536362,-8.096708,2.208198,0.496094,18.428337,2470.000,0,0.000000,0.000000,0.000000,0.000000
tracking_cdrone3_20260822_111710_460_milestone4,milestone4,1787422666.001182079,target_map,3,3,2,predicted,-11.603327,-0.399304,0.270894,0.055847,-0.026034,-0.194611,0.000000,0.007053,1498.750,0,4.572753,4.572753,1.750464,1.493188
tracking_cdrone3_20260822_111710_460_milestone4,milestone4,1787422666.001182079,target_map,4,5,0,detected,6.562310,-2.398931,1.305617,3.286263,-0.393873,0.099522,0.492628,18.428337,2470.000,0,0.027943,0.000000,0.159780,0.356986
tracking_cdrone3_20260822_111710_460_milestone4,milestone4,1787422666.099647760,target_map,3,3,2,predicted,-11.597828,-0.401868,0.251732,0.055847,-0.026034,-0.194611,0.000000,0.007053,1498.750,0,4.671215,4.671215,1.784925,1.517804
tracking_cdrone3_20260822_111710_460_milestone4,milestone4,1787422666.099647760,target_map,4,5,0,detected,6.885882,-2.437712,1.315416,3.286263,-0.393873,0.099522,0.480417,18.428337,2470.000,0,0.126405,0.000000,0.194242,0.381601
tracking_cdrone3_20260822_111710_460_milestone4,milestone4,1787422666.200105190,target_map,3,3,2,predicted,-11.592218,-0.404482,0.232185,0.055847,-0.026034,-0.194611,0.000000,0.007053,1498.750,0,4.771658,4.771658,1.820080,1.542915
tracking_cdrone3_20260822_111710_460_milestone4,milestone4,1787422666.200105190,target_map,4,5,0,detected,7.215964,-2.477274,1.325412,3.286263,-0.393873,0.099522,0.467959,18.428337,2470.000,0,0.226848,0.000000,0.229397,0.406712
tracking_cdrone3_20260822_111710_460_milestone4,milestone4,1787422666.207433224,raw,5,5,0,detected,6.669057,-2.415329,1.394858,0.823273,-0.113615,0.381520,0.759277,18.628244,2384.000,0,0.000000,0.000000,0.000000,0.000000
tracking_cdrone3_20260822_111710_460_milestone4,milestone4,1787422666.300109863,target_map,3,3,2,predicted,-11.586634,-0.407086,0.212722,0.055847,-0.026034,-0.194611,0.000000,0.007053,1498.750,0,4.871666,4.871666,1.855083,1.567917
tracking_cdrone3_20260822_111710_460_milestone4,milestone4,1787422666.300109863,target_map,4,5,0,detected,6.833931,-2.435791,1.416591,1.931619,-0.239731,0.254621,0.743075,18.628244,2384.000,0,0.085355,0.000000,0.179874,0.371339
tracking_cdrone3_20260822_111710_460_milestone4,milestone4,1787422666.400049210,target_map,3,3,2,predicted,-11.581053,-0.409688,0.193273,0.055847,-0.026034,-0.194611,0.000000,0.007053,1498.750,0,4.971602,4.971602,1.890061,1.592901
tracking_cdrone3_20260822_111710_460_milestone4,milestone4,1787422666.400049210,target_map,4,5,0,detected,7.026969,-2.459749,1.442037,1.931619,-0.239731,0.254621,0.724105,18.628244,2384.000,0,0.185291,0.000000,0.214852,0.396323
tracking_cdrone3_20260822_111710_460_milestone4,milestone4,1787422666.441417217,raw,5,5,0,detected,-6.221320,-0.975504,0.879934,-55.087257,6.153116,-2.200538,0.613281,5.640392,2596.250,1,0.000000,0.000000,0.000000,0.000000
tracking_cdrone3_20260822_111710_460_milestone4,milestone4,1787422666.499751329,target_map,4,5,0,detected,-6.407008,-0.955336,0.876753,-3.500136,0.380169,-0.059961,0.605147,5.640392,2596.250,1,0.053052,0.000000,0.168568,0.363263
tracking_cdrone3_20260822_111710_460_milestone4,milestone4,1787422666.600116253,target_map,4,5,0,detected,-6.758394,-0.917170,0.870733,-3.500136,0.380169,-0.059961,0.589755,5.640392,2596.250,1,0.153444,0.000000,0.203705,0.388361
tracking_cdrone3_20260822_111710_460_milestone4,milestone4,1787422666.699770451,target_map,4,5,2,predicted,-7.107245,-0.879279,0.864757,-3.500136,0.380169,-0.059961,0.574474,5.640392,2596.250,1,0.253112,0.253112,0.238589,0.413278
tracking_cdrone3_20260822_111710_460_milestone4,milestone4,1787422666.707642317,raw,5,5,0,detected,6.479803,-2.640368,1.402143,47.708424,-6.253623,1.961539,0.646973,18.450251,2190.000,0,0.000000,0.000000,0.000000,0.000000
tracking_cdrone3_20260822_111710_460_milestone4,milestone4,1787422666.799925089,target_map,4,5,0,detected,6.719442,-2.674826,1.415247,2.783998,-0.400310,0.152241,0.633050,18.450251,2190.000,0,0.086077,0.000000,0.180127,0.371519
tracking_cdrone3_20260822_111710_460_milestone4,milestone4,1787422666.899670839,target_map,4,5,0,detected,6.997151,-2.714757,1.430433,2.783998,-0.400310,0.152241,0.616916,18.450251,2190.000,0,0.185829,0.000000,0.215040,0.396457
tracking_cdrone3_20260822_111710_460_milestone4,milestone4,1787422666.938073158,raw,5,5,0,detected,6.037171,-2.673122,1.372199,-1.920962,-0.142149,-0.129952,0.770508,18.002707,2480.000,1,0.000000,0.000000,0.000000,0.000000
tracking_cdrone3_20260822_111710_460_milestone4,milestone4,1787422666.999677896,target_map,4,5,0,detected,6.048755,-2.688370,1.372024,0.196270,-0.258321,-0.002965,0.759138,18.002707,2480.000,1,0.059023,0.000000,0.170658,0.364756
tracking_cdrone3_20260822_111710_460_milestone4,milestone4,1787422667.099943399,target_map,4,5,0,detected,6.068431,-2.714265,1.371726,0.196270,-0.258321,-0.002965,0.739828,18.002707,2480.000,1,0.159270,0.000000,0.205745,0.389818
tracking_cdrone3_20260822_111710_460_milestone4,milestone4,1787422667.182013988,raw,5,5,0,detected,4.312311,-2.461511,1.294828,-7.070764,0.867464,-0.317168,0.776855,16.258057,2697.500,1,0.000000,0.000000,0.000000,0.000000
tracking_cdrone3_20260822_111710_460_milestone4,milestone4,1787422667.200654268,target_map,4,5,0,detected,4.260411,-2.456583,1.292428,-3.800599,0.360861,-0.175777,0.774203,16.258057,2697.500,1,0.013656,0.000000,0.154779,0.353414
tracking_cdrone3_20260822_111710_460_milestone4,milestone4,1787422667.299657583,target_map,4,5,0,detected,3.884034,-2.420847,1.275020,-3.800599,0.360861,-0.175777,0.754970,16.258057,2697.500,1,0.112687,0.000000,0.189440,0.378172
tracking_cdrone3_20260822_111710_460_milestone4,milestone4,1787422667.400122643,target_map,4,5,0,detected,3.502279,-2.384600,1.257364,-3.800599,0.360861,-0.175777,0.735462,16.258057,2697.500,1,0.213133,0.000000,0.224597,0.403283
tracking_cdrone3_20260822_111710_460_milestone4,milestone4,1787422667.432537794,raw,5,5,0,detected,6.109402,-2.749990,1.341259,7.172541,-1.151375,0.185313,0.782715,18.076626,3191.250,0,0.000000,0.000000,0.000000,0.000000
tracking_cdrone3_20260822_111710_460_milestone4,milestone4,1787422667.499852657,target_map,4,5,0,detected,6.253098,-2.780269,1.342726,2.234628,-0.470869,0.022823,0.770132,18.076626,3191.250,0,0.064305,0.000000,0.172507,0.366076
tracking_cdrone3_20260822_111710_460_milestone4,milestone4,1787422667.600030899,target_map,4,5,0,detected,6.476909,-2.827429,1.345012,2.234628,-0.470869,0.022823,0.750533,18.076626,3191.250,0,0.164460,0.000000,0.207561,0.391115
tracking_cdrone3_20260822_111710_460_milestone4,milestone4,1787422667.695390463,raw,5,5,0,detected,-4.012813,-1.392206,0.907082,-38.512260,5.165996,-1.651923,0.785645,7.852753,3477.000,1,0.000000,0.000000,0.000000,0.000000
tracking_cdrone3_20260822_111710_460_milestone4,milestone4,1787422667.699691534,target_map,4,5,2,predicted,6.699667,-2.874367,1.347287,2.234628,-0.470869,0.022823,0.731027,18.076626,3191.250,0,0.264145,0.264145,0.242451,0.416036
tracking_cdrone3_20260822_111710_460_milestone4,milestone4,1787422667.799754143,target_map,4,5,0,detected,-4.338137,-1.356042,0.889938,-3.351423,0.372553,-0.176617,0.766579,7.852753,3477.000,1,0.097070,0.000000,0.183975,0.374268
tracking_cdrone3_20260822_111710_460_milestone4,milestone4,1787422667.899704933,target_map,4,5,0,detected,-4.673117,-1.318805,0.872285,-3.351423,0.372553,-0.176617,0.746947,7.852753,3477.000,1,0.197022,0.000000,0.218958,0.399256
tracking_cdrone3_20260822_111710_460_milestone4,milestone4,1787422667.928023100,raw,5,5,0,detected,-4.902098,-1.279414,0.855787,-3.822921,0.484880,-0.220511,0.795410,6.953643,3293.000,1,0.000000,0.000000,0.000000,0.000000
tracking_cdrone3_20260822_111710_460_milestone4,milestone4,1787422667.999600887,target_map,4,5,0,detected,-5.142329,-1.250516,0.842430,-3.610747,0.434333,-0.200759,0.782180,6.953643,3293.000,1,0.066532,0.000000,0.173286,0.366633
tracking_cdrone3_20260822_111710_460_milestone4,milestone4,1787422668.099745274,target_map,4,5,0,detected,-5.503880,-1.207026,0.822328,-3.610747,0.434333,-0.200759,0.762269,6.953643,3293.000,1,0.166664,0.000000,0.208332,0.391666
tracking_cdrone3_20260822_111710_460_milestone4,milestone4,1787422668.171598673,raw,5,5,0,detected,0.891320,-2.053398,1.027745,23.785398,-3.177663,0.705987,0.669922,12.800705,2623.000,0,0.000000,0.000000,0.000000,0.000000
tracking_cdrone3_20260822_111710_460_milestone4,milestone4,1787422668.199980021,target_map,4,5,0,detected,0.962191,-2.063427,1.028757,2.734529,-0.386949,0.039051,0.665581,12.800705,2623.000,0,0.025917,0.000000,0.159071,0.356479
tracking_cdrone3_20260822_111710_460_milestone4,milestone4,1787422668.299622297,target_map,4,5,0,detected,1.234695,-2.101987,1.032648,2.734529,-0.386949,0.039051,0.648891,12.800705,2623.000,0,0.125570,0.000000,0.193950,0.381393
tracking_cdrone3_20260822_111710_460_milestone4,milestone4,1787422668.400012016,target_map,4,5,0,detected,1.509185,-2.140829,1.036568,2.734529,-0.386949,0.039051,0.632080,12.800705,2623.000,0,0.225950,0.000000,0.229082,0.406487
tracking_cdrone3_20260822_111710_460_milestone4,milestone4,1787422668.425408840,raw,5,5,0,detected,-11.778356,-0.316077,0.631482,-49.914165,6.844447,-1.561137,0.517578,0.007741,2542.000,1,0.000000,0.000000,0.000000,0.000000
tracking_cdrone3_20260822_111710_460_milestone4,milestone4,1787422668.499991179,target_map,4,5,0,detected,-11.995153,-0.286723,0.623252,-3.126578,0.423340,-0.118702,0.508606,0.007741,2542.000,1,0.069340,0.000000,0.174269,0.367335
tracking_cdrone3_20260822_111710_460_milestone4,milestone4,1787422668.600112438,target_map,4,5,0,detected,-12.308256,-0.244329,0.611365,-3.126578,0.423340,-0.118702,0.495648,0.007741,2542.000,1,0.169482,0.000000,0.209319,0.392371
tracking_cdrone3_20260822_111710_460_milestone4,milestone4,1787422668.688344240,raw,5,5,0,detected,-5.458497,-1.219844,0.849653,24.036108,-3.437265,0.829760,0.715820,6.398405,3283.000,0,0.000000,0.000000,0.000000,0.000000
tracking_cdrone3_20260822_111710_460_milestone4,milestone4,1787422668.700016022,target_map,4,5,0,detected,-5.432296,-1.223686,0.850514,2.946187,-0.432016,0.096861,0.714229,6.398405,3283.000,0,0.008893,0.000000,0.153113,0.352223
tracking_cdrone3_20260822_111710_460_milestone4,milestone4,1787422668.799633265,target_map,4,5,0,detected,-5.138787,-1.266724,0.860164,2.946187,-0.432016,0.096861,0.696401,6.398405,3283.000,0,0.108517,0.000000,0.187981,0.377129
tracking_cdrone3_20260822_111710_460_milestone4,milestone4,1787422668.899913073,target_map,4,5,0,detected,-4.843376,-1.310042,0.869876,2.946187,-0.432016,0.096861,0.678457,6.398405,3283.000,0,0.208786,0.000000,0.223075,0.402196
tracking_cdrone3_20260822_111710_460_milestone4,milestone4,1787422668.918284416,raw,5,5,0,detected,-5.150151,-1.285528,0.831507,1.340986,-0.285657,-0.078914,0.661133,6.717405,3673.500,0,0.000000,0.000000,0.000000,0.000000
tracking_cdrone3_20260822_111710_460_milestone4,milestone4,1787422668.999592781,target_map,4,5,0,detected,-4.991845,-1.312497,0.831522,2.063326,-0.351518,0.000185,0.648452,6.717405,3673.500,0,0.076724,0.000000,0.176853,0.369181
tracking_cdrone3_20260822_111710_460_milestone4,milestone4,1787422669.099783897,target_map,4,5,0,detected,-4.785151,-1.347711,0.831540,2.063326,-0.351518,0.000185,0.631894,6.717405,3673.500,0,0.176898,0.000000,0.211914,0.394225
tracking_cdrone3_20260822_111710_460_milestone4,milestone4,1787422669.168229103,raw,5,5,0,detected,-0.314602,-2.018531,1.015041,19.346565,-2.932676,0.734301,0.569824,11.621008,3260.250,0,0.000000,0.000000,0.000000,0.000000
tracking_cdrone3_20260822_111710_460_milestone4,milestone4,1787422669.202043533,target_map,4,5,0,detected,-0.158680,-2.042682,1.019920,5.275739,-0.817166,0.165083,0.565614,11.621008,3260.250,0,0.029555,0.000000,0.160344,0.357389
tracking_cdrone3_20260822_111710_460_milestone4,milestone4,1787422669.300104856,target_map,4,5,0,detected,0.358653,-2.122812,1.036108,5.275739,-0.817166,0.165083,0.551645,11.621008,3260.250,0,0.127614,0.000000,0.194665,0.381903
tracking_cdrone3_20260822_111710_460_milestone4,milestone4,1787422669.399984360,target_map,4,5,0,detected,0.885532,-2.204421,1.052595,5.275739,-0.817166,0.165083,0.537418,11.621008,3260.250,0,0.227482,0.000000,0.229619,0.406870
tracking_cdrone3_20260822_111710_460_milestone4,milestone4,1787422669.445358992,raw,5,5,0,detected,7.419636,-3.265426,1.288834,27.909071,-4.499433,0.987985,0.569824,19.468956,3260.250,0,0.000000,0.000000,0.000000,0.000000
tracking_cdrone3_20260822_111710_460_milestone4,milestone4,1787422669.499583483,target_map,4,5,0,detected,7.628459,-3.298625,1.295923,6.715343,-1.067612,0.227969,0.565394,19.468956,3260.250,0,0.031096,0.000000,0.160884,0.357774
tracking_cdrone3_20260822_111710_460_milestone4,milestone4,1787422669.599756956,target_map,4,5,0,detected,8.301078,-3.405559,1.318757,6.715343,-1.067612,0.227969,0.551126,19.468956,3260.250,0,0.131258,0.000000,0.195940,0.382814
tracking_cdrone3_20260822_111710_460_milestone4,milestone4,1787422669.679654121,raw,5,5,0,detected,6.322387,-3.169732,1.377132,-4.683149,0.408428,0.376864,0.773926,18.382977,4366.500,1,0.000000,0.000000,0.000000,0.000000
tracking_cdrone3_20260822_111710_460_milestone4,milestone4,1787422669.699896574,target_map,4,5,0,detected,6.328438,-3.173202,1.381335,0.446172,-0.255790,0.309861,0.771302,18.382977,4366.500,1,0.013563,0.000000,0.154747,0.353391
tracking_cdrone3_20260822_111710_460_milestone4,milestone4,1787422669.799650192,target_map,4,5,0,detected,6.372947,-3.198719,1.412246,0.446172,-0.255790,0.309861,0.752000,18.382977,4366.500,1,0.113320,0.000000,0.189662,0.378330
tracking_cdrone3_20260822_111710_460_milestone4,milestone4,1787422669.900664091,target_map,4,5,0,detected,6.418010,-3.224553,1.443542,0.446172,-0.255790,0.309861,0.732459,18.382977,4366.500,1,0.214319,0.000000,0.225012,0.403580
tracking_cdrone3_20260822_111710_460_milestone4,milestone4,1787422669.934023857,raw,5,5,0,detected,5.914046,-3.129858,1.411975,-1.605290,0.156754,0.136976,0.761230,17.987585,4494.000,1,0.000000,0.000000,0.000000,0.000000
tracking_cdrone3_20260822_111710_460_milestone4,milestone4,1787422669.999628782,target_map,4,5,0,detected,5.872178,-3.131632,1.425157,-0.682132,-0.028891,0.214774,0.749550,17.987585,4494.000,1,0.061378,0.000000,0.171482,0.365344
tracking_cdrone3_20260822_111710_460_milestone4,milestone4,1787422670.099751949,target_map,4,5,0,detected,5.803887,-3.134524,1.446659,-0.682132,-0.028891,0.214774,0.730497,17.987585,4494.000,1,0.161491,0.000000,0.206522,0.390373
tracking_cdrone3_20260822_111710_460_milestone4,milestone4,1787422670.195080519,raw,5,5,0,detected,1.881503,-2.408966,1.249668,-15.446621,2.761374,-0.621717,0.530273,13.905647,4922.000,1,0.000000,0.000000,0.000000,0.000000
tracking_cdrone3_20260822_111710_460_milestone4,milestone4,1787422670.200936317,target_map,4,5,2,predicted,5.734864,-3.137447,1.468392,-0.682132,-0.028891,0.214774,0.711241,17.987585,4494.000,1,0.262679,0.262679,0.241938,0.415670
tracking_cdrone3_20260822_111710_460_milestone4,milestone4,1787422670.299954653,target_map,4,5,0,detected,1.453571,-2.338732,1.242508,-4.634897,0.760699,-0.077548,0.518034,13.905647,4922.000,1,0.092328,0.000000,0.182315,0.373082
tracking_cdrone3_20260822_111710_460_milestone4,milestone4,1787422670.400138140,target_map,4,5,0,detected,0.989138,-2.262507,1.234737,-4.634897,0.760699,-0.077548,0.504750,13.905647,4922.000,1,0.192532,0.000000,0.217386,0.398133
tracking_cdrone3_20260822_111710_460_milestone4,milestone4,1787422670.442452669,raw,5,5,0,detected,6.884715,-3.188436,1.545011,20.225307,-3.150980,1.193913,0.530273,18.986364,4922.000,0,0.000000,0.000000,0.000000,0.000000
tracking_cdrone3_20260822_111710_460_milestone4,milestone4,1787422670.499921560,target_map,4,5,0,detected,7.003197,-3.205981,1.556641,2.254475,-0.333859,0.221307,0.523306,18.986364,4922.000,0,0.052554,0.000000,0.168394,0.363139
tracking_cdrone3_20260822_111710_460_milestone4,milestone4,1787422670.599714279,target_map,4,5,0,detected,7.228158,-3.239295,1.578724,2.254475,-0.333859,0.221307,0.510078,18.986364,4922.000,0,0.152338,0.000000,0.203318,0.388085
tracking_cdrone3_20260822_111710_460_milestone4,milestone4,1787422670.700398922,target_map,4,5,2,predicted,7.455120,-3.272906,1.601004,2.254475,-0.333859,0.221307,0.496732,18.986364,4922.000,0,0.253010,0.253010,0.238554,0.413253
tracking_cdrone3_20260822_111710_460_milestone4,milestone4,1787422670.706157684,raw,5,5,0,detected,6.249017,-3.004446,1.723120,-2.410478,0.697663,0.675367,0.613281,18.346817,4888.000,1,0.000000,0.000000,0.000000,0.000000
tracking_cdrone3_20260822_111710_460_milestone4,milestone4,1787422670.800023556,target_map,4,5,0,detected,6.224994,-2.986426,1.759475,-0.311249,0.233478,0.471040,0.601448,18.346817,4888.000,1,0.077181,0.000000,0.177013,0.369295
tracking_cdrone3_20260822_111710_460_milestone4,milestone4,1787422670.901728392,target_map,4,5,0,detected,6.193361,-2.962697,1.807349,-0.311249,0.233478,0.471040,0.585865,18.346817,4888.000,1,0.178814,0.000000,0.212585,0.394704
tracking_cdrone3_20260822_111710_460_milestone4,milestone4,1787422670.986706257,raw,5,5,0,detected,-11.836410,-0.273986,0.461653,-64.468674,9.733205,-4.496720,0.878906,0.018951,4494.500,1,0.000000,0.000000,0.000000,0.000000
tracking_cdrone3_20260822_111710_460_milestone4,milestone4,1787422670.999944925,target_map,4,5,0,detected,-11.875895,-0.267285,0.460853,-4.480447,0.760358,-0.090776,0.876970,0.018951,4494.500,1,0.008813,0.000000,0.153084,0.352203
tracking_cdrone3_20260822_111710_460_milestone4,milestone4,1787422671.101587296,target_map,4,5,0,detected,-12.331326,-0.189996,0.451626,-4.480447,0.760358,-0.090776,0.854635,0.018951,4494.500,1,0.110461,0.000000,0.188661,0.377615
tracking_cdrone3_20260822_111710_460_milestone4,milestone4,1787422671.199631453,target_map,4,5,0,detected,-12.770618,-0.115445,0.442726,-4.480447,0.760358,-0.090776,0.833091,0.018951,4494.500,1,0.208508,0.000000,0.222978,0.402127
tracking_cdrone3_20260822_111710_460_milestone4,milestone4,1787422671.259541035,raw,5,5,0,detected,-11.853069,-0.278134,0.393633,-0.061066,-0.015205,-0.249314,0.780273,0.003500,4171.000,1,0.000000,0.000000,0.000000,0.000000
tracking_cdrone3_20260822_111710_460_milestone4,milestone4,1787422671.299816370,target_map,4,5,0,detected,-11.922005,-0.266908,0.387648,-2.049787,0.333798,-0.177972,0.773713,0.003500,4171.000,1,0.033631,0.000000,0.161771,0.358408
tracking_cdrone3_20260822_111710_460_milestone4,milestone4,1787422671.399890900,target_map,4,5,0,detected,-12.127136,-0.233503,0.369838,-2.049787,0.333798,-0.177972,0.754192,0.003500,4171.000,1,0.133705,0.000000,0.196797,0.383426
tracking_cdrone3_20260822_111710_460_milestone4,milestone4,1787422671.499821186,target_map,4,5,0,detected,-12.331945,-0.200151,0.352055,-2.049787,0.333798,-0.177972,0.734701,0.003500,4171.000,1,0.233622,0.000000,0.231768,0.408406
tracking_cdrone3_20260822_111710_460_milestone4,milestone4,1787422671.511795521,raw,5,5,0,detected,-11.850609,-0.281023,0.373282,0.009757,-0.011453,-0.080683,0.465820,0.004964,5613.500,0,0.000000,0.000000,0.000000,0.000000
tracking_cdrone3_20260822_111710_460_milestone4,milestone4,1787422671.599589109,target_map,4,5,0,detected,-11.925604,-0.269254,0.363103,-0.917038,0.143910,-0.124463,0.456297,0.004964,5613.500,0,0.081780,0.000000,0.178623,0.370445
tracking_cdrone3_20260822_111710_460_milestone4,milestone4,1787422671.699903965,target_map,4,5,0,detected,-12.017574,-0.254821,0.350620,-0.917038,0.143910,-0.124463,0.444617,0.004964,5613.500,0,0.182071,0.000000,0.213725,0.395518
tracking_cdrone3_20260822_111710_460_milestone4,milestone4,1787422671.750894547,raw,5,5,0,detected,-11.848861,-0.286459,0.348396,0.007309,-0.022734,-0.104076,0.838867,0.005796,4730.000,0,0.000000,0.000000,0.000000,0.000000
tracking_cdrone3_20260822_111710_460_milestone4,milestone4,1787422671.800609589,target_map,4,5,0,detected,-11.865702,-0.284305,0.343729,-0.408647,0.052256,-0.113250,0.830225,0.005796,4730.000,0,0.041210,0.000000,0.164424,0.360303
tracking_cdrone3_20260822_111710_460_milestone4,milestone4,1787422671.899705887,target_map,4,5,0,detected,-11.906200,-0.279126,0.332506,-0.408647,0.052256,-0.113250,0.809441,0.005796,4730.000,0,0.140316,0.000000,0.199110,0.385079
tracking_cdrone3_20260822_111710_460_milestone4,milestone4,1787422672.000689983,target_map,4,5,0,detected,-11.947461,-0.273850,0.321071,-0.408647,0.052256,-0.113250,0.788266,0.005796,4730.000,0,0.241285,0.000000,0.234450,0.410321
tracking_cdrone3_20260822_111710_460_milestone4,milestone4,1787422672.009133339,raw,5,5,0,detected,-8.312319,-0.786641,0.667360,13.695153,-1.936940,1.235177,0.852539,3.591042,4554.000,0,0.000000,0.000000,0.000000,0.000000
tracking_cdrone3_20260822_111710_460_milestone4,milestone4,1787422672.100454092,target_map,4,5,0,detected,-7.959356,-0.836773,0.696274,4.155483,-0.590213,0.340409,0.834436,3.591042,4554.000,0,0.084939,0.000000,0.179729,0.371235
tracking_cdrone3_20260822_111710_460_milestone4,milestone4,1787422672.199887753,target_map,4,5,0,detected,-7.546211,-0.895453,0.730118,4.155483,-0.590213,0.340409,0.813245,3.591042,4554.000,0,0.184361,0.000000,0.214526,0.396090
tracking_cdrone3_20260822_111710_460_milestone4,milestone4,1787422672.275325537,raw,5,5,1,held,-8.062789,-0.837124,0.665563,0.937311,-0.189629,-0.006749,0.852539,3.841042,4554.000,0,0.266220,0.266220,0.000000,0.000000
tracking_cdrone3_20260822_111710_460_milestone4,milestone4,1787422672.300113916,target_map,4,5,1,held,-8.012863,-0.844865,0.668691,2.385488,-0.369892,0.149472,0.791338,3.841042,4554.000,0,0.287148,0.000000,0.157325,0.355232
tracking_cdrone3_20260822_111710_460_milestone4,milestone4,1787422672.400524378,target_map,4,5,1,held,-7.773353,-0.882003,0.683699,2.385488,-0.369892,0.149472,0.769938,3.841042,4554.000,0,0.387552,0.000000,0.192466,0.380333
tracking_cdrone3_20260822_111710_460_milestone4,milestone4,1787422672.499605656,target_map,4,5,1,held,-7.536957,-0.918659,0.698511,2.385488,-0.369892,0.149472,0.748817,3.841042,4554.000,0,0.486649,0.000000,0.227150,0.405107
tracking_cdrone3_20260822_111710_460_milestone4,milestone4,1787422672.520645618,raw,5,5,0,detected,-11.827139,-0.307997,0.282629,-15.345768,2.157042,-1.561072,0.654785,0.019721,4992.000,1,0.000000,0.000000,0.000000,0.000000
tracking_cdrone3_20260822_111710_460_milestone4,milestone4,1787422672.599915743,target_map,4,5,0,detected,-12.071109,-0.274867,0.254674,-3.261756,0.442919,-0.373745,0.642541,0.019721,4992.000,1,0.074797,0.000000,0.176179,0.368699
tracking_cdrone3_20260822_111710_460_milestone4,milestone4,1787422672.700038433,target_map,4,5,0,detected,-12.397646,-0.230526,0.217258,-3.261756,0.442919,-0.373745,0.626153,0.019721,4992.000,1,0.174908,0.000000,0.211218,0.393727
tracking_cdrone3_20260822_111710_460_milestone4,milestone4,1787422672.782644749,raw,5,5,0,detected,7.015866,-3.244518,1.556085,71.920235,-11.208153,4.860546,0.864746,19.129616,4110.750,0,0.000000,0.000000,0.000000,0.000000
tracking_cdrone3_20260822_111710_460_milestone4,milestone4,1787422672.799900293,target_map,4,5,0,detected,7.057080,-3.251363,1.557880,2.870073,-0.476705,0.124978,0.861642,19.129616,4110.750,0,0.014360,0.000000,0.155026,0.353590
tracking_cdrone3_20260822_111710_460_milestone4,milestone4,1787422672.899647713,target_map,4,5,0,detected,7.343362,-3.298913,1.570346,2.870073,-0.476705,0.124978,0.840078,19.129616,4110.750,0,0.114107,0.000000,0.189938,0.378527
tracking_cdrone3_20260822_111710_460_milestone4,milestone4,1787422673.000008106,target_map,4,5,0,detected,7.631352,-3.346747,1.582887,2.870073,-0.476705,0.124978,0.818385,19.129616,4110.750,0,0.214450,0.000000,0.225057,0.403612
tracking_cdrone3_20260822_111710_460_milestone4,milestone4,1787422673.026093960,raw,5,5,0,detected,2.847796,-2.638941,1.141473,-17.120279,2.487397,-1.703012,0.757812,14.894828,4321.500,1,0.000000,0.000000,0.000000,0.000000
tracking_cdrone3_20260822_111710_460_milestone4,milestone4,1787422673.099944115,target_map,4,5,0,detected,2.631511,-2.609427,1.114823,-3.041805,0.415071,-0.374812,0.744342,14.894828,4321.500,1,0.071104,0.000000,0.174886,0.367776
tracking_cdrone3_20260822_111710_460_milestone4,milestone4,1787422673.200087309,target_map,4,5,0,detected,2.326955,-2.567869,1.077295,-3.041805,0.415071,-0.374812,0.725373,14.894828,4321.500,1,0.171228,0.000000,0.209930,0.392807
tracking_cdrone3_20260822_111710_460_milestone4,milestone4,1787422673.280520439,raw,5,5,0,detected,4.272188,-2.998512,1.161999,5.598855,-1.413367,0.080679,0.837891,16.353006,4171.500,0,0.000000,0.000000,0.000000,0.000000
tracking_cdrone3_20260822_111710_460_milestone4,milestone4,1787422673.300787687,target_map,4,5,0,detected,4.301221,-3.008536,1.159889,1.710558,-0.590570,-0.124292,0.834335,16.353006,4171.500,0,0.016973,0.000000,0.155940,0.354243
tracking_cdrone3_20260822_111710_460_milestone4,milestone4,1787422673.400208712,target_map,4,5,0,detected,4.471267,-3.067244,1.147533,1.710558,-0.590570,-0.124292,0.813512,16.353006,4171.500,0,0.116382,0.000000,0.190734,0.379096
tracking_cdrone3_20260822_111710_460_milestone4,milestone4,1787422673.502816439,target_map,4,5,0,detected,4.646097,-3.127604,1.134830,1.710558,-0.590570,-0.124292,0.792102,16.353006,4171.500,0,0.218589,0.000000,0.226506,0.404647
tracking_cdrone3_20260822_111710_460_milestone4,milestone4,1787422673.541722059,raw,5,5,0,detected,6.632455,-3.435717,1.086312,9.035511,-1.673697,-0.289740,0.565918,18.743057,4251.000,0,0.000000,0.000000,0.000000,0.000000
tracking_cdrone3_20260822_111710_460_milestone4,milestone4,1787422673.600482941,target_map,4,5,0,detected,6.893666,-3.490419,1.076334,5.094004,-1.066761,-0.194596,0.558663,18.743057,4251.000,0,0.051278,0.000000,0.167947,0.362820
tracking_cdrone3_20260822_111710_460_milestone4,milestone4,1787422673.700001717,target_map,4,5,0,detected,7.400539,-3.596566,1.056971,5.094004,-1.066761,-0.194596,0.544585,18.743057,4251.000,0,0.150782,0.000000,0.202774,0.387696
tracking_cdrone3_20260822_111710_460_milestone4,milestone4,1787422673.791532993,raw,5,5,0,detected,2.931775,-2.991517,0.825169,-14.814896,1.778264,-1.045434,0.775391,15.005413,2485.750,1,0.000000,0.000000,0.000000,0.000000
tracking_cdrone3_20260822_111710_460_milestone4,milestone4,1787422673.801097870,target_map,4,5,0,detected,2.921080,-2.991294,0.823123,-2.065656,0.043053,-0.395094,0.774387,15.005413,2485.750,1,0.005177,0.000000,0.151812,0.351294
tracking_cdrone3_20260822_111710_460_milestone4,milestone4,1787422673.899582148,target_map,4,5,0,detected,2.717619,-2.987053,0.784208,-2.065656,0.043053,-0.395094,0.755294,15.005413,2485.750,1,0.103675,0.000000,0.186286,0.375919
tracking_cdrone3_20260822_111710_460_milestone4,milestone4,1787422673.999938250,target_map,4,5,0,detected,2.510346,-2.982733,0.744563,-2.065656,0.043053,-0.395094,0.735842,15.005413,2485.750,1,0.204017,0.000000,0.221406,0.401004
tracking_cdrone3_20260822_111710_460_milestone4,milestone4,1787422674.049891233,raw,5,5,0,detected,-3.978664,-1.716825,0.461815,-26.741539,4.932713,-1.406079,0.821289,7.951263,2356.000,1,0.000000,0.000000,0.000000,0.000000
tracking_cdrone3_20260822_111710_460_milestone4,milestone4,1787422674.099797964,target_map,4,5,0,detected,-4.223014,-1.678830,0.442968,-5.250775,0.816463,-0.405004,0.811734,7.951263,2356.000,1,0.046536,0.000000,0.166288,0.361634
tracking_cdrone3_20260822_111710_460_milestone4,milestone4,1787422674.199634075,target_map,4,5,0,detected,-4.747234,-1.597317,0.402534,-5.250775,0.816463,-0.405004,0.791236,7.951263,2356.000,1,0.146373,0.000000,0.201230,0.386593
tracking_cdrone3_20260822_111710_460_milestone4,milestone4,1787422674.299889803,target_map,4,5,0,detected,-5.273642,-1.515464,0.361931,-5.250775,0.816463,-0.405004,0.770651,7.951263,2356.000,1,0.246626,0.000000,0.236319,0.411656
tracking_cdrone3_20260822_111710_460_milestone4,milestone4,1787422674.308182955,raw,5,5,0,detected,6.362573,-3.712605,0.592042,40.045918,-7.728558,0.504296,0.430176,18.471189,2661.750,0,0.000000,0.000000,0.000000,0.000000
tracking_cdrone3_20260822_111710_460_milestone4,milestone4,1787422674.399903774,target_map,4,5,0,detected,6.536549,-3.754058,0.580677,1.957100,-0.466309,-0.127851,0.420616,18.471189,2661.750,0,0.088895,0.000000,0.181113,0.372224
tracking_cdrone3_20260822_111710_460_milestone4,milestone4,1787422674.500165462,target_map,4,5,0,detected,6.732712,-3.800797,0.567862,1.957100,-0.466309,-0.127851,0.409836,18.471189,2661.750,0,0.189126,0.000000,0.216194,0.397282
tracking_cdrone3_20260822_111710_460_milestone4,milestone4,1787422674.561057806,raw,5,5,0,detected,4.449350,-3.331806,0.801252,-7.565650,1.505833,0.827301,0.817871,16.521931,4558.000,1,0.000000,0.000000,0.000000,0.000000
tracking_cdrone3_20260822_111710_460_milestone4,milestone4,1787422674.599970102,target_map,4,5,0,detected,4.338786,-3.310964,0.814649,-3.280413,0.618369,0.397483,0.810980,16.521931,4558.000,1,0.033705,0.000000,0.161797,0.358426
tracking_cdrone3_20260822_111710_460_milestone4,milestone4,1787422674.699809074,target_map,4,5,0,detected,4.011266,-3.249226,0.854334,-3.280413,0.618369,0.397483,0.790565,16.521931,4558.000,1,0.133546,0.000000,0.196741,0.383386
tracking_cdrone3_20260822_111710_460_milestone4,milestone4,1787422674.799941301,target_map,4,5,0,detected,3.682809,-3.187311,0.894133,-3.280413,0.618369,0.397483,0.770093,16.521931,4558.000,1,0.233672,0.000000,0.231785,0.408418
tracking_cdrone3_20260822_111710_460_milestone4,milestone4,1787422674.806471586,raw,5,5,0,detected,5.531639,-3.769498,0.814772,4.410227,-1.783554,0.055093,0.855957,17.655849,3230.250,0,0.000000,0.000000,0.000000,0.000000
tracking_cdrone3_20260822_111710_460_milestone4,milestone4,1787422674.899679899,target_map,4,5,0,detected,5.616702,-3.832454,0.833512,0.949439,-0.702689,0.209168,0.836785,17.655849,3230.250,0,0.089593,0.000000,0.181357,0.372398
tracking_cdrone3_20260822_111710_460_milestone4,milestone4,1787422675.000243187,target_map,4,5,0,detected,5.712156,-3.903100,0.854542,0.949439,-0.702689,0.209168,0.815271,17.655849,3230.250,0,0.190130,0.000000,0.216546,0.397533
tracking_cdrone3_20260822_111710_460_milestone4,milestone4,1787422675.066456556,raw,5,5,0,detected,7.392984,-4.054122,1.011386,7.159494,-1.094780,0.756256,0.855957,19.527699,3230.250,0,0.000000,0.000000,0.000000,0.000000
tracking_cdrone3_20260822_111710_460_milestone4,milestone4,1787422675.100582838,target_map,4,5,0,detected,7.521048,-4.081065,1.026351,4.364969,-0.918339,0.510067,0.849679,19.527699,3230.250,0,0.029339,0.000000,0.160269,0.357335
tracking_cdrone3_20260822_111710_460_milestone4,milestone4,1787422675.199573517,target_map,4,5,0,detected,7.953177,-4.171980,1.076847,4.364969,-0.918339,0.510067,0.828494,19.527699,3230.250,0,0.128338,0.000000,0.194918,0.382085
tracking_cdrone3_20260822_111710_460_milestone4,milestone4,1787422675.301063538,target_map,4,5,0,detected,8.396046,-4.265154,1.128598,4.364969,-0.918339,0.510067,0.806783,19.527699,3230.250,0,0.229798,0.000000,0.230429,0.407450
tracking_cdrone3_20260822_111710_460_milestone4,milestone4,1787422675.328800917,raw,5,5,0,detected,6.737883,-4.003499,0.875341,-2.497041,0.192958,-0.518562,0.852051,18.861807,4009.250,1,0.000000,0.000000,0.000000,0.000000
tracking_cdrone3_20260822_111710_460_milestone4,milestone4,1787422675.400330782,target_map,4,5,0,detected,6.777610,-4.024149,0.871597,0.590864,-0.307126,-0.055679,0.837729,18.861807,4009.250,1,0.067236,0.000000,0.173533,0.366809
tracking_cdrone3_20260822_111710_460_milestone4,milestone4,1787422675.499990463,target_map,4,5,0,detected,6.836491,-4.054754,0.866049,0.590864,-0.307126,-0.055679,0.816502,18.861807,4009.250,1,0.166888,0.000000,0.208411,0.391722
tracking_cdrone3_20260822_111710_460_milestone4,milestone4,1787422675.596925259,raw,5,5,0,detected,7.040926,-4.125523,1.303399,1.130229,-0.455098,1.596484,0.798828,19.199184,3006.250,0,0.000000,0.000000,0.000000,0.000000
tracking_cdrone3_20260822_111710_460_milestone4,milestone4,1787422675.599754095,target_map,4,5,2,predicted,6.895449,-4.085401,0.860493,0.590864,-0.307126,-0.055679,0.795247,18.861807,4009.250,1,0.266670,0.266670,0.243335,0.416668
tracking_cdrone3_20260822_111710_460_milestone4,milestone4,1787422675.699642420,target_map,4,5,0,detected,7.125923,-4.162730,1.385091,0.887515,-0.388511,0.853011,0.779702,19.199184,3006.250,0,0.095770,0.000000,0.183519,0.373942
tracking_cdrone3_20260822_111710_460_milestone4,milestone4,1787422675.800089598,target_map,4,5,0,detected,7.215054,-4.201747,1.470757,0.887515,-0.388511,0.853011,0.759646,19.199184,3006.250,0,0.196197,0.000000,0.218669,0.399049
tracking_cdrone3_20260822_111710_460_milestone4,milestone4,1787422675.860822916,raw,5,5,0,detected,6.901699,-3.903465,1.135980,-0.527576,0.841446,-0.634400,0.666992,19.011530,3103.750,1,0.000000,0.000000,0.000000,0.000000
tracking_cdrone3_20260822_111710_460_milestone4,milestone4,1787422675.899812698,target_map,4,5,0,detected,6.905664,-3.893008,1.137249,0.109215,0.287966,0.034935,0.660937,19.011530,3103.750,1,0.036311,0.000000,0.162709,0.359078
tracking_cdrone3_20260822_111710_460_milestone4,milestone4,1787422675.999872208,target_map,4,5,0,detected,6.916590,-3.864200,1.140744,0.109215,0.287966,0.034935,0.644255,19.011530,3103.750,1,0.136354,0.000000,0.197724,0.384088
tracking_cdrone3_20260822_111710_460_milestone4,milestone4,1787422676.100376606,target_map,4,5,0,detected,6.927568,-3.835254,1.144256,0.109215,0.287966,0.034935,0.627494,19.011530,3103.750,1,0.236873,0.000000,0.232905,0.409218
tracking_cdrone3_20260822_111710_460_milestone4,milestone4,1787422676.131285906,raw,5,5,0,detected,6.520240,-3.916237,1.131734,-1.410399,-0.047223,-0.015700,0.583984,18.640261,3514.500,1,0.000000,0.000000,0.000000,0.000000
tracking_cdrone3_20260822_111710_460_milestone4,milestone4,1787422676.200033903,target_map,4,5,0,detected,6.473129,-3.909519,1.132194,-0.726573,0.103612,0.007086,0.574518,18.640261,3514.500,1,0.064840,0.000000,0.172694,0.366210
tracking_cdrone3_20260822_111710_460_milestone4,milestone4,1787422676.299972773,target_map,4,5,0,detected,6.400511,-3.899163,1.132902,-0.726573,0.103612,0.007086,0.559926,18.640261,3514.500,1,0.164787,0.000000,0.207675,0.391197
tracking_cdrone3_20260822_111710_460_milestone4,milestone4,1787422676.398840189,raw,5,5,0,detected,-11.745622,-0.440379,0.097045,-68.268768,12.991041,-3.867156,0.810059,0.018587,4313.750,1,0.000000,0.000000,0.000000,0.000000
tracking_cdrone3_20260822_111710_460_milestone4,milestone4,1787422676.400070906,target_map,4,5,2,predicted,6.327792,-3.888793,1.133611,-0.726573,0.103612,0.007086,0.545314,18.640261,3514.500,1,0.264871,0.264871,0.242705,0.416218
tracking_cdrone3_20260822_111710_460_milestone4,milestone4,1787422676.500164270,target_map,4,5,0,detected,-12.179070,-0.359352,0.074519,-4.642716,0.867882,-0.241282,0.791152,0.018587,4313.750,1,0.093361,0.000000,0.182676,0.373340
tracking_cdrone3_20260822_111710_460_milestone4,milestone4,1787422676.600096464,target_map,4,5,0,detected,-12.642974,-0.272633,0.050410,-4.642716,0.867882,-0.241282,0.770916,0.018587,4313.750,1,0.193282,0.000000,0.217649,0.398320
tracking_cdrone3_20260822_111710_460_milestone4,milestone4,1787422676.628502131,raw,5,5,0,detected,3.150764,-3.562274,0.985933,64.861084,-13.593198,3.870349,0.448242,15.264773,4160.000,0,0.000000,0.000000,0.000000,0.000000
tracking_cdrone3_20260822_111710_460_milestone4,milestone4,1787422676.699690819,target_map,4,5,0,detected,3.297038,-3.596060,0.995726,2.209896,-0.510436,0.147957,0.440825,15.264773,4160.000,0,0.066190,0.000000,0.173167,0.366548
tracking_cdrone3_20260822_111710_460_milestone4,milestone4,1787422676.799975395,target_map,4,5,0,detected,3.518648,-3.647247,1.010564,2.209896,-0.510436,0.147957,0.429587,15.264773,4160.000,0,0.166471,0.000000,0.208265,0.391618
tracking_cdrone3_20260822_111710_460_milestone4,milestone4,1787422676.861210108,raw,5,5,0,detected,1.684157,-3.339789,0.867990,-6.302838,0.956142,-0.506869,0.470703,13.780149,3689.000,1,0.000000,0.000000,0.000000,0.000000
tracking_cdrone3_20260822_111710_460_milestone4,milestone4,1787422676.899580479,target_map,4,5,0,detected,1.615135,-3.331520,0.862065,-2.472108,0.296182,-0.212197,0.467418,13.780149,3689.000,1,0.027920,0.000000,0.159772,0.356980
tracking_cdrone3_20260822_111710_460_milestone4,milestone4,1787422677.001561880,target_map,4,5,0,detected,1.367063,-3.301798,0.840772,-2.472108,0.296182,-0.212197,0.455609,13.780149,3689.000,1,0.128269,0.000000,0.194894,0.382067
tracking_cdrone3_20260822_111710_460_milestone4,milestone4,1787422677.099801540,target_map,4,5,0,detected,1.120179,-3.272219,0.819580,-2.472108,0.296182,-0.212197,0.443857,13.780149,3689.000,1,0.228137,0.000000,0.229848,0.407034
tracking_cdrone3_20260822_111710_460_milestone4,milestone4,1787422677.128828526,raw,5,5,0,detected,-7.846162,-1.331298,0.341006,-35.610203,7.504762,-1.969086,0.775391,4.026254,2714.500,1,0.000000,0.000000,0.000000,0.000000
tracking_cdrone3_20260822_111710_460_milestone4,milestone4,1787422677.199928761,target_map,4,5,0,detected,-8.214466,-1.260564,0.318328,-5.411587,1.039315,-0.333212,0.762198,4.026254,2714.500,1,0.068058,0.000000,0.173820,0.367015
tracking_cdrone3_20260822_111710_460_milestone4,milestone4,1787422677.300139904,target_map,4,5,0,detected,-8.756697,-1.156426,0.284941,-5.411587,1.039315,-0.333212,0.742774,4.026254,2714.500,1,0.168257,0.000000,0.208890,0.392064
tracking_cdrone3_20260822_111710_460_milestone4,milestone4,1787422677.359306812,raw,5,5,0,detected,-6.285993,-1.735632,0.334699,6.768994,-1.754256,-0.027362,0.775391,5.634315,2714.500,0,0.000000,0.000000,0.000000,0.000000
tracking_cdrone3_20260822_111710_460_milestone4,milestone4,1787422677.399922371,target_map,4,5,0,detected,-6.237251,-1.754450,0.328454,1.287732,-0.497149,-0.164994,0.768053,5.634315,2714.500,0,0.037851,0.000000,0.163248,0.359463
tracking_cdrone3_20260822_111710_460_milestone4,milestone4,1787422677.499618053,target_map,4,5,0,detected,-6.108862,-1.804016,0.312004,1.287732,-0.497149,-0.164994,0.748726,5.634315,2714.500,0,0.137552,0.000000,0.198143,0.384388
tracking_cdrone3_20260822_111710_460_milestone4,milestone4,1787422677.600057125,target_map,4,5,0,detected,-5.979557,-1.853937,0.295436,1.287732,-0.497149,-0.164994,0.729262,5.634315,2714.500,0,0.237966,0.000000,0.233288,0.409491
tracking_cdrone3_20260822_111710_460_milestone4,milestone4,1787422677.614514589,raw,5,5,0,detected,-6.955558,-1.635233,0.359677,-2.623621,0.393404,0.097873,0.667969,4.960558,4114.500,1,0.000000,0.000000,0.000000,0.000000
tracking_cdrone3_20260822_111710_460_milestone4,milestone4,1787422677.699565887,target_map,4,5,0,detected,-7.024908,-1.635823,0.358037,-0.863512,-0.007345,-0.020417,0.654557,4.960558,4114.500,1,0.080311,0.000000,0.178109,0.370078
tracking_cdrone3_20260822_111710_460_milestone4,milestone4,1787422677.799923897,target_map,4,5,0,detected,-7.111563,-1.636560,0.355988,-0.863512,-0.007345,-0.020417,0.637799,4.960558,4114.500,1,0.180663,0.000000,0.213232,0.395166
tracking_cdrone3_20260822_111710_460_milestone4,milestone4,1787422677.855114698,raw,5,5,0,detected,-8.756262,-1.221097,0.264448,-7.484232,1.721268,-0.395799,0.598145,3.113026,6885.000,1,0.000000,0.000000,0.000000,0.000000
tracking_cdrone3_20260822_111710_460_milestone4,milestone4,1787422677.899602652,target_map,4,5,0,detected,-8.921642,-1.186464,0.256119,-4.504908,0.943392,-0.226877,0.592655,3.113026,6885.000,1,0.036711,0.000000,0.162849,0.359178
tracking_cdrone3_20260822_111710_460_milestone4,milestone4,1787422677.999864578,target_map,4,5,0,detected,-9.373303,-1.091879,0.233372,-4.504908,0.943392,-0.226877,0.577662,3.113026,6885.000,1,0.136971,0.000000,0.197940,0.384243
tracking_cdrone3_20260822_111710_460_milestone4,milestone4,1787422678.099065304,raw,5,5,0,detected,-8.232316,-1.399083,0.316693,2.147787,-0.729609,0.214165,0.875977,3.667708,6222.000,0,0.000000,0.000000,0.000000,0.000000
tracking_cdrone3_20260822_111710_460_milestone4,milestone4,1787422678.099946499,target_map,4,5,0,detected,-9.824120,-0.997472,0.210668,-4.504908,0.943392,-0.226877,0.562698,3.113026,6885.000,1,0.237043,0.000000,0.232965,0.409261
tracking_cdrone3_20260822_111710_460_milestone4,milestone4,1787422678.199993372,target_map,4,5,0,detected,-8.313731,-1.396846,0.318203,-0.845926,0.023241,0.015696,0.854900,3.667708,6222.000,0,0.096244,0.000000,0.183686,0.374061
tracking_cdrone3_20260822_111710_460_milestone4,milestone4,1787422678.299877882,target_map,4,5,0,detected,-8.398235,-1.394524,0.319771,-0.845926,0.023241,0.015696,0.833023,3.667708,6222.000,0,0.196140,0.000000,0.218649,0.399035
tracking_cdrone3_20260822_111710_460_milestone4,milestone4,1787422678.346724510,raw,5,5,0,detected,-8.905738,-1.258319,0.230655,-2.719230,0.568392,-0.347415,0.461182,2.977180,6287.250,1,0.000000,0.000000,0.000000,0.000000
tracking_cdrone3_20260822_111710_460_milestone4,milestone4,1787422678.399892330,target_map,4,5,0,detected,-8.994055,-1.243112,0.221993,-1.876243,0.323074,-0.184015,0.455755,2.977180,6287.250,1,0.047071,0.000000,0.166475,0.361768
tracking_cdrone3_20260822_111710_460_milestone4,milestone4,1787422678.500025511,target_map,4,5,0,detected,-9.181937,-1.210760,0.203566,-1.876243,0.323074,-0.184015,0.444209,2.977180,6287.250,1,0.147209,0.000000,0.201523,0.386802
tracking_cdrone3_20260822_111710_460_milestone4,milestone4,1787422678.599872351,target_map,4,5,0,detected,-9.369269,-1.178503,0.185193,-1.876243,0.323074,-0.184015,0.432698,2.977180,6287.250,1,0.247053,0.000000,0.236469,0.411763
tracking_cdrone3_20260822_111710_460_milestone4,milestone4,1787422678.600269556,raw,5,5,0,detected,-8.786422,-1.360628,0.296219,0.470597,-0.403518,0.258593,0.849121,3.122996,6955.000,0,0.000000,0.000000,0.000000,0.000000
tracking_cdrone3_20260822_111710_460_milestone4,milestone4,1787422678.699940920,target_map,4,5,0,detected,-8.840954,-1.367759,0.301754,-0.585481,-0.076552,0.059419,0.829349,3.122996,6955.000,0,0.093141,0.000000,0.182599,0.373285
tracking_cdrone3_20260822_111710_460_milestone4,milestone4,1787422678.799894810,target_map,4,5,0,detected,-8.899468,-1.375409,0.307692,-0.585481,-0.076552,0.059419,0.808133,3.122996,6955.000,0,0.193084,0.000000,0.217579,0.398271
tracking_cdrone3_20260822_111710_460_milestone4,milestone4,1787422678.862456560,raw,5,5,0,detected,-9.036353,-1.323706,0.267313,-0.953182,0.140814,-0.110242,0.832520,2.873530,7592.000,1,0.000000,0.000000,0.000000,0.000000
tracking_cdrone3_20260822_111710_460_milestone4,milestone4,1787422678.901797771,target_map,4,5,0,detected,-9.059902,-1.322421,0.266300,-0.787717,0.043000,-0.033894,0.826298,2.873530,7592.000,1,0.029895,0.000000,0.160463,0.357474
tracking_cdrone3_20260822_111710_460_milestone4,milestone4,1787422678.999827623,target_map,4,5,0,detected,-9.137120,-1.318205,0.262977,-0.787717,0.043000,-0.033894,0.805895,2.873530,7592.000,1,0.127923,0.000000,0.194773,0.381981
tracking_cdrone3_20260822_111710_460_milestone4,milestone4,1787422679.099315166,raw,5,5,0,detected,4.358543,-5.832513,1.017724,56.553028,-19.036108,3.168221,0.832520,17.026367,7592.000,0,0.000000,0.000000,0.000000,0.000000
tracking_cdrone3_20260822_111710_460_milestone4,milestone4,1787422679.100449085,target_map,4,5,0,detected,-9.216364,-1.313880,0.259568,-0.787717,0.043000,-0.033894,0.784957,2.873530,7592.000,1,0.228523,0.000000,0.229983,0.407131
tracking_cdrone3_20260822_111710_460_milestone4,milestone4,1787422679.200054407,target_map,4,5,0,detected,4.684159,-5.950662,1.036359,3.809756,-1.382356,0.218037,0.814731,17.026367,7592.000,0,0.085469,0.000000,0.179914,0.371367
tracking_cdrone3_20260822_111710_460_milestone4,milestone4,1787422679.299815416,target_map,4,5,0,detected,5.064194,-6.088556,1.058109,3.809756,-1.382356,0.218037,0.793969,17.026367,7592.000,0,0.185222,0.000000,0.214828,0.396306
tracking_cdrone3_20260822_111710_460_milestone4,milestone4,1787422679.342348337,raw,5,5,0,detected,3.289776,-5.793038,1.077928,-4.397588,0.162427,0.247719,0.832520,16.009335,7592.000,1,0.000000,0.000000,0.000000,0.000000
tracking_cdrone3_20260822_111710_460_milestone4,milestone4,1787422679.399918079,target_map,4,5,0,detected,3.252306,-5.821380,1.090397,-0.704283,-0.532725,0.234362,0.821447,16.009335,7592.000,1,0.053202,0.000000,0.168621,0.363301
tracking_cdrone3_20260822_111710_460_milestone4,milestone4,1787422679.500179052,target_map,4,5,0,detected,3.181695,-5.874791,1.113894,-0.704283,-0.532725,0.234362,0.800579,16.009335,7592.000,1,0.153463,0.000000,0.203712,0.388366
tracking_cdrone3_20260822_111710_460_milestone4,milestone4,1787422679.565309763,raw,5,5,0,detected,2.208658,-5.967927,1.075115,-4.849141,-0.784430,-0.012617,0.472656,15.061639,2350.000,1,0.000000,0.000000,0.000000,0.000000
tracking_cdrone3_20260822_111710_460_milestone4,milestone4,1787422679.600478888,target_map,4,5,0,detected,2.119994,-5.987870,1.078042,-2.983955,-0.671163,0.098523,0.469145,15.061639,2350.000,1,0.029714,0.000000,0.160400,0.357428
tracking_cdrone3_20260822_111710_460_milestone4,milestone4,1787422679.699631691,target_map,4,5,0,detected,1.824122,-6.054418,1.087811,-2.983955,-0.671163,0.098523,0.457429,15.061639,2350.000,1,0.128868,0.000000,0.195104,0.382217
tracking_cdrone3_20260822_111710_460_milestone4,milestone4,1787422679.795212030,raw,5,5,0,detected,1.217695,-5.791694,0.929853,-4.310255,0.766537,-0.631824,0.472656,14.067266,2350.000,1,0.000000,0.000000,0.000000,0.000000
tracking_cdrone3_20260822_111710_460_milestone4,milestone4,1787422679.805095196,target_map,4,5,0,detected,1.509545,-6.125174,1.098198,-2.983955,-0.671163,0.098523,0.444972,15.061639,2350.000,1,0.234291,0.000000,0.232002,0.408573
tracking_cdrone3_20260822_111710_460_milestone4,milestone4,1787422679.901923895,target_map,4,5,0,detected,0.890688,-5.781164,0.903156,-3.713420,0.119572,-0.303168,0.462251,14.067266,2350.000,1,0.088061,0.000000,0.180821,0.372015
tracking_cdrone3_20260822_111710_460_milestone4,milestone4,1787422680.000003099,target_map,4,5,0,detected,0.526540,-5.769439,0.873427,-3.713420,0.119572,-0.303168,0.450663,14.067266,2350.000,1,0.186124,0.000000,0.215143,0.396531
tracking_cdrone3_20260822_111710_460_milestone4,milestone4,1787422680.029111624,raw,5,5,0,detected,-8.248174,-1.949534,0.300752,-40.461300,16.423086,-2.689058,0.755859,3.830910,3217.500,1,0.000000,0.000000,0.000000,0.000000
tracking_cdrone3_20260822_111710_460_milestone4,milestone4,1787422680.100164413,target_map,4,5,0,detected,-8.628783,-1.836451,0.273774,-5.740286,1.705499,-0.406868,0.743330,3.830910,3217.500,1,0.066305,0.000000,0.173207,0.366576
tracking_cdrone3_20260822_111710_460_milestone4,milestone4,1787422680.200048685,target_map,4,5,0,detected,-9.202106,-1.666111,0.233138,-5.740286,1.705499,-0.406868,0.724457,3.830910,3217.500,1,0.166182,0.000000,0.208164,0.391546
tracking_cdrone3_20260822_111710_460_milestone4,milestone4,1787422680.272040367,raw,5,5,0,detected,-9.264060,-1.521810,0.240002,-4.182732,1.761080,-0.250127,0.851074,2.725545,6703.500,1,0.000000,0.000000,0.000000,0.000000
tracking_cdrone3_20260822_111710_460_milestone4,milestone4,1787422680.301198483,target_map,4,5,0,detected,-9.360049,-1.487687,0.233699,-4.883631,1.736068,-0.320660,0.846892,2.725545,6703.500,1,0.019655,0.000000,0.156879,0.354914
tracking_cdrone3_20260822_111710_460_milestone4,milestone4,1787422680.400739670,target_map,4,5,0,detected,-9.846123,-1.314894,0.201783,-4.883631,1.736068,-0.320660,0.825715,2.725545,6703.500,1,0.119186,0.000000,0.191715,0.379797
tracking_cdrone3_20260822_111710_460_milestone4,milestone4,1787422680.500092506,target_map,4,5,0,detected,-10.331244,-1.142439,0.169930,-4.883631,1.736068,-0.320660,0.804579,2.725545,6703.500,1,0.218523,0.000000,0.226483,0.404631
tracking_cdrone3_20260822_111710_460_milestone4,milestone4,1787422680.521994829,raw,5,5,0,detected,-9.297072,-1.493670,0.222267,-0.132077,0.112579,-0.070955,0.844238,2.681449,7744.000,1,0.000000,0.000000,0.000000,0.000000
tracking_cdrone3_20260822_111710_460_milestone4,milestone4,1787422680.600039721,target_map,4,5,0,detected,-9.461438,-1.432627,0.208994,-2.270277,0.843149,-0.183322,0.828958,2.681449,7744.000,1,0.072399,0.000000,0.175340,0.368100
tracking_cdrone3_20260822_111710_460_milestone4,milestone4,1787422680.699657202,target_map,4,5,0,detected,-9.687628,-1.348624,0.190730,-2.270277,0.843149,-0.183322,0.807930,2.681449,7744.000,1,0.172030,0.000000,0.210210,0.393007
tracking_cdrone3_20260822_111710_460_milestone4,milestone4,1787422680.742126942,raw,5,5,0,detected,-9.129589,-1.535553,0.248790,0.760755,-0.190241,0.120476,0.822266,2.852788,7412.000,0,0.000000,0.000000,0.000000,0.000000
tracking_cdrone3_20260822_111710_460_milestone4,milestone4,1787422680.799641132,target_map,4,5,0,detected,-9.162244,-1.520677,0.247911,-0.603209,0.274785,-0.016233,0.811137,2.852788,7412.000,0,0.054135,0.000000,0.168947,0.363534
tracking_cdrone3_20260822_111710_460_milestone4,milestone4,1787422680.900182486,target_map,4,5,0,detected,-9.222885,-1.493053,0.246280,-0.603209,0.274785,-0.016233,0.790472,2.852788,7412.000,0,0.154665,0.000000,0.204133,0.388666
tracking_cdrone3_20260822_111710_460_milestone4,milestone4,1787422680.964476824,raw,5,5,0,detected,-9.141419,-1.512493,0.246321,-0.053209,0.103713,-0.011104,0.743164,2.833955,8008.000,1,0.000000,0.000000,0.000000,0.000000
tracking_cdrone3_20260822_111710_460_milestone4,milestone4,1787422681.000875950,target_map,4,5,0,detected,-9.150307,-1.507153,0.245925,-0.300709,0.180695,-0.013412,0.737673,2.833955,8008.000,1,0.029556,0.000000,0.160344,0.357389
tracking_cdrone3_20260822_111710_460_milestone4,milestone4,1787422681.099717379,target_map,4,5,0,detected,-9.180341,-1.489106,0.244585,-0.300709,0.180695,-0.013412,0.719117,2.833955,8008.000,1,0.129431,0.000000,0.195301,0.382358
tracking_cdrone3_20260822_111710_460_milestone4,milestone4,1787422681.189853191,raw,5,5,1,held,-9.155076,-1.494272,0.250395,-0.060597,0.080853,0.018076,0.743164,2.814951,8008.000,1,0.225362,0.225362,0.000000,0.000000
tracking_cdrone3_20260822_111710_460_milestone4,milestone4,1787422681.199777126,target_map,4,5,1,held,-9.156345,-1.493325,0.250424,-0.168647,0.125782,0.003906,0.699895,2.814951,8008.000,1,0.232891,0.000000,0.152635,0.351882
tracking_cdrone3_20260822_111710_460_milestone4,milestone4,1787422681.299919367,target_map,4,5,1,held,-9.173234,-1.480730,0.250816,-0.168647,0.125782,0.003906,0.681290,2.814951,8008.000,1,0.333029,0.000000,0.187683,0.376917
tracking_cdrone3_20260822_111710_460_milestone4,milestone4,1787422681.400063753,target_map,4,5,1,held,-9.190121,-1.468135,0.251207,-0.168647,0.125782,0.003906,0.662687,2.814951,8008.000,1,0.433160,0.000000,0.222730,0.401950
tracking_cdrone3_20260822_111710_460_milestone4,milestone4,1787422681.420807362,raw,5,5,0,detected,-9.312567,-1.351439,0.231630,-0.681913,0.618448,-0.081250,0.689941,2.616563,9699.000,1,0.000000,0.000000,0.000000,0.000000
tracking_cdrone3_20260822_111710_460_milestone4,milestone4,1787422681.499632597,target_map,4,5,0,detected,-9.346926,-1.321209,0.228359,-0.450944,0.396748,-0.042930,0.676799,2.616563,9699.000,1,0.076194,0.000000,0.176668,0.369049
tracking_cdrone3_20260822_111710_460_milestone4,milestone4,1787422681.599975586,target_map,4,5,0,detected,-9.392171,-1.281402,0.224051,-0.450944,0.396748,-0.042930,0.659493,2.616563,9699.000,1,0.176527,0.000000,0.211784,0.394132
tracking_cdrone3_20260822_111710_460_milestone4,milestone4,1787422681.650329828,raw,5,5,0,detected,3.261692,-5.321612,0.890458,54.785744,-17.297951,2.870500,0.526367,15.818295,7623.750,0,0.000000,0.000000,0.000000,0.000000
tracking_cdrone3_20260822_111710_460_milestone4,milestone4,1787422681.699652195,target_map,4,5,0,detected,3.424452,-5.368330,0.898632,3.987674,-1.144595,0.200248,0.520996,15.818295,7623.750,0,0.040816,0.000000,0.164286,0.360204
tracking_cdrone3_20260822_111710_460_milestone4,milestone4,1787422681.799581289,target_map,4,5,0,detected,3.822924,-5.482705,0.918642,3.987674,-1.144595,0.200248,0.507847,15.818295,7623.750,0,0.140742,0.000000,0.199260,0.385185
tracking_cdrone3_20260822_111710_460_milestone4,milestone4,1787422681.873449087,raw,5,5,0,detected,3.079876,-4.862595,0.731764,-0.814878,2.057264,-0.711249,0.803711,15.501834,6583.500,1,0.000000,0.000000,0.000000,0.000000
tracking_cdrone3_20260822_111710_460_milestone4,milestone4,1787422681.899954319,target_map,4,5,0,detected,3.112150,-4.847817,0.724547,1.346270,0.616427,-0.301075,0.798894,15.501834,6583.500,1,0.023973,0.000000,0.158390,0.355993
tracking_cdrone3_20260822_111710_460_milestone4,milestone4,1787422681.999717236,target_map,4,5,0,detected,3.246460,-4.786320,0.694510,1.346270,0.616427,-0.301075,0.778849,15.501834,6583.500,1,0.123738,0.000000,0.193308,0.380934
tracking_cdrone3_20260822_111710_460_milestone4,milestone4,1787422682.097400427,raw,5,5,1,held,3.018919,-4.585907,0.778188,-0.272193,1.235500,0.207296,0.803711,15.369441,6583.500,1,0.223949,0.223949,0.000000,0.000000
tracking_cdrone3_20260822_111710_460_milestone4,milestone4,1787422682.114738703,target_map,4,5,0,detected,3.401301,-4.715422,0.659882,1.346270,0.616427,-0.301075,0.755739,15.501834,6583.500,1,0.238752,0.000000,0.233563,0.409688
tracking_cdrone3_20260822_111710_460_milestone4,milestone4,1787422682.201342106,target_map,4,5,1,held,3.050317,-4.520034,0.776710,0.456116,0.956917,-0.021471,0.744882,15.369441,6583.500,1,0.292787,0.000000,0.174094,0.367210
tracking_cdrone3_20260822_111710_460_milestone4,milestone4,1787422682.299673319,target_map,4,5,1,held,3.095166,-4.425942,0.774599,0.456116,0.956917,-0.021471,0.725125,15.369441,6583.500,1,0.391115,0.000000,0.208508,0.391792
tracking_cdrone3_20260822_111710_460_milestone4,milestone4,1787422682.358633757,raw,5,5,0,detected,6.102617,-4.683413,0.790974,11.804395,-0.373254,0.048944,0.650391,18.378815,5420.000,0,0.000000,0.000000,0.000000,0.000000
tracking_cdrone3_20260822_111710_460_milestone4,milestone4,1787422682.399634838,target_map,4,5,0,detected,6.262603,-4.673279,0.791272,4.603016,0.291556,0.008572,0.644739,18.378815,5420.000,0,0.034757,0.000000,0.162165,0.358689
tracking_cdrone3_20260822_111710_460_milestone4,milestone4,1787422682.499896526,target_map,4,5,0,detected,6.724044,-4.644051,0.792131,4.603016,0.291556,0.008572,0.628439,18.378815,5420.000,0,0.135004,0.000000,0.197251,0.383751
tracking_cdrone3_20260822_111710_460_milestone4,milestone4,1787422682.599986076,raw,5,5,0,detected,6.643132,-4.375209,0.798234,2.239142,1.276766,0.030075,0.650391,18.838945,5420.000,0,0.000000,0.000000,0.000000,0.000000
tracking_cdrone3_20260822_111710_460_milestone4,milestone4,1787422682.601075411,target_map,4,5,0,detected,7.189847,-4.614547,0.792999,4.603016,0.291556,0.008572,0.611985,18.378815,5420.000,0,0.236199,0.000000,0.232670,0.409050
tracking_cdrone3_20260822_111710_460_milestone4,milestone4,1787422682.700173616,target_map,4,5,0,detected,6.958516,-4.295628,0.800182,3.302885,0.833421,0.020399,0.634865,18.838945,5420.000,0,0.095487,0.000000,0.183421,0.373872
tracking_cdrone3_20260822_111710_460_milestone4,milestone4,1787422682.800060749,target_map,4,5,0,detected,7.288392,-4.212390,0.802219,3.302885,0.833421,0.020399,0.618625,18.838945,5420.000,0,0.195362,0.000000,0.218377,0.398841
tracking_cdrone3_20260822_111710_460_milestone4,milestone4,1787422682.837474823,raw,5,5,0,detected,6.521811,-3.917289,0.730451,-0.510806,1.928016,-0.285390,0.650391,18.627041,5420.000,1,0.000000,0.000000,0.000000,0.000000
tracking_cdrone3_20260822_111710_460_milestone4,milestone4,1787422682.900074720,target_map,4,5,0,detected,6.593488,-3.831929,0.721663,1.205355,1.435448,-0.147785,0.640722,18.627041,5420.000,1,0.059465,0.000000,0.170813,0.364866
tracking_cdrone3_20260822_111710_460_milestone4,milestone4,1787422682.999752522,target_map,4,5,0,detected,6.713630,-3.688854,0.706933,1.205355,1.435448,-0.147785,0.624515,18.627041,5420.000,1,0.159138,0.000000,0.205698,0.389785
tracking_cdrone3_20260822_111710_460_milestone4,milestone4,1787422683.070148468,raw,5,5,0,detected,7.276942,-2.023911,0.730195,3.245860,8.138506,-0.001102,0.781738,19.122011,4799.250,0,0.000000,0.000000,0.000000,0.000000
tracking_cdrone3_20260822_111710_460_milestone4,milestone4,1787422683.099979162,target_map,4,5,0,detected,7.329037,-1.910415,0.728587,2.172397,4.732899,-0.067057,0.777052,19.122011,4799.250,0,0.023980,0.000000,0.158393,0.355995
tracking_cdrone3_20260822_111710_460_milestone4,milestone4,1787422683.199810743,target_map,4,5,0,detected,7.545911,-1.437921,0.721892,2.172397,4.732899,-0.067057,0.757541,19.122011,4799.250,0,0.123812,0.000000,0.193334,0.380953
tracking_cdrone3_20260822_111710_460_milestone4,milestone4,1787422683.299951792,target_map,4,5,0,detected,7.763450,-0.963980,0.715177,2.172397,4.732899,-0.067057,0.737971,19.122011,4799.250,0,0.223950,0.000000,0.228382,0.405987
tracking_cdrone3_20260822_111710_460_milestone4,milestone4,1787422683.303952932,raw,5,5,0,detected,7.594549,-1.647450,0.795332,1.358617,1.610381,0.278637,0.718750,19.414177,4462.500,0,0.000000,0.000000,0.000000,0.000000
tracking_cdrone3_20260822_111710_460_milestone4,milestone4,1787422683.399919510,target_map,4,5,0,detected,7.756005,-1.365174,0.806853,1.724818,3.015514,0.123075,0.701930,19.414177,4462.500,0,0.093608,0.000000,0.182763,0.373402
tracking_cdrone3_20260822_111710_460_milestone4,milestone4,1787422683.500014305,target_map,4,5,0,detected,7.928634,-1.063366,0.819171,1.724818,3.015514,0.123075,0.683946,19.414177,4462.500,0,0.193693,0.000000,0.217793,0.398423
tracking_cdrone3_20260822_111710_460_milestone4,milestone4,1787422683.541016817,raw,5,5,0,detected,-11.750107,-0.456425,0.094740,-81.594292,5.023654,-2.955045,0.770508,0.019897,3795.000,1,0.000000,0.000000,0.000000,0.000000
tracking_cdrone3_20260822_111710_460_milestone4,milestone4,1787422683.599706888,target_map,4,5,0,detected,-11.947018,-0.367733,0.089095,-3.612649,1.627195,-0.103563,0.760009,0.019897,3795.000,1,0.054506,0.000000,0.169077,0.363626
tracking_cdrone3_20260822_111710_460_milestone4,milestone4,1787422683.699931860,target_map,4,5,0,detected,-12.309060,-0.204663,0.078716,-3.612649,1.627195,-0.103563,0.740704,0.019897,3795.000,1,0.154721,0.000000,0.204152,0.388680
tracking_cdrone3_20260822_111710_460_milestone4,milestone4,1787422683.773467779,raw,5,5,1,held,-12.000245,-0.441936,0.085568,-1.076115,0.062332,-0.039457,0.770508,0.230107,3795.000,1,0.232446,0.232446,0.000000,0.000000
tracking_cdrone3_20260822_111710_460_milestone4,milestone4,1787422683.799875736,target_map,4,5,1,held,-12.030725,-0.431400,0.084629,-2.217555,0.766520,-0.068305,0.723085,0.230107,3795.000,1,0.246191,0.000000,0.154811,0.353436
tracking_cdrone3_20260822_111710_460_milestone4,milestone4,1787422683.899926424,target_map,4,5,1,held,-12.252575,-0.354715,0.077796,-2.217555,0.766520,-0.068305,0.703814,0.230107,3795.000,1,0.346234,0.000000,0.189826,0.378447
tracking_cdrone3_20260822_111710_460_milestone4,milestone4,1787422684.000225067,target_map,4,5,1,held,-12.474984,-0.277837,0.070945,-2.217555,0.766520,-0.068305,0.684494,0.230107,3795.000,1,0.446529,0.000000,0.224929,0.403521
tracking_cdrone3_20260822_111710_460_milestone4,milestone4,1787422684.017888069,raw,5,5,0,detected,-11.750317,-0.455986,0.094818,1.022551,-0.057482,0.037843,0.770508,0.020077,3795.000,0,0.000000,0.000000,0.000000,0.000000
tracking_cdrone3_20260822_111710_460_milestone4,milestone4,1787422684.100073099,target_map,4,5,0,detected,-11.782320,-0.432960,0.094089,-0.435497,0.313319,-0.009923,0.756352,0.020077,3795.000,0,0.073488,0.000000,0.175721,0.368372
tracking_cdrone3_20260822_111710_460_milestone4,milestone4,1787422684.200050831,target_map,4,5,0,detected,-11.825860,-0.401636,0.093096,-0.435497,0.313319,-0.009923,0.737094,0.020077,3795.000,0,0.173464,0.000000,0.210712,0.393366
tracking_cdrone3_20260822_111710_460_milestone4,milestone4,1787422684.229240417,raw,5,5,0,detected,-11.750728,-0.455844,0.094726,-0.001949,0.000668,-0.000434,0.770508,0.019887,3795.000,0,0.000000,0.000000,0.000000,0.000000
tracking_cdrone3_20260822_111710_460_milestone4,milestone4,1787422684.299970150,target_map,4,5,0,detected,-11.763992,-0.446328,0.094409,-0.197045,0.141361,-0.004704,0.757541,0.019887,3795.000,0,0.067317,0.000000,0.173561,0.366829
tracking_cdrone3_20260822_111710_460_milestone4,milestone4,1787422684.399752378,target_map,4,5,0,detected,-11.783655,-0.432222,0.093940,-0.197045,0.141361,-0.004704,0.738319,0.019887,3795.000,0,0.167106,0.000000,0.208487,0.391777
tracking_cdrone3_20260822_111710_460_milestone4,milestone4,1787422684.462096453,raw,5,5,0,detected,-11.750891,-0.455696,0.094458,-0.000699,0.000636,-0.001153,0.770508,0.019553,3795.000,0,0.000000,0.000000,0.000000,0.000000
tracking_cdrone3_20260822_111710_460_milestone4,milestone4,1787422684.499957800,target_map,4,5,0,detected,-11.753850,-0.453571,0.094366,-0.089055,0.063962,-0.002751,0.764106,0.019553,3795.000,0,0.033232,0.000000,0.161631,0.358308
tracking_cdrone3_20260822_111710_460_milestone4,milestone4,1787422684.599673510,target_map,4,5,0,detected,-11.762731,-0.447192,0.094092,-0.089055,0.063962,-0.002751,0.744897,0.019553,3795.000,0,0.132955,0.000000,0.196534,0.383239
tracking_cdrone3_20260822_111710_460_milestone4,milestone4,1787422684.690323830,raw,5,5,0,detected,-4.275389,-0.276385,0.326913,32.759892,0.785797,1.018690,0.510742,7.501157,3831.500,0,0.000000,0.000000,0.000000,0.000000
tracking_cdrone3_20260822_111710_460_milestone4,milestone4,1787422684.700122595,target_map,4,5,0,detected,-4.247226,-0.275517,0.327789,4.356536,0.134243,0.135477,0.509917,7.501157,3831.500,0,0.006464,0.000000,0.152263,0.351616
tracking_cdrone3_20260822_111710_460_milestone4,milestone4,1787422684.800069571,target_map,4,5,0,detected,-3.812000,-0.262106,0.341323,4.356536,0.134243,0.135477,0.497161,7.501157,3831.500,0,0.106366,0.000000,0.187228,0.376592
tracking_cdrone3_20260822_111710_460_milestone4,milestone4,1787422684.900271654,target_map,4,5,0,detected,-3.375280,-0.248649,0.354904,4.356536,0.134243,0.135477,0.484361,7.501157,3831.500,0,0.206611,0.000000,0.222314,0.401653
tracking_cdrone3_20260822_111710_460_milestone4,milestone4,1787422684.926061630,raw,5,5,0,detected,4.896247,-0.008691,0.666221,38.901489,1.135423,1.439176,0.502930,16.682709,2944.000,0,0.000000,0.000000,0.000000,0.000000
tracking_cdrone3_20260822_111710_460_milestone4,milestone4,1787422685.000282288,target_map,4,5,0,detected,5.348354,0.004732,0.682125,6.355564,0.188690,0.223564,0.493986,16.682709,2944.000,0,0.071136,0.000000,0.174897,0.367784
tracking_cdrone3_20260822_111710_460_milestone4,milestone4,1787422685.100070477,target_map,4,5,0,detected,5.982400,0.023556,0.704428,6.355564,0.188690,0.223564,0.481442,16.682709,2944.000,0,0.170898,0.000000,0.209814,0.392724
tracking_cdrone3_20260822_111710_460_milestone4,milestone4,1787422685.145366907,raw,5,5,0,detected,6.249959,0.269870,0.660545,6.172272,1.270102,-0.025883,0.502930,18.044146,2944.000,0,0.000000,0.000000,0.000000,0.000000
tracking_cdrone3_20260822_111710_460_milestone4,milestone4,1787422685.199929714,target_map,4,5,0,detected,6.567321,0.309622,0.664927,6.254754,0.783467,0.086368,0.496550,18.044146,2944.000,0,0.050739,0.000000,0.167759,0.362685
tracking_cdrone3_20260822_111710_460_milestone4,milestone4,1787422685.299907446,target_map,4,5,0,detected,7.192642,0.387950,0.673562,6.254754,0.783467,0.086368,0.483980,18.044146,2944.000,0,0.150715,0.000000,0.202750,0.387679
tracking_cdrone3_20260822_111710_460_milestone4,milestone4,1787422685.374324560,raw,5,5,0,detected,6.895016,0.374323,0.643937,2.817696,0.456265,-0.072545,0.502930,18.692238,2944.000,0,0.000000,0.000000,0.000000,0.000000
tracking_cdrone3_20260822_111710_460_milestone4,milestone4,1787422685.400670290,target_map,4,5,0,detected,6.986084,0.386916,0.643915,4.364372,0.603506,-0.001034,0.500306,18.692238,2944.000,0,0.020866,0.000000,0.157303,0.355217
tracking_cdrone3_20260822_111710_460_milestone4,milestone4,1787422685.499955893,target_map,4,5,0,detected,7.419431,0.446839,0.643813,4.364372,0.603506,-0.001034,0.487822,18.692238,2944.000,0,0.120158,0.000000,0.192055,0.380040
tracking_cdrone3_20260822_111710_460_milestone4,milestone4,1787422685.600350618,target_map,4,5,0,detected,7.857493,0.507414,0.643709,4.364372,0.603506,-0.001034,0.475202,18.692238,2944.000,0,0.220531,0.000000,0.227186,0.405133
tracking_cdrone3_20260822_111710_460_milestone4,milestone4,1787422685.700579882,target_map,4,5,2,predicted,8.295036,0.567918,0.643605,4.364372,0.603506,-0.001034,0.462597,18.692238,2944.000,0,0.320784,0.320784,0.262274,0.430196
tracking_cdrone3_20260822_111710_460_milestone4,milestone4,1787422685.800771713,target_map,4,5,2,predicted,8.732285,0.628381,0.643502,4.364372,0.603506,-0.001034,0.450000,18.692238,2944.000,0,0.420970,0.420970,0.297339,0.455242
tracking_cdrone3_20260822_111710_460_milestone4,milestone4,1787422685.901009083,target_map,4,5,2,predicted,9.169813,0.688882,0.643398,4.364372,0.603506,-0.001034,0.437395,18.692238,2944.000,0,0.521220,0.521220,0.332427,0.480305
tracking_cdrone3_20260822_111710_460_milestone4,milestone4,1787422686.000145912,target_map,4,5,2,predicted,9.602234,0.748677,0.643296,4.364372,0.603506,-0.001034,0.424938,18.692238,2944.000,0,0.620300,0.620300,0.367105,0.505075
tracking_cdrone3_20260822_111710_460_milestone4,milestone4,1787422686.100208044,target_map,4,5,2,predicted,10.038949,0.809066,0.643192,4.364372,0.603506,-0.001034,0.412357,18.692238,2944.000,0,0.720363,0.720363,0.402127,0.530091
tracking_cdrone3_20260822_111710_460_milestone4,milestone4,1787422686.199629307,target_map,4,5,2,predicted,10.473084,0.869099,0.643090,4.364372,0.603506,-0.001034,0.399850,18.692238,2944.000,0,0.819836,0.819836,0.436943,0.554959
tracking_cdrone3_20260822_111710_460_milestone4,milestone4,1787422686.299628019,target_map,4,5,2,predicted,10.909525,0.929450,0.642986,4.364372,0.603506,-0.001034,0.387276,18.692238,2944.000,0,0.919837,0.919837,0.471943,0.579959
tracking_cdrone3_20260822_111710_460_milestone4,milestone4,1787422686.335755348,raw,7,7,0,detected,7.050725,-0.872056,0.414039,0.000000,0.000000,0.000000,0.860352,18.828831,5359.250,0,0.000000,0.000000,0.000000,0.000000
tracking_cdrone3_20260822_111710_460_milestone4,milestone4,1787422686.401987791,target_map,4,5,2,predicted,11.356222,0.991219,0.642880,4.364372,0.603506,-0.001034,0.374408,18.692238,2944.000,0,1.022187,1.022187,0.507766,0.605547
tracking_cdrone3_20260822_111710_460_milestone4,milestone4,1787422686.401987791,target_map,5,7,0,detected,7.050725,-0.872056,0.414039,0.000000,0.000000,0.000000,0.846774,18.828831,5359.250,0,0.063126,0.000000,0.172094,0.365782
tracking_cdrone3_20260822_111710_460_milestone4,milestone4,1787422686.500626326,target_map,4,5,2,predicted,11.786729,1.050749,0.642778,4.364372,0.603506,-0.001034,0.362005,18.692238,2944.000,0,1.120829,1.120829,0.542290,0.630207
tracking_cdrone3_20260822_111710_460_milestone4,milestone4,1787422686.500626326,target_map,5,7,0,detected,7.050725,-0.872056,0.414039,0.000000,0.000000,0.000000,0.825557,18.828831,5359.250,0,0.161767,0.000000,0.206619,0.390442
tracking_cdrone3_20260822_111710_460_milestone4,milestone4,1787422686.575664997,raw,7,7,0,detected,-2.139400,-0.730913,0.037726,-38.307106,0.588326,-1.568579,0.852539,9.635269,5022.500,1,0.000000,0.000000,0.000000,0.000000
tracking_cdrone3_20260822_111710_460_milestone4,milestone4,1787422686.599610090,target_map,4,5,2,predicted,12.218759,1.110491,0.642676,4.364372,0.603506,-0.001034,0.349559,18.692238,2944.000,0,1.219819,1.219819,0.576937,0.654955
tracking_cdrone3_20260822_111710_460_milestone4,milestone4,1787422686.599610090,target_map,5,7,0,detected,-2.223405,-0.729623,0.034286,-4.395798,0.067511,-0.179997,0.848466,9.635269,5022.500,1,0.019110,0.000000,0.156689,0.354778
tracking_cdrone3_20260822_111710_460_milestone4,milestone4,1787422686.700303316,target_map,4,5,2,predicted,12.658168,1.171252,0.642572,4.364372,0.603506,-0.001034,0.336900,18.692238,2944.000,0,1.320500,1.320500,0.612175,0.680125
tracking_cdrone3_20260822_111710_460_milestone4,milestone4,1787422686.700303316,target_map,5,7,0,detected,-2.665979,-0.722826,0.016164,-4.395798,0.067511,-0.179997,0.827007,9.635269,5022.500,1,0.119791,0.000000,0.191927,0.379948
tracking_cdrone3_20260822_111710_460_milestone4,milestone4,1787422686.799871206,target_map,4,5,2,predicted,13.092707,1.231340,0.642469,4.364372,0.603506,-0.001034,0.324381,18.692238,2944.000,0,1.420065,1.420065,0.647023,0.705016
tracking_cdrone3_20260822_111710_460_milestone4,milestone4,1787422686.799871206,target_map,5,7,0,detected,-3.103647,-0.716104,-0.001757,-4.395798,0.067511,-0.179997,0.805787,9.635269,5022.500,1,0.219356,0.000000,0.226775,0.404839
tracking_cdrone3_20260822_111710_460_milestone4,milestone4,1787422686.816584587,raw,7,7,0,detected,-8.392886,-0.572346,0.029558,-25.957121,0.658186,-0.033907,0.856934,3.380488,5120.500,1,0.000000,0.000000,0.000000,0.000000
tracking_cdrone3_20260822_111710_460_milestone4,milestone4,1787422686.900018930,target_map,4,5,2,predicted,13.529769,1.291777,0.642366,4.364372,0.603506,-0.001034,0.311790,18.692238,2944.000,0,1.520208,1.520208,0.682073,0.730052
tracking_cdrone3_20260822_111710_460_milestone4,milestone4,1787422686.900018930,target_map,5,7,0,detected,-8.902442,-0.561006,0.022626,-6.376692,0.141913,-0.086744,0.839814,3.380488,5120.500,1,0.079909,0.000000,0.177968,0.369977
tracking_cdrone3_20260822_111710_460_milestone4,milestone4,1787422686.999974728,target_map,4,5,2,predicted,13.966063,1.352108,0.642262,4.364372,0.603506,-0.001034,0.299221,18.692238,2944.000,0,1.620175,1.620175,0.717061,0.755044
tracking_cdrone3_20260822_111710_460_milestone4,milestone4,1787422686.999974728,target_map,5,7,0,detected,-9.539902,-0.546819,0.013954,-6.376692,0.141913,-0.086744,0.818398,3.380488,5120.500,1,0.179876,0.000000,0.212957,0.394969
tracking_cdrone3_20260822_111710_460_milestone4,milestone4,1787422687.052926779,raw,7,7,0,detected,-8.421901,-0.578758,0.015894,-0.122764,-0.027133,-0.057812,0.855957,3.351926,5175.000,1,0.000000,0.000000,0.000000,0.000000
tracking_cdrone3_20260822_111710_460_milestone4,milestone4,1787422687.101618528,target_map,4,5,2,predicted,14.409685,1.413452,0.642157,4.364372,0.603506,-0.001034,0.286441,18.692238,2944.000,0,1.721822,1.721822,0.752638,0.780455
tracking_cdrone3_20260822_111710_460_milestone4,milestone4,1787422687.101618528,target_map,5,7,0,detected,-8.556493,-0.576516,0.012648,-2.937031,0.048938,-0.070832,0.846151,3.351926,5175.000,1,0.045826,0.000000,0.166039,0.361456
tracking_cdrone3_20260822_111710_460_milestone4,milestone4,1787422687.199963808,target_map,4,5,2,predicted,14.838832,1.472795,0.642055,4.364372,0.603506,-0.001034,0.274078,18.692238,2944.000,0,1.820151,1.820151,0.787053,0.805038
tracking_cdrone3_20260822_111710_460_milestone4,milestone4,1787422687.199963808,target_map,5,7,0,detected,-8.845290,-0.571704,0.005683,-2.937031,0.048938,-0.070832,0.825109,3.351926,5175.000,1,0.144156,0.000000,0.200454,0.386039
tracking_cdrone3_20260822_111710_460_milestone4,milestone4,1787422687.277993202,raw,7,7,0,detected,-8.455742,-0.580514,-0.003974,-0.150370,-0.007798,-0.088279,0.853516,3.318654,5222.250,1,0.000000,0.000000,0.000000,0.000000
tracking_cdrone3_20260822_111710_460_milestone4,milestone4,1787422687.299991131,target_map,4,5,2,predicted,15.275421,1.533166,0.641952,4.364372,0.603506,-0.001034,0.261500,18.692238,2944.000,0,1.920186,1.920186,0.822065,0.830047
tracking_cdrone3_20260822_111710_460_milestone4,milestone4,1787422687.299991131,target_map,5,7,0,detected,-8.481959,-0.580182,-0.005475,-1.404368,0.017733,-0.080428,0.849532,3.318654,5222.250,1,0.018669,0.000000,0.156534,0.354667
tracking_cdrone3_20260822_111710_460_milestone4,milestone4,1787422687.399627924,target_map,4,5,2,predicted,15.710327,1.593305,0.641849,4.364372,0.603506,-0.001034,0.248971,18.692238,2944.000,0,2.019835,2.019835,0.856942,0.854959
tracking_cdrone3_20260822_111710_460_milestone4,milestone4,1787422687.399627924,target_map,5,7,0,detected,-8.621903,-0.578415,-0.013490,-1.404368,0.017733,-0.080428,0.828269,3.318654,5222.250,1,0.118318,0.000000,0.191411,0.379579
tracking_cdrone3_20260822_111710_460_milestone4,milestone4,1787422687.499648809,target_map,4,5,2,predicted,16.146826,1.653664,0.641746,4.364372,0.603506,-0.001034,0.236396,18.692238,2944.000,0,2.119849,2.119849,0.891947,0.879962
tracking_cdrone3_20260822_111710_460_milestone4,milestone4,1787422687.499648809,target_map,5,7,0,detected,-8.762360,-0.576642,-0.021533,-1.404368,0.017733,-0.080428,0.806928,3.318654,5222.250,1,0.218332,0.000000,0.226416,0.404583
tracking_cdrone3_20260822_111710_460_milestone4,milestone4,1787422687.513406754,raw,7,7,0,detected,-8.473621,-0.576528,-0.010034,-0.075940,0.016927,-0.025742,0.855957,3.300949,5275.000,1,0.000000,0.000000,0.000000,0.000000
tracking_cdrone3_20260822_111710_460_milestone4,milestone4,1787422687.600446701,target_map,4,5,2,predicted,16.586748,1.714497,0.641641,4.364372,0.603506,-0.001034,0.223722,18.692238,2944.000,0,2.220648,2.220648,0.927227,0.905162
tracking_cdrone3_20260822_111710_460_milestone4,milestone4,1787422687.600446701,target_map,5,7,0,detected,-8.527944,-0.575134,-0.014094,-0.673732,0.017290,-0.050350,0.838703,3.300949,5275.000,1,0.080629,0.000000,0.178220,0.370157
tracking_cdrone3_20260822_111710_460_milestone4,milestone4,1787422687.700060606,target_map,4,5,2,predicted,17.021402,1.774601,0.641539,4.364372,0.603506,-0.001034,0.211200,18.692238,2944.000,0,2.320239,2.320239,0.962084,0.930060
tracking_cdrone3_20260822_111710_460_milestone4,milestone4,1787422687.700060606,target_map,5,7,0,detected,-8.595041,-0.573412,-0.019108,-0.673732,0.017290,-0.050350,0.817392,3.300949,5275.000,1,0.180220,0.000000,0.213077,0.395055
tracking_cdrone3_20260822_111710_460_milestone4,milestone4,1787422687.752088308,raw,7,7,0,detected,-8.466955,-0.580012,0.002066,0.027928,-0.014596,0.050696,0.839844,3.307225,5088.000,0,0.000000,0.000000,0.000000,0.000000
tracking_cdrone3_20260822_111710_460_milestone4,milestone4,1787422687.802102566,target_map,4,5,2,predicted,17.464561,1.835881,0.641434,4.364372,0.603506,-0.001034,0.198434,18.692238,2944.000,0,2.421779,2.421779,0.997623,0.955445
tracking_cdrone3_20260822_111710_460_milestone4,milestone4,1787422687.802102566,target_map,5,7,0,detected,-8.479819,-0.580023,0.002300,-0.287819,-0.000247,0.005225,0.830460,3.307225,5088.000,0,0.044693,0.000000,0.165643,0.361173
tracking_cdrone3_20260822_111710_460_milestone4,milestone4,1787422687.899700403,target_map,4,5,2,predicted,17.892801,1.895098,0.641332,4.364372,0.603506,-0.001034,0.186096,18.692238,2944.000,0,2.519901,2.519901,1.031965,0.979975
tracking_cdrone3_20260822_111710_460_milestone4,milestone4,1787422687.899700403,target_map,5,7,0,detected,-8.508060,-0.580047,0.002812,-0.287819,-0.000247,0.005225,0.809858,3.307225,5088.000,0,0.142815,0.000000,0.199985,0.385704
tracking_cdrone3_20260822_111710_460_milestone4,milestone4,1787422687.975108862,raw,7,7,0,detected,-8.458283,-0.577258,0.006070,0.038882,0.012349,0.017954,0.852539,3.315768,5200.000,0,0.000000,0.000000,0.000000,0.000000
tracking_cdrone3_20260822_111710_460_milestone4,milestone4,1787422688.000164270,target_map,4,5,2,predicted,18.331249,1.955727,0.641228,4.364372,0.603506,-0.001034,0.173465,18.692238,2944.000,0,2.620362,2.620362,1.067127,1.005090
tracking_cdrone3_20260822_111710_460_milestone4,milestone4,1787422688.000164270,target_map,5,7,0,detected,-8.460658,-0.577111,0.006339,-0.108133,0.006681,0.012226,0.847859,3.315768,5200.000,0,0.021958,0.000000,0.157685,0.355489
tracking_cdrone3_20260822_111710_460_milestone4,milestone4,1787422688.100111723,target_map,4,5,2,predicted,18.767467,2.016047,0.641125,4.364372,0.603506,-0.001034,0.160898,18.692238,2944.000,0,2.720312,2.720312,1.102109,1.030078
tracking_cdrone3_20260822_111710_460_milestone4,milestone4,1787422688.100111723,target_map,5,7,0,detected,-8.471466,-0.576443,0.007561,-0.108133,0.006681,0.012226,0.826556,3.315768,5200.000,0,0.121907,0.000000,0.192668,0.380477
tracking_cdrone3_20260822_111710_460_milestone4,milestone4,1787422688.200105190,target_map,4,5,2,predicted,19.203857,2.076391,0.641022,4.364372,0.603506,-0.001034,0.148326,18.692238,2944.000,0,2.820301,2.820301,1.137105,1.055075
tracking_cdrone3_20260822_111710_460_milestone4,milestone4,1787422688.200105190,target_map,5,7,0,detected,-8.482278,-0.575775,0.008783,-0.108133,0.006681,0.012226,0.805245,3.315768,5200.000,0,0.221896,0.000000,0.227664,0.405474
tracking_cdrone3_20260822_111710_460_milestone4,milestone4,1787422688.212006330,raw,7,7,0,detected,-8.449408,-0.574565,0.008289,0.037469,0.011369,0.009367,0.847656,3.324634,5200.000,0,0.000000,0.000000,0.000000,0.000000
tracking_cdrone3_20260822_111710_460_milestone4,milestone4,1787422688.300145388,target_map,4,5,2,predicted,19.640480,2.136767,0.640918,4.364372,0.603506,-0.001034,0.135748,18.692238,2944.000,0,2.920344,2.920344,1.172120,1.080086
tracking_cdrone3_20260822_111710_460_milestone4,milestone4,1787422688.300145388,target_map,5,7,0,detected,-8.451627,-0.573832,0.009132,-0.028052,0.009259,0.010654,0.830894,3.324634,5200.000,0,0.079099,0.000000,0.177685,0.369775
tracking_cdrone3_20260822_111710_460_milestone4,milestone4,1787422688.400084972,target_map,4,5,2,predicted,20.076624,2.197077,0.640815,4.364372,0.603506,-0.001034,0.123183,18.692238,2944.000,0,3.020276,3.020276,1.207097,1.105069
tracking_cdrone3_20260822_111710_460_milestone4,milestone4,1787422688.400084972,target_map,5,7,0,detected,-8.454430,-0.572907,0.010196,-0.028052,0.009259,0.010654,0.809717,3.324634,5200.000,0,0.179032,0.000000,0.212661,0.394758
tracking_cdrone3_20260822_111710_460_milestone4,milestone4,1787422688.426042318,raw,7,7,0,detected,-8.444328,-0.583194,0.014355,0.023731,-0.040314,0.028340,0.858887,3.329870,5425.000,0,0.000000,0.000000,0.000000,0.000000
tracking_cdrone3_20260822_111710_460_milestone4,milestone4,1787422688.499940872,target_map,4,5,2,predicted,20.512440,2.257342,0.640712,4.364372,0.603506,-0.001034,0.110628,18.692238,2944.000,0,3.120134,3.120134,1.242047,1.130033
tracking_cdrone3_20260822_111710_460_milestone4,milestone4,1787422688.499940872,target_map,5,7,0,detected,-8.444301,-0.584367,0.015684,0.000429,-0.018006,0.020381,0.844893,3.329870,5425.000,0,0.065172,0.000000,0.172810,0.366293
tracking_cdrone3_20260822_111710_460_milestone4,milestone4,1787422688.600083590,target_map,4,5,2,predicted,20.949490,2.317777,0.640608,4.364372,0.603506,-0.001034,0.098037,18.692238,2944.000,0,3.220274,3.220274,1.277096,1.155069
tracking_cdrone3_20260822_111710_460_milestone4,milestone4,1787422688.600083590,target_map,5,7,0,detected,-8.444258,-0.586170,0.017725,0.000429,-0.018006,0.020381,0.823391,3.329870,5425.000,0,0.165313,0.000000,0.207859,0.391328
tracking_cdrone3_20260822_111710_460_milestone4,milestone4,1787422688.672710657,raw,7,7,0,detected,-8.436919,-0.576133,0.014918,0.030035,0.028625,0.002282,0.852051,3.337198,5544.000,0,0.000000,0.000000,0.000000,0.000000
tracking_cdrone3_20260822_111710_460_milestone4,milestone4,1787422688.701836348,target_map,4,5,2,predicted,21.393625,2.379192,0.640503,4.364372,0.603506,-0.001034,0.085242,18.692238,2944.000,0,3.322038,3.322038,1.312713,1.180510
tracking_cdrone3_20260822_111710_460_milestone4,milestone4,1787422688.701836348,target_map,5,7,0,detected,-8.436581,-0.575978,0.015129,0.016712,0.007641,0.010427,0.847733,3.337198,5544.000,0,0.020268,0.000000,0.157094,0.355067
tracking_cdrone3_20260822_111710_460_milestone4,milestone4,1787422688.799922943,target_map,4,5,2,predicted,21.821697,2.438386,0.640402,4.364372,0.603506,-0.001034,0.072910,18.692238,2944.000,0,3.420121,3.420121,1.347043,1.205030
tracking_cdrone3_20260822_111710_460_milestone4,milestone4,1787422688.799922943,target_map,5,7,0,detected,-8.434941,-0.575228,0.016152,0.016712,0.007641,0.010427,0.826841,3.337198,5544.000,0,0.118351,0.000000,0.191423,0.379588
tracking_cdrone3_20260822_111710_460_milestone4,milestone4,1787422688.901149511,target_map,4,5,2,predicted,22.263485,2.499477,0.640297,4.364372,0.603506,-0.001034,0.060182,18.692238,2944.000,0,3.521348,3.521348,1.382472,1.230337
tracking_cdrone3_20260822_111710_460_milestone4,milestone4,1787422688.901149511,target_map,5,7,0,detected,-8.433249,-0.574455,0.017208,0.016712,0.007641,0.010427,0.805278,3.337198,5544.000,0,0.219577,0.000000,0.226852,0.404894
tracking_cdrone3_20260822_111710_460_milestone4,milestone4,1787422688.944321156,raw,7,7,0,detected,-8.432285,-0.573312,0.023696,0.017063,0.010387,0.032320,0.849609,3.341493,5555.000,0,0.000000,0.000000,0.000000,0.000000
tracking_cdrone3_20260822_111710_460_milestone4,milestone4,1787422689.000006437,target_map,4,5,2,predicted,22.694923,2.559136,0.640195,4.364372,0.603506,-0.001034,0.047753,18.692238,2944.000,0,3.620202,3.620202,1.417071,1.255051
tracking_cdrone3_20260822_111710_460_milestone4,milestone4,1787422689.000006437,target_map,5,7,0,detected,-8.431397,-0.572831,0.024876,0.016905,0.009151,0.022468,0.838454,3.341493,5555.000,0,0.052520,0.000000,0.168382,0.363130
tracking_cdrone3_20260822_111710_460_milestone4,milestone4,1787422689.100448608,target_map,4,5,2,predicted,23.133282,2.619752,0.640091,4.364372,0.603506,-0.001034,0.035124,18.692238,2944.000,0,3.720642,3.720642,1.452225,1.280161
tracking_cdrone3_20260822_111710_460_milestone4,milestone4,1787422689.100448608,target_map,5,7,0,detected,-8.429700,-0.571912,0.027133,0.016905,0.009151,0.022468,0.817120,3.341493,5555.000,0,0.152960,0.000000,0.203536,0.388240
tracking_cdrone3_20260822_111710_460_milestone4,milestone4,1787422689.174405575,raw,7,7,0,detected,-8.431939,-0.574868,0.022320,0.001505,-0.006762,-0.005979,0.851074,3.341805,5584.500,0,0.000000,0.000000,0.000000,0.000000
tracking_cdrone3_20260822_111710_460_milestone4,milestone4,1787422689.199946880,target_map,4,5,2,predicted,23.567553,2.679803,0.639988,4.364372,0.603506,-0.001034,0.022613,18.692238,2944.000,0,3.820146,3.820146,1.487051,1.305036
tracking_cdrone3_20260822_111710_460_milestone4,milestone4,1787422689.199946880,target_map,5,7,0,detected,-8.431761,-0.574859,0.022465,0.008435,0.000399,0.006822,0.846578,3.341805,5584.500,0,0.021130,0.000000,0.157396,0.355283
tracking_cdrone3_20260822_111710_460_milestone4,milestone4,1787422689.299597502,target_map,4,5,2,predicted,24.002502,2.739948,0.639885,4.364372,0.603506,-0.001034,0.010083,18.692238,2944.000,0,3.919805,3.919805,1.521932,1.329951
tracking_cdrone3_20260822_111710_460_milestone4,milestone4,1787422689.299597502,target_map,5,7,0,detected,-8.430921,-0.574820,0.023145,0.008435,0.000399,0.006822,0.825374,3.341805,5584.500,0,0.120790,0.000000,0.192276,0.380197
tracking_cdrone3_20260822_111710_460_milestone4,milestone4,1787422689.400132895,target_map,4,5,2,predicted,24.441217,2.800614,0.639781,4.364372,0.603506,-0.001034,0.000000,18.692238,2944.000,0,4.020327,4.020327,1.557114,1.355082
tracking_cdrone3_20260822_111710_460_milestone4,milestone4,1787422689.400132895,target_map,5,7,0,detected,-8.430073,-0.574780,0.023830,0.008435,0.000399,0.006822,0.803986,3.341805,5584.500,0,0.221311,0.000000,0.227459,0.405328
tracking_cdrone3_20260822_111710_460_milestone4,milestone4,1787422689.431687593,raw,7,7,0,detected,-8.429968,-0.570331,0.021225,0.007661,0.017633,-0.004260,0.861816,3.343764,5395.500,0,0.000000,0.000000,0.000000,0.000000
tracking_cdrone3_20260822_111710_460_milestone4,milestone4,1787422689.499905348,target_map,4,5,2,predicted,24.876696,2.860832,0.639678,4.364372,0.603506,-0.001034,0.000000,18.692238,2944.000,0,4.120108,4.120108,1.592038,1.380027
tracking_cdrone3_20260822_111710_460_milestone4,milestone4,1787422689.499905348,target_map,5,7,0,detected,-8.429456,-0.569699,0.021271,0.008009,0.009878,0.000727,0.848032,3.343764,5395.500,0,0.063979,0.000000,0.172393,0.365995
tracking_cdrone3_20260822_111710_460_milestone4,milestone4,1787422689.600305557,target_map,4,5,2,predicted,25.314785,2.921411,0.639574,4.364372,0.603506,-0.001034,0.000000,18.692238,2944.000,0,4.220486,4.220486,1.627170,1.405121
tracking_cdrone3_20260822_111710_460_milestone4,milestone4,1787422689.600305557,target_map,5,7,0,detected,-8.428652,-0.568708,0.021344,0.008009,0.009878,0.000727,0.826405,3.343764,5395.500,0,0.164358,0.000000,0.207525,0.391089
tracking_cdrone3_20260822_111710_460_milestone4,milestone4,1787422689.673942089,raw,7,7,0,detected,-8.427426,-0.568030,0.024931,0.010491,0.009499,0.015300,0.834473,3.346137,5267.500,0,0.000000,0.000000,0.000000,0.000000
tracking_cdrone3_20260822_111710_460_milestone4,milestone4,1787422689.703584909,target_map,4,5,2,predicted,25.765627,2.983753,0.639467,4.364372,0.603506,-0.001034,0.000000,18.692238,2944.000,0,4.323786,4.323786,1.663325,1.430947
tracking_cdrone3_20260822_111710_460_milestone4,milestone4,1787422689.703584909,target_map,5,7,0,detected,-8.427175,-0.567770,0.025166,0.009374,0.009669,0.008742,0.828861,3.346137,5267.500,0,0.026897,0.000000,0.159414,0.356724
tracking_cdrone3_20260822_111710_460_milestone4,milestone4,1787422689.799771786,target_map,4,5,2,predicted,26.185438,3.041805,0.639368,4.364372,0.603506,-0.001034,0.000000,18.692238,2944.000,0,4.419977,4.419977,1.696992,1.454994
tracking_cdrone3_20260822_111710_460_milestone4,milestone4,1787422689.799771786,target_map,5,7,0,detected,-8.426272,-0.566840,0.026007,0.009374,0.009669,0.008742,0.808794,3.346137,5267.500,0,0.123088,0.000000,0.193081,0.380772
tracking_cdrone3_20260822_111710_460_milestone4,milestone4,1787422689.899887562,target_map,4,5,2,predicted,26.622335,3.102219,0.639265,4.364372,0.603506,-0.001034,0.000000,18.692238,2944.000,0,4.520082,4.520082,1.732029,1.480021
tracking_cdrone3_20260822_111710_460_milestone4,milestone4,1787422689.899887562,target_map,5,7,0,detected,-8.425334,-0.565872,0.026882,0.009374,0.009669,0.008742,0.787911,3.346137,5267.500,0,0.223193,0.000000,0.228118,0.405798
tracking_cdrone3_20260822_111710_460_milestone4,milestone4,1787422689.907106400,raw,7,7,0,detected,-8.427400,-0.569232,0.024869,0.000113,-0.005155,-0.000266,0.853516,3.346050,5425.000,0,0.000000,0.000000,0.000000,0.000000
tracking_cdrone3_20260822_111710_460_milestone4,milestone4,1787422690.000019312,target_map,4,5,2,predicted,27.059368,3.162652,0.639161,4.364372,0.603506,-0.001034,0.000000,18.692238,2944.000,0,4.620219,4.620219,1.767077,1.505055
tracking_cdrone3_20260822_111710_460_milestone4,milestone4,1787422690.000019312,target_map,5,7,0,detected,-8.427024,-0.569099,0.025202,0.004281,0.001516,0.003788,0.834777,3.346050,5425.000,0,0.087819,0.000000,0.180737,0.371955
tracking_cdrone3_20260822_111710_460_milestone4,milestone4,1787422690.101131439,target_map,4,5,2,predicted,27.500639,3.223671,0.639056,4.364372,0.603506,-0.001034,0.000000,18.692238,2944.000,0,4.721326,4.721326,1.802464,1.530332
tracking_cdrone3_20260822_111710_460_milestone4,milestone4,1787422690.101131439,target_map,5,7,0,detected,-8.426591,-0.568945,0.025585,0.004281,0.001516,0.003788,0.813203,3.346050,5425.000,0,0.188927,0.000000,0.216124,0.397232
tracking_cdrone3_20260822_111710_460_milestone4,milestone4,1787422690.133200645,raw,7,7,0,detected,-8.427341,-0.566564,0.027224,0.000262,0.011799,0.010413,0.873047,3.346121,5267.500,0,0.000000,0.000000,0.000000,0.000000
tracking_cdrone3_20260822_111710_460_milestone4,milestone4,1787422690.200225353,target_map,4,5,2,predicted,27.933115,3.283473,0.638954,4.364372,0.603506,-0.001034,0.000000,18.692238,2944.000,0,4.820418,4.820418,1.837147,1.555105
tracking_cdrone3_20260822_111710_460_milestone4,milestone4,1787422690.200225353,target_map,5,7,0,detected,-8.427212,-0.566119,0.027685,0.002070,0.007172,0.007432,0.859502,3.346121,5267.500,0,0.062058,0.000000,0.171720,0.365515
tracking_cdrone3_20260822_111710_460_milestone4,milestone4,1787422690.300070524,target_map,4,5,2,predicted,28.368839,3.343726,0.638851,4.364372,0.603506,-0.001034,0.000000,18.692238,2944.000,0,4.920256,4.920256,1.872089,1.580064
tracking_cdrone3_20260822_111710_460_milestone4,milestone4,1787422690.300070524,target_map,5,7,0,detected,-8.427006,-0.565403,0.028427,0.002070,0.007172,0.007432,0.837711,3.346121,5267.500,0,0.161895,0.000000,0.206663,0.390474
tracking_cdrone3_20260822_111710_460_milestone4,milestone4,1787422690.383831024,raw,7,7,0,detected,-8.431223,-0.567960,0.024797,-0.015489,-0.005572,-0.009682,0.864258,3.342352,5445.000,0,0.000000,0.000000,0.000000,0.000000
tracking_cdrone3_20260822_111710_460_milestone4,milestone4,1787422690.399819374,target_map,5,7,0,detected,-8.431273,-0.567959,0.024784,-0.007587,0.000163,-0.001981,0.862854,3.342352,5445.000,0,0.006496,0.000000,0.152274,0.351624
tracking_cdrone3_20260822_111710_460_milestone4,milestone4,1787422690.499883413,target_map,5,7,0,detected,-8.432032,-0.567943,0.024586,-0.007587,0.000163,-0.001981,0.841236,3.342352,5445.000,0,0.106551,0.000000,0.187293,0.376638
tracking_cdrone3_20260822_111710_460_milestone4,milestone4,1787422690.600211859,target_map,5,7,0,detected,-8.432793,-0.567927,0.024387,-0.007587,0.000163,-0.001981,0.819565,3.342352,5445.000,0,0.206852,0.000000,0.222398,0.401713
tracking_cdrone3_20260822_111710_460_milestone4,milestone4,1787422690.627077579,raw,7,7,0,detected,-8.431654,-0.567630,0.021437,-0.001772,0.001359,-0.013815,0.851074,3.342088,5504.500,0,0.000000,0.000000,0.000000,0.000000
tracking_cdrone3_20260822_111710_460_milestone4,milestone4,1787422690.699626446,target_map,5,7,0,detected,-8.431955,-0.567573,0.020853,-0.004389,0.000821,-0.008489,0.836445,3.342088,5504.500,0,0.068757,0.000000,0.174065,0.367189
tracking_cdrone3_20260822_111710_460_milestone4,milestone4,1787422690.799939632,target_map,5,7,0,detected,-8.432396,-0.567491,0.020001,-0.004389,0.000821,-0.008489,0.815105,3.342088,5504.500,0,0.169055,0.000000,0.209169,0.392264
tracking_cdrone3_20260822_111710_460_milestone4,milestone4,1787422690.879888535,raw,7,7,0,detected,-8.426807,-0.569483,0.024875,0.019171,-0.007333,0.013602,0.858398,3.346907,5529.750,0,0.000000,0.000000,0.000000,0.000000
tracking_cdrone3_20260822_111710_460_milestone4,milestone4,1787422690.900512218,target_map,5,7,0,detected,-8.426655,-0.569549,0.024940,0.008569,-0.003664,0.003661,0.854579,3.346907,5529.750,0,0.017799,0.000000,0.156230,0.354450
tracking_cdrone3_20260822_111710_460_milestone4,milestone4,1787422690.999923229,target_map,5,7,0,detected,-8.425803,-0.569913,0.025304,0.008569,-0.003664,0.003661,0.833246,3.346907,5529.750,0,0.117206,0.000000,0.191022,0.379301
tracking_cdrone3_20260822_111710_460_milestone4,milestone4,1787422691.102268457,target_map,5,7,0,detected,-8.424926,-0.570288,0.025679,0.008569,-0.003664,0.003661,0.811285,3.346907,5529.750,0,0.219541,0.000000,0.226839,0.404885
tracking_cdrone3_20260822_111710_460_milestone4,milestone4,1787422691.117970228,raw,7,7,0,detected,-8.427721,-0.573708,0.012030,-0.003836,-0.017743,-0.053951,0.866211,3.346497,5346.000,0,0.000000,0.000000,0.000000,0.000000
tracking_cdrone3_20260822_111710_460_milestone4,milestone4,1787422691.199900389,target_map,5,7,0,detected,-8.427583,-0.574613,0.009808,0.001746,-0.011407,-0.028025,0.849035,3.346497,5346.000,0,0.079314,0.000000,0.177760,0.369829
tracking_cdrone3_20260822_111710_460_milestone4,milestone4,1787422691.299830675,target_map,5,7,0,detected,-8.427408,-0.575752,0.007007,0.001746,-0.011407,-0.028025,0.827397,3.346497,5346.000,0,0.179235,0.000000,0.212732,0.394809
tracking_cdrone3_20260822_111710_460_milestone4,milestone4,1787422691.350868225,raw,7,7,0,detected,-8.427958,-0.563482,-0.004009,-0.001017,0.043907,-0.068867,0.473633,3.346350,5395.500,0,0.000000,0.000000,0.000000,0.000000
tracking_cdrone3_20260822_111710_460_milestone4,milestone4,1787422691.402872086,target_map,5,7,0,detected,-8.427947,-0.562571,-0.006427,0.000226,0.019015,-0.050488,0.467962,3.346350,5395.500,0,0.047892,0.000000,0.166762,0.361973
tracking_cdrone3_20260822_111710_460_milestone4,milestone4,1787422691.499841452,target_map,5,7,0,detected,-8.427925,-0.560727,-0.011323,0.000226,0.019015,-0.050488,0.456480,3.346350,5395.500,0,0.144864,0.000000,0.200703,0.386216
tracking_cdrone3_20260822_111710_460_milestone4,milestone4,1787422691.585232973,raw,7,7,0,detected,-8.422529,-0.573364,0.034165,0.023163,-0.042162,0.162873,0.860352,3.351326,5346.000,0,0.000000,0.000000,0.000000,0.000000
tracking_cdrone3_20260822_111710_460_milestone4,milestone4,1787422691.600653172,target_map,5,7,0,detected,-8.422397,-0.573515,0.034855,0.012841,-0.014632,0.066860,0.858129,3.351326,5346.000,0,0.010332,0.000000,0.153616,0.352583
tracking_cdrone3_20260822_111710_460_milestone4,milestone4,1787422691.699636936,target_map,5,7,0,detected,-8.421125,-0.574963,0.041474,0.012841,-0.014632,0.066860,0.836837,3.351326,5346.000,0,0.109324,0.000000,0.188263,0.377331
tracking_cdrone3_20260822_111710_460_milestone4,milestone4,1787422691.793659210,raw,7,7,0,detected,-8.419901,-0.576337,0.029149,0.012608,-0.014268,-0.024065,0.870117,3.353979,5123.000,0,0.000000,0.000000,0.000000,0.000000
tracking_cdrone3_20260822_111710_460_milestone4,milestone4,1787422691.802582264,target_map,5,7,0,detected,-8.419804,-0.576470,0.048357,0.012841,-0.014632,0.066860,0.814695,3.351326,5346.000,0,0.212271,0.000000,0.224295,0.403068
tracking_cdrone3_20260822_111710_460_milestone4,milestone4,1787422691.899860859,target_map,5,7,0,detected,-8.418700,-0.577700,0.030740,0.012713,-0.014432,0.016851,0.849573,3.353979,5123.000,0,0.094445,0.000000,0.183056,0.373611
tracking_cdrone3_20260822_111710_460_milestone4,milestone4,1787422691.999882460,target_map,5,7,0,detected,-8.417429,-0.579144,0.032426,0.012713,-0.014432,0.016851,0.827817,3.353979,5123.000,0,0.194458,0.000000,0.218060,0.398615
tracking_cdrone3_20260822_111710_460_milestone4,milestone4,1787422692.015158653,raw,7,7,0,detected,-8.425420,-0.568566,0.028737,-0.024915,0.035086,-0.001860,0.847656,3.348381,5479.250,0,0.000000,0.000000,0.000000,0.000000
tracking_cdrone3_20260822_111710_460_milestone4,milestone4,1787422692.099665403,target_map,5,7,0,detected,-8.426007,-0.567624,0.029220,-0.007983,0.012803,0.006560,0.832062,3.348381,5479.250,0,0.073590,0.000000,0.175756,0.368397
tracking_cdrone3_20260822_111710_460_milestone4,milestone4,1787422692.200445175,target_map,5,7,0,detected,-8.426811,-0.566334,0.029881,-0.007983,0.012803,0.006560,0.810707,3.348381,5479.250,0,0.174360,0.000000,0.211026,0.393590
tracking_cdrone3_20260822_111710_460_milestone4,milestone4,1787422692.276465893,raw,7,7,0,detected,-8.419021,-0.577201,0.031606,0.024487,-0.033040,0.010980,0.867676,3.355016,5310.750,0,0.000000,0.000000,0.000000,0.000000
tracking_cdrone3_20260822_111710_460_milestone4,milestone4,1787422692.302187443,target_map,5,7,0,detected,-8.418805,-0.577471,0.031802,0.009876,-0.012411,0.008991,0.862951,3.355016,5310.750,0,0.021782,0.000000,0.157624,0.355445
tracking_cdrone3_20260822_111710_460_milestone4,milestone4,1787422692.400924683,target_map,5,7,0,detected,-8.417833,-0.578693,0.032688,0.009876,-0.012411,0.008991,0.841589,3.355016,5310.750,0,0.120262,0.000000,0.192092,0.380065
tracking_cdrone3_20260822_111710_460_milestone4,milestone4,1787422692.500004292,target_map,5,7,0,detected,-8.416852,-0.579926,0.033581,0.009876,-0.012411,0.008991,0.820043,3.355016,5310.750,0,0.219589,0.000000,0.226856,0.404897
tracking_cdrone3_20260822_111710_460_milestone4,milestone4,1787422692.538973093,raw,7,7,0,detected,-8.428308,-0.567905,0.026840,-0.035383,0.035416,-0.018161,0.870117,3.345441,5365.500,0,0.000000,0.000000,0.000000,0.000000
tracking_cdrone3_20260822_111710_460_milestone4,milestone4,1787422692.599895239,target_map,5,7,0,detected,-8.429160,-0.567116,0.026502,-0.015017,0.013894,-0.005942,0.857766,3.345441,5365.500,0,0.056780,0.000000,0.169873,0.364195
tracking_cdrone3_20260822_111710_460_milestone4,milestone4,1787422692.699747324,target_map,5,7,0,detected,-8.430659,-0.565729,0.025909,-0.015017,0.013894,-0.005942,0.836052,3.345441,5365.500,0,0.156600,0.000000,0.204810,0.389150
tracking_cdrone3_20260822_111710_460_milestone4,milestone4,1787422692.780178785,raw,7,7,0,detected,-8.429521,-0.573078,0.027214,-0.005027,-0.021448,0.001554,0.847168,3.344506,5445.000,0,0.000000,0.000000,0.000000,0.000000
tracking_cdrone3_20260822_111710_460_milestone4,milestone4,1787422692.801812887,target_map,5,7,0,detected,-8.429691,-0.573178,0.027182,-0.009523,-0.005544,-0.001820,0.843366,3.344506,5445.000,0,0.017951,0.000000,0.156283,0.354488
tracking_cdrone3_20260822_111710_460_milestone4,milestone4,1787422692.899644852,target_map,5,7,0,detected,-8.430623,-0.573720,0.027004,-0.009523,-0.005544,-0.001820,0.822646,3.344506,5445.000,0,0.115781,0.000000,0.190523,0.378945
tracking_cdrone3_20260822_111710_460_milestone4,milestone4,1787422692.999613285,target_map,5,7,0,detected,-8.431575,-0.574274,0.026822,-0.009523,-0.005544,-0.001820,0.801474,3.344506,5445.000,0,0.215750,0.000000,0.225512,0.403937
tracking_cdrone3_20260822_111710_460_milestone4,milestone4,1787422693.034833431,raw,7,7,0,detected,-8.420236,-0.574696,0.025859,0.036455,-0.006352,-0.005320,0.837891,3.353882,5613.500,0,0.000000,0.000000,0.000000,0.000000
tracking_cdrone3_20260822_111710_460_milestone4,milestone4,1787422693.101547480,target_map,5,7,0,detected,-8.419251,-0.575070,0.025626,0.015765,-0.005988,-0.003745,0.824819,3.353882,5613.500,0,0.062404,0.000000,0.171842,0.365601
tracking_cdrone3_20260822_111710_460_milestone4,milestone4,1787422693.200761318,target_map,5,7,0,detected,-8.417687,-0.575664,0.025254,0.015765,-0.005988,-0.003745,0.804038,3.353882,5613.500,0,0.161608,0.000000,0.206563,0.390402
tracking_cdrone3_20260822_111710_460_milestone4,milestone4,1787422693.300963640,target_map,5,7,2,predicted,-8.416118,-0.576260,0.024881,0.015765,-0.005988,-0.003745,0.783178,3.353882,5613.500,0,0.261192,0.261192,0.241417,0.415298
tracking_cdrone3_20260822_111710_460_milestone4,milestone4,1787422693.309677124,raw,7,7,0,detected,-8.418127,-0.574036,0.028166,0.007672,0.002400,0.008395,0.867676,3.355726,5286.500,0,0.000000,0.000000,0.000000,0.000000
tracking_cdrone3_20260822_111710_460_milestone4,milestone4,1787422693.400092602,target_map,5,7,0,detected,-8.417290,-0.574138,0.028383,0.011314,-0.001375,0.002932,0.851622,3.355726,5286.500,0,0.074010,0.000000,0.175904,0.368503
tracking_cdrone3_20260822_111710_460_milestone4,milestone4,1787422693.500085115,target_map,5,7,0,detected,-8.416159,-0.574276,0.028676,0.011314,-0.001375,0.002932,0.829937,3.355726,5286.500,0,0.173977,0.000000,0.210892,0.393494
tracking_cdrone3_20260822_111710_460_milestone4,milestone4,1787422693.571426868,raw,7,7,0,detected,-8.418820,-0.570766,0.025689,-0.002648,0.012495,-0.009462,0.856934,3.355161,5341.000,0,0.000000,0.000000,0.000000,0.000000
tracking_cdrone3_20260822_111710_460_milestone4,milestone4,1787422693.600224972,target_map,5,7,0,detected,-8.418734,-0.570617,0.025597,0.003635,0.006254,-0.003885,0.851825,3.355161,5341.000,0,0.023848,0.000000,0.158347,0.355962
tracking_cdrone3_20260822_111710_460_milestone4,milestone4,1787422693.699792385,target_map,5,7,0,detected,-8.418372,-0.569994,0.025210,0.003635,0.006254,-0.003885,0.830492,3.355161,5341.000,0,0.123423,0.000000,0.193198,0.380856
tracking_cdrone3_20260822_111710_460_milestone4,milestone4,1787422693.801695824,target_map,5,7,0,detected,-8.418001,-0.569357,0.024814,0.003635,0.006254,-0.003885,0.808675,3.355161,5341.000,0,0.225263,0.000000,0.228842,0.406316
tracking_cdrone3_20260822_111710_460_milestone4,milestone4,1787422693.820059299,raw,7,7,0,detected,-8.417675,-0.568329,0.028415,0.004604,0.009800,0.010962,0.895020,3.356078,5350.000,0,0.000000,0.000000,0.000000,0.000000
tracking_cdrone3_20260822_111710_460_milestone4,milestone4,1787422693.899761677,target_map,5,7,0,detected,-8.417363,-0.567715,0.028736,0.004168,0.008204,0.004281,0.878279,3.356078,5350.000,0,0.074817,0.000000,0.176186,0.368704
tracking_cdrone3_20260822_111710_460_milestone4,milestone4,1787422694.000014782,target_map,5,7,0,detected,-8.416945,-0.566892,0.029165,0.004168,0.008204,0.004281,0.855849,3.356078,5350.000,0,0.175059,0.000000,0.211271,0.393765
tracking_cdrone3_20260822_111710_460_milestone4,milestone4,1787422694.067269087,raw,7,7,0,detected,-8.427367,-0.569226,0.030582,-0.039210,-0.003629,0.008765,0.842285,3.346406,5529.750,0,0.000000,0.000000,0.000000,0.000000
tracking_cdrone3_20260822_111710_460_milestone4,milestone4,1787422694.099987984,target_map,5,7,0,detected,-8.427931,-0.569177,0.030775,-0.019690,0.001696,0.006747,0.836256,3.346406,5529.750,0,0.028632,0.000000,0.160021,0.357158
tracking_cdrone3_20260822_111710_460_milestone4,milestone4,1787422694.199666977,target_map,5,7,0,detected,-8.429893,-0.569008,0.031447,-0.019690,0.001696,0.006747,0.815270,3.346406,5529.750,0,0.128294,0.000000,0.194903,0.382073
tracking_cdrone3_20260822_111710_460_milestone4,milestone4,1787422694.289472342,raw,7,7,0,detected,-8.428354,-0.567728,0.030604,-0.004443,0.006738,0.000101,0.857422,3.345526,5365.500,0,0.000000,0.000000,0.000000,0.000000
tracking_cdrone3_20260822_111710_460_milestone4,milestone4,1787422694.299830914,target_map,5,7,0,detected,-8.428416,-0.567704,0.030621,-0.011304,0.004469,0.003091,0.856245,3.345526,5365.500,0,0.005490,0.000000,0.151922,0.351373
tracking_cdrone3_20260822_111710_460_milestone4,milestone4,1787422694.400059938,target_map,5,7,0,detected,-8.429549,-0.567256,0.030931,-0.011304,0.004469,0.003091,0.834760,3.345526,5365.500,0,0.105722,0.000000,0.187003,0.376431
tracking_cdrone3_20260822_111710_460_milestone4,milestone4,1787422694.499774218,target_map,5,7,0,detected,-8.430676,-0.566810,0.031239,-0.011304,0.004469,0.003091,0.813388,3.345526,5365.500,0,0.205426,0.000000,0.221899,0.401356
tracking_cdrone3_20260822_111710_460_milestone4,milestone4,1787422694.509581804,raw,7,7,0,detected,-8.428615,-0.566812,0.026378,-0.001183,0.004161,-0.019196,0.849121,3.345287,5365.500,0,0.000000,0.000000,0.000000,0.000000
tracking_cdrone3_20260822_111710_460_milestone4,milestone4,1787422694.600021362,target_map,5,7,0,detected,-8.429109,-0.566442,0.025588,-0.005738,0.004300,-0.009166,0.830837,3.345287,5365.500,0,0.086131,0.000000,0.180146,0.371533
tracking_cdrone3_20260822_111710_460_milestone4,milestone4,1787422694.699935675,target_map,5,7,0,detected,-8.429683,-0.566012,0.024672,-0.005738,0.004300,-0.009166,0.809621,3.345287,5365.500,0,0.186077,0.000000,0.215127,0.396519
tracking_cdrone3_20260822_111710_460_milestone4,milestone4,1787422694.724242210,raw,7,7,0,detected,-8.426332,-0.567090,0.029673,0.010632,-0.001293,0.015354,0.852051,3.347555,5475.000,0,0.000000,0.000000,0.000000,0.000000
tracking_cdrone3_20260822_111710_460_milestone4,milestone4,1787422694.799661636,target_map,5,7,0,detected,-8.426096,-0.567001,0.029986,0.003266,0.001224,0.004320,0.836643,3.347555,5475.000,0,0.072333,0.000000,0.175316,0.368083
tracking_cdrone3_20260822_111710_460_milestone4,milestone4,1787422694.899956942,target_map,5,7,0,detected,-8.425769,-0.566878,0.030419,0.003266,0.001224,0.004320,0.815282,3.347555,5475.000,0,0.172615,0.000000,0.210415,0.393154
tracking_cdrone3_20260822_111710_460_milestone4,milestone4,1787422694.956482410,raw,7,7,0,detected,-8.426386,-0.565105,0.027742,-0.000231,0.008546,-0.008317,0.849121,3.347476,5450.000,0,0.000000,0.000000,0.000000,0.000000
tracking_cdrone3_20260822_111710_460_milestone4,milestone4,1787422694.999923468,target_map,5,7,0,detected,-8.426333,-0.564902,0.027640,0.001343,0.005251,-0.002631,0.840895,3.347476,5450.000,0,0.038753,0.000000,0.163563,0.359688
tracking_cdrone3_20260822_111710_460_milestone4,milestone4,1787422695.099882126,target_map,5,7,0,detected,-8.426200,-0.564377,0.027377,0.001343,0.005251,-0.002631,0.819678,3.347476,5450.000,0,0.138700,0.000000,0.198545,0.384675
tracking_cdrone3_20260822_111710_460_milestone4,milestone4,1787422695.195426941,raw,7,7,0,detected,-8.428979,-0.567534,0.027240,-0.010850,-0.010163,-0.002099,0.872070,3.344941,5395.500,0,0.000000,0.000000,0.000000,0.000000
tracking_cdrone3_20260822_111710_460_milestone4,milestone4,1787422695.199989796,target_map,5,7,0,detected,-8.428987,-0.567538,0.027237,-0.005364,-0.003227,-0.002338,0.871746,3.344941,5395.500,0,0.001488,0.000000,0.150521,0.350372
tracking_cdrone3_20260822_111710_460_milestone4,milestone4,1787422695.299984455,target_map,5,7,0,detected,-8.429523,-0.567861,0.027003,-0.005364,-0.003227,-0.002338,0.849952,3.344941,5395.500,0,0.101450,0.000000,0.185508,0.375363
tracking_cdrone3_20260822_111710_460_milestone4,milestone4,1787422695.399703979,target_map,5,7,0,detected,-8.430058,-0.568183,0.026770,-0.005364,-0.003227,-0.002338,0.828209,3.344941,5395.500,0,0.201182,0.000000,0.220414,0.400295
tracking_cdrone3_20260822_111710_460_milestone4,milestone4,1787422695.473183870,raw,7,7,0,detected,-8.438265,-0.565931,0.019540,-0.033433,0.005769,-0.027723,0.852539,3.335874,5504.500,0,0.000000,0.000000,0.000000,0.000000
tracking_cdrone3_20260822_111710_460_milestone4,milestone4,1787422695.500732422,target_map,5,7,0,detected,-8.438707,-0.565895,0.019193,-0.020802,0.001721,-0.016300,0.848002,3.335874,5504.500,0,0.021289,0.000000,0.157451,0.355322
tracking_cdrone3_20260822_111710_460_milestone4,milestone4,1787422695.599854231,target_map,5,7,0,detected,-8.440784,-0.565723,0.017565,-0.020802,0.001721,-0.016300,0.826718,3.335874,5504.500,0,0.121148,0.000000,0.192402,0.380287
tracking_cdrone3_20260822_111710_460_milestone4,milestone4,1787422695.702268839,target_map,5,7,0,detected,-8.442915,-0.565547,0.015896,-0.020802,0.001721,-0.016300,0.804893,3.335874,5504.500,0,0.223551,0.000000,0.228243,0.405888
tracking_cdrone3_20260822_111710_460_milestone4,milestone4,1787422695.718190193,raw,7,7,0,detected,-8.429784,-0.571097,0.028916,0.034617,-0.021083,0.038266,0.867676,3.344373,5341.000,0,0.000000,0.000000,0.000000,0.000000
tracking_cdrone3_20260822_111710_460_milestone4,milestone4,1787422695.799955130,target_map,5,7,0,detected,-8.429066,-0.571899,0.029932,0.009679,-0.010821,0.013711,0.851591,3.344373,5341.000,0,0.074149,0.000000,0.175952,0.368537
tracking_cdrone3_20260822_111710_460_milestone4,milestone4,1787422695.900068521,target_map,5,7,0,detected,-8.428098,-0.572982,0.031305,0.009679,-0.010821,0.013711,0.829879,3.344373,5341.000,0,0.174244,0.000000,0.210985,0.393561
tracking_cdrone3_20260822_111710_460_milestone4,milestone4,1787422695.972203732,raw,7,7,0,detected,-8.429613,-0.568769,0.026717,0.000672,0.009163,-0.008654,0.859863,3.344473,5475.000,0,0.000000,0.000000,0.000000,0.000000
tracking_cdrone3_20260822_111710_460_milestone4,milestone4,1787422696.000996113,target_map,5,7,0,detected,-8.429492,-0.568765,0.026753,0.004725,0.000170,0.001410,0.854363,3.344473,5475.000,0,0.025588,0.000000,0.158956,0.356397
tracking_cdrone3_20260822_111710_460_milestone4,milestone4,1787422696.099948645,target_map,5,7,0,detected,-8.429025,-0.568748,0.026893,0.004725,0.000170,0.001410,0.833093,3.344473,5475.000,0,0.124533,0.000000,0.193587,0.381133
tracking_cdrone3_20260822_111710_460_milestone4,milestone4,1787422696.199789762,target_map,5,7,0,detected,-8.428553,-0.568731,0.027033,0.004725,0.000170,0.001410,0.811629,3.344473,5475.000,0,0.224381,0.000000,0.228533,0.406095
tracking_cdrone3_20260822_111710_460_milestone4,milestone4,1787422696.220955849,raw,7,7,0,detected,-8.437599,-0.573231,0.027094,-0.032110,-0.017940,0.001517,0.602051,3.336554,5580.250,0,0.000000,0.000000,0.000000,0.000000
tracking_cdrone3_20260822_111710_460_milestone4,milestone4,1787422696.299998760,target_map,5,7,0,detected,-8.438704,-0.573927,0.027199,-0.015534,-0.009790,0.001469,0.591348,3.336554,5580.250,0,0.071110,0.000000,0.174889,0.367777
tracking_cdrone3_20260822_111710_460_milestone4,milestone4,1787422696.402582407,target_map,5,7,0,detected,-8.440297,-0.574931,0.027349,-0.015534,-0.009790,0.001469,0.575909,3.336554,5580.250,0,0.173686,0.000000,0.210790,0.393422
tracking_cdrone3_20260822_111710_460_milestone4,milestone4,1787422696.438931465,raw,7,7,0,detected,-8.424634,-0.572666,0.027092,0.059478,0.002592,-0.000010,0.749512,3.349559,5425.000,0,0.000000,0.000000,0.000000,0.000000
tracking_cdrone3_20260822_111710_460_milestone4,milestone4,1787422696.499915361,target_map,5,7,0,detected,-8.423129,-0.572840,0.027130,0.025722,-0.002980,0.000656,0.738548,3.349559,5425.000,0,0.058510,0.000000,0.170478,0.364627
tracking_cdrone3_20260822_111710_460_milestone4,milestone4,1787422696.599864721,target_map,5,7,0,detected,-8.420558,-0.573138,0.027196,0.025722,-0.002980,0.000656,0.719820,3.349559,5425.000,0,0.158461,0.000000,0.205461,0.389615
tracking_cdrone3_20260822_111710_460_milestone4,milestone4,1787422696.647214174,raw,7,7,0,detected,-8.424646,-0.570236,0.025759,-0.000057,0.011665,-0.006401,0.849121,3.349531,5529.750,0,0.000000,0.000000,0.000000,0.000000
tracking_cdrone3_20260822_111710_460_milestone4,milestone4,1787422696.700110197,target_map,5,7,0,detected,-8.424070,-0.569983,0.025598,0.011544,0.005075,-0.003226,0.838536,3.349531,5529.750,0,0.049864,0.000000,0.167452,0.362466
tracking_cdrone3_20260822_111710_460_milestone4,milestone4,1787422696.801526546,target_map,5,7,0,detected,-8.422900,-0.569469,0.025271,0.011544,0.005075,-0.003226,0.817008,3.349531,5529.750,0,0.151278,0.000000,0.202947,0.387819
tracking_cdrone3_20260822_111710_460_milestone4,milestone4,1787422696.876904964,raw,7,7,0,detected,-8.421776,-0.569646,0.027474,0.012498,0.002568,0.007466,0.577637,3.352228,5529.750,0,0.000000,0.000000,0.000000,0.000000
tracking_cdrone3_20260822_111710_460_milestone4,milestone4,1787422696.900328398,target_map,5,7,0,detected,-8.421540,-0.569574,0.027525,0.012069,0.003696,0.002655,0.574815,3.352228,5529.750,0,0.019539,0.000000,0.156839,0.354885
tracking_cdrone3_20260822_111710_460_milestone4,milestone4,1787422696.999746561,target_map,5,7,0,detected,-8.420339,-0.569206,0.027790,0.012069,0.003696,0.002655,0.560437,3.352228,5529.750,0,0.119102,0.000000,0.191686,0.379775
tracking_cdrone3_20260822_111710_460_milestone4,milestone4,1787422697.100388050,target_map,5,7,0,detected,-8.419124,-0.568834,0.028057,0.012069,0.003696,0.002655,0.545902,3.352228,5529.750,0,0.219755,0.000000,0.226914,0.404939
tracking_cdrone3_20260822_111710_460_milestone4,milestone4,1787422697.104505062,raw,7,7,0,detected,-8.418748,-0.572596,0.026569,0.013304,-0.012960,-0.003975,0.860352,3.355455,5341.000,0,0.000000,0.000000,0.000000,0.000000
tracking_cdrone3_20260822_111710_460_milestone4,milestone4,1787422697.201935530,target_map,5,7,0,detected,-8.417542,-0.573113,0.026475,0.012748,-0.005465,-0.000992,0.840013,3.355455,5341.000,0,0.094560,0.000000,0.183096,0.373640
tracking_cdrone3_20260822_111710_460_milestone4,milestone4,1787422697.300099611,target_map,5,7,0,detected,-8.416291,-0.573649,0.026378,0.012748,-0.005465,-0.000992,0.818899,3.355455,5341.000,0,0.192725,0.000000,0.217454,0.398181
tracking_cdrone3_20260822_111710_460_milestone4,milestone4,1787422697.377195597,raw,7,7,0,detected,-8.430861,-0.572993,0.022972,-0.044421,-0.001454,-0.013190,0.851074,3.343484,5584.500,0,0.000000,0.000000,0.000000,0.000000
tracking_cdrone3_20260822_111710_460_milestone4,milestone4,1787422697.400793314,target_map,5,7,0,detected,-8.431179,-0.573048,0.022841,-0.018695,-0.003258,-0.007701,0.847450,3.343484,5584.500,0,0.017036,0.000000,0.155962,0.354259
tracking_cdrone3_20260822_111710_460_milestone4,milestone4,1787422697.499913931,target_map,5,7,0,detected,-8.433032,-0.573371,0.022077,-0.018695,-0.003258,-0.007701,0.826361,3.343484,5584.500,0,0.116151,0.000000,0.190653,0.379038
tracking_cdrone3_20260822_111710_460_milestone4,milestone4,1787422697.599983215,target_map,5,7,0,detected,-8.434902,-0.573697,0.021307,-0.018695,-0.003258,-0.007701,0.805070,3.343484,5584.500,0,0.216216,0.000000,0.225676,0.404054
tracking_cdrone3_20260822_111710_460_milestone4,milestone4,1787422697.700014591,target_map,5,7,2,predicted,-8.436772,-0.574023,0.020537,-0.018695,-0.003258,-0.007701,0.783787,3.343484,5584.500,0,0.316244,0.316244,0.260685,0.429061
tracking_cdrone3_20260822_111710_460_milestone4,milestone4,1787422697.703415632,raw,7,7,0,detected,-8.441925,-0.566718,0.025279,-0.033916,0.019234,0.007072,0.844238,3.332110,5716.500,0,0.000000,0.000000,0.000000,0.000000
tracking_cdrone3_20260822_111710_460_milestone4,milestone4,1787422697.799667120,target_map,5,7,0,detected,-8.444428,-0.565875,0.025318,-0.027066,0.009113,0.000424,0.824717,3.332110,5716.500,0,0.092490,0.000000,0.182372,0.373123
tracking_cdrone3_20260822_111710_460_milestone4,milestone4,1787422697.900201321,target_map,5,7,0,detected,-8.447148,-0.564959,0.025361,-0.027066,0.009113,0.000424,0.803505,3.332110,5716.500,0,0.192995,0.000000,0.217548,0.398249
tracking_cdrone3_20260822_111710_460_milestone4,milestone4,1787422697.951892853,raw,7,7,0,detected,-8.441939,-0.569169,0.023755,-0.000057,-0.009866,-0.006131,0.844238,3.332144,5639.250,0,0.000000,0.000000,0.000000,0.000000
tracking_cdrone3_20260822_111710_460_milestone4,milestone4,1787422698.000306606,target_map,5,7,0,detected,-8.442492,-0.569229,0.023611,-0.012211,-0.001326,-0.003181,0.834673,3.332144,5639.250,0,0.045321,0.000000,0.165862,0.361330
tracking_cdrone3_20260822_111710_460_milestone4,milestone4,1787422698.099964142,target_map,5,7,0,detected,-8.443709,-0.569361,0.023294,-0.012211,-0.001326,-0.003181,0.813640,3.332144,5639.250,0,0.144975,0.000000,0.200741,0.386244
tracking_cdrone3_20260822_111710_460_milestone4,milestone4,1787422698.188230991,raw,7,7,0,detected,-8.442044,-0.568568,0.020704,-0.000447,0.002544,-0.012910,0.858887,3.332208,5454.000,0,0.000000,0.000000,0.000000,0.000000
tracking_cdrone3_20260822_111710_460_milestone4,milestone4,1787422698.199684620,target_map,5,7,0,detected,-8.442092,-0.568561,0.020634,-0.005741,0.000803,-0.008532,0.857107,3.332208,5454.000,0,0.008286,0.000000,0.152900,0.352072
tracking_cdrone3_20260822_111710_460_milestone4,milestone4,1787422698.299946785,target_map,5,7,0,detected,-8.442667,-0.568481,0.019778,-0.005741,0.000803,-0.008532,0.835581,3.332208,5454.000,0,0.108538,0.000000,0.187988,0.377135
tracking_cdrone3_20260822_111710_460_milestone4,milestone4,1787422698.399657488,target_map,5,7,0,detected,-8.443240,-0.568401,0.018927,-0.005741,0.000803,-0.008532,0.814170,3.332208,5454.000,0,0.208256,0.000000,0.222889,0.402064
tracking_cdrone3_20260822_111710_460_milestone4,milestone4,1787422698.444514036,raw,7,7,0,detected,-8.442587,-0.562138,0.017320,-0.002116,0.025089,-0.013205,0.855957,3.331439,5450.000,0,0.000000,0.000000,0.000000,0.000000
tracking_cdrone3_20260822_111710_460_milestone4,milestone4,1787422698.499939442,target_map,5,7,0,detected,-8.442783,-0.561396,0.016738,-0.003747,0.014160,-0.011102,0.844735,3.331439,5450.000,0,0.052441,0.000000,0.168354,0.363110
tracking_cdrone3_20260822_111710_460_milestone4,milestone4,1787422698.599670172,target_map,5,7,0,detected,-8.443157,-0.559984,0.015631,-0.003747,0.014160,-0.011102,0.823392,3.331439,5450.000,0,0.152180,0.000000,0.203263,0.388045
tracking_cdrone3_20260822_111710_460_milestone4,milestone4,1787422698.699831724,target_map,5,7,2,predicted,-8.443532,-0.558565,0.014519,-0.003747,0.014160,-0.011102,0.801962,3.331439,5450.000,0,0.252326,0.252326,0.238314,0.413081
tracking_cdrone3_20260822_111710_460_milestone4,milestone4,1787422698.728059053,raw,7,7,0,detected,-8.440102,-0.568240,0.024808,0.008764,-0.021518,0.026409,0.843262,3.334004,5555.000,0,0.000000,0.000000,0.000000,0.000000
tracking_cdrone3_20260822_111710_460_milestone4,milestone4,1787422698.799810410,target_map,5,7,0,detected,-8.439888,-0.568612,0.025457,0.003134,-0.005463,0.009529,0.828902,3.334004,5555.000,0,0.068116,0.000000,0.173841,0.367029
tracking_cdrone3_20260822_111710_460_milestone4,milestone4,1787422698.900033712,target_map,5,7,0,detected,-8.439574,-0.569159,0.026412,0.003134,-0.005463,0.009529,0.807778,3.334004,5555.000,0,0.168317,0.000000,0.208911,0.392079
tracking_cdrone3_20260822_111710_460_milestone4,milestone4,1787422698.978071451,raw,7,7,0,detected,-8.423786,-0.569483,0.022497,0.065261,-0.004973,-0.009244,0.870117,3.350455,5400.000,0,0.000000,0.000000,0.000000,0.000000
tracking_cdrone3_20260822_111710_460_milestone4,milestone4,1787422698.999875069,target_map,5,7,0,detected,-8.423161,-0.569570,0.022484,0.037304,-0.005194,-0.000796,0.866470,3.350455,5400.000,0,0.016766,0.000000,0.155868,0.354191
tracking_cdrone3_20260822_111710_460_milestone4,milestone4,1787422699.099983454,target_map,5,7,0,detected,-8.419427,-0.570090,0.022404,0.037304,-0.005194,-0.000796,0.844696,3.350455,5400.000,0,0.116864,0.000000,0.190902,0.379216
tracking_cdrone3_20260822_111710_460_milestone4,milestone4,1787422699.200034380,target_map,5,7,0,detected,-8.415695,-0.570610,0.022325,0.037304,-0.005194,-0.000796,0.822935,3.350455,5400.000,0,0.216902,0.000000,0.225916,0.404225
tracking_cdrone3_20260822_111710_460_milestone4,milestone4,1787422699.219434500,raw,7,7,0,detected,-8.424950,-0.568641,0.025371,-0.004819,0.003491,0.011908,0.740723,3.349157,5346.000,0,0.000000,0.000000,0.000000,0.000000
tracking_cdrone3_20260822_111710_460_milestone4,milestone4,1787422699.299647093,target_map,5,7,0,detected,-8.423856,-0.568673,0.025851,0.014136,-0.000417,0.006191,0.726393,3.349157,5346.000,0,0.077382,0.000000,0.177084,0.369345
tracking_cdrone3_20260822_111710_460_milestone4,milestone4,1787422699.400006533,target_map,5,7,0,detected,-8.422438,-0.568715,0.026472,0.014136,-0.000417,0.006191,0.707811,3.349157,5346.000,0,0.177726,0.000000,0.212204,0.394432
tracking_cdrone3_20260822_111710_460_milestone4,milestone4,1787422699.469548225,raw,7,7,0,detected,-8.434649,-0.568448,0.030114,-0.038777,0.000770,0.018959,0.734375,3.339313,5494.500,0,0.000000,0.000000,0.000000,0.000000
tracking_cdrone3_20260822_111710_460_milestone4,milestone4,1787422699.500210524,target_map,5,7,0,detected,-8.435039,-0.568442,0.030457,-0.014966,0.000236,0.013213,0.729605,3.339313,5494.500,0,0.025979,0.000000,0.159093,0.356495
tracking_cdrone3_20260822_111710_460_milestone4,milestone4,1787422699.600912809,target_map,5,7,0,detected,-8.436545,-0.568418,0.031788,-0.014966,0.000236,0.013213,0.711119,3.339313,5494.500,0,0.126673,0.000000,0.194336,0.381668
tracking_cdrone3_20260822_111710_460_milestone4,milestone4,1787422699.699781895,target_map,5,7,0,detected,-8.438025,-0.568395,0.033094,-0.014966,0.000236,0.013213,0.692967,3.339313,5494.500,0,0.225542,0.000000,0.228940,0.406385
tracking_cdrone3_20260822_111710_460_milestone4,milestone4,1787422699.710569859,raw,7,7,0,detected,-8.439468,-0.567171,0.023282,-0.019996,0.005298,-0.028348,0.856934,3.334663,5420.250,0,0.000000,0.000000,0.000000,0.000000
tracking_cdrone3_20260822_111710_460_milestone4,milestone4,1787422699.799885511,target_map,5,7,0,detected,-8.440985,-0.566913,0.022457,-0.017732,0.003020,-0.009645,0.838611,3.334663,5420.250,0,0.085528,0.000000,0.179935,0.371382
tracking_cdrone3_20260822_111710_460_milestone4,milestone4,1787422699.899713516,target_map,5,7,0,detected,-8.442756,-0.566612,0.021494,-0.017732,0.003020,-0.009645,0.817222,3.334663,5420.250,0,0.185364,0.000000,0.214877,0.396341
tracking_cdrone3_20260822_111710_460_milestone4,milestone4,1787422699.944824219,raw,7,7,0,detected,-8.436563,-0.567919,0.023093,0.012405,-0.003190,-0.000805,0.847656,3.337499,5488.000,0,0.000000,0.000000,0.000000,0.000000
tracking_cdrone3_20260822_111710_460_milestone4,milestone4,1787422699.999701977,target_map,5,7,0,detected,-8.436624,-0.567939,0.022847,-0.001157,-0.000396,-0.004783,0.836734,3.337499,5488.000,0,0.051540,0.000000,0.168039,0.362885
tracking_cdrone3_20260822_111710_460_milestone4,milestone4,1787422700.099613428,target_map,5,7,0,detected,-8.436739,-0.567979,0.022369,-0.001157,-0.000396,-0.004783,0.815561,3.337499,5488.000,0,0.151452,0.000000,0.203008,0.387863
tracking_cdrone3_20260822_111710_460_milestone4,milestone4,1787422700.190710783,raw,7,7,0,detected,-8.439298,-0.564630,0.029665,-0.011122,0.013374,0.026726,0.851074,3.334507,5610.000,0,0.000000,0.000000,0.000000,0.000000
tracking_cdrone3_20260822_111710_460_milestone4,milestone4,1787422700.200309992,target_map,5,7,0,detected,-8.439311,-0.564616,0.029690,-0.006638,0.007178,0.012547,0.850653,3.334507,5610.000,0,0.001980,0.000000,0.150693,0.350495
tracking_cdrone3_20260822_111710_460_milestone4,milestone4,1787422700.300004244,target_map,5,7,0,detected,-8.439973,-0.563900,0.030940,-0.006638,0.007178,0.012547,0.829446,3.334507,5610.000,0,0.101654,0.000000,0.185579,0.375413
tracking_cdrone3_20260822_111710_460_milestone4,milestone4,1787422700.400078773,target_map,5,7,0,detected,-8.440637,-0.563182,0.032196,-0.006638,0.007178,0.012547,0.808155,3.334507,5610.000,0,0.201717,0.000000,0.220601,0.400429
tracking_cdrone3_20260822_111710_460_milestone4,milestone4,1787422700.431259632,raw,7,7,0,detected,-8.438322,-0.569530,0.026267,0.004056,-0.020370,-0.014126,0.861816,3.335777,5390.000,0,0.000000,0.000000,0.000000,0.000000
tracking_cdrone3_20260822_111710_460_milestone4,milestone4,1787422700.499699593,target_map,5,7,0,detected,-8.438369,-0.570027,0.026135,-0.000756,-0.007973,-0.002123,0.848398,3.335777,5390.000,0,0.062279,0.000000,0.171798,0.365570
tracking_cdrone3_20260822_111710_460_milestone4,milestone4,1787422700.599940538,target_map,5,7,0,detected,-8.438445,-0.570826,0.025922,-0.000756,-0.007973,-0.002123,0.826804,3.335777,5390.000,0,0.162508,0.000000,0.206878,0.390627
tracking_cdrone3_20260822_111710_460_milestone4,milestone4,1787422700.659034967,raw,7,7,0,detected,-8.434552,-0.565814,0.019939,0.016551,0.016314,-0.027784,0.865723,3.339639,5328.000,0,0.000000,0.000000,0.000000,0.000000
tracking_cdrone3_20260822_111710_460_milestone4,milestone4,1787422700.699919224,target_map,5,7,0,detected,-8.434221,-0.565610,0.019325,0.008763,0.005385,-0.016236,0.857539,3.339639,5328.000,0,0.037812,0.000000,0.163234,0.359453
tracking_cdrone3_20260822_111710_460_milestone4,milestone4,1787422700.799903154,target_map,5,7,0,detected,-8.433345,-0.565072,0.017701,0.008763,0.005385,-0.016236,0.835899,3.339639,5328.000,0,0.137795,0.000000,0.198228,0.384449
tracking_cdrone3_20260822_111710_460_milestone4,milestone4,1787422700.888244629,raw,7,7,0,detected,-8.437917,-0.571275,0.021301,-0.014678,-0.023828,0.005944,0.858887,3.336312,5656.000,0,0.000000,0.000000,0.000000,0.000000
tracking_cdrone3_20260822_111710_460_milestone4,milestone4,1787422700.899636269,target_map,5,7,0,detected,-8.437940,-0.571335,0.021278,-0.004130,-0.010682,-0.004037,0.857690,3.336312,5656.000,0,0.005575,0.000000,0.151951,0.351394
tracking_cdrone3_20260822_111710_460_milestone4,milestone4,1787422700.999659538,target_map,5,7,0,detected,-8.438353,-0.572403,0.020875,-0.004130,-0.010682,-0.004037,0.836214,3.336312,5656.000,0,0.105589,0.000000,0.186956,0.376397
tracking_cdrone3_20260822_111710_460_milestone4,milestone4,1787422701.099714994,target_map,5,7,0,detected,-8.438766,-0.573472,0.020471,-0.004130,-0.010682,-0.004037,0.814732,3.336312,5656.000,0,0.205636,0.000000,0.221973,0.401409
tracking_cdrone3_20260822_111710_460_milestone4,milestone4,1787422701.163093328,raw,7,7,0,detected,-8.439204,-0.569100,0.022714,-0.004683,0.007916,0.005141,0.844727,3.335023,5635.500,0,0.000000,0.000000,0.000000,0.000000
tracking_cdrone3_20260822_111710_460_milestone4,milestone4,1787422701.201303720,target_map,5,7,0,detected,-8.439348,-0.569114,0.022747,-0.004434,-0.000453,0.001011,0.837866,3.335023,5635.500,0,0.032487,0.000000,0.161370,0.358122
tracking_cdrone3_20260822_111710_460_milestone4,milestone4,1787422701.299983978,target_map,5,7,0,detected,-8.439786,-0.569159,0.022847,-0.004434,-0.000453,0.001011,0.817030,3.335023,5635.500,0,0.131150,0.000000,0.195903,0.382788
tracking_cdrone3_20260822_111710_460_milestone4,milestone4,1787422701.400506735,target_map,5,7,0,detected,-8.440231,-0.569205,0.022948,-0.004434,-0.000453,0.001011,0.795800,3.335023,5635.500,0,0.231680,0.000000,0.231088,0.407920
tracking_cdrone3_20260822_111710_460_milestone4,milestone4,1787422701.407205343,raw,7,7,0,detected,-8.443575,-0.573229,0.023357,-0.017890,-0.016903,0.002632,0.852539,3.330782,5395.500,0,0.000000,0.000000,0.000000,0.000000
tracking_cdrone3_20260822_111710_460_milestone4,milestone4,1787422701.500679255,target_map,5,7,0,detected,-8.444580,-0.574036,0.023518,-0.011835,-0.009500,0.001902,0.834438,3.330782,5395.500,0,0.084929,0.000000,0.179725,0.371232
tracking_cdrone3_20260822_111710_460_milestone4,milestone4,1787422701.599975824,target_map,5,7,0,detected,-8.445755,-0.574979,0.023707,-0.011835,-0.009500,0.001902,0.813273,3.330782,5395.500,0,0.184230,0.000000,0.214480,0.396057
tracking_cdrone3_20260822_111710_460_milestone4,milestone4,1787422701.639460325,raw,7,7,0,detected,-8.428792,-0.569036,0.029075,0.063703,0.018071,0.024641,0.851074,3.345193,5639.250,0,0.000000,0.000000,0.000000,0.000000
tracking_cdrone3_20260822_111710_460_milestone4,milestone4,1787422701.699945927,target_map,5,7,0,detected,-8.427079,-0.568709,0.029906,0.029711,0.005664,0.014409,0.838807,3.345193,5639.250,0,0.057653,0.000000,0.170179,0.364413
tracking_cdrone3_20260822_111710_460_milestone4,milestone4,1787422701.799882174,target_map,5,7,0,detected,-8.424110,-0.568143,0.031346,0.029711,0.005664,0.014409,0.817545,3.345193,5639.250,0,0.157586,0.000000,0.205155,0.389396
tracking_cdrone3_20260822_111710_460_milestone4,milestone4,1787422701.895672321,raw,7,7,0,detected,-8.437928,-0.571548,0.018229,-0.035658,-0.009803,-0.042330,0.848145,3.336369,5600.000,0,0.000000,0.000000,0.000000,0.000000
tracking_cdrone3_20260822_111710_460_milestone4,milestone4,1787422701.902345657,target_map,5,7,2,predicted,-8.421065,-0.567563,0.032822,0.029711,0.005664,0.014409,0.795742,3.345193,5639.250,0,0.260056,0.260056,0.241020,0.415014
tracking_cdrone3_20260822_111710_460_milestone4,milestone4,1787422701.999930382,target_map,5,7,0,detected,-8.438502,-0.571809,0.016684,-0.006242,-0.002843,-0.016798,0.828638,3.336369,5600.000,0,0.091995,0.000000,0.182198,0.372999
tracking_cdrone3_20260822_111710_460_milestone4,milestone4,1787422702.100678444,target_map,5,7,0,detected,-8.439132,-0.572096,0.014992,-0.006242,-0.002843,-0.016798,0.807276,3.336369,5600.000,0,0.192745,0.000000,0.217461,0.398186
tracking_cdrone3_20260822_111710_460_milestone4,milestone4,1787422702.137895823,raw,7,7,0,detected,-8.430626,-0.575672,0.026207,0.030148,-0.017030,0.032938,0.843262,3.343716,5639.250,0,0.000000,0.000000,0.000000,0.000000
tracking_cdrone3_20260822_111710_460_milestone4,milestone4,1787422702.199933290,target_map,5,7,0,detected,-8.429830,-0.576288,0.026818,0.013772,-0.010646,0.010557,0.831079,3.343716,5639.250,0,0.057790,0.000000,0.170227,0.364448
tracking_cdrone3_20260822_111710_460_milestone4,milestone4,1787422702.300047636,target_map,5,7,0,detected,-8.428452,-0.577353,0.027874,0.013772,-0.010646,0.010557,0.809979,3.343716,5639.250,0,0.157878,0.000000,0.205257,0.389469
tracking_cdrone3_20260822_111710_460_milestone4,milestone4,1787422702.391234636,raw,7,7,0,detected,-8.437316,-0.578966,0.013814,-0.026407,-0.012999,-0.048921,0.853516,3.337159,5661.000,0,0.000000,0.000000,0.000000,0.000000
tracking_cdrone3_20260822_111710_460_milestone4,milestone4,1787422702.400271654,target_map,5,7,0,detected,-8.437368,-0.579041,0.013674,-0.008326,-0.011940,-0.022156,0.852174,3.337159,5661.000,0,0.006289,0.000000,0.152201,0.351572
tracking_cdrone3_20260822_111710_460_milestone4,milestone4,1787422702.500133514,target_map,5,7,0,detected,-8.438200,-0.580233,0.011461,-0.008326,-0.011940,-0.022156,0.830860,3.337159,5661.000,0,0.106174,0.000000,0.187161,0.376543
tracking_cdrone3_20260822_111710_460_milestone4,milestone4,1787422702.600029707,target_map,5,7,0,detected,-8.439032,-0.581426,0.009248,-0.008326,-0.011940,-0.022156,0.809550,3.337159,5661.000,0,0.206046,0.000000,0.222116,0.401512
tracking_cdrone3_20260822_111710_460_milestone4,milestone4,1787422702.638999224,raw,7,7,0,detected,-8.436550,-0.572961,0.025759,0.003091,0.024234,0.048212,0.861328,3.337517,5414.500,0,0.000000,0.000000,0.000000,0.000000
tracking_cdrone3_20260822_111710_460_milestone4,milestone4,1787422702.700044394,target_map,5,7,0,detected,-8.436669,-0.572498,0.026722,-0.002047,0.007956,0.016546,0.848795,3.337517,5414.500,0,0.058204,0.000000,0.170371,0.364551
tracking_cdrone3_20260822_111710_460_milestone4,milestone4,1787422702.799956322,target_map,5,7,0,detected,-8.436873,-0.571703,0.028375,-0.002047,0.007956,0.016546,0.827277,3.337517,5414.500,0,0.158134,0.000000,0.205347,0.389534
tracking_cdrone3_20260822_111710_460_milestone4,milestone4,1787422702.865613937,raw,7,7,0,detected,-8.438630,-0.570711,0.024049,-0.009162,0.009912,-0.007533,0.854980,3.335440,5575.000,0,0.000000,0.000000,0.000000,0.000000
tracking_cdrone3_20260822_111710_460_milestone4,milestone4,1787422702.900879383,target_map,5,7,0,detected,-8.438791,-0.570468,0.024138,-0.005960,0.009032,0.003303,0.849214,3.335440,5575.000,0,0.026977,0.000000,0.159442,0.356744
tracking_cdrone3_20260822_111710_460_milestone4,milestone4,1787422702.999845505,target_map,5,7,0,detected,-8.439381,-0.569574,0.024465,-0.005960,0.009032,0.003303,0.828061,3.335440,5575.000,0,0.125942,0.000000,0.194080,0.381485
tracking_cdrone3_20260822_111710_460_milestone4,milestone4,1787422703.099955320,target_map,5,7,0,detected,-8.439978,-0.568670,0.024795,-0.005960,0.009032,0.003303,0.806662,3.335440,5575.000,0,0.226057,0.000000,0.229120,0.406514
tracking_cdrone3_20260822_111710_460_milestone4,milestone4,1787422703.105813980,raw,7,7,0,detected,-8.441111,-0.578563,0.028758,-0.010340,-0.032739,0.019638,0.844727,3.333286,5686.500,0,0.000000,0.000000,0.000000,0.000000
tracking_cdrone3_20260822_111710_460_milestone4,milestone4,1787422703.200011969,target_map,5,7,0,detected,-8.441828,-0.579758,0.029811,-0.008369,-0.013942,0.012287,0.826628,3.333286,5686.500,0,0.085700,0.000000,0.179995,0.371425
tracking_cdrone3_20260822_111710_460_milestone4,milestone4,1787422703.300010681,target_map,5,7,0,detected,-8.442665,-0.581152,0.031040,-0.008369,-0.013942,0.012287,0.805511,3.333286,5686.500,0,0.185694,0.000000,0.214993,0.396423
tracking_cdrone3_20260822_111710_460_milestone4,milestone4,1787422703.356465578,raw,7,7,0,detected,-8.439879,-0.573390,0.029361,0.004912,0.020639,0.002404,0.855957,3.334260,5407.750,0,0.000000,0.000000,0.000000,0.000000
tracking_cdrone3_20260822_111710_460_milestone4,milestone4,1787422703.399901152,target_map,5,7,0,detected,-8.439919,-0.573199,0.029619,-0.001064,0.005078,0.006851,0.847889,3.334260,5407.750,0,0.037703,0.000000,0.163196,0.359426
tracking_cdrone3_20260822_111710_460_milestone4,milestone4,1787422703.499931812,target_map,5,7,0,detected,-8.440026,-0.572691,0.030305,-0.001064,0.005078,0.006851,0.826483,3.334260,5407.750,0,0.137736,0.000000,0.198208,0.384434
tracking_cdrone3_20260822_111710_460_milestone4,milestone4,1787422703.599980831,target_map,5,7,0,detected,-8.440132,-0.572183,0.030990,-0.001064,0.005078,0.006851,0.805074,3.334260,5407.750,0,0.237782,0.000000,0.233224,0.409446
tracking_cdrone3_20260822_111710_460_milestone4,milestone4,1787422703.605653048,raw,7,7,0,detected,-8.439792,-0.572679,0.026727,0.000350,0.002852,-0.010568,0.858887,3.334391,5500.000,0,0.000000,0.000000,0.000000,0.000000
tracking_cdrone3_20260822_111710_460_milestone4,milestone4,1787422703.699610710,target_map,5,7,0,detected,-8.439817,-0.572332,0.026482,-0.000286,0.003854,-0.002730,0.839540,3.334391,5500.000,0,0.090101,0.000000,0.181535,0.372525
tracking_cdrone3_20260822_111710_460_milestone4,milestone4,1787422703.802168131,target_map,5,7,0,detected,-8.439847,-0.571937,0.026202,-0.000286,0.003854,-0.002730,0.817522,3.334391,5500.000,0,0.192641,0.000000,0.217424,0.398160
tracking_cdrone3_20260822_111710_460_milestone4,milestone4,1787422703.862368822,raw,7,7,0,detected,-8.440248,-0.576371,0.026472,-0.001775,-0.014382,-0.000995,0.858887,3.334128,5550.000,0,0.000000,0.000000,0.000000,0.000000
tracking_cdrone3_20260822_111710_460_milestone4,milestone4,1787422703.899893045,target_map,5,7,0,detected,-8.440283,-0.576569,0.026415,-0.001105,-0.006176,-0.001776,0.852022,3.334128,5550.000,0,0.031971,0.000000,0.161190,0.357993
tracking_cdrone3_20260822_111710_460_milestone4,milestone4,1787422704.000913382,target_map,5,7,0,detected,-8.440394,-0.577193,0.026236,-0.001105,-0.006176,-0.001776,0.830331,3.334128,5550.000,0,0.132988,0.000000,0.196546,0.383247
tracking_cdrone3_20260822_111710_460_milestone4,milestone4,1787422704.099062443,raw,7,7,0,detected,-8.439569,-0.570650,0.029543,0.002867,0.024172,0.012975,0.855957,3.334415,5445.000,0,0.000000,0.000000,0.000000,0.000000
tracking_cdrone3_20260822_111710_460_milestone4,milestone4,1787422704.100554228,target_map,5,7,0,detected,-8.440505,-0.577808,0.026059,-0.001105,-0.006176,-0.001776,0.808934,3.334128,5550.000,0,0.232637,0.000000,0.231423,0.408159
tracking_cdrone3_20260822_111710_460_milestone4,milestone4,1787422704.199956179,target_map,5,7,0,detected,-8.439469,-0.569685,0.030125,0.001080,0.010516,0.006337,0.836322,3.334415,5445.000,0,0.091757,0.000000,0.182115,0.372939
tracking_cdrone3_20260822_111710_460_milestone4,milestone4,1787422704.300155640,target_map,5,7,0,detected,-8.439362,-0.568632,0.030760,0.001080,0.010516,0.006337,0.814884,3.334415,5445.000,0,0.191940,0.000000,0.217179,0.397985
tracking_cdrone3_20260822_111710_460_milestone4,milestone4,1787422704.346607208,raw,7,7,0,detected,-8.438862,-0.570851,0.024895,0.002856,-0.000811,-0.018778,0.862793,3.335260,5346.000,0,0.000000,0.000000,0.000000,0.000000
tracking_cdrone3_20260822_111710_460_milestone4,milestone4,1787422704.399900436,target_map,5,7,0,detected,-8.438763,-0.570644,0.024534,0.002057,0.004286,-0.007476,0.852384,3.335260,5346.000,0,0.048258,0.000000,0.166890,0.362064
tracking_cdrone3_20260822_111710_460_milestone4,milestone4,1787422704.499651670,target_map,5,7,0,detected,-8.438558,-0.570216,0.023788,0.002057,0.004286,-0.007476,0.830868,3.335260,5346.000,0,0.148009,0.000000,0.201803,0.387002
tracking_cdrone3_20260822_111710_460_milestone4,milestone4,1787422704.592056513,raw,7,7,0,detected,-8.438228,-0.576277,0.025620,0.002584,-0.022107,0.002956,0.854004,3.336026,5686.500,0,0.000000,0.000000,0.000000,0.000000
tracking_cdrone3_20260822_111710_460_milestone4,milestone4,1787422704.599669456,target_map,5,7,0,detected,-8.438220,-0.576312,0.025614,0.002347,-0.010230,-0.001739,0.853269,3.336026,5686.500,0,0.003441,0.000000,0.151204,0.350860
tracking_cdrone3_20260822_111710_460_milestone4,milestone4,1787422704.700574160,target_map,5,7,0,detected,-8.437983,-0.577344,0.025439,0.002347,-0.010230,-0.001739,0.831730,3.336026,5686.500,0,0.104326,0.000000,0.186514,0.376081
tracking_cdrone3_20260822_111710_460_milestone4,milestone4,1787422704.799934387,target_map,5,7,0,detected,-8.437750,-0.578361,0.025266,0.002347,-0.010230,-0.001739,0.810515,3.336026,5686.500,0,0.203693,0.000000,0.221293,0.400923
tracking_cdrone3_20260822_111710_460_milestone4,milestone4,1787422704.837391376,raw,7,7,0,detected,-8.440256,-0.569974,0.023111,-0.008271,0.025691,-0.010229,0.867676,3.333856,5383.500,0,0.000000,0.000000,0.000000,0.000000
tracking_cdrone3_20260822_111710_460_milestone4,milestone4,1787422704.899953127,target_map,5,7,0,detected,-8.440456,-0.569428,0.022743,-0.003493,0.009526,-0.006408,0.855231,3.333856,5383.500,0,0.057369,0.000000,0.170079,0.364342
tracking_cdrone3_20260822_111710_460_milestone4,milestone4,1787422705.000168800,target_map,5,7,0,detected,-8.440806,-0.568473,0.022101,-0.003493,0.009526,-0.006408,0.833493,3.333856,5383.500,0,0.157585,0.000000,0.205155,0.389396
tracking_cdrone3_20260822_111710_460_milestone4,milestone4,1787422705.081093788,raw,7,7,0,detected,-8.440426,-0.573008,0.010698,-0.000697,-0.012448,-0.050934,0.859863,3.334172,5346.000,0,0.000000,0.000000,0.000000,0.000000
tracking_cdrone3_20260822_111710_460_milestone4,milestone4,1787422705.099963903,target_map,5,7,0,detected,-8.440457,-0.573049,0.010202,-0.001955,-0.002559,-0.030898,0.856415,3.334172,5346.000,0,0.016041,0.000000,0.155614,0.354010
tracking_cdrone3_20260822_111710_460_milestone4,milestone4,1787422705.199603796,target_map,5,7,0,detected,-8.440652,-0.573304,0.007123,-0.001955,-0.002559,-0.030898,0.834994,3.334172,5346.000,0,0.115687,0.000000,0.190491,0.378922
tracking_cdrone3_20260822_111710_460_milestone4,milestone4,1787422705.300077200,target_map,5,7,0,detected,-8.440848,-0.573561,0.004019,-0.001955,-0.002559,-0.030898,0.813400,3.334172,5346.000,0,0.216144,0.000000,0.225650,0.404036
tracking_cdrone3_20260822_111710_460_milestone4,milestone4,1787422705.327578068,raw,7,7,0,detected,-8.443767,-0.569723,0.023433,-0.013552,0.013327,0.051669,0.859863,3.330416,5475.000,0,0.000000,0.000000,0.000000,0.000000
tracking_cdrone3_20260822_111710_460_milestone4,milestone4,1787422705.399609804,target_map,5,7,0,detected,-8.444316,-0.569316,0.024390,-0.008333,0.006178,0.014514,0.845701,3.330416,5475.000,0,0.065884,0.000000,0.173059,0.366471
tracking_cdrone3_20260822_111710_460_milestone4,milestone4,1787422705.499979734,target_map,5,7,0,detected,-8.445152,-0.568696,0.025846,-0.008333,0.006178,0.014514,0.824129,3.330416,5475.000,0,0.166231,0.000000,0.208181,0.391558
tracking_cdrone3_20260822_111710_460_milestone4,milestone4,1787422705.555963516,raw,7,7,0,detected,-8.437161,-0.570234,0.026309,0.028921,-0.002237,0.012591,0.857422,3.336887,5395.500,0,0.000000,0.000000,0.000000,0.000000
tracking_cdrone3_20260822_111710_460_milestone4,milestone4,1787422705.600022793,target_map,5,7,0,detected,-8.436737,-0.570180,0.026778,0.012157,0.001550,0.013456,0.849944,3.336887,5395.500,0,0.034888,0.000000,0.162211,0.358722
tracking_cdrone3_20260822_111710_460_milestone4,milestone4,1787422705.700092077,target_map,5,7,0,detected,-8.435521,-0.570025,0.028125,0.012157,0.001550,0.013456,0.828497,3.336887,5395.500,0,0.134937,0.000000,0.197228,0.383734
tracking_cdrone3_20260822_111710_460_milestone4,milestone4,1787422705.798001528,raw,7,7,0,detected,-8.425137,-0.565405,0.000754,0.049681,0.019952,-0.105587,0.858398,3.349556,5610.000,0,0.000000,0.000000,0.000000,0.000000
tracking_cdrone3_20260822_111710_460_milestone4,milestone4,1787422705.799721479,target_map,5,7,0,detected,-8.434310,-0.569870,0.029466,0.012157,0.001550,0.013456,0.807137,3.336887,5395.500,0,0.234587,0.000000,0.232105,0.408647
tracking_cdrone3_20260822_111710_460_milestone4,milestone4,1787422705.900089502,target_map,5,7,0,detected,-8.422032,-0.564300,-0.004170,0.032795,0.011671,-0.052018,0.838085,3.349556,5610.000,0,0.094659,0.000000,0.183131,0.373665
tracking_cdrone3_20260822_111710_460_milestone4,milestone4,1787422706.001330137,target_map,5,7,0,detected,-8.418739,-0.563128,-0.009393,0.032795,0.011671,-0.052018,0.816537,3.349556,5610.000,0,0.195067,0.000000,0.218273,0.398767
tracking_cdrone3_20260822_111710_460_milestone4,milestone4,1787422706.055556297,raw,7,7,0,detected,-8.421074,-0.570407,0.022261,0.015774,-0.019420,0.083499,0.854980,3.353040,5479.250,0,0.000000,0.000000,0.000000,0.000000
tracking_cdrone3_20260822_111710_460_milestone4,milestone4,1787422706.099910736,target_map,5,7,0,detected,-8.420095,-0.570633,0.023201,0.023434,-0.005429,0.022517,0.846059,3.353040,5479.250,0,0.041738,0.000000,0.164608,0.360434
tracking_cdrone3_20260822_111710_460_milestone4,milestone4,1787422706.200741529,target_map,5,7,0,detected,-8.417733,-0.571181,0.025471,0.023434,-0.005429,0.022517,0.824508,3.353040,5479.250,0,0.142563,0.000000,0.199897,0.385641
tracking_cdrone3_20260822_111710_460_milestone4,milestone4,1787422706.296933413,raw,7,7,0,detected,-8.416987,-0.574877,0.018088,0.016931,-0.018523,-0.017291,0.872070,3.357577,5407.750,0,0.000000,0.000000,0.000000,0.000000
tracking_cdrone3_20260822_111710_460_milestone4,milestone4,1787422706.301340580,target_map,5,7,0,detected,-8.415376,-0.571727,0.027737,0.023434,-0.005429,0.022517,0.803005,3.353040,5479.250,0,0.243168,0.000000,0.235109,0.410792
tracking_cdrone3_20260822_111710_460_milestone4,milestone4,1787422706.399587393,target_map,5,7,0,detected,-8.415316,-0.575941,0.018141,0.019857,-0.012631,0.000622,0.853718,3.357577,5407.750,0,0.084177,0.000000,0.179462,0.371044
tracking_cdrone3_20260822_111710_460_milestone4,milestone4,1787422706.499949694,target_map,5,7,0,detected,-8.413323,-0.577208,0.018203,0.019857,-0.012631,0.000622,0.831839,3.357577,5407.750,0,0.184531,0.000000,0.214586,0.396133
tracking_cdrone3_20260822_111710_460_milestone4,milestone4,1787422706.533483267,raw,7,7,0,detected,-8.430264,-0.567128,0.024809,-0.056124,0.032758,0.028409,0.858887,3.343801,5292.000,1,0.000000,0.000000,0.000000,0.000000
tracking_cdrone3_20260822_111710_460_milestone4,milestone4,1787422706.600010633,target_map,5,7,0,detected,-8.431586,-0.566385,0.025767,-0.021932,0.012333,0.015905,0.845951,3.343801,5292.000,1,0.060246,0.000000,0.171086,0.365062
tracking_cdrone3_20260822_111710_460_milestone4,milestone4,1787422706.700135708,target_map,5,7,0,detected,-8.433782,-0.565150,0.027359,-0.021932,0.012333,0.015905,0.824451,3.343801,5292.000,1,0.160376,0.000000,0.206131,0.390094
tracking_cdrone3_20260822_111710_460_milestone4,milestone4,1787422706.755640030,raw,7,7,0,detected,-8.426178,-0.572192,0.016694,0.018391,-0.022791,-0.036526,0.858398,3.348308,5425.000,0,0.000000,0.000000,0.000000,0.000000
tracking_cdrone3_20260822_111710_460_milestone4,milestone4,1787422706.800170422,target_map,5,7,0,detected,-8.426168,-0.572453,0.016210,0.000246,-0.006985,-0.012932,0.850371,3.348308,5425.000,0,0.037409,0.000000,0.163093,0.359352
tracking_cdrone3_20260822_111710_460_milestone4,milestone4,1787422706.899699688,target_map,5,7,0,detected,-8.426145,-0.573148,0.014923,0.000246,-0.006985,-0.012932,0.829010,3.348308,5425.000,0,0.136943,0.000000,0.197930,0.384236
tracking_cdrone3_20260822_111710_460_milestone4,milestone4,1787422706.999998093,target_map,5,7,0,detected,-8.426120,-0.573849,0.013626,0.000246,-0.006985,-0.012932,0.807488,3.348308,5425.000,0,0.237233,0.000000,0.233032,0.409308
tracking_cdrone3_20260822_111710_460_milestone4,milestone4,1787422707.005394936,raw,7,7,0,detected,-8.418880,-0.569281,0.016277,0.029222,0.011653,-0.001668,0.857422,3.355390,5346.000,0,0.000000,0.000000,0.000000,0.000000
tracking_cdrone3_20260822_111710_460_milestone4,milestone4,1787422707.099934340,target_map,5,7,0,detected,-8.417397,-0.568982,0.015660,0.016183,0.003266,-0.006737,0.837782,3.355390,5346.000,0,0.091622,0.000000,0.182068,0.372906
tracking_cdrone3_20260822_111710_460_milestone4,milestone4,1787422707.199754238,target_map,5,7,0,detected,-8.415782,-0.568656,0.014987,0.016183,0.003266,-0.006737,0.816383,3.355390,5346.000,0,0.191451,0.000000,0.217008,0.397863
tracking_cdrone3_20260822_111710_460_milestone4,milestone4,1787422707.258049250,raw,7,7,0,detected,-8.401825,-0.575027,0.026793,0.067497,-0.022740,0.041618,0.851074,3.372389,5500.000,0,0.000000,0.000000,0.000000,0.000000
tracking_cdrone3_20260822_111710_460_milestone4,milestone4,1787422707.299928904,target_map,5,7,0,detected,-8.400699,-0.575307,0.027297,0.044406,-0.011038,0.019858,0.845676,3.372389,5500.000,0,0.025370,0.000000,0.158880,0.356343
tracking_cdrone3_20260822_111710_460_milestone4,milestone4,1787422707.399672985,target_map,5,7,0,detected,-8.396269,-0.576408,0.029278,0.044406,-0.011038,0.019858,0.824454,3.372389,5500.000,0,0.125114,0.000000,0.193790,0.381279
tracking_cdrone3_20260822_111710_460_milestone4,milestone4,1787422707.494982958,raw,7,7,0,detected,-8.402693,-0.573459,0.026410,-0.003664,0.006620,-0.001617,0.763184,3.371500,5365.500,0,0.000000,0.000000,0.000000,0.000000
tracking_cdrone3_20260822_111710_460_milestone4,milestone4,1787422707.506209850,target_map,5,7,0,detected,-8.402674,-0.573460,0.026419,0.017968,-0.001326,0.008047,0.762978,3.371500,5365.500,0,0.001080,0.000000,0.150378,0.350270
tracking_cdrone3_20260822_111710_460_milestone4,milestone4,1787422707.600026608,target_map,5,7,0,detected,-8.400989,-0.573585,0.027174,0.017968,-0.001326,0.008047,0.745085,3.371500,5365.500,0,0.094860,0.000000,0.183201,0.373715
tracking_cdrone3_20260822_111710_460_milestone4,milestone4,1787422707.700937748,target_map,5,7,0,detected,-8.399175,-0.573718,0.027986,0.017968,-0.001326,0.008047,0.725830,3.371500,5365.500,0,0.195780,0.000000,0.218523,0.398945
tracking_cdrone3_20260822_111710_460_milestone4,milestone4,1787422707.738599300,raw,7,7,0,detected,-8.424380,-0.567646,0.026704,-0.089025,0.023862,0.001205,0.854980,3.349619,5316.500,1,0.000000,0.000000,0.000000,0.000000
tracking_cdrone3_20260822_111710_460_milestone4,milestone4,1787422707.799618483,target_map,5,7,0,detected,-8.426682,-0.566940,0.026945,-0.040878,0.012528,0.004284,0.842942,3.349619,5316.500,1,0.056320,0.000000,0.169712,0.364080
tracking_cdrone3_20260822_111710_460_milestone4,milestone4,1787422707.900003910,target_map,5,7,0,detected,-8.430785,-0.565683,0.027375,-0.040878,0.012528,0.004284,0.821492,3.349619,5316.500,1,0.156677,0.000000,0.204837,0.389169
tracking_cdrone3_20260822_111710_460_milestone4,milestone4,1787422707.990009069,raw,7,7,0,detected,-8.405767,-0.574196,0.026920,0.074032,-0.026052,0.000862,0.870117,3.368501,5439.000,0,0.000000,0.000000,0.000000,0.000000
tracking_cdrone3_20260822_111710_460_milestone4,milestone4,1787422708.000590324,target_map,5,7,0,detected,-8.405596,-0.574263,0.026939,0.022322,-0.008691,0.002402,0.868443,3.368501,5439.000,0,0.007695,0.000000,0.152693,0.351924
tracking_cdrone3_20260822_111710_460_milestone4,milestone4,1787422708.099921465,target_map,5,7,0,detected,-8.403378,-0.575126,0.027178,0.022322,-0.008691,0.002402,0.846833,3.368501,5439.000,0,0.107037,0.000000,0.187463,0.376759
tracking_cdrone3_20260822_111710_460_milestone4,milestone4,1787422708.199793577,target_map,5,7,0,detected,-8.401149,-0.575994,0.027417,0.022322,-0.008691,0.002402,0.825109,3.368501,5439.000,0,0.206906,0.000000,0.222417,0.401727
tracking_cdrone3_20260822_111710_460_milestone4,milestone4,1787422708.228571177,raw,7,7,0,detected,-8.412480,-0.567067,0.002576,-0.028141,0.029881,-0.102049,0.782715,3.362189,5469.750,0,0.000000,0.000000,0.000000,0.000000
tracking_cdrone3_20260822_111710_460_milestone4,milestone4,1787422708.300161362,target_map,5,7,0,detected,-8.412845,-0.566227,-0.001119,-0.005433,0.012524,-0.055046,0.769580,3.362189,5469.750,0,0.067125,0.000000,0.173494,0.366781
tracking_cdrone3_20260822_111710_460_milestone4,milestone4,1787422708.399574280,target_map,5,7,0,detected,-8.413385,-0.564982,-0.006591,-0.005433,0.012524,-0.055046,0.750126,3.362189,5469.750,0,0.166545,0.000000,0.208291,0.391636
tracking_cdrone3_20260822_111710_460_milestone4,milestone4,1787422708.484193802,raw,7,7,0,detected,-8.413279,-0.576040,0.025720,-0.003122,-0.035102,0.090537,0.860352,3.361078,5272.500,0,0.000000,0.000000,0.000000,0.000000
tracking_cdrone3_20260822_111710_460_milestone4,milestone4,1787422708.499634743,target_map,5,7,0,detected,-8.413332,-0.576217,0.026043,-0.004162,-0.013670,0.025025,0.857575,3.361078,5272.500,0,0.012909,0.000000,0.154518,0.353227
tracking_cdrone3_20260822_111710_460_milestone4,milestone4,1787422708.599604368,target_map,5,7,0,detected,-8.413749,-0.577583,0.028545,-0.004162,-0.013670,0.025025,0.836072,3.361078,5272.500,0,0.112881,0.000000,0.189508,0.378220
tracking_cdrone3_20260822_111710_460_milestone4,milestone4,1787422708.700389385,target_map,5,7,0,detected,-8.414167,-0.578961,0.031066,-0.004162,-0.013670,0.025025,0.814400,3.361078,5272.500,0,0.213643,0.000000,0.224775,0.403411
tracking_cdrone3_20260822_111710_460_milestone4,milestone4,1787422708.741348505,raw,7,7,0,detected,-8.423716,-0.565852,-0.002469,-0.040586,0.039618,-0.109616,0.856934,3.350750,5346.000,0,0.000000,0.000000,0.000000,0.000000
tracking_cdrone3_20260822_111710_460_milestone4,milestone4,1787422708.799937248,target_map,5,7,0,detected,-8.425057,-0.564985,-0.005188,-0.024195,0.015638,-0.049028,0.845051,3.350750,5346.000,0,0.055466,0.000000,0.169413,0.363867
tracking_cdrone3_20260822_111710_460_milestone4,milestone4,1787422708.900216103,target_map,5,7,0,detected,-8.427484,-0.563417,-0.010104,-0.024195,0.015638,-0.049028,0.823571,3.350750,5346.000,0,0.155731,0.000000,0.204506,0.388933
tracking_cdrone3_20260822_111710_460_milestone4,milestone4,1787422708.983546257,raw,7,7,0,detected,-8.423728,-0.567602,0.025764,-0.000051,-0.007226,0.116571,0.867188,3.350211,5383.500,0,0.000000,0.000000,0.000000,0.000000
tracking_cdrone3_20260822_111710_460_milestone4,milestone4,1787422709.000378132,target_map,5,7,0,detected,-8.423842,-0.567570,0.026206,-0.010916,0.003063,0.042051,0.864907,3.350211,5383.500,0,0.010520,0.000000,0.153682,0.352630
tracking_cdrone3_20260822_111710_460_milestone4,milestone4,1787422709.100019932,target_map,5,7,0,detected,-8.424931,-0.567265,0.030396,-0.010916,0.003063,0.042051,0.843309,3.350211,5383.500,0,0.110142,0.000000,0.188550,0.377535
tracking_cdrone3_20260822_111710_460_milestone4,milestone4,1787422709.199711323,target_map,5,7,0,detected,-8.426019,-0.566960,0.034588,-0.010916,0.003063,0.042051,0.821694,3.350211,5383.500,0,0.209845,0.000000,0.223446,0.402461
tracking_cdrone3_20260822_111710_460_milestone4,milestone4,1787422709.231864214,raw,7,7,0,detected,-8.424743,-0.565443,0.023315,-0.004084,0.008696,-0.009864,0.870605,3.349139,5328.000,0,0.000000,0.000000,0.000000,0.000000
tracking_cdrone3_20260822_111710_460_milestone4,milestone4,1787422709.299956799,target_map,5,7,0,detected,-8.425193,-0.565056,0.024163,-0.007158,0.006161,0.013498,0.856924,3.349139,5328.000,0,0.062862,0.000000,0.172002,0.365715
tracking_cdrone3_20260822_111710_460_milestone4,milestone4,1787422709.400385141,target_map,5,7,0,detected,-8.425912,-0.564437,0.025519,-0.007158,0.006161,0.013498,0.835064,3.349139,5328.000,0,0.163293,0.000000,0.207153,0.390823
tracking_cdrone3_20260822_111710_460_milestone4,milestone4,1787422709.490933657,raw,7,7,0,detected,-8.421602,-0.567498,0.022511,0.012121,-0.007932,-0.003102,0.849121,3.352424,5500.000,0,0.000000,0.000000,0.000000,0.000000
tracking_cdrone3_20260822_111710_460_milestone4,milestone4,1787422709.500841618,target_map,5,7,0,detected,-8.421588,-0.567504,0.022529,0.003445,-0.001590,0.004368,0.848265,3.352424,5500.000,0,0.004031,0.000000,0.151411,0.351008
tracking_cdrone3_20260822_111710_460_milestone4,milestone4,1787422709.599917650,target_map,5,7,0,detected,-8.421247,-0.567662,0.022961,0.003445,-0.001590,0.004368,0.827235,3.352424,5500.000,0,0.103102,0.000000,0.186086,0.375775
tracking_cdrone3_20260822_111710_460_milestone4,milestone4,1787422709.700153828,target_map,5,7,0,detected,-8.420901,-0.567821,0.023399,0.003445,-0.001590,0.004368,0.805958,3.352424,5500.000,0,0.203332,0.000000,0.221166,0.400833
tracking_cdrone3_20260822_111710_460_milestone4,milestone4,1787422709.748046160,raw,7,7,0,detected,-8.410604,-0.572688,0.029836,0.042775,-0.020185,0.028487,0.861328,3.363558,5383.500,0,0.000000,0.000000,0.000000,0.000000
tracking_cdrone3_20260822_111710_460_milestone4,milestone4,1787422709.799925327,target_map,5,7,0,detected,-8.409454,-0.573229,0.030644,0.025077,-0.011817,0.017633,0.851461,3.363558,5383.500,0,0.045825,0.000000,0.166039,0.361456
tracking_cdrone3_20260822_111710_460_milestone4,milestone4,1787422709.900036097,target_map,5,7,0,detected,-8.406944,-0.574412,0.032409,0.025077,-0.011817,0.017633,0.829904,3.363558,5383.500,0,0.145936,0.000000,0.201077,0.386484
tracking_cdrone3_20260822_111710_460_milestone4,milestone4,1787422709.976416826,raw,7,7,0,detected,-8.422807,-0.569486,0.024415,-0.053435,0.014019,-0.023737,0.715820,3.351247,5341.000,1,0.000000,0.000000,0.000000,0.000000
tracking_cdrone3_20260822_111710_460_milestone4,milestone4,1787422710.000364065,target_map,5,7,0,detected,-8.423160,-0.569440,0.024315,-0.018105,0.002393,-0.005120,0.712332,3.351247,5341.000,1,0.019493,0.000000,0.156823,0.354873
tracking_cdrone3_20260822_111710_460_milestone4,milestone4,1787422710.099627018,target_map,5,7,0,detected,-8.424957,-0.569202,0.023807,-0.018105,0.002393,-0.005120,0.694568,3.351247,5341.000,1,0.118757,0.000000,0.191565,0.379689
tracking_cdrone3_20260822_111710_460_milestone4,milestone4,1787422710.199740648,target_map,5,7,0,detected,-8.426769,-0.568963,0.023294,-0.018105,0.002393,-0.005120,0.676655,3.351247,5341.000,1,0.218857,0.000000,0.226600,0.404714
tracking_cdrone3_20260822_111710_460_milestone4,milestone4,1787422710.244832516,raw,7,7,0,detected,-8.422477,-0.575409,0.023495,0.001229,-0.022065,-0.003429,0.857422,3.351878,5335.000,0,0.000000,0.000000,0.000000,0.000000
tracking_cdrone3_20260822_111710_460_milestone4,milestone4,1787422710.299904823,target_map,5,7,0,detected,-8.422845,-0.575953,0.023288,-0.007471,-0.011059,-0.004190,0.846868,3.351878,5335.000,0,0.049234,0.000000,0.167232,0.362309
tracking_cdrone3_20260822_111710_460_milestone4,milestone4,1787422710.399973392,target_map,5,7,0,detected,-8.423593,-0.577060,0.022869,-0.007471,-0.011059,-0.004190,0.825419,3.351878,5335.000,0,0.149299,0.000000,0.202255,0.387325
tracking_cdrone3_20260822_111710_460_milestone4,milestone4,1787422710.483134747,raw,7,7,0,detected,-8.420979,-0.572819,0.022554,0.006288,0.010866,-0.003947,0.848145,3.353214,5425.000,0,0.000000,0.000000,0.000000,0.000000
tracking_cdrone3_20260822_111710_460_milestone4,milestone4,1787422710.500796318,target_map,5,7,0,detected,-8.420978,-0.572805,0.022495,0.000096,0.001000,-0.004056,0.845045,3.353214,5425.000,0,0.014617,0.000000,0.155116,0.353654
tracking_cdrone3_20260822_111710_460_milestone4,milestone4,1787422710.601234913,target_map,5,7,0,detected,-8.420967,-0.572705,0.022089,0.000096,0.001000,-0.004056,0.823836,3.353214,5425.000,0,0.114643,0.000000,0.190125,0.378661
tracking_cdrone3_20260822_111710_460_milestone4,milestone4,1787422710.700356245,target_map,5,7,0,detected,-8.420958,-0.572605,0.021685,0.000096,0.001000,-0.004056,0.802733,3.353214,5425.000,0,0.214170,0.000000,0.224959,0.403542
tracking_cdrone3_20260822_111710_460_milestone4,milestone4,1787422710.722447157,raw,7,7,0,detected,-8.402963,-0.569027,0.019843,0.075280,0.015847,-0.011329,0.852539,3.371245,5365.500,0,0.000000,0.000000,0.000000,0.000000
tracking_cdrone3_20260822_111710_460_milestone4,milestone4,1787422710.801408768,target_map,5,7,0,detected,-8.399813,-0.568330,0.019230,0.041447,0.009166,-0.008056,0.836341,3.371245,5365.500,0,0.076001,0.000000,0.176600,0.369000
tracking_cdrone3_20260822_111710_460_milestone4,milestone4,1787422710.899966002,target_map,5,7,0,detected,-8.395728,-0.567427,0.018437,0.041447,0.009166,-0.008056,0.815337,3.371245,5365.500,0,0.174549,0.000000,0.211092,0.393637
tracking_cdrone3_20260822_111710_460_milestone4,milestone4,1787422710.963171482,raw,7,7,0,detected,-8.405765,-0.573163,0.018683,-0.011638,-0.017182,-0.004819,0.852051,3.368606,5328.000,0,0.000000,0.000000,0.000000,0.000000
tracking_cdrone3_20260822_111710_460_milestone4,milestone4,1787422711.000290871,target_map,5,7,0,detected,-8.405357,-0.573340,0.018474,0.012250,-0.005326,-0.006276,0.844972,3.368606,5328.000,0,0.033234,0.000000,0.161632,0.358308
tracking_cdrone3_20260822_111710_460_milestone4,milestone4,1787422711.100008726,target_map,5,7,0,detected,-8.404136,-0.573871,0.017849,0.012250,-0.005326,-0.006276,0.823735,3.368606,5328.000,0,0.132929,0.000000,0.196525,0.383232
tracking_cdrone3_20260822_111710_460_milestone4,milestone4,1787422711.193679333,raw,7,7,0,detected,-8.421655,-0.571005,0.024020,-0.068939,0.009365,0.023153,0.855957,3.352402,5395.500,1,0.000000,0.000000,0.000000,0.000000
tracking_cdrone3_20260822_111710_460_milestone4,milestone4,1787422711.199897289,target_map,5,7,0,detected,-8.421701,-0.571001,0.024034,-0.032404,0.002754,0.009910,0.855647,3.352402,5395.500,1,0.001448,0.000000,0.150507,0.350362
tracking_cdrone3_20260822_111710_460_milestone4,milestone4,1787422711.300042391,target_map,5,7,0,detected,-8.424944,-0.570725,0.025025,-0.032404,0.002754,0.009910,0.834238,3.352402,5395.500,1,0.101496,0.000000,0.185523,0.375374
tracking_cdrone3_20260822_111710_460_milestone4,milestone4,1787422711.401521921,target_map,5,7,0,detected,-8.428234,-0.570445,0.026032,-0.032404,0.002754,0.009910,0.812507,3.352402,5395.500,1,0.203047,0.000000,0.221066,0.400762
tracking_cdrone3_20260822_111710_460_milestone4,milestone4,1787422711.432400227,raw,7,7,0,detected,-8.415185,-0.572617,0.024912,0.027102,-0.006753,0.003737,0.859863,3.358993,5346.000,0,0.000000,0.000000,0.000000,0.000000
tracking_cdrone3_20260822_111710_460_milestone4,milestone4,1787422711.499883413,target_map,5,7,0,detected,-8.415167,-0.572758,0.025283,0.000325,-0.002475,0.006515,0.847597,3.358993,5346.000,0,0.057060,0.000000,0.169971,0.364265
tracking_cdrone3_20260822_111710_460_milestone4,milestone4,1787422711.599965096,target_map,5,7,0,detected,-8.415134,-0.573005,0.025935,0.000325,-0.002475,0.006515,0.826085,3.358993,5346.000,0,0.157132,0.000000,0.204996,0.389283
tracking_cdrone3_20260822_111710_460_milestone4,milestone4,1787422711.659718513,raw,7,7,0,detected,-8.410818,-0.567117,0.017219,0.019209,0.024189,-0.033837,0.867188,3.363309,5407.750,0,0.000000,0.000000,0.000000,0.000000
tracking_cdrone3_20260822_111710_460_milestone4,milestone4,1787422711.699945450,target_map,5,7,0,detected,-8.410432,-0.566677,0.016653,0.010711,0.012190,-0.015679,0.859361,3.363309,5407.750,0,0.036099,0.000000,0.162635,0.359025
tracking_cdrone3_20260822_111710_460_milestone4,milestone4,1787422711.800500393,target_map,5,7,0,detected,-8.409354,-0.565452,0.015076,0.010711,0.012190,-0.015679,0.837562,3.363309,5407.750,0,0.136651,0.000000,0.197828,0.384163
tracking_cdrone3_20260822_111710_460_milestone4,milestone4,1787422711.900225401,target_map,5,7,0,detected,-8.408286,-0.564236,0.013513,0.010711,0.012190,-0.015679,0.815944,3.363309,5407.750,0,0.236368,0.000000,0.232729,0.409092
tracking_cdrone3_20260822_111710_460_milestone4,milestone4,1787422711.904667616,raw,7,7,0,detected,-8.422911,-0.569630,0.018915,-0.049376,-0.010260,0.006925,0.849609,3.351305,5425.000,0,0.000000,0.000000,0.000000,0.000000
tracking_cdrone3_20260822_111710_460_milestone4,milestone4,1787422711.999929428,target_map,5,7,0,detected,-8.424793,-0.569643,0.018641,-0.022337,-0.000157,-0.003246,0.831705,3.351305,5425.000,0,0.084296,0.000000,0.179504,0.371074
tracking_cdrone3_20260822_111710_460_milestone4,milestone4,1787422712.100113869,target_map,5,7,0,detected,-8.427031,-0.569659,0.018316,-0.022337,-0.000157,-0.003246,0.810429,3.351305,5425.000,0,0.184462,0.000000,0.214562,0.396116
tracking_cdrone3_20260822_111710_460_milestone4,milestone4,1787422712.137205124,raw,7,7,0,detected,-8.421554,-0.565081,0.017516,0.005838,0.019563,-0.006017,0.850586,3.352522,5425.000,0,0.000000,0.000000,0.000000,0.000000
tracking_cdrone3_20260822_111710_460_milestone4,milestone4,1787422712.199576139,target_map,5,7,0,detected,-8.421959,-0.564447,0.017233,-0.006841,0.010689,-0.004770,0.837978,3.352522,5425.000,0,0.059289,0.000000,0.170751,0.364822
tracking_cdrone3_20260822_111710_460_milestone4,milestone4,1787422712.300006390,target_map,5,7,0,detected,-8.422646,-0.563374,0.016754,-0.006841,0.010689,-0.004770,0.816627,3.352522,5425.000,0,0.159696,0.000000,0.205893,0.389924
tracking_cdrone3_20260822_111710_460_milestone4,milestone4,1787422712.383830070,raw,7,7,0,detected,-8.415970,-0.567628,0.022129,0.022640,-0.010328,0.018703,0.852539,3.358012,5425.000,0,0.000000,0.000000,0.000000,0.000000
tracking_cdrone3_20260822_111710_460_milestone4,milestone4,1787422712.404415369,target_map,5,7,0,detected,-8.415823,-0.567642,0.022256,0.009374,-0.000871,0.008140,0.849209,3.358012,5425.000,0,0.015623,0.000000,0.155468,0.353906
tracking_cdrone3_20260822_111710_460_milestone4,milestone4,1787422712.499907255,target_map,5,7,0,detected,-8.414928,-0.567725,0.023033,0.009374,-0.000871,0.008140,0.828857,3.358012,5425.000,0,0.111114,0.000000,0.188890,0.377778
tracking_cdrone3_20260822_111710_460_milestone4,milestone4,1787422712.599643230,target_map,5,7,0,detected,-8.413994,-0.567812,0.023845,0.009374,-0.000871,0.008140,0.807600,3.358012,5425.000,0,0.210849,0.000000,0.223797,0.402712
tracking_cdrone3_20260822_111710_460_milestone4,milestone4,1787422712.632756472,raw,7,7,0,detected,-8.409265,-0.569107,0.017598,0.026937,-0.005942,-0.018204,0.851074,3.364947,5420.250,0,0.000000,0.000000,0.000000,0.000000
tracking_cdrone3_20260822_111710_460_milestone4,milestone4,1787422712.699651241,target_map,5,7,0,detected,-8.408128,-0.569326,0.017219,0.019033,-0.003660,-0.006349,0.838371,3.364947,5420.250,0,0.059703,0.000000,0.170896,0.364926
tracking_cdrone3_20260822_111710_460_milestone4,milestone4,1787422712.799753189,target_map,5,7,0,detected,-8.406223,-0.569692,0.016583,0.019033,-0.003660,-0.006349,0.817074,3.364947,5420.250,0,0.159801,0.000000,0.205930,0.389950
tracking_cdrone3_20260822_111710_460_milestone4,milestone4,1787422712.883802414,raw,7,7,0,detected,-8.397891,-0.568768,0.025774,0.045299,0.001352,0.032565,0.868652,3.376079,5304.000,0,0.000000,0.000000,0.000000,0.000000
tracking_cdrone3_20260822_111710_460_milestone4,milestone4,1787422712.900123835,target_map,5,7,0,detected,-8.397448,-0.568780,0.025974,0.033480,-0.000903,0.015054,0.865778,3.376079,5304.000,0,0.013236,0.000000,0.154632,0.353309
tracking_cdrone3_20260822_111710_460_milestone4,milestone4,1787422713.000073195,target_map,5,7,0,detected,-8.394101,-0.568870,0.027478,0.033480,-0.000903,0.015054,0.844071,3.376079,5304.000,0,0.113192,0.000000,0.189617,0.378298
tracking_cdrone3_20260822_111710_460_milestone4,milestone4,1787422713.099751949,target_map,5,7,0,detected,-8.390764,-0.568960,0.028979,0.033480,-0.000903,0.015054,0.822425,3.376079,5304.000,0,0.212869,0.000000,0.224504,0.403217
tracking_cdrone3_20260822_111710_460_milestone4,milestone4,1787422713.138563395,raw,7,7,0,detected,-8.419395,-0.575505,0.018838,-0.084423,-0.026448,-0.027231,0.852539,3.354861,5420.250,1,0.000000,0.000000,0.000000,0.000000
tracking_cdrone3_20260822_111710_460_milestone4,milestone4,1787422713.199948788,target_map,5,7,0,detected,-8.421246,-0.576387,0.018354,-0.031367,-0.014953,-0.008203,0.839968,3.354861,5420.250,1,0.058982,0.000000,0.170644,0.364745
tracking_cdrone3_20260822_111710_460_milestone4,milestone4,1787422713.299945354,target_map,5,7,0,detected,-8.424382,-0.577882,0.017534,-0.031367,-0.014953,-0.008203,0.818656,3.354861,5420.250,1,0.158976,0.000000,0.205642,0.389744
tracking_cdrone3_20260822_111710_460_milestone4,milestone4,1787422713.376105309,raw,7,7,0,detected,-8.419417,-0.569663,0.021500,-0.000091,0.024590,0.011208,0.861816,3.354745,5310.750,0,0.000000,0.000000,0.000000,0.000000
tracking_cdrone3_20260822_111710_460_milestone4,milestone4,1787422713.400163174,target_map,5,7,0,detected,-8.419717,-0.569520,0.021553,-0.014165,0.006796,0.002473,0.857264,3.354745,5310.750,0,0.021128,0.000000,0.157395,0.355282
tracking_cdrone3_20260822_111710_460_milestone4,milestone4,1787422713.500066280,target_map,5,7,0,detected,-8.421132,-0.568841,0.021800,-0.014165,0.006796,0.002473,0.835740,3.354745,5310.750,0,0.121031,0.000000,0.192361,0.380258
tracking_cdrone3_20260822_111710_460_milestone4,milestone4,1787422713.600176811,target_map,5,7,0,detected,-8.422550,-0.568161,0.022047,-0.014165,0.006796,0.002473,0.814173,3.354745,5310.750,0,0.221130,0.000000,0.227395,0.405282
tracking_cdrone3_20260822_111710_460_milestone4,milestone4,1787422713.605284929,raw,7,7,0,detected,-8.408998,-0.569395,0.025087,0.045454,0.001172,0.015649,0.856934,3.365093,5370.750,0,0.000000,0.000000,0.000000,0.000000
tracking_cdrone3_20260822_111710_460_milestone4,milestone4,1787422713.699931145,target_map,5,7,0,detected,-8.407290,-0.569055,0.025979,0.018625,0.003703,0.009720,0.837272,3.365093,5370.750,0,0.091776,0.000000,0.182122,0.372944
tracking_cdrone3_20260822_111710_460_milestone4,milestone4,1787422713.800247431,target_map,5,7,0,detected,-8.405421,-0.568683,0.026954,0.018625,0.003703,0.009720,0.815785,3.365093,5370.750,0,0.192074,0.000000,0.217226,0.398018
tracking_cdrone3_20260822_111710_460_milestone4,milestone4,1787422713.843469143,raw,7,7,0,detected,-8.411978,-0.567207,0.018575,-0.012507,0.009185,-0.027343,0.849609,3.362068,5425.000,0,0.000000,0.000000,0.000000,0.000000
tracking_cdrone3_20260822_111710_460_milestone4,milestone4,1787422713.900179625,target_map,5,7,0,detected,-8.411898,-0.566849,0.018007,0.001503,0.006718,-0.010665,0.838291,3.362068,5425.000,0,0.053286,0.000000,0.168650,0.363322
tracking_cdrone3_20260822_111710_460_milestone4,milestone4,1787422714.000514030,target_map,5,7,0,detected,-8.411747,-0.566175,0.016937,0.001503,0.006718,-0.010665,0.816982,3.362068,5425.000,0,0.153610,0.000000,0.203764,0.388403
tracking_cdrone3_20260822_111710_460_milestone4,milestone4,1787422714.068491220,raw,7,7,0,detected,-8.417154,-0.568245,0.022330,-0.023006,-0.004613,0.016686,0.851074,3.356836,5475.000,0,0.000000,0.000000,0.000000,0.000000
tracking_cdrone3_20260822_111710_460_milestone4,milestone4,1787422714.099920034,target_map,5,7,0,detected,-8.417435,-0.568234,0.022433,-0.011977,0.000486,0.004378,0.846091,3.356836,5475.000,0,0.023422,0.000000,0.158198,0.355855
tracking_cdrone3_20260822_111710_460_milestone4,milestone4,1787422714.200172186,target_map,5,7,0,detected,-8.418635,-0.568185,0.022872,-0.011977,0.000486,0.004378,0.824760,3.356836,5475.000,0,0.123674,0.000000,0.193286,0.380918
tracking_cdrone3_20260822_111710_460_milestone4,milestone4,1787422714.300759792,target_map,5,7,0,detected,-8.419840,-0.568136,0.023312,-0.011977,0.000486,0.004378,0.803361,3.356836,5475.000,0,0.224250,0.000000,0.228488,0.406063
tracking_cdrone3_20260822_111710_460_milestone4,milestone4,1787422714.317430019,raw,7,7,0,detected,-8.407006,-0.573682,0.014225,0.040742,-0.021825,-0.032541,0.849121,3.367469,5529.750,0,0.000000,0.000000,0.000000,0.000000
tracking_cdrone3_20260822_111710_460_milestone4,milestone4,1787422714.400287867,target_map,5,7,0,detected,-8.405661,-0.574613,0.012966,0.017019,-0.011785,-0.015927,0.832340,3.367469,5529.750,0,0.079051,0.000000,0.177668,0.369763
tracking_cdrone3_20260822_111710_460_milestone4,milestone4,1787422714.499643803,target_map,5,7,0,detected,-8.403970,-0.575785,0.011383,0.017019,-0.011785,-0.015927,0.811241,3.367469,5529.750,0,0.178445,0.000000,0.212456,0.394611
tracking_cdrone3_20260822_111710_460_milestone4,milestone4,1787422714.577392101,raw,7,7,0,detected,-8.414197,-0.571730,0.020143,-0.027677,0.007510,0.022778,0.849609,3.360139,5316.500,0,0.000000,0.000000,0.000000,0.000000
tracking_cdrone3_20260822_111710_460_milestone4,milestone4,1787422714.600319862,target_map,5,7,0,detected,-8.414351,-0.571754,0.020253,-0.007564,-0.001173,0.005361,0.845261,3.360139,5316.500,0,0.020475,0.000000,0.157166,0.355119
tracking_cdrone3_20260822_111710_460_milestone4,milestone4,1787422714.699953556,target_map,5,7,0,detected,-8.415106,-0.571871,0.020787,-0.007564,-0.001173,0.005361,0.824098,3.360139,5316.500,0,0.120107,0.000000,0.192037,0.380027
tracking_cdrone3_20260822_111710_460_milestone4,milestone4,1787422714.799970388,target_map,5,7,0,detected,-8.415862,-0.571989,0.021323,-0.007564,-0.001173,0.005361,0.802855,3.360139,5316.500,0,0.220121,0.000000,0.227042,0.405030
tracking_cdrone3_20260822_111710_460_milestone4,milestone4,1787422714.838558674,raw,7,7,0,detected,-8.419438,-0.571512,0.007218,-0.020067,0.000835,-0.049490,0.848145,3.354981,5450.000,0,0.000000,0.000000,0.000000,0.000000
tracking_cdrone3_20260822_111710_460_milestone4,milestone4,1787422714.900527954,target_map,5,7,0,detected,-8.420297,-0.571516,0.005743,-0.014441,-0.000068,-0.024807,0.835540,3.354981,5450.000,0,0.059446,0.000000,0.170806,0.364861
tracking_cdrone3_20260822_111710_460_milestone4,milestone4,1787422714.999963999,target_map,5,7,0,detected,-8.421733,-0.571523,0.003277,-0.014441,-0.000068,-0.024807,0.814459,3.354981,5450.000,0,0.158866,0.000000,0.205603,0.389716
tracking_cdrone3_20260822_111710_460_milestone4,milestone4,1787422715.081539154,raw,7,7,0,detected,-8.406642,-0.568491,0.020434,0.052648,0.012429,0.054374,0.855957,3.367427,5370.750,0,0.000000,0.000000,0.000000,0.000000
tracking_cdrone3_20260822_111710_460_milestone4,milestone4,1787422715.099890709,target_map,5,7,0,detected,-8.406300,-0.568388,0.020719,0.022458,0.006805,0.018743,0.852695,3.367427,5370.750,0,0.015246,0.000000,0.155336,0.353812
tracking_cdrone3_20260822_111710_460_milestone4,milestone4,1787422715.199902773,target_map,5,7,0,detected,-8.404054,-0.567707,0.022593,0.022458,0.006805,0.018743,0.831298,3.367427,5370.750,0,0.115234,0.000000,0.190332,0.378809
tracking_cdrone3_20260822_111710_460_milestone4,milestone4,1787422715.299973726,target_map,5,7,0,detected,-8.401806,-0.567026,0.024469,0.022458,0.006805,0.018743,0.809880,3.367427,5370.750,0,0.215326,0.000000,0.225364,0.403832
tracking_cdrone3_20260822_111710_460_milestone4,milestone4,1787422715.315683365,raw,7,7,0,detected,-8.396448,-0.571327,0.025761,0.043549,-0.012115,0.022761,0.853516,3.377611,5341.000,0,0.000000,0.000000,0.000000,0.000000
tracking_cdrone3_20260822_111710_460_milestone4,milestone4,1787422715.399989128,target_map,5,7,0,detected,-8.394068,-0.571579,0.027226,0.034058,-0.003601,0.020953,0.838603,3.377611,5341.000,0,0.069889,0.000000,0.174461,0.367472
tracking_cdrone3_20260822_111710_460_milestone4,milestone4,1787422715.500292778,target_map,5,7,0,detected,-8.390653,-0.571940,0.029327,0.034058,-0.003601,0.020953,0.817205,3.377611,5341.000,0,0.170169,0.000000,0.209559,0.392542
tracking_cdrone3_20260822_111710_460_milestone4,milestone4,1787422715.556802034,raw,7,7,0,detected,-8.406331,-0.567330,0.022754,-0.040985,0.016576,-0.012471,0.866211,3.367673,5494.500,0,0.000000,0.000000,0.000000,0.000000
tracking_cdrone3_20260822_111710_460_milestone4,milestone4,1787422715.599925756,target_map,5,7,0,detected,-8.406592,-0.567059,0.022847,-0.007216,0.007497,0.002570,0.858379,3.367673,5494.500,0,0.036167,0.000000,0.162658,0.359042
tracking_cdrone3_20260822_111710_460_milestone4,milestone4,1787422715.699702263,target_map,5,7,0,detected,-8.407311,-0.566311,0.023103,-0.007216,0.007497,0.002570,0.836779,3.367673,5494.500,0,0.135911,0.000000,0.197569,0.383978
tracking_cdrone3_20260822_111710_460_milestone4,milestone4,1787422715.799977064,target_map,5,7,0,detected,-8.408035,-0.565559,0.023361,-0.007216,0.007497,0.002570,0.815059,3.367673,5494.500,0,0.236211,0.000000,0.232674,0.409053
tracking_cdrone3_20260822_111710_460_milestone4,milestone4,1787422715.809585333,raw,7,7,0,detected,-8.410141,-0.571835,0.018806,-0.015067,-0.017815,-0.015615,0.658691,3.364103,5365.500,0,0.000000,0.000000,0.000000,0.000000
tracking_cdrone3_20260822_111710_460_milestone4,milestone4,1787422715.900014877,target_map,5,7,0,detected,-8.411136,-0.572389,0.018165,-0.011534,-0.006425,-0.007432,0.644486,3.364103,5365.500,0,0.086262,0.000000,0.180192,0.371565
tracking_cdrone3_20260822_111710_460_milestone4,milestone4,1787422716.001757860,target_map,5,7,0,detected,-8.412310,-0.573043,0.017408,-0.011534,-0.006425,-0.007432,0.627732,3.364103,5365.500,0,0.188004,0.000000,0.215802,0.397001
tracking_cdrone3_20260822_111710_460_milestone4,milestone4,1787422716.062307596,raw,7,7,0,detected,-8.410934,-0.569264,0.022093,-0.003142,0.010175,0.013013,0.851074,3.363178,5454.000,0,0.000000,0.000000,0.000000,0.000000
tracking_cdrone3_20260822_111710_460_milestone4,milestone4,1787422716.101128340,target_map,5,7,0,detected,-8.411086,-0.569205,0.022177,-0.006918,0.002705,0.003813,0.846405,3.363178,5454.000,0,0.021946,0.000000,0.157681,0.355487
tracking_cdrone3_20260822_111710_460_milestone4,milestone4,1787422716.199641705,target_map,5,7,0,detected,-8.411768,-0.568938,0.022553,-0.006918,0.002705,0.003813,0.825445,3.363178,5454.000,0,0.120456,0.000000,0.192160,0.380114
tracking_cdrone3_20260822_111710_460_milestone4,milestone4,1787422716.297332287,raw,7,7,0,detected,-8.405660,-0.571480,0.018936,0.022444,-0.009428,-0.013433,0.860352,3.368628,5414.500,0,0.000000,0.000000,0.000000,0.000000
tracking_cdrone3_20260822_111710_460_milestone4,milestone4,1787422716.300295353,target_map,5,7,0,detected,-8.412464,-0.568666,0.022936,-0.006918,0.002705,0.003813,0.804028,3.363178,5454.000,0,0.221113,0.000000,0.227390,0.405278
tracking_cdrone3_20260822_111710_460_milestone4,milestone4,1787422716.399906874,target_map,5,7,0,detected,-8.404817,-0.571842,0.018418,0.009231,-0.003968,-0.005672,0.840715,3.368628,5414.500,0,0.091296,0.000000,0.181954,0.372824
tracking_cdrone3_20260822_111710_460_milestone4,milestone4,1787422716.499715328,target_map,5,7,0,detected,-8.403895,-0.572238,0.017852,0.009231,-0.003968,-0.005672,0.819248,3.368628,5414.500,0,0.191099,0.000000,0.216885,0.397775
tracking_cdrone3_20260822_111710_460_milestone4,milestone4,1787422716.522147417,raw,7,7,0,detected,-8.406254,-0.570193,0.019808,-0.002641,0.005724,0.003877,0.857422,3.367855,5365.500,0,0.000000,0.000000,0.000000,0.000000
tracking_cdrone3_20260822_111710_460_milestone4,milestone4,1787422716.599659443,target_map,5,7,0,detected,-8.406057,-0.570094,0.019777,0.002701,0.001363,-0.000420,0.841833,3.367855,5365.500,0,0.072723,0.000000,0.175453,0.368181
tracking_cdrone3_20260822_111710_460_milestone4,milestone4,1787422716.700079441,target_map,5,7,0,detected,-8.405787,-0.569957,0.019735,0.002701,0.001363,-0.000420,0.820312,3.367855,5365.500,0,0.173122,0.000000,0.210593,0.393280
tracking_cdrone3_20260822_111710_460_milestone4,milestone4,1787422716.739812851,raw,7,7,0,detected,-8.409228,-0.567880,0.019707,-0.013664,0.010627,-0.000461,0.868652,3.364854,5359.250,0,0.000000,0.000000,0.000000,0.000000
tracking_cdrone3_20260822_111710_460_milestone4,milestone4,1787422716.800792217,target_map,5,7,0,detected,-8.409569,-0.567531,0.019683,-0.006300,0.006458,-0.000443,0.856911,3.364854,5359.250,0,0.054067,0.000000,0.168924,0.363517
tracking_cdrone3_20260822_111710_460_milestone4,milestone4,1787422716.899672031,target_map,5,7,0,detected,-8.410192,-0.566892,0.019640,-0.006300,0.006458,-0.000443,0.835437,3.364854,5359.250,0,0.152949,0.000000,0.203532,0.388237
tracking_cdrone3_20260822_111710_460_milestone4,milestone4,1787422716.997633219,raw,7,7,0,detected,-8.401637,-0.570624,0.024509,0.029434,-0.010642,0.018618,0.854004,3.372566,5370.750,0,0.000000,0.000000,0.000000,0.000000
tracking_cdrone3_20260822_111710_460_milestone4,milestone4,1787422716.999915838,target_map,5,7,2,predicted,-8.410824,-0.566245,0.019595,-0.006300,0.006458,-0.000443,0.813670,3.364854,5359.250,0,0.253186,0.253186,0.238615,0.413296
tracking_cdrone3_20260822_111710_460_milestone4,milestone4,1787422717.099923849,target_map,5,7,0,detected,-8.400348,-0.570909,0.025478,0.013354,-0.002947,0.010041,0.833394,3.372566,5370.750,0,0.096535,0.000000,0.183787,0.374134
tracking_cdrone3_20260822_111710_460_milestone4,milestone4,1787422717.200330973,target_map,5,7,0,detected,-8.399007,-0.571205,0.026486,0.013354,-0.002947,0.010041,0.811957,3.372566,5370.750,0,0.196940,0.000000,0.218929,0.399235
tracking_cdrone3_20260822_111710_460_milestone4,milestone4,1787422717.241595745,raw,7,7,0,detected,-8.419608,-0.568794,0.024770,-0.073680,0.007505,0.001069,0.865723,3.354436,5232.000,1,0.000000,0.000000,0.000000,0.000000
tracking_cdrone3_20260822_111710_460_milestone4,milestone4,1787422717.303182840,target_map,5,7,0,detected,-8.421061,-0.568676,0.024985,-0.034515,0.002802,0.005106,0.856618,3.354436,5232.000,1,0.042068,0.000000,0.164724,0.360517
tracking_cdrone3_20260822_111710_460_milestone4,milestone4,1787422717.400034428,target_map,5,7,0,detected,-8.424402,-0.568405,0.025479,-0.034515,0.002802,0.005106,0.835660,3.354436,5232.000,1,0.138903,0.000000,0.198616,0.384726
tracking_cdrone3_20260822_111710_460_milestone4,milestone4,1787422717.490036488,raw,7,7,0,detected,-8.412143,-0.571890,0.023262,0.030051,-0.012466,-0.006070,0.855469,3.362126,5267.500,0,0.000000,0.000000,0.000000,0.000000
tracking_cdrone3_20260822_111710_460_milestone4,milestone4,1787422717.501775742,target_map,5,7,0,detected,-8.412135,-0.571935,0.023254,0.000997,-0.005595,-0.001041,0.853754,3.362126,5267.500,0,0.008020,0.000000,0.152807,0.352005
tracking_cdrone3_20260822_111710_460_milestone4,milestone4,1787422717.600088120,target_map,5,7,0,detected,-8.412037,-0.572485,0.023151,0.000997,-0.005595,-0.001041,0.832729,3.362126,5267.500,0,0.106328,0.000000,0.187215,0.376582
tracking_cdrone3_20260822_111710_460_milestone4,milestone4,1787422717.699914694,target_map,5,7,0,detected,-8.411938,-0.573044,0.023047,0.000997,-0.005595,-0.001041,0.811380,3.362126,5267.500,0,0.206151,0.000000,0.222153,0.401538
tracking_cdrone3_20260822_111710_460_milestone4,milestone4,1787422717.730373383,raw,7,7,0,detected,-8.407055,-0.565256,0.017815,0.021170,0.027602,-0.022663,0.857422,3.367032,5445.000,0,0.000000,0.000000,0.000000,0.000000
tracking_cdrone3_20260822_111710_460_milestone4,milestone4,1787422717.802174330,target_map,5,7,0,detected,-8.406320,-0.564487,0.017029,0.012092,0.012663,-0.012933,0.844392,3.367032,5445.000,0,0.060786,0.000000,0.171275,0.365197
tracking_cdrone3_20260822_111710_460_milestone4,milestone4,1787422717.900074244,target_map,5,7,0,detected,-8.405136,-0.563247,0.015763,0.012092,0.012663,-0.012933,0.823412,3.367032,5445.000,0,0.158661,0.000000,0.205531,0.389665
tracking_cdrone3_20260822_111710_460_milestone4,milestone4,1787422717.999974251,target_map,5,7,2,predicted,-8.403928,-0.561982,0.014471,0.012092,0.012663,-0.012933,0.801994,3.367032,5445.000,0,0.258580,0.258580,0.240503,0.414645
tracking_cdrone3_20260822_111710_460_milestone4,milestone4,1787422718.022218466,raw,7,7,0,detected,-8.423277,-0.567436,0.022231,-0.055584,-0.007469,0.015131,0.850586,3.350761,5479.250,1,0.000000,0.000000,0.000000,0.000000
tracking_cdrone3_20260822_111710_460_milestone4,milestone4,1787422718.099897623,target_map,5,7,0,detected,-8.425045,-0.567324,0.022407,-0.025130,0.001591,0.002502,0.835626,3.350761,5479.250,1,0.070351,0.000000,0.174623,0.367588
tracking_cdrone3_20260822_111710_460_milestone4,milestone4,1787422718.199763060,target_map,5,7,0,detected,-8.427555,-0.567165,0.022657,-0.025130,0.001591,0.002502,0.814388,3.350761,5479.250,1,0.170225,0.000000,0.209579,0.392556
tracking_cdrone3_20260822_111710_460_milestone4,milestone4,1787422718.272285223,raw,7,7,0,detected,-8.423532,-0.568176,0.014890,-0.001020,-0.002957,-0.029358,0.854980,3.350812,5292.000,0,0.000000,0.000000,0.000000,0.000000
tracking_cdrone3_20260822_111710_460_milestone4,milestone4,1787422718.299933910,target_map,5,7,0,detected,-8.423830,-0.568199,0.014513,-0.011870,-0.000910,-0.015021,0.849608,3.350812,5292.000,0,0.025133,0.000000,0.158797,0.356283
tracking_cdrone3_20260822_111710_460_milestone4,milestone4,1787422718.399982929,target_map,5,7,0,detected,-8.425017,-0.568290,0.013010,-0.011870,-0.000910,-0.015021,0.828224,3.350812,5292.000,0,0.125180,0.000000,0.193813,0.381295
tracking_cdrone3_20260822_111710_460_milestone4,milestone4,1787422718.499834776,target_map,5,7,0,detected,-8.426203,-0.568380,0.011510,-0.011870,-0.000910,-0.015021,0.806881,3.350812,5292.000,0,0.225033,0.000000,0.228762,0.406258
tracking_cdrone3_20260822_111710_460_milestone4,milestone4,1787422718.521590948,raw,7,7,0,detected,-8.411139,-0.566855,0.022544,0.049700,0.005295,0.030696,0.854004,3.362911,5519.250,0,0.000000,0.000000,0.000000,0.000000
tracking_cdrone3_20260822_111710_460_milestone4,milestone4,1787422718.599518776,target_map,5,7,0,detected,-8.409646,-0.566685,0.023232,0.021994,0.002503,0.010124,0.839508,3.362911,5519.250,0,0.067898,0.000000,0.173764,0.366975
tracking_cdrone3_20260822_111710_460_milestone4,milestone4,1787422718.699903250,target_map,5,7,0,detected,-8.407438,-0.566434,0.024248,0.021994,0.002503,0.010124,0.818076,3.362911,5519.250,0,0.168280,0.000000,0.208898,0.392070
tracking_cdrone3_20260822_111710_460_milestone4,milestone4,1787422718.799642086,target_map,5,7,2,predicted,-8.405245,-0.566184,0.025258,0.021994,0.002503,0.010124,0.796780,3.362911,5519.250,0,0.268028,0.268028,0.243810,0.417007
tracking_cdrone3_20260822_111710_460_milestone4,milestone4,1787422718.858753681,raw,7,7,0,detected,-8.405705,-0.568103,0.025183,0.016118,-0.003701,0.007827,0.781738,3.368331,5439.000,0,0.000000,0.000000,0.000000,0.000000
tracking_cdrone3_20260822_111710_460_milestone4,milestone4,1787422718.899899721,target_map,5,7,0,detected,-8.405004,-0.568137,0.025514,0.018762,-0.000909,0.008860,0.774422,3.368331,5439.000,0,0.037435,0.000000,0.163102,0.359359
tracking_cdrone3_20260822_111710_460_milestone4,milestone4,1787422719.000137091,target_map,5,7,0,detected,-8.403123,-0.568228,0.026403,0.018762,-0.000909,0.008860,0.754833,3.368331,5439.000,0,0.137671,0.000000,0.198185,0.384418
tracking_cdrone3_20260822_111710_460_milestone4,milestone4,1787422719.099955082,target_map,5,7,0,detected,-8.401250,-0.568319,0.027287,0.018762,-0.000909,0.008860,0.735325,3.368331,5439.000,0,0.237486,0.000000,0.233120,0.409371
tracking_cdrone3_20260822_111710_460_milestone4,milestone4,1787422719.124902725,raw,7,7,0,detected,-8.424186,-0.572277,0.026235,-0.069423,-0.015682,0.003951,0.851074,3.349959,5400.000,1,0.000000,0.000000,0.000000,0.000000
tracking_cdrone3_20260822_111710_460_milestone4,milestone4,1787422719.200077534,target_map,5,7,0,detected,-8.426329,-0.572928,0.026678,-0.029740,-0.009034,0.006160,0.835744,3.349959,5400.000,1,0.072052,0.000000,0.175218,0.368013
tracking_cdrone3_20260822_111710_460_milestone4,milestone4,1787422719.302305222,target_map,5,7,0,detected,-8.429369,-0.573852,0.027308,-0.029740,-0.009034,0.006160,0.813994,3.349959,5400.000,1,0.174273,0.000000,0.210996,0.393568
tracking_cdrone3_20260822_111710_460_milestone4,milestone4,1787422719.410513639,target_map,5,7,2,predicted,-8.432587,-0.574830,0.027975,-0.029740,-0.009034,0.006160,0.790972,3.349959,5400.000,1,0.282475,0.282475,0.248866,0.420619
tracking_cdrone3_20260822_111710_460_milestone4,milestone4,1787422719.512453794,target_map,5,7,2,predicted,-8.435613,-0.575749,0.028602,-0.029740,-0.009034,0.006160,0.769325,3.349959,5400.000,1,0.384217,0.384217,0.284476,0.446054
tracking_cdrone3_20260822_111710_460_milestone4,milestone4,1787422719.623487473,target_map,5,7,2,predicted,-8.438921,-0.576754,0.029287,-0.029740,-0.009034,0.006160,0.745656,3.349959,5400.000,1,0.495457,0.495457,0.323410,0.473864
tracking_cdrone3_20260822_111710_460_milestone4,milestone4,1787422719.671469212,raw,7,7,0,detected,-8.404469,-0.571478,0.016137,0.036077,0.001462,-0.018477,0.845703,3.369822,5445.000,0,0.000000,0.000000,0.000000,0.000000
tracking_cdrone3_20260822_111710_460_milestone4,milestone4,1787422719.700057507,target_map,5,7,0,detected,-8.404322,-0.571553,0.015967,0.006459,-0.003261,-0.007390,0.840850,3.369822,5445.000,0,0.022953,0.000000,0.158034,0.355738
tracking_cdrone3_20260822_111710_460_milestone4,milestone4,1787422719.799930573,target_map,5,7,0,detected,-8.403676,-0.571879,0.015229,0.006459,-0.003261,-0.007390,0.819734,3.369822,5445.000,0,0.122827,0.000000,0.192989,0.380707
tracking_cdrone3_20260822_111710_460_milestone4,milestone4,1787422719.905111074,target_map,5,7,0,detected,-8.403008,-0.572216,0.014465,0.006459,-0.003261,-0.007390,0.797881,3.369822,5445.000,0,0.226187,0.000000,0.229166,0.406547
tracking_cdrone3_20260822_111710_460_milestone4,milestone4,1787422720.000186205,target_map,5,7,2,predicted,-8.402383,-0.572532,0.013749,0.006459,-0.003261,-0.007390,0.777396,3.369822,5445.000,0,0.323078,0.323078,0.263077,0.430769
tracking_cdrone3_20260822_111710_460_milestone4,milestone4,1787422720.026979446,raw,7,7,0,detected,-8.406064,-0.572793,0.012032,-0.004486,-0.003699,-0.011546,0.862793,3.368335,5407.750,0,0.000000,0.000000,0.000000,0.000000
tracking_cdrone3_20260822_111710_460_milestone4,milestone4,1787422720.100178480,target_map,5,7,0,detected,-8.406034,-0.573040,0.011352,0.000439,-0.003502,-0.009676,0.847632,3.368335,5407.750,0,0.070287,0.000000,0.174601,0.367572
tracking_cdrone3_20260822_111710_460_milestone4,milestone4,1787422720.199957609,target_map,5,7,0,detected,-8.405990,-0.573389,0.010386,0.000439,-0.003502,-0.009676,0.826108,3.368335,5407.750,0,0.170076,0.000000,0.209526,0.392519
tracking_cdrone3_20260822_111710_460_milestone4,milestone4,1787422720.297116756,raw,7,7,0,detected,-8.424249,-0.570515,0.015643,-0.067319,0.008436,0.013367,0.853516,3.350148,5425.000,1,0.000000,0.000000,0.000000,0.000000
tracking_cdrone3_20260822_111710_460_milestone4,milestone4,1787422720.305339813,target_map,5,7,2,predicted,-8.405943,-0.573758,0.009367,0.000439,-0.003502,-0.009676,0.803378,3.368335,5407.750,0,0.275453,0.275453,0.246408,0.418863
tracking_cdrone3_20260822_111710_460_milestone4,milestone4,1787422720.402621746,target_map,5,7,0,detected,-8.427455,-0.570248,0.015904,-0.036828,0.003064,0.002998,0.834937,3.350148,5425.000,1,0.087069,0.000000,0.180474,0.371767
tracking_cdrone3_20260822_111710_460_milestone4,milestone4,1787422720.500071049,target_map,5,7,0,detected,-8.431043,-0.569949,0.016196,-0.036828,0.003064,0.002998,0.814150,3.350148,5425.000,1,0.184487,0.000000,0.214570,0.396122
tracking_cdrone3_20260822_111710_460_milestone4,milestone4,1787422720.570386410,raw,7,7,0,detected,-8.419792,-0.571237,0.018382,0.016309,-0.002643,0.010024,0.854980,3.354551,5346.000,0,0.000000,0.000000,0.000000,0.000000
tracking_cdrone3_20260822_111710_460_milestone4,milestone4,1787422720.599672556,target_map,5,7,0,detected,-8.419966,-0.571239,0.018539,-0.007602,-0.000075,0.006862,0.850090,3.354551,5346.000,0,0.022881,0.000000,0.158008,0.355720
tracking_cdrone3_20260822_111710_460_milestone4,milestone4,1787422720.699944973,target_map,5,7,0,detected,-8.420729,-0.571246,0.019227,-0.007602,-0.000075,0.006862,0.828660,3.354551,5346.000,0,0.123140,0.000000,0.193099,0.380785
tracking_cdrone3_20260822_111710_460_milestone4,milestone4,1787422720.800174952,target_map,5,7,0,detected,-8.421491,-0.571254,0.019915,-0.007602,-0.000075,0.006862,0.807238,3.354551,5346.000,0,0.223361,0.000000,0.228176,0.405840
tracking_cdrone3_20260822_111710_460_milestone4,milestone4,1787422720.853608847,raw,7,7,0,detected,-8.403954,-0.568821,0.021823,0.055917,0.008530,0.012149,0.862793,3.370124,5328.000,0,0.000000,0.000000,0.000000,0.000000
tracking_cdrone3_20260822_111710_460_milestone4,milestone4,1787422720.899993896,target_map,5,7,0,detected,-8.402823,-0.568628,0.022227,0.027333,0.004658,0.009770,0.853872,3.370124,5328.000,0,0.041358,0.000000,0.164475,0.360339
tracking_cdrone3_20260822_111710_460_milestone4,milestone4,1787422721.000198126,target_map,5,7,0,detected,-8.400084,-0.568161,0.023207,0.027333,0.004658,0.009770,0.832254,3.370124,5328.000,0,0.141581,0.000000,0.199553,0.385395
tracking_cdrone3_20260822_111710_460_milestone4,milestone4,1787422721.091453314,raw,7,7,0,detected,-8.409607,-0.573556,0.029869,-0.023774,-0.019912,0.033830,0.865723,3.364486,5335.000,0,0.000000,0.000000,0.000000,0.000000
tracking_cdrone3_20260822_111710_460_milestone4,milestone4,1787422721.101624250,target_map,5,7,0,detected,-8.409612,-0.573608,0.030003,-0.000776,-0.008856,0.023003,0.864458,3.364486,5335.000,0,0.005845,0.000000,0.152046,0.351461
tracking_cdrone3_20260822_111710_460_milestone4,milestone4,1787422721.199966669,target_map,5,7,0,detected,-8.409688,-0.574479,0.032266,-0.000776,-0.008856,0.023003,0.843171,3.364486,5335.000,0,0.104196,0.000000,0.186469,0.376049
tracking_cdrone3_20260822_111710_460_milestone4,milestone4,1787422721.300671101,target_map,5,7,0,detected,-8.409766,-0.575371,0.034582,-0.000776,-0.008856,0.023003,0.821376,3.364486,5335.000,0,0.204901,0.000000,0.221715,0.401225
tracking_cdrone3_20260822_111710_460_milestone4,milestone4,1787422721.360535860,raw,7,7,0,detected,-8.408040,-0.566665,0.020852,0.005809,0.025548,-0.033428,0.851074,3.366010,5420.250,0,0.000000,0.000000,0.000000,0.000000
tracking_cdrone3_20260822_111710_460_milestone4,milestone4,1787422721.400675058,target_map,5,7,0,detected,-8.407935,-0.566293,0.020555,0.002846,0.010067,-0.008034,0.843215,3.366010,5420.250,0,0.036940,0.000000,0.162929,0.359235
tracking_cdrone3_20260822_111710_460_milestone4,milestone4,1787422721.499723673,target_map,5,7,0,detected,-8.407653,-0.565296,0.019759,0.002846,0.010067,-0.008034,0.822141,3.366010,5420.250,0,0.135986,0.000000,0.197595,0.383996
tracking_cdrone3_20260822_111710_460_milestone4,milestone4,1787422721.600367546,target_map,5,7,0,detected,-8.407367,-0.564283,0.018951,0.002846,0.010067,-0.008034,0.800729,3.366010,5420.250,0,0.236618,0.000000,0.232816,0.409154
tracking_cdrone3_20260822_111710_460_milestone4,milestone4,1787422721.614053011,raw,7,7,0,detected,-8.407800,-0.569922,0.019110,0.000950,-0.012885,-0.006890,0.858887,3.366385,5407.750,0,0.000000,0.000000,0.000000,0.000000
tracking_cdrone3_20260822_111710_460_milestone4,milestone4,1787422721.699524403,target_map,5,7,0,detected,-8.407652,-0.570131,0.018504,0.001803,-0.002557,-0.007405,0.841326,3.366385,5407.750,0,0.081782,0.000000,0.178624,0.370445
tracking_cdrone3_20260822_111710_460_milestone4,milestone4,1787422721.799989700,target_map,5,7,0,detected,-8.407471,-0.570388,0.017760,0.001803,-0.002557,-0.007405,0.819756,3.366385,5407.750,0,0.182237,0.000000,0.213783,0.395559
tracking_cdrone3_20260822_111710_460_milestone4,milestone4,1787422721.851706743,raw,7,7,0,detected,-8.411043,-0.571703,0.018199,-0.013638,-0.007489,-0.003830,0.696289,3.363212,5555.000,0,0.000000,0.000000,0.000000,0.000000
tracking_cdrone3_20260822_111710_460_milestone4,milestone4,1787422721.902078390,target_map,5,7,0,detected,-8.411364,-0.571956,0.017938,-0.006689,-0.005270,-0.005438,0.687946,3.363212,5555.000,0,0.047927,0.000000,0.166774,0.361982
tracking_cdrone3_20260822_111710_460_milestone4,milestone4,1787422722.000258684,target_map,5,7,0,detected,-8.412021,-0.572473,0.017405,-0.006689,-0.005270,-0.005438,0.670859,3.363212,5555.000,0,0.146091,0.000000,0.201132,0.386523
tracking_cdrone3_20260822_111710_460_milestone4,milestone4,1787422722.083236456,raw,7,7,0,detected,-8.413213,-0.567708,0.016181,-0.009375,0.017265,-0.008720,0.854980,3.361032,5407.750,0,0.000000,0.000000,0.000000,0.000000
tracking_cdrone3_20260822_111710_460_milestone4,milestone4,1787422722.100145817,target_map,5,7,0,detected,-8.413287,-0.567643,0.016115,-0.008166,0.007124,-0.007244,0.853021,3.361032,5407.750,0,0.009166,0.000000,0.153208,0.352291
tracking_cdrone3_20260822_111710_460_milestone4,milestone4,1787422722.200015545,target_map,5,7,0,detected,-8.414104,-0.566932,0.015392,-0.008166,0.007124,-0.007244,0.831677,3.361032,5407.750,0,0.109023,0.000000,0.188158,0.377256
tracking_cdrone3_20260822_111710_460_milestone4,milestone4,1787422722.299840212,target_map,5,7,0,detected,-8.414918,-0.566220,0.014668,-0.008166,0.007124,-0.007244,0.810338,3.361032,5407.750,0,0.208859,0.000000,0.223101,0.402215
tracking_cdrone3_20260822_111710_460_milestone4,milestone4,1787422722.317565441,raw,7,7,0,detected,-8.409910,-0.571081,0.024197,0.014089,-0.014390,0.034203,0.852051,3.364168,5584.500,0,0.000000,0.000000,0.000000,0.000000
tracking_cdrone3_20260822_111710_460_milestone4,milestone4,1787422722.400077581,target_map,5,7,0,detected,-8.409585,-0.571456,0.025438,0.004074,-0.004709,0.015552,0.835053,3.364168,5584.500,0,0.079797,0.000000,0.177929,0.369949
tracking_cdrone3_20260822_111710_460_milestone4,milestone4,1787422722.499678373,target_map,5,7,0,detected,-8.409180,-0.571925,0.026987,0.004074,-0.004709,0.015552,0.813835,3.364168,5584.500,0,0.179407,0.000000,0.212792,0.394852
tracking_cdrone3_20260822_111710_460_milestone4,milestone4,1787422722.579219580,raw,7,7,0,detected,-8.413663,-0.572522,0.026860,-0.014339,-0.005507,0.010178,0.811523,3.360408,5390.000,0,0.000000,0.000000,0.000000,0.000000
tracking_cdrone3_20260822_111710_460_milestone4,milestone4,1787422722.600302935,target_map,5,7,0,detected,-8.413749,-0.572595,0.027039,-0.006053,-0.005148,0.012596,0.808634,3.360408,5390.000,0,0.014240,0.000000,0.154984,0.353560
tracking_cdrone3_20260822_111710_460_milestone4,milestone4,1787422722.700060606,target_map,5,7,0,detected,-8.414353,-0.573109,0.028296,-0.006053,-0.005148,0.012596,0.788389,3.360408,5390.000,0,0.114032,0.000000,0.189911,0.378508
tracking_cdrone3_20260822_111710_460_milestone4,milestone4,1787422722.799614668,target_map,5,7,0,detected,-8.414956,-0.573621,0.029550,-0.006053,-0.005148,0.012596,0.768190,3.360408,5390.000,0,0.213592,0.000000,0.224757,0.403398
tracking_cdrone3_20260822_111710_460_milestone4,milestone4,1787422722.841660023,raw,7,7,0,detected,-8.412859,-0.567024,0.017149,0.003062,0.020951,-0.037004,0.852051,3.361254,5346.000,0,0.000000,0.000000,0.000000,0.000000
tracking_cdrone3_20260822_111710_460_milestone4,milestone4,1787422722.901653290,target_map,5,7,0,detected,-8.412918,-0.566499,0.016312,-0.001040,0.009206,-0.014684,0.839915,3.361254,5346.000,0,0.056974,0.000000,0.169941,0.364243
tracking_cdrone3_20260822_111710_460_milestone4,milestone4,1787422722.999802828,target_map,5,7,0,detected,-8.413020,-0.565596,0.014871,-0.001040,0.009206,-0.014684,0.819007,3.361254,5346.000,0,0.155125,0.000000,0.204294,0.388781
tracking_cdrone3_20260822_111710_460_milestone4,milestone4,1787422723.073728085,raw,7,7,0,detected,-8.413181,-0.576212,0.022582,-0.001389,-0.039593,0.023409,0.858887,3.361083,5420.250,0,0.000000,0.000000,0.000000,0.000000
tracking_cdrone3_20260822_111710_460_milestone4,milestone4,1787422723.100206614,target_map,5,7,0,detected,-8.413210,-0.576618,0.022726,-0.001232,-0.017634,0.006267,0.853942,3.361083,5420.250,0,0.023028,0.000000,0.158060,0.355757
tracking_cdrone3_20260822_111710_460_milestone4,milestone4,1787422723.200109005,target_map,5,7,0,detected,-8.413333,-0.578381,0.023352,-0.001232,-0.017634,0.006267,0.832483,3.361083,5420.250,0,0.122966,0.000000,0.193038,0.380741
tracking_cdrone3_20260822_111710_460_milestone4,milestone4,1787422723.299865723,target_map,5,7,0,detected,-8.413456,-0.580140,0.023977,-0.001232,-0.017634,0.006267,0.811061,3.361083,5420.250,0,0.222733,0.000000,0.227956,0.405683
tracking_cdrone3_20260822_111710_460_milestone4,milestone4,1787422723.316370249,raw,7,7,0,detected,-8.414330,-0.569653,-0.000736,-0.004738,0.027035,-0.096103,0.810059,3.360602,5304.000,0,0.000000,0.000000,0.000000,0.000000
tracking_cdrone3_20260822_111710_460_milestone4,milestone4,1787422723.399983644,target_map,5,7,0,detected,-8.414582,-0.569101,-0.004717,-0.003160,0.006934,-0.050036,0.793950,3.360602,5304.000,0,0.079545,0.000000,0.177841,0.369886
tracking_cdrone3_20260822_111710_460_milestone4,milestone4,1787422723.500195026,target_map,5,7,0,detected,-8.414899,-0.568406,-0.009729,-0.003160,0.006934,-0.050036,0.773661,3.360602,5304.000,0,0.179729,0.000000,0.212905,0.394932
tracking_cdrone3_20260822_111710_460_milestone4,milestone4,1787422723.546145678,raw,7,7,0,detected,-8.413483,-0.572196,0.024816,0.003689,-0.011058,0.111121,0.500000,3.360740,5414.500,0,0.000000,0.000000,0.000000,0.000000
tracking_cdrone3_20260822_111710_460_milestone4,milestone4,1787422723.599990368,target_map,5,7,0,detected,-8.413452,-0.572344,0.026747,0.000607,-0.002962,0.038600,0.493747,3.360740,5414.500,0,0.050025,0.000000,0.167509,0.362506
tracking_cdrone3_20260822_111710_460_milestone4,milestone4,1787422723.699980736,target_map,5,7,0,detected,-8.413392,-0.572640,0.030608,0.000607,-0.002962,0.038600,0.481246,3.360740,5414.500,0,0.150029,0.000000,0.202510,0.387507
tracking_cdrone3_20260822_111710_460_milestone4,milestone4,1787422723.800536156,target_map,5,7,2,predicted,-8.413331,-0.572938,0.034490,0.000607,-0.002962,0.038600,0.468675,3.360740,5414.500,0,0.250600,0.250600,0.237710,0.412650
tracking_cdrone3_20260822_111710_460_milestone4,milestone4,1787422723.806410074,raw,7,7,0,detected,-8.419631,-0.568901,0.026740,-0.023638,0.012665,0.007397,0.847656,3.354425,5575.000,0,0.000000,0.000000,0.000000,0.000000
tracking_cdrone3_20260822_111710_460_milestone4,milestone4,1787422723.899668217,target_map,5,7,0,detected,-8.420762,-0.568401,0.028646,-0.012728,0.005633,0.021438,0.828817,3.354425,5575.000,0,0.088898,0.000000,0.181114,0.372225
tracking_cdrone3_20260822_111710_460_milestone4,milestone4,1787422723.999907255,target_map,5,7,0,detected,-8.422038,-0.567836,0.030795,-0.012728,0.005633,0.021438,0.807581,3.354425,5575.000,0,0.189113,0.000000,0.216190,0.397278
tracking_cdrone3_20260822_111710_460_milestone4,milestone4,1787422724.069478273,raw,7,7,0,detected,-8.419456,-0.568436,-0.000066,0.000664,0.001771,-0.101898,0.866211,3.355285,5365.500,0,0.000000,0.000000,0.000000,0.000000
tracking_cdrone3_20260822_111710_460_milestone4,milestone4,1787422724.102125645,target_map,5,7,0,detected,-8.419603,-0.568339,-0.001339,-0.005362,0.003509,-0.046397,0.860270,3.355285,5365.500,0,0.027432,0.000000,0.159601,0.356858
tracking_cdrone3_20260822_111710_460_milestone4,milestone4,1787422724.200403214,target_map,5,7,0,detected,-8.420131,-0.567994,-0.005899,-0.005362,0.003509,-0.046397,0.838986,3.355285,5365.500,0,0.125721,0.000000,0.194002,0.381430
tracking_cdrone3_20260822_111710_460_milestone4,milestone4,1787422724.299602985,target_map,5,7,0,detected,-8.420663,-0.567646,-0.010501,-0.005362,0.003509,-0.046397,0.817504,3.355285,5365.500,0,0.224918,0.000000,0.228721,0.406229
tracking_cdrone3_20260822_111710_460_milestone4,milestone4,1787422724.312973976,raw,7,7,0,detected,-8.427222,-0.573157,0.028531,-0.031896,-0.019391,0.117445,0.856934,3.346886,5390.000,0,0.000000,0.000000,0.000000,0.000000
tracking_cdrone3_20260822_111710_460_milestone4,milestone4,1787422724.399884701,target_map,5,7,0,detected,-8.428844,-0.573896,0.032084,-0.019956,-0.009086,0.043716,0.839522,3.346886,5390.000,0,0.081275,0.000000,0.178446,0.370319
tracking_cdrone3_20260822_111710_460_milestone4,milestone4,1787422724.500802994,target_map,5,7,0,detected,-8.430858,-0.574812,0.036495,-0.019956,-0.009086,0.043716,0.817904,3.346886,5390.000,0,0.182183,0.000000,0.213764,0.395546
tracking_cdrone3_20260822_111710_460_milestone4,milestone4,1787422724.555620670,raw,7,7,0,detected,-8.425487,-0.568013,0.016734,0.007152,0.021199,-0.048613,0.849121,3.348696,5370.750,0,0.000000,0.000000,0.000000,0.000000
tracking_cdrone3_20260822_111710_460_milestone4,milestone4,1787422724.604969501,target_map,5,7,0,detected,-8.425717,-0.567666,0.016411,-0.005047,0.007571,-0.007065,0.839399,3.348696,5370.750,0,0.045796,0.000000,0.166029,0.361449
tracking_cdrone3_20260822_111710_460_milestone4,milestone4,1787422724.700084686,target_map,5,7,0,detected,-8.426198,-0.566946,0.015739,-0.005047,0.007571,-0.007065,0.819214,3.348696,5370.750,0,0.140887,0.000000,0.199310,0.385222
tracking_cdrone3_20260822_111710_460_milestone4,milestone4,1787422724.782826185,raw,7,7,0,detected,-8.414076,-0.569159,0.024166,0.050225,-0.005044,0.032708,0.776855,3.360053,5335.000,0,0.000000,0.000000,0.000000,0.000000
tracking_cdrone3_20260822_111710_460_milestone4,milestone4,1787422724.800854445,target_map,5,7,0,detected,-8.413692,-0.569150,0.024390,0.025353,0.000632,0.014810,0.773915,3.360053,5335.000,0,0.015139,0.000000,0.155299,0.353785
tracking_cdrone3_20260822_111710_460_milestone4,milestone4,1787422724.899988890,target_map,5,7,0,detected,-8.411179,-0.569087,0.025858,0.025353,0.000632,0.014810,0.754661,3.360053,5335.000,0,0.114279,0.000000,0.189998,0.378570
tracking_cdrone3_20260822_111710_460_milestone4,milestone4,1787422724.999894857,target_map,5,7,0,detected,-8.408646,-0.569024,0.027338,0.025353,0.000632,0.014810,0.735259,3.360053,5335.000,0,0.214180,0.000000,0.224963,0.403545
tracking_cdrone3_20260822_111710_460_milestone4,milestone4,1787422725.023159266,raw,7,7,0,detected,-8.418631,-0.568324,0.025056,-0.018950,0.003476,0.003705,0.801758,3.355377,5519.250,0,0.000000,0.000000,0.000000,0.000000
tracking_cdrone3_20260822_111710_460_milestone4,milestone4,1787422725.100417376,target_map,5,7,0,detected,-8.418558,-0.568162,0.025698,0.000986,0.002197,0.008702,0.786969,3.355377,5519.250,0,0.073784,0.000000,0.175824,0.368446
tracking_cdrone3_20260822_111710_460_milestone4,milestone4,1787422725.200078011,target_map,5,7,0,detected,-8.418460,-0.567943,0.026565,0.000986,0.002197,0.008702,0.766999,3.355377,5519.250,0,0.173415,0.000000,0.210695,0.393354
tracking_cdrone3_20260822_111710_460_milestone4,milestone4,1787422725.279379606,raw,7,7,0,detected,-8.427015,-0.570057,0.022770,-0.032727,-0.006764,-0.008923,0.854004,3.347152,5365.500,0,0.000000,0.000000,0.000000,0.000000
tracking_cdrone3_20260822_111710_460_milestone4,milestone4,1787422725.299948931,target_map,5,7,0,detected,-8.427261,-0.570095,0.022756,-0.017556,-0.002732,-0.000992,0.851014,3.347152,5365.500,0,0.014004,0.000000,0.154902,0.353501
tracking_cdrone3_20260822_111710_460_milestone4,milestone4,1787422725.401383877,target_map,5,7,0,detected,-8.429040,-0.570372,0.022656,-0.017556,-0.002732,-0.000992,0.829382,3.347152,5365.500,0,0.115325,0.000000,0.190364,0.378831
tracking_cdrone3_20260822_111710_460_milestone4,milestone4,1787422725.499583006,target_map,5,7,0,detected,-8.430766,-0.570640,0.022558,-0.017556,-0.002732,-0.000992,0.808391,3.347152,5365.500,0,0.213641,0.000000,0.224774,0.403410
tracking_cdrone3_20260822_111710_460_milestone4,milestone4,1787422725.535086632,raw,7,7,0,detected,-8.419602,-0.568554,0.023592,0.028990,0.005877,0.003216,0.820312,3.354486,5494.500,0,0.000000,0.000000,0.000000,0.000000
tracking_cdrone3_20260822_111710_460_milestone4,milestone4,1787422725.599950552,target_map,5,7,0,detected,-8.419131,-0.568437,0.023670,0.008044,0.002003,0.001322,0.808311,3.354486,5494.500,0,0.058520,0.000000,0.170482,0.364630
tracking_cdrone3_20260822_111710_460_milestone4,milestone4,1787422725.700716257,target_map,5,7,0,detected,-8.418321,-0.568235,0.023803,0.008044,0.002003,0.001322,0.787644,3.354486,5494.500,0,0.159296,0.000000,0.205754,0.389824
tracking_cdrone3_20260822_111710_460_milestone4,milestone4,1787422725.783354998,raw,7,7,0,detected,-8.420866,-0.571317,0.021617,-0.005088,-0.011132,-0.007954,0.851074,3.353360,5519.250,0,0.000000,0.000000,0.000000,0.000000
tracking_cdrone3_20260822_111710_460_milestone4,milestone4,1787422725.800571442,target_map,5,7,0,detected,-8.420854,-0.571394,0.021562,0.000821,-0.005221,-0.003780,0.847969,3.353360,5519.250,0,0.014596,0.000000,0.155109,0.353649
tracking_cdrone3_20260822_111710_460_milestone4,milestone4,1787422725.899777889,target_map,5,7,0,detected,-8.420773,-0.571912,0.021187,0.000821,-0.005221,-0.003780,0.826861,3.353360,5519.250,0,0.113802,0.000000,0.189831,0.378450
tracking_cdrone3_20260822_111710_460_milestone4,milestone4,1787422725.999895334,target_map,5,7,0,detected,-8.420691,-0.572434,0.020809,0.000821,-0.005221,-0.003780,0.805563,3.353360,5519.250,0,0.213901,0.000000,0.224865,0.403475
tracking_cdrone3_20260822_111710_460_milestone4,milestone4,1787422726.054594278,raw,7,7,0,detected,-8.427104,-0.569730,0.022491,-0.023000,0.005853,0.003219,0.851074,3.346995,5365.500,0,0.000000,0.000000,0.000000,0.000000
tracking_cdrone3_20260822_111710_460_milestone4,milestone4,1787422726.103821039,target_map,5,7,0,detected,-8.427584,-0.569696,0.022493,-0.012280,0.000870,0.000070,0.842757,3.346995,5365.500,0,0.039090,0.000000,0.163682,0.359773
tracking_cdrone3_20260822_111710_460_milestone4,milestone4,1787422726.199950695,target_map,5,7,0,detected,-8.428764,-0.569612,0.022500,-0.012280,0.000870,0.000070,0.822304,3.346995,5365.500,0,0.135216,0.000000,0.197326,0.383804
tracking_cdrone3_20260822_111710_460_milestone4,milestone4,1787422726.283723354,raw,7,7,0,detected,-8.427335,-0.576216,0.024219,-0.001005,-0.028309,0.007542,0.848145,3.346971,5475.000,0,0.000000,0.000000,0.000000,0.000000
tracking_cdrone3_20260822_111710_460_milestone4,milestone4,1787422726.299950838,target_map,5,7,0,detected,-8.429993,-0.569525,0.022507,-0.012280,0.000870,0.000070,0.801028,3.346995,5365.500,0,0.235217,0.000000,0.232326,0.408804
tracking_cdrone3_20260822_111710_460_milestone4,milestone4,1787422726.399966955,target_map,5,7,0,detected,-8.427906,-0.577643,0.024611,-0.006079,-0.015178,0.004179,0.828219,3.346971,5475.000,0,0.093971,0.000000,0.182890,0.373493
tracking_cdrone3_20260822_111710_460_milestone4,milestone4,1787422726.499925375,target_map,5,7,0,detected,-8.428514,-0.579160,0.025029,-0.006079,-0.015178,0.004179,0.807024,3.346971,5475.000,0,0.193931,0.000000,0.217876,0.398483
tracking_cdrone3_20260822_111710_460_milestone4,milestone4,1787422726.556317091,raw,7,7,0,detected,-8.427707,-0.568766,0.019467,-0.001363,0.027314,-0.017421,0.853516,3.346473,5316.500,0,0.000000,0.000000,0.000000,0.000000
tracking_cdrone3_20260822_111710_460_milestone4,milestone4,1787422726.599921227,target_map,5,7,0,detected,-8.427849,-0.568432,0.019153,-0.003485,0.008192,-0.007701,0.844822,3.346473,5316.500,0,0.040741,0.000000,0.164260,0.360185
tracking_cdrone3_20260822_111710_460_milestone4,milestone4,1787422726.699988365,target_map,5,7,0,detected,-8.428198,-0.567612,0.018382,-0.003485,0.008192,-0.007701,0.823468,3.346473,5316.500,0,0.140818,0.000000,0.199286,0.385204
tracking_cdrone3_20260822_111710_460_milestone4,milestone4,1787422726.799937725,target_map,5,7,0,detected,-8.428546,-0.566793,0.017612,-0.003485,0.008192,-0.007701,0.802142,3.346473,5316.500,0,0.240761,0.000000,0.234266,0.410190
tracking_cdrone3_20260822_111710_460_milestone4,milestone4,1787422726.801312923,raw,7,7,0,detected,-8.420318,-0.569863,0.022369,0.030183,-0.004481,0.011856,0.854980,3.353885,5469.750,0,0.000000,0.000000,0.000000,0.000000
tracking_cdrone3_20260822_111710_460_milestone4,milestone4,1787422726.899888992,target_map,5,7,0,detected,-8.418869,-0.569745,0.022663,0.015032,0.001222,0.003055,0.834386,3.353885,5469.750,0,0.096351,0.000000,0.183723,0.374088
tracking_cdrone3_20260822_111710_460_milestone4,milestone4,1787422727.000051260,target_map,5,7,0,detected,-8.417364,-0.569623,0.022969,0.015032,0.001222,0.003055,0.812982,3.353885,5469.750,0,0.196488,0.000000,0.218771,0.399122
tracking_cdrone3_20260822_111710_460_milestone4,milestone4,1787422727.059125662,raw,7,7,0,detected,-8.423641,-0.570626,0.026335,-0.012891,-0.002961,0.015382,0.860352,3.350472,5519.250,0,0.000000,0.000000,0.000000,0.000000
tracking_cdrone3_20260822_111710_460_milestone4,milestone4,1787422727.105393410,target_map,5,7,0,detected,-8.423655,-0.570671,0.026740,-0.000325,-0.001079,0.009835,0.851489,3.350472,5519.250,0,0.041206,0.000000,0.164422,0.360302
tracking_cdrone3_20260822_111710_460_milestone4,milestone4,1787422727.200152636,target_map,5,7,0,detected,-8.423685,-0.570773,0.027672,-0.000325,-0.001079,0.009835,0.831109,3.350472,5519.250,0,0.135955,0.000000,0.197584,0.383989
tracking_cdrone3_20260822_111710_460_milestone4,milestone4,1787422727.299980640,target_map,5,7,0,detected,-8.423717,-0.570881,0.028654,-0.000325,-0.001079,0.009835,0.809638,3.350472,5519.250,0,0.235782,0.000000,0.232524,0.408945
tracking_cdrone3_20260822_111710_460_milestone4,milestone4,1787422727.316511869,raw,7,7,0,detected,-8.429499,-0.572147,0.021238,-0.022759,-0.005910,-0.019802,0.847656,3.344720,5428.750,0,0.000000,0.000000,0.000000,0.000000
tracking_cdrone3_20260822_111710_460_milestone4,milestone4,1787422727.399965525,target_map,5,7,0,detected,-8.430442,-0.572425,0.020757,-0.012664,-0.003736,-0.006465,0.831880,3.344720,5428.750,0,0.074447,0.000000,0.176057,0.368612
tracking_cdrone3_20260822_111710_460_milestone4,milestone4,1787422727.499655724,target_map,5,7,0,detected,-8.431704,-0.572798,0.020112,-0.012664,-0.003736,-0.006465,0.810753,3.344720,5428.750,0,0.174143,0.000000,0.210950,0.393536
tracking_cdrone3_20260822_111710_460_milestone4,milestone4,1787422727.569312811,raw,7,7,0,detected,-8.420815,-0.569874,0.012424,0.034347,0.008992,-0.034862,0.850586,3.353601,5420.250,0,0.000000,0.000000,0.000000,0.000000
tracking_cdrone3_20260822_111710_460_milestone4,milestone4,1787422727.599731207,target_map,5,7,0,detected,-8.420450,-0.569784,0.011813,0.013192,0.003264,-0.022083,0.844701,3.353601,5420.250,0,0.027675,0.000000,0.159686,0.356919
tracking_cdrone3_20260822_111710_460_milestone4,milestone4,1787422727.699945688,target_map,5,7,0,detected,-8.419128,-0.569457,0.009600,0.013192,0.003264,-0.022083,0.823394,3.353601,5420.250,0,0.127872,0.000000,0.194755,0.381968
tracking_cdrone3_20260822_111710_460_milestone4,milestone4,1787422727.793731928,raw,7,7,0,detected,-8.422789,-0.568701,0.023989,-0.008791,0.005226,0.051528,0.832520,3.351304,5365.500,0,0.000000,0.000000,0.000000,0.000000
tracking_cdrone3_20260822_111710_460_milestone4,milestone4,1787422727.800746441,target_map,5,7,0,detected,-8.422787,-0.568692,0.024028,0.001101,0.004343,0.018403,0.832071,3.351304,5365.500,0,0.002154,0.000000,0.150754,0.350539
tracking_cdrone3_20260822_111710_460_milestone4,milestone4,1787422727.902842999,target_map,5,7,0,detected,-8.422674,-0.568248,0.025907,0.001101,0.004343,0.018403,0.810822,3.351304,5365.500,0,0.104251,0.000000,0.186488,0.376063
tracking_cdrone3_20260822_111710_460_milestone4,milestone4,1787422728.000100374,target_map,5,7,0,detected,-8.422566,-0.567826,0.027697,0.001101,0.004343,0.018403,0.790583,3.351304,5365.500,0,0.201490,0.000000,0.220521,0.400372
tracking_cdrone3_20260822_111710_460_milestone4,milestone4,1787422728.054818630,raw,7,7,0,detected,-8.419875,-0.572004,0.005487,0.011161,-0.012651,-0.070871,0.852539,3.354956,5450.000,0,0.000000,0.000000,0.000000,0.000000
tracking_cdrone3_20260822_111710_460_milestone4,milestone4,1787422728.100882769,target_map,5,7,0,detected,-8.419627,-0.572191,0.004342,0.006634,-0.005004,-0.030698,0.844586,3.354956,5450.000,0,0.037316,0.000000,0.163060,0.359329
tracking_cdrone3_20260822_111710_460_milestone4,milestone4,1787422728.200251341,target_map,5,7,0,detected,-8.418968,-0.572688,0.001291,0.006634,-0.005004,-0.030698,0.823409,3.354956,5450.000,0,0.136675,0.000000,0.197836,0.384169
tracking_cdrone3_20260822_111710_460_milestone4,milestone4,1787422728.301298618,target_map,5,7,0,detected,-8.418298,-0.573193,-0.001811,0.006634,-0.005004,-0.030698,0.801871,3.354956,5450.000,0,0.237728,0.000000,0.233205,0.409432
tracking_cdrone3_20260822_111710_460_milestone4,milestone4,1787422728.321266413,raw,7,7,0,detected,-8.417708,-0.575744,0.026042,0.008129,-0.014035,0.077130,0.853516,3.356507,5310.750,0,0.000000,0.000000,0.000000,0.000000
tracking_cdrone3_20260822_111710_460_milestone4,milestone4,1787422728.400773048,target_map,5,7,0,detected,-8.417150,-0.576491,0.028186,0.007457,-0.009971,0.028608,0.837528,3.356507,5310.750,0,0.074927,0.000000,0.176224,0.368732
tracking_cdrone3_20260822_111710_460_milestone4,milestone4,1787422728.500001192,target_map,5,7,0,detected,-8.416409,-0.577481,0.031024,0.007457,-0.009971,0.028608,0.816357,3.356507,5310.750,0,0.174144,0.000000,0.210950,0.393536
tracking_cdrone3_20260822_111710_460_milestone4,milestone4,1787422728.594510317,raw,7,7,0,detected,-8.420865,-0.574015,0.021722,-0.011555,0.006330,-0.015814,0.841309,3.353433,5469.750,0,0.000000,0.000000,0.000000,0.000000
tracking_cdrone3_20260822_111710_460_milestone4,milestone4,1787422728.603293657,target_map,5,7,2,predicted,-8.415640,-0.578511,0.033979,0.007457,-0.009971,0.028608,0.794315,3.356507,5310.750,0,0.277442,0.277442,0.247105,0.419361
tracking_cdrone3_20260822_111710_460_milestone4,milestone4,1787422728.699654818,target_map,5,7,0,detected,-8.421125,-0.574102,0.022085,-0.003000,-0.001006,0.004176,0.823045,3.353433,5469.750,0,0.086835,0.000000,0.180392,0.371709
tracking_cdrone3_20260822_111710_460_milestone4,milestone4,1787422728.801178932,target_map,5,7,0,detected,-8.421430,-0.574204,0.022508,-0.003000,-0.001006,0.004176,0.801694,3.353433,5469.750,0,0.188346,0.000000,0.215921,0.397086
tracking_cdrone3_20260822_111710_460_milestone4,milestone4,1787422728.840749025,raw,7,7,0,detected,-8.420953,-0.569920,0.024307,-0.000355,0.016630,0.010496,0.859863,3.353066,5232.000,0,0.000000,0.000000,0.000000,0.000000
tracking_cdrone3_20260822_111710_460_milestone4,milestone4,1787422728.899807215,target_map,5,7,0,detected,-8.421035,-0.569459,0.024712,-0.001545,0.008694,0.007652,0.848465,3.353066,5232.000,0,0.053023,0.000000,0.168558,0.363256
tracking_cdrone3_20260822_111710_460_milestone4,milestone4,1787422729.000057697,target_map,5,7,0,detected,-8.421189,-0.568588,0.025480,-0.001545,0.008694,0.007652,0.826916,3.353066,5232.000,0,0.153270,0.000000,0.203644,0.388317
tracking_cdrone3_20260822_111710_460_milestone4,milestone4,1787422729.097263098,raw,7,7,0,detected,-8.419246,-0.571428,0.028526,0.006654,-0.005878,0.016450,0.853516,3.354874,5420.250,0,0.000000,0.000000,0.000000,0.000000
tracking_cdrone3_20260822_111710_460_milestone4,milestone4,1787422729.100348949,target_map,5,7,2,predicted,-8.421345,-0.567716,0.026247,-0.001545,0.008694,0.007652,0.805355,3.353066,5232.000,0,0.253566,0.253566,0.238748,0.413391
tracking_cdrone3_20260822_111710_460_milestone4,milestone4,1787422729.201990366,target_map,5,7,0,detected,-8.418957,-0.571362,0.029742,0.002965,0.000679,0.012491,0.832750,3.354874,5420.250,0,0.097317,0.000000,0.184061,0.374329
tracking_cdrone3_20260822_111710_460_milestone4,milestone4,1787422729.301073313,target_map,5,7,0,detected,-8.418663,-0.571294,0.030979,0.002965,0.000679,0.012491,0.811608,3.354874,5420.250,0,0.196402,0.000000,0.218741,0.399101
tracking_cdrone3_20260822_111710_460_milestone4,milestone4,1787422729.355866909,raw,7,7,0,detected,-8.415993,-0.577225,0.023715,0.012580,-0.022418,-0.018604,0.850586,3.358257,5475.000,0,0.000000,0.000000,0.000000,0.000000
tracking_cdrone3_20260822_111710_460_milestone4,milestone4,1787422729.402403831,target_map,5,7,0,detected,-8.415649,-0.577725,0.023524,0.008253,-0.012024,-0.004611,0.841748,3.358257,5475.000,0,0.041562,0.000000,0.164547,0.360391
tracking_cdrone3_20260822_111710_460_milestone4,milestone4,1787422729.499850512,target_map,5,7,0,detected,-8.414845,-0.578897,0.023074,0.008253,-0.012024,-0.004611,0.821027,3.358257,5475.000,0,0.139005,0.000000,0.198652,0.384751
tracking_cdrone3_20260822_111710_460_milestone4,milestone4,1787422729.583306074,raw,7,7,0,detected,-8.419382,-0.567428,-0.007463,-0.014902,0.043076,-0.137081,0.865723,3.355504,5304.000,0,0.000000,0.000000,0.000000,0.000000
tracking_cdrone3_20260822_111710_460_milestone4,milestone4,1787422729.599951267,target_map,5,7,0,detected,-8.419422,-0.567265,-0.008155,-0.004482,0.018281,-0.077470,0.863789,3.355504,5304.000,0,0.008934,0.000000,0.153127,0.352234
tracking_cdrone3_20260822_111710_460_milestone4,milestone4,1787422729.701613188,target_map,5,7,0,detected,-8.419878,-0.565406,-0.016031,-0.004482,0.018281,-0.077470,0.841786,3.355504,5304.000,0,0.110599,0.000000,0.188709,0.377650
tracking_cdrone3_20260822_111710_460_milestone4,milestone4,1787422729.801914692,target_map,5,7,0,detected,-8.420327,-0.563573,-0.023800,-0.004482,0.018281,-0.077470,0.820079,3.355504,5304.000,0,0.210893,0.000000,0.223813,0.402723
tracking_cdrone3_20260822_111710_460_milestone4,milestone4,1787422729.837058783,raw,7,7,0,detected,-8.418147,-0.567991,0.022599,0.004867,-0.002220,0.118466,0.856934,3.355877,5370.750,0,0.000000,0.000000,0.000000,0.000000
tracking_cdrone3_20260822_111710_460_milestone4,milestone4,1787422729.901293516,target_map,5,7,0,detected,-8.418108,-0.567579,0.024383,0.000660,0.007005,0.030295,0.844317,3.355877,5370.750,0,0.058891,0.000000,0.170612,0.364723
tracking_cdrone3_20260822_111710_460_milestone4,milestone4,1787422730.000401735,target_map,5,7,0,detected,-8.418043,-0.566885,0.027385,0.000660,0.007005,0.030295,0.823086,3.355877,5370.750,0,0.157994,0.000000,0.205298,0.389498
tracking_cdrone3_20260822_111710_460_milestone4,milestone4,1787422730.102712154,raw,7,7,0,detected,-8.418826,-0.568119,0.020706,-0.002559,-0.000480,-0.007127,0.859863,3.355366,5218.500,0,0.000000,0.000000,0.000000,0.000000
tracking_cdrone3_20260822_111710_460_milestone4,milestone4,1787422730.102861166,target_map,5,7,2,predicted,-8.417975,-0.566167,0.030489,0.000660,0.007005,0.030295,0.801138,3.355877,5370.750,0,0.260444,0.260444,0.241155,0.415111
tracking_cdrone3_20260822_111710_460_milestone4,milestone4,1787422730.199948788,target_map,5,7,0,detected,-8.418925,-0.567861,0.021571,-0.001110,0.002888,0.009713,0.840699,3.355366,5218.500,0,0.089149,0.000000,0.181202,0.372287
tracking_cdrone3_20260822_111710_460_milestone4,milestone4,1787422730.299936056,target_map,5,7,0,detected,-8.419036,-0.567573,0.022542,-0.001110,0.002888,0.009713,0.819207,3.355366,5218.500,0,0.189130,0.000000,0.216195,0.397282
tracking_cdrone3_20260822_111710_460_milestone4,milestone4,1787422730.334371805,raw,7,7,0,detected,-8.423356,-0.566163,0.006680,-0.019551,0.008443,-0.060541,0.848145,3.351151,5712.000,0,0.000000,0.000000,0.000000,0.000000
tracking_cdrone3_20260822_111710_460_milestone4,milestone4,1787422730.399626017,target_map,5,7,0,detected,-8.423997,-0.565825,0.005034,-0.011253,0.005943,-0.028927,0.836077,3.351151,5712.000,0,0.056913,0.000000,0.169920,0.364228
tracking_cdrone3_20260822_111710_460_milestone4,milestone4,1787422730.499893665,target_map,5,7,0,detected,-8.425125,-0.565229,0.002133,-0.011253,0.005943,-0.028927,0.814818,3.351151,5712.000,0,0.157174,0.000000,0.205011,0.389293
tracking_cdrone3_20260822_111710_460_milestone4,milestone4,1787422730.600004196,target_map,5,7,2,predicted,-8.426251,-0.564634,-0.000762,-0.011253,0.005943,-0.028927,0.793593,3.351151,5712.000,0,0.257277,0.257277,0.240047,0.414319
tracking_cdrone3_20260822_111710_460_milestone4,milestone4,1787422730.625191689,raw,7,7,0,detected,-8.424129,-0.570477,0.022928,-0.002659,-0.014832,0.055866,0.852539,3.349997,5661.000,0,0.000000,0.000000,0.000000,0.000000
tracking_cdrone3_20260822_111710_460_milestone4,milestone4,1787422730.700073004,target_map,5,7,0,detected,-8.424577,-0.570854,0.024145,-0.006526,-0.005483,0.017709,0.837890,3.349997,5661.000,0,0.068730,0.000000,0.174056,0.367183
tracking_cdrone3_20260822_111710_460_milestone4,milestone4,1787422730.800555944,target_map,5,7,0,detected,-8.425233,-0.571405,0.025925,-0.006526,-0.005483,0.017709,0.816473,3.349997,5661.000,0,0.169218,0.000000,0.209226,0.392305
tracking_cdrone3_20260822_111710_460_milestone4,milestone4,1787422730.879405260,raw,7,7,0,detected,-8.426110,-0.573219,0.023251,-0.007794,-0.010790,0.001271,0.799805,3.348152,5414.500,0,0.000000,0.000000,0.000000,0.000000
tracking_cdrone3_20260822_111710_460_milestone4,milestone4,1787422730.899998426,target_map,5,7,0,detected,-8.426239,-0.573369,0.023405,-0.007223,-0.008402,0.008668,0.796254,3.348152,5414.500,0,0.017759,0.000000,0.156216,0.354440
tracking_cdrone3_20260822_111710_460_milestone4,milestone4,1787422730.999984026,target_map,5,7,0,detected,-8.426961,-0.574209,0.024272,-0.007223,-0.008402,0.008668,0.776261,3.348152,5414.500,0,0.117747,0.000000,0.191212,0.379437
tracking_cdrone3_20260822_111710_460_milestone4,milestone4,1787422731.099952459,target_map,5,7,0,detected,-8.427683,-0.575049,0.025138,-0.007223,-0.008402,0.008668,0.756271,3.348152,5414.500,0,0.217720,0.000000,0.226202,0.404430
tracking_cdrone3_20260822_111710_460_milestone4,milestone4,1787422731.139996052,raw,7,7,0,detected,-8.427307,-0.567151,0.018079,-0.004588,0.023261,-0.019825,0.862793,3.346817,5469.750,0,0.000000,0.000000,0.000000,0.000000
tracking_cdrone3_20260822_111710_460_milestone4,milestone4,1787422731.199522018,target_map,5,7,0,detected,-8.427617,-0.566666,0.017702,-0.005774,0.009013,-0.007003,0.851205,3.346817,5469.750,0,0.053723,0.000000,0.168803,0.363431
tracking_cdrone3_20260822_111710_460_milestone4,milestone4,1787422731.300030470,target_map,5,7,0,detected,-8.428198,-0.565761,0.016999,-0.005774,0.009013,-0.007003,0.829530,3.346817,5469.750,0,0.154209,0.000000,0.203973,0.388552
tracking_cdrone3_20260822_111710_460_milestone4,milestone4,1787422731.382878304,raw,7,7,0,detected,-8.427283,-0.568267,0.016347,0.000096,-0.004601,-0.007139,0.854980,3.346957,5519.250,0,0.000000,0.000000,0.000000,0.000000
tracking_cdrone3_20260822_111710_460_milestone4,milestone4,1787422731.425064802,target_map,5,7,0,detected,-8.427377,-0.568211,0.016088,-0.002545,0.001525,-0.007078,0.847161,3.346957,5519.250,0,0.036584,0.000000,0.162804,0.359146
tracking_cdrone3_20260822_111710_460_milestone4,milestone4,1787422731.499902964,target_map,5,7,0,detected,-8.427567,-0.568097,0.015559,-0.002545,0.001525,-0.007078,0.831166,3.346957,5519.250,0,0.111416,0.000000,0.188996,0.377854
tracking_cdrone3_20260822_111710_460_milestone4,milestone4,1787422731.602735043,target_map,5,7,0,detected,-8.427829,-0.567940,0.014831,-0.002545,0.001525,-0.007078,0.809187,3.346957,5519.250,0,0.214246,0.000000,0.224986,0.403561
tracking_cdrone3_20260822_111710_460_milestone4,milestone4,1787422731.631465435,raw,7,7,0,detected,-8.426607,-0.567395,0.018739,0.002721,0.003507,0.009622,0.864258,3.347474,5383.500,0,0.000000,0.000000,0.000000,0.000000
tracking_cdrone3_20260822_111710_460_milestone4,milestone4,1787422731.700025558,target_map,5,7,0,detected,-8.426584,-0.567227,0.018875,0.000351,0.002615,0.002107,0.850358,3.347474,5383.500,0,0.064333,0.000000,0.172517,0.366083
tracking_cdrone3_20260822_111710_460_milestone4,milestone4,1787422731.800630808,target_map,5,7,0,detected,-8.426549,-0.566964,0.019087,0.000351,0.002615,0.002107,0.828620,3.347474,5383.500,0,0.164940,0.000000,0.207729,0.391235
tracking_cdrone3_20260822_111710_460_milestone4,milestone4,1787422731.874714136,raw,7,7,0,detected,-8.427141,-0.566335,0.027687,-0.002193,0.004358,0.036785,0.864258,3.346783,5529.750,0,0.000000,0.000000,0.000000,0.000000
tracking_cdrone3_20260822_111710_460_milestone4,milestone4,1787422731.899918079,target_map,5,7,0,detected,-8.427162,-0.566263,0.028115,-0.001048,0.003573,0.021180,0.859888,3.346783,5529.750,0,0.020222,0.000000,0.157078,0.355056
tracking_cdrone3_20260822_111710_460_milestone4,milestone4,1787422732.000001669,target_map,5,7,0,detected,-8.427267,-0.565905,0.030235,-0.001048,0.003573,0.021180,0.838265,3.346783,5529.750,0,0.120300,0.000000,0.192105,0.380075
tracking_cdrone3_20260822_111710_460_milestone4,milestone4,1787422732.100091219,target_map,5,7,0,detected,-8.427372,-0.565547,0.032354,-0.001048,0.003573,0.021180,0.816642,3.346783,5529.750,0,0.220378,0.000000,0.227132,0.405094
tracking_cdrone3_20260822_111710_460_milestone4,milestone4,1787422732.104847431,raw,7,7,0,detected,-8.426812,-0.564388,0.024924,0.001429,0.008462,-0.012007,0.738770,3.347070,5494.500,0,0.000000,0.000000,0.000000,0.000000
tracking_cdrone3_20260822_111710_460_milestone4,milestone4,1787422732.200138807,target_map,5,7,0,detected,-8.426784,-0.563820,0.025189,0.000314,0.006262,0.002927,0.722021,3.347070,5494.500,0,0.090683,0.000000,0.181739,0.372671
tracking_cdrone3_20260822_111710_460_milestone4,milestone4,1787422732.300027609,target_map,5,7,0,detected,-8.426752,-0.563194,0.025481,0.000314,0.006262,0.002927,0.703577,3.347070,5494.500,0,0.190549,0.000000,0.216692,0.397637
tracking_cdrone3_20260822_111710_460_milestone4,milestone4,1787422732.314908743,raw,7,7,0,detected,-8.426890,-0.566748,0.019499,-0.000372,-0.011236,-0.025822,0.858398,3.347154,5550.000,0,0.000000,0.000000,0.000000,0.000000
tracking_cdrone3_20260822_111710_460_milestone4,milestone4,1787422732.399969578,target_map,5,7,0,detected,-8.426895,-0.567022,0.018450,-0.000063,-0.003362,-0.012885,0.840916,3.347154,5550.000,0,0.081467,0.000000,0.178513,0.370367
tracking_cdrone3_20260822_111710_460_milestone4,milestone4,1787422732.500081778,target_map,5,7,0,detected,-8.426902,-0.567358,0.017160,-0.000063,-0.003362,-0.012885,0.819434,3.347154,5550.000,0,0.181566,0.000000,0.213548,0.395392
tracking_cdrone3_20260822_111710_460_milestone4,milestone4,1787422732.529764891,raw,7,7,0,detected,-8.429491,-0.566376,0.025423,-0.012103,0.001731,0.027571,0.858887,3.344479,5425.000,0,0.000000,0.000000,0.000000,0.000000
tracking_cdrone3_20260822_111710_460_milestone4,milestone4,1787422732.600111246,target_map,5,7,0,detected,-8.429922,-0.566412,0.026028,-0.006685,-0.000561,0.009366,0.845037,3.344479,5425.000,0,0.064499,0.000000,0.172575,0.366125
tracking_cdrone3_20260822_111710_460_milestone4,milestone4,1787422732.699880600,target_map,5,7,0,detected,-8.430590,-0.566468,0.026962,-0.006685,-0.000561,0.009366,0.823614,3.344479,5425.000,0,0.164270,0.000000,0.207494,0.391067
tracking_cdrone3_20260822_111710_460_milestone4,milestone4,1787422732.771885872,raw,7,7,0,detected,-8.428112,-0.565355,0.025453,0.005693,0.004220,0.000122,0.860352,3.345720,5550.000,0,0.000000,0.000000,0.000000,0.000000
tracking_cdrone3_20260822_111710_460_milestone4,milestone4,1787422732.801141262,target_map,5,7,0,detected,-8.428109,-0.565300,0.025566,0.000123,0.002068,0.004282,0.854674,3.345720,5550.000,0,0.026397,0.000000,0.159239,0.356599
tracking_cdrone3_20260822_111710_460_milestone4,milestone4,1787422732.900038004,target_map,5,7,0,detected,-8.428097,-0.565095,0.025989,0.000123,0.002068,0.004282,0.833407,3.345720,5550.000,0,0.125274,0.000000,0.193846,0.381318
tracking_cdrone3_20260822_111710_460_milestone4,milestone4,1787422733.000131130,target_map,5,7,0,detected,-8.428084,-0.564888,0.026418,0.000123,0.002068,0.004282,0.811879,3.345720,5550.000,0,0.225360,0.000000,0.228876,0.406340
tracking_cdrone3_20260822_111710_460_milestone4,milestone4,1787422733.009383678,raw,7,7,0,detected,-8.429517,-0.574039,0.028897,-0.005910,-0.036560,0.014500,0.856934,3.344562,5519.250,0,0.000000,0.000000,0.000000,0.000000
tracking_cdrone3_20260822_111710_460_milestone4,milestone4,1787422733.100016832,target_map,5,7,0,detected,-8.429793,-0.575698,0.029754,-0.003195,-0.019177,0.009902,0.838400,3.344562,5519.250,0,0.086509,0.000000,0.180278,0.371627
tracking_cdrone3_20260822_111710_460_milestone4,milestone4,1787422733.200007915,target_map,5,7,0,detected,-8.430113,-0.577616,0.030744,-0.003195,-0.019177,0.009902,0.816978,3.344562,5519.250,0,0.186506,0.000000,0.215277,0.396626
tracking_cdrone3_20260822_111710_460_milestone4,milestone4,1787422733.240457773,raw,7,7,0,detected,-8.428280,-0.566121,0.024656,0.005351,0.034269,-0.018356,0.865723,3.345596,5341.000,0,0.000000,0.000000,0.000000,0.000000
tracking_cdrone3_20260822_111710_460_milestone4,milestone4,1787422733.299957275,target_map,5,7,0,detected,-8.428195,-0.565542,0.024337,0.001505,0.010218,-0.005640,0.853459,3.345596,5341.000,0,0.056662,0.000000,0.169832,0.364166
tracking_cdrone3_20260822_111710_460_milestone4,milestone4,1787422733.399693727,target_map,5,7,0,detected,-8.428044,-0.564523,0.023774,0.001505,0.010218,-0.005640,0.831871,3.345596,5341.000,0,0.156407,0.000000,0.204742,0.389102
tracking_cdrone3_20260822_111710_460_milestone4,milestone4,1787422733.497008562,raw,7,7,0,detected,-8.435673,-0.569508,0.013870,-0.028814,-0.013200,-0.042045,0.860352,3.338756,5432.000,0,0.000000,0.000000,0.000000,0.000000
tracking_cdrone3_20260822_111710_460_milestone4,milestone4,1787422733.501430750,target_map,5,7,0,detected,-8.435695,-0.569512,0.013832,-0.015171,-0.002662,-0.025663,0.860036,3.338756,5432.000,0,0.001469,0.000000,0.150514,0.350367
tracking_cdrone3_20260822_111710_460_milestone4,milestone4,1787422733.600055218,target_map,5,7,0,detected,-8.437191,-0.569774,0.011301,-0.015171,-0.002662,-0.025663,0.838825,3.338756,5432.000,0,0.100081,0.000000,0.185028,0.375020
tracking_cdrone3_20260822_111710_460_milestone4,milestone4,1787422733.700185299,target_map,5,7,0,detected,-8.438710,-0.570041,0.008732,-0.015171,-0.002662,-0.025663,0.817291,3.338756,5432.000,0,0.200198,0.000000,0.220069,0.400049
tracking_cdrone3_20260822_111710_460_milestone4,milestone4,1787422733.745237112,raw,7,7,0,detected,-8.428820,-0.568552,0.028967,0.027605,0.003850,0.060820,0.849121,3.345054,5544.000,0,0.000000,0.000000,0.000000,0.000000
tracking_cdrone3_20260822_111710_460_milestone4,milestone4,1787422733.800468922,target_map,5,7,0,detected,-8.428409,-0.568507,0.030044,0.008356,0.000920,0.021903,0.838680,3.345054,5544.000,0,0.049184,0.000000,0.167215,0.362296
tracking_cdrone3_20260822_111710_460_milestone4,milestone4,1787422733.900863409,target_map,5,7,0,detected,-8.427570,-0.568415,0.032243,0.008356,0.000920,0.021903,0.817372,3.345054,5544.000,0,0.149564,0.000000,0.202347,0.387391
tracking_cdrone3_20260822_111710_460_milestone4,milestone4,1787422733.975546360,raw,7,7,0,detected,-8.435130,-0.567532,0.024919,-0.027399,0.004429,-0.017577,0.858887,3.338942,5328.000,0,0.000000,0.000000,0.000000,0.000000
tracking_cdrone3_20260822_111710_460_milestone4,milestone4,1787422734.001700878,target_map,5,7,0,detected,-8.435391,-0.567466,0.024923,-0.011309,0.002850,0.000189,0.853934,3.338942,5328.000,0,0.023068,0.000000,0.158074,0.355767
tracking_cdrone3_20260822_111710_460_milestone4,milestone4,1787422734.100189686,target_map,5,7,0,detected,-8.436504,-0.567186,0.024942,-0.011309,0.002850,0.000189,0.832787,3.338942,5328.000,0,0.121553,0.000000,0.192544,0.380388
tracking_cdrone3_20260822_111710_460_milestone4,milestone4,1787422734.200174809,target_map,5,7,0,detected,-8.437633,-0.566902,0.024961,-0.011309,0.002850,0.000189,0.811374,3.338942,5328.000,0,0.221275,0.000000,0.227446,0.405319
tracking_cdrone3_20260822_111710_460_milestone4,milestone4,1787422734.214823961,raw,7,7,0,detected,-8.426020,-0.568194,0.020457,0.038075,-0.002766,-0.018647,0.849121,3.348131,5395.500,0,0.000000,0.000000,0.000000,0.000000
tracking_cdrone3_20260822_111710_460_milestone4,milestone4,1787422734.299929857,target_map,5,7,0,detected,-8.424744,-0.568213,0.019639,0.015852,-0.000239,-0.010171,0.832034,3.348131,5395.500,0,0.080491,0.000000,0.178172,0.370123
tracking_cdrone3_20260822_111710_460_milestone4,milestone4,1787422734.400064230,target_map,5,7,0,detected,-8.423157,-0.568237,0.018620,0.015852,-0.000239,-0.010171,0.810780,3.348131,5395.500,0,0.180615,0.000000,0.213215,0.395154
tracking_cdrone3_20260822_111710_460_milestone4,milestone4,1787422734.475652933,raw,7,7,0,detected,-8.428750,-0.572820,0.032019,-0.010466,-0.017735,0.044324,0.860352,3.345240,5335.000,0,0.000000,0.000000,0.000000,0.000000
tracking_cdrone3_20260822_111710_460_milestone4,milestone4,1787422734.500169516,target_map,5,7,0,detected,-8.428721,-0.573026,0.032433,0.001377,-0.009862,0.019802,0.855854,3.345240,5335.000,0,0.020909,0.000000,0.157318,0.355227
tracking_cdrone3_20260822_111710_460_milestone4,milestone4,1787422734.601759911,target_map,5,7,0,detected,-8.428581,-0.574028,0.034445,0.001377,-0.009862,0.019802,0.834002,3.345240,5335.000,0,0.122505,0.000000,0.192877,0.380626
tracking_cdrone3_20260822_111710_460_milestone4,milestone4,1787422734.700082779,target_map,5,7,0,detected,-8.428446,-0.574998,0.036391,0.001377,-0.009862,0.019802,0.812856,3.345240,5335.000,0,0.220820,0.000000,0.227287,0.405205
tracking_cdrone3_20260822_111710_460_milestone4,milestone4,1787422734.720394135,raw,7,7,0,detected,-8.428741,-0.569665,0.019633,0.000037,0.012889,-0.050607,0.854004,3.345484,5407.750,0,0.000000,0.000000,0.000000,0.000000
tracking_cdrone3_20260822_111710_460_milestone4,milestone4,1787422734.799949169,target_map,5,7,0,detected,-8.428694,-0.569473,0.018257,0.000640,0.002651,-0.018923,0.838482,3.345484,5407.750,0,0.072701,0.000000,0.175446,0.368175
tracking_cdrone3_20260822_111710_460_milestone4,milestone4,1787422734.900012016,target_map,5,7,0,detected,-8.428630,-0.569207,0.016363,0.000640,0.002651,-0.018923,0.817118,3.345484,5407.750,0,0.172766,0.000000,0.210468,0.393192
tracking_cdrone3_20260822_111710_460_milestone4,milestone4,1787422734.955488443,raw,7,7,0,detected,-8.427589,-0.570620,0.027028,0.004897,-0.004061,0.031455,0.857422,3.346383,5575.000,0,0.000000,0.000000,0.000000,0.000000
tracking_cdrone3_20260822_111710_460_milestone4,milestone4,1787422735.000748396,target_map,5,7,0,detected,-8.427464,-0.570664,0.027398,0.002981,-0.001040,0.008785,0.848392,3.346383,5575.000,0,0.042126,0.000000,0.164744,0.360531
tracking_cdrone3_20260822_111710_460_milestone4,milestone4,1787422735.100076199,target_map,5,7,0,detected,-8.427168,-0.570767,0.028270,0.002981,-0.001040,0.008785,0.827108,3.346383,5575.000,0,0.141418,0.000000,0.199496,0.385354
tracking_cdrone3_20260822_111710_460_milestone4,milestone4,1787422735.194166660,raw,7,7,0,detected,-8.428890,-0.572239,0.002476,-0.005448,-0.006783,-0.102866,0.858887,3.345937,5414.500,0,0.000000,0.000000,0.000000,0.000000
tracking_cdrone3_20260822_111710_460_milestone4,milestone4,1787422735.200381279,target_map,5,7,0,detected,-8.428895,-0.572252,0.002314,-0.001655,-0.004199,-0.052623,0.858226,3.345937,5414.500,0,0.003076,0.000000,0.151077,0.350769
tracking_cdrone3_20260822_111710_460_milestone4,milestone4,1787422735.300266981,target_map,5,7,0,detected,-8.429061,-0.572671,-0.002944,-0.001655,-0.004199,-0.052623,0.836770,3.345937,5414.500,0,0.103003,0.000000,0.186051,0.375751
tracking_cdrone3_20260822_111710_460_milestone4,milestone4,1787422735.400126934,target_map,5,7,0,detected,-8.429226,-0.573091,-0.008197,-0.001655,-0.004199,-0.052623,0.815335,3.345937,5414.500,0,0.202831,0.000000,0.220991,0.400708
tracking_cdrone3_20260822_111710_460_milestone4,milestone4,1787422735.435257196,raw,7,7,0,detected,-8.429535,-0.569287,0.018647,-0.002678,0.012243,0.067072,0.854980,3.344731,5550.000,0,0.000000,0.000000,0.000000,0.000000
tracking_cdrone3_20260822_111710_460_milestone4,milestone4,1787422735.499957085,target_map,5,7,0,detected,-8.429667,-0.568998,0.019435,-0.002217,0.004844,0.013209,0.842228,3.344731,5550.000,0,0.059660,0.000000,0.170881,0.364915
tracking_cdrone3_20260822_111710_460_milestone4,milestone4,1787422735.600042582,target_map,5,7,0,detected,-8.429889,-0.568514,0.020757,-0.002217,0.004844,0.013209,0.820836,3.344731,5550.000,0,0.159743,0.000000,0.205910,0.389936
tracking_cdrone3_20260822_111710_460_milestone4,milestone4,1787422735.683158875,raw,7,7,0,detected,-8.427596,-0.570533,0.008102,0.007822,-0.005026,-0.042534,0.864746,3.346984,5310.750,0,0.000000,0.000000,0.000000,0.000000
tracking_cdrone3_20260822_111710_460_milestone4,milestone4,1787422735.699953318,target_map,5,7,0,detected,-8.427549,-0.570542,0.007854,0.003305,-0.000585,-0.017450,0.861675,3.346984,5310.750,0,0.014205,0.000000,0.154972,0.353551
tracking_cdrone3_20260822_111710_460_milestone4,milestone4,1787422735.800006866,target_map,5,7,0,detected,-8.427218,-0.570600,0.006108,0.003305,-0.000585,-0.017450,0.840044,3.346984,5310.750,0,0.114261,0.000000,0.189991,0.378565
tracking_cdrone3_20260822_111710_460_milestone4,milestone4,1787422735.900110006,target_map,5,7,0,detected,-8.426888,-0.570659,0.004362,0.003305,-0.000585,-0.017450,0.818403,3.346984,5310.750,0,0.214364,0.000000,0.225028,0.403591
tracking_cdrone3_20260822_111710_460_milestone4,milestone4,1787422735.921527863,raw,7,7,0,detected,-8.428484,-0.568774,0.022566,-0.003726,0.007382,0.060676,0.852539,3.345567,5519.250,0,0.000000,0.000000,0.000000,0.000000
tracking_cdrone3_20260822_111710_460_milestone4,milestone4,1787422736.000005245,target_map,5,7,0,detected,-8.428527,-0.568487,0.024496,-0.000562,0.003797,0.025519,0.836417,3.345567,5519.250,0,0.075642,0.000000,0.176475,0.368911
tracking_cdrone3_20260822_111710_460_milestone4,milestone4,1787422736.099921227,target_map,5,7,0,detected,-8.428583,-0.568107,0.027046,-0.000562,0.003797,0.025519,0.815121,3.345567,5519.250,0,0.175561,0.000000,0.211446,0.393890
tracking_cdrone3_20260822_111710_460_milestone4,milestone4,1787422736.165812731,raw,7,7,0,detected,-8.430176,-0.569063,0.026396,-0.006924,-0.001186,0.015678,0.856934,3.343774,5439.000,0,0.000000,0.000000,0.000000,0.000000
tracking_cdrone3_20260822_111710_460_milestone4,milestone4,1787422736.199980021,target_map,5,7,0,detected,-8.430301,-0.569031,0.027014,-0.004061,0.001056,0.020107,0.850343,3.343774,5439.000,0,0.030763,0.000000,0.160767,0.357691
tracking_cdrone3_20260822_111710_460_milestone4,milestone4,1787422736.300346136,target_map,5,7,0,detected,-8.430708,-0.568925,0.029032,-0.004061,0.001056,0.020107,0.828844,3.343774,5439.000,0,0.131117,0.000000,0.195891,0.382779
tracking_cdrone3_20260822_111710_460_milestone4,milestone4,1787422736.400035858,target_map,5,7,0,detected,-8.431113,-0.568820,0.031037,-0.004061,0.001056,0.020107,0.807487,3.343774,5439.000,0,0.230809,0.000000,0.230783,0.407702
tracking_cdrone3_20260822_111710_460_milestone4,milestone4,1787422736.407044649,raw,7,7,0,detected,-8.429822,-0.567293,0.026116,0.001465,0.007339,-0.001159,0.854980,3.344220,5600.000,0,0.000000,0.000000,0.000000,0.000000
tracking_cdrone3_20260822_111710_460_milestone4,milestone4,1787422736.499972582,target_map,5,7,0,detected,-8.429912,-0.566896,0.026856,-0.001022,0.004512,0.008411,0.836177,3.344220,5600.000,0,0.087970,0.000000,0.180790,0.371993
tracking_cdrone3_20260822_111710_460_milestone4,milestone4,1787422736.600108862,target_map,5,7,0,detected,-8.430014,-0.566444,0.027698,-0.001022,0.004512,0.008411,0.814774,3.344220,5600.000,0,0.188105,0.000000,0.215837,0.397026
tracking_cdrone3_20260822_111710_460_milestone4,milestone4,1787422736.658547878,raw,7,7,0,detected,-8.429049,-0.567823,0.027382,0.003071,-0.002107,0.005033,0.864258,3.344897,5365.500,0,0.000000,0.000000,0.000000,0.000000
tracking_cdrone3_20260822_111710_460_milestone4,milestone4,1787422736.700185776,target_map,5,7,0,detected,-8.429004,-0.567791,0.027625,0.001229,0.000872,0.006553,0.856257,3.344897,5365.500,0,0.037032,0.000000,0.162961,0.359258
tracking_cdrone3_20260822_111710_460_milestone4,milestone4,1787422736.800417662,target_map,5,7,0,detected,-8.428881,-0.567703,0.028281,0.001229,0.000872,0.006553,0.834602,3.344897,5365.500,0,0.137255,0.000000,0.198039,0.384314
tracking_cdrone3_20260822_111710_460_milestone4,milestone4,1787422736.893733740,raw,7,7,0,detected,-8.432623,-0.567232,0.021854,-0.015194,0.002512,-0.023507,0.856934,3.341349,5500.000,0,0.000000,0.000000,0.000000,0.000000
tracking_cdrone3_20260822_111710_460_milestone4,milestone4,1787422736.899948120,target_map,5,7,0,detected,-8.428759,-0.567616,0.028934,0.001229,0.000872,0.006553,0.813095,3.344897,5365.500,0,0.236794,0.000000,0.232878,0.409199
tracking_cdrone3_20260822_111710_460_milestone4,milestone4,1787422737.001587391,target_map,5,7,0,detected,-8.433362,-0.567064,0.020909,-0.007804,0.001774,-0.009980,0.836643,3.341349,5500.000,0,0.094712,0.000000,0.183149,0.373678
tracking_cdrone3_20260822_111710_460_milestone4,milestone4,1787422737.101330280,target_map,5,7,0,detected,-8.434140,-0.566887,0.019913,-0.007804,0.001774,-0.009980,0.815279,3.341349,5500.000,0,0.194435,0.000000,0.218052,0.398609
tracking_cdrone3_20260822_111710_460_milestone4,milestone4,1787422737.144999027,raw,7,7,0,detected,-8.430628,-0.569271,0.028430,0.007943,-0.008116,0.026172,0.862793,3.343392,5555.000,0,0.000000,0.000000,0.000000,0.000000
tracking_cdrone3_20260822_111710_460_milestone4,milestone4,1787422737.200195312,target_map,5,7,0,detected,-8.430586,-0.569453,0.028920,0.000857,-0.003666,0.009904,0.852119,3.343392,5555.000,0,0.049485,0.000000,0.167320,0.362371
tracking_cdrone3_20260822_111710_460_milestone4,milestone4,1787422737.299992085,target_map,5,7,0,detected,-8.430500,-0.569819,0.029909,0.000857,-0.003666,0.009904,0.830584,3.343392,5555.000,0,0.149326,0.000000,0.202264,0.387332
tracking_cdrone3_20260822_111710_460_milestone4,milestone4,1787422737.399997950,target_map,5,7,0,detected,-8.430414,-0.570185,0.030899,0.000857,-0.003666,0.009904,0.809013,3.343392,5555.000,0,0.249327,0.000000,0.237265,0.412332
tracking_cdrone3_20260822_111710_460_milestone4,milestone4,1787422737.416786909,raw,7,7,0,detected,-8.431605,-0.571079,0.020799,-0.003596,-0.006651,-0.028073,0.854980,3.342614,5630.750,0,0.000000,0.000000,0.000000,0.000000
tracking_cdrone3_20260822_111710_460_milestone4,milestone4,1787422737.502215862,target_map,5,7,0,detected,-8.431737,-0.571517,0.019892,-0.001592,-0.005307,-0.010984,0.837327,3.342614,5630.750,0,0.082591,0.000000,0.178907,0.370648
tracking_cdrone3_20260822_111710_460_milestone4,milestone4,1787422737.599850416,target_map,5,7,0,detected,-8.431892,-0.572036,0.018820,-0.001592,-0.005307,-0.010984,0.816459,3.342614,5630.750,0,0.180222,0.000000,0.213078,0.395056
tracking_cdrone3_20260822_111710_460_milestone4,milestone4,1787422737.657020569,raw,7,7,0,detected,-8.433791,-0.572695,0.027198,-0.009099,-0.006727,0.026635,0.847656,3.340368,5445.000,0,0.000000,0.000000,0.000000,0.000000
tracking_cdrone3_20260822_111710_460_milestone4,milestone4,1787422737.699910164,target_map,5,7,0,detected,-8.434003,-0.572920,0.027557,-0.005721,-0.006088,0.009707,0.839811,3.340368,5445.000,0,0.037020,0.000000,0.162957,0.359255
tracking_cdrone3_20260822_111710_460_milestone4,milestone4,1787422737.800070047,target_map,5,7,0,detected,-8.434576,-0.573530,0.028530,-0.005721,-0.006088,0.009707,0.818586,3.340368,5445.000,0,0.137177,0.000000,0.198012,0.384294
tracking_cdrone3_20260822_111710_460_milestone4,milestone4,1787422737.900853157,target_map,5,7,0,detected,-8.435152,-0.574144,0.029508,-0.005721,-0.006088,0.009707,0.797233,3.340368,5445.000,0,0.237943,0.000000,0.233280,0.409486
tracking_cdrone3_20260822_111710_460_milestone4,milestone4,1787422737.922070503,raw,7,7,0,detected,-8.435219,-0.563968,0.021297,-0.005386,0.032927,-0.022263,0.855469,3.338766,5432.000,0,0.000000,0.000000,0.000000,0.000000
tracking_cdrone3_20260822_111710_460_milestone4,milestone4,1787422738.000530720,target_map,5,7,0,detected,-8.435624,-0.562843,0.020721,-0.005537,0.015370,-0.007876,0.839817,3.338766,5432.000,0,0.073186,0.000000,0.175615,0.368297
tracking_cdrone3_20260822_111710_460_milestone4,milestone4,1787422738.102488279,target_map,5,7,0,detected,-8.436188,-0.561277,0.019919,-0.005537,0.015370,-0.007876,0.818033,3.338766,5432.000,0,0.175040,0.000000,0.211264,0.393760
tracking_cdrone3_20260822_111710_460_milestone4,milestone4,1787422738.163462639,raw,7,7,0,detected,-8.434828,-0.569436,0.025483,0.001619,-0.022654,0.017340,0.849609,3.339315,5575.000,0,0.000000,0.000000,0.000000,0.000000
tracking_cdrone3_20260822_111710_460_milestone4,milestone4,1787422738.200514317,target_map,5,7,0,detected,-8.434875,-0.569601,0.025662,-0.001601,-0.005543,0.005993,0.843286,3.339315,5575.000,0,0.029773,0.000000,0.160421,0.357443
tracking_cdrone3_20260822_111710_460_milestone4,milestone4,1787422738.300872564,target_map,5,7,0,detected,-8.435036,-0.570158,0.026263,-0.001601,-0.005543,0.005993,0.821969,3.339315,5575.000,0,0.130133,0.000000,0.195546,0.382533
tracking_cdrone3_20260822_111710_460_milestone4,milestone4,1787422738.399892092,target_map,5,7,0,detected,-8.435195,-0.570706,0.026857,-0.001601,-0.005543,0.005993,0.800936,3.339315,5575.000,0,0.229155,0.000000,0.230204,0.407289
tracking_cdrone3_20260822_111710_460_milestone4,milestone4,1787422738.418456078,raw,7,7,0,detected,-8.434812,-0.567747,0.025524,0.000065,0.006627,0.000159,0.854980,3.339189,5630.750,0,0.000000,0.000000,0.000000,0.000000
tracking_cdrone3_20260822_111710_460_milestone4,milestone4,1787422738.499946594,target_map,5,7,0,detected,-8.434865,-0.567658,0.025739,-0.000685,0.001150,0.002784,0.838453,3.339189,5630.750,0,0.077321,0.000000,0.177062,0.369330
tracking_cdrone3_20260822_111710_460_milestone4,milestone4,1787422738.600140333,target_map,5,7,0,detected,-8.434933,-0.567543,0.026018,-0.000685,0.001150,0.002784,0.817048,3.339189,5630.750,0,0.177464,0.000000,0.212112,0.394366
tracking_cdrone3_20260822_111710_460_milestone4,milestone4,1787422738.651543856,raw,7,7,0,detected,-8.434311,-0.567275,0.027593,0.002145,0.002022,0.008875,0.852539,3.339664,5661.000,0,0.000000,0.000000,0.000000,0.000000
tracking_cdrone3_20260822_111710_460_milestone4,milestone4,1787422738.700202465,target_map,5,7,0,detected,-8.434272,-0.567202,0.027869,0.000871,0.001630,0.006134,0.842947,3.339664,5661.000,0,0.045006,0.000000,0.165752,0.361252
tracking_cdrone3_20260822_111710_460_milestone4,milestone4,1787422738.799907923,target_map,5,7,0,detected,-8.434185,-0.567039,0.028480,0.000871,0.001630,0.006134,0.821699,3.339664,5661.000,0,0.144699,0.000000,0.200645,0.386175
tracking_cdrone3_20260822_111710_460_milestone4,milestone4,1787422738.899931192,target_map,5,7,0,detected,-8.434097,-0.566876,0.029094,0.000871,0.001630,0.006134,0.800378,3.339664,5661.000,0,0.244732,0.000000,0.235656,0.411183
tracking_cdrone3_20260822_111710_460_milestone4,milestone4,1787422738.903490067,raw,7,7,0,detected,-8.433418,-0.566916,0.025465,0.003546,0.001428,-0.008448,0.857422,3.340561,5544.000,0,0.000000,0.000000,0.000000,0.000000
tracking_cdrone3_20260822_111710_460_milestone4,milestone4,1787422738.999952316,target_map,5,7,0,detected,-8.433212,-0.566782,0.025299,0.002343,0.001519,-0.001886,0.838573,3.340561,5544.000,0,0.087931,0.000000,0.180776,0.371983
tracking_cdrone3_20260822_111710_460_milestone4,milestone4,1787422739.100154638,target_map,5,7,0,detected,-8.432978,-0.566630,0.025110,0.002343,0.001519,-0.001886,0.817098,3.340561,5544.000,0,0.188115,0.000000,0.215840,0.397029
tracking_cdrone3_20260822_111710_460_milestone4,milestone4,1787422739.156696081,raw,7,7,0,detected,-8.434317,-0.562474,0.025538,-0.003549,0.017542,0.000291,0.849121,3.339511,5635.500,0,0.000000,0.000000,0.000000,0.000000
tracking_cdrone3_20260822_111710_460_milestone4,milestone4,1787422739.199966669,target_map,5,7,0,detected,-8.434351,-0.562080,0.025512,-0.000898,0.010332,-0.000689,0.841043,3.339511,5635.500,0,0.038053,0.000000,0.163319,0.359513
tracking_cdrone3_20260822_111710_460_milestone4,milestone4,1787422739.300531864,target_map,5,7,0,detected,-8.434441,-0.561042,0.025443,-0.000898,0.010332,-0.000689,0.819698,3.339511,5635.500,0,0.138607,0.000000,0.198512,0.384652
tracking_cdrone3_20260822_111710_460_milestone4,milestone4,1787422739.392798662,raw,7,7,0,detected,-8.435804,-0.568927,0.021671,-0.006300,-0.027334,-0.016379,0.711914,3.338345,5555.000,0,0.000000,0.000000,0.000000,0.000000
tracking_cdrone3_20260822_111710_460_milestone4,milestone4,1787422739.399696589,target_map,5,7,0,detected,-8.435814,-0.568953,0.021648,-0.003869,-0.010384,-0.009318,0.711468,3.338345,5555.000,0,0.002507,0.000000,0.150877,0.350627
tracking_cdrone3_20260822_111710_460_milestone4,milestone4,1787422739.500265837,target_map,5,7,0,detected,-8.436203,-0.569997,0.020711,-0.003869,-0.010384,-0.009318,0.693572,3.338345,5555.000,0,0.103057,0.000000,0.186070,0.375764
tracking_cdrone3_20260822_111710_460_milestone4,milestone4,1787422739.600128889,target_map,5,7,0,detected,-8.436589,-0.571034,0.019781,-0.003869,-0.010384,-0.009318,0.675802,3.338345,5555.000,0,0.202904,0.000000,0.221016,0.400726
tracking_cdrone3_20260822_111710_460_milestone4,milestone4,1787422739.643905640,raw,7,7,0,detected,-8.435752,-0.569985,0.023246,0.000208,-0.004212,0.006272,0.852539,3.338453,5407.750,0,0.000000,0.000000,0.000000,0.000000
tracking_cdrone3_20260822_111710_460_milestone4,milestone4,1787422739.702158451,target_map,5,7,0,detected,-8.435843,-0.570373,0.023205,-0.001627,-0.006990,-0.000744,0.840708,3.338453,5407.750,0,0.055509,0.000000,0.169428,0.363877
tracking_cdrone3_20260822_111710_460_milestone4,milestone4,1787422739.800028086,target_map,5,7,0,detected,-8.436002,-0.571057,0.023132,-0.001627,-0.006990,-0.000744,0.819851,3.338453,5407.750,0,0.153368,0.000000,0.203679,0.388342
tracking_cdrone3_20260822_111710_460_milestone4,milestone4,1787422739.873780251,raw,7,7,0,detected,-8.433783,-0.567471,0.024673,0.008568,0.010933,0.006208,0.864258,3.340316,5475.000,0,0.000000,0.000000,0.000000,0.000000
tracking_cdrone3_20260822_111710_460_milestone4,milestone4,1787422739.900152206,target_map,5,7,0,detected,-8.433698,-0.567410,0.024739,0.003980,0.002868,0.003080,0.859666,3.340316,5475.000,0,0.021250,0.000000,0.157437,0.355312
tracking_cdrone3_20260822_111710_460_milestone4,milestone4,1787422739.999920845,target_map,5,7,0,detected,-8.433301,-0.567124,0.025046,0.003980,0.002868,0.003080,0.838113,3.340316,5475.000,0,0.121005,0.000000,0.192352,0.380251
tracking_cdrone3_20260822_111710_460_milestone4,milestone4,1787422740.099928617,target_map,5,7,0,detected,-8.432903,-0.566837,0.025354,0.003980,0.002868,0.003080,0.816505,3.340316,5475.000,0,0.221014,0.000000,0.227355,0.405253
tracking_cdrone3_20260822_111710_460_milestone4,milestone4,1787422740.121268034,raw,7,7,0,detected,-8.434158,-0.565545,0.027383,-0.001519,0.007784,0.010947,0.858887,3.339795,5550.000,0,0.000000,0.000000,0.000000,0.000000
tracking_cdrone3_20260822_111710_460_milestone4,milestone4,1787422740.200072765,target_map,5,7,0,detected,-8.434095,-0.565178,0.027870,0.000955,0.005572,0.007407,0.844765,3.339795,5550.000,0,0.065766,0.000000,0.173018,0.366441
tracking_cdrone3_20260822_111710_460_milestone4,milestone4,1787422740.300167084,target_map,5,7,0,detected,-8.434000,-0.564621,0.028611,0.000955,0.005572,0.007407,0.823277,3.339795,5550.000,0,0.165843,0.000000,0.208045,0.391461
tracking_cdrone3_20260822_111710_460_milestone4,milestone4,1787422740.353756666,raw,7,7,0,detected,-8.429555,-0.567974,0.027741,0.019798,-0.010448,0.001542,0.864258,3.344490,5445.000,0,0.000000,0.000000,0.000000,0.000000
tracking_cdrone3_20260822_111710_460_milestone4,milestone4,1787422740.399995327,target_map,5,7,0,detected,-8.429133,-0.568095,0.027897,0.011319,-0.003239,0.004181,0.856216,3.344490,5445.000,0,0.037218,0.000000,0.163026,0.359305
tracking_cdrone3_20260822_111710_460_milestone4,milestone4,1787422740.500024319,target_map,5,7,0,detected,-8.428001,-0.568419,0.028315,0.011319,-0.003239,0.004181,0.834606,3.344490,5445.000,0,0.137234,0.000000,0.198032,0.384309
tracking_cdrone3_20260822_111710_460_milestone4,milestone4,1787422740.572678328,raw,7,7,0,detected,-8.434027,-0.569854,0.026216,-0.020425,-0.008587,-0.006966,0.860352,3.340095,5494.500,0,0.000000,0.000000,0.000000,0.000000
tracking_cdrone3_20260822_111710_460_milestone4,milestone4,1787422740.600107193,target_map,5,7,0,detected,-8.434155,-0.569984,0.026175,-0.006140,-0.006181,-0.001950,0.855840,3.340095,5494.500,0,0.020973,0.000000,0.157341,0.355243
tracking_cdrone3_20260822_111710_460_milestone4,milestone4,1787422740.699869633,target_map,5,7,0,detected,-8.434768,-0.570600,0.025981,-0.006140,-0.006181,-0.001950,0.834383,3.340095,5494.500,0,0.120735,0.000000,0.192257,0.380184
tracking_cdrone3_20260822_111710_460_milestone4,milestone4,1787422740.798219204,raw,7,7,0,detected,-8.433736,-0.565355,0.024875,0.001289,0.019945,-0.005946,0.837891,3.340216,5610.000,0,0.000000,0.000000,0.000000,0.000000
tracking_cdrone3_20260822_111710_460_milestone4,milestone4,1787422740.800154686,target_map,5,7,0,detected,-8.435384,-0.571220,0.025785,-0.006140,-0.006181,-0.001950,0.812814,3.340095,5494.500,0,0.221014,0.000000,0.227355,0.405253
tracking_cdrone3_20260822_111710_460_milestone4,milestone4,1787422740.900050402,target_map,5,7,0,detected,-8.433933,-0.564568,0.024476,-0.002054,0.008188,-0.004148,0.817751,3.340216,5610.000,0,0.096145,0.000000,0.183651,0.374036
tracking_cdrone3_20260822_111710_460_milestone4,milestone4,1787422741.000188112,target_map,5,7,0,detected,-8.434139,-0.563748,0.024061,-0.002054,0.008188,-0.004148,0.796778,3.340216,5610.000,0,0.196268,0.000000,0.218694,0.399067
tracking_cdrone3_20260822_111710_460_milestone4,milestone4,1787422741.027586699,raw,7,7,0,detected,-8.429112,-0.569795,0.028703,0.020157,-0.019354,0.016688,0.858887,3.344986,5370.750,0,0.000000,0.000000,0.000000,0.000000
tracking_cdrone3_20260822_111710_460_milestone4,milestone4,1787422741.100002289,target_map,5,7,0,detected,-8.428407,-0.570278,0.029211,0.010162,-0.006960,0.007312,0.843973,3.344986,5370.750,0,0.069458,0.000000,0.174310,0.367364
tracking_cdrone3_20260822_111710_460_milestone4,milestone4,1787422741.201231956,target_map,5,7,0,detected,-8.427378,-0.570983,0.029951,0.010162,-0.006960,0.007312,0.822239,3.344986,5370.750,0,0.170678,0.000000,0.209737,0.392669
