run_id,experiment_tag,timestamp_s,sample_kind,track_id,detector_track_id,source,source_label,x_m,y_m,z_m,vx_mps,vy_mps,vz_mps,confidence,distance_m,bbox_area_px,inbound,last_observed_age_s,prediction_horizon_s,position_uncertainty_m,velocity_uncertainty_mps
tracking_cdrone3_20260822_110218_815_milestone4,milestone4,1787421738.867110252,target_map,1,1,0,detected,-1.247926,-0.138953,0.061973,-0.003440,0.007183,0.018029,0.470412,11.023577,1112.500,0,0.107459,0.000000,0.187611,0.376865
tracking_cdrone3_20260822_110218_815_milestone4,milestone4,1787421738.901258945,raw,1,1,0,detected,-1.226162,-0.139263,0.053800,0.145151,0.003136,-0.042306,0.520508,11.044962,1137.500,0,0.000000,0.000000,0.000000,0.000000
tracking_cdrone3_20260822_110218_815_milestone4,milestone4,1787421738.967141151,target_map,1,1,0,detected,-1.221516,-0.138968,0.052901,0.078285,0.004957,-0.015155,0.512785,11.044962,1137.500,0,0.059349,0.000000,0.170772,0.364837
tracking_cdrone3_20260822_110218_815_milestone4,milestone4,1787421739.067175150,target_map,1,1,0,detected,-1.213685,-0.138473,0.051385,0.078285,0.004957,-0.015155,0.499768,11.044962,1137.500,0,0.159380,0.000000,0.205783,0.389845
tracking_cdrone3_20260822_110218_815_milestone4,milestone4,1787421739.082390547,raw,1,1,0,detected,-1.347087,-0.142215,0.058276,-0.667583,-0.016298,0.024708,0.527344,10.924039,1147.500,1,0.000000,0.000000,0.000000,0.000000
tracking_cdrone3_20260822_110218_815_milestone4,milestone4,1787421739.166887045,target_map,1,1,0,detected,-1.374297,-0.142767,0.058831,-0.331942,-0.006733,0.006770,0.516537,10.924039,1147.500,1,0.081972,0.000000,0.178690,0.370493
tracking_cdrone3_20260822_110218_815_milestone4,milestone4,1787421739.209569454,raw,1,1,0,detected,-1.098194,-0.143733,0.055985,1.951712,-0.011901,-0.017967,0.603027,11.172898,1147.500,0,0.000000,0.000000,0.000000,0.000000
tracking_cdrone3_20260822_110218_815_milestone4,milestone4,1787421739.267128706,target_map,1,1,0,detected,-1.048126,-0.144251,0.055614,0.924068,-0.009575,-0.006836,0.594859,11.172898,1147.500,0,0.054182,0.000000,0.168964,0.363545
tracking_cdrone3_20260822_110218_815_milestone4,milestone4,1787421739.338365555,raw,1,1,0,detected,-1.121560,-0.142569,0.054591,-0.181922,0.009058,-0.010853,0.597656,11.149507,1137.500,1,0.000000,0.000000,0.000000,0.000000
tracking_cdrone3_20260822_110218_815_milestone4,milestone4,1787421739.367401123,target_map,1,1,0,detected,-1.114132,-0.142553,0.054378,0.315774,0.000673,-0.009045,0.594141,11.149507,1137.500,1,0.023524,0.000000,0.158233,0.355881
tracking_cdrone3_20260822_110218_815_milestone4,milestone4,1787421739.467144489,target_map,1,1,0,detected,-1.082639,-0.142486,0.053476,0.315774,0.000673,-0.009045,0.579240,11.149507,1137.500,1,0.123255,0.000000,0.193139,0.380814
tracking_cdrone3_20260822_110218_815_milestone4,milestone4,1787421739.500256062,raw,1,1,0,detected,-1.093069,-0.141967,0.053416,0.175983,0.003721,-0.007255,0.422363,11.178025,1137.500,0,0.000000,0.000000,0.000000,0.000000
tracking_cdrone3_20260822_110218_815_milestone4,milestone4,1787421739.567032576,target_map,1,1,0,detected,-1.077842,-0.141817,0.052902,0.238889,0.002350,-0.008061,0.415633,11.178025,1137.500,0,0.063740,0.000000,0.172309,0.365935
tracking_cdrone3_20260822_110218_815_milestone4,milestone4,1787421739.667400122,target_map,1,1,0,detected,-1.053868,-0.141581,0.052093,0.238889,0.002350,-0.008061,0.405036,11.178025,1137.500,0,0.164098,0.000000,0.207434,0.391025
tracking_cdrone3_20260822_110218_815_milestone4,milestone4,1787421739.736029625,raw,1,1,0,detected,-1.188530,-0.140724,0.058331,-0.404897,0.005270,0.020847,0.648926,11.082570,1160.250,1,0.000000,0.000000,0.000000,0.000000
tracking_cdrone3_20260822_110218_815_milestone4,milestone4,1787421739.767002583,target_map,1,1,0,detected,-1.191645,-0.140617,0.058543,-0.115193,0.003956,0.007839,0.644540,11.082570,1160.250,1,0.027036,0.000000,0.159463,0.356759
tracking_cdrone3_20260822_110218_815_milestone4,milestone4,1787421739.867020130,target_map,1,1,0,detected,-1.203165,-0.140222,0.059327,-0.115193,0.003956,0.007839,0.628315,11.082570,1160.250,1,0.127048,0.000000,0.194467,0.381762
tracking_cdrone3_20260822_110218_815_milestone4,milestone4,1787421739.944156170,raw,1,1,0,detected,-1.107826,-0.143075,0.058428,0.387765,-0.011294,0.000467,0.531250,11.163242,1137.500,0,0.000000,0.000000,0.000000,0.000000
tracking_cdrone3_20260822_110218_815_milestone4,milestone4,1787421739.967174053,target_map,1,1,0,detected,-1.104917,-0.143155,0.058497,0.161434,-0.004432,0.003784,0.528857,11.163242,1137.500,0,0.018019,0.000000,0.156307,0.354505
tracking_cdrone3_20260822_110218_815_milestone4,milestone4,1787421740.067019463,target_map,1,1,0,detected,-1.088799,-0.143597,0.058874,0.161434,-0.004432,0.003784,0.515597,11.163242,1137.500,0,0.117859,0.000000,0.191251,0.379465
tracking_cdrone3_20260822_110218_815_milestone4,milestone4,1787421740.166985989,target_map,1,1,0,detected,-1.072662,-0.144040,0.059253,0.161434,-0.004432,0.003784,0.502321,11.163242,1137.500,0,0.217820,0.000000,0.226237,0.404455
tracking_cdrone3_20260822_110218_815_milestone4,milestone4,1787421740.194410324,raw,1,1,0,detected,-1.050660,-0.141149,0.049327,0.226012,0.007614,-0.035984,0.557617,11.220490,1173.000,0,0.000000,0.000000,0.000000,0.000000
tracking_cdrone3_20260822_110218_815_milestone4,milestone4,1787421740.267147779,target_map,1,1,0,detected,-1.037434,-0.141002,0.048112,0.196952,0.002193,-0.018088,0.548255,11.220490,1173.000,0,0.067157,0.000000,0.173505,0.366789
tracking_cdrone3_20260822_110218_815_milestone4,milestone4,1787421740.367108345,target_map,1,1,0,detected,-1.017747,-0.140782,0.046304,0.196952,0.002193,-0.018088,0.534321,11.220490,1173.000,0,0.167112,0.000000,0.208489,0.391778
tracking_cdrone3_20260822_110218_815_milestone4,milestone4,1787421740.430772305,raw,1,1,0,detected,-1.115378,-0.141008,0.056675,-0.276944,0.000602,0.031444,0.455078,11.155728,1183.000,1,0.000000,0.000000,0.000000,0.000000
tracking_cdrone3_20260822_110218_815_milestone4,milestone4,1787421740.467084885,target_map,1,1,0,detected,-1.117530,-0.140964,0.056984,-0.063691,0.001318,0.009155,0.451235,11.155728,1183.000,1,0.033777,0.000000,0.161822,0.358444
tracking_cdrone3_20260822_110218_815_milestone4,milestone4,1787421740.567103148,target_map,1,1,0,detected,-1.123900,-0.140832,0.057900,-0.063691,0.001318,0.009155,0.439857,11.155728,1183.000,1,0.133791,0.000000,0.196827,0.383448
tracking_cdrone3_20260822_110218_815_milestone4,milestone4,1787421740.660868406,raw,1,1,0,detected,-1.139807,-0.143730,0.058536,-0.106163,-0.011829,0.008089,0.567871,11.131250,1183.000,1,0.000000,0.000000,0.000000,0.000000
tracking_cdrone3_20260822_110218_815_milestone4,milestone4,1787421740.667427063,target_map,1,1,0,detected,-1.140126,-0.143752,0.058568,-0.087051,-0.005913,0.008568,0.567350,11.131250,1183.000,1,0.003672,0.000000,0.151285,0.350918
tracking_cdrone3_20260822_110218_815_milestone4,milestone4,1787421740.767094612,target_map,1,1,0,detected,-1.148802,-0.144341,0.059422,-0.087051,-0.005913,0.008568,0.553201,11.131250,1183.000,1,0.103335,0.000000,0.186167,0.375834
tracking_cdrone3_20260822_110218_815_milestone4,milestone4,1787421740.866671085,raw,1,1,0,detected,-1.144999,-0.142074,0.063368,-0.025229,0.008049,0.023477,0.579102,11.126102,1160.250,0,0.000000,0.000000,0.000000,0.000000
tracking_cdrone3_20260822_110218_815_milestone4,milestone4,1787421740.867161036,target_map,1,1,0,detected,-1.157514,-0.144933,0.060279,-0.087051,-0.005913,0.008568,0.538993,11.131250,1183.000,1,0.203412,0.000000,0.221194,0.400853
tracking_cdrone3_20260822_110218_815_milestone4,milestone4,1787421740.966876745,target_map,1,1,0,detected,-1.149977,-0.141908,0.064941,-0.053049,0.001766,0.016768,0.565515,11.126102,1160.250,0,0.093848,0.000000,0.182847,0.373462
tracking_cdrone3_20260822_110218_815_milestone4,milestone4,1787421741.067136765,target_map,1,1,0,detected,-1.155295,-0.141731,0.066622,-0.053049,0.001766,0.016768,0.551001,11.126102,1160.250,0,0.194097,0.000000,0.217934,0.398524
tracking_cdrone3_20260822_110218_815_milestone4,milestone4,1787421741.067861080,raw,1,1,0,detected,-1.226050,-0.141181,0.056467,-0.402876,0.004436,-0.034303,0.480225,11.045053,1137.500,1,0.000000,0.000000,0.000000,0.000000
tracking_cdrone3_20260822_110218_815_milestone4,milestone4,1787421741.166872978,target_map,1,1,0,detected,-1.249247,-0.140876,0.055397,-0.245454,0.003235,-0.011321,0.468879,11.045053,1137.500,1,0.094507,0.000000,0.183077,0.373627
tracking_cdrone3_20260822_110218_815_milestone4,milestone4,1787421741.265375376,raw,1,1,0,detected,-1.294361,-0.139951,0.054263,-0.345835,0.006230,-0.011156,0.429199,10.976732,1134.750,1,0.000000,0.000000,0.000000,0.000000
tracking_cdrone3_20260822_110218_815_milestone4,milestone4,1787421741.267290592,target_map,1,1,0,detected,-1.273894,-0.140551,0.054260,-0.245454,0.003235,-0.011321,0.456823,11.045053,1137.500,1,0.194920,0.000000,0.218222,0.398730
tracking_cdrone3_20260822_110218_815_milestone4,milestone4,1787421741.366994381,target_map,1,1,0,detected,-1.321747,-0.139506,0.053240,-0.300664,0.004882,-0.011230,0.419426,10.976732,1134.750,1,0.091087,0.000000,0.181881,0.372772
tracking_cdrone3_20260822_110218_815_milestone4,milestone4,1787421741.467079878,target_map,1,1,0,detected,-1.351854,-0.139017,0.052116,-0.300664,0.004882,-0.011230,0.408681,10.976732,1134.750,1,0.191223,0.000000,0.216928,0.397806
tracking_cdrone3_20260822_110218_815_milestone4,milestone4,1787421741.481212139,raw,1,1,0,detected,-1.299530,-0.139933,0.058647,-0.023952,0.000083,0.020311,0.612305,10.971569,1173.000,0,0.000000,0.000000,0.000000,0.000000
tracking_cdrone3_20260822_110218_815_milestone4,milestone4,1787421741.566860199,target_map,1,1,0,detected,-1.311869,-0.139746,0.059155,-0.148472,0.002243,0.006117,0.599583,10.971569,1173.000,0,0.083105,0.000000,0.179087,0.370776
tracking_cdrone3_20260822_110218_815_milestone4,milestone4,1787421741.666866541,target_map,1,1,0,detected,-1.326717,-0.139522,0.059767,-0.148472,0.002243,0.006117,0.584275,10.971569,1173.000,0,0.183110,0.000000,0.214088,0.395777
tracking_cdrone3_20260822_110218_815_milestone4,milestone4,1787421741.711206436,raw,1,1,0,detected,-1.343523,-0.143139,0.059367,-0.191273,-0.013939,0.003133,0.493164,10.927565,1183.000,1,0.000000,0.000000,0.000000,0.000000
tracking_cdrone3_20260822_110218_815_milestone4,milestone4,1787421741.767159700,target_map,1,1,0,detected,-1.352469,-0.143485,0.059600,-0.172013,-0.006657,0.004476,0.486752,10.927565,1183.000,1,0.052007,0.000000,0.168203,0.363002
tracking_cdrone3_20260822_110218_815_milestone4,milestone4,1787421741.867145777,target_map,1,1,0,detected,-1.369664,-0.144150,0.060048,-0.172013,-0.006657,0.004476,0.474427,10.927565,1183.000,1,0.151975,0.000000,0.203191,0.387994
tracking_cdrone3_20260822_110218_815_milestone4,milestone4,1787421741.909527063,raw,1,1,0,detected,-1.280445,-0.145008,0.059503,0.318054,-0.009426,0.000682,0.535156,10.990624,1137.500,0,0.000000,0.000000,0.000000,0.000000
tracking_cdrone3_20260822_110218_815_milestone4,milestone4,1787421741.966836452,target_map,1,1,0,detected,-1.275224,-0.145446,0.059631,0.097524,-0.008180,0.002389,0.527993,10.990624,1137.500,0,0.053538,0.000000,0.168738,0.363385
tracking_cdrone3_20260822_110218_815_milestone4,milestone4,1787421742.067147255,target_map,1,1,0,detected,-1.265444,-0.146266,0.059870,0.097524,-0.008180,0.002389,0.514577,10.990624,1137.500,0,0.153821,0.000000,0.203838,0.388455
tracking_cdrone3_20260822_110218_815_milestone4,milestone4,1787421742.110574722,raw,1,1,0,detected,-1.323755,-0.166472,0.053917,-0.215427,-0.106763,-0.027782,0.489502,10.947210,1173.000,1,0.000000,0.000000,0.000000,0.000000
tracking_cdrone3_20260822_110218_815_milestone4,milestone4,1787421742.167042017,target_map,1,1,0,detected,-1.327701,-0.169773,0.053166,-0.074599,-0.062401,-0.014205,0.483028,10.947210,1173.000,1,0.052898,0.000000,0.168514,0.363225
tracking_cdrone3_20260822_110218_815_milestone4,milestone4,1787421742.266838312,target_map,1,1,0,detected,-1.335146,-0.176000,0.051748,-0.074599,-0.062401,-0.014205,0.470816,10.947210,1173.000,1,0.152695,0.000000,0.203443,0.388174
tracking_cdrone3_20260822_110218_815_milestone4,milestone4,1787421742.322836637,raw,1,1,0,detected,-1.070990,-0.185658,0.099091,1.190747,-0.090384,0.212805,0.597656,11.199846,1185.750,0,0.000000,0.000000,0.000000,0.000000
tracking_cdrone3_20260822_110218_815_milestone4,milestone4,1787421742.366930485,target_map,1,1,0,detected,-1.046912,-0.188673,0.103378,0.621341,-0.077792,0.110651,0.591866,11.199846,1185.750,0,0.038750,0.000000,0.163563,0.359688
tracking_cdrone3_20260822_110218_815_milestone4,milestone4,1787421742.466851950,target_map,1,1,0,detected,-0.984812,-0.196447,0.114437,0.621341,-0.077792,0.110651,0.576933,11.199846,1185.750,0,0.138695,0.000000,0.198543,0.384674
tracking_cdrone3_20260822_110218_815_milestone4,milestone4,1787421742.555478573,raw,1,1,0,detected,-0.850064,-0.166603,0.114146,0.949673,0.081909,0.064717,0.597656,11.420968,1185.750,0,0.000000,0.000000,0.000000,0.000000
tracking_cdrone3_20260822_110218_815_milestone4,milestone4,1787421742.567249537,target_map,1,1,0,detected,-0.847563,-0.166572,0.114412,0.801924,0.010044,0.085387,0.597190,11.420968,1185.750,0,0.003119,0.000000,0.151092,0.350780
tracking_cdrone3_20260822_110218_815_milestone4,milestone4,1787421742.666987896,target_map,1,1,0,detected,-0.767574,-0.165570,0.122929,0.801924,0.010044,0.085387,0.582287,11.420968,1185.750,0,0.102864,0.000000,0.186002,0.375716
tracking_cdrone3_20260822_110218_815_milestone4,milestone4,1787421742.767385721,target_map,1,1,0,detected,-0.687069,-0.164562,0.131501,0.801924,0.010044,0.085387,0.567287,11.420968,1185.750,0,0.203255,0.000000,0.221139,0.400814
tracking_cdrone3_20260822_110218_815_milestone4,milestone4,1787421742.801018476,raw,1,1,0,detected,-0.553416,-0.134440,0.059054,1.208098,0.130985,-0.224362,0.597656,11.717906,1185.750,0,0.000000,0.000000,0.000000,0.000000
tracking_cdrone3_20260822_110218_815_milestone4,milestone4,1787421742.867189407,target_map,1,1,0,detected,-0.490047,-0.129708,0.053802,1.025320,0.076561,-0.084975,0.588422,11.717906,1185.750,0,0.061803,0.000000,0.171631,0.365451
tracking_cdrone3_20260822_110218_815_milestone4,milestone4,1787421742.967140436,target_map,1,1,0,detected,-0.387580,-0.122057,0.045310,1.025320,0.076561,-0.084975,0.573490,11.717906,1185.750,0,0.161740,0.000000,0.206609,0.390435
tracking_cdrone3_20260822_110218_815_milestone4,milestone4,1787421743.030599833,raw,1,1,0,detected,-0.393903,-0.126759,0.035041,0.694797,0.033456,-0.104593,0.597656,11.877400,1185.750,0,0.000000,0.000000,0.000000,0.000000
tracking_cdrone3_20260822_110218_815_milestone4,milestone4,1787421743.067322731,target_map,1,1,0,detected,-0.367170,-0.125084,0.032006,0.843533,0.052853,-0.095765,0.592921,11.877400,1185.750,0,0.031692,0.000000,0.161092,0.357923
tracking_cdrone3_20260822_110218_815_milestone4,milestone4,1787421743.167541742,target_map,1,1,0,detected,-0.282640,-0.119788,0.022410,0.843533,0.052853,-0.095765,0.577948,11.877400,1185.750,0,0.131901,0.000000,0.196165,0.382975
tracking_cdrone3_20260822_110218_815_milestone4,milestone4,1787421743.240901470,raw,1,1,0,detected,-0.489405,-0.157888,0.050370,-0.454142,-0.148025,0.072894,0.516602,11.781698,1090.250,1,0.000000,0.000000,0.000000,0.000000
tracking_cdrone3_20260822_110218_815_milestone4,milestone4,1787421743.266813755,target_map,1,1,0,detected,-0.486577,-0.159143,0.050305,0.129812,-0.057630,-0.003003,0.513787,11.781698,1090.250,1,0.021791,0.000000,0.157627,0.355448
tracking_cdrone3_20260822_110218_815_milestone4,milestone4,1787421743.367460489,target_map,1,1,0,detected,-0.473514,-0.164943,0.050003,0.129812,-0.057630,-0.003003,0.500791,11.781698,1090.250,1,0.122421,0.000000,0.192847,0.380605
tracking_cdrone3_20260822_110218_815_milestone4,milestone4,1787421743.431852341,raw,1,1,0,detected,-0.572334,-0.151003,0.105822,-0.434311,0.036057,0.290409,0.666016,11.698656,996.000,1,0.000000,0.000000,0.000000,0.000000
tracking_cdrone3_20260822_110218_815_milestone4,milestone4,1787421743.467089653,target_map,1,1,0,detected,-0.578219,-0.151202,0.110986,-0.180456,-0.006102,0.158374,0.660586,11.698656,996.000,1,0.032609,0.000000,0.161413,0.358152
tracking_cdrone3_20260822_110218_815_milestone4,milestone4,1787421743.567384243,target_map,1,1,0,detected,-0.596317,-0.151814,0.126870,-0.180456,-0.006102,0.158374,0.643887,11.698656,996.000,1,0.132899,0.000000,0.196515,0.383225
tracking_cdrone3_20260822_110218_815_milestone4,milestone4,1787421743.666972160,target_map,1,1,0,detected,-0.614280,-0.152421,0.142635,-0.180456,-0.006102,0.158374,0.627313,11.698656,996.000,1,0.232445,0.000000,0.231356,0.408111
tracking_cdrone3_20260822_110218_815_milestone4,milestone4,1787421743.691031694,raw,1,1,0,detected,-1.185148,-0.146584,0.093033,-2.364531,0.017050,-0.049345,0.763184,11.085910,924.000,1,0.000000,0.000000,0.000000,0.000000
tracking_cdrone3_20260822_110218_815_milestone4,milestone4,1787421743.767296791,target_map,1,1,0,detected,-1.286842,-0.146096,0.096281,-1.381697,0.006631,0.044129,0.749141,11.085910,924.000,1,0.073601,0.000000,0.175760,0.368400
tracking_cdrone3_20260822_110218_815_milestone4,milestone4,1787421743.866853237,target_map,1,1,0,detected,-1.424413,-0.145436,0.100675,-1.381697,0.006631,0.044129,0.730144,11.085910,924.000,1,0.173168,0.000000,0.210609,0.393292
tracking_cdrone3_20260822_110218_815_milestone4,milestone4,1787421743.923907995,raw,1,1,0,detected,-2.228680,-0.172357,0.123276,-4.480729,-0.110664,0.129856,0.751465,10.042307,1036.000,1,0.000000,0.000000,0.000000,0.000000
tracking_cdrone3_20260822_110218_815_milestone4,milestone4,1787421743.967107773,target_map,1,1,0,detected,-2.351274,-0.174656,0.126902,-3.086164,-0.057881,0.091278,0.744002,10.042307,1036.000,1,0.039724,0.000000,0.163903,0.359931
tracking_cdrone3_20260822_110218_815_milestone4,milestone4,1787421744.067100763,target_map,1,1,0,detected,-2.659873,-0.180444,0.136029,-3.086164,-0.057881,0.091278,0.725217,10.042307,1036.000,1,0.139718,0.000000,0.198901,0.384930
tracking_cdrone3_20260822_110218_815_milestone4,milestone4,1787421744.109635592,raw,1,1,0,detected,-1.614468,-0.159530,0.124323,3.306942,0.069062,0.005639,0.665527,10.656631,1218.000,0,0.000000,0.000000,0.000000,0.000000
tracking_cdrone3_20260822_110218_815_milestone4,milestone4,1787421744.167031050,target_map,1,1,0,detected,-1.592411,-0.158918,0.126589,0.430044,0.011937,0.044177,0.656994,10.656631,1218.000,0,0.051290,0.000000,0.167951,0.362822
tracking_cdrone3_20260822_110218_815_milestone4,milestone4,1787421744.267200708,target_map,1,1,0,detected,-1.549342,-0.157722,0.131013,0.430044,0.011937,0.044177,0.640331,10.656631,1218.000,0,0.151439,0.000000,0.203004,0.387860
tracking_cdrone3_20260822_110218_815_milestone4,milestone4,1787421744.310730696,raw,1,1,0,detected,-1.446797,-0.184301,0.091291,0.833863,-0.123190,-0.164276,0.487549,10.824329,1261.500,0,0.000000,0.000000,0.000000,0.000000
tracking_cdrone3_20260822_110218_815_milestone4,milestone4,1787421744.367057562,target_map,1,1,0,detected,-1.414700,-0.187371,0.087823,0.652144,-0.062383,-0.070472,0.481550,10.824329,1261.500,0,0.049219,0.000000,0.167227,0.362305
tracking_cdrone3_20260822_110218_815_milestone4,milestone4,1787421744.466741323,target_map,1,1,0,detected,-1.349689,-0.193590,0.080797,0.652144,-0.062383,-0.070472,0.469399,10.824329,1261.500,0,0.148906,0.000000,0.202117,0.387227
tracking_cdrone3_20260822_110218_815_milestone4,milestone4,1787421744.529191256,raw,1,1,0,detected,-1.327513,-0.174638,0.100772,0.546003,0.044231,0.043396,0.433838,10.943562,1274.000,0,0.000000,0.000000,0.000000,0.000000
tracking_cdrone3_20260822_110218_815_milestone4,milestone4,1787421744.566882610,target_map,1,1,0,detected,-1.306827,-0.174768,0.100498,0.593767,-0.003745,-0.007845,0.430059,10.943562,1274.000,0,0.034839,0.000000,0.162194,0.358710
tracking_cdrone3_20260822_110218_815_milestone4,milestone4,1787421744.667095900,target_map,1,1,0,detected,-1.247326,-0.175143,0.099712,0.593767,-0.003745,-0.007845,0.419191,10.943562,1274.000,0,0.135049,0.000000,0.197267,0.383762
tracking_cdrone3_20260822_110218_815_milestone4,milestone4,1787421744.729233980,raw,1,1,0,detected,-1.075937,-0.182109,0.119744,1.257608,-0.037350,0.094840,0.433838,11.195015,1274.000,0,0.000000,0.000000,0.000000,0.000000
tracking_cdrone3_20260822_110218_815_milestone4,milestone4,1787421744.767467976,target_map,1,1,0,detected,-1.041695,-0.182903,0.121481,0.958880,-0.022228,0.048632,0.429965,11.195015,1274.000,0,0.035710,0.000000,0.162499,0.358928
tracking_cdrone3_20260822_110218_815_milestone4,milestone4,1787421744.866983175,target_map,1,1,0,detected,-0.946235,-0.185116,0.126322,0.958880,-0.022228,0.048632,0.419167,11.195015,1274.000,0,0.135264,0.000000,0.197342,0.383816
tracking_cdrone3_20260822_110218_815_milestone4,milestone4,1787421744.944883347,raw,1,1,0,detected,-1.002346,-0.183443,0.090027,0.341260,-0.006183,-0.137806,0.433838,11.268576,1274.000,0,0.000000,0.000000,0.000000,0.000000
tracking_cdrone3_20260822_110218_815_milestone4,milestone4,1787421744.967030287,target_map,1,1,0,detected,-0.993512,-0.183634,0.089257,0.619189,-0.013403,-0.053909,0.432290,11.268576,1274.000,0,0.014267,0.000000,0.154993,0.353567
tracking_cdrone3_20260822_110218_815_milestone4,milestone4,1787421745.066728354,target_map,1,1,0,detected,-0.931784,-0.184970,0.083883,0.619189,-0.013403,-0.053909,0.421478,11.268576,1274.000,0,0.113958,0.000000,0.189885,0.378489
tracking_cdrone3_20260822_110218_815_milestone4,milestone4,1787421745.144807577,raw,1,1,0,detected,-1.518712,-0.199242,0.128598,-2.582705,-0.079022,0.192920,0.433838,10.752438,1274.000,1,0.000000,0.000000,0.000000,0.000000
tracking_cdrone3_20260822_110218_815_milestone4,milestone4,1787421745.166755199,target_map,1,1,0,detected,-1.538462,-0.200098,0.130013,-1.141853,-0.049493,0.081847,0.431962,10.752438,1274.000,1,0.017296,0.000000,0.156054,0.354324
tracking_cdrone3_20260822_110218_815_milestone4,milestone4,1787421745.267045736,target_map,1,1,0,detected,-1.652968,-0.205061,0.138221,-1.141853,-0.049493,0.081847,0.421086,10.752438,1274.000,1,0.117577,0.000000,0.191152,0.379394
tracking_cdrone3_20260822_110218_815_milestone4,milestone4,1787421745.358659744,raw,1,1,0,detected,-1.592137,-0.191386,0.131661,-0.343353,0.036736,0.014327,0.433838,10.679200,1274.000,1,0.000000,0.000000,0.000000,0.000000
tracking_cdrone3_20260822_110218_815_milestone4,milestone4,1787421745.367113829,target_map,1,1,0,detected,-1.596308,-0.191398,0.131927,-0.702678,-0.002067,0.044711,0.433194,10.679200,1274.000,1,0.005935,0.000000,0.152077,0.351484
tracking_cdrone3_20260822_110218_815_milestone4,milestone4,1787421745.466839790,target_map,1,1,0,detected,-1.666387,-0.191604,0.136386,-0.702678,-0.002067,0.044711,0.422377,10.679200,1274.000,1,0.105667,0.000000,0.186983,0.376417
tracking_cdrone3_20260822_110218_815_milestone4,milestone4,1787421745.566730261,raw,1,1,0,detected,-1.735708,-0.175114,0.138470,-0.689996,0.078199,0.032724,0.433838,10.535834,1274.000,1,0.000000,0.000000,0.000000,0.000000
tracking_cdrone3_20260822_110218_815_milestone4,milestone4,1787421745.567095518,target_map,1,1,0,detected,-1.736838,-0.191811,0.140868,-0.702678,-0.002067,0.044711,0.411503,10.679200,1274.000,1,0.205927,0.000000,0.222074,0.401482
tracking_cdrone3_20260822_110218_815_milestone4,milestone4,1787421745.667141914,target_map,1,1,0,detected,-1.802006,-0.171104,0.142103,-0.695703,0.042079,0.038118,0.423502,10.535834,1274.000,1,0.095297,0.000000,0.183354,0.373824
tracking_cdrone3_20260822_110218_815_milestone4,milestone4,1787421745.767085791,target_map,1,1,0,detected,-1.871538,-0.166899,0.145913,-0.695703,0.042079,0.038118,0.412662,10.535834,1274.000,1,0.195242,0.000000,0.218335,0.398810
tracking_cdrone3_20260822_110218_815_milestone4,milestone4,1787421745.767397881,raw,1,1,0,detected,-2.052309,-0.171996,0.093139,-1.577824,0.015539,-0.225913,0.433838,10.218971,1274.000,1,0.000000,0.000000,0.000000,0.000000
tracking_cdrone3_20260822_110218_815_milestone4,milestone4,1787421745.867097139,target_map,1,1,0,detected,-2.164192,-0.169393,0.082992,-1.180870,0.027482,-0.107099,0.423562,10.218971,1274.000,1,0.094746,0.000000,0.183161,0.373687
tracking_cdrone3_20260822_110218_815_milestone4,milestone4,1787421745.966957808,target_map,1,1,0,detected,-2.282116,-0.166648,0.072297,-1.180870,0.027482,-0.107099,0.412731,10.218971,1274.000,1,0.194608,0.000000,0.218113,0.398652
tracking_cdrone3_20260822_110218_815_milestone4,milestone4,1787421745.979684353,raw,1,1,0,detected,-2.040474,-0.140865,0.204422,0.055745,0.146640,0.524180,0.755859,10.230823,1046.750,0,0.000000,0.000000,0.000000,0.000000
tracking_cdrone3_20260822_110218_815_milestone4,milestone4,1787421746.067163467,target_map,1,1,0,detected,-2.082315,-0.133092,0.224485,-0.500732,0.093019,0.240104,0.740070,10.230823,1046.750,0,0.083560,0.000000,0.179246,0.370890
tracking_cdrone3_20260822_110218_815_milestone4,milestone4,1787421746.166804314,target_map,1,1,0,detected,-2.132212,-0.123823,0.248410,-0.500732,0.093019,0.240104,0.721240,10.230823,1046.750,0,0.183207,0.000000,0.214122,0.395802
tracking_cdrone3_20260822_110218_815_milestone4,milestone4,1787421746.211762905,raw,1,1,0,detected,-1.485908,-0.277592,0.124811,2.389636,-0.589158,-0.343045,0.682617,10.780654,1232.000,0,0.000000,0.000000,0.000000,0.000000
tracking_cdrone3_20260822_110218_815_milestone4,milestone4,1787421746.267094135,target_map,1,1,0,detected,-1.428410,-0.292491,0.120554,1.088971,-0.282178,-0.080628,0.673607,10.780654,1232.000,0,0.052800,0.000000,0.168480,0.363200
tracking_cdrone3_20260822_110218_815_milestone4,milestone4,1787421746.367109776,target_map,1,1,0,detected,-1.319508,-0.320710,0.112490,1.088971,-0.282178,-0.080628,0.656540,10.780654,1232.000,0,0.152805,0.000000,0.203482,0.388201
tracking_cdrone3_20260822_110218_815_milestone4,milestone4,1787421746.437411308,raw,1,1,0,detected,-1.623319,-0.248018,0.030267,-0.608935,0.131057,-0.418967,0.811523,10.641816,1037.500,1,0.000000,0.000000,0.000000,0.000000
tracking_cdrone3_20260822_110218_815_milestone4,milestone4,1787421746.467077017,target_map,1,1,0,detected,-1.619117,-0.249505,0.023043,0.155123,-0.054899,-0.266714,0.806028,10.641816,1037.500,1,0.027086,0.000000,0.159480,0.356771
tracking_cdrone3_20260822_110218_815_milestone4,milestone4,1787421746.567139626,target_map,1,1,0,detected,-1.603598,-0.254997,-0.003640,0.155123,-0.054899,-0.266714,0.785731,10.641816,1037.500,1,0.127131,0.000000,0.194496,0.381783
tracking_cdrone3_20260822_110218_815_milestone4,milestone4,1787421746.660384417,raw,1,1,0,detected,-2.474997,-0.253209,-0.066312,-3.819799,-0.023281,-0.433163,0.795410,9.792724,1288.000,1,0.000000,0.000000,0.000000,0.000000
tracking_cdrone3_20260822_110218_815_milestone4,milestone4,1787421746.667387962,target_map,1,1,0,detected,-2.484213,-0.253379,-0.067938,-2.031084,-0.037509,-0.358261,0.794508,9.792724,1288.000,1,0.004538,0.000000,0.151588,0.351134
tracking_cdrone3_20260822_110218_815_milestone4,milestone4,1787421746.766824245,target_map,1,1,0,detected,-2.686149,-0.257108,-0.103557,-2.031084,-0.037509,-0.358261,0.774737,9.792724,1288.000,1,0.103961,0.000000,0.186386,0.375990
tracking_cdrone3_20260822_110218_815_milestone4,milestone4,1787421746.867560387,target_map,1,1,0,detected,-2.890635,-0.260884,-0.139627,-2.031084,-0.037509,-0.358261,0.754717,9.792724,1288.000,1,0.204639,0.000000,0.221624,0.401160
tracking_cdrone3_20260822_110218_815_milestone4,milestone4,1787421746.885075331,raw,1,1,0,detected,-2.247792,-0.112908,0.020364,1.011149,0.624389,0.385744,0.441650,10.016564,1338.750,0,0.000000,0.000000,0.000000,0.000000
tracking_cdrone3_20260822_110218_815_milestone4,milestone4,1787421746.967293978,target_map,1,1,0,detected,-2.275843,-0.087312,0.024357,-0.357856,0.326535,0.050942,0.432995,10.016564,1338.750,0,0.078388,0.000000,0.177436,0.369597
tracking_cdrone3_20260822_110218_815_milestone4,milestone4,1787421747.067055225,target_map,1,1,0,detected,-2.311546,-0.054734,0.029440,-0.357856,0.326535,0.050942,0.421980,10.016564,1338.750,0,0.178156,0.000000,0.212355,0.394539
tracking_cdrone3_20260822_110218_815_milestone4,milestone4,1787421747.118303299,raw,1,1,0,detected,-2.573532,-0.094989,-0.088437,-1.396725,0.076837,-0.466525,0.747070,9.701923,1408.000,1,0.000000,0.000000,0.000000,0.000000
tracking_cdrone3_20260822_110218_815_milestone4,milestone4,1787421747.167637110,target_map,1,1,0,detected,-2.617136,-0.086110,-0.099402,-0.929234,0.189201,-0.233665,0.738306,9.701923,1408.000,1,0.046924,0.000000,0.166424,0.361731
tracking_cdrone3_20260822_110218_815_milestone4,milestone4,1787421747.267145872,target_map,1,1,0,detected,-2.709589,-0.067286,-0.122650,-0.929234,0.189201,-0.233665,0.719724,9.701923,1408.000,1,0.146418,0.000000,0.201246,0.386605
tracking_cdrone3_20260822_110218_815_milestone4,milestone4,1787421747.367069721,target_map,1,1,0,detected,-2.802447,-0.048379,-0.146000,-0.929234,0.189201,-0.233665,0.701061,9.701923,1408.000,1,0.246347,0.000000,0.236222,0.411587
tracking_cdrone3_20260822_110218_815_milestone4,milestone4,1787421747.396948814,raw,1,1,0,detected,-2.940888,-0.183960,0.029042,-1.318236,-0.319271,0.421569,0.651367,9.339095,1440.500,1,0.000000,0.000000,0.000000,0.000000
tracking_cdrone3_20260822_110218_815_milestone4,milestone4,1787421747.467055798,target_map,1,1,0,detected,-3.017885,-0.190053,0.037577,-1.143185,-0.090458,0.126714,0.640399,9.339095,1440.500,1,0.067353,0.000000,0.173573,0.366838
tracking_cdrone3_20260822_110218_815_milestone4,milestone4,1787421747.567129850,target_map,1,1,0,detected,-3.132279,-0.199105,0.050257,-1.143185,-0.090458,0.126714,0.624104,9.339095,1440.500,1,0.167419,0.000000,0.208597,0.391855
tracking_cdrone3_20260822_110218_815_milestone4,milestone4,1787421747.644387722,raw,1,1,0,detected,-3.138320,-0.201413,0.057922,-0.797967,-0.070539,0.116726,0.718262,9.165754,1950.500,1,0.000000,0.000000,0.000000,0.000000
tracking_cdrone3_20260822_110218_815_milestone4,milestone4,1787421747.667616367,target_map,1,1,0,detected,-3.155343,-0.202833,0.060087,-0.953315,-0.079503,0.121221,0.715055,9.165754,1950.500,1,0.017857,0.000000,0.156250,0.354464
tracking_cdrone3_20260822_110218_815_milestone4,milestone4,1787421747.767042398,target_map,1,1,0,detected,-3.250128,-0.210737,0.072140,-0.953315,-0.079503,0.121221,0.697202,9.165754,1950.500,1,0.117283,0.000000,0.191049,0.379321
tracking_cdrone3_20260822_110218_815_milestone4,milestone4,1787421747.867578268,target_map,1,1,0,detected,-3.345771,-0.218714,0.084301,-0.953315,-0.079503,0.121221,0.679186,9.165754,1950.500,1,0.217611,0.000000,0.226164,0.404403
tracking_cdrone3_20260822_110218_815_milestone4,milestone4,1787421747.903529644,raw,1,1,0,detected,-3.712436,-0.218729,0.079364,-2.215498,-0.066822,0.082741,0.730957,8.618675,1686.250,1,0.000000,0.000000,0.000000,0.000000
tracking_cdrone3_20260822_110218_815_milestone4,milestone4,1787421747.967041969,target_map,1,1,0,detected,-3.808508,-0.222958,0.085198,-1.647516,-0.072528,0.100057,0.720301,8.618675,1686.250,1,0.058314,0.000000,0.170410,0.364578
tracking_cdrone3_20260822_110218_815_milestone4,milestone4,1787421748.067002535,target_map,1,1,0,detected,-3.973192,-0.230208,0.095200,-1.647516,-0.072528,0.100057,0.702034,8.618675,1686.250,1,0.158272,0.000000,0.205395,0.389568
tracking_cdrone3_20260822_110218_815_milestone4,milestone4,1787421748.147944927,raw,1,1,0,detected,-3.546544,-0.205568,0.097750,0.678748,0.053850,0.075228,0.648926,8.798625,1478.750,0,0.000000,0.000000,0.000000,0.000000
tracking_cdrone3_20260822_110218_815_milestone4,milestone4,1787421748.166965723,target_map,1,1,0,detected,-3.551569,-0.205609,0.098930,-0.368071,-0.003020,0.086401,0.646711,8.798625,1478.750,0,0.013652,0.000000,0.154778,0.353413
tracking_cdrone3_20260822_110218_815_milestone4,milestone4,1787421748.267041683,target_map,1,1,0,detected,-3.588402,-0.205911,0.107576,-0.368071,-0.003020,0.086401,0.630476,8.798625,1478.750,0,0.113723,0.000000,0.189803,0.378431
tracking_cdrone3_20260822_110218_815_milestone4,milestone4,1787421748.367098570,target_map,1,1,0,detected,-3.625229,-0.206213,0.116221,-0.368071,-0.003020,0.086401,0.614244,8.798625,1478.750,0,0.213778,0.000000,0.224822,0.403445
tracking_cdrone3_20260822_110218_815_milestone4,milestone4,1787421748.395902157,raw,1,1,0,detected,-2.249629,-0.196613,0.027563,5.230208,0.036112,-0.283053,0.586914,10.111322,752.000,0,0.000000,0.000000,0.000000,0.000000
tracking_cdrone3_20260822_110218_815_milestone4,milestone4,1787421748.467059135,target_map,1,1,0,detected,-2.065403,-0.195356,0.019625,2.710983,0.018502,-0.116799,0.576943,10.111322,752.000,0,0.067956,0.000000,0.173785,0.366989
tracking_cdrone3_20260822_110218_815_milestone4,milestone4,1787421748.567051411,target_map,1,1,0,detected,-1.794325,-0.193506,0.007946,2.710983,0.018502,-0.116799,0.562271,10.111322,752.000,0,0.167948,0.000000,0.208782,0.391987
tracking_cdrone3_20260822_110218_815_milestone4,milestone4,1787421748.652191162,raw,1,1,0,detected,-2.150546,-0.174983,0.068333,0.386609,0.084397,0.159081,0.586914,10.226521,752.000,0,0.000000,0.000000,0.000000,0.000000
tracking_cdrone3_20260822_110218_815_milestone4,milestone4,1787421748.667055130,target_map,1,1,0,detected,-2.132766,-0.174304,0.068767,1.432577,0.054745,0.034935,0.585093,10.226521,752.000,0,0.012411,0.000000,0.154344,0.353103
tracking_cdrone3_20260822_110218_815_milestone4,milestone4,1787421748.767329693,target_map,1,1,0,detected,-1.989126,-0.168814,0.072269,1.432577,0.054745,0.034935,0.570381,10.226521,752.000,0,0.112679,0.000000,0.189437,0.378170
tracking_cdrone3_20260822_110218_815_milestone4,milestone4,1787421748.866950035,target_map,1,1,0,detected,-1.846423,-0.163361,0.075749,1.432577,0.054745,0.034935,0.555765,10.226521,752.000,0,0.212291,0.000000,0.224302,0.403073
tracking_cdrone3_20260822_110218_815_milestone4,milestone4,1787421748.893667221,raw,1,1,0,detected,-2.162185,-0.191941,0.153261,-0.048200,-0.070227,0.351714,0.586914,10.232105,752.000,0,0.000000,0.000000,0.000000,0.000000
tracking_cdrone3_20260822_110218_815_milestone4,milestone4,1787421748.967005491,target_map,1,1,0,detected,-2.123033,-0.192827,0.166509,0.618150,-0.013990,0.209163,0.577621,10.232105,752.000,0,0.063338,0.000000,0.172168,0.365834
tracking_cdrone3_20260822_110218_815_milestone4,milestone4,1787421749.067075253,target_map,1,1,0,detected,-2.061180,-0.194227,0.187438,0.618150,-0.013990,0.209163,0.562939,10.232105,752.000,0,0.163399,0.000000,0.207190,0.390850
tracking_cdrone3_20260822_110218_815_milestone4,milestone4,1787421749.128377199,raw,1,1,0,detected,-2.137771,-0.194758,0.174361,0.104010,-0.012002,0.089890,0.586914,10.260701,752.000,0,0.000000,0.000000,0.000000,0.000000
tracking_cdrone3_20260822_110218_815_milestone4,milestone4,1787421749.167239904,target_map,1,1,0,detected,-2.125856,-0.195216,0.179461,0.335373,-0.012896,0.143563,0.581701,10.260701,752.000,0,0.035526,0.000000,0.162434,0.358882
tracking_cdrone3_20260822_110218_815_milestone4,milestone4,1787421749.266836882,target_map,1,1,0,detected,-2.092453,-0.196500,0.193760,0.335373,-0.012896,0.143563,0.567087,10.260701,752.000,0,0.135125,0.000000,0.197294,0.383781
tracking_cdrone3_20260822_110218_815_milestone4,milestone4,1787421749.359002352,raw,1,1,0,detected,-2.128326,-0.216803,0.169311,0.040953,-0.095591,-0.021899,0.586914,10.272294,752.000,0,0.000000,0.000000,0.000000,0.000000
tracking_cdrone3_20260822_110218_815_milestone4,milestone4,1787421749.367346525,target_map,1,1,0,detected,-2.128154,-0.216860,0.169363,0.173442,-0.058378,0.052559,0.586769,10.272294,752.000,0,0.000990,0.000000,0.150347,0.350248
tracking_cdrone3_20260822_110218_815_milestone4,milestone4,1787421749.467047215,target_map,1,1,0,detected,-2.110866,-0.222679,0.174602,0.173442,-0.058378,0.052559,0.572143,10.272294,752.000,0,0.100668,0.000000,0.185234,0.375167
tracking_cdrone3_20260822_110218_815_milestone4,milestone4,1787421749.567261696,target_map,1,1,0,detected,-2.093487,-0.228529,0.179868,0.173442,-0.058378,0.052559,0.557441,10.272294,752.000,0,0.200869,0.000000,0.220304,0.400217
tracking_cdrone3_20260822_110218_815_milestone4,milestone4,1787421749.589768410,raw,1,1,0,detected,-2.009095,-0.205420,0.157775,0.516666,0.049324,-0.049988,0.586914,10.394728,752.000,0,0.000000,0.000000,0.000000,0.000000
tracking_cdrone3_20260822_110218_815_milestone4,milestone4,1787421749.667044640,target_map,1,1,0,detected,-1.982189,-0.205357,0.157490,0.362215,0.000858,-0.003842,0.576014,10.394728,752.000,0,0.074284,0.000000,0.176000,0.368571
tracking_cdrone3_20260822_110218_815_milestone4,milestone4,1787421749.766876459,target_map,1,1,0,detected,-1.946028,-0.205271,0.157106,0.362215,0.000858,-0.003842,0.561366,10.394728,752.000,0,0.174117,0.000000,0.210941,0.393529
tracking_cdrone3_20260822_110218_815_milestone4,milestone4,1787421749.825542927,raw,1,1,0,detected,-1.974192,-0.209532,0.111653,0.148039,-0.017439,-0.195625,0.586914,10.437201,752.000,0,0.000000,0.000000,0.000000,0.000000
tracking_cdrone3_20260822_110218_815_milestone4,milestone4,1787421749.867472649,target_map,1,1,0,detected,-1.965140,-0.209873,0.107604,0.244418,-0.009206,-0.109322,0.581479,10.437201,752.000,0,0.037039,0.000000,0.162963,0.359260
tracking_cdrone3_20260822_110218_815_milestone4,milestone4,1787421749.966741085,target_map,1,1,0,detected,-1.940874,-0.210787,0.096750,0.244418,-0.009206,-0.109322,0.566913,10.437201,752.000,0,0.136316,0.000000,0.197711,0.384079
tracking_cdrone3_20260822_110218_815_milestone4,milestone4,1787421750.067281246,target_map,1,1,0,detected,-1.916304,-0.211712,0.085761,0.244418,-0.009206,-0.109322,0.552163,10.437201,752.000,0,0.236842,0.000000,0.232895,0.409210
tracking_cdrone3_20260822_110218_815_milestone4,milestone4,1787421750.097698689,raw,1,1,0,detected,-1.915642,-0.185730,0.133538,0.215141,0.087460,0.080419,0.586914,10.493568,752.000,0,0.000000,0.000000,0.000000,0.000000
tracking_cdrone3_20260822_110218_815_milestone4,milestone4,1787421750.167103291,target_map,1,1,0,detected,-1.901113,-0.182932,0.133222,0.228316,0.043961,-0.004965,0.577576,10.493568,752.000,0,0.063639,0.000000,0.172274,0.365910
tracking_cdrone3_20260822_110218_815_milestone4,milestone4,1787421750.267302275,target_map,1,1,0,detected,-1.878238,-0.178528,0.132725,0.228316,0.043961,-0.004965,0.562876,10.493568,752.000,0,0.163828,0.000000,0.207340,0.390957
tracking_cdrone3_20260822_110218_815_milestone4,milestone4,1787421750.315546989,raw,1,1,0,detected,-1.854688,-0.167366,0.145925,0.279785,0.084290,0.056856,0.586914,10.551509,752.000,0,0.000000,0.000000,0.000000,0.000000
tracking_cdrone3_20260822_110218_815_milestone4,milestone4,1787421750.367037535,target_map,1,1,0,detected,-1.842182,-0.164143,0.147340,0.256624,0.066142,0.029037,0.579764,10.551509,752.000,0,0.048730,0.000000,0.167056,0.362183
tracking_cdrone3_20260822_110218_815_milestone4,milestone4,1787421750.467035294,target_map,1,1,0,detected,-1.816521,-0.157529,0.150244,0.256624,0.066142,0.029037,0.565092,10.551509,752.000,0,0.148727,0.000000,0.202055,0.387182
tracking_cdrone3_20260822_110218_815_milestone4,milestone4,1787421750.567229748,target_map,1,1,0,detected,-1.790820,-0.150905,0.153152,0.256624,0.066142,0.029037,0.550397,10.551509,752.000,0,0.248877,0.000000,0.237107,0.412219
tracking_cdrone3_20260822_110218_815_milestone4,milestone4,1787421750.597240925,raw,1,1,0,detected,-1.819564,-0.150233,0.097672,0.124693,0.060825,-0.171305,0.586914,10.591536,752.000,0,0.000000,0.000000,0.000000,0.000000
tracking_cdrone3_20260822_110218_815_milestone4,milestone4,1787421750.667037010,target_map,1,1,0,detected,-1.807784,-0.146187,0.092478,0.184062,0.063218,-0.081151,0.577523,10.591536,752.000,0,0.064002,0.000000,0.172401,0.366000
tracking_cdrone3_20260822_110218_815_milestone4,milestone4,1787421750.767131805,target_map,1,1,0,detected,-1.789361,-0.139859,0.084355,0.184062,0.063218,-0.081151,0.562837,10.591536,752.000,0,0.164093,0.000000,0.207432,0.391023
tracking_cdrone3_20260822_110218_815_milestone4,milestone4,1787421750.834623575,raw,1,1,0,detected,-1.809915,-0.168032,0.181752,0.040644,-0.074977,0.354187,0.586914,10.588782,752.000,0,0.000000,0.000000,0.000000,0.000000
tracking_cdrone3_20260822_110218_815_milestone4,milestone4,1787421750.867005587,target_map,1,1,0,detected,-1.807071,-0.168377,0.186033,0.105182,-0.012789,0.158285,0.582946,10.588782,752.000,0,0.027043,0.000000,0.159465,0.356761
tracking_cdrone3_20260822_110218_815_milestone4,milestone4,1787421750.967245579,target_map,1,1,0,detected,-1.796529,-0.169659,0.201897,0.105182,-0.012789,0.158285,0.568240,10.588782,752.000,0,0.127270,0.000000,0.194544,0.381817
tracking_cdrone3_20260822_110218_815_milestone4,milestone4,1787421751.067562580,target_map,1,1,0,detected,-1.785980,-0.170942,0.217772,0.105182,-0.012789,0.158285,0.553524,10.588782,752.000,0,0.227561,0.000000,0.229646,0.406890
tracking_cdrone3_20260822_110218_815_milestone4,milestone4,1787421751.095731497,raw,1,1,0,detected,-1.818349,-0.156735,0.050161,-0.032301,0.043263,-0.503973,0.586914,10.596422,752.000,0,0.000000,0.000000,0.000000,0.000000
tracking_cdrone3_20260822_110218_815_milestone4,milestone4,1787421751.166980267,target_map,1,1,0,detected,-1.816381,-0.155534,0.036447,0.029567,0.018040,-0.205957,0.577144,10.596422,752.000,0,0.066586,0.000000,0.173305,0.366647
tracking_cdrone3_20260822_110218_815_milestone4,milestone4,1787421751.267423630,target_map,1,1,0,detected,-1.813411,-0.153722,0.015759,0.029567,0.018040,-0.205957,0.562406,10.596422,752.000,0,0.167033,0.000000,0.208462,0.391758
tracking_cdrone3_20260822_110218_815_milestone4,milestone4,1787421751.343192339,raw,1,1,0,detected,-1.732654,-0.155186,0.298009,0.346302,0.006261,1.001572,0.586914,10.642863,752.000,0,0.000000,0.000000,0.000000,0.000000
tracking_cdrone3_20260822_110218_815_milestone4,milestone4,1787421751.367017746,target_map,1,1,0,detected,-1.728367,-0.154943,0.307648,0.203771,0.011561,0.458184,0.583827,10.642863,752.000,0,0.021037,0.000000,0.157363,0.355259
tracking_cdrone3_20260822_110218_815_milestone4,milestone4,1787421751.467080116,target_map,1,1,0,detected,-1.707978,-0.153786,0.353492,0.203771,0.011561,0.458184,0.569146,10.642863,752.000,0,0.121093,0.000000,0.192382,0.380273
tracking_cdrone3_20260822_110218_815_milestone4,milestone4,1787421751.566936493,target_map,1,1,0,detected,-1.687636,-0.152632,0.399232,0.203771,0.011561,0.458184,0.554498,10.642863,752.000,0,0.220923,0.000000,0.227323,0.405231
tracking_cdrone3_20260822_110218_815_milestone4,milestone4,1787421751.667004585,target_map,1,1,2,predicted,-1.667238,-0.151474,0.445097,0.203771,0.011561,0.458184,0.539811,10.642863,752.000,0,0.321024,0.321024,0.262358,0.430256
tracking_cdrone3_20260822_110218_815_milestone4,milestone4,1787421751.767230988,target_map,1,1,2,predicted,-1.646816,-0.150316,0.491016,0.203771,0.011561,0.458184,0.525106,10.642863,752.000,0,0.421243,0.421243,0.297435,0.455311
tracking_cdrone3_20260822_110218_815_milestone4,milestone4,1787421751.867100477,target_map,1,1,2,predicted,-1.626466,-0.149161,0.536774,0.203771,0.011561,0.458184,0.510452,10.642863,752.000,0,0.521110,0.521110,0.332389,0.480278
tracking_cdrone3_20260822_110218_815_milestone4,milestone4,1787421751.966834545,target_map,1,1,2,predicted,-1.606142,-0.148008,0.582474,0.203771,0.011561,0.458184,0.495817,10.642863,752.000,0,0.620853,0.620853,0.367299,0.505213
tracking_cdrone3_20260822_110218_815_milestone4,milestone4,1787421752.067060471,target_map,1,1,2,predicted,-1.585720,-0.146849,0.628393,0.203771,0.011561,0.458184,0.481112,10.642863,752.000,0,0.721073,0.721073,0.402376,0.530268
tracking_cdrone3_20260822_110218_815_milestone4,milestone4,1787421752.166615725,target_map,1,1,2,predicted,-1.565431,-0.145698,0.674014,0.203771,0.011561,0.458184,0.466503,10.642863,752.000,0,0.820641,0.820641,0.437224,0.555160
tracking_cdrone3_20260822_110218_815_milestone4,milestone4,1787421752.267162323,target_map,1,1,2,predicted,-1.544945,-0.144536,0.720076,0.203771,0.011561,0.458184,0.451752,10.642863,752.000,0,0.921172,0.921172,0.472410,0.580293
tracking_cdrone3_20260822_110218_815_milestone4,milestone4,1787421752.367169857,target_map,1,1,2,predicted,-1.524568,-0.143380,0.765893,0.203771,0.011561,0.458184,0.437079,10.642863,752.000,0,1.021171,1.021171,0.507410,0.605293
tracking_cdrone3_20260822_110218_815_milestone4,milestone4,1787421752.466979265,target_map,1,1,2,predicted,-1.504226,-0.142226,0.811635,0.203771,0.011561,0.458184,0.422431,10.642863,752.000,0,1.121002,1.121002,0.542351,0.630251
tracking_cdrone3_20260822_110218_815_milestone4,milestone4,1787421752.566890478,target_map,1,1,2,predicted,-1.483868,-0.141071,0.857410,0.203771,0.011561,0.458184,0.407772,10.642863,752.000,0,1.220908,1.220908,0.577318,0.655227
tracking_cdrone3_20260822_110218_815_milestone4,milestone4,1787421752.667125225,target_map,1,1,2,predicted,-1.463445,-0.139912,0.903330,0.203771,0.011561,0.458184,0.393066,10.642863,752.000,0,1.321131,1.321131,0.612396,0.680283
tracking_cdrone3_20260822_110218_815_milestone4,milestone4,1787421752.767458677,target_map,1,1,2,predicted,-1.443004,-0.138752,0.949293,0.203771,0.011561,0.458184,0.378347,10.642863,752.000,0,1.421446,1.421446,0.647506,0.705361
tracking_cdrone3_20260822_110218_815_milestone4,milestone4,1787421752.867668390,target_map,1,1,2,predicted,-1.422579,-0.137593,0.995218,0.203771,0.011561,0.458184,0.363641,10.642863,752.000,0,1.521678,1.521678,0.682587,0.730420
tracking_cdrone3_20260822_110218_815_milestone4,milestone4,1787421752.966995478,target_map,1,1,2,predicted,-1.402340,-0.136445,1.040727,0.203771,0.011561,0.458184,0.349067,10.642863,752.000,0,1.621003,1.621003,0.717351,0.755251
tracking_cdrone3_20260822_110218_815_milestone4,milestone4,1787421753.066838264,target_map,1,1,2,predicted,-1.381993,-0.135291,1.086478,0.203771,0.011561,0.458184,0.334415,10.642863,752.000,0,1.720856,1.720856,0.752299,0.780214
tracking_cdrone3_20260822_110218_815_milestone4,milestone4,1787421753.166982174,target_map,1,1,2,predicted,-1.361585,-0.134133,1.132364,0.203771,0.011561,0.458184,0.319721,10.642863,752.000,0,1.821004,1.821004,0.787351,0.805251
tracking_cdrone3_20260822_110218_815_milestone4,milestone4,1787421753.266959429,target_map,1,1,2,predicted,-1.341222,-0.132977,1.178151,0.203771,0.011561,0.458184,0.305058,10.642863,752.000,0,1.920935,1.920935,0.822327,0.830234
tracking_cdrone3_20260822_110218_815_milestone4,milestone4,1787421753.366852045,target_map,1,1,2,predicted,-1.320858,-0.131822,1.223940,0.203771,0.011561,0.458184,0.290395,10.642863,752.000,0,2.020872,2.020872,0.857305,0.855218
tracking_cdrone3_20260822_110218_815_milestone4,milestone4,1787421753.466830969,target_map,1,1,2,predicted,-1.300485,-0.130666,1.269749,0.203771,0.011561,0.458184,0.275725,10.642863,752.000,0,2.120851,2.120851,0.892298,0.880213
tracking_cdrone3_20260822_110218_815_milestone4,milestone4,1787421753.567080021,target_map,1,1,2,predicted,-1.280059,-0.129507,1.315679,0.203771,0.011561,0.458184,0.261016,10.642863,752.000,0,2.221093,2.221093,0.927383,0.905273
tracking_cdrone3_20260822_110218_815_milestone4,milestone4,1787421753.667048693,target_map,1,1,2,predicted,-1.259687,-0.128351,1.361484,0.203771,0.011561,0.458184,0.246348,10.642863,752.000,0,2.321065,2.321065,0.962373,0.930266
tracking_cdrone3_20260822_110218_815_milestone4,milestone4,1787421753.767040491,target_map,1,1,2,predicted,-1.239313,-0.127195,1.407296,0.203771,0.011561,0.458184,0.231677,10.642863,752.000,0,2.421050,2.421050,0.997367,0.955262
tracking_cdrone3_20260822_110218_815_milestone4,milestone4,1787421753.867076874,target_map,1,1,2,predicted,-1.218928,-0.126039,1.453133,0.203771,0.011561,0.458184,0.216998,10.642863,752.000,0,2.521091,2.521091,1.032382,0.980273
tracking_cdrone3_20260822_110218_815_milestone4,milestone4,1787421753.967196465,target_map,1,1,2,predicted,-1.198529,-0.124882,1.499001,0.203771,0.011561,0.458184,0.202309,10.642863,752.000,0,2.621199,2.621199,1.067420,1.005300
tracking_cdrone3_20260822_110218_815_milestone4,milestone4,1787421754.067045212,target_map,1,1,2,predicted,-1.178180,-0.123727,1.544754,0.203771,0.011561,0.458184,0.187657,10.642863,752.000,0,2.721057,2.721057,1.102370,1.030264
tracking_cdrone3_20260822_110218_815_milestone4,milestone4,1787421754.167064190,target_map,1,1,2,predicted,-1.157799,-0.122571,1.590583,0.203771,0.011561,0.458184,0.172981,10.642863,752.000,0,2.821079,2.821079,1.137378,1.055270
tracking_cdrone3_20260822_110218_815_milestone4,milestone4,1787421754.267072201,target_map,1,1,2,predicted,-1.137420,-0.121414,1.636405,0.203771,0.011561,0.458184,0.158307,10.642863,752.000,0,2.921088,2.921088,1.172381,1.080272
tracking_cdrone3_20260822_110218_815_milestone4,milestone4,1787421754.367159843,target_map,1,1,2,predicted,-1.117027,-0.120257,1.682260,0.203771,0.011561,0.458184,0.143623,10.642863,752.000,0,3.021168,3.021168,1.207409,1.105292
tracking_cdrone3_20260822_110218_815_milestone4,milestone4,1787421754.397928238,raw,3,3,0,detected,-12.371832,-0.415673,1.477080,0.000000,0.000000,0.000000,0.565918,0.019275,639.000,0,0.000000,0.000000,0.000000,0.000000
tracking_cdrone3_20260822_110218_815_milestone4,milestone4,1787421754.467040777,target_map,1,1,2,predicted,-1.096672,-0.119103,1.728029,0.203771,0.011561,0.458184,0.128966,10.642863,752.000,0,3.121058,3.121058,1.242370,1.130265
tracking_cdrone3_20260822_110218_815_milestone4,milestone4,1787421754.467040777,target_map,2,3,0,detected,-12.371832,-0.415673,1.477080,0.000000,0.000000,0.000000,0.556540,0.019275,639.000,0,0.066284,0.000000,0.173199,0.366571
tracking_cdrone3_20260822_110218_815_milestone4,milestone4,1787421754.567147732,target_map,1,1,2,predicted,-1.076274,-0.117945,1.773893,0.203771,0.011561,0.458184,0.114278,10.642863,752.000,0,3.221158,3.221158,1.277405,1.155290
tracking_cdrone3_20260822_110218_815_milestone4,milestone4,1787421754.567147732,target_map,2,3,0,detected,-12.371832,-0.415673,1.477080,0.000000,0.000000,0.000000,0.542378,0.019275,639.000,0,0.166384,0.000000,0.208234,0.391596
tracking_cdrone3_20260822_110218_815_milestone4,milestone4,1787421754.649089813,raw,3,3,0,detected,-12.379740,-0.428871,1.484072,-0.031482,-0.052548,0.027838,0.565918,0.019667,639.000,0,0.000000,0.000000,0.000000,0.000000
tracking_cdrone3_20260822_110218_815_milestone4,milestone4,1787421754.668218136,target_map,1,1,2,predicted,-1.055676,-0.116777,1.820208,0.203771,0.011561,0.458184,0.099446,10.642863,752.000,0,3.322244,3.322244,1.312785,1.180561
tracking_cdrone3_20260822_110218_815_milestone4,milestone4,1787421754.668218136,target_map,2,3,0,detected,-12.379924,-0.429179,1.484235,-0.017315,-0.028901,0.015311,0.564412,0.019667,639.000,0,0.010647,0.000000,0.153726,0.352662
tracking_cdrone3_20260822_110218_815_milestone4,milestone4,1787421754.767043352,target_map,1,1,2,predicted,-1.035541,-0.115634,1.865482,0.203771,0.011561,0.458184,0.084948,10.642863,752.000,0,3.421055,3.421055,1.347369,1.205264
tracking_cdrone3_20260822_110218_815_milestone4,milestone4,1787421754.767043352,target_map,2,3,0,detected,-12.381635,-0.432034,1.485748,-0.017315,-0.028901,0.015311,0.550432,0.019667,639.000,0,0.109458,0.000000,0.188310,0.377364
tracking_cdrone3_20260822_110218_815_milestone4,milestone4,1787421754.866752148,target_map,1,1,2,predicted,-1.015221,-0.114481,1.911171,0.203771,0.011561,0.458184,0.070316,10.642863,752.000,0,3.520773,3.520773,1.382270,1.230193
tracking_cdrone3_20260822_110218_815_milestone4,milestone4,1787421754.866752148,target_map,2,3,0,detected,-12.383362,-0.434916,1.487275,-0.017315,-0.028901,0.015311,0.536324,0.019667,639.000,0,0.209175,0.000000,0.223211,0.402294
tracking_cdrone3_20260822_110218_815_milestone4,milestone4,1787421754.878271341,raw,3,3,0,detected,-12.394589,-0.451011,1.495336,-0.064793,-0.096603,0.049146,0.565918,0.019140,639.000,0,0.000000,0.000000,0.000000,0.000000
tracking_cdrone3_20260822_110218_815_milestone4,milestone4,1787421754.967093229,target_map,1,1,2,predicted,-0.994777,-0.113321,1.957140,0.203771,0.011561,0.458184,0.055595,10.642863,752.000,0,3.621102,3.621102,1.417386,1.255275
tracking_cdrone3_20260822_110218_815_milestone4,milestone4,1787421754.967093229,target_map,2,3,0,detected,-12.398165,-0.456456,1.498128,-0.043428,-0.066137,0.033920,0.554272,0.019140,639.000,0,0.082318,0.000000,0.178811,0.370580
tracking_cdrone3_20260822_110218_815_milestone4,milestone4,1787421755.067037344,target_map,1,1,2,predicted,-0.974411,-0.112166,2.002935,0.203771,0.011561,0.458184,0.040930,10.642863,752.000,0,3.721050,3.721050,1.452367,1.280262
tracking_cdrone3_20260822_110218_815_milestone4,milestone4,1787421755.067037344,target_map,2,3,0,detected,-12.402505,-0.463066,1.501518,-0.043428,-0.066137,0.033920,0.540131,0.019140,639.000,0,0.182266,0.000000,0.213793,0.395567
tracking_cdrone3_20260822_110218_815_milestone4,milestone4,1787421755.167163372,target_map,1,1,2,predicted,-0.954004,-0.111008,2.048819,0.203771,0.011561,0.458184,0.026236,10.642863,752.000,0,3.821193,3.821193,1.487418,1.305298
tracking_cdrone3_20260822_110218_815_milestone4,milestone4,1787421755.167163372,target_map,2,3,2,predicted,-12.406854,-0.469689,1.504915,-0.043428,-0.066137,0.033920,0.525963,0.019140,639.000,0,0.282410,0.282410,0.248844,0.420603
tracking_cdrone3_20260822_110218_815_milestone4,milestone4,1787421755.267012119,target_map,1,1,2,predicted,-0.933661,-0.109854,2.094562,0.203771,0.011561,0.458184,0.011588,10.642863,752.000,0,3.921027,3.921027,1.522360,1.330257
tracking_cdrone3_20260822_110218_815_milestone4,milestone4,1787421755.267012119,target_map,2,3,2,predicted,-12.411189,-0.476292,1.508302,-0.043428,-0.066137,0.033920,0.511838,0.019140,639.000,0,0.382244,0.382244,0.283785,0.445561
tracking_cdrone3_20260822_110218_815_milestone4,milestone4,1787421755.367177010,target_map,1,1,2,predicted,-0.913255,-0.108696,2.140445,0.203771,0.011561,0.458184,0.000000,10.642863,752.000,0,4.021171,4.021171,1.557410,1.355293
tracking_cdrone3_20260822_110218_815_milestone4,milestone4,1787421755.367177010,target_map,2,3,2,predicted,-12.415539,-0.482915,1.511699,-0.043428,-0.066137,0.033920,0.497670,0.019140,639.000,0,0.482387,0.482387,0.318836,0.470597
tracking_cdrone3_20260822_110218_815_milestone4,milestone4,1787421755.467041731,target_map,1,1,2,predicted,-0.892901,-0.107541,2.186211,0.203771,0.011561,0.458184,0.000000,10.642863,752.000,0,4.121055,4.121055,1.592369,1.380264
tracking_cdrone3_20260822_110218_815_milestone4,milestone4,1787421755.467041731,target_map,2,3,2,predicted,-12.419876,-0.489521,1.515087,-0.043428,-0.066137,0.033920,0.483539,0.019140,639.000,0,0.582271,0.582271,0.353795,0.495568
tracking_cdrone3_20260822_110218_815_milestone4,milestone4,1787421755.567020655,target_map,1,1,2,predicted,-0.872528,-0.106385,2.232020,0.203771,0.011561,0.458184,0.000000,10.642863,752.000,0,4.221035,4.221035,1.627362,1.405259
tracking_cdrone3_20260822_110218_815_milestone4,milestone4,1787421755.567020655,target_map,2,3,2,predicted,-12.424218,-0.496134,1.518478,-0.043428,-0.066137,0.033920,0.469393,0.019140,639.000,0,0.682252,0.682252,0.388788,0.520563
tracking_cdrone3_20260822_110218_815_milestone4,milestone4,1787421755.666861773,target_map,1,1,2,predicted,-0.852183,-0.105231,2.277768,0.203771,0.011561,0.458184,0.000000,10.642863,752.000,0,4.320880,4.320880,1.662308,1.430220
tracking_cdrone3_20260822_110218_815_milestone4,milestone4,1787421755.666861773,target_map,2,3,2,predicted,-12.428555,-0.502737,1.521865,-0.043428,-0.066137,0.033920,0.455267,0.019140,639.000,0,0.782097,0.782097,0.423734,0.545524
tracking_cdrone3_20260822_110218_815_milestone4,milestone4,1787421755.767000675,target_map,1,1,2,predicted,-0.831777,-0.104073,2.323649,0.203771,0.011561,0.458184,0.000000,10.642863,752.000,0,4.421018,4.421018,1.697356,1.455254
tracking_cdrone3_20260822_110218_815_milestone4,milestone4,1787421755.767000675,target_map,2,3,2,predicted,-12.432903,-0.509360,1.525261,-0.043428,-0.066137,0.033920,0.441100,0.019140,639.000,0,0.882235,0.882235,0.458782,0.570559
tracking_cdrone3_20260822_110218_815_milestone4,milestone4,1787421755.867066860,target_map,1,1,2,predicted,-0.811388,-0.102917,2.369495,0.203771,0.011561,0.458184,0.000000,10.642863,752.000,0,4.521078,4.521078,1.732377,1.480270
tracking_cdrone3_20260822_110218_815_milestone4,milestone4,1787421755.867066860,target_map,2,3,2,predicted,-12.437248,-0.515978,1.528655,-0.043428,-0.066137,0.033920,0.426943,0.019140,639.000,0,0.982295,0.982295,0.493803,0.595574
tracking_cdrone3_20260822_110218_815_milestone4,milestone4,1787421755.966982365,target_map,1,1,2,predicted,-0.791028,-0.101761,2.415274,0.203771,0.011561,0.458184,0.000000,10.642863,752.000,0,4.620991,4.620991,1.767347,1.505248
tracking_cdrone3_20260822_110218_815_milestone4,milestone4,1787421755.966982365,target_map,2,3,2,predicted,-12.441587,-0.522586,1.532045,-0.043428,-0.066137,0.033920,0.412808,0.019140,639.000,0,1.082208,1.082208,0.528773,0.620552
tracking_cdrone3_20260822_110218_815_milestone4,milestone4,1787421756.066698551,target_map,1,1,2,predicted,-0.770707,-0.100608,2.460967,0.203771,0.011561,0.458184,0.000000,10.642863,752.000,0,4.720717,4.720717,1.802251,1.530179
tracking_cdrone3_20260822_110218_815_milestone4,milestone4,1787421756.066698551,target_map,2,3,2,predicted,-12.445918,-0.529181,1.535427,-0.043428,-0.066137,0.033920,0.398699,0.019140,639.000,0,1.181934,1.181934,0.563677,0.645483
tracking_cdrone3_20260822_110218_815_milestone4,milestone4,1787421756.167014599,target_map,1,1,2,predicted,-0.750265,-0.099449,2.506931,0.203771,0.011561,0.458184,0.000000,10.642863,752.000,0,4.821036,4.821036,1.837363,1.555259
tracking_cdrone3_20260822_110218_815_milestone4,milestone4,1787421756.167014599,target_map,2,3,2,predicted,-12.450274,-0.535816,1.538830,-0.043428,-0.066137,0.033920,0.384505,0.019140,639.000,0,1.282253,1.282253,0.598788,0.670563
tracking_cdrone3_20260822_110218_815_milestone4,milestone4,1787421756.266815662,target_map,1,1,2,predicted,-0.729930,-0.098295,2.552655,0.203771,0.011561,0.458184,0.000000,10.642863,752.000,0,4.920830,4.920830,1.872290,1.580207
tracking_cdrone3_20260822_110218_815_milestone4,milestone4,1787421756.266815662,target_map,2,3,2,predicted,-12.454609,-0.542416,1.542215,-0.043428,-0.066137,0.033920,0.370387,0.019140,639.000,0,1.382046,1.382046,0.633716,0.695512
tracking_cdrone3_20260822_110218_815_milestone4,milestone4,1787421756.367099524,target_map,2,3,2,predicted,-12.458963,-0.549049,1.545617,-0.043428,-0.066137,0.033920,0.356198,0.019140,639.000,0,1.482335,1.482335,0.668817,0.720584
tracking_cdrone3_20260822_110218_815_milestone4,milestone4,1787421756.467071772,target_map,2,3,2,predicted,-12.463305,-0.555660,1.549008,-0.043428,-0.066137,0.033920,0.342055,0.019140,639.000,0,1.582300,1.582300,0.703805,0.745575
tracking_cdrone3_20260822_110218_815_milestone4,milestone4,1787421756.567071199,target_map,2,3,2,predicted,-12.467648,-0.562274,1.552400,-0.043428,-0.066137,0.033920,0.327907,0.019140,639.000,0,1.682301,1.682301,0.738805,0.770575
tracking_cdrone3_20260822_110218_815_milestone4,milestone4,1787421756.666973829,target_map,2,3,2,predicted,-12.471986,-0.568881,1.555788,-0.043428,-0.066137,0.033920,0.313773,0.019140,639.000,0,1.782199,1.782199,0.773770,0.795550
tracking_cdrone3_20260822_110218_815_milestone4,milestone4,1787421756.766771555,target_map,2,3,2,predicted,-12.476321,-0.575482,1.559174,-0.043428,-0.066137,0.033920,0.299652,0.019140,639.000,0,1.882010,1.882010,0.808703,0.820503
tracking_cdrone3_20260822_110218_815_milestone4,milestone4,1787421756.866940975,target_map,2,3,2,predicted,-12.480669,-0.582105,1.562570,-0.043428,-0.066137,0.033920,0.285485,0.019140,639.000,0,1.982142,1.982142,0.843750,0.845536
tracking_cdrone3_20260822_110218_815_milestone4,milestone4,1787421756.966813564,target_map,2,3,2,predicted,-12.485008,-0.588712,1.565959,-0.043428,-0.066137,0.033920,0.271352,0.019140,639.000,0,2.082043,2.082043,0.878715,0.870511
tracking_cdrone3_20260822_110218_815_milestone4,milestone4,1787421757.067057371,target_map,2,3,2,predicted,-12.489361,-0.595341,1.569359,-0.043428,-0.066137,0.033920,0.257170,0.019140,639.000,0,2.182277,2.182277,0.913797,0.895569
tracking_cdrone3_20260822_110218_815_milestone4,milestone4,1787421757.167174816,target_map,2,3,2,predicted,-12.493710,-0.601964,1.572755,-0.043428,-0.066137,0.033920,0.243004,0.019140,639.000,0,2.282410,2.282410,0.948844,0.920603
tracking_cdrone3_20260822_110218_815_milestone4,milestone4,1787421757.267020941,target_map,2,3,2,predicted,-12.498045,-0.608567,1.576142,-0.043428,-0.066137,0.033920,0.228879,0.019140,639.000,0,2.382249,2.382249,0.983787,0.945562
tracking_cdrone3_20260822_110218_815_milestone4,milestone4,1787421757.366874456,target_map,2,3,2,predicted,-12.502382,-0.615171,1.579529,-0.043428,-0.066137,0.033920,0.214750,0.019140,639.000,0,2.482112,2.482112,1.018739,0.970528
tracking_cdrone3_20260822_110218_815_milestone4,milestone4,1787421757.373830080,raw,3,3,0,detected,-12.477808,-0.456400,1.485339,0.000000,0.000000,0.000000,0.461182,0.017559,871.250,0,0.000000,0.000000,0.000000,0.000000
tracking_cdrone3_20260822_110218_815_milestone4,milestone4,1787421757.467113495,target_map,2,3,0,detected,-12.479079,-0.455908,1.484831,-0.014026,0.005424,-0.005599,0.450732,0.017559,871.250,0,0.090636,0.000000,0.181723,0.372659
tracking_cdrone3_20260822_110218_815_milestone4,milestone4,1787421757.567157507,target_map,2,3,0,detected,-12.480482,-0.455365,1.484271,-0.014026,0.005424,-0.005599,0.439198,0.017559,871.250,0,0.190676,0.000000,0.216737,0.397669
tracking_cdrone3_20260822_110218_815_milestone4,milestone4,1787421757.617687464,raw,3,3,0,detected,-12.483796,-0.447298,1.486310,-0.024555,0.037321,0.003984,0.461182,0.016607,871.250,0,0.000000,0.000000,0.000000,0.000000
tracking_cdrone3_20260822_110218_815_milestone4,milestone4,1787421757.668005228,target_map,2,3,0,detected,-12.484733,-0.446212,1.486295,-0.019817,0.022967,-0.000328,0.455732,0.016607,871.250,0,0.047263,0.000000,0.166542,0.361816
tracking_cdrone3_20260822_110218_815_milestone4,milestone4,1787421757.766953230,target_map,2,3,0,detected,-12.486693,-0.443940,1.486262,-0.019817,0.022967,-0.000328,0.444326,0.016607,871.250,0,0.146197,0.000000,0.201169,0.386549
tracking_cdrone3_20260822_110218_815_milestone4,milestone4,1787421757.865083694,raw,3,3,0,detected,-12.494952,-0.433881,1.494870,-0.045098,0.054237,0.034603,0.461182,0.012502,871.250,0,0.000000,0.000000,0.000000,0.000000
tracking_cdrone3_20260822_110218_815_milestone4,milestone4,1787421757.875475645,target_map,2,3,2,predicted,-12.488844,-0.441447,1.486227,-0.019817,0.022967,-0.000328,0.431813,0.016607,871.250,0,0.254727,0.254727,0.239154,0.413682
tracking_cdrone3_20260822_110218_815_milestone4,milestone4,1787421757.966947317,target_map,2,3,0,detected,-12.497861,-0.430416,1.496499,-0.033721,0.040166,0.018884,0.451238,0.012502,871.250,0,0.086247,0.000000,0.180187,0.371562
tracking_cdrone3_20260822_110218_815_milestone4,milestone4,1787421758.067150593,target_map,2,3,0,detected,-12.501241,-0.426391,1.498392,-0.033721,0.040166,0.018884,0.439682,0.012502,871.250,0,0.186471,0.000000,0.215265,0.396618
tracking_cdrone3_20260822_110218_815_milestone4,milestone4,1787421758.143169165,raw,3,3,0,detected,-12.500675,-0.411764,1.527819,-0.020581,0.079534,0.118483,0.549805,0.017860,646.000,0,0.000000,0.000000,0.000000,0.000000
tracking_cdrone3_20260822_110218_815_milestone4,milestone4,1787421758.166852713,target_map,2,3,0,detected,-12.501203,-0.410532,1.529286,-0.026494,0.061818,0.073664,0.547067,0.017860,646.000,0,0.019917,0.000000,0.156971,0.354979
tracking_cdrone3_20260822_110218_815_milestone4,milestone4,1787421758.267016649,target_map,2,3,0,detected,-12.503857,-0.404341,1.536664,-0.026494,0.061818,0.073664,0.533300,0.017860,646.000,0,0.120077,0.000000,0.192027,0.380019
tracking_cdrone3_20260822_110218_815_milestone4,milestone4,1787421758.367127180,target_map,2,3,0,detected,-12.506509,-0.398152,1.544039,-0.026494,0.061818,0.073664,0.519539,0.017860,646.000,0,0.220194,0.000000,0.227068,0.405048
tracking_cdrone3_20260822_110218_815_milestone4,milestone4,1787421758.374216795,raw,3,3,0,detected,-12.503778,-0.408383,1.559416,-0.013425,0.014630,0.136735,0.549805,0.019587,646.000,0,0.000000,0.000000,0.000000,0.000000
tracking_cdrone3_20260822_110218_815_milestone4,milestone4,1787421758.467082739,target_map,2,3,0,detected,-12.505449,-0.405278,1.568794,-0.019306,0.035865,0.108353,0.537907,0.019587,646.000,0,0.086556,0.000000,0.180295,0.371639
tracking_cdrone3_20260822_110218_815_milestone4,milestone4,1787421758.567040920,target_map,2,3,0,detected,-12.507380,-0.401693,1.579627,-0.019306,0.035865,0.108353,0.524165,0.019587,646.000,0,0.186534,0.000000,0.215287,0.396633
tracking_cdrone3_20260822_110218_815_milestone4,milestone4,1787421758.667182922,target_map,2,3,2,predicted,-12.509313,-0.398101,1.590478,-0.019306,0.035865,0.108353,0.510401,0.019587,646.000,0,0.286675,0.286675,0.250336,0.421669
tracking_cdrone3_20260822_110218_815_milestone4,milestone4,1787421758.766866207,target_map,2,3,2,predicted,-12.511238,-0.394526,1.601280,-0.019306,0.035865,0.108353,0.496698,0.019587,646.000,0,0.386367,0.386367,0.285229,0.446592
tracking_cdrone3_20260822_110218_815_milestone4,milestone4,1787421758.867264032,target_map,2,3,2,predicted,-12.513176,-0.390926,1.612156,-0.019306,0.035865,0.108353,0.482901,0.019587,646.000,0,0.486746,0.486746,0.320361,0.471686
tracking_cdrone3_20260822_110218_815_milestone4,milestone4,1787421758.966986179,target_map,2,3,2,predicted,-12.515101,-0.387349,1.622963,-0.019306,0.035865,0.108353,0.469192,0.019587,646.000,0,0.586484,0.586484,0.355270,0.496621
tracking_cdrone3_20260822_110218_815_milestone4,milestone4,1787421759.067030430,target_map,2,3,2,predicted,-12.517033,-0.383760,1.633803,-0.019306,0.035865,0.108353,0.455440,0.019587,646.000,0,0.686531,0.686531,0.390286,0.521633
tracking_cdrone3_20260822_110218_815_milestone4,milestone4,1787421759.167066574,target_map,2,3,2,predicted,-12.518964,-0.380173,1.644642,-0.019306,0.035865,0.108353,0.441691,0.019587,646.000,0,0.786561,0.786561,0.425296,0.546640
tracking_cdrone3_20260822_110218_815_milestone4,milestone4,1787421759.266838312,target_map,2,3,2,predicted,-12.520890,-0.376595,1.655452,-0.019306,0.035865,0.108353,0.427977,0.019587,646.000,0,0.886332,0.886332,0.460216,0.571583
tracking_cdrone3_20260822_110218_815_milestone4,milestone4,1787421759.367013931,target_map,2,3,2,predicted,-12.522824,-0.373002,1.666307,-0.019306,0.035865,0.108353,0.414208,0.019587,646.000,0,0.986509,0.986509,0.495278,0.596627
tracking_cdrone3_20260822_110218_815_milestone4,milestone4,1787421759.467079401,target_map,2,3,2,predicted,-12.524756,-0.369413,1.677149,-0.019306,0.035865,0.108353,0.400454,0.019587,646.000,0,1.086571,1.086571,0.530300,0.621643
tracking_cdrone3_20260822_110218_815_milestone4,milestone4,1787421759.567547321,target_map,2,3,2,predicted,-12.526695,-0.365810,1.688034,-0.019306,0.035865,0.108353,0.386646,0.019587,646.000,0,1.187029,1.187029,0.565460,0.646757
tracking_cdrone3_20260822_110218_815_milestone4,milestone4,1787421759.666970730,target_map,2,3,2,predicted,-12.528616,-0.362244,1.698809,-0.019306,0.035865,0.108353,0.372978,0.019587,646.000,0,1.286472,1.286472,0.600265,0.671618
tracking_cdrone3_20260822_110218_815_milestone4,milestone4,1787421759.773339272,target_map,2,3,2,predicted,-12.530669,-0.358429,1.710333,-0.019306,0.035865,0.108353,0.358358,0.019587,646.000,0,1.392832,1.392832,0.637491,0.698208
tracking_cdrone3_20260822_110218_815_milestone4,milestone4,1787421759.866995335,target_map,2,3,2,predicted,-12.532477,-0.355070,1.720482,-0.019306,0.035865,0.108353,0.345484,0.019587,646.000,0,1.486495,1.486495,0.670273,0.721624
tracking_cdrone3_20260822_110218_815_milestone4,milestone4,1787421759.966826200,target_map,2,3,2,predicted,-12.534405,-0.351489,1.731299,-0.019306,0.035865,0.108353,0.331762,0.019587,646.000,0,1.586329,1.586329,0.705215,0.746582
tracking_cdrone3_20260822_110218_815_milestone4,milestone4,1787421760.067105293,target_map,2,3,2,predicted,-12.536341,-0.347893,1.742164,-0.019306,0.035865,0.108353,0.317979,0.019587,646.000,0,1.686602,1.686602,0.740311,0.771650
tracking_cdrone3_20260822_110218_815_milestone4,milestone4,1787421760.167031765,target_map,2,3,2,predicted,-12.538270,-0.344309,1.752991,-0.019306,0.035865,0.108353,0.304245,0.019587,646.000,0,1.786526,1.786526,0.775284,0.796632
tracking_cdrone3_20260822_110218_815_milestone4,milestone4,1787421760.267017365,target_map,2,3,2,predicted,-12.540200,-0.340723,1.763825,-0.019306,0.035865,0.108353,0.290501,0.019587,646.000,0,1.886517,1.886517,0.810281,0.821629
tracking_cdrone3_20260822_110218_815_milestone4,milestone4,1787421760.366853237,target_map,2,3,2,predicted,-12.542128,-0.337142,1.774643,-0.019306,0.035865,0.108353,0.276778,0.019587,646.000,0,1.986356,1.986356,0.845225,0.846589
tracking_cdrone3_20260822_110218_815_milestone4,milestone4,1787421760.467011213,target_map,2,3,2,predicted,-12.544062,-0.333550,1.785495,-0.019306,0.035865,0.108353,0.263011,0.019587,646.000,0,2.086510,2.086510,0.880278,0.871628
tracking_cdrone3_20260822_110218_815_milestone4,milestone4,1787421760.567180634,target_map,2,3,2,predicted,-12.545995,-0.329958,1.796348,-0.019306,0.035865,0.108353,0.249244,0.019587,646.000,0,2.186672,2.186672,0.915335,0.896668
tracking_cdrone3_20260822_110218_815_milestone4,milestone4,1787421760.667030573,target_map,2,3,2,predicted,-12.547923,-0.326377,1.807167,-0.019306,0.035865,0.108353,0.235519,0.019587,646.000,0,2.286524,2.286524,0.950283,0.921631
tracking_cdrone3_20260822_110218_815_milestone4,milestone4,1787421760.766807795,target_map,2,3,2,predicted,-12.549850,-0.322798,1.817979,-0.019306,0.035865,0.108353,0.221804,0.019587,646.000,0,2.386306,2.386306,0.985207,0.946577
tracking_cdrone3_20260822_110218_815_milestone4,milestone4,1787421760.867120028,target_map,2,3,2,predicted,-12.551785,-0.319201,1.828847,-0.019306,0.035865,0.108353,0.208018,0.019587,646.000,0,2.486607,2.486607,1.020313,0.971652
tracking_cdrone3_20260822_110218_815_milestone4,milestone4,1787421760.967130899,target_map,2,3,2,predicted,-12.553717,-0.315614,1.839684,-0.019306,0.035865,0.108353,0.194270,0.019587,646.000,0,2.586623,2.586623,1.055318,0.996656
tracking_cdrone3_20260822_110218_815_milestone4,milestone4,1787421761.067094803,target_map,2,3,2,predicted,-12.555647,-0.312029,1.850515,-0.019306,0.035865,0.108353,0.180530,0.019587,646.000,0,2.686585,2.686585,1.090305,1.021646
tracking_cdrone3_20260822_110218_815_milestone4,milestone4,1787421761.167003155,target_map,2,3,2,predicted,-12.557575,-0.308446,1.861341,-0.019306,0.035865,0.108353,0.166798,0.019587,646.000,0,2.786496,2.786496,1.125274,1.046624
tracking_cdrone3_20260822_110218_815_milestone4,milestone4,1787421761.267246485,target_map,2,3,2,predicted,-12.559510,-0.304851,1.872199,-0.019306,0.035865,0.108353,0.153023,0.019587,646.000,0,2.886710,2.886710,1.160348,1.071677
tracking_cdrone3_20260822_110218_815_milestone4,milestone4,1787421761.366778851,target_map,2,3,2,predicted,-12.561433,-0.301280,1.882988,-0.019306,0.035865,0.108353,0.139336,0.019587,646.000,0,2.986284,2.986284,1.195199,1.096571
tracking_cdrone3_20260822_110218_815_milestone4,milestone4,1787421761.468164444,target_map,2,3,2,predicted,-12.563389,-0.297646,1.893966,-0.019306,0.035865,0.108353,0.125410,0.019587,646.000,0,3.087604,3.087604,1.230661,1.121901
tracking_cdrone3_20260822_110218_815_milestone4,milestone4,1787421761.566722631,target_map,2,3,2,predicted,-12.565292,-0.294109,1.904653,-0.019306,0.035865,0.108353,0.111854,0.019587,646.000,0,3.186229,3.186229,1.265180,1.146557
tracking_cdrone3_20260822_110218_815_milestone4,milestone4,1787421761.667050362,target_map,2,3,2,predicted,-12.567229,-0.290511,1.915523,-0.019306,0.035865,0.108353,0.098065,0.019587,646.000,0,3.286548,3.286548,1.300292,1.171637
tracking_cdrone3_20260822_110218_815_milestone4,milestone4,1787421761.766784191,target_map,2,3,2,predicted,-12.569155,-0.286934,1.926329,-0.019306,0.035865,0.108353,0.084356,0.019587,646.000,0,3.386283,3.386283,1.335199,1.196571
tracking_cdrone3_20260822_110218_815_milestone4,milestone4,1787421761.866988420,target_map,2,3,2,predicted,-12.571090,-0.283341,1.937186,-0.019306,0.035865,0.108353,0.070584,0.019587,646.000,0,3.486481,3.486481,1.370268,1.221620
tracking_cdrone3_20260822_110218_815_milestone4,milestone4,1787421761.967016459,target_map,2,3,2,predicted,-12.573021,-0.279753,1.948025,-0.019306,0.035865,0.108353,0.056834,0.019587,646.000,0,3.586516,3.586516,1.405281,1.246629
tracking_cdrone3_20260822_110218_815_milestone4,milestone4,1787421762.067220449,target_map,2,3,2,predicted,-12.574955,-0.276159,1.958882,-0.019306,0.035865,0.108353,0.043061,0.019587,646.000,0,3.686720,3.686720,1.440352,1.271680
tracking_cdrone3_20260822_110218_815_milestone4,milestone4,1787421762.146856546,raw,5,5,0,detected,-12.496093,-0.480858,1.375067,0.000000,0.000000,0.000000,0.603027,0.019232,1134.750,0,0.000000,0.000000,0.000000,0.000000
tracking_cdrone3_20260822_110218_815_milestone4,milestone4,1787421762.167026758,target_map,2,5,0,detected,-12.496041,-0.481097,1.374433,0.003052,-0.014161,-0.037732,0.600491,0.019232,1134.750,0,0.016824,0.000000,0.155888,0.354206
tracking_cdrone3_20260822_110218_815_milestone4,milestone4,1787421762.266873360,target_map,2,5,0,detected,-12.495737,-0.482511,1.370665,0.003052,-0.014161,-0.037732,0.585438,0.019232,1134.750,0,0.116677,0.000000,0.190837,0.379169
tracking_cdrone3_20260822_110218_815_milestone4,milestone4,1787421762.367182255,target_map,2,5,0,detected,-12.495431,-0.483931,1.366881,0.003052,-0.014161,-0.037732,0.570317,0.019232,1134.750,0,0.216974,0.000000,0.225941,0.404243
tracking_cdrone3_20260822_110218_815_milestone4,milestone4,1787421762.406176329,raw,5,5,0,detected,-12.504385,-0.483825,1.328704,-0.031983,-0.011443,-0.178810,0.824707,0.018475,984.000,0,0.000000,0.000000,0.000000,0.000000
tracking_cdrone3_20260822_110218_815_milestone4,milestone4,1787421762.467011690,target_map,2,5,0,detected,-12.505256,-0.484505,1.322512,-0.016217,-0.012666,-0.115325,0.813637,0.018475,984.000,0,0.053691,0.000000,0.168792,0.363423
tracking_cdrone3_20260822_110218_815_milestone4,milestone4,1787421762.567105532,target_map,2,5,0,detected,-12.506879,-0.485773,1.310968,-0.016217,-0.012666,-0.115325,0.793000,0.018475,984.000,0,0.153785,0.000000,0.203825,0.388446
tracking_cdrone3_20260822_110218_815_milestone4,milestone4,1787421762.666785002,raw,5,5,0,detected,-12.522035,-0.485168,1.283574,-0.067719,-0.005154,-0.173160,0.779297,0.008325,1010.500,0,0.000000,0.000000,0.000000,0.000000
tracking_cdrone3_20260822_110218_815_milestone4,milestone4,1787421762.669002295,target_map,2,5,2,predicted,-12.508532,-0.487064,1.299218,-0.016217,-0.012666,-0.115325,0.771993,0.018475,984.000,0,0.255676,0.255676,0.239486,0.413919
tracking_cdrone3_20260822_110218_815_milestone4,milestone4,1787421762.766885757,target_map,2,5,0,detected,-12.525817,-0.485893,1.271080,-0.044543,-0.008534,-0.147134,0.762753,0.008325,1010.500,0,0.084919,0.000000,0.179722,0.371230
tracking_cdrone3_20260822_110218_815_milestone4,milestone4,1787421762.866878748,target_map,2,5,0,detected,-12.530272,-0.486747,1.256367,-0.044543,-0.008534,-0.147134,0.743271,0.008325,1010.500,0,0.184913,0.000000,0.214720,0.396228
tracking_cdrone3_20260822_110218_815_milestone4,milestone4,1787421762.941022158,raw,5,5,0,detected,-12.532300,-0.484868,1.235374,-0.037433,0.001096,-0.175765,0.758301,0.008284,1010.500,0,0.000000,0.000000,0.000000,0.000000
tracking_cdrone3_20260822_110218_815_milestone4,milestone4,1787421762.966843128,target_map,2,5,0,detected,-12.533169,-0.484937,1.231894,-0.040633,-0.003238,-0.162881,0.754249,0.008284,1010.500,0,0.021371,0.000000,0.157480,0.355343
tracking_cdrone3_20260822_110218_815_milestone4,milestone4,1787421763.066790819,target_map,2,5,0,detected,-12.537230,-0.485261,1.215612,-0.040633,-0.003238,-0.162881,0.735300,0.008284,1010.500,0,0.121330,0.000000,0.192465,0.380332
tracking_cdrone3_20260822_110218_815_milestone4,milestone4,1787421763.167133093,target_map,2,5,0,detected,-12.541306,-0.485586,1.199271,-0.040633,-0.003238,-0.162881,0.716280,0.008284,1010.500,0,0.221658,0.000000,0.227580,0.405414
tracking_cdrone3_20260822_110218_815_milestone4,milestone4,1787421763.171344042,raw,5,5,0,detected,-12.539855,-0.484462,1.200740,-0.032801,0.001761,-0.150365,0.853516,0.009147,1044.000,0,0.000000,0.000000,0.000000,0.000000
tracking_cdrone3_20260822_110218_815_milestone4,milestone4,1787421763.266952038,target_map,2,5,0,detected,-12.543016,-0.484505,1.187164,-0.036325,-0.000488,-0.155997,0.834946,0.009147,1044.000,0,0.087028,0.000000,0.180460,0.371757
tracking_cdrone3_20260822_110218_815_milestone4,milestone4,1787421763.366962910,target_map,2,5,0,detected,-12.546649,-0.484553,1.171562,-0.036325,-0.000488,-0.155997,0.813606,0.009147,1044.000,0,0.187038,0.000000,0.215463,0.396759
tracking_cdrone3_20260822_110218_815_milestone4,milestone4,1787421763.431343555,raw,5,5,0,detected,-12.544581,-0.483677,1.184003,-0.018181,0.003019,-0.064377,0.734375,0.008152,920.000,0,0.000000,0.000000,0.000000,0.000000
tracking_cdrone3_20260822_110218_815_milestone4,milestone4,1787421763.467169762,target_map,2,5,0,detected,-12.545372,-0.483634,1.180834,-0.026346,0.001441,-0.105606,0.728866,0.008152,920.000,0,0.030008,0.000000,0.160503,0.357502
tracking_cdrone3_20260822_110218_815_milestone4,milestone4,1787421763.567147017,target_map,2,5,0,detected,-12.548006,-0.483490,1.170276,-0.026346,0.001441,-0.105606,0.710510,0.008152,920.000,0,0.129985,0.000000,0.195495,0.382496
tracking_cdrone3_20260822_110218_815_milestone4,milestone4,1787421763.667052984,target_map,2,5,0,detected,-12.550638,-0.483346,1.159724,-0.026346,0.001441,-0.105606,0.692165,0.008152,920.000,0,0.229908,0.000000,0.230468,0.407477
tracking_cdrone3_20260822_110218_815_milestone4,milestone4,1787421763.671003342,raw,5,5,0,detected,-12.549702,-0.480700,1.160421,-0.021362,0.012424,-0.098398,0.862793,0.009249,900.000,0,0.000000,0.000000,0.000000,0.000000
tracking_cdrone3_20260822_110218_815_milestone4,milestone4,1787421763.767006636,target_map,2,5,0,detected,-12.551820,-0.480028,1.151299,-0.023605,0.007481,-0.101642,0.843436,0.009249,900.000,0,0.089741,0.000000,0.181409,0.372435
tracking_cdrone3_20260822_110218_815_milestone4,milestone4,1787421763.867156744,target_map,2,5,0,detected,-12.554184,-0.479279,1.141121,-0.023605,0.007481,-0.101642,0.821836,0.009249,900.000,0,0.189879,0.000000,0.216458,0.397470
tracking_cdrone3_20260822_110218_815_milestone4,milestone4,1787421763.926450491,raw,5,5,0,detected,-12.557817,-0.478173,1.134126,-0.031771,0.009892,-0.102935,0.854980,0.008408,998.750,0,0.000000,0.000000,0.000000,0.000000
tracking_cdrone3_20260822_110218_815_milestone4,milestone4,1787421763.966740370,target_map,2,5,0,detected,-12.558819,-0.477859,1.130477,-0.028096,0.008807,-0.102353,0.847360,0.008408,998.750,0,0.035652,0.000000,0.162478,0.358913
tracking_cdrone3_20260822_110218_815_milestone4,milestone4,1787421764.067619562,target_map,2,5,0,detected,-12.561653,-0.476970,1.120153,-0.028096,0.008807,-0.102353,0.825801,0.008408,998.750,0,0.136515,0.000000,0.197780,0.384129
tracking_cdrone3_20260822_110218_815_milestone4,milestone4,1787421764.167006731,target_map,2,5,0,detected,-12.564445,-0.476095,1.109981,-0.028096,0.008807,-0.102353,0.804557,0.008408,998.750,0,0.235904,0.000000,0.232566,0.408976
tracking_cdrone3_20260822_110218_815_milestone4,milestone4,1787421764.201004028,raw,5,5,0,detected,-12.575386,-0.470505,1.079017,-0.063990,0.027928,-0.200727,0.829590,0.008732,956.250,0,0.000000,0.000000,0.000000,0.000000
tracking_cdrone3_20260822_110218_815_milestone4,milestone4,1787421764.266949654,target_map,2,5,0,detected,-12.578415,-0.469282,1.069113,-0.047838,0.019324,-0.156459,0.816460,0.008732,956.250,0,0.063306,0.000000,0.172157,0.365826
tracking_cdrone3_20260822_110218_815_milestone4,milestone4,1787421764.367152452,target_map,2,5,0,detected,-12.583209,-0.467345,1.053431,-0.047838,0.019324,-0.156459,0.795674,0.008732,956.250,0,0.163532,0.000000,0.207236,0.390883
tracking_cdrone3_20260822_110218_815_milestone4,milestone4,1787421764.467106104,target_map,2,5,2,predicted,-12.587991,-0.465414,1.037793,-0.047838,0.019324,-0.156459,0.774944,0.008732,956.250,0,0.263484,0.263484,0.242219,0.415871
tracking_cdrone3_20260822_110218_815_milestone4,milestone4,1787421764.493529797,raw,5,5,0,detected,-12.586799,-0.465298,1.048123,-0.038998,0.017794,-0.105565,0.867188,0.009009,890.000,0,0.000000,0.000000,0.000000,0.000000
tracking_cdrone3_20260822_110218_815_milestone4,milestone4,1787421764.566720247,target_map,2,5,0,detected,-12.589654,-0.464070,1.039589,-0.042976,0.018482,-0.128467,0.852786,0.009009,890.000,0,0.066430,0.000000,0.173250,0.366607
tracking_cdrone3_20260822_110218_815_milestone4,milestone4,1787421764.667088509,target_map,2,5,0,detected,-12.593966,-0.462215,1.026697,-0.042976,0.018482,-0.128467,0.831029,0.009009,890.000,0,0.166783,0.000000,0.208374,0.391696
tracking_cdrone3_20260822_110218_815_milestone4,milestone4,1787421764.736553907,raw,5,5,0,detected,-12.599946,-0.461031,1.019859,-0.054122,0.017565,-0.116354,0.779785,0.007754,1053.500,0,0.000000,0.000000,0.000000,0.000000
tracking_cdrone3_20260822_110218_815_milestone4,milestone4,1787421764.767175198,target_map,2,5,0,detected,-12.601310,-0.460532,1.016477,-0.049106,0.017978,-0.121805,0.774372,0.007754,1053.500,0,0.027767,0.000000,0.159718,0.356942
tracking_cdrone3_20260822_110218_815_milestone4,milestone4,1787421764.867044210,target_map,2,5,0,detected,-12.606215,-0.458736,1.004312,-0.049106,0.017978,-0.121805,0.754902,0.007754,1053.500,0,0.127642,0.000000,0.194675,0.381910
tracking_cdrone3_20260822_110218_815_milestone4,milestone4,1787421764.966812611,target_map,2,5,0,detected,-12.611114,-0.456943,0.992160,-0.049106,0.017978,-0.121805,0.735453,0.007754,1053.500,0,0.227409,0.000000,0.229593,0.406852
tracking_cdrone3_20260822_110218_815_milestone4,milestone4,1787421765.010409594,raw,5,5,0,detected,-12.610800,-0.456830,0.988683,-0.039635,0.015341,-0.113844,0.836426,0.008261,1148.000,0,0.000000,0.000000,0.000000,0.000000
tracking_cdrone3_20260822_110218_815_milestone4,milestone4,1787421765.067016125,target_map,2,5,0,detected,-12.612869,-0.456051,0.983148,-0.043897,0.016528,-0.117426,0.826569,0.008261,1148.000,0,0.047137,0.000000,0.166498,0.361784
tracking_cdrone3_20260822_110218_815_milestone4,milestone4,1787421765.166935682,target_map,2,5,0,detected,-12.617253,-0.454400,0.971420,-0.043897,0.016528,-0.117426,0.805684,0.008261,1148.000,0,0.147014,0.000000,0.201455,0.386754
tracking_cdrone3_20260822_110218_815_milestone4,milestone4,1787421765.266994238,target_map,2,5,0,detected,-12.621647,-0.452746,0.959666,-0.043897,0.016528,-0.117426,0.784753,0.008261,1148.000,0,0.247110,0.000000,0.236489,0.411778
tracking_cdrone3_20260822_110218_815_milestone4,milestone4,1787421765.272184849,raw,5,5,0,detected,-12.627431,-0.453937,0.919459,-0.063536,0.011051,-0.264452,0.684570,0.008223,1230.000,0,0.000000,0.000000,0.000000,0.000000
tracking_cdrone3_20260822_110218_815_milestone4,milestone4,1787421765.366815329,target_map,2,5,0,detected,-12.632460,-0.452695,0.901230,-0.054698,0.013515,-0.198291,0.668837,0.008223,1230.000,0,0.091931,0.000000,0.182176,0.372983
tracking_cdrone3_20260822_110218_815_milestone4,milestone4,1787421765.467103243,target_map,2,5,0,detected,-12.637943,-0.451340,0.881349,-0.054698,0.013515,-0.198291,0.651678,0.008223,1230.000,0,0.192194,0.000000,0.217268,0.398048
tracking_cdrone3_20260822_110218_815_milestone4,milestone4,1787421765.522838831,raw,5,5,1,held,-12.635638,-0.452491,0.883203,-0.032736,0.005769,-0.144618,0.684570,0.008188,1230.000,0,0.250699,0.250699,0.000000,0.000000
tracking_cdrone3_20260822_110218_815_milestone4,milestone4,1787421765.566864967,target_map,2,5,1,held,-12.637301,-0.452130,0.876617,-0.042619,0.009255,-0.168771,0.634986,0.008188,1230.000,0,0.289726,0.000000,0.163660,0.359757
tracking_cdrone3_20260822_110218_815_milestone4,milestone4,1787421765.667561054,target_map,2,5,1,held,-12.641592,-0.451198,0.859625,-0.042619,0.009255,-0.168771,0.617756,0.008188,1230.000,0,0.390404,0.000000,0.198897,0.384926
tracking_cdrone3_20260822_110218_815_milestone4,milestone4,1787421765.759920120,raw,5,5,1,held,-12.642271,-0.451510,0.856931,-0.027983,0.004138,-0.110835,0.684570,0.008154,1230.000,0,0.487741,0.487741,0.000000,0.000000
tracking_cdrone3_20260822_110218_815_milestone4,milestone4,1787421765.766992807,target_map,2,5,1,held,-12.642436,-0.451479,0.856278,-0.034569,0.006441,-0.136906,0.600281,0.008154,1230.000,0,0.492508,0.000000,0.151668,0.351192
tracking_cdrone3_20260822_110218_815_milestone4,milestone4,1787421765.867093325,target_map,2,5,1,held,-12.645896,-0.450835,0.842574,-0.034569,0.006441,-0.136906,0.583150,0.008154,1230.000,0,0.592605,0.000000,0.186702,0.376216
tracking_cdrone3_20260822_110218_815_milestone4,milestone4,1787421765.967182159,target_map,2,5,1,held,-12.649355,-0.450190,0.828874,-0.034569,0.006441,-0.136906,0.566025,0.008154,1230.000,0,0.692672,0.000000,0.221726,0.401233
tracking_cdrone3_20260822_110218_815_milestone4,milestone4,1787421766.067148209,target_map,2,5,2,predicted,-12.652812,-0.449546,0.815185,-0.034569,0.006441,-0.136906,0.548912,0.008154,1230.000,0,0.792662,0.792662,0.256722,0.426230
tracking_cdrone3_20260822_110218_815_milestone4,milestone4,1787421766.167004585,target_map,2,5,2,predicted,-12.656264,-0.448903,0.801514,-0.034569,0.006441,-0.136906,0.531822,0.008154,1230.000,0,0.892522,0.892522,0.291673,0.451195
tracking_cdrone3_20260822_110218_815_milestone4,milestone4,1787421766.267062426,target_map,2,5,2,predicted,-12.659723,-0.448259,0.787814,-0.034569,0.006441,-0.136906,0.514697,0.008154,1230.000,0,0.992585,0.992585,0.326695,0.476211
tracking_cdrone3_20260822_110218_815_milestone4,milestone4,1787421766.366801739,target_map,2,5,2,predicted,-12.663171,-0.447616,0.774160,-0.034569,0.006441,-0.136906,0.497627,0.008154,1230.000,0,1.092323,1.092323,0.361604,0.501146
tracking_cdrone3_20260822_110218_815_milestone4,milestone4,1787421766.461449385,raw,5,5,0,detected,-12.669814,-0.452760,0.752668,0.000000,0.000000,0.000000,0.487549,0.019436,2082.500,0,0.000000,0.000000,0.000000,0.000000
tracking_cdrone3_20260822_110218_815_milestone4,milestone4,1787421766.471894979,target_map,2,5,0,detected,-12.669894,-0.452759,0.752360,-0.017020,0.000228,-0.065182,0.486973,0.019436,2082.500,0,0.004724,0.000000,0.151653,0.351181
tracking_cdrone3_20260822_110218_815_milestone4,milestone4,1787421766.566784859,target_map,2,5,0,detected,-12.671510,-0.452737,0.746174,-0.017020,0.000228,-0.065182,0.475406,0.019436,2082.500,0,0.099621,0.000000,0.184867,0.374905
tracking_cdrone3_20260822_110218_815_milestone4,milestone4,1787421766.667286873,target_map,2,5,0,detected,-12.673220,-0.452714,0.739625,-0.017020,0.000228,-0.065182,0.463160,0.019436,2082.500,0,0.200094,0.000000,0.220033,0.400023
tracking_cdrone3_20260822_110218_815_milestone4,milestone4,1787421766.705650568,raw,5,5,0,detected,-12.679950,-0.455812,0.737327,-0.041507,-0.012499,-0.062823,0.439941,0.018719,1711.000,0,0.000000,0.000000,0.000000,0.000000
tracking_cdrone3_20260822_110218_815_milestone4,milestone4,1787421766.766999006,target_map,2,5,0,detected,-12.681728,-0.456207,0.733600,-0.030488,-0.006772,-0.063885,0.433524,0.018719,1711.000,0,0.058343,0.000000,0.170420,0.364586
tracking_cdrone3_20260822_110218_815_milestone4,milestone4,1787421766.867046356,target_map,2,5,0,detected,-12.684778,-0.456884,0.727209,-0.030488,-0.006772,-0.063885,0.422522,0.018719,1711.000,0,0.158382,0.000000,0.205434,0.389595
tracking_cdrone3_20260822_110218_815_milestone4,milestone4,1787421766.937494516,raw,5,5,1,held,-12.688741,-0.457246,0.729178,-0.037900,-0.006182,-0.035133,0.439941,0.018039,1711.000,0,0.231957,0.231957,0.000000,0.000000
tracking_cdrone3_20260822_110218_815_milestone4,milestone4,1787421766.967013836,target_map,2,5,1,held,-12.689609,-0.457408,0.727971,-0.034564,-0.006448,-0.048072,0.411669,0.018039,1711.000,0,0.257055,0.000000,0.158784,0.356275
tracking_cdrone3_20260822_110218_815_milestone4,milestone4,1787421767.067065239,target_map,2,5,1,held,-12.693067,-0.458053,0.723162,-0.034564,-0.006448,-0.048072,0.400665,0.018039,1711.000,0,0.357101,0.000000,0.193800,0.381286
tracking_cdrone3_20260822_110218_815_milestone4,milestone4,1787421767.163914919,raw,5,5,1,held,-12.696398,-0.457620,0.725992,-0.033830,-0.001654,-0.014073,0.439941,0.017379,1711.000,0,0.458305,0.458305,0.000000,0.000000
tracking_cdrone3_20260822_110218_815_milestone4,milestone4,1787421767.168239355,target_map,2,5,1,held,-12.696452,-0.457626,0.725945,-0.034160,-0.003811,-0.029373,0.389359,0.017379,1711.000,0,0.459900,0.000000,0.150558,0.350399
tracking_cdrone3_20260822_110218_815_milestone4,milestone4,1787421767.267009020,target_map,2,5,1,held,-12.699826,-0.458003,0.723045,-0.034160,-0.003811,-0.029373,0.378497,0.017379,1711.000,0,0.558657,0.000000,0.185123,0.375088
tracking_cdrone3_20260822_110218_815_milestone4,milestone4,1787421767.367089987,target_map,2,5,1,held,-12.703243,-0.458384,0.720106,-0.034160,-0.003811,-0.029373,0.367493,0.017379,1711.000,0,0.658707,0.000000,0.220141,0.400100
tracking_cdrone3_20260822_110218_815_milestone4,milestone4,1787421767.400767803,raw,5,5,0,detected,-12.702854,-0.458179,0.727158,-0.027258,-0.002360,0.004921,0.563477,0.019862,849.250,0,0.000000,0.000000,0.000000,0.000000
tracking_cdrone3_20260822_110218_815_milestone4,milestone4,1787421767.466968536,target_map,2,5,0,detected,-12.704784,-0.458371,0.726489,-0.030364,-0.003013,-0.010511,0.554522,0.019862,849.250,0,0.063568,0.000000,0.172249,0.365892
tracking_cdrone3_20260822_110218_815_milestone4,milestone4,1787421767.566861868,target_map,2,5,0,detected,-12.707817,-0.458672,0.725439,-0.030364,-0.003013,-0.010511,0.540450,0.019862,849.250,0,0.163459,0.000000,0.207211,0.390865
tracking_cdrone3_20260822_110218_815_milestone4,milestone4,1787421767.654330492,raw,5,5,0,detected,-12.732309,-0.457498,0.736355,-0.116166,0.002687,0.036275,0.619629,0.007723,1358.000,0,0.000000,0.000000,0.000000,0.000000
tracking_cdrone3_20260822_110218_815_milestone4,milestone4,1787421767.666846037,target_map,2,5,0,detected,-12.733053,-0.457497,0.736502,-0.077555,0.000122,0.015221,0.618143,0.007723,1358.000,0,0.009593,0.000000,0.153357,0.352398
tracking_cdrone3_20260822_110218_815_milestone4,milestone4,1787421767.767012596,target_map,2,5,0,detected,-12.740821,-0.457484,0.738026,-0.077555,0.000122,0.015221,0.602628,0.007723,1358.000,0,0.109751,0.000000,0.188413,0.377438
tracking_cdrone3_20260822_110218_815_milestone4,milestone4,1787421767.867075205,target_map,2,5,0,detected,-12.748582,-0.457472,0.739549,-0.077555,0.000122,0.015221,0.587127,0.007723,1358.000,0,0.209814,0.000000,0.223435,0.402454
tracking_cdrone3_20260822_110218_815_milestone4,milestone4,1787421767.889296532,raw,5,5,1,held,-12.752249,-0.455822,0.737547,-0.084864,0.007132,0.005069,0.619629,0.003532,1358.000,0,0.234962,0.234962,0.000000,0.000000
tracking_cdrone3_20260822_110218_815_milestone4,milestone4,1787421767.966976881,target_map,2,5,1,held,-12.758233,-0.455530,0.738254,-0.081575,0.003977,0.009638,0.571867,0.003532,1358.000,0,0.308326,0.000000,0.175677,0.368341
tracking_cdrone3_20260822_110218_815_milestone4,milestone4,1787421768.066890717,target_map,2,5,1,held,-12.766388,-0.455133,0.739217,-0.081575,0.003977,0.009638,0.556382,0.003532,1358.000,0,0.408287,0.000000,0.210664,0.393331
tracking_cdrone3_20260822_110218_815_milestone4,milestone4,1787421768.125333071,raw,5,5,1,held,-12.768232,-0.454633,0.736249,-0.067715,0.005039,-0.005496,0.619629,0.014830,1358.000,0,0.470995,0.470995,0.000000,0.000000
tracking_cdrone3_20260822_110218_815_milestone4,milestone4,1787421768.167030811,target_map,2,5,1,held,-12.771125,-0.454454,0.736301,-0.073952,0.004561,0.001314,0.540610,0.014830,1358.000,0,0.510104,0.000000,0.163688,0.359777
tracking_cdrone3_20260822_110218_815_milestone4,milestone4,1787421768.267147541,target_map,2,5,1,held,-12.778528,-0.453998,0.736432,-0.073952,0.004561,0.001314,0.525102,0.014830,1358.000,0,0.610213,0.000000,0.198726,0.384805
tracking_cdrone3_20260822_110218_815_milestone4,milestone4,1787421768.359326124,raw,5,5,0,detected,-12.741076,-0.451399,0.732438,0.116058,0.013820,-0.016287,0.666992,0.019721,1081.000,0,0.000000,0.000000,0.000000,0.000000
tracking_cdrone3_20260822_110218_815_milestone4,milestone4,1787421768.367614985,target_map,2,5,0,detected,-12.740930,-0.451353,0.732398,0.030554,0.009653,-0.008366,0.666196,0.019721,1081.000,0,0.004775,0.000000,0.151671,0.351194
tracking_cdrone3_20260822_110218_815_milestone4,milestone4,1787421768.466989994,target_map,2,5,0,detected,-12.737893,-0.450394,0.731567,0.030554,0.009653,-0.008366,0.649625,0.019721,1081.000,0,0.104150,0.000000,0.186453,0.376038
tracking_cdrone3_20260822_110218_815_milestone4,milestone4,1787421768.566885710,target_map,2,5,0,detected,-12.734841,-0.449429,0.730731,0.030554,0.009653,-0.008366,0.632968,0.019721,1081.000,0,0.204044,0.000000,0.221416,0.401011
tracking_cdrone3_20260822_110218_815_milestone4,milestone4,1787421768.623469830,raw,5,5,1,held,-12.752679,-0.445493,0.713043,-0.043932,0.022361,-0.073432,0.666992,0.024217,1081.000,0,0.264131,0.264131,0.000000,0.000000
tracking_cdrone3_20260822_110218_815_milestone4,milestone4,1787421768.666951418,target_map,2,5,1,held,-12.753087,-0.444840,0.711311,-0.010413,0.016643,-0.044153,0.616409,0.024217,1081.000,0,0.303349,0.000000,0.163726,0.359804
tracking_cdrone3_20260822_110218_815_milestone4,milestone4,1787421768.766877890,target_map,2,5,1,held,-12.754128,-0.443177,0.706899,-0.010413,0.016643,-0.044153,0.599745,0.024217,1081.000,0,0.403286,0.000000,0.198704,0.384789
tracking_cdrone3_20260822_110218_815_milestone4,milestone4,1787421768.855716467,raw,5,5,1,held,-12.757540,-0.443346,0.689273,-0.020925,0.009241,-0.102339,0.666992,0.028170,1081.000,0,0.496394,0.496394,0.000000,0.000000
tracking_cdrone3_20260822_110218_815_milestone4,milestone4,1787421768.866979837,target_map,2,5,1,held,-12.757682,-0.443236,0.688603,-0.016195,0.012572,-0.076155,0.582754,0.028170,1081.000,0,0.505185,0.000000,0.153077,0.352198
tracking_cdrone3_20260822_110218_815_milestone4,milestone4,1787421768.966992855,target_map,2,5,1,held,-12.759302,-0.441979,0.680986,-0.016195,0.012572,-0.076155,0.566075,0.028170,1081.000,0,0.605206,0.000000,0.188084,0.377203
tracking_cdrone3_20260822_110218_815_milestone4,milestone4,1787421769.067056656,target_map,2,5,1,held,-12.760922,-0.440721,0.673366,-0.016195,0.012572,-0.076155,0.549391,0.028170,1081.000,0,0.705266,0.000000,0.223105,0.402218
tracking_cdrone3_20260822_110218_815_milestone4,milestone4,1787421769.111920118,raw,5,5,0,detected,-12.769558,-0.443844,0.677691,-0.046906,-0.001941,-0.045200,0.667969,0.019014,1144.000,0,0.000000,0.000000,0.000000,0.000000
tracking_cdrone3_20260822_110218_815_milestone4,milestone4,1787421769.167179346,target_map,2,5,0,detected,-12.771210,-0.443615,0.674740,-0.033086,0.004590,-0.059130,0.659633,0.019014,1144.000,0,0.049914,0.000000,0.167470,0.362479
tracking_cdrone3_20260822_110218_815_milestone4,milestone4,1787421769.266885757,target_map,2,5,0,detected,-12.774508,-0.443157,0.668845,-0.033086,0.004590,-0.059130,0.642984,0.019014,1144.000,0,0.149616,0.000000,0.202366,0.387404
tracking_cdrone3_20260822_110218_815_milestone4,milestone4,1787421769.363340616,raw,5,5,1,held,-12.776108,-0.443962,0.646054,-0.026056,-0.000472,-0.125848,0.667969,0.018778,1144.000,0,0.251390,0.251390,0.000000,0.000000
tracking_cdrone3_20260822_110218_815_milestone4,milestone4,1787421769.368738651,target_map,2,5,2,predicted,-12.777879,-0.442690,0.662821,-0.033086,0.004590,-0.059130,0.625974,0.019014,1144.000,0,0.251477,0.251477,0.238017,0.412869
tracking_cdrone3_20260822_110218_815_milestone4,milestone4,1787421769.467014551,target_map,2,5,1,held,-12.778874,-0.443791,0.636981,-0.029219,0.001806,-0.095825,0.610177,0.018778,1144.000,0,0.346074,0.000000,0.183139,0.373671
tracking_cdrone3_20260822_110218_815_milestone4,milestone4,1787421769.567016602,target_map,2,5,1,held,-12.781796,-0.443611,0.627399,-0.029219,0.001806,-0.095825,0.593477,0.018778,1144.000,0,0.446076,0.000000,0.218140,0.398671
tracking_cdrone3_20260822_110218_815_milestone4,milestone4,1787421769.604691029,raw,5,5,0,detected,-12.781437,-0.445473,0.607633,-0.022080,-0.006259,-0.159198,0.616699,0.019574,979.000,0,0.000000,0.000000,0.000000,0.000000
tracking_cdrone3_20260822_110218_815_milestone4,milestone4,1787421769.666848421,target_map,2,5,0,detected,-12.782897,-0.445625,0.600090,-0.025293,-0.002630,-0.130680,0.607800,0.019574,979.000,0,0.057722,0.000000,0.170203,0.364430
tracking_cdrone3_20260822_110218_815_milestone4,milestone4,1787421769.767099380,target_map,2,5,0,detected,-12.785432,-0.445888,0.586991,-0.025293,-0.002630,-0.130680,0.592346,0.019574,979.000,0,0.157959,0.000000,0.205286,0.389490
tracking_cdrone3_20260822_110218_815_milestone4,milestone4,1787421769.847044706,raw,5,5,0,detected,-12.790009,-0.450811,0.544566,-0.035366,-0.022024,-0.260229,0.598145,0.018672,978.250,0,0.000000,0.000000,0.000000,0.000000
tracking_cdrone3_20260822_110218_815_milestone4,milestone4,1787421769.866769314,target_map,2,5,0,detected,-12.790533,-0.451037,0.541131,-0.030833,-0.013297,-0.201932,0.595600,0.018672,978.250,0,0.017013,0.000000,0.155955,0.354253
tracking_cdrone3_20260822_110218_815_milestone4,milestone4,1787421769.967119217,target_map,2,5,0,detected,-12.793627,-0.452371,0.520871,-0.030833,-0.013297,-0.201932,0.580598,0.018672,978.250,0,0.117343,0.000000,0.191070,0.379336
tracking_cdrone3_20260822_110218_815_milestone4,milestone4,1787421770.067211390,target_map,2,5,0,detected,-12.796713,-0.453702,0.500661,-0.030833,-0.013297,-0.201932,0.565631,0.018672,978.250,0,0.217427,0.000000,0.226099,0.404357
tracking_cdrone3_20260822_110218_815_milestone4,milestone4,1787421770.084985971,raw,5,5,0,detected,-12.794430,-0.454545,0.503387,-0.018582,-0.015694,-0.173058,0.442871,0.018859,1113.750,0,0.000000,0.000000,0.000000,0.000000
tracking_cdrone3_20260822_110218_815_milestone4,milestone4,1787421770.167081594,target_map,2,5,0,detected,-12.796223,-0.455632,0.489547,-0.024095,-0.014615,-0.186051,0.434635,0.018859,1113.750,0,0.074392,0.000000,0.176037,0.368598
tracking_cdrone3_20260822_110218_815_milestone4,milestone4,1787421770.266803265,target_map,2,5,0,detected,-12.798625,-0.457090,0.470994,-0.024095,-0.014615,-0.186051,0.423594,0.018859,1113.750,0,0.174110,0.000000,0.210939,0.393528
tracking_cdrone3_20260822_110218_815_milestone4,milestone4,1787421770.309982777,raw,5,5,0,detected,-12.809340,-0.455641,0.485065,-0.066269,-0.004872,-0.081428,0.442871,0.006520,1113.750,1,0.000000,0.000000,0.000000,0.000000
tracking_cdrone3_20260822_110218_815_milestone4,milestone4,1787421770.367011786,target_map,2,5,0,detected,-12.811752,-0.456113,0.478512,-0.047291,-0.009256,-0.128509,0.437225,0.006520,1113.750,1,0.050992,0.000000,0.167847,0.362748
tracking_cdrone3_20260822_110218_815_milestone4,milestone4,1787421770.467139244,target_map,2,5,0,detected,-12.816486,-0.457040,0.465646,-0.047291,-0.009256,-0.128509,0.426141,0.006520,1113.750,1,0.151108,0.000000,0.202888,0.387777
tracking_cdrone3_20260822_110218_815_milestone4,milestone4,1787421770.567090511,target_map,2,5,2,predicted,-12.821214,-0.457965,0.452800,-0.047291,-0.009256,-0.128509,0.415073,0.006520,1113.750,1,0.251071,0.251071,0.237875,0.412768
tracking_cdrone3_20260822_110218_815_milestone4,milestone4,1787421770.567333937,raw,5,5,0,detected,-12.814847,-0.457506,0.457541,-0.021397,-0.007245,-0.106961,0.454346,0.006723,1269.000,0,0.000000,0.000000,0.000000,0.000000
tracking_cdrone3_20260822_110218_815_milestone4,milestone4,1787421770.666845083,target_map,2,5,0,detected,-12.817948,-0.458270,0.446592,-0.033049,-0.008150,-0.116657,0.443685,0.006723,1269.000,0,0.093851,0.000000,0.182848,0.373463
tracking_cdrone3_20260822_110218_815_milestone4,milestone4,1787421770.767160416,target_map,2,5,0,detected,-12.821263,-0.459088,0.434892,-0.033049,-0.008150,-0.116657,0.432293,0.006723,1269.000,0,0.194146,0.000000,0.217951,0.398537
tracking_cdrone3_20260822_110218_815_milestone4,milestone4,1787421770.805186272,raw,5,5,0,detected,-12.824021,-0.459208,0.429873,-0.038571,-0.007159,-0.116323,0.454346,0.006263,1269.000,0,0.000000,0.000000,0.000000,0.000000
tracking_cdrone3_20260822_110218_815_milestone4,milestone4,1787421770.866881847,target_map,2,5,0,detected,-12.826022,-0.459630,0.423417,-0.036086,-0.007605,-0.116473,0.448049,0.006263,1269.000,0,0.055434,0.000000,0.169402,0.363859
tracking_cdrone3_20260822_110218_815_milestone4,milestone4,1787421770.966936827,target_map,2,5,0,detected,-12.829631,-0.460391,0.411767,-0.036086,-0.007605,-0.116473,0.436688,0.006263,1269.000,0,0.155452,0.000000,0.204408,0.388863
tracking_cdrone3_20260822_110218_815_milestone4,milestone4,1787421771.064723253,raw,5,5,0,detected,-12.840837,-0.460149,0.391278,-0.064790,-0.003624,-0.148704,0.454346,0.006526,1269.000,0,0.000000,0.000000,0.000000,0.000000
tracking_cdrone3_20260822_110218_815_milestone4,milestone4,1787421771.067057133,target_map,2,5,2,predicted,-12.833245,-0.461152,0.400103,-0.036086,-0.007605,-0.116473,0.425313,0.006263,1269.000,0,0.255596,0.255596,0.239459,0.413899
tracking_cdrone3_20260822_110218_815_milestone4,milestone4,1787421771.167077780,target_map,2,5,0,detected,-12.845777,-0.460665,0.378500,-0.051873,-0.005415,-0.134200,0.443531,0.006526,1269.000,0,0.095211,0.000000,0.183324,0.373803
tracking_cdrone3_20260822_110218_815_milestone4,milestone4,1787421771.267158985,target_map,2,5,0,detected,-12.850967,-0.461206,0.365070,-0.051873,-0.005415,-0.134200,0.432164,0.006526,1269.000,0,0.195287,0.000000,0.218350,0.398822
tracking_cdrone3_20260822_110218_815_milestone4,milestone4,1787421771.307336569,raw,5,5,0,detected,-6.790931,-0.499763,0.816112,24.936832,-0.163282,1.751105,0.552246,6.081955,1966.250,0,0.000000,0.000000,0.000000,0.000000
tracking_cdrone3_20260822_110218_815_milestone4,milestone4,1787421771.367107391,target_map,2,5,0,detected,-6.545392,-0.501516,0.830050,4.365755,-0.031176,0.247820,0.544481,6.081955,1966.250,0,0.056242,0.000000,0.169685,0.364060
tracking_cdrone3_20260822_110218_815_milestone4,milestone4,1787421771.466889858,target_map,2,5,0,detected,-6.109760,-0.504627,0.854778,4.365755,-0.031176,0.247820,0.530705,6.081955,1966.250,0,0.156026,0.000000,0.204609,0.389006
tracking_cdrone3_20260822_110218_815_milestone4,milestone4,1787421771.567054987,target_map,2,5,2,predicted,-5.672492,-0.507749,0.879600,4.365755,-0.031176,0.247820,0.516877,6.081955,1966.250,0,0.256185,0.256185,0.239665,0.414046
tracking_cdrone3_20260822_110218_815_milestone4,milestone4,1787421771.567799330,raw,5,5,0,detected,-12.857089,-0.460627,0.370419,-23.156176,0.149393,-1.701331,0.458740,0.005883,2740.000,1,0.000000,0.000000,0.000000,0.000000
tracking_cdrone3_20260822_110218_815_milestone4,milestone4,1787421771.667069912,target_map,2,5,0,detected,-13.083539,-0.459292,0.350714,-2.423491,0.014281,-0.210882,0.448024,0.005883,2740.000,1,0.093440,0.000000,0.182704,0.373360
tracking_cdrone3_20260822_110218_815_milestone4,milestone4,1787421771.767072439,target_map,2,5,0,detected,-13.325890,-0.457864,0.329626,-2.423491,0.014281,-0.210882,0.436556,0.005883,2740.000,1,0.193440,0.000000,0.217704,0.398360
tracking_cdrone3_20260822_110218_815_milestone4,milestone4,1787421771.796845198,raw,5,5,0,detected,-12.865582,-0.464103,0.365756,-0.037325,-0.015276,-0.020493,0.768555,0.005849,2680.000,0,0.000000,0.000000,0.000000,0.000000
tracking_cdrone3_20260822_110218_815_milestone4,milestone4,1787421771.866834641,target_map,2,5,0,detected,-12.935206,-0.464227,0.359103,-1.111100,-0.001976,-0.106168,0.756515,0.005849,2680.000,0,0.062662,0.000000,0.171932,0.365666
tracking_cdrone3_20260822_110218_815_milestone4,milestone4,1787421771.967150450,target_map,2,5,0,detected,-13.046654,-0.464425,0.348454,-1.111100,-0.001976,-0.106168,0.737243,0.005849,2680.000,0,0.162966,0.000000,0.207038,0.390741
tracking_cdrone3_20260822_110218_815_milestone4,milestone4,1787421772.041639566,raw,5,5,1,held,-12.878460,-0.471216,0.361165,-0.052606,-0.029057,-0.018754,0.768555,0.005813,2680.000,0,0.244797,0.244797,0.000000,0.000000
tracking_cdrone3_20260822_110218_815_milestone4,milestone4,1787421772.066886425,target_map,2,5,1,held,-12.888905,-0.471549,0.360018,-0.528928,-0.016871,-0.058090,0.717726,0.005813,2680.000,0,0.264544,0.000000,0.156911,0.354937
tracking_cdrone3_20260822_110218_815_milestone4,milestone4,1787421772.167343616,target_map,2,5,1,held,-12.942004,-0.473243,0.354186,-0.528928,-0.016871,-0.058090,0.698437,0.005813,2680.000,0,0.364935,0.000000,0.192048,0.380034
tracking_cdrone3_20260822_110218_815_milestone4,milestone4,1787421772.260936975,raw,5,5,1,held,-12.885360,-0.476777,0.361272,-0.031466,-0.025360,0.000487,0.768555,0.005781,2680.000,0,0.464096,0.464096,0.000000,0.000000
tracking_cdrone3_20260822_110218_815_milestone4,milestone4,1787421772.266951084,target_map,2,5,1,held,-12.886118,-0.476841,0.361195,-0.255324,-0.021540,-0.025873,0.678813,0.005781,2680.000,0,0.467066,0.000000,0.151040,0.350743
tracking_cdrone3_20260822_110218_815_milestone4,milestone4,1787421772.367070436,target_map,2,5,1,held,-12.911684,-0.478998,0.358604,-0.255324,-0.021540,-0.025873,0.659574,0.005781,2680.000,0,0.567197,0.000000,0.186085,0.375775
tracking_cdrone3_20260822_110218_815_milestone4,milestone4,1787421772.466844320,target_map,2,5,1,held,-12.937158,-0.481147,0.356023,-0.255324,-0.021540,-0.025873,0.640405,0.005781,2680.000,0,0.666966,0.000000,0.221005,0.400718
tracking_cdrone3_20260822_110218_815_milestone4,milestone4,1787421772.567077160,target_map,2,5,2,predicted,-12.962750,-0.483306,0.353430,-0.255324,-0.021540,-0.025873,0.621145,0.005781,2680.000,0,0.767205,0.767205,0.256088,0.425777
tracking_cdrone3_20260822_110218_815_milestone4,milestone4,1787421772.667144299,target_map,2,5,2,predicted,-12.988297,-0.485461,0.350841,-0.255324,-0.021540,-0.025873,0.601920,0.005781,2680.000,0,0.867261,0.867261,0.291108,0.450791
tracking_cdrone3_20260822_110218_815_milestone4,milestone4,1787421772.767225742,target_map,2,5,2,predicted,-13.013850,-0.487617,0.348251,-0.255324,-0.021540,-0.025873,0.582691,0.005781,2680.000,0,0.967342,0.967342,0.326136,0.475812
tracking_cdrone3_20260822_110218_815_milestone4,milestone4,1787421772.866979837,target_map,2,5,2,predicted,-13.039313,-0.489765,0.345671,-0.255324,-0.021540,-0.025873,0.563529,0.005781,2680.000,0,1.067069,1.067069,0.361041,0.500743
tracking_cdrone3_20260822_110218_815_milestone4,milestone4,1787421772.967013597,target_map,2,5,2,predicted,-13.064841,-0.491919,0.343084,-0.255324,-0.021540,-0.025873,0.544319,0.005781,2680.000,0,1.167051,1.167051,0.396034,0.525739
tracking_cdrone3_20260822_110218_815_milestone4,milestone4,1787421773.009997606,raw,5,5,0,detected,-12.899136,-0.486729,0.349330,0.000000,0.000000,0.000000,0.669922,0.007988,2009.250,0,0.000000,0.000000,0.000000,0.000000
tracking_cdrone3_20260822_110218_815_milestone4,milestone4,1787421773.066766024,target_map,2,5,0,detected,-12.900859,-0.487075,0.348916,-0.034264,-0.006864,-0.008240,0.661499,0.007988,2009.250,0,0.050292,0.000000,0.167602,0.362573
tracking_cdrone3_20260822_110218_815_milestone4,milestone4,1787421773.166813374,target_map,2,5,0,detected,-12.904286,-0.487761,0.348091,-0.034264,-0.006864,-0.008240,0.644745,0.007988,2009.250,0,0.150327,0.000000,0.202614,0.387582
tracking_cdrone3_20260822_110218_815_milestone4,milestone4,1787421773.231213808,raw,5,5,0,detected,-12.904365,-0.490372,0.339457,-0.023640,-0.016465,-0.044632,0.757324,0.006167,1560.000,0,0.000000,0.000000,0.000000,0.000000
tracking_cdrone3_20260822_110218_815_milestone4,milestone4,1787421773.267008781,target_map,2,5,0,detected,-12.905306,-0.490774,0.338521,-0.028421,-0.012145,-0.028255,0.751051,0.006167,1560.000,0,0.033134,0.000000,0.161597,0.358283
tracking_cdrone3_20260822_110218_815_milestone4,milestone4,1787421773.367150307,target_map,2,5,0,detected,-12.908153,-0.491990,0.335692,-0.028421,-0.012145,-0.028255,0.732093,0.006167,1560.000,0,0.133267,0.000000,0.196644,0.383317
tracking_cdrone3_20260822_110218_815_milestone4,milestone4,1787421773.462767124,raw,5,5,0,detected,-12.890239,-0.490009,0.335042,0.061005,0.001567,-0.019067,0.682617,0.019877,2504.250,0,0.000000,0.000000,0.000000,0.000000
tracking_cdrone3_20260822_110218_815_milestone4,milestone4,1787421773.472559452,target_map,2,5,0,detected,-12.911148,-0.493271,0.332713,-0.028421,-0.012145,-0.028255,0.712133,0.006167,1560.000,0,0.238687,0.000000,0.233540,0.409672
tracking_cdrone3_20260822_110218_815_milestone4,milestone4,1787421773.566916943,target_map,2,5,0,detected,-12.888346,-0.490429,0.332926,0.020764,-0.004603,-0.023202,0.667055,0.019877,2504.250,0,0.091191,0.000000,0.181917,0.372798
tracking_cdrone3_20260822_110218_815_milestone4,milestone4,1787421773.667237520,target_map,2,5,0,detected,-12.886262,-0.490890,0.330599,0.020764,-0.004603,-0.023202,0.649935,0.019877,2504.250,0,0.191509,0.000000,0.217028,0.397877
tracking_cdrone3_20260822_110218_815_milestone4,milestone4,1787421773.704375267,raw,5,5,0,detected,-12.890742,-0.490301,0.328320,-0.002082,-0.001211,-0.027820,0.724121,0.019814,2006.000,0,0.000000,0.000000,0.000000,0.000000
tracking_cdrone3_20260822_110218_815_milestone4,milestone4,1787421773.767027378,target_map,2,5,0,detected,-12.890251,-0.490465,0.326779,0.008198,-0.002737,-0.025742,0.713284,0.019814,2006.000,0,0.059864,0.000000,0.170952,0.364966
tracking_cdrone3_20260822_110218_815_milestone4,milestone4,1787421773.866976023,target_map,2,5,0,detected,-12.889432,-0.490739,0.324207,0.008198,-0.002737,-0.025742,0.695192,0.019814,2006.000,0,0.159805,0.000000,0.205932,0.389951
tracking_cdrone3_20260822_110218_815_milestone4,milestone4,1787421773.955833912,raw,5,5,0,detected,3.118686,-0.617018,0.514922,63.665222,-0.503917,0.742065,0.556641,16.029949,2839.000,0,0.000000,0.000000,0.000000,0.000000
tracking_cdrone3_20260822_110218_815_milestone4,milestone4,1787421773.966779232,target_map,2,5,0,detected,3.147040,-0.617250,0.515178,4.403253,-0.036055,0.039696,0.555745,16.029949,2839.000,0,0.006439,0.000000,0.152254,0.351610
tracking_cdrone3_20260822_110218_815_milestone4,milestone4,1787421774.066717863,target_map,2,5,0,detected,3.587113,-0.620853,0.519145,4.403253,-0.036055,0.039696,0.541837,16.029949,2839.000,0,0.106382,0.000000,0.187234,0.376595
tracking_cdrone3_20260822_110218_815_milestone4,milestone4,1787421774.166817427,target_map,2,5,0,detected,4.027829,-0.624462,0.523118,4.403253,-0.036055,0.039696,0.527908,16.029949,2839.000,0,0.206471,0.000000,0.222265,0.401618
tracking_cdrone3_20260822_110218_815_milestone4,milestone4,1787421774.216629267,raw,5,5,0,detected,-12.890957,-0.492811,0.298007,-61.378502,0.476190,-0.831618,0.433838,0.018911,2323.125,1,0.000000,0.000000,0.000000,0.000000
tracking_cdrone3_20260822_110218_815_milestone4,milestone4,1787421774.267028332,target_map,2,5,0,detected,-13.005676,-0.491961,0.296027,-2.418000,0.017907,-0.041745,0.428692,0.018911,2323.125,1,0.047444,0.000000,0.166605,0.361861
tracking_cdrone3_20260822_110218_815_milestone4,milestone4,1787421774.366847992,target_map,2,5,0,detected,-13.247035,-0.490174,0.291860,-2.418000,0.017907,-0.041745,0.417866,0.018911,2323.125,1,0.147261,0.000000,0.201541,0.386815
tracking_cdrone3_20260822_110218_815_milestone4,milestone4,1787421774.467337847,target_map,2,5,0,detected,-13.490016,-0.488374,0.287665,-2.418000,0.017907,-0.041745,0.406967,0.018911,2323.125,1,0.247750,0.000000,0.236712,0.411937
tracking_cdrone3_20260822_110218_815_milestone4,milestone4,1787421774.479062080,raw,5,5,0,detected,-12.890318,-0.493105,0.279790,0.002432,-0.001122,-0.069429,0.755859,0.019376,2028.000,0,0.000000,0.000000,0.000000,0.000000
tracking_cdrone3_20260822_110218_815_milestone4,milestone4,1787421774.567055941,target_map,2,5,0,detected,-12.978057,-0.492504,0.275191,-1.086762,0.007441,-0.056971,0.740604,0.019376,2028.000,0,0.080734,0.000000,0.178257,0.370183
tracking_cdrone3_20260822_110218_815_milestone4,milestone4,1787421774.667222261,target_map,2,5,0,detected,-13.086894,-0.491759,0.269485,-1.086762,0.007441,-0.056971,0.721679,0.019376,2028.000,0,0.180882,0.000000,0.213309,0.395220
tracking_cdrone3_20260822_110218_815_milestone4,milestone4,1787421774.712981939,raw,5,5,0,detected,-12.889767,-0.495715,0.270950,0.002356,-0.011156,-0.037790,0.541016,0.019496,2632.500,0,0.000000,0.000000,0.000000,0.000000
tracking_cdrone3_20260822_110218_815_milestone4,milestone4,1787421774.766890526,target_map,2,5,0,detected,-12.914822,-0.495858,0.268566,-0.487747,-0.002787,-0.046421,0.534068,0.019496,2632.500,0,0.051368,0.000000,0.167979,0.362842
tracking_cdrone3_20260822_110218_815_milestone4,milestone4,1787421774.867713451,target_map,2,5,0,detected,-12.963970,-0.496139,0.263888,-0.487747,-0.002787,-0.046421,0.520439,0.019496,2632.500,0,0.152135,0.000000,0.203247,0.388034
tracking_cdrone3_20260822_110218_815_milestone4,milestone4,1787421774.967124462,target_map,2,5,2,predicted,-13.012480,-0.496416,0.259271,-0.487747,-0.002787,-0.046421,0.506987,0.019496,2632.500,0,0.251591,0.251591,0.238057,0.412898
tracking_cdrone3_20260822_110218_815_milestone4,milestone4,1787421774.969449997,raw,5,5,0,detected,-12.891303,-0.501476,0.255020,-0.005991,-0.022465,-0.062115,0.541016,0.018541,2632.500,0,0.000000,0.000000,0.000000,0.000000
tracking_cdrone3_20260822_110218_815_milestone4,milestone4,1787421775.067246437,target_map,2,5,0,detected,-12.912549,-0.502774,0.249770,-0.222781,-0.013610,-0.055053,0.528117,0.018541,2632.500,0,0.095368,0.000000,0.183379,0.373842
tracking_cdrone3_20260822_110218_815_milestone4,milestone4,1787421775.166780472,target_map,2,5,0,detected,-12.934724,-0.504129,0.244290,-0.222781,-0.013610,-0.055053,0.514654,0.018541,2632.500,0,0.194903,0.000000,0.218216,0.398726
tracking_cdrone3_20260822_110218_815_milestone4,milestone4,1787421775.205037832,raw,5,5,0,detected,-12.889270,-0.514318,0.236930,0.008633,-0.054510,-0.076785,0.541016,0.019541,2632.500,0,0.000000,0.000000,0.000000,0.000000
tracking_cdrone3_20260822_110218_815_milestone4,milestone4,1787421775.267028332,target_map,2,5,0,detected,-12.894930,-0.516458,0.232960,-0.095503,-0.036105,-0.067005,0.533000,0.019541,2632.500,0,0.059263,0.000000,0.170742,0.364816
tracking_cdrone3_20260822_110218_815_milestone4,milestone4,1787421775.366833210,target_map,2,5,0,detected,-12.904462,-0.520061,0.226272,-0.095503,-0.036105,-0.067005,0.519500,0.019541,2632.500,0,0.159074,0.000000,0.205676,0.389769
tracking_cdrone3_20260822_110218_815_milestone4,milestone4,1787421775.456195831,raw,5,5,0,detected,-12.887547,-0.531809,0.212753,0.006860,-0.069639,-0.096261,0.561523,0.014868,2485.375,0,0.000000,0.000000,0.000000,0.000000
tracking_cdrone3_20260822_110218_815_milestone4,milestone4,1787421775.467993736,target_map,2,5,0,detected,-12.887901,-0.532303,0.212001,-0.039204,-0.054549,-0.083096,0.560252,0.014868,2485.375,0,0.009054,0.000000,0.153169,0.352264
tracking_cdrone3_20260822_110218_815_milestone4,milestone4,1787421775.566806555,target_map,2,5,0,detected,-12.891788,-0.537710,0.203763,-0.039204,-0.054549,-0.083096,0.546336,0.014868,2485.375,0,0.108185,0.000000,0.187865,0.377046
tracking_cdrone3_20260822_110218_815_milestone4,milestone4,1787421775.667121410,target_map,2,5,0,detected,-12.895720,-0.543182,0.195428,-0.039204,-0.054549,-0.083096,0.532255,0.014868,2485.375,0,0.208490,0.000000,0.222972,0.402123
tracking_cdrone3_20260822_110218_815_milestone4,milestone4,1787421775.692301750,raw,5,5,0,detected,-12.884232,-0.543460,0.201214,0.014040,-0.049342,-0.048868,0.561523,0.016052,2485.375,0,0.000000,0.000000,0.000000,0.000000
tracking_cdrone3_20260822_110218_815_milestone4,milestone4,1787421775.767042875,target_map,2,5,0,detected,-12.884896,-0.546923,0.196908,-0.009920,-0.051685,-0.064271,0.552117,0.016052,2485.375,0,0.067005,0.000000,0.173452,0.366751
tracking_cdrone3_20260822_110218_815_milestone4,milestone4,1787421775.867101669,target_map,2,5,0,detected,-12.885889,-0.552094,0.190477,-0.009920,-0.051685,-0.064271,0.538071,0.016052,2485.375,0,0.167060,0.000000,0.208471,0.391765
tracking_cdrone3_20260822_110218_815_milestone4,milestone4,1787421775.938276052,raw,5,5,0,detected,-12.883834,-0.549162,0.193585,0.001616,-0.023186,-0.031021,0.728027,0.015858,3026.000,0,0.000000,0.000000,0.000000,0.000000
tracking_cdrone3_20260822_110218_815_milestone4,milestone4,1787421775.967326403,target_map,2,5,0,detected,-12.883914,-0.549970,0.192553,-0.003575,-0.036010,-0.045983,0.723946,0.015858,3026.000,0,0.022426,0.000000,0.157849,0.355607
tracking_cdrone3_20260822_110218_815_milestone4,milestone4,1787421776.066957951,target_map,2,5,0,detected,-12.884271,-0.553557,0.187973,-0.003575,-0.036010,-0.045983,0.705816,0.015858,3026.000,0,0.122036,0.000000,0.192713,0.380509
tracking_cdrone3_20260822_110218_815_milestone4,milestone4,1787421776.167065382,target_map,2,5,0,detected,-12.884628,-0.557162,0.183369,-0.003575,-0.036010,-0.045983,0.687594,0.015858,3026.000,0,0.222154,0.000000,0.227754,0.405538
tracking_cdrone3_20260822_110218_815_milestone4,milestone4,1787421776.195234060,raw,5,5,0,detected,-12.882274,-0.556671,0.182058,0.006073,-0.029219,-0.044853,0.728027,0.019688,3026.000,0,0.000000,0.000000,0.000000,0.000000
tracking_cdrone3_20260822_110218_815_milestone4,milestone4,1787421776.267035484,target_map,2,5,0,detected,-12.882154,-0.558895,0.178933,0.001731,-0.032275,-0.045362,0.715489,0.019688,3026.000,0,0.068890,0.000000,0.174112,0.367223
tracking_cdrone3_20260822_110218_815_milestone4,milestone4,1787421776.367111206,target_map,2,5,0,detected,-12.881981,-0.562125,0.174393,0.001731,-0.032275,-0.045362,0.697275,0.019688,3026.000,0,0.168964,0.000000,0.209137,0.392241
tracking_cdrone3_20260822_110218_815_milestone4,milestone4,1787421776.464286327,raw,5,5,0,detected,-12.903043,-0.566769,0.159631,-0.077200,-0.037533,-0.083363,0.820312,0.003767,3515.500,1,0.000000,0.000000,0.000000,0.000000
tracking_cdrone3_20260822_110218_815_milestone4,milestone4,1787421776.472188711,target_map,2,5,0,detected,-12.903236,-0.566932,0.159323,-0.041681,-0.035167,-0.066263,0.819361,0.003767,3515.500,1,0.004641,0.000000,0.151624,0.351160
tracking_cdrone3_20260822_110218_815_milestone4,milestone4,1787421776.566895962,target_map,2,5,0,detected,-12.907184,-0.570263,0.153048,-0.041681,-0.035167,-0.066263,0.799938,0.003767,3515.500,1,0.099352,0.000000,0.184773,0.374838
tracking_cdrone3_20260822_110218_815_milestone4,milestone4,1787421776.667156458,target_map,2,5,0,detected,-12.911363,-0.573788,0.146405,-0.041681,-0.035167,-0.066263,0.779378,0.003767,3515.500,1,0.199607,0.000000,0.219862,0.399902
tracking_cdrone3_20260822_110218_815_milestone4,milestone4,1787421776.699509382,raw,5,5,0,detected,-9.493526,-0.351991,0.414752,14.494657,0.913072,1.084580,0.835938,3.430051,3736.125,0,0.000000,0.000000,0.000000,0.000000
tracking_cdrone3_20260822_110218_815_milestone4,milestone4,1787421776.766953707,target_map,2,5,0,detected,-9.211280,-0.335159,0.434032,4.360346,0.260030,0.297853,0.822410,3.430051,3736.125,0,0.064730,0.000000,0.172656,0.366183
tracking_cdrone3_20260822_110218_815_milestone4,milestone4,1787421776.867347240,target_map,2,5,0,detected,-8.773482,-0.309051,0.463938,4.360346,0.260030,0.297853,0.801427,3.430051,3736.125,0,0.165135,0.000000,0.207797,0.391284
tracking_cdrone3_20260822_110218_815_milestone4,milestone4,1787421776.907760143,raw,5,5,0,detected,-12.888598,-0.568146,0.149046,-16.302582,-1.037942,-1.275877,0.835938,0.019683,3736.125,1,0.000000,0.000000,0.000000,0.000000
tracking_cdrone3_20260822_110218_815_milestone4,milestone4,1787421776.966807127,target_map,2,5,0,detected,-13.019706,-0.576923,0.137726,-2.415621,-0.161708,-0.208581,0.824595,0.019683,3736.125,1,0.054275,0.000000,0.168996,0.363569
tracking_cdrone3_20260822_110218_815_milestone4,milestone4,1787421777.067085266,target_map,2,5,0,detected,-13.261920,-0.593137,0.116811,-2.415621,-0.161708,-0.208581,0.803640,0.019683,3736.125,1,0.154545,0.000000,0.204091,0.388636
tracking_cdrone3_20260822_110218_815_milestone4,milestone4,1787421777.162843704,raw,5,5,1,held,-13.137295,-0.574994,0.123868,-0.974955,-0.026846,-0.098706,0.835938,0.230318,3736.125,1,0.255085,0.255085,0.000000,0.000000
tracking_cdrone3_20260822_110218_815_milestone4,milestone4,1787421777.167057514,target_map,2,5,2,predicted,-13.503431,-0.609304,0.095958,-2.415621,-0.161708,-0.208581,0.782746,0.019683,3736.125,1,0.254524,0.254524,0.239083,0.413631
tracking_cdrone3_20260822_110218_815_milestone4,milestone4,1787421777.266924381,target_map,2,5,1,held,-13.294299,-0.583461,0.109539,-1.623255,-0.087534,-0.148149,0.762415,0.230318,3736.125,1,0.351806,0.000000,0.183853,0.374180
tracking_cdrone3_20260822_110218_815_milestone4,milestone4,1787421777.367058039,target_map,2,5,1,held,-13.456865,-0.592227,0.094702,-1.623255,-0.087534,-0.148149,0.741486,0.230318,3736.125,1,0.451955,0.000000,0.218905,0.399218
tracking_cdrone3_20260822_110218_815_milestone4,milestone4,1787421777.466989994,target_map,2,5,2,predicted,-13.619097,-0.600975,0.079895,-1.623255,-0.087534,-0.148149,0.720600,0.230318,3736.125,1,0.551897,0.551897,0.253884,0.424203
tracking_cdrone3_20260822_110218_815_milestone4,milestone4,1787421777.567170858,target_map,2,5,2,predicted,-13.781689,-0.609743,0.065056,-1.623255,-0.087534,-0.148149,0.699667,0.230318,3736.125,1,0.652061,0.652061,0.288942,0.449244
tracking_cdrone3_20260822_110218_815_milestone4,milestone4,1787421777.667154074,target_map,2,5,2,predicted,-13.943995,-0.618495,0.050243,-1.623255,-0.087534,-0.148149,0.678771,0.230318,3736.125,1,0.752050,0.752050,0.323938,0.474241
tracking_cdrone3_20260822_110218_815_milestone4,milestone4,1787421777.766728640,target_map,2,5,2,predicted,-14.105646,-0.627212,0.035489,-1.623255,-0.087534,-0.148149,0.657959,0.230318,3736.125,1,0.851634,0.851634,0.358792,0.499137
tracking_cdrone3_20260822_110218_815_milestone4,milestone4,1787421777.867142677,target_map,2,5,2,predicted,-14.268609,-0.636000,0.020616,-1.623255,-0.087534,-0.148149,0.636979,0.230318,3736.125,1,0.952027,0.952027,0.393930,0.524236
tracking_cdrone3_20260822_110218_815_milestone4,milestone4,1787421777.967033148,target_map,2,5,2,predicted,-14.430792,-0.644746,0.005814,-1.623255,-0.087534,-0.148149,0.616099,0.230318,3736.125,1,1.051939,1.051939,0.428899,0.549214
tracking_cdrone3_20260822_110218_815_milestone4,milestone4,1787421778.067016363,target_map,2,5,2,predicted,-14.593092,-0.653498,-0.008998,-1.623255,-0.087534,-0.148149,0.595204,0.230318,3736.125,1,1.151923,1.151923,0.463893,0.574210
tracking_cdrone3_20260822_110218_815_milestone4,milestone4,1787421778.167144775,target_map,2,5,2,predicted,-14.755613,-0.662262,-0.023831,-1.623255,-0.087534,-0.148149,0.574280,0.230318,3736.125,1,1.252044,1.252044,0.498936,0.599240
tracking_cdrone3_20260822_110218_815_milestone4,milestone4,1787421778.198065519,raw,6,6,0,detected,-5.448059,-0.820012,0.119673,0.000000,0.000000,0.000000,0.848145,7.497001,4876.250,0,0.000000,0.000000,0.000000,0.000000
tracking_cdrone3_20260822_110218_815_milestone4,milestone4,1787421778.267039061,target_map,2,5,2,predicted,-14.917768,-0.671006,-0.038630,-1.623255,-0.087534,-0.148149,0.553403,0.230318,3736.125,1,1.351939,1.351939,0.533899,0.624214
tracking_cdrone3_20260822_110218_815_milestone4,milestone4,1787421778.267039061,target_map,3,6,0,detected,-5.448059,-0.820012,0.119673,0.000000,0.000000,0.000000,0.834178,7.497001,4876.250,0,0.065871,0.000000,0.173055,0.366468
tracking_cdrone3_20260822_110218_815_milestone4,milestone4,1787421778.367341757,target_map,2,5,2,predicted,-15.080572,-0.679785,-0.053489,-1.623255,-0.087534,-0.148149,0.532443,0.230318,3736.125,1,1.452233,1.452233,0.569002,0.649287
tracking_cdrone3_20260822_110218_815_milestone4,milestone4,1787421778.367341757,target_map,3,6,0,detected,-5.448059,-0.820012,0.119673,0.000000,0.000000,0.000000,0.812912,7.497001,4876.250,0,0.166165,0.000000,0.208158,0.391541
tracking_cdrone3_20260822_110218_815_milestone4,milestone4,1787421778.446594000,raw,6,6,0,detected,-1.425653,-1.030492,0.187393,16.184624,-0.846889,0.272479,0.827637,11.537600,5635.000,0,0.000000,0.000000,0.000000,0.000000
tracking_cdrone3_20260822_110218_815_milestone4,milestone4,1787421778.467349052,target_map,2,5,2,predicted,-15.242887,-0.688538,-0.068303,-1.623255,-0.087534,-0.148149,0.511546,0.230318,3736.125,1,1.552227,1.552227,0.604000,0.674286
tracking_cdrone3_20260822_110218_815_milestone4,milestone4,1787421778.467349052,target_map,3,6,0,detected,-1.347655,-1.034573,0.188706,4.393368,-0.229891,0.073965,0.823963,11.537600,5635.000,0,0.017754,0.000000,0.156214,0.354438
tracking_cdrone3_20260822_110218_815_milestone4,milestone4,1787421778.566846609,target_map,2,5,2,predicted,-15.404436,-0.697249,-0.083047,-1.623255,-0.087534,-0.148149,0.490748,0.230318,3736.125,1,1.651749,1.651749,0.638832,0.699166
tracking_cdrone3_20260822_110218_815_milestone4,milestone4,1787421778.566846609,target_map,3,6,0,detected,-0.910420,-1.057452,0.196067,4.393368,-0.229891,0.073965,0.803371,11.537600,5635.000,0,0.117275,0.000000,0.191046,0.379319
tracking_cdrone3_20260822_110218_815_milestone4,milestone4,1787421778.666953087,target_map,2,5,2,predicted,-15.566872,-0.706009,-0.097872,-1.623255,-0.087534,-0.148149,0.469835,0.230318,3736.125,1,1.751816,1.751816,0.673856,0.724183
tracking_cdrone3_20260822_110218_815_milestone4,milestone4,1787421778.666953087,target_map,3,6,0,detected,-0.470786,-1.080457,0.203469,4.393368,-0.229891,0.073965,0.782667,11.537600,5635.000,0,0.217343,0.000000,0.226070,0.404336
tracking_cdrone3_20260822_110218_815_milestone4,milestone4,1787421778.699711800,raw,6,6,0,detected,2.382513,-1.487100,0.417809,15.044852,-1.803914,0.910300,0.696777,15.383117,3984.750,0,0.000000,0.000000,0.000000,0.000000
tracking_cdrone3_20260822_110218_815_milestone4,milestone4,1787421778.767035723,target_map,2,5,2,predicted,-15.729403,-0.714773,-0.112706,-1.623255,-0.087534,-0.148149,0.448910,0.230318,3736.125,1,1.851943,1.851943,0.708900,0.749215
tracking_cdrone3_20260822_110218_815_milestone4,milestone4,1787421778.767035723,target_map,3,6,0,detected,2.787776,-1.527149,0.436809,6.337862,-0.626327,0.297141,0.685639,15.383117,3984.750,0,0.063943,0.000000,0.172380,0.365986
tracking_cdrone3_20260822_110218_815_milestone4,milestone4,1787421778.867040157,target_map,2,5,2,predicted,-15.891724,-0.723526,-0.127520,-1.623255,-0.087534,-0.148149,0.428012,0.230318,3736.125,1,1.951940,1.951940,0.743899,0.774214
tracking_cdrone3_20260822_110218_815_milestone4,milestone4,1787421778.867040157,target_map,3,6,0,detected,3.421543,-1.589780,0.466522,6.337862,-0.626327,0.297141,0.668220,15.383117,3984.750,0,0.163940,0.000000,0.207379,0.390985
tracking_cdrone3_20260822_110218_815_milestone4,milestone4,1787421778.930305719,raw,6,6,0,detected,-12.952701,-0.431412,0.129113,-66.507858,4.578452,-1.252056,0.759766,0.019244,4042.500,1,0.000000,0.000000,0.000000,0.000000
tracking_cdrone3_20260822_110218_815_milestone4,milestone4,1787421778.966756582,target_map,2,5,2,predicted,-16.053606,-0.732256,-0.142295,-1.623255,-0.087534,-0.148149,0.407171,0.230318,3736.125,1,2.051667,2.051667,0.778804,0.799146
tracking_cdrone3_20260822_110218_815_milestone4,milestone4,1787421778.966756582,target_map,3,6,0,detected,-13.004552,-0.430728,0.130837,-1.536799,0.020284,0.051090,0.753357,0.019244,4042.500,1,0.033740,0.000000,0.161809,0.358435
tracking_cdrone3_20260822_110218_815_milestone4,milestone4,1787421779.066857815,target_map,2,5,2,predicted,-16.216084,-0.741017,-0.157124,-1.623255,-0.087534,-0.148149,0.386253,0.230318,3736.125,1,2.151761,2.151761,0.813837,0.824169
tracking_cdrone3_20260822_110218_815_milestone4,milestone4,1787421779.066857815,target_map,3,6,0,detected,-13.158377,-0.428697,0.135951,-1.536799,0.020284,0.051090,0.734345,0.019244,4042.500,1,0.133834,0.000000,0.196842,0.383458
tracking_cdrone3_20260822_110218_815_milestone4,milestone4,1787421779.167321444,target_map,2,5,2,predicted,-16.379124,-0.749809,-0.172004,-1.623255,-0.087534,-0.148149,0.365263,0.230318,3736.125,1,2.252202,2.252202,0.848991,0.849279
tracking_cdrone3_20260822_110218_815_milestone4,milestone4,1787421779.167321444,target_map,3,6,0,detected,-13.312734,-0.426660,0.141082,-1.536799,0.020284,0.051090,0.715267,0.019244,4042.500,1,0.234275,0.000000,0.231996,0.408569
tracking_cdrone3_20260822_110218_815_milestone4,milestone4,1787421779.222594023,raw,6,6,0,detected,-12.957717,-0.425453,0.124771,-0.017163,0.020386,-0.014856,0.726074,0.019405,4033.000,0,0.000000,0.000000,0.000000,0.000000
tracking_cdrone3_20260822_110218_815_milestone4,milestone4,1787421779.266715765,target_map,2,5,2,predicted,-16.540518,-0.758512,-0.186734,-1.623255,-0.087534,-0.148149,0.344484,0.230318,3736.125,1,2.351627,2.351627,0.883790,0.874136
tracking_cdrone3_20260822_110218_815_milestone4,milestone4,1787421779.266715765,target_map,3,6,0,detected,-12.985948,-0.424634,0.125367,-0.700999,0.020340,0.014820,0.718764,0.019405,4033.000,0,0.040272,0.000000,0.164095,0.360068
tracking_cdrone3_20260822_110218_815_milestone4,milestone4,1787421779.366847277,target_map,2,5,2,predicted,-16.703053,-0.767277,-0.201568,-1.623255,-0.087534,-0.148149,0.323559,0.230318,3736.125,1,2.451756,2.451756,0.918835,0.899168
tracking_cdrone3_20260822_110218_815_milestone4,milestone4,1787421779.366847277,target_map,3,6,0,detected,-13.056137,-0.422597,0.126851,-0.700999,0.020340,0.014820,0.700589,0.019405,4033.000,0,0.140400,0.000000,0.199140,0.385100
tracking_cdrone3_20260822_110218_815_milestone4,milestone4,1787421779.467407227,target_map,2,5,2,predicted,-16.866272,-0.776079,-0.216464,-1.623255,-0.087534,-0.148149,0.302545,0.230318,3736.125,1,2.552307,2.552307,0.954028,0.924305
tracking_cdrone3_20260822_110218_815_milestone4,milestone4,1787421779.467407227,target_map,3,6,0,detected,-13.126623,-0.420552,0.128341,-0.700999,0.020340,0.014820,0.682337,0.019405,4033.000,0,0.240951,0.000000,0.234333,0.410238
tracking_cdrone3_20260822_110218_815_milestone4,milestone4,1787421779.485326290,raw,6,6,0,detected,5.562654,-2.274223,0.596697,70.492065,-7.036770,1.796240,0.539062,18.653719,6192.000,0,0.000000,0.000000,0.000000,0.000000
tracking_cdrone3_20260822_110218_815_milestone4,milestone4,1787421779.566839218,target_map,2,5,2,predicted,-17.027643,-0.784781,-0.231192,-1.623255,-0.087534,-0.148149,0.281770,0.230318,3736.125,1,2.651719,2.651719,0.988822,0.949158
tracking_cdrone3_20260822_110218_815_milestone4,milestone4,1787421779.566839218,target_map,3,6,0,detected,5.881273,-2.307781,0.605969,4.061384,-0.427758,0.118197,0.528490,18.653719,6192.000,0,0.078451,0.000000,0.177458,0.369613
tracking_cdrone3_20260822_110218_815_milestone4,milestone4,1787421779.667168140,target_map,2,5,2,predicted,-17.190527,-0.793564,-0.246058,-1.623255,-0.087534,-0.148149,0.260799,0.230318,3736.125,1,2.752063,2.752063,1.023942,0.974245
tracking_cdrone3_20260822_110218_815_milestone4,milestone4,1787421779.667168140,target_map,3,6,0,detected,6.288809,-2.350704,0.617830,4.061384,-0.427758,0.118197,0.514967,18.653719,6192.000,0,0.178795,0.000000,0.212578,0.394699
tracking_cdrone3_20260822_110218_815_milestone4,milestone4,1787421779.731933355,raw,6,6,0,detected,4.443195,-2.472208,0.240521,-4.539445,-0.802835,-1.444304,0.776855,17.565712,6781.500,1,0.000000,0.000000,0.000000,0.000000
tracking_cdrone3_20260822_110218_815_milestone4,milestone4,1787421779.766968012,target_map,2,5,2,predicted,-17.352545,-0.802301,-0.260845,-1.623255,-0.087534,-0.148149,0.239941,0.230318,3736.125,1,2.851873,2.851873,1.058876,0.999197
tracking_cdrone3_20260822_110218_815_milestone4,milestone4,1787421779.766968012,target_map,3,6,0,detected,4.421673,-2.492604,0.216679,-0.669072,-0.634051,-0.741179,0.770608,17.565712,6781.500,1,0.032168,0.000000,0.161259,0.358042
tracking_cdrone3_20260822_110218_815_milestone4,milestone4,1787421779.867036343,target_map,2,5,2,predicted,-17.514975,-0.811060,-0.275669,-1.623255,-0.087534,-0.148149,0.219029,0.230318,3736.125,1,2.951937,2.951937,1.093898,1.024213
tracking_cdrone3_20260822_110218_815_milestone4,milestone4,1787421779.867036343,target_map,3,6,0,detected,4.354723,-2.556049,0.142514,-0.669072,-0.634051,-0.741179,0.751174,17.565712,6781.500,1,0.132231,0.000000,0.196281,0.383058
tracking_cdrone3_20260822_110218_815_milestone4,milestone4,1787421779.967187881,target_map,2,5,2,predicted,-17.677525,-0.819825,-0.290505,-1.623255,-0.087534,-0.148149,0.198101,0.230318,3736.125,1,3.052076,3.052076,1.128947,1.049248
tracking_cdrone3_20260822_110218_815_milestone4,milestone4,1787421779.967187881,target_map,3,6,0,detected,4.287723,-2.619543,0.068293,-0.669072,-0.634051,-0.741179,0.731726,17.565712,6781.500,1,0.232371,0.000000,0.231330,0.408093
tracking_cdrone3_20260822_110218_815_milestone4,milestone4,1787421779.996137857,raw,6,6,0,detected,-10.520701,-0.704486,0.148164,-56.637962,6.690782,-0.349569,0.815430,2.497972,6575.000,1,0.000000,0.000000,0.000000,0.000000
tracking_cdrone3_20260822_110218_815_milestone4,milestone4,1787421780.067069054,target_map,2,5,2,predicted,-17.839684,-0.828570,-0.305304,-1.623255,-0.087534,-0.148149,0.177224,0.230318,3736.125,1,3.151973,3.151973,1.163911,1.074222
tracking_cdrone3_20260822_110218_815_milestone4,milestone4,1787421780.067069054,target_map,3,6,0,detected,-10.838753,-0.688765,0.123615,-4.670617,0.230861,-0.360499,0.801548,2.497972,6575.000,1,0.068096,0.000000,0.173834,0.367024
tracking_cdrone3_20260822_110218_815_milestone4,milestone4,1787421780.166955948,target_map,2,5,2,predicted,-18.001762,-0.837310,-0.320097,-1.623255,-0.087534,-0.148149,0.156358,0.230318,3736.125,1,3.251821,3.251821,1.198858,1.099184
tracking_cdrone3_20260822_110218_815_milestone4,milestone4,1787421780.166955948,target_map,3,6,0,detected,-11.305104,-0.665714,0.087620,-4.670617,0.230861,-0.360499,0.781193,2.497972,6575.000,1,0.167944,0.000000,0.208780,0.391986
tracking_cdrone3_20260822_110218_815_milestone4,milestone4,1787421780.238761425,raw,6,6,0,detected,3.816436,-2.735305,0.441083,59.090771,-8.370059,1.207273,0.815430,16.980669,6575.000,0,0.000000,0.000000,0.000000,0.000000
tracking_cdrone3_20260822_110218_815_milestone4,milestone4,1787421780.267039299,target_map,2,5,2,predicted,-18.164282,-0.846074,-0.334930,-1.623255,-0.087534,-0.148149,0.135434,0.230318,3736.125,1,3.351941,3.351941,1.233900,1.124214
tracking_cdrone3_20260822_110218_815_milestone4,milestone4,1787421780.267039299,target_map,3,6,0,detected,3.873959,-2.748400,0.439214,2.253844,-0.513075,-0.073236,0.810227,16.980669,6575.000,0,0.025522,0.000000,0.158933,0.356381
tracking_cdrone3_20260822_110218_815_milestone4,milestone4,1787421780.366980791,target_map,2,5,2,predicted,-18.326523,-0.854822,-0.349737,-1.623255,-0.087534,-0.148149,0.114547,0.230318,3736.125,1,3.451888,3.451888,1.268881,1.149201
tracking_cdrone3_20260822_110218_815_milestone4,milestone4,1787421780.366980791,target_map,3,6,0,detected,4.099225,-2.799680,0.431895,2.253844,-0.513075,-0.073236,0.789852,16.980669,6575.000,0,0.125469,0.000000,0.193914,0.381367
tracking_cdrone3_20260822_110218_815_milestone4,milestone4,1787421780.467139244,target_map,2,5,2,predicted,-18.489086,-0.863589,-0.364573,-1.623255,-0.087534,-0.148149,0.093618,0.230318,3736.125,1,3.552035,3.552035,1.303933,1.174237
tracking_cdrone3_20260822_110218_815_milestone4,milestone4,1787421780.467139244,target_map,3,6,0,detected,4.324939,-2.851063,0.424560,2.253844,-0.513075,-0.073236,0.769436,16.980669,6575.000,0,0.225616,0.000000,0.228966,0.406404
tracking_cdrone3_20260822_110218_815_milestone4,milestone4,1787421780.478230000,raw,6,6,0,detected,3.978200,-3.192272,0.079221,0.675473,-1.908146,-1.511020,0.815430,17.206989,6575.000,0,0.000000,0.000000,0.000000,0.000000
tracking_cdrone3_20260822_110218_815_milestone4,milestone4,1787421780.567026854,target_map,2,5,2,predicted,-18.651247,-0.872333,-0.379373,-1.623255,-0.087534,-0.148149,0.072740,0.230318,3736.125,1,3.651933,3.651933,1.338897,1.199212
tracking_cdrone3_20260822_110218_815_milestone4,milestone4,1787421780.567026854,target_map,3,6,0,detected,4.089051,-3.294694,0.010105,1.385740,-1.280364,-0.864017,0.799122,17.206989,6575.000,0,0.079994,0.000000,0.177998,0.369999
tracking_cdrone3_20260822_110218_815_milestone4,milestone4,1787421780.666702509,target_map,2,5,2,predicted,-18.813049,-0.881058,-0.394140,-1.623255,-0.087534,-0.148149,0.051909,0.230318,3736.125,1,3.751611,3.751611,1.373784,1.224132
tracking_cdrone3_20260822_110218_815_milestone4,milestone4,1787421780.666702509,target_map,3,6,0,detected,4.227179,-3.422318,-0.076019,1.385740,-1.280364,-0.864017,0.778802,17.206989,6575.000,0,0.179672,0.000000,0.212885,0.394918
tracking_cdrone3_20260822_110218_815_milestone4,milestone4,1787421780.702647209,raw,6,6,0,detected,3.712312,-3.134205,0.318579,-1.184832,0.258758,1.066611,0.815430,16.932674,6575.000,1,0.000000,0.000000,0.000000,0.000000
tracking_cdrone3_20260822_110218_815_milestone4,milestone4,1787421780.767019272,target_map,2,5,2,predicted,-18.975885,-0.889839,-0.409002,-1.623255,-0.087534,-0.148149,0.030945,0.230318,3736.125,1,3.851926,3.851926,1.408895,1.249210
tracking_cdrone3_20260822_110218_815_milestone4,milestone4,1787421780.767019272,target_map,3,6,0,detected,3.710580,-3.160969,0.330783,-0.028074,-0.433847,0.197828,0.802854,16.932674,6575.000,1,0.061690,0.000000,0.171592,0.365423
tracking_cdrone3_20260822_110218_815_milestone4,milestone4,1787421780.866853952,target_map,2,5,2,predicted,-19.137924,-0.898577,-0.423791,-1.623255,-0.087534,-0.148149,0.010084,0.230318,3736.125,1,3.951750,3.951750,1.443833,1.274166
tracking_cdrone3_20260822_110218_815_milestone4,milestone4,1787421780.866853952,target_map,3,6,0,detected,3.707778,-3.204277,0.350531,-0.028074,-0.433847,0.197828,0.782504,16.932674,6575.000,1,0.161514,0.000000,0.206530,0.390378
tracking_cdrone3_20260822_110218_815_milestone4,milestone4,1787421780.967112064,target_map,2,5,2,predicted,-19.300671,-0.907353,-0.438644,-1.623255,-0.087534,-0.148149,0.000000,0.230318,3736.125,1,4.052008,4.052008,1.478923,1.299231
tracking_cdrone3_20260822_110218_815_milestone4,milestone4,1787421780.967112064,target_map,3,6,2,predicted,3.704963,-3.247774,0.370365,-0.028074,-0.433847,0.197828,0.762065,16.932674,6575.000,1,0.261772,0.261772,0.241620,0.415443
tracking_cdrone3_20260822_110218_815_milestone4,milestone4,1787421780.971132278,raw,6,6,0,detected,3.903726,-3.542003,0.171325,0.712986,-1.518983,-0.548497,0.815430,17.188164,6575.000,0,0.000000,0.000000,0.000000,0.000000
tracking_cdrone3_20260822_110218_815_milestone4,milestone4,1787421781.066892862,target_map,2,5,2,predicted,-19.462654,-0.916088,-0.453428,-1.623255,-0.087534,-0.148149,0.000000,0.230318,3736.125,1,4.151798,4.151798,1.513849,1.324178
tracking_cdrone3_20260822_110218_815_milestone4,milestone4,1787421781.066892862,target_map,3,6,0,detected,3.938984,-3.637756,0.151569,0.379509,-1.030671,-0.212651,0.796491,17.188164,6575.000,0,0.092903,0.000000,0.182516,0.373226
tracking_cdrone3_20260822_110218_815_milestone4,milestone4,1787421781.166846275,target_map,2,5,2,predicted,-19.624893,-0.924837,-0.468235,-1.623255,-0.087534,-0.148149,0.000000,0.230318,3736.125,1,4.251745,4.251745,1.548831,1.349165
tracking_cdrone3_20260822_110218_815_milestone4,milestone4,1787421781.166846275,target_map,3,6,0,detected,3.976914,-3.740768,0.130315,0.379509,-1.030671,-0.212651,0.776116,17.188164,6575.000,0,0.192850,0.000000,0.217498,0.398213
tracking_cdrone3_20260822_110218_815_milestone4,milestone4,1787421781.191348553,raw,6,6,0,detected,4.617598,-3.866799,0.539298,3.241580,-1.474846,1.670907,0.815430,17.956316,6575.000,0,0.000000,0.000000,0.000000,0.000000
tracking_cdrone3_20260822_110218_815_milestone4,milestone4,1787421781.266881704,target_map,2,5,2,predicted,-19.787281,-0.933594,-0.483056,-1.623255,-0.087534,-0.148149,0.000000,0.230318,3736.125,1,4.351783,4.351783,1.583844,1.374175
tracking_cdrone3_20260822_110218_815_milestone4,milestone4,1787421781.266881704,target_map,3,6,0,detected,4.759796,-3.959598,0.599223,1.953648,-1.274967,0.823306,0.800592,17.956316,6575.000,0,0.072786,0.000000,0.175475,0.368196
tracking_cdrone3_20260822_110218_815_milestone4,milestone4,1787421781.367049217,target_map,2,5,2,predicted,-19.949881,-0.942362,-0.497895,-1.623255,-0.087534,-0.148149,0.000000,0.230318,3736.125,1,4.451952,4.451952,1.618903,1.399217
tracking_cdrone3_20260822_110218_815_milestone4,milestone4,1787421781.367049217,target_map,3,6,0,detected,4.955490,-4.087309,0.681692,1.953648,-1.274967,0.823306,0.780172,17.956316,6575.000,0,0.172954,0.000000,0.210534,0.393239
tracking_cdrone3_20260822_110218_815_milestone4,milestone4,1787421781.451809406,raw,6,6,0,detected,5.268955,-4.243961,0.257668,2.500619,-1.447963,-1.081203,0.815430,18.674475,6575.000,0,0.000000,0.000000,0.000000,0.000000
tracking_cdrone3_20260822_110218_815_milestone4,milestone4,1787421781.467377901,target_map,2,5,2,predicted,-20.112741,-0.951144,-0.512759,-1.623255,-0.087534,-0.148149,0.000000,0.230318,3736.125,1,4.552281,4.552281,1.654019,1.424299
tracking_cdrone3_20260822_110218_815_milestone4,milestone4,1787421781.467377901,target_map,3,6,0,detected,5.291423,-4.257616,0.255434,2.254482,-1.370115,-0.224174,0.813398,18.674475,6575.000,0,0.009966,0.000000,0.153488,0.352492
tracking_cdrone3_20260822_110218_815_milestone4,milestone4,1787421781.567009211,target_map,2,5,2,predicted,-20.274473,-0.959866,-0.527520,-1.623255,-0.087534,-0.148149,0.000000,0.230318,3736.125,1,4.651917,4.651917,1.688891,1.449208
tracking_cdrone3_20260822_110218_815_milestone4,milestone4,1787421781.567009211,target_map,3,6,0,detected,5.516048,-4.394127,0.233098,2.254482,-1.370115,-0.224174,0.793087,18.674475,6575.000,0,0.109601,0.000000,0.188360,0.377400
tracking_cdrone3_20260822_110218_815_milestone4,milestone4,1787421781.667132139,target_map,2,5,2,predicted,-20.436983,-0.968629,-0.542352,-1.623255,-0.087534,-0.148149,0.000000,0.230318,3736.125,1,4.752029,4.752029,1.723931,1.474236
tracking_cdrone3_20260822_110218_815_milestone4,milestone4,1787421781.667132139,target_map,3,6,0,detected,5.741752,-4.531294,0.210655,2.254482,-1.370115,-0.224174,0.772678,18.674475,6575.000,0,0.209714,0.000000,0.223400,0.402429
tracking_cdrone3_20260822_110218_815_milestone4,milestone4,1787421781.713620424,raw,6,6,0,detected,4.345583,-4.233643,0.184903,-3.527048,0.039416,-0.277944,0.815430,17.774035,6575.000,1,0.000000,0.000000,0.000000,0.000000
tracking_cdrone3_20260822_110218_815_milestone4,milestone4,1787421781.767067432,target_map,2,5,2,predicted,-20.599201,-0.977376,-0.557157,-1.623255,-0.087534,-0.148149,0.000000,0.230318,3736.125,1,4.851964,4.851964,1.758908,1.499220
tracking_cdrone3_20260822_110218_815_milestone4,milestone4,1787421781.767067432,target_map,3,6,0,detected,4.299064,-4.263548,0.172146,-0.925359,-0.594873,-0.253747,0.805181,17.774035,6575.000,1,0.050272,0.000000,0.167595,0.362568
tracking_cdrone3_20260822_110218_815_milestone4,milestone4,1787421781.866800785,target_map,2,5,2,predicted,-20.761120,-0.986108,-0.571935,-1.623255,-0.087534,-0.148149,0.000000,0.230318,3736.125,1,4.951713,4.951713,1.793820,1.524157
tracking_cdrone3_20260822_110218_815_milestone4,milestone4,1787421781.866800785,target_map,3,6,0,detected,4.206761,-4.322886,0.146836,-0.925359,-0.594873,-0.253747,0.784847,17.774035,6575.000,1,0.150020,0.000000,0.202507,0.387505
tracking_cdrone3_20260822_110218_815_milestone4,milestone4,1787421781.966824532,target_map,3,6,2,predicted,4.114214,-4.382380,0.121458,-0.925359,-0.594873,-0.253747,0.764459,17.774035,6575.000,1,0.250032,0.250032,0.237511,0.412508
tracking_cdrone3_20260822_110218_815_milestone4,milestone4,1787421781.983812809,raw,6,6,0,detected,4.134854,-4.381657,0.212050,-0.779811,-0.547729,0.100460,0.815430,17.608387,6575.000,1,0.000000,0.000000,0.000000,0.000000
tracking_cdrone3_20260822_110218_815_milestone4,milestone4,1787421782.067369223,target_map,3,6,0,detected,4.066845,-4.427431,0.207309,-0.845308,-0.568944,-0.058933,0.799029,17.608387,6575.000,1,0.080454,0.000000,0.178159,0.370114
tracking_cdrone3_20260822_110218_815_milestone4,milestone4,1787421782.166976929,target_map,3,6,0,detected,3.982652,-4.484098,0.201439,-0.845308,-0.568944,-0.058933,0.778724,17.608387,6575.000,1,0.180055,0.000000,0.213019,0.395014
tracking_cdrone3_20260822_110218_815_milestone4,milestone4,1787421782.267094135,target_map,3,6,2,predicted,3.897996,-4.541076,0.195537,-0.845308,-0.568944,-0.058933,0.758308,17.608387,6575.000,1,0.280203,0.280203,0.248071,0.420051
tracking_cdrone3_20260822_110218_815_milestone4,milestone4,1787421782.268252373,raw,6,6,0,detected,4.190423,-4.583049,0.417761,0.195389,-0.708128,0.723308,0.815430,17.730383,6575.000,0,0.000000,0.000000,0.000000,0.000000
tracking_cdrone3_20260822_110218_815_milestone4,milestone4,1787421782.366821766,target_map,3,6,0,detected,4.169765,-4.631905,0.445863,-0.272925,-0.645495,0.371299,0.800000,17.730383,6575.000,0,0.075688,0.000000,0.176491,0.368922
tracking_cdrone3_20260822_110218_815_milestone4,milestone4,1787421782.467098951,target_map,3,6,0,detected,4.142398,-4.696632,0.483095,-0.272925,-0.645495,0.371299,0.779558,17.730383,6575.000,0,0.175962,0.000000,0.211587,0.393991
tracking_cdrone3_20260822_110218_815_milestone4,milestone4,1787421782.567231178,target_map,3,6,2,predicted,4.115067,-4.761271,0.520277,-0.272925,-0.645495,0.371299,0.759144,17.730383,6575.000,0,0.276102,0.276102,0.246636,0.419025
tracking_cdrone3_20260822_110218_815_milestone4,milestone4,1787421782.667239428,target_map,3,6,2,predicted,4.087778,-4.825814,0.557403,-0.272925,-0.645495,0.371299,0.738761,17.730383,6575.000,0,0.376091,0.376091,0.281632,0.444023
tracking_cdrone3_20260822_110218_815_milestone4,milestone4,1787421782.766950607,target_map,3,6,2,predicted,4.060565,-4.890177,0.594425,-0.272925,-0.645495,0.371299,0.718434,17.730383,6575.000,0,0.475802,0.475802,0.316531,0.468950
tracking_cdrone3_20260822_110218_815_milestone4,milestone4,1787421782.867043495,target_map,3,6,2,predicted,4.033243,-4.954796,0.631595,-0.272925,-0.645495,0.371299,0.698026,17.730383,6575.000,0,0.575909,0.575909,0.351568,0.493977
tracking_cdrone3_20260822_110218_815_milestone4,milestone4,1787421782.967069387,target_map,3,6,2,predicted,4.005942,-5.019364,0.668736,-0.272925,-0.645495,0.371299,0.677635,17.730383,6575.000,0,0.675938,0.675938,0.386578,0.518984
tracking_cdrone3_20260822_110218_815_milestone4,milestone4,1787421783.066883087,target_map,3,6,2,predicted,3.978700,-5.083795,0.705798,-0.272925,-0.645495,0.371299,0.657286,17.730383,6575.000,0,0.775754,0.775754,0.421514,0.543939
tracking_cdrone3_20260822_110218_815_milestone4,milestone4,1787421783.166929722,target_map,3,6,2,predicted,3.951401,-5.148362,0.742937,-0.272925,-0.645495,0.371299,0.636895,17.730383,6575.000,0,0.875781,0.875781,0.456523,0.568945
tracking_cdrone3_20260822_110218_815_milestone4,milestone4,1787421783.266721964,target_map,3,6,2,predicted,3.924158,-5.212792,0.779999,-0.272925,-0.645495,0.371299,0.616547,17.730383,6575.000,0,0.975596,0.975596,0.491459,0.593899
tracking_cdrone3_20260822_110218_815_milestone4,milestone4,1787421783.367080688,target_map,3,6,2,predicted,3.896771,-5.277566,0.817258,-0.272925,-0.645495,0.371299,0.596090,17.730383,6575.000,0,1.075944,1.075944,0.526580,0.618986
tracking_cdrone3_20260822_110218_815_milestone4,milestone4,1787421783.466886520,target_map,3,6,2,predicted,3.869531,-5.341992,0.854317,-0.272925,-0.645495,0.371299,0.575744,17.730383,6575.000,0,1.175753,1.175753,0.561513,0.643938
tracking_cdrone3_20260822_110218_815_milestone4,milestone4,1787421783.566921234,target_map,3,6,2,predicted,3.842235,-5.406550,0.891452,-0.272925,-0.645495,0.371299,0.555355,17.730383,6575.000,0,1.275767,1.275767,0.596518,0.668942
tracking_cdrone3_20260822_110218_815_milestone4,milestone4,1787421783.667188168,target_map,3,6,2,predicted,3.814867,-5.471276,0.928683,-0.272925,-0.645495,0.371299,0.534914,17.730383,6575.000,0,1.376040,1.376040,0.631614,0.694010
tracking_cdrone3_20260822_110218_815_milestone4,milestone4,1787421783.767258644,target_map,3,6,2,predicted,3.787553,-5.535878,0.965843,-0.272925,-0.645495,0.371299,0.514511,17.730383,6575.000,0,1.476121,1.476121,0.666642,0.719030
tracking_cdrone3_20260822_110218_815_milestone4,milestone4,1787421783.866840363,target_map,3,6,2,predicted,3.760373,-5.600162,1.002820,-0.272925,-0.645495,0.371299,0.494210,17.730383,6575.000,0,1.575709,1.575709,0.701498,0.743927
tracking_cdrone3_20260822_110218_815_milestone4,milestone4,1787421783.966842175,target_map,3,6,2,predicted,3.733080,-5.664712,1.039951,-0.272925,-0.645495,0.371299,0.473824,17.730383,6575.000,0,1.675710,1.675710,0.736499,0.768928
tracking_cdrone3_20260822_110218_815_milestone4,milestone4,1787421784.066751719,target_map,3,6,2,predicted,3.705809,-5.729211,1.077052,-0.272925,-0.645495,0.371299,0.453454,17.730383,6575.000,0,1.775632,1.775632,0.771471,0.793908
tracking_cdrone3_20260822_110218_815_milestone4,milestone4,1787421784.167052746,target_map,3,6,2,predicted,3.678439,-5.793945,1.114288,-0.272925,-0.645495,0.371299,0.433010,17.730383,6575.000,0,1.875918,1.875918,0.806571,0.818980
tracking_cdrone3_20260822_110218_815_milestone4,milestone4,1787421784.267036200,target_map,3,6,2,predicted,3.651150,-5.858485,1.151412,-0.272925,-0.645495,0.371299,0.412627,17.730383,6575.000,0,1.975903,1.975903,0.841566,0.843976
tracking_cdrone3_20260822_110218_815_milestone4,milestone4,1787421784.367204905,target_map,3,6,2,predicted,3.623811,-5.923144,1.188605,-0.272925,-0.645495,0.371299,0.392207,17.730383,6575.000,0,2.076072,2.076072,0.876625,0.869018
tracking_cdrone3_20260822_110218_815_milestone4,milestone4,1787421784.466946363,target_map,3,6,2,predicted,3.596600,-5.987502,1.225625,-0.272925,-0.645495,0.371299,0.371882,17.730383,6575.000,0,2.175776,2.175776,0.911521,0.893944
tracking_cdrone3_20260822_110218_815_milestone4,milestone4,1787421784.566703081,target_map,3,6,2,predicted,3.569360,-6.051929,1.262684,-0.272925,-0.645495,0.371299,0.351535,17.730383,6575.000,0,2.275585,2.275585,0.946455,0.918896
tracking_cdrone3_20260822_110218_815_milestone4,milestone4,1787421784.667134285,target_map,3,6,2,predicted,3.541956,-6.116741,1.299965,-0.272925,-0.645495,0.371299,0.331066,17.730383,6575.000,0,2.375993,2.375993,0.981598,0.943998
tracking_cdrone3_20260822_110218_815_milestone4,milestone4,1787421784.767398834,target_map,3,6,2,predicted,3.514589,-6.181467,1.337196,-0.272925,-0.645495,0.371299,0.310625,17.730383,6575.000,0,2.476266,2.476266,1.016693,0.969066
tracking_cdrone3_20260822_110218_815_milestone4,milestone4,1787421784.867149591,target_map,3,6,2,predicted,3.487365,-6.245854,1.374233,-0.272925,-0.645495,0.371299,0.290290,17.730383,6575.000,0,2.576014,2.576014,1.051605,0.994004
tracking_cdrone3_20260822_110218_815_milestone4,milestone4,1787421784.966976643,target_map,3,6,2,predicted,3.460131,-6.310265,1.411283,-0.272925,-0.645495,0.371299,0.269948,17.730383,6575.000,0,2.675799,2.675799,1.086530,1.018950
tracking_cdrone3_20260822_110218_815_milestone4,milestone4,1787421785.068804741,target_map,3,6,2,predicted,3.432328,-6.376023,1.449108,-0.272925,-0.645495,0.371299,0.249181,17.730383,6575.000,0,2.777672,2.777672,1.122185,1.044418
tracking_cdrone3_20260822_110218_815_milestone4,milestone4,1787421785.167046785,target_map,3,6,2,predicted,3.405521,-6.439423,1.485577,-0.272925,-0.645495,0.371299,0.229158,17.730383,6575.000,0,2.875891,2.875891,1.156562,1.068973
tracking_cdrone3_20260822_110218_815_milestone4,milestone4,1787421785.266769409,target_map,3,6,2,predicted,3.378296,-6.503813,1.522615,-0.272925,-0.645495,0.371299,0.208823,17.730383,6575.000,0,2.975644,2.975644,1.191475,1.093911
tracking_cdrone3_20260822_110218_815_milestone4,milestone4,1787421785.366843700,target_map,3,6,2,predicted,3.350986,-6.568406,1.559770,-0.272925,-0.645495,0.371299,0.188423,17.730383,6575.000,0,3.075712,3.075712,1.226499,1.118928
tracking_cdrone3_20260822_110218_815_milestone4,milestone4,1787421785.467229605,target_map,3,6,2,predicted,3.323593,-6.633193,1.597037,-0.272925,-0.645495,0.371299,0.167962,17.730383,6575.000,0,3.176079,3.176079,1.261628,1.144020
tracking_cdrone3_20260822_110218_815_milestone4,milestone4,1787421785.566957474,target_map,3,6,2,predicted,3.296369,-6.697581,1.634073,-0.272925,-0.645495,0.371299,0.147628,17.730383,6575.000,0,3.275828,3.275828,1.296540,1.168957
tracking_cdrone3_20260822_110218_815_milestone4,milestone4,1787421785.667330027,target_map,3,6,2,predicted,3.268979,-6.762361,1.671336,-0.272925,-0.645495,0.371299,0.127169,17.730383,6575.000,0,3.376186,3.376186,1.331665,1.194046
tracking_cdrone3_20260822_110218_815_milestone4,milestone4,1787421785.767530918,target_map,3,6,2,predicted,3.241632,-6.827037,1.708539,-0.272925,-0.645495,0.371299,0.106743,17.730383,6575.000,0,3.476383,3.476383,1.366734,1.219096
tracking_cdrone3_20260822_110218_815_milestone4,milestone4,1787421785.867088795,target_map,3,6,2,predicted,3.214456,-6.891313,1.745512,-0.272925,-0.645495,0.371299,0.086444,17.730383,6575.000,0,3.575959,3.575959,1.401586,1.243990
tracking_cdrone3_20260822_110218_815_milestone4,milestone4,1787421785.967565298,target_map,3,6,2,predicted,3.187035,-6.956166,1.782816,-0.272925,-0.645495,0.371299,0.065962,17.730383,6575.000,0,3.676429,3.676429,1.436750,1.269107
tracking_cdrone3_20260822_110218_815_milestone4,milestone4,1787421786.067013502,target_map,3,6,2,predicted,3.159892,-7.020363,1.819743,-0.272925,-0.645495,0.371299,0.045688,17.730383,6575.000,0,3.775882,3.775882,1.471559,1.293971
tracking_cdrone3_20260822_110218_815_milestone4,milestone4,1787421786.166849375,target_map,3,6,2,predicted,3.132645,-7.084804,1.856811,-0.272925,-0.645495,0.371299,0.025337,17.730383,6575.000,0,3.875714,3.875714,1.506500,1.318929
tracking_cdrone3_20260822_110218_815_milestone4,milestone4,1787421786.267080307,target_map,3,6,2,predicted,3.105288,-7.149507,1.894029,-0.272925,-0.645495,0.371299,0.004902,17.730383,6575.000,0,3.975952,3.975952,1.541583,1.343988
tracking_cdrone3_20260822_110218_815_milestone4,milestone4,1787421786.366753101,target_map,3,6,2,predicted,3.078085,-7.213844,1.931037,-0.272925,-0.645495,0.371299,0.000000,17.730383,6575.000,0,4.075624,4.075624,1.576468,1.368906
tracking_cdrone3_20260822_110218_815_milestone4,milestone4,1787421786.468532562,target_map,3,6,2,predicted,3.050308,-7.279541,1.968826,-0.272925,-0.645495,0.371299,0.000000,17.730383,6575.000,0,4.177400,4.177400,1.612090,1.394350
tracking_cdrone3_20260822_110218_815_milestone4,milestone4,1787421786.566928864,target_map,3,6,2,predicted,3.023461,-7.343036,2.005350,-0.272925,-0.645495,0.371299,0.000000,17.730383,6575.000,0,4.275767,4.275767,1.646518,1.418942
tracking_cdrone3_20260822_110218_815_milestone4,milestone4,1787421786.667117834,target_map,3,6,2,predicted,2.996111,-7.407722,2.042558,-0.272925,-0.645495,0.371299,0.000000,17.730383,6575.000,0,4.375978,4.375978,1.681592,1.443995
tracking_cdrone3_20260822_110218_815_milestone4,milestone4,1787421786.767375469,target_map,3,6,2,predicted,2.968748,-7.472439,2.079785,-0.272925,-0.645495,0.371299,0.000000,17.730383,6575.000,0,4.476237,4.476237,1.716683,1.469059
tracking_cdrone3_20260822_110218_815_milestone4,milestone4,1787421786.867236376,target_map,3,6,2,predicted,2.941497,-7.536891,2.116858,-0.272925,-0.645495,0.371299,0.000000,17.730383,6575.000,0,4.576086,4.576086,1.751630,1.494022
tracking_cdrone3_20260822_110218_815_milestone4,milestone4,1787421786.966756582,target_map,3,6,2,predicted,2.914327,-7.601148,2.153820,-0.272925,-0.645495,0.371299,0.000000,17.730383,6575.000,0,4.675634,4.675634,1.786472,1.518909
tracking_cdrone3_20260822_110218_815_milestone4,milestone4,1787421787.067050695,target_map,3,6,2,predicted,2.886957,-7.665882,2.191056,-0.272925,-0.645495,0.371299,0.000000,17.730383,6575.000,0,4.775919,4.775919,1.821572,1.543980
tracking_cdrone3_20260822_110218_815_milestone4,milestone4,1787421787.171442986,target_map,3,6,2,predicted,2.858464,-7.733271,2.229819,-0.272925,-0.645495,0.371299,0.000000,17.730383,6575.000,0,4.880318,4.880318,1.858111,1.570079
tracking_cdrone3_20260822_110218_815_milestone4,milestone4,1787421787.267105103,target_map,3,6,2,predicted,2.832357,-7.795018,2.265337,-0.272925,-0.645495,0.371299,0.000000,17.730383,6575.000,0,4.975976,4.975976,1.891592,1.593994
tracking_cdrone3_20260822_110218_815_milestone4,milestone4,1787421790.843513489,raw,8,8,0,detected,5.152065,-2.519759,0.421159,0.000000,0.000000,0.000000,0.580566,18.373207,313.500,0,0.000000,0.000000,0.000000,0.000000
tracking_cdrone3_20260822_110218_815_milestone4,milestone4,1787421790.866761208,target_map,4,8,0,detected,5.152065,-2.519759,0.421159,0.000000,0.000000,0.000000,0.577543,18.373207,313.500,0,0.020829,0.000000,0.157290,0.355207
tracking_cdrone3_20260822_110218_815_milestone4,milestone4,1787421790.967063189,target_map,4,8,0,detected,5.152065,-2.519759,0.421159,0.000000,0.000000,0.000000,0.562986,18.373207,313.500,0,0.121124,0.000000,0.192393,0.380281
tracking_cdrone3_20260822_110218_815_milestone4,milestone4,1787421791.067169428,target_map,4,8,0,detected,5.152065,-2.519759,0.421159,0.000000,0.000000,0.000000,0.548457,18.373207,313.500,0,0.221225,0.000000,0.227429,0.405306
tracking_cdrone3_20260822_110218_815_milestone4,milestone4,1787421791.073692083,raw,8,8,0,detected,5.361764,-2.301744,0.443379,0.910975,0.947105,0.096531,0.625977,18.553379,400.000,0,0.000000,0.000000,0.000000,0.000000
tracking_cdrone3_20260822_110218_815_milestone4,milestone4,1787421791.166943550,target_map,4,8,0,detected,5.403436,-2.258419,0.447795,0.501037,0.520908,0.053092,0.612961,18.553379,400.000,0,0.083172,0.000000,0.179110,0.370793
tracking_cdrone3_20260822_110218_815_milestone4,milestone4,1787421791.266947746,target_map,4,8,0,detected,5.453545,-2.206323,0.453105,0.501037,0.520908,0.053092,0.597310,18.553379,400.000,0,0.183181,0.000000,0.214113,0.395795
tracking_cdrone3_20260822_110218_815_milestone4,milestone4,1787421791.305998087,raw,8,8,0,detected,5.259217,-2.106591,0.121172,-0.441471,0.840144,-1.387126,0.541016,18.425323,292.500,1,0.000000,0.000000,0.000000,0.000000
tracking_cdrone3_20260822_110218_815_milestone4,milestone4,1787421791.367009401,target_map,4,8,0,detected,5.258331,-2.071007,0.083414,-0.017342,0.696488,-0.739028,0.534105,18.425323,292.500,1,0.051091,0.000000,0.167882,0.362773
tracking_cdrone3_20260822_110218_815_milestone4,milestone4,1787421791.467109203,target_map,4,8,0,detected,5.256596,-2.001299,0.009448,-0.017342,0.696488,-0.739028,0.520568,18.425323,292.500,1,0.151177,0.000000,0.202912,0.387794
tracking_cdrone3_20260822_110218_815_milestone4,milestone4,1787421791.553196192,raw,8,8,0,detected,5.474999,-2.047056,0.606705,0.872896,0.240837,1.964110,0.534180,18.633728,379.250,0,0.000000,0.000000,0.000000,0.000000
tracking_cdrone3_20260822_110218_815_milestone4,milestone4,1787421791.567973137,target_map,4,8,0,detected,5.480568,-2.041798,0.615521,0.472289,0.445880,0.747698,0.532605,18.633728,379.250,0,0.011792,0.000000,0.154127,0.352948
tracking_cdrone3_20260822_110218_815_milestone4,milestone4,1787421791.666863203,target_map,4,8,0,detected,5.527298,-1.997681,0.689502,0.472289,0.445880,0.747698,0.519391,18.633728,379.250,0,0.110736,0.000000,0.188758,0.377684
tracking_cdrone3_20260822_110218_815_milestone4,milestone4,1787421791.767102957,target_map,4,8,0,detected,5.574636,-1.952990,0.764444,0.472289,0.445880,0.747698,0.506006,18.633728,379.250,0,0.210967,0.000000,0.223838,0.402742
tracking_cdrone3_20260822_110218_815_milestone4,milestone4,1787421791.767980337,raw,8,8,0,detected,-13.040358,-0.243960,0.103673,-86.200562,8.394538,-2.341925,0.534180,0.018284,379.250,1,0.000000,0.000000,0.000000,0.000000
tracking_cdrone3_20260822_110218_815_milestone4,milestone4,1787421791.866873264,target_map,4,8,0,detected,-13.403543,-0.189291,0.122641,-4.165153,0.626961,0.217530,0.522535,0.018284,379.250,1,0.087196,0.000000,0.180519,0.371799
tracking_cdrone3_20260822_110218_815_milestone4,milestone4,1787421791.967198610,target_map,4,8,0,detected,-13.821327,-0.126404,0.144460,-4.165153,0.626961,0.217530,0.509140,0.018284,379.250,1,0.187501,0.000000,0.215625,0.396875
tracking_cdrone3_20260822_110218_815_milestone4,milestone4,1787421792.030594110,raw,8,8,0,detected,-13.030456,-0.241149,0.103645,0.037710,0.010705,-0.000107,0.534180,0.019187,379.250,0,0.000000,0.000000,0.000000,0.000000
tracking_cdrone3_20260822_110218_815_milestone4,milestone4,1787421792.067031145,target_map,4,8,0,detected,-13.092809,-0.231460,0.106936,-1.853579,0.288020,0.097829,0.529687,0.019187,379.250,0,0.033639,0.000000,0.161774,0.358410
tracking_cdrone3_20260822_110218_815_milestone4,milestone4,1787421792.166852236,target_map,4,8,0,detected,-13.277836,-0.202709,0.116702,-1.853579,0.288020,0.097829,0.516357,0.019187,379.250,0,0.133461,0.000000,0.196711,0.383365
tracking_cdrone3_20260822_110218_815_milestone4,milestone4,1787421792.267055273,target_map,4,8,0,detected,-13.463468,-0.173865,0.126499,-1.853579,0.288020,0.097829,0.502982,0.019187,379.250,0,0.233608,0.000000,0.231763,0.408402
tracking_cdrone3_20260822_110218_815_milestone4,milestone4,1787421792.296239853,raw,8,8,0,detected,-13.026527,-0.240743,0.103834,0.014785,0.001526,0.000712,0.534180,0.019633,379.250,0,0.000000,0.000000,0.000000,0.000000
tracking_cdrone3_20260822_110218_815_milestone4,milestone4,1787421792.367092133,target_map,4,8,0,detected,-13.082308,-0.231934,0.106834,-0.825979,0.130449,0.044415,0.525161,0.019633,379.250,0,0.067532,0.000000,0.173636,0.366883
tracking_cdrone3_20260822_110218_815_milestone4,milestone4,1787421792.467321157,target_map,4,8,0,detected,-13.165077,-0.218862,0.111285,-0.825979,0.130449,0.044415,0.511779,0.019633,379.250,0,0.167740,0.000000,0.208709,0.391935
tracking_cdrone3_20260822_110218_815_milestone4,milestone4,1787421792.564491987,raw,8,8,0,detected,-13.019818,-0.239589,0.107650,0.025012,0.004303,0.014227,0.534180,0.019534,379.250,0,0.000000,0.000000,0.000000,0.000000
tracking_cdrone3_20260822_110218_815_milestone4,milestone4,1787421792.568284750,target_map,4,8,0,detected,-13.020191,-0.239526,0.107679,-0.357934,0.061068,0.027811,0.534040,0.019534,379.250,0,0.001043,0.000000,0.150365,0.350261
tracking_cdrone3_20260822_110218_815_milestone4,milestone4,1787421792.666838408,target_map,4,8,0,detected,-13.055460,-0.233508,0.110420,-0.357934,0.061068,0.027811,0.520882,0.019534,379.250,0,0.099576,0.000000,0.184852,0.374894
tracking_cdrone3_20260822_110218_815_milestone4,milestone4,1787421792.767038584,target_map,4,8,0,detected,-13.091321,-0.227390,0.113206,-0.357934,0.061068,0.027811,0.507502,0.019534,379.250,0,0.199766,0.000000,0.219918,0.399941
tracking_cdrone3_20260822_110218_815_milestone4,milestone4,1787421792.823632717,raw,8,8,0,detected,-13.004244,-0.246560,0.109654,0.060099,-0.026898,0.007730,0.534180,0.019682,379.250,0,0.000000,0.000000,0.000000,0.000000
tracking_cdrone3_20260822_110218_815_milestone4,milestone4,1787421792.867201328,target_map,4,8,0,detected,-13.008796,-0.246109,0.110250,-0.128015,0.012687,0.016766,0.529432,0.019682,379.250,0,0.035555,0.000000,0.162444,0.358889
tracking_cdrone3_20260822_110218_815_milestone4,milestone4,1787421792.967015266,target_map,4,8,0,detected,-13.021572,-0.244842,0.111923,-0.128015,0.012687,0.016766,0.516103,0.019682,379.250,0,0.135360,0.000000,0.197376,0.383840
tracking_cdrone3_20260822_110218_815_milestone4,milestone4,1787421793.067058802,target_map,4,8,0,detected,-13.034378,-0.243573,0.113600,-0.128015,0.012687,0.016766,0.502744,0.019682,379.250,0,0.235394,0.000000,0.232388,0.408849
tracking_cdrone3_20260822_110218_815_milestone4,milestone4,1787421793.167044640,target_map,4,8,2,predicted,-13.047178,-0.242305,0.115277,-0.128015,0.012687,0.016766,0.489391,0.019682,379.250,0,0.335385,0.335385,0.267385,0.433846
tracking_cdrone3_20260822_110218_815_milestone4,milestone4,1787421793.267185450,target_map,4,8,2,predicted,-13.059997,-0.241034,0.116956,-0.128015,0.012687,0.016766,0.476019,0.019682,379.250,0,0.435513,0.435513,0.302430,0.458878
tracking_cdrone3_20260822_110218_815_milestone4,milestone4,1787421793.367064476,target_map,4,8,2,predicted,-13.072783,-0.239767,0.118630,-0.128015,0.012687,0.016766,0.462680,0.019682,379.250,0,0.535398,0.535398,0.337389,0.483849
tracking_cdrone3_20260822_110218_815_milestone4,milestone4,1787421793.466858864,target_map,4,8,2,predicted,-13.085559,-0.238501,0.120304,-0.128015,0.012687,0.016766,0.449353,0.019682,379.250,0,0.635196,0.635196,0.372319,0.508799
tracking_cdrone3_20260822_110218_815_milestone4,milestone4,1787421793.567062378,target_map,4,8,2,predicted,-13.098385,-0.237230,0.121983,-0.128015,0.012687,0.016766,0.435973,0.019682,379.250,0,0.735385,0.735385,0.407385,0.533846
tracking_cdrone3_20260822_110218_815_milestone4,milestone4,1787421793.570945740,raw,8,8,0,detected,-12.987744,-0.251101,0.104634,0.000000,0.000000,0.000000,0.421631,0.019119,505.250,0,0.000000,0.000000,0.000000,0.000000
tracking_cdrone3_20260822_110218_815_milestone4,milestone4,1787421793.667000294,target_map,4,8,0,detected,-12.985481,-0.251519,0.104146,0.024986,-0.004622,-0.005384,0.412084,0.019119,505.250,0,0.090575,0.000000,0.181701,0.372644
tracking_cdrone3_20260822_110218_815_milestone4,milestone4,1787421793.767006636,target_map,4,8,0,detected,-12.982985,-0.251981,0.103608,0.024986,-0.004622,-0.005384,0.401552,0.019119,505.250,0,0.190491,0.000000,0.216672,0.397623
tracking_cdrone3_20260822_110218_815_milestone4,milestone4,1787421793.838999748,raw,8,8,0,detected,-12.982131,-0.262119,0.100595,0.020944,-0.041112,-0.015068,0.421631,0.019577,505.250,0,0.000000,0.000000,0.000000,0.000000
tracking_cdrone3_20260822_110218_815_milestone4,milestone4,1787421793.866990566,target_map,4,8,0,detected,-12.981571,-0.262727,0.100332,0.022763,-0.024692,-0.010710,0.419039,0.019577,505.250,0,0.024592,0.000000,0.158607,0.356148
tracking_cdrone3_20260822_110218_815_milestone4,milestone4,1787421793.967173815,target_map,4,8,0,detected,-12.979291,-0.265200,0.099259,0.022763,-0.024692,-0.010710,0.408479,0.019577,505.250,0,0.124774,0.000000,0.193671,0.381193
tracking_cdrone3_20260822_110218_815_milestone4,milestone4,1787421794.067235231,target_map,4,8,0,detected,-12.977014,-0.267670,0.098188,0.022763,-0.024692,-0.010710,0.397934,0.019577,505.250,0,0.224809,0.000000,0.228683,0.406202
tracking_cdrone3_20260822_110218_815_milestone4,milestone4,1787421794.082714558,raw,8,8,1,held,-12.979983,-0.260026,0.092079,0.008811,0.008589,-0.034942,0.421631,0.019995,505.250,0,0.243723,0.243723,0.000000,0.000000
tracking_cdrone3_20260822_110218_815_milestone4,milestone4,1787421794.167083740,target_map,4,8,1,held,-12.978784,-0.260534,0.090168,0.015090,-0.006387,-0.024038,0.387561,0.019995,505.250,0,0.323222,0.000000,0.177825,0.369875
tracking_cdrone3_20260822_110218_815_milestone4,milestone4,1787421794.266971827,target_map,4,8,1,held,-12.977277,-0.261172,0.087768,0.015090,-0.006387,-0.024038,0.377035,0.019995,505.250,0,0.423079,0.000000,0.212775,0.394839
tracking_cdrone3_20260822_110218_815_milestone4,milestone4,1787421794.348627090,raw,8,8,0,detected,-12.979754,-0.249042,0.095256,0.000859,0.041308,0.011947,0.412842,0.020181,316.625,0,0.000000,0.000000,0.000000,0.000000
tracking_cdrone3_20260822_110218_815_milestone4,milestone4,1787421794.366943359,target_map,4,8,0,detected,-12.979645,-0.248743,0.095192,0.007263,0.019845,-0.004246,0.411290,0.020181,316.625,0,0.015036,0.000000,0.155263,0.353759
tracking_cdrone3_20260822_110218_815_milestone4,milestone4,1787421794.467448711,target_map,4,8,0,detected,-12.978915,-0.246748,0.094765,0.007263,0.019845,-0.004246,0.400915,0.020181,316.625,0,0.115561,0.000000,0.190446,0.378890
tracking_cdrone3_20260822_110218_815_milestone4,milestone4,1787421794.567151785,target_map,4,8,0,detected,-12.978191,-0.244770,0.094342,0.007263,0.019845,-0.004246,0.390625,0.020181,316.625,0,0.215259,0.000000,0.225341,0.403815
tracking_cdrone3_20260822_110218_815_milestone4,milestone4,1787421794.578394890,raw,8,8,0,detected,-12.974360,-0.246467,0.095772,0.023479,0.011207,0.002249,0.412842,0.020259,316.625,0,0.000000,0.000000,0.000000,0.000000
tracking_cdrone3_20260822_110218_815_milestone4,milestone4,1787421794.666692257,target_map,4,8,0,detected,-12.973165,-0.245352,0.095723,0.016182,0.015094,-0.000674,0.405217,0.020259,316.625,0,0.073879,0.000000,0.175857,0.368470
tracking_cdrone3_20260822_110218_815_milestone4,milestone4,1787421794.766879797,target_map,4,8,0,detected,-12.971544,-0.243840,0.095655,0.016182,0.015094,-0.000674,0.394878,0.020259,316.625,0,0.174052,0.000000,0.210918,0.393513
tracking_cdrone3_20260822_110218_815_milestone4,milestone4,1787421794.803493500,raw,8,8,0,detected,-12.968551,-0.247907,0.097973,0.025807,-0.006396,0.009776,0.520508,0.020348,351.500,0,0.000000,0.000000,0.000000,0.000000
tracking_cdrone3_20260822_110218_815_milestone4,milestone4,1787421794.867018938,target_map,4,8,0,detected,-12.967288,-0.247714,0.098272,0.021475,0.003274,0.005074,0.512860,0.020348,351.500,0,0.058774,0.000000,0.170571,0.364693
tracking_cdrone3_20260822_110218_815_milestone4,milestone4,1787421794.967027664,target_map,4,8,0,detected,-12.965140,-0.247387,0.098779,0.021475,0.003274,0.005074,0.499846,0.020348,351.500,0,0.158783,0.000000,0.205574,0.389696
tracking_cdrone3_20260822_110218_815_milestone4,milestone4,1787421795.067083836,target_map,4,8,2,predicted,-12.962993,-0.247059,0.099287,0.021475,0.003274,0.005074,0.486827,0.020348,351.500,0,0.258827,0.258827,0.240589,0.414707
tracking_cdrone3_20260822_110218_815_milestone4,milestone4,1787421795.087041140,raw,8,8,0,detected,-12.962922,-0.252638,0.099947,0.019852,-0.016686,0.006962,0.520508,0.019951,351.500,0,0.000000,0.000000,0.000000,0.000000
tracking_cdrone3_20260822_110218_815_milestone4,milestone4,1787421795.167050123,target_map,4,8,0,detected,-12.961537,-0.253156,0.100358,0.020583,-0.007704,0.006112,0.511754,0.019951,351.500,0,0.067270,0.000000,0.173544,0.366817
tracking_cdrone3_20260822_110218_815_milestone4,milestone4,1787421795.267110825,target_map,4,8,0,detected,-12.959478,-0.253927,0.100970,0.020583,-0.007704,0.006112,0.498735,0.019951,351.500,0,0.167317,0.000000,0.208561,0.391829
tracking_cdrone3_20260822_110218_815_milestone4,milestone4,1787421795.314961433,raw,8,8,0,detected,-12.962789,-0.255275,0.100071,0.000584,-0.011571,0.000541,0.520508,0.020075,351.500,0,0.000000,0.000000,0.000000,0.000000
tracking_cdrone3_20260822_110218_815_milestone4,milestone4,1787421795.367053032,target_map,4,8,0,detected,-12.962317,-0.255758,0.100220,0.009584,-0.009831,0.003048,0.514115,0.020075,351.500,0,0.049124,0.000000,0.167194,0.362281
tracking_cdrone3_20260822_110218_815_milestone4,milestone4,1787421795.466761351,target_map,4,8,0,detected,-12.961362,-0.256738,0.100524,0.009584,-0.009831,0.003048,0.501140,0.020075,351.500,0,0.148837,0.000000,0.202093,0.387209
tracking_cdrone3_20260822_110218_815_milestone4,milestone4,1787421795.567411661,raw,8,8,0,detected,-12.962434,-0.256450,0.100051,0.001406,-0.004655,-0.000079,0.500977,0.019903,323.000,0,0.000000,0.000000,0.000000,0.000000
tracking_cdrone3_20260822_110218_815_milestone4,milestone4,1787421795.569727659,target_map,4,8,2,predicted,-12.960376,-0.257750,0.100838,0.009584,-0.009831,0.003048,0.487741,0.020075,351.500,0,0.251805,0.251805,0.238132,0.412951
tracking_cdrone3_20260822_110218_815_milestone4,milestone4,1787421795.667081356,target_map,4,8,0,detected,-12.961955,-0.257107,0.100176,0.005086,-0.006984,0.001328,0.489197,0.019903,323.000,0,0.094050,0.000000,0.182918,0.373513
tracking_cdrone3_20260822_110218_815_milestone4,milestone4,1787421795.767211914,target_map,4,8,0,detected,-12.961447,-0.257806,0.100309,0.005086,-0.006984,0.001328,0.476658,0.019903,323.000,0,0.194170,0.000000,0.217959,0.398542
tracking_cdrone3_20260822_110218_815_milestone4,milestone4,1787421795.818348408,raw,8,8,0,detected,-12.962680,-0.262955,0.100709,-0.000981,-0.025920,0.002622,0.553711,0.019703,319.500,0,0.000000,0.000000,0.000000,0.000000
tracking_cdrone3_20260822_110218_815_milestone4,milestone4,1787421795.867044210,target_map,4,8,0,detected,-12.962607,-0.263677,0.100793,0.001749,-0.017399,0.002040,0.547969,0.019703,319.500,0,0.041481,0.000000,0.164518,0.360370
tracking_cdrone3_20260822_110218_815_milestone4,milestone4,1787421795.966863394,target_map,4,8,0,detected,-12.962433,-0.265414,0.100997,0.001749,-0.017399,0.002040,0.534151,0.019703,319.500,0,0.141298,0.000000,0.199454,0.385324
tracking_cdrone3_20260822_110218_815_milestone4,milestone4,1787421796.067181349,target_map,4,8,0,detected,-12.962257,-0.267158,0.101201,0.001749,-0.017399,0.002040,0.520274,0.019703,319.500,0,0.241551,0.000000,0.234543,0.410388
tracking_cdrone3_20260822_110218_815_milestone4,milestone4,1787421796.075524092,raw,8,8,0,detected,-12.961862,-0.274072,0.099491,0.003183,-0.043232,-0.004735,0.553711,0.019893,319.500,0,0.000000,0.000000,0.000000,0.000000
tracking_cdrone3_20260822_110218_815_milestone4,milestone4,1787421796.167050123,target_map,4,8,0,detected,-12.961637,-0.276864,0.099342,0.002538,-0.031607,-0.001686,0.541485,0.019893,319.500,0,0.088321,0.000000,0.180913,0.372080
tracking_cdrone3_20260822_110218_815_milestone4,milestone4,1787421796.267131567,target_map,4,8,0,detected,-12.961384,-0.280027,0.099173,0.002538,-0.031607,-0.001686,0.527632,0.019893,319.500,0,0.188396,0.000000,0.215939,0.397099
tracking_cdrone3_20260822_110218_815_milestone4,milestone4,1787421796.308946371,raw,8,8,0,detected,-12.961720,-0.281073,0.096507,0.000608,-0.029990,-0.012783,0.551758,0.019868,394.875,0,0.000000,0.000000,0.000000,0.000000
tracking_cdrone3_20260822_110218_815_milestone4,milestone4,1787421796.366734982,target_map,4,8,0,detected,-12.961651,-0.282500,0.096145,0.001477,-0.030718,-0.007790,0.545349,0.019868,394.875,0,0.046463,0.000000,0.166262,0.361616
tracking_cdrone3_20260822_110218_815_milestone4,milestone4,1787421796.467110634,target_map,4,8,0,detected,-12.961503,-0.285584,0.095363,0.001477,-0.030718,-0.007790,0.531501,0.019868,394.875,0,0.146856,0.000000,0.201400,0.386714
tracking_cdrone3_20260822_110218_815_milestone4,milestone4,1787421796.555931091,raw,8,8,0,detected,-12.963940,-0.284072,0.093326,-0.008988,-0.012144,-0.012879,0.551758,0.019947,394.875,0,0.000000,0.000000,0.000000,0.000000
tracking_cdrone3_20260822_110218_815_milestone4,milestone4,1787421796.575234413,target_map,4,8,0,detected,-12.963988,-0.284303,0.093207,-0.004279,-0.020502,-0.010589,0.550205,0.019947,394.875,0,0.011259,0.000000,0.153941,0.352815
tracking_cdrone3_20260822_110218_815_milestone4,milestone4,1787421796.667052984,target_map,4,8,0,detected,-12.964380,-0.286185,0.092235,-0.004279,-0.020502,-0.010589,0.537540,0.019947,394.875,0,0.103071,0.000000,0.186075,0.375768
tracking_cdrone3_20260822_110218_815_milestone4,milestone4,1787421796.767385006,target_map,4,8,0,detected,-12.964810,-0.288242,0.091172,-0.004279,-0.020502,-0.010589,0.523702,0.019947,394.875,0,0.203395,0.000000,0.221188,0.400849
tracking_cdrone3_20260822_110218_815_milestone4,milestone4,1787421796.783170938,raw,8,8,0,detected,-12.965990,-0.282061,0.092643,-0.009025,0.008852,-0.003004,0.551758,0.020011,394.875,0,0.000000,0.000000,0.000000,0.000000
tracking_cdrone3_20260822_110218_815_milestone4,milestone4,1787421796.867058277,target_map,4,8,0,detected,-12.966537,-0.282406,0.092135,-0.006889,-0.004357,-0.006417,0.540823,0.020011,394.875,0,0.079275,0.000000,0.177746,0.369819
tracking_cdrone3_20260822_110218_815_milestone4,milestone4,1787421796.967031717,target_map,4,8,0,detected,-12.967225,-0.282842,0.091493,-0.006889,-0.004357,-0.006417,0.527032,0.020011,394.875,0,0.179254,0.000000,0.212739,0.394813
tracking_cdrone3_20260822_110218_815_milestone4,milestone4,1787421797.022242069,raw,8,8,0,detected,-12.967643,-0.282515,0.093498,-0.006913,-0.001900,0.003573,0.564941,0.019753,352.188,0,0.000000,0.000000,0.000000,0.000000
tracking_cdrone3_20260822_110218_815_milestone4,milestone4,1787421797.022242069,raw,11,11,0,detected,5.134851,0.839160,-0.016030,0.000000,0.000000,0.000000,0.467041,18.156639,306.000,0,0.000000,0.000000,0.000000,0.000000
tracking_cdrone3_20260822_110218_815_milestone4,milestone4,1787421797.067487001,target_map,4,8,0,detected,-12.967933,-0.282641,0.093459,-0.006903,-0.003006,-0.000923,0.559017,0.019753,352.188,0,0.041950,0.000000,0.164683,0.360488
tracking_cdrone3_20260822_110218_815_milestone4,milestone4,1787421797.067487001,target_map,5,11,0,detected,5.134851,0.839160,-0.016030,0.000000,0.000000,0.000000,0.462143,18.156639,306.000,0,0.041950,0.000000,0.164683,0.360488
tracking_cdrone3_20260822_110218_815_milestone4,milestone4,1787421797.166857719,target_map,4,8,0,detected,-12.968618,-0.282940,0.093367,-0.006903,-0.003006,-0.000923,0.544982,0.019753,352.188,0,0.141322,0.000000,0.199463,0.385331
tracking_cdrone3_20260822_110218_815_milestone4,milestone4,1787421797.166857719,target_map,5,11,0,detected,5.134851,0.839160,-0.016030,0.000000,0.000000,0.000000,0.450540,18.156639,306.000,0,0.141322,0.000000,0.199463,0.385331
tracking_cdrone3_20260822_110218_815_milestone4,milestone4,1787421797.250381708,raw,8,8,0,detected,-12.968287,-0.284807,0.093443,-0.002822,-0.010048,-0.000241,0.564941,0.020149,352.188,0,0.000000,0.000000,0.000000,0.000000
tracking_cdrone3_20260822_110218_815_milestone4,milestone4,1787421797.250381708,raw,11,11,0,detected,5.647899,0.882943,0.282822,2.248787,0.191909,1.309924,0.467041,18.673225,306.000,0,0.000000,0.000000,0.000000,0.000000
tracking_cdrone3_20260822_110218_815_milestone4,milestone4,1787421797.267034054,target_map,4,8,0,detected,-12.968345,-0.284893,0.093436,-0.004659,-0.006879,-0.000548,0.563189,0.020149,352.188,0,0.012408,0.000000,0.154343,0.353102
tracking_cdrone3_20260822_110218_815_milestone4,milestone4,1787421797.267034054,target_map,5,11,0,detected,5.663246,0.884252,0.291762,1.236833,0.105550,0.720458,0.465592,18.673225,306.000,0,0.012408,0.000000,0.154343,0.353102
tracking_cdrone3_20260822_110218_815_milestone4,milestone4,1787421797.366741657,target_map,4,8,0,detected,-12.968809,-0.285579,0.093381,-0.004659,-0.006879,-0.000548,0.549105,0.020149,352.188,0,0.112126,0.000000,0.189244,0.378032
tracking_cdrone3_20260822_110218_815_milestone4,milestone4,1787421797.366741657,target_map,5,11,0,detected,5.786580,0.894778,0.363605,1.236833,0.105550,0.720458,0.453949,18.673225,306.000,0,0.112126,0.000000,0.189244,0.378032
tracking_cdrone3_20260822_110218_815_milestone4,milestone4,1787421797.467194557,target_map,4,8,0,detected,-12.969276,-0.286270,0.093326,-0.004659,-0.006879,-0.000548,0.534920,0.020149,352.188,0,0.212564,0.000000,0.224397,0.403141
tracking_cdrone3_20260822_110218_815_milestone4,milestone4,1787421797.467194557,target_map,5,11,0,detected,5.910804,0.905379,0.435966,1.236833,0.105550,0.720458,0.442222,18.673225,306.000,0,0.212564,0.000000,0.224397,0.403141
tracking_cdrone3_20260822_110218_815_milestone4,milestone4,1787421797.500992537,raw,11,11,0,detected,-12.976037,-0.287635,0.088921,-74.310493,-4.670666,-0.773677,0.602051,0.019544,306.000,1,0.000000,0.000000,0.000000,0.000000
tracking_cdrone3_20260822_110218_815_milestone4,milestone4,1787421797.566610813,target_map,4,8,2,predicted,-12.969740,-0.286954,0.093272,-0.004659,-0.006879,-0.000548,0.520877,0.020149,352.188,0,0.311994,0.311994,0.259198,0.427998
tracking_cdrone3_20260822_110218_815_milestone4,milestone4,1787421797.566610813,target_map,5,11,0,detected,-13.187379,-0.300228,0.104270,-3.834522,-0.228498,0.278489,0.593755,0.019544,306.000,1,0.055115,0.000000,0.169290,0.363779
tracking_cdrone3_20260822_110218_815_milestone4,milestone4,1787421797.667104006,target_map,4,8,2,predicted,-12.970208,-0.287645,0.093217,-0.004659,-0.006879,-0.000548,0.506686,0.020149,352.188,0,0.412472,0.412472,0.294365,0.453118
tracking_cdrone3_20260822_110218_815_milestone4,milestone4,1787421797.667104006,target_map,5,11,0,detected,-13.572666,-0.323188,0.132252,-3.834522,-0.228498,0.278489,0.578632,0.019544,306.000,1,0.155594,0.000000,0.204458,0.388899
tracking_cdrone3_20260822_110218_815_milestone4,milestone4,1787421797.746882439,raw,11,11,0,detected,-12.980397,-0.287909,0.088561,-0.017715,-0.001113,-0.001463,0.602051,0.019556,306.000,0,0.000000,0.000000,0.000000,0.000000
tracking_cdrone3_20260822_110218_815_milestone4,milestone4,1787421797.767101288,target_map,4,8,2,predicted,-12.970674,-0.288333,0.093162,-0.004659,-0.006879,-0.000548,0.492563,0.020149,352.188,0,0.512470,0.512470,0.329365,0.478117
tracking_cdrone3_20260822_110218_815_milestone4,milestone4,1787421797.767101288,target_map,5,11,0,detected,-12.999755,-0.289062,0.089950,-1.735278,-0.103436,0.124515,0.600372,0.019556,306.000,0,0.011156,0.000000,0.153904,0.352789
tracking_cdrone3_20260822_110218_815_milestone4,milestone4,1787421797.867111921,target_map,4,8,2,predicted,-12.971140,-0.289021,0.093107,-0.004659,-0.006879,-0.000548,0.478437,0.020149,352.188,0,0.612483,0.612483,0.364369,0.503121
tracking_cdrone3_20260822_110218_815_milestone4,milestone4,1787421797.867111921,target_map,5,11,0,detected,-13.173306,-0.299408,0.102403,-1.735278,-0.103436,0.124515,0.585318,0.019556,306.000,0,0.111169,0.000000,0.188909,0.377792
tracking_cdrone3_20260822_110218_815_milestone4,milestone4,1787421797.966832161,target_map,4,8,2,predicted,-12.971604,-0.289707,0.093052,-0.004659,-0.006879,-0.000548,0.464353,0.020149,352.188,0,0.712203,0.712203,0.399271,0.528051
tracking_cdrone3_20260822_110218_815_milestone4,milestone4,1787421797.966832161,target_map,5,11,0,detected,-13.346348,-0.309722,0.114820,-1.735278,-0.103436,0.124515,0.570309,0.019556,306.000,0,0.210889,0.000000,0.223811,0.402722
tracking_cdrone3_20260822_110218_815_milestone4,milestone4,1787421797.996271849,raw,11,11,0,detected,-12.985173,-0.289494,0.089321,-0.019169,-0.006365,0.003049,0.519531,0.019524,276.375,0,0.000000,0.000000,0.000000,0.000000
tracking_cdrone3_20260822_110218_815_milestone4,milestone4,1787421798.067033052,target_map,4,8,2,predicted,-12.972071,-0.290396,0.092997,-0.004659,-0.006879,-0.000548,0.450200,0.020149,352.188,0,0.812409,0.812409,0.434343,0.553102
tracking_cdrone3_20260822_110218_815_milestone4,milestone4,1787421798.067033052,target_map,5,11,0,detected,-13.038976,-0.292897,0.093244,-0.791418,-0.050047,0.057709,0.510701,0.019524,276.375,0,0.067982,0.000000,0.173794,0.366996
tracking_cdrone3_20260822_110218_815_milestone4,milestone4,1787421798.166936159,target_map,4,8,2,predicted,-12.972536,-0.291083,0.092943,-0.004659,-0.006879,-0.000548,0.436094,0.020149,352.188,0,0.912288,0.912288,0.469301,0.578072
tracking_cdrone3_20260822_110218_815_milestone4,milestone4,1787421798.166936159,target_map,5,11,0,detected,-13.118021,-0.297895,0.099008,-0.791418,-0.050047,0.057709,0.497729,0.019524,276.375,0,0.167861,0.000000,0.208751,0.391965
tracking_cdrone3_20260822_110218_815_milestone4,milestone4,1787421798.228574276,raw,11,11,0,detected,-12.990388,-0.291066,0.090430,-0.022450,-0.006764,0.004776,0.508789,0.019000,244.125,0,0.000000,0.000000,0.000000,0.000000
tracking_cdrone3_20260822_110218_815_milestone4,milestone4,1787421798.267018795,target_map,4,8,2,predicted,-12.973002,-0.291772,0.092888,-0.004659,-0.006879,-0.000548,0.421955,0.020149,352.188,0,1.012399,1.012399,0.504340,0.603100
tracking_cdrone3_20260822_110218_815_milestone4,milestone4,1787421798.267018795,target_map,5,11,0,detected,-13.003366,-0.291990,0.091437,-0.368486,-0.026241,0.028596,0.504309,0.019000,244.125,0,0.035220,0.000000,0.162327,0.358805
tracking_cdrone3_20260822_110218_815_milestone4,milestone4,1787421798.366818190,target_map,4,8,2,predicted,-12.973468,-0.292458,0.092833,-0.004659,-0.006879,-0.000548,0.407860,0.020149,352.188,0,1.112193,1.112193,0.539268,0.628048
tracking_cdrone3_20260822_110218_815_milestone4,milestone4,1787421798.366818190,target_map,5,11,0,detected,-13.040138,-0.294609,0.094291,-0.368486,-0.026241,0.028596,0.491616,0.019000,244.125,0,0.135014,0.000000,0.197255,0.383754
tracking_cdrone3_20260822_110218_815_milestone4,milestone4,1787421798.455355883,raw,11,11,0,detected,-13.000682,-0.284587,0.086345,-0.045396,0.028571,-0.018012,0.552246,0.019313,331.500,0,0.000000,0.000000,0.000000,0.000000
tracking_cdrone3_20260822_110218_815_milestone4,milestone4,1787421798.466784477,target_map,4,8,2,predicted,-12.973933,-0.293146,0.092778,-0.004659,-0.006879,-0.000548,0.393739,0.020149,352.188,0,1.212175,1.212175,0.574261,0.653044
tracking_cdrone3_20260822_110218_815_milestone4,milestone4,1787421798.466784477,target_map,5,11,0,detected,-13.001090,-0.284578,0.086352,-0.190786,0.003906,0.002961,0.551951,0.019313,331.500,0,0.002137,0.000000,0.150748,0.350534
tracking_cdrone3_20260822_110218_815_milestone4,milestone4,1787421798.566771746,target_map,4,8,2,predicted,-12.974400,-0.293834,0.092724,-0.004659,-0.006879,-0.000548,0.379619,0.020149,352.188,0,1.312154,1.312154,0.609254,0.678038
tracking_cdrone3_20260822_110218_815_milestone4,milestone4,1787421798.566771746,target_map,5,11,0,detected,-13.020164,-0.284188,0.086648,-0.190786,0.003906,0.002961,0.538148,0.019313,331.500,0,0.102116,0.000000,0.185741,0.375529
tracking_cdrone3_20260822_110218_815_milestone4,milestone4,1787421798.666890621,target_map,4,8,2,predicted,-12.974866,-0.294523,0.092669,-0.004659,-0.006879,-0.000548,0.365481,0.020149,352.188,0,1.412255,1.412255,0.644289,0.703064
tracking_cdrone3_20260822_110218_815_milestone4,milestone4,1787421798.666890621,target_map,5,11,0,detected,-13.039262,-0.283797,0.086944,-0.190786,0.003906,0.002961,0.524328,0.019313,331.500,0,0.202218,0.000000,0.220776,0.400554
tracking_cdrone3_20260822_110218_815_milestone4,milestone4,1787421798.697058678,raw,11,11,0,detected,-13.008552,-0.278115,0.087147,-0.032554,0.026773,0.003318,0.522461,0.019456,323.750,0,0.000000,0.000000,0.000000,0.000000
tracking_cdrone3_20260822_110218_815_milestone4,milestone4,1787421798.766997576,target_map,4,8,2,predicted,-12.975332,-0.295211,0.092614,-0.004659,-0.006879,-0.000548,0.351340,0.020149,352.188,0,1.512376,1.512376,0.679332,0.728094
tracking_cdrone3_20260822_110218_815_milestone4,milestone4,1787421798.766997576,target_map,5,11,0,detected,-13.015491,-0.277013,0.087359,-0.103759,0.016482,0.003157,0.513725,0.019456,323.750,0,0.066886,0.000000,0.173410,0.366722
tracking_cdrone3_20260822_110218_815_milestone4,milestone4,1787421798.867101908,target_map,4,8,2,predicted,-12.975799,-0.295900,0.092559,-0.004659,-0.006879,-0.000548,0.337204,0.020149,352.188,0,1.612465,1.612465,0.714363,0.753116
tracking_cdrone3_20260822_110218_815_milestone4,milestone4,1787421798.867101908,target_map,5,11,0,detected,-13.025877,-0.275363,0.087675,-0.103759,0.016482,0.003157,0.500651,0.019456,323.750,0,0.166975,0.000000,0.208441,0.391744
tracking_cdrone3_20260822_110218_815_milestone4,milestone4,1787421798.945898771,raw,11,11,0,detected,-13.014269,-0.273337,0.089141,-0.022978,0.019204,0.008011,0.547363,0.019149,405.000,0,0.000000,0.000000,0.000000,0.000000
tracking_cdrone3_20260822_110218_815_milestone4,milestone4,1787421798.966841698,target_map,4,8,2,predicted,-12.976263,-0.296586,0.092504,-0.004659,-0.006879,-0.000548,0.323115,0.020149,352.188,0,1.712226,1.712226,0.749279,0.778057
tracking_cdrone3_20260822_110218_815_milestone4,milestone4,1787421798.966841698,target_map,5,11,0,detected,-13.015283,-0.273030,0.089240,-0.059329,0.017979,0.005827,0.545026,0.019149,405.000,0,0.017082,0.000000,0.155979,0.354271
tracking_cdrone3_20260822_110218_815_milestone4,milestone4,1787421799.066963434,target_map,4,8,2,predicted,-12.976729,-0.297275,0.092449,-0.004659,-0.006879,-0.000548,0.308975,0.020149,352.188,0,1.812342,1.812342,0.784320,0.803086
tracking_cdrone3_20260822_110218_815_milestone4,milestone4,1787421799.066963434,target_map,5,11,0,detected,-13.021222,-0.271230,0.089824,-0.059329,0.017979,0.005827,0.531326,0.019149,405.000,0,0.117198,0.000000,0.191019,0.379300
tracking_cdrone3_20260822_110218_815_milestone4,milestone4,1787421799.166946411,raw,11,11,0,detected,-13.023624,-0.268133,0.089757,-0.042321,0.023540,0.002785,0.547363,0.018425,405.000,0,0.000000,0.000000,0.000000,0.000000
tracking_cdrone3_20260822_110218_815_milestone4,milestone4,1787421799.167062998,target_map,4,8,2,predicted,-12.977196,-0.297963,0.092395,-0.004659,-0.006879,-0.000548,0.294837,0.020149,352.188,0,1.912441,1.912441,0.819354,0.828110
tracking_cdrone3_20260822_110218_815_milestone4,milestone4,1787421799.167062998,target_map,5,11,0,detected,-13.027161,-0.269430,0.090407,-0.059329,0.017979,0.005827,0.517628,0.019149,405.000,0,0.217298,0.000000,0.226054,0.404324
tracking_cdrone3_20260822_110218_815_milestone4,milestone4,1787421799.267124891,target_map,4,8,2,predicted,-12.977662,-0.298652,0.092340,-0.004659,-0.006879,-0.000548,0.280707,0.020149,352.188,0,2.012491,2.012491,0.854372,0.853123
tracking_cdrone3_20260822_110218_815_milestone4,milestone4,1787421799.267124891,target_map,5,11,0,detected,-13.028161,-0.266223,0.090134,-0.049975,0.021038,0.004154,0.534942,0.018425,405.000,0,0.090772,0.000000,0.181770,0.372693
tracking_cdrone3_20260822_110218_815_milestone4,milestone4,1787421799.366828680,target_map,4,8,2,predicted,-12.978127,-0.299338,0.092285,-0.004659,-0.006879,-0.000548,0.266623,0.020149,352.188,0,2.112205,2.112205,0.889272,0.878051
tracking_cdrone3_20260822_110218_815_milestone4,milestone4,1787421799.366828680,target_map,5,11,0,detected,-13.033144,-0.264125,0.090548,-0.049975,0.021038,0.004154,0.521297,0.018425,405.000,0,0.190487,0.000000,0.216670,0.397622
tracking_cdrone3_20260822_110218_815_milestone4,milestone4,1787421799.430464268,raw,11,11,0,detected,-13.039377,-0.259761,0.089416,-0.059783,0.031771,-0.001291,0.547363,0.019571,405.000,0,0.000000,0.000000,0.000000,0.000000
tracking_cdrone3_20260822_110218_815_milestone4,milestone4,1787421799.467089176,target_map,4,8,2,predicted,-12.978593,-0.300027,0.092230,-0.004659,-0.006879,-0.000548,0.252463,0.020149,352.188,0,2.212466,2.212466,0.924363,0.903117
tracking_cdrone3_20260822_110218_815_milestone4,milestone4,1787421799.467089176,target_map,5,11,0,detected,-13.041219,-0.258865,0.089455,-0.055370,0.026941,0.001159,0.542812,0.019571,405.000,0,0.033263,0.000000,0.161642,0.358316
tracking_cdrone3_20260822_110218_815_milestone4,milestone4,1787421799.566866159,target_map,4,8,2,predicted,-12.979058,-0.300714,0.092176,-0.004659,-0.006879,-0.000548,0.238374,0.020149,352.188,0,2.312218,2.312218,0.959276,0.928055
tracking_cdrone3_20260822_110218_815_milestone4,milestone4,1787421799.566866159,target_map,5,11,0,detected,-13.046742,-0.256177,0.089571,-0.055370,0.026941,0.001159,0.529161,0.019571,405.000,0,0.133015,0.000000,0.196555,0.383254
tracking_cdrone3_20260822_110218_815_milestone4,milestone4,1787421799.667095900,target_map,4,8,2,predicted,-12.979525,-0.301403,0.092121,-0.004659,-0.006879,-0.000548,0.224215,0.020149,352.188,0,2.412470,2.412470,0.994364,0.953117
tracking_cdrone3_20260822_110218_815_milestone4,milestone4,1787421799.667095900,target_map,5,11,0,detected,-13.052293,-0.253477,0.089687,-0.055370,0.026941,0.001159,0.515443,0.019571,405.000,0,0.233267,0.000000,0.231643,0.408317
tracking_cdrone3_20260822_110218_815_milestone4,milestone4,1787421799.672610521,raw,11,11,0,detected,6.436141,2.878956,0.257982,80.428581,12.962048,0.696129,0.425293,19.759714,296.000,0,0.000000,0.000000,0.000000,0.000000
tracking_cdrone3_20260822_110218_815_milestone4,milestone4,1787421799.767039299,target_map,4,8,2,predicted,-12.979991,-0.302091,0.092066,-0.004659,-0.006879,-0.000548,0.210100,0.020149,352.188,0,2.512412,2.512412,1.029344,0.978103
tracking_cdrone3_20260822_110218_815_milestone4,milestone4,1787421799.767039299,target_map,5,11,0,detected,6.823097,2.942765,0.261397,4.318873,0.712178,0.038118,0.415767,19.759714,296.000,0,0.089597,0.000000,0.181359,0.372399
tracking_cdrone3_20260822_110218_815_milestone4,milestone4,1787421799.867237806,target_map,4,8,2,predicted,-12.980457,-0.302780,0.092011,-0.004659,-0.006879,-0.000548,0.195949,0.020149,352.188,0,2.612603,2.612603,1.064411,1.003151
tracking_cdrone3_20260822_110218_815_milestone4,milestone4,1787421799.867237806,target_map,5,11,0,detected,7.255810,3.014119,0.265216,4.318873,0.712178,0.038118,0.405114,19.759714,296.000,0,0.189788,0.000000,0.216426,0.397447
tracking_cdrone3_20260822_110218_815_milestone4,milestone4,1787421799.940045118,raw,11,11,0,detected,6.167840,3.002446,0.169648,-1.003253,0.461764,-0.330305,0.583008,19.519714,286.750,1,0.000000,0.000000,0.000000,0.000000
tracking_cdrone3_20260822_110218_815_milestone4,milestone4,1787421799.967111588,target_map,4,8,2,predicted,-12.980923,-0.303467,0.091956,-0.004659,-0.006879,-0.000548,0.181844,0.020149,352.188,0,2.712476,2.712476,1.099367,1.028119
tracking_cdrone3_20260822_110218_815_milestone4,milestone4,1787421799.967111588,target_map,5,11,0,detected,6.194343,3.013386,0.166515,1.391704,0.574451,-0.164514,0.580232,19.519714,286.750,1,0.019043,0.000000,0.156665,0.354761
tracking_cdrone3_20260822_110218_815_milestone4,milestone4,1787421800.066746473,target_map,4,8,2,predicted,-12.981387,-0.304153,0.091902,-0.004659,-0.006879,-0.000548,0.167769,0.020149,352.188,0,2.812135,2.812135,1.134247,1.053034
tracking_cdrone3_20260822_110218_815_milestone4,milestone4,1787421800.066746473,target_map,5,11,0,detected,6.333039,3.070635,0.150120,1.391704,0.574451,-0.164514,0.565707,19.519714,286.750,1,0.118702,0.000000,0.191546,0.379676
tracking_cdrone3_20260822_110218_815_milestone4,milestone4,1787421800.167151213,target_map,4,8,2,predicted,-12.981854,-0.304843,0.091847,-0.004659,-0.006879,-0.000548,0.153591,0.020149,352.188,0,2.912514,2.912514,1.169380,1.078128
tracking_cdrone3_20260822_110218_815_milestone4,milestone4,1787421800.167151213,target_map,5,11,0,detected,6.472737,3.128298,0.133606,1.391704,0.574451,-0.164514,0.551076,19.519714,286.750,1,0.219081,0.000000,0.226678,0.404770
tracking_cdrone3_20260822_110218_815_milestone4,milestone4,1787421800.173286200,raw,11,11,0,detected,6.510228,3.366276,0.127801,1.467948,1.559879,-0.179415,0.422363,19.925861,393.750,0,0.000000,0.000000,0.000000,0.000000
tracking_cdrone3_20260822_110218_815_milestone4,milestone4,1787421800.267029047,target_map,4,8,2,predicted,-12.982320,-0.305530,0.091792,-0.004659,-0.006879,-0.000548,0.139483,0.020149,352.188,0,3.012406,3.012406,1.204342,1.103101
tracking_cdrone3_20260822_110218_815_milestone4,milestone4,1787421800.267029047,target_map,5,11,0,detected,6.634906,3.463369,0.112781,1.433638,1.116436,-0.172710,0.413180,19.925861,393.750,0,0.086967,0.000000,0.180438,0.371742
tracking_cdrone3_20260822_110218_815_milestone4,milestone4,1787421800.367048740,target_map,4,8,2,predicted,-12.982786,-0.306218,0.091737,-0.004659,-0.006879,-0.000548,0.125359,0.020149,352.188,0,3.112414,3.112414,1.239345,1.128103
tracking_cdrone3_20260822_110218_815_milestone4,milestone4,1787421800.367048740,target_map,5,11,0,detected,6.778282,3.575021,0.095509,1.433638,1.116436,-0.172710,0.402620,19.925861,393.750,0,0.186975,0.000000,0.215441,0.396744
tracking_cdrone3_20260822_110218_815_milestone4,milestone4,1787421800.424458027,raw,11,11,0,detected,-13.078629,-0.240719,0.088784,-77.989265,-14.360559,-0.155338,0.641602,0.020285,409.500,1,0.000000,0.000000,0.000000,0.000000
tracking_cdrone3_20260822_110218_815_milestone4,milestone4,1787421800.466964960,target_map,4,8,2,predicted,-12.983252,-0.306906,0.091682,-0.004659,-0.006879,-0.000548,0.111244,0.020149,352.188,0,3.212349,3.212349,1.274322,1.153087
tracking_cdrone3_20260822_110218_815_milestone4,milestone4,1787421800.466964960,target_map,5,11,0,detected,-13.220938,-0.252098,0.085447,-3.682107,-0.294401,-0.086338,0.635402,0.020285,409.500,1,0.038649,0.000000,0.163527,0.359662
tracking_cdrone3_20260822_110218_815_milestone4,milestone4,1787421800.566823721,target_map,4,8,2,predicted,-12.983716,-0.307593,0.091628,-0.004659,-0.006879,-0.000548,0.097141,0.020149,352.188,0,3.312201,3.312201,1.309271,1.178050
tracking_cdrone3_20260822_110218_815_milestone4,milestone4,1787421800.566823721,target_map,5,11,0,detected,-13.588606,-0.281494,0.076826,-3.682107,-0.294401,-0.086338,0.619386,0.020285,409.500,1,0.138501,0.000000,0.198475,0.384625
tracking_cdrone3_20260822_110218_815_milestone4,milestone4,1787421800.666801214,target_map,4,8,2,predicted,-12.984182,-0.308280,0.091573,-0.004659,-0.006879,-0.000548,0.083022,0.020149,352.188,0,3.412176,3.412176,1.344262,1.203044
tracking_cdrone3_20260822_110218_815_milestone4,milestone4,1787421800.666801214,target_map,5,11,0,detected,-13.956722,-0.310927,0.068195,-3.682107,-0.294401,-0.086338,0.603350,0.020285,409.500,1,0.238476,0.000000,0.233467,0.409619
tracking_cdrone3_20260822_110218_815_milestone4,milestone4,1787421800.678345919,raw,11,11,0,detected,3.139126,3.087245,0.170677,63.875160,13.107501,0.322544,0.536133,16.588760,267.375,0,0.000000,0.000000,0.000000,0.000000
tracking_cdrone3_20260822_110218_815_milestone4,milestone4,1787421800.766871452,target_map,4,8,2,predicted,-12.984649,-0.308969,0.091518,-0.004659,-0.006879,-0.000548,0.068888,0.020149,352.188,0,3.512248,3.512248,1.379287,1.228062
tracking_cdrone3_20260822_110218_815_milestone4,milestone4,1787421800.766871452,target_map,5,11,0,detected,3.357028,3.149004,0.169274,2.653186,0.751980,-0.017088,0.525125,16.588760,267.375,0,0.082129,0.000000,0.178745,0.370532
tracking_cdrone3_20260822_110218_815_milestone4,milestone4,1787421800.867280722,target_map,4,8,2,predicted,-12.985116,-0.309659,0.091463,-0.004659,-0.006879,-0.000548,0.054709,0.020149,352.188,0,3.612637,3.612637,1.414423,1.253159
tracking_cdrone3_20260822_110218_815_milestone4,milestone4,1787421800.867280722,target_map,5,11,0,detected,3.623379,3.224494,0.167559,2.653186,0.751980,-0.017088,0.511669,16.588760,267.375,0,0.182517,0.000000,0.213881,0.395629
tracking_cdrone3_20260822_110218_815_milestone4,milestone4,1787421800.928882837,raw,11,11,0,detected,1.093628,2.837717,0.183993,-8.164156,-0.995933,0.053146,0.510742,14.541371,273.750,1,0.000000,0.000000,0.000000,0.000000
tracking_cdrone3_20260822_110218_815_milestone4,milestone4,1787421800.967133284,target_map,4,8,2,predicted,-12.985581,-0.310346,0.091408,-0.004659,-0.006879,-0.000548,0.040603,0.020149,352.188,0,3.712515,3.712515,1.449380,1.278129
tracking_cdrone3_20260822_110218_815_milestone4,milestone4,1787421800.967133284,target_map,5,11,0,detected,0.981915,2.830874,0.184723,-3.173597,-0.194397,0.020742,0.506248,14.541371,273.750,1,0.035201,0.000000,0.162320,0.358800
tracking_cdrone3_20260822_110218_815_milestone4,milestone4,1787421801.067028522,target_map,4,8,2,predicted,-12.986047,-0.311034,0.091354,-0.004659,-0.006879,-0.000548,0.026495,0.020149,352.188,0,3.812404,3.812404,1.484341,1.303101
tracking_cdrone3_20260822_110218_815_milestone4,milestone4,1787421801.067028522,target_map,5,11,0,detected,0.664908,2.811456,0.186795,-3.173597,-0.194397,0.020742,0.493493,14.541371,273.750,1,0.135090,0.000000,0.197281,0.383772
tracking_cdrone3_20260822_110218_815_milestone4,milestone4,1787421801.167142391,target_map,4,8,2,predicted,-12.986513,-0.311722,0.091299,-0.004659,-0.006879,-0.000548,0.012359,0.020149,352.188,0,3.912495,3.912495,1.519373,1.328124
tracking_cdrone3_20260822_110218_815_milestone4,milestone4,1787421801.167142391,target_map,5,11,0,detected,0.347257,2.791999,0.188871,-3.173597,-0.194397,0.020742,0.480713,14.541371,273.750,1,0.235181,0.000000,0.232313,0.408795
tracking_cdrone3_20260822_110218_815_milestone4,milestone4,1787421801.183269978,raw,11,11,0,detected,3.532389,3.531780,0.024898,9.586684,2.728338,-0.625395,0.510742,17.074743,273.750,0,0.000000,0.000000,0.000000,0.000000
tracking_cdrone3_20260822_110218_815_milestone4,milestone4,1787421801.266874075,target_map,4,8,2,predicted,-12.986978,-0.312408,0.091244,-0.004659,-0.006879,-0.000548,0.000000,0.020149,352.188,0,4.012251,4.012251,1.554288,1.353063
tracking_cdrone3_20260822_110218_815_milestone4,milestone4,1787421801.266874075,target_map,5,11,0,detected,3.756999,3.621330,0.003510,2.795528,1.114557,-0.266199,0.500483,17.074743,273.750,0,0.080346,0.000000,0.178121,0.370087
tracking_cdrone3_20260822_110218_815_milestone4,milestone4,1787421801.367179632,target_map,4,8,2,predicted,-12.987445,-0.313098,0.091189,-0.004659,-0.006879,-0.000548,0.000000,0.020149,352.188,0,4.112527,4.112527,1.589384,1.378132
tracking_cdrone3_20260822_110218_815_milestone4,milestone4,1787421801.367179632,target_map,5,11,0,detected,4.037324,3.733094,-0.023183,2.795528,1.114557,-0.266199,0.487679,17.074743,273.750,0,0.180622,0.000000,0.213218,0.395156
tracking_cdrone3_20260822_110218_815_milestone4,milestone4,1787421801.447311401,raw,11,11,0,detected,2.906735,3.588848,0.154757,-2.369588,0.216137,0.491824,0.510742,16.482996,273.750,1,0.000000,0.000000,0.000000,0.000000
tracking_cdrone3_20260822_110218_815_milestone4,milestone4,1787421801.467048645,target_map,4,8,2,predicted,-12.987910,-0.313785,0.091134,-0.004659,-0.006879,-0.000548,0.000000,0.020149,352.188,0,4.212422,4.212422,1.624348,1.403106
tracking_cdrone3_20260822_110218_815_milestone4,milestone4,1787421801.467048645,target_map,5,11,0,detected,2.905977,3.599234,0.157280,-0.045286,0.620426,0.150714,0.508605,16.482996,273.750,1,0.016740,0.000000,0.155859,0.354185
tracking_cdrone3_20260822_110218_815_milestone4,milestone4,1787421801.567041397,target_map,4,8,2,predicted,-12.988376,-0.314473,0.091080,-0.004659,-0.006879,-0.000548,0.000000,0.020149,352.188,0,4.312417,4.312417,1.659346,1.428104
tracking_cdrone3_20260822_110218_815_milestone4,milestone4,1787421801.567041397,target_map,5,11,0,detected,2.901449,3.661273,0.172350,-0.045286,0.620426,0.150714,0.495837,16.482996,273.750,1,0.116734,0.000000,0.190857,0.379184
tracking_cdrone3_20260822_110218_815_milestone4,milestone4,1787421801.666705370,target_map,4,8,2,predicted,-12.988840,-0.315159,0.091025,-0.004659,-0.006879,-0.000548,0.000000,0.020149,352.188,0,4.412090,4.412090,1.694232,1.453022
tracking_cdrone3_20260822_110218_815_milestone4,milestone4,1787421801.666705370,target_map,5,11,0,detected,2.896935,3.723113,0.187372,-0.045286,0.620426,0.150714,0.483110,16.482996,273.750,1,0.216408,0.000000,0.225743,0.404102
tracking_cdrone3_20260822_110218_815_milestone4,milestone4,1787421801.699480295,raw,11,11,0,detected,2.703167,3.645373,0.283906,-0.807317,0.224170,0.512186,0.488525,16.309023,395.250,1,0.000000,0.000000,0.000000,0.000000
tracking_cdrone3_20260822_110218_815_milestone4,milestone4,1787421801.766995907,target_map,4,8,2,predicted,-12.989307,-0.315849,0.090970,-0.004659,-0.006879,-0.000548,0.000000,0.020149,352.188,0,4.512374,4.512374,1.729331,1.478093
tracking_cdrone3_20260822_110218_815_milestone4,milestone4,1787421801.766995907,target_map,5,11,0,detected,2.676150,3.668789,0.304241,-0.464403,0.402485,0.349523,0.481420,16.309023,395.250,1,0.058177,0.000000,0.170362,0.364544
tracking_cdrone3_20260822_110218_815_milestone4,milestone4,1787421801.866712093,target_map,4,8,2,predicted,-12.989772,-0.316535,0.090915,-0.004659,-0.006879,-0.000548,0.000000,0.020149,352.188,0,4.612097,4.612097,1.764234,1.503024
tracking_cdrone3_20260822_110218_815_milestone4,milestone4,1787421801.866712093,target_map,5,11,0,detected,2.629838,3.708926,0.339096,-0.464403,0.402485,0.349523,0.469241,16.309023,395.250,1,0.157900,0.000000,0.205265,0.389475
tracking_cdrone3_20260822_110218_815_milestone4,milestone4,1787421801.930651665,raw,11,11,0,detected,4.228477,4.323824,0.064919,6.597857,2.934697,-0.947249,0.488525,17.960957,395.250,0,0.000000,0.000000,0.000000,0.000000
tracking_cdrone3_20260822_110218_815_milestone4,milestone4,1787421801.967335701,target_map,4,8,2,predicted,-12.990241,-0.317227,0.090860,-0.004659,-0.006879,-0.000548,0.000000,0.020149,352.188,0,4.712717,4.712717,1.799451,1.528179
tracking_cdrone3_20260822_110218_815_milestone4,milestone4,1787421801.967335701,target_map,5,11,0,detected,4.343635,4.384274,0.052672,3.419840,1.795202,-0.363702,0.484413,17.960957,395.250,0,0.033674,0.000000,0.161786,0.358418
tracking_cdrone3_20260822_110218_815_milestone4,milestone4,1787421802.067304611,target_map,4,8,2,predicted,-12.990706,-0.317915,0.090805,-0.004659,-0.006879,-0.000548,0.000000,0.020149,352.188,0,4.812680,4.812680,1.834438,1.553170
tracking_cdrone3_20260822_110218_815_milestone4,milestone4,1787421802.067304611,target_map,5,11,0,detected,4.685493,4.563729,0.016315,3.419840,1.795202,-0.363702,0.472204,17.960957,395.250,0,0.133637,0.000000,0.196773,0.383409
tracking_cdrone3_20260822_110218_815_milestone4,milestone4,1787421802.167149544,target_map,4,8,2,predicted,-12.991172,-0.318601,0.090751,-0.004659,-0.006879,-0.000548,0.000000,0.020149,352.188,0,4.912516,4.912516,1.869381,1.578129
tracking_cdrone3_20260822_110218_815_milestone4,milestone4,1787421802.167149544,target_map,5,11,0,detected,5.026917,4.742955,-0.019996,3.419840,1.795202,-0.363702,0.460011,17.960957,395.250,0,0.233473,0.000000,0.231715,0.408368
tracking_cdrone3_20260822_110218_815_milestone4,milestone4,1787421802.194928169,raw,11,11,0,detected,4.038637,4.250375,0.211747,-0.718329,-0.277922,0.555577,0.488525,17.760628,395.250,1,0.000000,0.000000,0.000000,0.000000
tracking_cdrone3_20260822_110218_815_milestone4,milestone4,1787421802.267143011,target_map,5,11,0,detected,4.106495,4.289231,0.220165,1.143847,0.654984,0.141902,0.481280,17.760628,395.250,1,0.059324,0.000000,0.170763,0.364831
tracking_cdrone3_20260822_110218_815_milestone4,milestone4,1787421802.367173910,target_map,5,11,0,detected,4.220910,4.354747,0.234359,1.143847,0.654984,0.141902,0.469064,17.760628,395.250,1,0.159350,0.000000,0.205773,0.389838
tracking_cdrone3_20260822_110218_815_milestone4,milestone4,1787421802.442411184,raw,11,11,0,detected,3.356552,4.089126,0.152602,-2.756163,-0.651573,-0.238993,0.488525,17.063450,395.250,1,0.000000,0.000000,0.000000,0.000000
tracking_cdrone3_20260822_110218_815_milestone4,milestone4,1787421802.466744661,target_map,5,11,0,detected,3.335589,4.087794,0.151187,-1.001158,-0.063622,-0.067590,0.485968,17.063450,395.250,1,0.020939,0.000000,0.157329,0.355235
tracking_cdrone3_20260822_110218_815_milestone4,milestone4,1787421802.567399502,target_map,5,11,0,detected,3.234834,4.081391,0.144385,-1.001158,-0.063622,-0.067590,0.473677,17.063450,395.250,1,0.121577,0.000000,0.192552,0.380394
tracking_cdrone3_20260822_110218_815_milestone4,milestone4,1787421802.667101622,target_map,5,11,0,detected,3.135022,4.075048,0.137646,-1.001158,-0.063622,-0.067590,0.461501,17.063450,395.250,1,0.221274,0.000000,0.227446,0.405318
tracking_cdrone3_20260822_110218_815_milestone4,milestone4,1787421802.680455208,raw,11,11,0,detected,3.448485,4.385974,0.015007,0.386202,1.247028,-0.578020,0.488525,17.232721,395.250,0,0.000000,0.000000,0.000000,0.000000
tracking_cdrone3_20260822_110218_815_milestone4,milestone4,1787421802.767076015,target_map,5,11,0,detected,3.428694,4.440604,-0.013945,-0.238110,0.657235,-0.348326,0.478374,17.232721,395.250,0,0.083120,0.000000,0.179092,0.370780
tracking_cdrone3_20260822_110218_815_milestone4,milestone4,1787421802.866821051,target_map,5,11,0,detected,3.404941,4.506165,-0.048692,-0.238110,0.657235,-0.348326,0.466191,17.232721,395.250,0,0.182873,0.000000,0.214005,0.395718
tracking_cdrone3_20260822_110218_815_milestone4,milestone4,1787421802.935882092,raw,11,11,0,detected,4.327206,4.768110,0.054127,3.440196,1.496064,0.153152,0.488525,18.188946,395.250,0,0.000000,0.000000,0.000000,0.000000
tracking_cdrone3_20260822_110218_815_milestone4,milestone4,1787421802.967026711,target_map,5,11,0,detected,4.375465,4.798353,0.052166,1.784958,1.118591,-0.072513,0.485223,18.188946,395.250,0,0.027036,0.000000,0.159463,0.356759
tracking_cdrone3_20260822_110218_815_milestone4,milestone4,1787421803.067069769,target_map,5,11,0,detected,4.554034,4.910258,0.044912,1.784958,1.118591,-0.072513,0.473005,18.188946,395.250,0,0.127078,0.000000,0.194477,0.381769
tracking_cdrone3_20260822_110218_815_milestone4,milestone4,1787421803.167202234,target_map,5,11,0,detected,4.732729,5.022242,0.037653,1.784958,1.118591,-0.072513,0.460778,18.188946,395.250,0,0.227189,0.000000,0.229516,0.406797
tracking_cdrone3_20260822_110218_815_milestone4,milestone4,1787421803.194477558,raw,11,11,0,detected,4.167916,4.748112,0.267519,-0.615989,-0.077335,0.825209,0.488525,18.037043,395.250,1,0.000000,0.000000,0.000000,0.000000
tracking_cdrone3_20260822_110218_815_milestone4,milestone4,1787421803.266810656,target_map,5,11,0,detected,4.200208,4.780153,0.296806,0.464437,0.460832,0.421234,0.480034,18.037043,395.250,1,0.069528,0.000000,0.174335,0.367382
tracking_cdrone3_20260822_110218_815_milestone4,milestone4,1787421803.367042065,target_map,5,11,0,detected,4.246755,4.826339,0.339024,0.464437,0.460832,0.421234,0.467794,18.037043,395.250,1,0.169750,0.000000,0.209413,0.392438
tracking_cdrone3_20260822_110218_815_milestone4,milestone4,1787421803.451985836,raw,11,11,0,detected,4.885873,5.036651,-0.094667,2.788111,1.120510,-1.406512,0.488525,18.812449,395.250,0,0.000000,0.000000,0.000000,0.000000
tracking_cdrone3_20260822_110218_815_milestone4,milestone4,1787421803.467097044,target_map,5,11,0,detected,4.906214,5.046266,-0.101485,1.742458,0.823655,-0.584026,0.487100,18.812449,395.250,0,0.011674,0.000000,0.154086,0.352918
tracking_cdrone3_20260822_110218_815_milestone4,milestone4,1787421803.567048550,target_map,5,11,0,detected,5.080384,5.128595,-0.159862,1.742458,0.823655,-0.584026,0.474892,18.812449,395.250,0,0.111630,0.000000,0.189070,0.377907
tracking_cdrone3_20260822_110218_815_milestone4,milestone4,1787421803.666852951,target_map,5,11,0,detected,5.254272,5.210792,-0.218145,1.742458,0.823655,-0.584026,0.462704,18.812449,395.250,0,0.211425,0.000000,0.223999,0.402856
tracking_cdrone3_20260822_110218_815_milestone4,milestone4,1787421803.702452183,raw,11,11,0,detected,3.832771,4.962428,0.049612,-4.204510,-0.296336,0.576037,0.488525,17.786020,395.250,1,0.000000,0.000000,0.000000,0.000000
tracking_cdrone3_20260822_110218_815_milestone4,milestone4,1787421803.767033815,target_map,5,11,0,detected,3.738308,4.975262,0.052951,-1.528375,0.207660,0.054008,0.480977,17.786020,395.250,1,0.061806,0.000000,0.171632,0.365452
tracking_cdrone3_20260822_110218_815_milestone4,milestone4,1787421803.866850615,target_map,5,11,0,detected,3.585759,4.995989,0.058341,-1.528375,0.207660,0.054008,0.468787,17.786020,395.250,1,0.161618,0.000000,0.206566,0.390404
tracking_cdrone3_20260822_110218_815_milestone4,milestone4,1787421803.941711426,raw,11,11,0,detected,0.560619,4.140098,0.049545,-13.675945,-3.436925,-0.000283,0.488525,14.422993,395.250,1,0.000000,0.000000,0.000000,0.000000
tracking_cdrone3_20260822_110218_815_milestone4,milestone4,1787421803.966951609,target_map,5,11,0,detected,0.499704,4.128062,0.049843,-4.955075,-0.978977,0.024216,0.487024,14.422993,395.250,1,0.012294,0.000000,0.154303,0.353073
tracking_cdrone3_20260822_110218_815_milestone4,milestone4,1787421804.066711664,target_map,5,11,0,detected,0.005281,4.030379,0.052259,-4.955075,-0.978977,0.024216,0.474838,14.422993,395.250,1,0.112075,0.000000,0.189226,0.378019
tracking_cdrone3_20260822_110218_815_milestone4,milestone4,1787421804.167094469,target_map,5,11,0,detected,-0.492088,3.932114,0.054689,-4.955075,-0.978977,0.024216,0.462579,14.422993,395.250,1,0.212450,0.000000,0.224358,0.403113
tracking_cdrone3_20260822_110218_815_milestone4,milestone4,1787421804.267022610,target_map,5,11,2,predicted,-0.987245,3.834285,0.057109,-4.955075,-0.978977,0.024216,0.450374,14.422993,395.250,1,0.312380,0.312380,0.259333,0.428095
tracking_cdrone3_20260822_110218_815_milestone4,milestone4,1787421804.367098331,target_map,5,11,2,predicted,-1.483017,3.736335,0.059532,-4.955075,-0.978977,0.024216,0.438154,14.422993,395.250,1,0.412433,0.412433,0.294352,0.453108
tracking_cdrone3_20260822_110218_815_milestone4,milestone4,1787421804.466838837,target_map,5,11,2,predicted,-1.977370,3.638666,0.061948,-4.955075,-0.978977,0.024216,0.425970,14.422993,395.250,1,0.512200,0.512200,0.329270,0.478050
tracking_cdrone3_20260822_110218_815_milestone4,milestone4,1787421804.566827059,target_map,5,11,2,predicted,-2.472807,3.540782,0.064369,-4.955075,-0.978977,0.024216,0.413758,14.422993,395.250,1,0.612186,0.612186,0.364265,0.503046
tracking_cdrone3_20260822_110218_815_milestone4,milestone4,1787421804.667126417,target_map,5,11,2,predicted,-2.969771,3.442596,0.066798,-4.955075,-0.978977,0.024216,0.401509,14.422993,395.250,1,0.712480,0.712480,0.399368,0.528120
tracking_cdrone3_20260822_110218_815_milestone4,milestone4,1787421804.687165499,raw,12,12,0,detected,2.634592,2.905846,0.265343,0.000000,0.000000,0.000000,0.770508,16.142111,864.000,0,0.000000,0.000000,0.000000,0.000000
tracking_cdrone3_20260822_110218_815_milestone4,milestone4,1787421804.767037868,target_map,5,11,2,predicted,-3.464863,3.344781,0.069217,-4.955075,-0.978977,0.024216,0.389306,14.422993,395.250,1,0.812396,0.812396,0.434339,0.553099
tracking_cdrone3_20260822_110218_815_milestone4,milestone4,1787421804.767037868,target_map,6,12,0,detected,2.634592,2.905846,0.265343,0.000000,0.000000,0.000000,0.755601,16.142111,864.000,0,0.077387,0.000000,0.177085,0.369347
tracking_cdrone3_20260822_110218_815_milestone4,milestone4,1787421804.867255926,target_map,5,11,2,predicted,-3.959888,3.246978,0.071637,-4.955075,-0.978977,0.024216,0.377105,14.422993,395.250,1,0.912298,0.912298,0.469304,0.578075
tracking_cdrone3_20260822_110218_815_milestone4,milestone4,1787421804.867255926,target_map,6,12,0,detected,2.634592,2.905846,0.265343,0.000000,0.000000,0.000000,0.736357,16.142111,864.000,0,0.177289,0.000000,0.212051,0.394322
tracking_cdrone3_20260822_110218_815_milestone4,milestone4,1787421804.934173822,raw,12,12,0,detected,-13.187251,-0.216120,0.088537,-64.054008,-12.639137,-0.715792,0.500000,0.019272,424.375,1,0.000000,0.000000,0.000000,0.000000
tracking_cdrone3_20260822_110218_815_milestone4,milestone4,1787421804.967017651,target_map,5,11,2,predicted,-4.455788,3.149003,0.074060,-4.955075,-0.978977,0.024216,0.364882,14.422993,395.250,1,1.012378,1.012378,0.504332,0.603094
tracking_cdrone3_20260822_110218_815_milestone4,milestone4,1787421804.967017651,target_map,6,12,0,detected,-13.317744,-0.241869,0.087078,-4.316506,-0.851733,-0.048236,0.496221,0.019272,424.375,1,0.030231,0.000000,0.160581,0.357558
tracking_cdrone3_20260822_110218_815_milestone4,milestone4,1787421805.066810846,target_map,5,11,2,predicted,-4.950263,3.051309,0.076477,-4.955075,-0.978977,0.024216,0.352695,14.422993,395.250,1,1.112169,1.112169,0.539259,0.628042
tracking_cdrone3_20260822_110218_815_milestone4,milestone4,1787421805.066810846,target_map,6,12,0,detected,-13.748496,-0.326865,0.082265,-4.316506,-0.851733,-0.048236,0.483747,0.019272,424.375,1,0.130023,0.000000,0.195508,0.382506
tracking_cdrone3_20260822_110218_815_milestone4,milestone4,1787421805.165960550,raw,12,12,0,detected,-13.193283,-0.215601,0.088485,-0.026024,0.002241,-0.000223,0.500000,0.020275,424.375,0,0.000000,0.000000,0.000000,0.000000
tracking_cdrone3_20260822_110218_815_milestone4,milestone4,1787421805.167027950,target_map,5,11,2,predicted,-5.446843,2.953200,0.078903,-4.955075,-0.978977,0.024216,0.340455,14.422993,395.250,1,1.212386,1.212386,0.574335,0.653096
tracking_cdrone3_20260822_110218_815_milestone4,milestone4,1787421805.167027950,target_map,6,12,0,detected,-14.181081,-0.412223,0.077431,-4.316506,-0.851733,-0.048236,0.471220,0.019272,424.375,1,0.230239,0.000000,0.230584,0.407560
tracking_cdrone3_20260822_110218_815_milestone4,milestone4,1787421805.267068863,target_map,5,11,2,predicted,-5.942558,2.855261,0.081326,-4.955075,-0.978977,0.024216,0.328237,14.422993,395.250,1,1.312428,1.312428,0.609350,0.678107
tracking_cdrone3_20260822_110218_815_milestone4,milestone4,1787421805.267068863,target_map,6,12,0,detected,-13.379315,-0.251923,0.086410,-1.956741,-0.382047,-0.021829,0.488116,0.020275,424.375,0,0.095073,0.000000,0.183275,0.373768
tracking_cdrone3_20260822_110218_815_milestone4,milestone4,1787421805.367149115,target_map,5,11,2,predicted,-6.438431,2.757291,0.083749,-4.955075,-0.978977,0.024216,0.316015,14.422993,395.250,1,1.412501,1.412501,0.644375,0.703125
tracking_cdrone3_20260822_110218_815_milestone4,milestone4,1787421805.367149115,target_map,6,12,0,detected,-13.575134,-0.290156,0.084225,-1.956741,-0.382047,-0.021829,0.475607,0.020275,424.375,0,0.195146,0.000000,0.218301,0.398787
tracking_cdrone3_20260822_110218_815_milestone4,milestone4,1787421805.392472029,raw,12,12,0,detected,6.664311,3.334320,0.090563,87.661339,15.671121,0.009175,0.500000,20.195972,424.375,0,0.000000,0.000000,0.000000,0.000000
tracking_cdrone3_20260822_110218_815_milestone4,milestone4,1787421805.466861963,target_map,5,11,2,predicted,-6.932549,2.659668,0.086164,-4.955075,-0.978977,0.024216,0.303836,14.422993,395.250,1,1.512221,1.512221,0.679277,0.728055
tracking_cdrone3_20260822_110218_815_milestone4,milestone4,1787421805.466861963,target_map,6,12,0,detected,6.905967,3.376504,0.089907,3.450800,0.602386,-0.009370,0.491246,20.195972,424.375,0,0.070029,0.000000,0.174510,0.367507
tracking_cdrone3_20260822_110218_815_milestone4,milestone4,1787421805.567140818,target_map,5,11,2,predicted,-7.429327,2.561519,0.088592,-4.955075,-0.978977,0.024216,0.291591,14.422993,395.250,1,1.612477,1.612477,0.714367,0.753119
tracking_cdrone3_20260822_110218_815_milestone4,milestone4,1787421805.567140818,target_map,6,12,0,detected,7.251932,3.436897,0.088968,3.450800,0.602386,-0.009370,0.478714,20.195972,424.375,0,0.170285,0.000000,0.209600,0.392571
tracking_cdrone3_20260822_110218_815_milestone4,milestone4,1787421805.611182928,raw,12,12,0,detected,-13.198434,-0.215901,0.087688,-90.825775,-16.233988,-0.013149,0.587891,0.019996,784.750,1,0.000000,0.000000,0.000000,0.000000
tracking_cdrone3_20260822_110218_815_milestone4,milestone4,1787421805.667002916,target_map,5,11,2,predicted,-7.924267,2.463733,0.091011,-4.955075,-0.978977,0.024216,0.279392,14.422993,395.250,1,1.712363,1.712363,0.749327,0.778091
tracking_cdrone3_20260822_110218_815_milestone4,milestone4,1787421805.667002916,target_map,6,12,0,detected,-13.346458,-0.242704,0.087430,-2.778497,-0.503103,-0.004843,0.580061,0.019996,784.750,1,0.053275,0.000000,0.168646,0.363319
tracking_cdrone3_20260822_110218_815_milestone4,milestone4,1787421805.767002583,target_map,5,11,2,predicted,-8.419762,2.365838,0.093432,-4.955075,-0.978977,0.024216,0.267179,14.422993,395.250,1,1.812360,1.812360,0.784326,0.803090
tracking_cdrone3_20260822_110218_815_milestone4,milestone4,1787421805.767002583,target_map,6,12,0,detected,-13.624301,-0.293013,0.086946,-2.778497,-0.503103,-0.004843,0.565364,0.019996,784.750,1,0.153272,0.000000,0.203645,0.388318
tracking_cdrone3_20260822_110218_815_milestone4,milestone4,1787421805.843914032,raw,12,12,0,detected,-13.206388,-0.217069,0.086943,-0.034170,-0.005017,-0.003203,0.587891,0.020080,784.750,0,0.000000,0.000000,0.000000,0.000000
tracking_cdrone3_20260822_110218_815_milestone4,milestone4,1787421805.866728067,target_map,5,11,2,predicted,-8.913945,2.268202,0.095847,-4.955075,-0.978977,0.024216,0.254999,14.422993,395.250,1,1.912093,1.912093,0.819233,0.828023
tracking_cdrone3_20260822_110218_815_milestone4,milestone4,1787421805.866728067,target_map,6,12,0,detected,-13.229853,-0.221306,0.086870,-1.269117,-0.229156,-0.003941,0.585173,0.020080,784.750,0,0.018489,0.000000,0.156471,0.354622
tracking_cdrone3_20260822_110218_815_milestone4,milestone4,1787421805.967035770,target_map,5,11,2,predicted,-9.410929,2.170013,0.098276,-4.955075,-0.978977,0.024216,0.242749,14.422993,395.250,1,2.012391,2.012391,0.854337,0.853098
tracking_cdrone3_20260822_110218_815_milestone4,milestone4,1787421805.967035770,target_map,6,12,0,detected,-13.357142,-0.244290,0.086474,-1.269117,-0.229156,-0.003941,0.570432,0.020080,784.750,0,0.118787,0.000000,0.191576,0.379697
tracking_cdrone3_20260822_110218_815_milestone4,milestone4,1787421806.066715717,target_map,5,11,2,predicted,-9.904899,2.072419,0.100690,-4.955075,-0.978977,0.024216,0.230574,14.422993,395.250,1,2.112081,2.112081,0.889228,0.878020
tracking_cdrone3_20260822_110218_815_milestone4,milestone4,1787421806.066715717,target_map,6,12,0,detected,-13.483661,-0.267134,0.086081,-1.269117,-0.229156,-0.003941,0.555780,0.020080,784.750,0,0.218477,0.000000,0.226467,0.404619
tracking_cdrone3_20260822_110218_815_milestone4,milestone4,1787421806.118353605,raw,12,12,0,detected,-13.212805,-0.219334,0.088657,-0.023385,-0.008254,0.006248,0.587891,0.019952,784.750,0,0.000000,0.000000,0.000000,0.000000
tracking_cdrone3_20260822_110218_815_milestone4,milestone4,1787421806.167037487,target_map,5,11,2,predicted,-10.401970,1.974212,0.103119,-4.955075,-0.978977,0.024216,0.218322,14.422993,395.250,1,2.212396,2.212396,0.924339,0.903099
tracking_cdrone3_20260822_110218_815_milestone4,milestone4,1787421806.167037487,target_map,6,12,0,detected,-13.234247,-0.223287,0.088718,-0.583965,-0.107660,0.001663,0.582494,0.019952,784.750,0,0.036718,0.000000,0.162851,0.359180
tracking_cdrone3_20260822_110218_815_milestone4,milestone4,1787421806.267127752,target_map,5,11,2,predicted,-10.897876,1.876236,0.105543,-4.955075,-0.978977,0.024216,0.206100,14.422993,395.250,1,2.312476,2.312476,0.959367,0.928119
tracking_cdrone3_20260822_110218_815_milestone4,milestone4,1787421806.267127752,target_map,6,12,0,detected,-13.292690,-0.234062,0.088885,-0.583965,-0.107660,0.001663,0.567785,0.019952,784.750,0,0.136799,0.000000,0.197880,0.384200
tracking_cdrone3_20260822_110218_815_milestone4,milestone4,1787421806.367468834,target_map,5,11,2,predicted,-11.395138,1.777991,0.107973,-4.955075,-0.978977,0.024216,0.193843,14.422993,395.250,1,2.412831,2.412831,0.994491,0.953208
tracking_cdrone3_20260822_110218_815_milestone4,milestone4,1787421806.367468834,target_map,6,12,0,detected,-13.351294,-0.244866,0.089052,-0.583965,-0.107660,0.001663,0.553036,0.019952,784.750,0,0.237153,0.000000,0.233003,0.409288
tracking_cdrone3_20260822_110218_815_milestone4,milestone4,1787421806.466691017,target_map,5,11,2,predicted,-11.886817,1.680850,0.110376,-4.955075,-0.978977,0.024216,0.181724,14.422993,395.250,1,2.512058,2.512058,1.029220,0.978015
tracking_cdrone3_20260822_110218_815_milestone4,milestone4,1787421806.466691017,target_map,6,12,2,predicted,-13.409239,-0.255549,0.089217,-0.583965,-0.107660,0.001663,0.538452,0.019952,784.750,0,0.336380,0.336380,0.267733,0.434095
tracking_cdrone3_20260822_110218_815_milestone4,milestone4,1787421806.566843748,target_map,5,11,2,predicted,-12.383018,1.582815,0.112801,-4.955075,-0.978977,0.024216,0.169494,14.422993,395.250,1,2.612198,2.612198,1.064269,1.003049
tracking_cdrone3_20260822_110218_815_milestone4,milestone4,1787421806.566843748,target_map,6,12,2,predicted,-13.467717,-0.266330,0.089383,-0.583965,-0.107660,0.001663,0.523734,0.019952,784.750,0,0.436520,0.436520,0.302782,0.459130
tracking_cdrone3_20260822_110218_815_milestone4,milestone4,1787421806.667031527,target_map,5,11,2,predicted,-12.879474,1.484730,0.115227,-4.955075,-0.978977,0.024216,0.157258,14.422993,395.250,1,2.712389,2.712389,1.099336,1.028097
tracking_cdrone3_20260822_110218_815_milestone4,milestone4,1787421806.667031527,target_map,6,12,2,predicted,-13.526225,-0.277117,0.089550,-0.583965,-0.107660,0.001663,0.509009,0.019952,784.750,0,0.536711,0.536711,0.337849,0.484178
tracking_cdrone3_20260822_110218_815_milestone4,milestone4,1787421806.767187834,target_map,5,11,2,predicted,-13.375546,1.386721,0.117651,-4.955075,-0.978977,0.024216,0.145031,14.422993,395.250,1,2.812503,2.812503,1.134376,1.053126
tracking_cdrone3_20260822_110218_815_milestone4,milestone4,1787421806.767187834,target_map,6,12,2,predicted,-13.584688,-0.287895,0.089716,-0.583965,-0.107660,0.001663,0.494295,0.019952,784.750,0,0.636826,0.636826,0.372889,0.509206
tracking_cdrone3_20260822_110218_815_milestone4,milestone4,1787421806.867259502,target_map,5,11,2,predicted,-13.871627,1.288710,0.120076,-4.955075,-0.978977,0.024216,0.132803,14.422993,395.250,1,2.912619,2.912619,1.169417,1.078155
tracking_cdrone3_20260822_110218_815_milestone4,milestone4,1787421806.867259502,target_map,6,12,2,predicted,-13.643152,-0.298673,0.089883,-0.583965,-0.107660,0.001663,0.479580,0.019952,784.750,0,0.736941,0.736941,0.407929,0.534235
tracking_cdrone3_20260822_110218_815_milestone4,milestone4,1787421806.966820240,target_map,5,11,2,predicted,-14.364918,1.191250,0.122486,-4.955075,-0.978977,0.024216,0.120645,14.422993,395.250,1,3.012172,3.012172,1.204260,1.103043
tracking_cdrone3_20260822_110218_815_milestone4,milestone4,1787421806.966820240,target_map,6,12,2,predicted,-13.701287,-0.309391,0.090048,-0.583965,-0.107660,0.001663,0.464949,0.019952,784.750,0,0.836494,0.836494,0.442773,0.559123
tracking_cdrone3_20260822_110218_815_milestone4,milestone4,1787421807.067504168,target_map,5,11,2,predicted,-14.863658,1.092714,0.124924,-4.955075,-0.978977,0.024216,0.108352,14.422993,395.250,1,3.112824,3.112824,1.239488,1.128206
tracking_cdrone3_20260822_110218_815_milestone4,milestone4,1787421807.067504168,target_map,6,12,2,predicted,-13.760065,-0.320227,0.090216,-0.583965,-0.107660,0.001663,0.450156,0.019952,784.750,0,0.937146,0.937146,0.478001,0.584287
tracking_cdrone3_20260822_110218_815_milestone4,milestone4,1787421807.166939735,target_map,5,11,2,predicted,-15.356466,0.995349,0.127332,-4.955075,-0.978977,0.024216,0.096205,14.422993,395.250,1,3.212279,3.212279,1.274298,1.153070
tracking_cdrone3_20260822_110218_815_milestone4,milestone4,1787421807.166939735,target_map,6,12,2,predicted,-13.818143,-0.330935,0.090381,-0.583965,-0.107660,0.001663,0.435539,0.019952,784.750,0,1.036602,1.036602,0.512811,0.609150
tracking_cdrone3_20260822_110218_815_milestone4,milestone4,1787421807.267135382,target_map,5,11,2,predicted,-15.853001,0.897249,0.129759,-4.955075,-0.978977,0.024216,0.083967,14.422993,395.250,1,3.312486,3.312486,1.309370,1.178122
tracking_cdrone3_20260822_110218_815_milestone4,milestone4,1787421807.267135382,target_map,6,12,2,predicted,-13.876660,-0.341723,0.090548,-0.583965,-0.107660,0.001663,0.420811,0.019952,784.750,0,1.136809,1.136809,0.547883,0.634202
tracking_cdrone3_20260822_110218_815_milestone4,milestone4,1787421807.316235304,raw,13,13,0,detected,-5.121871,0.233160,0.125262,0.000000,0.000000,0.000000,0.817383,8.134295,1581.250,0,0.000000,0.000000,0.000000,0.000000
tracking_cdrone3_20260822_110218_815_milestone4,milestone4,1787421807.366881609,target_map,5,11,2,predicted,-16.347338,0.799582,0.132174,-4.955075,-0.978977,0.024216,0.071783,14.422993,395.250,1,3.412250,3.412250,1.344288,1.203063
tracking_cdrone3_20260822_110218_815_milestone4,milestone4,1787421807.366881609,target_map,6,12,2,predicted,-13.934919,-0.352464,0.090714,-0.583965,-0.107660,0.001663,0.406148,0.019952,784.750,0,1.236573,1.236573,0.582800,0.659143
tracking_cdrone3_20260822_110218_815_milestone4,milestone4,1787421807.366881609,target_map,7,13,0,detected,-5.121871,0.233160,0.125262,0.000000,0.000000,0.000000,0.807567,8.134295,1581.250,0,0.048037,0.000000,0.166813,0.362009
tracking_cdrone3_20260822_110218_815_milestone4,milestone4,1787421807.467267990,target_map,5,11,2,predicted,-16.844660,0.701326,0.134605,-4.955075,-0.978977,0.024216,0.059525,14.422993,395.250,1,3.512616,3.512616,1.379416,1.228154
tracking_cdrone3_20260822_110218_815_milestone4,milestone4,1787421807.467267990,target_map,6,12,2,predicted,-13.993529,-0.363269,0.090881,-0.583965,-0.107660,0.001663,0.391397,0.019952,784.750,0,1.336939,1.336939,0.617929,0.684235
tracking_cdrone3_20260822_110218_815_milestone4,milestone4,1787421807.467267990,target_map,7,13,0,detected,-5.121871,0.233160,0.125262,0.000000,0.000000,0.000000,0.787057,8.134295,1581.250,0,0.148403,0.000000,0.201941,0.387101
tracking_cdrone3_20260822_110218_815_milestone4,milestone4,1787421807.547767401,raw,13,13,0,detected,-5.282727,0.177099,0.049203,-0.694761,-0.242136,-0.328511,0.819336,7.971937,1592.500,1,0.000000,0.000000,0.000000,0.000000
tracking_cdrone3_20260822_110218_815_milestone4,milestone4,1787421807.567107677,target_map,5,11,2,predicted,-17.339386,0.603583,0.137023,-4.955075,-0.978977,0.024216,0.047331,14.422993,395.250,1,3.612459,3.612459,1.414361,1.253115
tracking_cdrone3_20260822_110218_815_milestone4,milestone4,1787421807.567107677,target_map,6,12,2,predicted,-14.051834,-0.374018,0.091047,-0.583965,-0.107660,0.001663,0.376723,0.019952,784.750,0,1.436781,1.436781,0.652873,0.709195
tracking_cdrone3_20260822_110218_815_milestone4,milestone4,1787421807.567107677,target_map,7,13,0,detected,-5.289160,0.174857,0.046161,-0.382119,-0.133175,-0.180681,0.815888,7.971937,1592.500,1,0.016834,0.000000,0.155892,0.354209
tracking_cdrone3_20260822_110218_815_milestone4,milestone4,1787421807.666979074,target_map,5,11,2,predicted,-17.834320,0.505798,0.139441,-4.955075,-0.978977,0.024216,0.035132,14.422993,395.250,1,3.712343,3.712343,1.449320,1.278086
tracking_cdrone3_20260822_110218_815_milestone4,milestone4,1787421807.666979074,target_map,6,12,2,predicted,-14.110163,-0.384771,0.091213,-0.583965,-0.107660,0.001663,0.362043,0.019952,784.750,0,1.536665,1.536665,0.687833,0.734166
tracking_cdrone3_20260822_110218_815_milestone4,milestone4,1787421807.666979074,target_map,7,13,0,detected,-5.327327,0.161555,0.028114,-0.382119,-0.133175,-0.180681,0.795428,7.971937,1592.500,1,0.116719,0.000000,0.190852,0.379180
tracking_cdrone3_20260822_110218_815_milestone4,milestone4,1787421807.767046690,target_map,5,11,2,predicted,-18.330120,0.407843,0.141864,-4.955075,-0.978977,0.024216,0.022912,14.422993,395.250,1,3.812402,3.812402,1.484341,1.303101
tracking_cdrone3_20260822_110218_815_milestone4,milestone4,1787421807.767046690,target_map,6,12,2,predicted,-14.168593,-0.395544,0.091379,-0.583965,-0.107660,0.001663,0.347337,0.019952,784.750,0,1.636724,1.636724,0.722854,0.759181
tracking_cdrone3_20260822_110218_815_milestone4,milestone4,1787421807.767046690,target_map,7,13,0,detected,-5.365561,0.148229,0.010035,-0.382119,-0.133175,-0.180681,0.774933,7.971937,1592.500,1,0.216778,0.000000,0.225872,0.404194
tracking_cdrone3_20260822_110218_815_milestone4,milestone4,1787421807.788791895,raw,13,13,0,detected,-5.751807,0.103564,0.038095,-1.946002,-0.305061,-0.046082,0.813965,7.500855,1957.500,1,0.000000,0.000000,0.000000,0.000000
tracking_cdrone3_20260822_110218_815_milestone4,milestone4,1787421807.867091179,target_map,5,11,2,predicted,-18.825871,0.309897,0.144287,-4.955075,-0.978977,0.024216,0.010692,14.422993,395.250,1,3.912451,3.912451,1.519358,1.328113
tracking_cdrone3_20260822_110218_815_milestone4,milestone4,1787421807.867091179,target_map,6,12,2,predicted,-14.227018,-0.406315,0.091546,-0.583965,-0.107660,0.001663,0.332632,0.019952,784.750,0,1.736773,1.736773,0.757871,0.784193
tracking_cdrone3_20260822_110218_815_milestone4,milestone4,1787421807.867091179,target_map,7,13,0,detected,-5.839885,0.087419,0.030533,-1.242254,-0.227712,-0.106652,0.799537,7.500855,1957.500,1,0.070902,0.000000,0.174816,0.367725
tracking_cdrone3_20260822_110218_815_milestone4,milestone4,1787421807.967130661,target_map,5,11,2,predicted,-19.321478,0.211980,0.146709,-4.955075,-0.978977,0.024216,0.000000,14.422993,395.250,1,4.012471,4.012471,1.554365,1.353118
tracking_cdrone3_20260822_110218_815_milestone4,milestone4,1787421807.967130661,target_map,6,12,2,predicted,-14.285427,-0.417083,0.091712,-0.583965,-0.107660,0.001663,0.317932,0.019952,784.750,0,1.836793,1.836793,0.792878,0.809198
tracking_cdrone3_20260822_110218_815_milestone4,milestone4,1787421807.967130661,target_map,7,13,0,detected,-5.964136,0.064643,0.019866,-1.242254,-0.227712,-0.106652,0.779184,7.500855,1957.500,1,0.170922,0.000000,0.209823,0.392730
tracking_cdrone3_20260822_110218_815_milestone4,milestone4,1787421808.037782907,raw,13,13,0,detected,-6.150347,0.119057,0.017019,-1.600666,0.062223,-0.084645,0.844238,7.103893,1788.375,1,0.000000,0.000000,0.000000,0.000000
tracking_cdrone3_20260822_110218_815_milestone4,milestone4,1787421808.066768646,target_map,5,11,2,predicted,-19.815325,0.114410,0.149123,-4.955075,-0.978977,0.024216,0.000000,14.422993,395.250,1,4.112136,4.112136,1.589248,1.378034
tracking_cdrone3_20260822_110218_815_milestone4,milestone4,1787421808.066768646,target_map,6,12,2,predicted,-14.343628,-0.427813,0.091878,-0.583965,-0.107660,0.001663,0.303284,0.019952,784.750,0,1.936458,1.936458,0.827760,0.834115
tracking_cdrone3_20260822_110218_815_milestone4,milestone4,1787421808.066768646,target_map,7,13,0,detected,-6.185595,0.117385,0.014704,-1.439381,-0.068248,-0.094548,0.839070,7.103893,1788.375,1,0.024488,0.000000,0.158571,0.356122
tracking_cdrone3_20260822_110218_815_milestone4,milestone4,1787421808.166718245,target_map,5,11,2,predicted,-20.310568,0.016564,0.151543,-4.955075,-0.978977,0.024216,0.000000,14.422993,395.250,1,4.212083,4.212083,1.624229,1.403021
tracking_cdrone3_20260822_110218_815_milestone4,milestone4,1787421808.166718245,target_map,6,12,2,predicted,-14.401993,-0.438573,0.092044,-0.583965,-0.107660,0.001663,0.288595,0.019952,784.750,0,2.036405,2.036405,0.862742,0.859101
tracking_cdrone3_20260822_110218_815_milestone4,milestone4,1787421808.166718245,target_map,7,13,0,detected,-6.329456,0.110564,0.005254,-1.439381,-0.068248,-0.094548,0.817975,7.103893,1788.375,1,0.124435,0.000000,0.193552,0.381109
tracking_cdrone3_20260822_110218_815_milestone4,milestone4,1787421808.266885042,raw,13,13,0,detected,-6.143634,0.160240,0.087771,0.029299,0.179747,0.308800,0.839844,7.112453,1718.750,0,0.000000,0.000000,0.000000,0.000000
tracking_cdrone3_20260822_110218_815_milestone4,milestone4,1787421808.267052174,target_map,5,11,2,predicted,-20.807732,-0.081660,0.153972,-4.955075,-0.978977,0.024216,0.000000,14.422993,395.250,1,4.312417,4.312417,1.659346,1.428104
tracking_cdrone3_20260822_110218_815_milestone4,milestone4,1787421808.267052174,target_map,6,12,2,predicted,-14.460585,-0.449375,0.092211,-0.583965,-0.107660,0.001663,0.273848,0.019952,784.750,0,2.136739,2.136739,0.897859,0.884185
tracking_cdrone3_20260822_110218_815_milestone4,milestone4,1787421808.267052174,target_map,7,13,0,detected,-6.473876,0.103717,-0.004232,-1.439381,-0.068248,-0.094548,0.796799,7.103893,1788.375,1,0.224769,0.000000,0.228669,0.406192
tracking_cdrone3_20260822_110218_815_milestone4,milestone4,1787421808.366806030,target_map,5,11,2,predicted,-21.301992,-0.179312,0.156388,-4.955075,-0.978977,0.024216,0.000000,14.422993,395.250,1,4.412166,4.412166,1.694258,1.453041
tracking_cdrone3_20260822_110218_815_milestone4,milestone4,1787421808.366806030,target_map,6,12,2,predicted,-14.518834,-0.460114,0.092377,-0.583965,-0.107660,0.001663,0.259188,0.019952,784.750,0,2.236488,2.236488,0.932771,0.909122
tracking_cdrone3_20260822_110218_815_milestone4,milestone4,1787421808.366806030,target_map,7,13,0,detected,-6.199764,0.166296,0.099083,-0.631607,0.068149,0.127293,0.821185,7.112453,1718.750,0,0.088868,0.000000,0.181104,0.372217
tracking_cdrone3_20260822_110218_815_milestone4,milestone4,1787421808.467032671,target_map,5,11,2,predicted,-21.798609,-0.277429,0.158815,-4.955075,-0.978977,0.024216,0.000000,14.422993,395.250,1,4.512389,4.512389,1.729336,1.478097
tracking_cdrone3_20260822_110218_815_milestone4,milestone4,1787421808.467032671,target_map,6,12,2,predicted,-14.577361,-0.470904,0.092543,-0.583965,-0.107660,0.001663,0.244458,0.019952,784.750,0,2.336711,2.336711,0.967849,0.934178
tracking_cdrone3_20260822_110218_815_milestone4,milestone4,1787421808.467032671,target_map,7,13,0,detected,-6.263066,0.173126,0.111841,-0.631607,0.068149,0.127293,0.800142,7.112453,1718.750,0,0.189092,0.000000,0.216182,0.397273
tracking_cdrone3_20260822_110218_815_milestone4,milestone4,1787421808.483343124,raw,13,13,0,detected,-6.193134,0.163267,0.046487,-0.228700,0.013987,-0.190738,0.837891,7.065725,1687.500,1,0.000000,0.000000,0.000000,0.000000
tracking_cdrone3_20260822_110218_815_milestone4,milestone4,1787421808.567074537,target_map,5,11,2,predicted,-22.294336,-0.375370,0.161238,-4.955075,-0.978977,0.024216,0.000000,14.422993,395.250,1,4.612433,4.612433,1.764352,1.503108
tracking_cdrone3_20260822_110218_815_milestone4,milestone4,1787421808.567074537,target_map,6,12,2,predicted,-14.635783,-0.481675,0.092710,-0.583965,-0.107660,0.001663,0.229754,0.019952,784.750,0,2.436756,2.436756,1.002864,0.959189
tracking_cdrone3_20260822_110218_815_milestone4,milestone4,1787421808.567074537,target_map,7,13,0,detected,-6.225960,0.166338,0.042674,-0.410008,0.038360,-0.047624,0.821120,7.065725,1687.500,1,0.080062,0.000000,0.178022,0.370015
tracking_cdrone3_20260822_110218_815_milestone4,milestone4,1787421808.667153835,target_map,5,11,2,predicted,-22.790188,-0.473336,0.163661,-4.955075,-0.978977,0.024216,0.000000,14.422993,395.250,1,4.712503,4.712503,1.799376,1.528126
tracking_cdrone3_20260822_110218_815_milestone4,milestone4,1787421808.667153835,target_map,6,12,2,predicted,-14.694221,-0.492449,0.092876,-0.583965,-0.107660,0.001663,0.215047,0.019952,784.750,0,2.536825,2.536825,1.037889,0.984206
tracking_cdrone3_20260822_110218_815_milestone4,milestone4,1787421808.667153835,target_map,7,13,0,detected,-6.266989,0.170177,0.037909,-0.410008,0.038360,-0.047624,0.800158,7.065725,1687.500,1,0.180131,0.000000,0.213046,0.395033
tracking_cdrone3_20260822_110218_815_milestone4,milestone4,1787421808.714589357,raw,13,13,0,detected,-6.219818,0.134017,0.049609,-0.115393,-0.126487,0.013500,0.853516,7.037509,1659.000,1,0.000000,0.000000,0.000000,0.000000
tracking_cdrone3_20260822_110218_815_milestone4,milestone4,1787421808.766764641,target_map,5,11,2,predicted,-23.283863,-0.570871,0.166073,-4.955075,-0.978977,0.024216,0.000000,14.422993,395.250,1,4.812133,4.812133,1.834247,1.553033
tracking_cdrone3_20260822_110218_815_milestone4,milestone4,1787421808.766764641,target_map,6,12,2,predicted,-14.752401,-0.503175,0.093042,-0.583965,-0.107660,0.001663,0.200404,0.019952,784.750,0,2.636456,2.636456,1.072759,1.009114
tracking_cdrone3_20260822_110218_815_milestone4,milestone4,1787421808.766764641,target_map,7,13,0,detected,-6.231116,0.131634,0.048971,-0.247970,-0.052306,-0.014006,0.843794,7.037509,1659.000,1,0.045562,0.000000,0.165947,0.361391
tracking_cdrone3_20260822_110218_815_milestone4,milestone4,1787421808.867008448,target_map,5,11,2,predicted,-23.780472,-0.668986,0.168500,-4.955075,-0.978977,0.024216,0.000000,14.422993,395.250,1,4.912355,4.912355,1.869324,1.578089
tracking_cdrone3_20260822_110218_815_milestone4,milestone4,1787421808.867008448,target_map,6,12,2,predicted,-14.810927,-0.513965,0.093209,-0.583965,-0.107660,0.001663,0.185674,0.019952,784.750,0,2.736678,2.736678,1.107837,1.034169
tracking_cdrone3_20260822_110218_815_milestone4,milestone4,1787421808.867008448,target_map,7,13,0,detected,-6.255968,0.126392,0.047567,-0.247970,-0.052306,-0.014006,0.822408,7.037509,1659.000,1,0.145784,0.000000,0.201024,0.386446
tracking_cdrone3_20260822_110218_815_milestone4,milestone4,1787421808.955297947,raw,13,13,0,detected,-6.193762,0.140085,0.051883,0.108249,0.025206,0.009447,0.831055,7.063324,1740.500,0,0.000000,0.000000,0.000000,0.000000
tracking_cdrone3_20260822_110218_815_milestone4,milestone4,1787421808.967054129,target_map,6,12,2,predicted,-14.869357,-0.524737,0.093375,-0.583965,-0.107660,0.001663,0.170968,0.019952,784.750,0,2.836735,2.836735,1.142857,1.059184
tracking_cdrone3_20260822_110218_815_milestone4,milestone4,1787421808.967054129,target_map,7,13,0,detected,-6.194224,0.139999,0.051873,-0.052049,-0.009675,-0.001107,0.829209,7.063324,1740.500,0,0.008884,0.000000,0.153109,0.352221
tracking_cdrone3_20260822_110218_815_milestone4,milestone4,1787421809.067129850,target_map,6,12,2,predicted,-14.927794,-0.535510,0.093541,-0.583965,-0.107660,0.001663,0.156261,0.019952,784.750,0,2.936802,2.936802,1.177881,1.084201
tracking_cdrone3_20260822_110218_815_milestone4,milestone4,1787421809.067129850,target_map,7,13,0,detected,-6.199433,0.139031,0.051762,-0.052049,-0.009675,-0.001107,0.808419,7.063324,1740.500,0,0.108951,0.000000,0.188133,0.377238
tracking_cdrone3_20260822_110218_815_milestone4,milestone4,1787421809.166840553,target_map,6,12,2,predicted,-14.986024,-0.546245,0.093707,-0.583965,-0.107660,0.001663,0.141605,0.019952,784.750,0,3.036518,3.036518,1.212781,1.109130
tracking_cdrone3_20260822_110218_815_milestone4,milestone4,1787421809.166840553,target_map,7,13,0,detected,-6.204623,0.138066,0.051652,-0.052049,-0.009675,-0.001107,0.787701,7.063324,1740.500,0,0.208667,0.000000,0.223033,0.402167
tracking_cdrone3_20260822_110218_815_milestone4,milestone4,1787421809.186185837,raw,13,13,0,detected,-6.374304,0.132118,0.062599,-0.781949,-0.034506,0.046411,0.849121,6.882413,1691.250,1,0.000000,0.000000,0.000000,0.000000
tracking_cdrone3_20260822_110218_815_milestone4,milestone4,1787421809.267043352,target_map,6,12,2,predicted,-15.044539,-0.557033,0.093874,-0.583965,-0.107660,0.001663,0.126878,0.019952,784.750,0,3.136722,3.136722,1.247853,1.134181
tracking_cdrone3_20260822_110218_815_milestone4,milestone4,1787421809.267043352,target_map,7,13,0,detected,-6.409544,0.130305,0.064543,-0.453494,-0.023332,0.025028,0.832625,6.882413,1691.250,1,0.077708,0.000000,0.177198,0.369427
tracking_cdrone3_20260822_110218_815_milestone4,milestone4,1787421809.366916418,target_map,6,12,2,predicted,-15.102838,-0.567781,0.094040,-0.583965,-0.107660,0.001663,0.112206,0.019952,784.750,0,3.236555,3.236555,1.282794,1.159139
tracking_cdrone3_20260822_110218_815_milestone4,milestone4,1787421809.366916418,target_map,7,13,0,detected,-6.454818,0.127975,0.067042,-0.453494,-0.023332,0.025028,0.811433,6.882413,1691.250,1,0.177541,0.000000,0.212139,0.394385
tracking_cdrone3_20260822_110218_815_milestone4,milestone4,1787421809.411996365,raw,13,13,0,detected,-6.183885,0.131661,0.038857,0.843300,-0.002021,-0.105144,0.816406,7.074598,1923.750,0,0.000000,0.000000,0.000000,0.000000
tracking_cdrone3_20260822_110218_815_milestone4,milestone4,1787421809.467061520,target_map,6,12,2,predicted,-15.161344,-0.578568,0.094207,-0.583965,-0.107660,0.001663,0.097481,0.019952,784.750,0,3.336742,3.336742,1.317860,1.184186
tracking_cdrone3_20260822_110218_815_milestone4,milestone4,1787421809.467061520,target_map,7,13,0,detected,-6.171074,0.131089,0.036560,0.259743,-0.011611,-0.046567,0.806340,7.074598,1923.750,0,0.049320,0.000000,0.167262,0.362330
tracking_cdrone3_20260822_110218_815_milestone4,milestone4,1787421809.566739798,target_map,6,12,2,predicted,-15.219554,-0.589299,0.094372,-0.583965,-0.107660,0.001663,0.082830,0.019952,784.750,0,3.436424,3.436424,1.352748,1.209106
tracking_cdrone3_20260822_110218_815_milestone4,milestone4,1787421809.566739798,target_map,7,13,0,detected,-6.145183,0.129931,0.031918,0.259743,-0.011611,-0.046567,0.785995,7.074598,1923.750,0,0.149001,0.000000,0.202150,0.387250
tracking_cdrone3_20260822_110218_815_milestone4,milestone4,1787421809.667205572,target_map,6,12,2,predicted,-15.278215,-0.600114,0.094539,-0.583965,-0.107660,0.001663,0.068066,0.019952,784.750,0,3.536877,3.536877,1.387907,1.234219
tracking_cdrone3_20260822_110218_815_milestone4,milestone4,1787421809.667205572,target_map,7,13,0,detected,-6.119091,0.128765,0.027241,0.259743,-0.011611,-0.046567,0.765492,7.074598,1923.750,0,0.249454,0.000000,0.237309,0.412364
tracking_cdrone3_20260822_110218_815_milestone4,milestone4,1787421809.669248581,raw,13,13,0,detected,-5.980283,0.107867,0.052084,0.791448,-0.092493,0.051416,0.828613,7.276034,1947.000,0,0.000000,0.000000,0.000000,0.000000
tracking_cdrone3_20260822_110218_815_milestone4,milestone4,1787421809.767111301,target_map,6,12,2,predicted,-15.336562,-0.610871,0.094706,-0.583965,-0.107660,0.001663,0.053382,0.019952,784.750,0,3.636791,3.636791,1.422877,1.259198
tracking_cdrone3_20260822_110218_815_milestone4,milestone4,1787421809.767111301,target_map,7,13,0,detected,-5.929407,0.102699,0.052759,0.552180,-0.056096,0.007324,0.809527,7.276034,1947.000,0,0.092137,0.000000,0.182248,0.373034
tracking_cdrone3_20260822_110218_815_milestone4,milestone4,1787421809.867490768,target_map,6,12,2,predicted,-15.395142,-0.621671,0.094872,-0.583965,-0.107660,0.001663,0.038638,0.019952,784.750,0,3.737105,3.737105,1.457987,1.284276
tracking_cdrone3_20260822_110218_815_milestone4,milestone4,1787421809.867490768,target_map,7,13,0,detected,-5.874015,0.097071,0.053493,0.552180,-0.056096,0.007324,0.788746,7.276034,1947.000,0,0.192451,0.000000,0.217358,0.398113
tracking_cdrone3_20260822_110218_815_milestone4,milestone4,1787421809.892628670,raw,13,13,0,detected,-5.942932,0.150574,0.079866,0.167203,0.191177,0.124366,0.830566,7.315821,1799.000,0,0.000000,0.000000,0.000000,0.000000
tracking_cdrone3_20260822_110218_815_milestone4,milestone4,1787421809.966770887,target_map,6,12,2,predicted,-15.453160,-0.632367,0.095038,-0.583965,-0.107660,0.001663,0.024036,0.019952,784.750,0,3.836458,3.836458,1.492760,1.309115
tracking_cdrone3_20260822_110218_815_milestone4,milestone4,1787421809.966770887,target_map,7,13,0,detected,-5.919301,0.156120,0.084842,0.340443,0.079904,0.071697,0.816153,7.315821,1799.000,0,0.069413,0.000000,0.174294,0.367353
tracking_cdrone3_20260822_110218_815_milestone4,milestone4,1787421810.067087412,target_map,6,12,2,predicted,-15.511732,-0.643165,0.095205,-0.583965,-0.107660,0.001663,0.009295,0.019952,784.750,0,3.936759,3.936759,1.527866,1.334190
tracking_cdrone3_20260822_110218_815_milestone4,milestone4,1787421810.067087412,target_map,7,13,0,detected,-5.885154,0.164134,0.092034,0.340443,0.079904,0.071697,0.795327,7.315821,1799.000,0,0.169714,0.000000,0.209400,0.392428
tracking_cdrone3_20260822_110218_815_milestone4,milestone4,1787421810.135885239,raw,13,13,0,detected,-6.069899,0.116965,0.072886,-0.521952,-0.138161,-0.028693,0.839844,7.187705,1739.375,1,0.000000,0.000000,0.000000,0.000000
tracking_cdrone3_20260822_110218_815_milestone4,milestone4,1787421810.167600393,target_map,6,12,2,predicted,-15.570435,-0.653988,0.095372,-0.583965,-0.107660,0.001663,0.000000,0.019952,784.750,0,4.037282,4.037282,1.563049,1.359321
tracking_cdrone3_20260822_110218_815_milestone4,milestone4,1787421810.167600393,target_map,7,13,0,detected,-6.073345,0.115935,0.073310,-0.133875,-0.040032,0.016482,0.834439,7.187705,1739.375,1,0.025741,0.000000,0.159009,0.356435
tracking_cdrone3_20260822_110218_815_milestone4,milestone4,1787421810.267205715,target_map,6,12,2,predicted,-15.628591,-0.664709,0.095537,-0.583965,-0.107660,0.001663,0.000000,0.019952,784.750,0,4.136870,4.136870,1.597905,1.384218
tracking_cdrone3_20260822_110218_815_milestone4,milestone4,1787421810.267205715,target_map,7,13,0,detected,-6.086678,0.111948,0.074952,-0.133875,-0.040032,0.016482,0.813530,7.187705,1739.375,1,0.125329,0.000000,0.193865,0.381332
tracking_cdrone3_20260822_110218_815_milestone4,milestone4,1787421810.367119312,target_map,6,12,2,predicted,-15.686939,-0.675466,0.095703,-0.583965,-0.107660,0.001663,0.000000,0.019952,784.750,0,4.236790,4.236790,1.632876,1.409197
tracking_cdrone3_20260822_110218_815_milestone4,milestone4,1787421810.367119312,target_map,7,13,0,detected,-6.100054,0.107948,0.076598,-0.133875,-0.040032,0.016482,0.792551,7.187705,1739.375,1,0.225248,0.000000,0.228837,0.406312
tracking_cdrone3_20260822_110218_815_milestone4,milestone4,1787421810.371396542,raw,13,13,0,detected,-6.146252,0.113027,0.087372,-0.324215,-0.016724,0.061511,0.840820,7.110702,1687.500,1,0.000000,0.000000,0.000000,0.000000
tracking_cdrone3_20260822_110218_815_milestone4,milestone4,1787421810.467109680,target_map,6,12,2,predicted,-15.745336,-0.686232,0.095870,-0.583965,-0.107660,0.001663,0.000000,0.019952,784.750,0,4.336790,4.336790,1.667876,1.434197
tracking_cdrone3_20260822_110218_815_milestone4,milestone4,1787421810.467109680,target_map,7,13,0,detected,-6.168299,0.110512,0.091184,-0.238562,-0.027213,0.041248,0.821394,7.110702,1687.500,1,0.092416,0.000000,0.182346,0.373104
tracking_cdrone3_20260822_110218_815_milestone4,milestone4,1787421810.566749811,target_map,6,12,2,predicted,-15.803524,-0.696960,0.096036,-0.583965,-0.107660,0.001663,0.000000,0.019952,784.750,0,4.436433,4.436433,1.702752,1.459108
tracking_cdrone3_20260822_110218_815_milestone4,milestone4,1787421810.566749811,target_map,7,13,0,detected,-6.192070,0.107800,0.095294,-0.238562,-0.027213,0.041248,0.800448,7.110702,1687.500,1,0.192059,0.000000,0.217221,0.398015
tracking_cdrone3_20260822_110218_815_milestone4,milestone4,1787421810.604490519,raw,13,13,0,detected,-5.923630,0.108152,0.069015,0.955073,-0.020914,-0.078752,0.830566,7.333164,1753.125,0,0.000000,0.000000,0.000000,0.000000
tracking_cdrone3_20260822_110218_815_milestone4,milestone4,1787421810.667007208,target_map,6,12,2,predicted,-15.862072,-0.707754,0.096202,-0.583965,-0.107660,0.001663,0.000000,0.019952,784.750,0,4.536692,4.536692,1.737842,1.484173
tracking_cdrone3_20260822_110218_815_milestone4,milestone4,1787421810.667007208,target_map,7,13,0,detected,-5.898797,0.106741,0.067544,0.417938,-0.023748,-0.024752,0.818229,7.333164,1753.125,0,0.059419,0.000000,0.170797,0.364855
tracking_cdrone3_20260822_110218_815_milestone4,milestone4,1787421810.767065763,target_map,6,12,2,predicted,-15.920502,-0.718526,0.096369,-0.583965,-0.107660,0.001663,0.000000,0.019952,784.750,0,4.636749,4.636749,1.772862,1.509187
tracking_cdrone3_20260822_110218_815_milestone4,milestone4,1787421810.767065763,target_map,7,13,0,detected,-5.856979,0.104364,0.065068,0.417938,-0.023748,-0.024752,0.797453,7.333164,1753.125,0,0.159476,0.000000,0.205817,0.389869
tracking_cdrone3_20260822_110218_815_milestone4,milestone4,1787421810.843162060,raw,13,13,0,detected,-5.855924,0.125643,0.075265,0.283669,0.073284,0.026185,0.825684,7.402042,1820.000,0,0.000000,0.000000,0.000000,0.000000
tracking_cdrone3_20260822_110218_815_milestone4,milestone4,1787421810.867046356,target_map,6,12,2,predicted,-15.978885,-0.729290,0.096535,-0.583965,-0.107660,0.001663,0.000000,0.019952,784.750,0,4.736726,4.736726,1.807854,1.534181
tracking_cdrone3_20260822_110218_815_milestone4,milestone4,1787421810.867046356,target_map,7,13,0,detected,-5.849246,0.126218,0.075328,0.344090,0.029619,0.003264,0.821677,7.402042,1820.000,0,0.019408,0.000000,0.156793,0.354852
tracking_cdrone3_20260822_110218_815_milestone4,milestone4,1787421810.967036009,target_map,6,12,2,predicted,-16.037275,-0.740054,0.096701,-0.583965,-0.107660,0.001663,0.000000,0.019952,784.750,0,4.836715,4.836715,1.842850,1.559179
tracking_cdrone3_20260822_110218_815_milestone4,milestone4,1787421810.967036009,target_map,7,13,0,detected,-5.814840,0.129180,0.075655,0.344090,0.029619,0.003264,0.801037,7.402042,1820.000,0,0.119398,0.000000,0.191789,0.379849
tracking_cdrone3_20260822_110218_815_milestone4,milestone4,1787421811.067164898,target_map,6,12,2,predicted,-16.095739,-0.750833,0.096868,-0.583965,-0.107660,0.001663,0.000000,0.019952,784.750,0,4.936831,4.936831,1.877891,1.584208
tracking_cdrone3_20260822_110218_815_milestone4,milestone4,1787421811.067164898,target_map,7,13,0,detected,-5.780391,0.132145,0.075982,0.344090,0.029619,0.003264,0.780371,7.402042,1820.000,0,0.219514,0.000000,0.226830,0.404879
tracking_cdrone3_20260822_110218_815_milestone4,milestone4,1787421811.083319187,raw,13,13,0,detected,-5.841938,0.111899,0.076154,0.058179,-0.057176,0.003697,0.833008,7.414811,1855.000,0,0.000000,0.000000,0.000000,0.000000
tracking_cdrone3_20260822_110218_815_milestone4,milestone4,1787421811.166780949,target_map,7,13,0,detected,-5.827076,0.110457,0.076432,0.186839,-0.018118,0.003502,0.816442,7.414811,1855.000,0,0.079545,0.000000,0.177841,0.369886
tracking_cdrone3_20260822_110218_815_milestone4,milestone4,1787421811.266864061,target_map,7,13,0,detected,-5.808376,0.108644,0.076783,0.186839,-0.018118,0.003502,0.795600,7.414811,1855.000,0,0.179630,0.000000,0.212870,0.394907
tracking_cdrone3_20260822_110218_815_milestone4,milestone4,1787421811.337754011,raw,13,13,0,detected,-5.806511,0.100091,0.075761,0.139354,-0.046447,-0.001545,0.795410,7.449624,1852.500,0,0.000000,0.000000,0.000000,0.000000
tracking_cdrone3_20260822_110218_815_milestone4,milestone4,1787421811.367099524,target_map,7,13,0,detected,-5.803595,0.099479,0.075774,0.160722,-0.033699,0.000726,0.791802,7.449624,1852.500,0,0.018145,0.000000,0.156351,0.354536
tracking_cdrone3_20260822_110218_815_milestone4,milestone4,1787421811.466754436,target_map,7,13,0,detected,-5.787575,0.096120,0.075847,0.160722,-0.033699,0.000726,0.771981,7.449624,1852.500,0,0.117821,0.000000,0.191237,0.379455
tracking_cdrone3_20260822_110218_815_milestone4,milestone4,1787421811.566850901,target_map,7,13,0,detected,-5.771488,0.092748,0.075919,0.160722,-0.033699,0.000726,0.752078,7.449624,1852.500,0,0.217911,0.000000,0.226269,0.404478
tracking_cdrone3_20260822_110218_815_milestone4,milestone4,1787421811.612941027,raw,13,13,0,detected,-5.606311,0.119256,0.077972,0.727578,0.069653,0.008036,0.829590,7.650516,1881.000,0,0.000000,0.000000,0.000000,0.000000
tracking_cdrone3_20260822_110218_815_milestone4,milestone4,1787421811.666761875,target_map,7,13,0,detected,-5.581948,0.120450,0.078217,0.472493,0.023145,0.004747,0.818896,7.650516,1881.000,0,0.051563,0.000000,0.168047,0.362891
tracking_cdrone3_20260822_110218_815_milestone4,milestone4,1787421811.767047644,target_map,7,13,0,detected,-5.534570,0.122771,0.078693,0.472493,0.023145,0.004747,0.798099,7.650516,1881.000,0,0.151836,0.000000,0.203143,0.387959
tracking_cdrone3_20260822_110218_815_milestone4,milestone4,1787421811.867028475,target_map,7,13,2,predicted,-5.487329,0.125085,0.079168,0.472493,0.023145,0.004747,0.777363,7.650516,1881.000,0,0.251818,0.251818,0.238136,0.412955
tracking_cdrone3_20260822_110218_815_milestone4,milestone4,1787421811.908260584,raw,13,13,0,detected,-5.603780,0.147140,0.022536,0.008570,0.094416,-0.187711,0.837402,7.655312,1795.500,0,0.000000,0.000000,0.000000,0.000000
tracking_cdrone3_20260822_110218_815_milestone4,milestone4,1787421812.017297983,target_map,7,13,0,detected,-5.586898,0.151983,0.014682,0.217335,0.062344,-0.101105,0.821140,7.655312,1795.500,0,0.077678,0.000000,0.177187,0.369419
tracking_cdrone3_20260822_110218_815_milestone4,milestone4,1787421812.070129395,target_map,7,13,0,detected,-5.575414,0.155277,0.009340,0.217335,0.062344,-0.101105,0.810078,7.655312,1795.500,0,0.130517,0.000000,0.195681,0.382629
tracking_cdrone3_20260822_110218_815_milestone4,milestone4,1787421812.167092085,target_map,7,13,0,detected,-5.554343,0.161322,-0.000462,0.217335,0.062344,-0.101105,0.789781,7.655312,1795.500,0,0.227470,0.000000,0.229614,0.406867
tracking_cdrone3_20260822_110218_815_milestone4,milestone4,1787421812.267193556,target_map,7,13,2,predicted,-5.532588,0.167562,-0.010583,0.217335,0.062344,-0.101105,0.768825,7.655312,1795.500,0,0.327570,0.327570,0.264650,0.431893
tracking_cdrone3_20260822_110218_815_milestone4,milestone4,1787421812.367258549,target_map,7,13,2,predicted,-5.510843,0.173800,-0.020699,0.217335,0.062344,-0.101105,0.747880,7.655312,1795.500,0,0.427619,0.427619,0.299667,0.456905
tracking_cdrone3_20260822_110218_815_milestone4,milestone4,1787421812.467379570,target_map,7,13,2,predicted,-5.489090,0.180040,-0.030818,0.217335,0.062344,-0.101105,0.726926,7.655312,1795.500,0,0.527710,0.527710,0.334699,0.481928
tracking_cdrone3_20260822_110218_815_milestone4,milestone4,1787421812.509596109,raw,13,13,0,detected,-5.958961,0.090569,0.036504,-0.590530,-0.094056,0.023224,0.822266,7.297718,1824.000,1,0.000000,0.000000,0.000000,0.000000
tracking_cdrone3_20260822_110218_815_milestone4,milestone4,1787421812.567085981,target_map,7,13,0,detected,-5.971093,0.089304,0.034755,-0.226991,-0.023676,-0.032724,0.811279,7.297718,1824.000,1,0.053445,0.000000,0.168706,0.363361
tracking_cdrone3_20260822_110218_815_milestone4,milestone4,1787421812.666955471,target_map,7,13,0,detected,-5.993763,0.086939,0.031487,-0.226991,-0.023676,-0.032724,0.790748,7.297718,1824.000,1,0.153321,0.000000,0.203662,0.388330
tracking_cdrone3_20260822_110218_815_milestone4,milestone4,1787421812.766856194,target_map,7,13,2,predicted,-6.016443,0.084574,0.028217,-0.226991,-0.023676,-0.032724,0.770209,7.297718,1824.000,1,0.253236,0.253236,0.238633,0.413309
tracking_cdrone3_20260822_110218_815_milestone4,milestone4,1787421812.829068661,raw,13,13,0,detected,-5.946999,0.108033,0.051384,0.037456,0.054684,0.046592,0.828613,7.310096,1859.625,0,0.000000,0.000000,0.000000,0.000000
tracking_cdrone3_20260822_110218_815_milestone4,milestone4,1787421812.866713047,target_map,7,13,0,detected,-5.949471,0.108622,0.051714,-0.081545,0.019422,0.010900,0.822333,7.310096,1859.625,0,0.030319,0.000000,0.160612,0.357580
tracking_cdrone3_20260822_110218_815_milestone4,milestone4,1787421812.967018604,target_map,7,13,0,detected,-5.957650,0.110570,0.052808,-0.081545,0.019422,0.010900,0.801556,7.310096,1859.625,0,0.130615,0.000000,0.195715,0.382654
tracking_cdrone3_20260822_110218_815_milestone4,milestone4,1787421813.066895008,target_map,7,13,0,detected,-5.965795,0.112510,0.053896,-0.081545,0.019422,0.010900,0.780866,7.310096,1859.625,0,0.230492,0.000000,0.230672,0.407623
tracking_cdrone3_20260822_110218_815_milestone4,milestone4,1787421813.108531713,raw,13,13,0,detected,-5.799910,0.104610,0.054178,0.526381,-0.012253,0.009998,0.821289,7.456343,1806.000,0,0.000000,0.000000,0.000000,0.000000
tracking_cdrone3_20260822_110218_815_milestone4,milestone4,1787421813.167078733,target_map,7,13,0,detected,-5.785800,0.104721,0.054758,0.252814,0.002001,0.010404,0.809830,7.456343,1806.000,0,0.055812,0.000000,0.169534,0.363953
tracking_cdrone3_20260822_110218_815_milestone4,milestone4,1787421813.266974926,target_map,7,13,0,detected,-5.760552,0.104921,0.055797,0.252814,0.002001,0.010404,0.789325,7.456343,1806.000,0,0.155679,0.000000,0.204488,0.388920
tracking_cdrone3_20260822_110218_815_milestone4,milestone4,1787421813.367781162,target_map,7,13,2,predicted,-5.735062,0.105123,0.056846,0.252814,0.002001,0.010404,0.768623,7.456343,1806.000,0,0.256506,0.256506,0.239777,0.414127
tracking_cdrone3_20260822_110218_815_milestone4,milestone4,1787421813.383901358,raw,13,13,0,detected,-5.933791,0.122341,0.104557,-0.486167,0.064388,0.182944,0.830566,7.323699,1801.250,1,0.000000,0.000000,0.000000,0.000000
tracking_cdrone3_20260822_110218_815_milestone4,milestone4,1787421813.466768980,target_map,7,13,0,detected,-5.944761,0.124934,0.112076,-0.153626,0.036314,0.105301,0.815739,7.323699,1801.250,1,0.071409,0.000000,0.174993,0.367852
tracking_cdrone3_20260822_110218_815_milestone4,milestone4,1787421813.567047834,target_map,7,13,0,detected,-5.960165,0.128575,0.122635,-0.153626,0.036314,0.105301,0.794919,7.323699,1801.250,1,0.171677,0.000000,0.210087,0.392919
tracking_cdrone3_20260822_110218_815_milestone4,milestone4,1787421813.648914814,raw,13,13,0,detected,-5.664935,0.098747,0.055568,1.014493,-0.089029,-0.184853,0.829590,7.591135,1866.750,0,0.000000,0.000000,0.000000,0.000000
tracking_cdrone3_20260822_110218_815_milestone4,milestone4,1787421813.667057037,target_map,7,13,0,detected,-5.657923,0.098279,0.054790,0.488840,-0.032625,-0.054284,0.826615,7.591135,1866.750,0,0.014343,0.000000,0.155020,0.353586
tracking_cdrone3_20260822_110218_815_milestone4,milestone4,1787421813.766992569,target_map,7,13,0,detected,-5.609072,0.095019,0.049365,0.488840,-0.032625,-0.054284,0.805889,7.591135,1866.750,0,0.114276,0.000000,0.189996,0.378569
tracking_cdrone3_20260822_110218_815_milestone4,milestone4,1787421813.866932631,target_map,7,13,0,detected,-5.560236,0.091759,0.043942,0.488840,-0.032625,-0.054284,0.785170,7.591135,1866.750,0,0.214178,0.000000,0.224962,0.403544
tracking_cdrone3_20260822_110218_815_milestone4,milestone4,1787421813.885019302,raw,13,13,0,detected,-5.797886,0.119194,0.085326,-0.563114,0.086602,0.126039,0.827637,7.459294,1775.250,1,0.000000,0.000000,0.000000,0.000000
tracking_cdrone3_20260822_110218_815_milestone4,milestone4,1787421813.966799021,target_map,7,13,0,detected,-5.804991,0.121802,0.088881,-0.089735,0.032950,0.044894,0.811254,7.459294,1775.250,1,0.079178,0.000000,0.177712,0.369795
tracking_cdrone3_20260822_110218_815_milestone4,milestone4,1787421814.066841125,target_map,7,13,0,detected,-5.813968,0.125098,0.093371,-0.089735,0.032950,0.044894,0.790557,7.459294,1775.250,1,0.179209,0.000000,0.212723,0.394802
tracking_cdrone3_20260822_110218_815_milestone4,milestone4,1787421814.127263784,raw,13,13,0,detected,-5.649898,0.096732,0.028226,0.610872,-0.092717,-0.235701,0.824707,7.606493,1909.500,0,0.000000,0.000000,0.000000,0.000000
tracking_cdrone3_20260822_110218_815_milestone4,milestone4,1787421814.167037487,target_map,7,13,0,detected,-5.641745,0.095734,0.025207,0.295599,-0.036167,-0.109433,0.819021,7.606493,1909.500,0,0.027580,0.000000,0.159653,0.356895
tracking_cdrone3_20260822_110218_815_milestone4,milestone4,1787421814.266787767,target_map,7,13,0,detected,-5.612259,0.092127,0.014292,0.295599,-0.036167,-0.109433,0.798455,7.606493,1909.500,0,0.127328,0.000000,0.194565,0.381832
tracking_cdrone3_20260822_110218_815_milestone4,milestone4,1787421814.356606245,raw,13,13,0,detected,-5.644744,0.095334,0.057762,0.022472,-0.006098,0.128801,0.841309,7.611490,1806.000,0,0.000000,0.000000,0.000000,0.000000
tracking_cdrone3_20260822_110218_815_milestone4,milestone4,1787421814.367639303,target_map,7,13,0,detected,-5.643523,0.095169,0.057944,0.145379,-0.019629,0.021595,0.839542,7.611490,1806.000,0,0.008400,0.000000,0.152940,0.352100
tracking_cdrone3_20260822_110218_815_milestone4,milestone4,1787421814.467142344,target_map,7,13,0,detected,-5.629053,0.093215,0.060093,0.145379,-0.019629,0.021595,0.818607,7.611490,1806.000,0,0.107936,0.000000,0.187778,0.376984
tracking_cdrone3_20260822_110218_815_milestone4,milestone4,1787421814.567227602,target_map,7,13,0,detected,-5.614505,0.091251,0.062254,0.145379,-0.019629,0.021595,0.797559,7.611490,1806.000,0,0.208006,0.000000,0.222802,0.402002
tracking_cdrone3_20260822_110218_815_milestone4,milestone4,1787421814.581775665,raw,13,13,0,detected,-5.531474,0.109749,0.041578,0.503037,0.064018,-0.071875,0.832031,7.725017,1928.500,0,0.000000,0.000000,0.000000,0.000000
tracking_cdrone3_20260822_110218_815_milestone4,milestone4,1787421814.666777611,target_map,7,13,0,detected,-5.504521,0.111827,0.039229,0.342091,0.026377,-0.029813,0.815642,7.725017,1928.500,0,0.078789,0.000000,0.177576,0.369697
tracking_cdrone3_20260822_110218_815_milestone4,milestone4,1787421814.767145157,target_map,7,13,0,detected,-5.470192,0.114474,0.036238,0.342091,0.026377,-0.029813,0.794769,7.725017,1928.500,0,0.179138,0.000000,0.212698,0.394785
tracking_cdrone3_20260822_110218_815_milestone4,milestone4,1787421814.802644014,raw,13,13,0,detected,-5.566293,0.097574,0.063817,-0.157642,-0.055119,0.100687,0.817383,7.689610,1972.000,1,0.000000,0.000000,0.000000,0.000000
tracking_cdrone3_20260822_110218_815_milestone4,milestone4,1787421814.866811275,target_map,7,13,0,detected,-5.562188,0.096448,0.066379,0.067238,-0.018446,0.041962,0.804907,7.689610,1972.000,1,0.061053,0.000000,0.171369,0.365263
tracking_cdrone3_20260822_110218_815_milestone4,milestone4,1787421814.967101812,target_map,7,13,0,detected,-5.555446,0.094598,0.070587,0.067238,-0.018446,0.041962,0.784418,7.689610,1972.000,1,0.161321,0.000000,0.206462,0.390330
tracking_cdrone3_20260822_110218_815_milestone4,milestone4,1787421815.014793396,raw,13,13,0,detected,-5.652193,0.084861,0.083089,-0.404918,-0.059926,0.090843,0.811523,7.603116,2104.500,1,0.000000,0.000000,0.000000,0.000000
tracking_cdrone3_20260822_110218_815_milestone4,milestone4,1787421815.066799402,target_map,7,13,0,detected,-5.661562,0.082853,0.086441,-0.192448,-0.041260,0.068846,0.801645,7.603116,2104.500,1,0.048689,0.000000,0.167041,0.362172
tracking_cdrone3_20260822_110218_815_milestone4,milestone4,1787421815.167000771,target_map,7,13,0,detected,-5.680845,0.078718,0.093339,-0.192448,-0.041260,0.068846,0.781318,7.603116,2104.500,1,0.148884,0.000000,0.202109,0.387221
tracking_cdrone3_20260822_110218_815_milestone4,milestone4,1787421815.247071505,raw,13,13,0,detected,-5.735621,0.100186,0.017030,-0.359171,0.065976,-0.284391,0.835449,7.521766,1732.500,1,0.000000,0.000000,0.000000,0.000000
tracking_cdrone3_20260822_110218_815_milestone4,milestone4,1787421815.266819477,target_map,7,13,0,detected,-5.740495,0.100490,0.014878,-0.284146,0.017720,-0.125434,0.831867,7.521766,1732.500,1,0.017153,0.000000,0.156004,0.354288
tracking_cdrone3_20260822_110218_815_milestone4,milestone4,1787421815.367012978,target_map,7,13,0,detected,-5.768964,0.102266,0.002311,-0.284146,0.017720,-0.125434,0.810941,7.521766,1732.500,1,0.117343,0.000000,0.191070,0.379336
tracking_cdrone3_20260822_110218_815_milestone4,milestone4,1787421815.467103004,target_map,7,13,0,detected,-5.797400,0.104039,-0.010242,-0.284146,0.017720,-0.125434,0.790038,7.521766,1732.500,1,0.217420,0.000000,0.226097,0.404355
tracking_cdrone3_20260822_110218_815_milestone4,milestone4,1787421815.475277424,raw,13,13,0,detected,-5.676134,0.078464,0.035054,0.260648,-0.095177,0.078974,0.829590,7.579195,1841.000,0,0.000000,0.000000,0.000000,0.000000
tracking_cdrone3_20260822_110218_815_milestone4,milestone4,1787421815.567076206,target_map,7,13,0,detected,-5.674761,0.074532,0.033901,0.015491,-0.044373,-0.013010,0.811209,7.579195,1841.000,0,0.088626,0.000000,0.181019,0.372157
tracking_cdrone3_20260822_110218_815_milestone4,milestone4,1787421815.666926622,target_map,7,13,0,detected,-5.673214,0.070102,0.032603,0.015491,-0.044373,-0.013010,0.790507,7.579195,1841.000,0,0.188443,0.000000,0.215955,0.397111
tracking_cdrone3_20260822_110218_815_milestone4,milestone4,1787421815.709876299,raw,13,13,0,detected,-5.867562,0.086130,0.030889,-0.816066,0.032681,-0.017757,0.821777,7.388277,1794.375,1,0.000000,0.000000,0.000000,0.000000
tracking_cdrone3_20260822_110218_815_milestone4,milestone4,1787421815.767168999,target_map,7,13,0,detected,-5.891359,0.086023,0.030048,-0.441865,-0.001993,-0.015621,0.810713,7.388277,1794.375,1,0.053855,0.000000,0.168849,0.363464
tracking_cdrone3_20260822_110218_815_milestone4,milestone4,1787421815.867104769,target_map,7,13,0,detected,-5.935527,0.085824,0.028486,-0.441865,-0.001993,-0.015621,0.790177,7.388277,1794.375,1,0.153813,0.000000,0.203835,0.388453
tracking_cdrone3_20260822_110218_815_milestone4,milestone4,1787421815.935105562,raw,13,13,0,detected,-5.866622,0.067894,0.060651,0.004174,-0.080968,0.132142,0.822266,7.388582,1938.000,0,0.000000,0.000000,0.000000,0.000000
tracking_cdrone3_20260822_110218_815_milestone4,milestone4,1787421815.967022419,target_map,7,13,0,detected,-5.872184,0.066609,0.062509,-0.196544,-0.045429,0.065649,0.816449,7.388582,1938.000,0,0.028298,0.000000,0.159904,0.357074
tracking_cdrone3_20260822_110218_815_milestone4,milestone4,1787421816.066944599,target_map,7,13,0,detected,-5.891819,0.062070,0.069067,-0.196544,-0.045429,0.065649,0.795912,7.388582,1938.000,0,0.128199,0.000000,0.194870,0.382050
tracking_cdrone3_20260822_110218_815_milestone4,milestone4,1787421816.151672363,raw,13,13,0,detected,-5.912036,0.091460,0.015408,-0.209651,0.108791,-0.208861,0.827637,7.345084,1883.000,1,0.000000,0.000000,0.000000,0.000000
tracking_cdrone3_20260822_110218_815_milestone4,milestone4,1787421816.167008877,target_map,7,13,0,detected,-5.914157,0.091870,0.014520,-0.203752,0.039392,-0.085332,0.825483,7.345084,1883.000,1,0.010409,0.000000,0.153643,0.352602
tracking_cdrone3_20260822_110218_815_milestone4,milestone4,1787421816.267075062,target_map,7,13,0,detected,-5.934545,0.095812,0.005982,-0.203752,0.039392,-0.085332,0.804779,7.345084,1883.000,1,0.110470,0.000000,0.188665,0.377618
tracking_cdrone3_20260822_110218_815_milestone4,milestone4,1787421816.364550352,raw,13,13,0,detected,-5.851371,0.088402,0.068544,0.284920,-0.014361,0.249558,0.817871,7.404614,1728.000,0,0.000000,0.000000,0.000000,0.000000
tracking_cdrone3_20260822_110218_815_milestone4,milestone4,1787421816.367169142,target_map,7,13,0,detected,-5.954940,0.099755,-0.002560,-0.203752,0.039392,-0.085332,0.784068,7.345084,1883.000,1,0.210568,0.000000,0.223699,0.402642
tracking_cdrone3_20260822_110218_815_milestone4,milestone4,1787421816.466945648,target_map,7,13,0,detected,-5.845115,0.089348,0.078056,0.065017,0.009828,0.098858,0.798199,7.404614,1728.000,0,0.096213,0.000000,0.183674,0.374053
tracking_cdrone3_20260822_110218_815_milestone4,milestone4,1787421816.567102671,target_map,7,13,0,detected,-5.838603,0.090332,0.087959,0.065017,0.009828,0.098858,0.777717,7.404614,1728.000,0,0.196385,0.000000,0.218735,0.399096
tracking_cdrone3_20260822_110218_815_milestone4,milestone4,1787421816.595196724,raw,13,13,0,detected,-6.003113,0.072259,0.032563,-0.658172,-0.070020,-0.156068,0.827637,7.252751,1780.625,1,0.000000,0.000000,0.000000,0.000000
tracking_cdrone3_20260822_110218_815_milestone4,milestone4,1787421816.667087317,target_map,7,13,0,detected,-6.026119,0.069902,0.029703,-0.332737,-0.034089,-0.041351,0.813331,7.252751,1780.625,1,0.069142,0.000000,0.174200,0.367286
tracking_cdrone3_20260822_110218_815_milestone4,milestone4,1787421816.767194033,target_map,7,13,0,detected,-6.059424,0.066490,0.025564,-0.332737,-0.034089,-0.041351,0.792621,7.252751,1780.625,1,0.169235,0.000000,0.209232,0.392309
tracking_cdrone3_20260822_110218_815_milestone4,milestone4,1787421816.830742836,raw,13,13,0,detected,-6.026974,0.080179,0.069033,-0.101302,0.033623,0.154838,0.827637,7.228653,1748.250,1,0.000000,0.000000,0.000000,0.000000
tracking_cdrone3_20260822_110218_815_milestone4,milestone4,1787421816.867372036,target_map,7,13,0,detected,-6.033278,0.080275,0.071075,-0.205448,0.003153,0.066553,0.821288,7.228653,1748.250,1,0.030685,0.000000,0.160740,0.357671
tracking_cdrone3_20260822_110218_815_milestone4,milestone4,1787421816.966977358,target_map,7,13,0,detected,-6.053743,0.080589,0.077705,-0.205448,0.003153,0.066553,0.800677,7.228653,1748.250,1,0.130297,0.000000,0.195604,0.382574
tracking_cdrone3_20260822_110218_815_milestone4,milestone4,1787421817.068731070,target_map,7,13,0,detected,-6.074460,0.080907,0.084416,-0.205448,0.003153,0.066553,0.779814,7.228653,1748.250,1,0.231131,0.000000,0.230896,0.407783
tracking_cdrone3_20260822_110218_815_milestone4,milestone4,1787421817.072359324,raw,13,13,0,detected,-5.958271,0.109367,0.082440,0.284349,0.120804,0.055488,0.811523,7.298957,1917.500,0,0.000000,0.000000,0.000000,0.000000
tracking_cdrone3_20260822_110218_815_milestone4,milestone4,1787421817.167124271,target_map,7,13,0,detected,-5.952413,0.115583,0.087979,0.063940,0.067861,0.060467,0.792938,7.298957,1917.500,0,0.091606,0.000000,0.182062,0.372902
tracking_cdrone3_20260822_110218_815_milestone4,milestone4,1787421817.267126799,target_map,7,13,0,detected,-5.946019,0.122370,0.094026,0.063940,0.067861,0.060467,0.772650,7.298957,1917.500,0,0.191609,0.000000,0.217063,0.397902
tracking_cdrone3_20260822_110218_815_milestone4,milestone4,1787421817.289328098,raw,13,13,0,detected,-5.900325,0.101073,0.036420,0.267053,-0.038226,-0.212090,0.811523,7.356716,1892.250,0,0.000000,0.000000,0.000000,0.000000
tracking_cdrone3_20260822_110218_815_milestone4,milestone4,1787421817.366764545,target_map,7,13,0,detected,-5.887351,0.101775,0.029814,0.175652,0.009513,-0.089440,0.796539,7.356716,1892.250,0,0.073860,0.000000,0.175851,0.368465
tracking_cdrone3_20260822_110218_815_milestone4,milestone4,1787421817.467611551,target_map,7,13,0,detected,-5.869640,0.102734,0.020796,0.175652,0.009513,-0.089440,0.776082,7.356716,1892.250,0,0.174689,0.000000,0.211141,0.393672
tracking_cdrone3_20260822_110218_815_milestone4,milestone4,1787421817.500468016,raw,13,13,0,detected,-6.040449,0.077862,0.064233,-0.663654,-0.109929,0.131729,0.836426,7.215442,1739.375,1,0.000000,0.000000,0.000000,0.000000
tracking_cdrone3_20260822_110218_815_milestone4,milestone4,1787421817.567188740,target_map,7,13,0,detected,-6.057951,0.074424,0.066204,-0.285966,-0.056180,0.032203,0.823628,7.215442,1739.375,1,0.061202,0.000000,0.171421,0.365300
tracking_cdrone3_20260822_110218_815_milestone4,milestone4,1787421817.667097569,target_map,7,13,0,detected,-6.086523,0.068810,0.069422,-0.285966,-0.056180,0.032203,0.802735,7.215442,1739.375,1,0.161116,0.000000,0.206391,0.390279
tracking_cdrone3_20260822_110218_815_milestone4,milestone4,1787421817.723434448,raw,13,13,0,detected,-6.028264,0.093062,0.023503,0.054654,0.068173,-0.182681,0.817871,7.228570,1873.875,0,0.000000,0.000000,0.000000,0.000000
tracking_cdrone3_20260822_110218_815_milestone4,milestone4,1787421817.766717434,target_map,7,13,0,detected,-6.032025,0.093528,0.020224,-0.098625,0.012214,-0.085983,0.810073,7.228570,1873.875,0,0.038139,0.000000,0.163349,0.359535
tracking_cdrone3_20260822_110218_815_milestone4,milestone4,1787421817.867305040,target_map,7,13,0,detected,-6.041941,0.094756,0.011579,-0.098625,0.012214,-0.085983,0.789516,7.228570,1873.875,0,0.138679,0.000000,0.198538,0.384670
tracking_cdrone3_20260822_110218_815_milestone4,milestone4,1787421817.928181648,raw,13,13,0,detected,-5.937958,0.079757,0.029711,0.441067,-0.064981,0.030319,0.824707,7.318093,1831.125,0,0.000000,0.000000,0.000000,0.000000
tracking_cdrone3_20260822_110218_815_milestone4,milestone4,1787421817.967585087,target_map,7,13,0,detected,-5.931050,0.078703,0.028943,0.198205,-0.030243,-0.022017,0.817521,7.318093,1831.125,0,0.034852,0.000000,0.162198,0.358713
tracking_cdrone3_20260822_110218_815_milestone4,milestone4,1787421818.067026615,target_map,7,13,0,detected,-5.911335,0.075695,0.026753,0.198205,-0.030243,-0.022017,0.797013,7.318093,1831.125,0,0.134320,0.000000,0.197012,0.383580
tracking_cdrone3_20260822_110218_815_milestone4,milestone4,1787421818.148488283,raw,13,13,0,detected,-6.007168,0.087914,0.087006,-0.314125,0.037023,0.260051,0.821777,7.248801,1813.000,1,0.000000,0.000000,0.000000,0.000000
tracking_cdrone3_20260822_110218_815_milestone4,milestone4,1787421818.168533087,target_map,7,13,0,detected,-6.008316,0.088007,0.088835,-0.083576,0.006753,0.133120,0.818955,7.248801,1813.000,1,0.013736,0.000000,0.154807,0.353434
tracking_cdrone3_20260822_110218_815_milestone4,milestone4,1787421818.266961813,target_map,7,13,0,detected,-6.016542,0.088672,0.101937,-0.083576,0.006753,0.133120,0.798735,7.248801,1813.000,1,0.112160,0.000000,0.189256,0.378040
tracking_cdrone3_20260822_110218_815_milestone4,milestone4,1787421818.365349054,raw,13,13,0,detected,-5.860804,0.073060,0.077189,0.674930,-0.068496,-0.045268,0.817871,7.394615,1816.875,0,0.000000,0.000000,0.000000,0.000000
tracking_cdrone3_20260822_110218_815_milestone4,milestone4,1787421818.367477179,target_map,7,13,0,detected,-6.024943,0.089350,0.115318,-0.083576,0.006753,0.133120,0.778084,7.248801,1813.000,1,0.212679,0.000000,0.224438,0.403170
tracking_cdrone3_20260822_110218_815_milestone4,milestone4,1787421818.467122555,target_map,7,13,0,detected,-5.828568,0.069714,0.080572,0.333602,-0.034634,0.035007,0.798114,7.394615,1816.875,0,0.096629,0.000000,0.183820,0.374157
tracking_cdrone3_20260822_110218_815_milestone4,milestone4,1787421818.567460299,target_map,7,13,0,detected,-5.795099,0.066239,0.084084,0.333602,-0.034634,0.035007,0.777600,7.394615,1816.875,0,0.196954,0.000000,0.218934,0.399239
tracking_cdrone3_20260822_110218_815_milestone4,milestone4,1787421818.611227036,raw,13,13,0,detected,-5.933931,0.090654,0.021545,-0.297414,0.071555,-0.226306,0.817871,7.322700,1766.875,1,0.000000,0.000000,0.000000,0.000000
tracking_cdrone3_20260822_110218_815_milestone4,milestone4,1787421818.667034149,target_map,7,13,0,detected,-5.934628,0.091885,0.015918,-0.013456,0.023770,-0.108715,0.807287,7.322700,1766.875,1,0.051762,0.000000,0.168117,0.362940
tracking_cdrone3_20260822_110218_815_milestone4,milestone4,1787421818.766801834,target_map,7,13,0,detected,-5.935970,0.094256,0.005071,-0.013456,0.023770,-0.108715,0.786888,7.322700,1766.875,1,0.151531,0.000000,0.203036,0.387883
tracking_cdrone3_20260822_110218_815_milestone4,milestone4,1787421818.867031336,target_map,7,13,2,predicted,-5.937319,0.096638,-0.005825,-0.013456,0.023770,-0.108715,0.766395,7.322700,1766.875,1,0.251755,0.251755,0.238114,0.412939
tracking_cdrone3_20260822_110218_815_milestone4,milestone4,1787421818.905386209,raw,13,13,0,detected,-5.859283,0.103255,0.051222,0.253780,0.042839,0.100893,0.823730,7.397811,1957.500,0,0.000000,0.000000,0.000000,0.000000
tracking_cdrone3_20260822_110218_815_milestone4,milestone4,1787421818.967403889,target_map,7,13,0,detected,-5.851389,0.105280,0.051611,0.133524,0.034258,0.006569,0.811556,7.397811,1957.500,0,0.059120,0.000000,0.170692,0.364780
tracking_cdrone3_20260822_110218_815_milestone4,milestone4,1787421819.067323446,target_map,7,13,0,detected,-5.838047,0.108703,0.052267,0.133524,0.034258,0.006569,0.790979,7.397811,1957.500,0,0.159042,0.000000,0.205665,0.389760
tracking_cdrone3_20260822_110218_815_milestone4,milestone4,1787421819.148310661,raw,13,13,0,detected,-5.879221,0.078415,0.043969,-0.082066,-0.102244,-0.029856,0.813965,7.376710,1885.000,1,0.000000,0.000000,0.000000,0.000000
tracking_cdrone3_20260822_110218_815_milestone4,milestone4,1787421819.167062759,target_map,7,13,0,detected,-5.878985,0.077770,0.043756,0.014949,-0.040818,-0.013464,0.810750,7.376710,1885.000,1,0.015798,0.000000,0.155529,0.353949
tracking_cdrone3_20260822_110218_815_milestone4,milestone4,1787421819.267019272,target_map,7,13,0,detected,-5.877491,0.073690,0.042410,0.014949,-0.040818,-0.013464,0.790411,7.376710,1885.000,1,0.115747,0.000000,0.190512,0.378937
tracking_cdrone3_20260822_110218_815_milestone4,milestone4,1787421819.366840839,target_map,7,13,0,detected,-5.875999,0.069615,0.041066,0.014949,-0.040818,-0.013464,0.770098,7.376710,1885.000,1,0.215570,0.000000,0.225449,0.403892
tracking_cdrone3_20260822_110218_815_milestone4,milestone4,1787421819.396733761,raw,13,13,0,detected,-5.952425,0.082101,0.021465,-0.294681,0.014841,-0.090592,0.823730,7.304267,1698.125,1,0.000000,0.000000,0.000000,0.000000
tracking_cdrone3_20260822_110218_815_milestone4,milestone4,1787421819.466786146,target_map,7,13,0,detected,-5.962906,0.081413,0.017694,-0.155348,-0.010206,-0.055884,0.809836,7.304267,1698.125,1,0.067471,0.000000,0.173615,0.366868
tracking_cdrone3_20260822_110218_815_milestone4,milestone4,1787421819.566863775,target_map,7,13,0,detected,-5.978451,0.080391,0.012102,-0.155348,-0.010206,-0.055884,0.789229,7.304267,1698.125,1,0.167538,0.000000,0.208638,0.391884
tracking_cdrone3_20260822_110218_815_milestone4,milestone4,1787421819.667169094,raw,13,13,0,detected,-6.059862,0.081933,0.054226,-0.397286,-0.000620,0.121146,0.832520,7.196102,1701.000,1,0.000000,0.000000,0.000000,0.000000
tracking_cdrone3_20260822_110218_815_milestone4,milestone4,1787421819.667299986,target_map,7,13,2,predicted,-5.994052,0.079366,0.006489,-0.155348,-0.010206,-0.055884,0.768547,7.304267,1698.125,1,0.267967,0.267967,0.243788,0.416992
tracking_cdrone3_20260822_110218_815_milestone4,milestone4,1787421819.767073393,target_map,7,13,0,detected,-6.086748,0.081474,0.058093,-0.288413,-0.004934,0.041482,0.813117,7.196102,1701.000,1,0.093222,0.000000,0.182628,0.373306
tracking_cdrone3_20260822_110218_815_milestone4,milestone4,1787421819.867117405,target_map,7,13,0,detected,-6.115600,0.080980,0.062242,-0.288413,-0.004934,0.041482,0.792297,7.196102,1701.000,1,0.193259,0.000000,0.217640,0.398315
tracking_cdrone3_20260822_110218_815_milestone4,milestone4,1787421819.890203238,raw,13,13,0,detected,-6.041198,0.096358,0.042372,0.083681,0.064676,-0.053149,0.821289,7.215733,1792.000,0,0.000000,0.000000,0.000000,0.000000
tracking_cdrone3_20260822_110218_815_milestone4,milestone4,1787421819.966964722,target_map,7,13,0,detected,-6.047396,0.098826,0.041590,-0.083761,0.033352,-0.010565,0.806096,7.215733,1792.000,0,0.073996,0.000000,0.175899,0.368499
tracking_cdrone3_20260822_110218_815_milestone4,milestone4,1787421820.066873789,target_map,7,13,0,detected,-6.055763,0.102158,0.040535,-0.083761,0.033352,-0.010565,0.785585,7.215733,1792.000,0,0.173891,0.000000,0.210862,0.393473
tracking_cdrone3_20260822_110218_815_milestone4,milestone4,1787421820.115672112,raw,13,13,0,detected,-6.027885,0.073371,0.070659,0.059045,-0.101955,0.125460,0.825684,7.227714,1806.000,0,0.000000,0.000000,0.000000,0.000000
tracking_cdrone3_20260822_110218_815_milestone4,milestone4,1787421820.167022228,target_map,7,13,0,detected,-6.028133,0.071418,0.073715,-0.005218,-0.041067,0.064249,0.815865,7.227714,1806.000,0,0.047565,0.000000,0.166648,0.361891
tracking_cdrone3_20260822_110218_815_milestone4,milestone4,1787421820.266951323,target_map,7,13,0,detected,-6.028655,0.067315,0.080134,-0.005218,-0.041067,0.064249,0.795242,7.227714,1806.000,0,0.147473,0.000000,0.201616,0.386868
tracking_cdrone3_20260822_110218_815_milestone4,milestone4,1787421820.344913721,raw,13,13,0,detected,-6.018854,0.074088,0.061940,0.039400,0.003129,-0.038032,0.825684,7.236694,1794.375,0,0.000000,0.000000,0.000000,0.000000
tracking_cdrone3_20260822_110218_815_milestone4,milestone4,1787421820.367320538,target_map,7,13,0,detected,-6.018469,0.073755,0.062099,0.019322,-0.016760,0.007994,0.821580,7.236694,1794.375,0,0.019879,0.000000,0.156958,0.354970
tracking_cdrone3_20260822_110218_815_milestone4,milestone4,1787421820.467055321,target_map,7,13,0,detected,-6.016542,0.072083,0.062897,0.019322,-0.016760,0.007994,0.800991,7.236694,1794.375,0,0.119624,0.000000,0.191868,0.379906
tracking_cdrone3_20260822_110218_815_milestone4,milestone4,1787421820.566729546,target_map,7,13,0,detected,-6.014616,0.070413,0.063693,0.019322,-0.016760,0.007994,0.780415,7.236694,1794.375,0,0.219303,0.000000,0.226756,0.404826
tracking_cdrone3_20260822_110218_815_milestone4,milestone4,1787421820.601848841,raw,13,13,0,detected,-6.022700,0.070845,0.065977,-0.014968,-0.012622,0.015712,0.821777,7.232754,1728.000,0,0.000000,0.000000,0.000000,0.000000
tracking_cdrone3_20260822_110218_815_milestone4,milestone4,1787421820.667047977,target_map,7,13,0,detected,-6.022671,0.069942,0.066741,0.000462,-0.014484,0.012239,0.808966,7.232754,1728.000,0,0.062359,0.000000,0.171826,0.365590
tracking_cdrone3_20260822_110218_815_milestone4,milestone4,1787421820.766963720,target_map,7,13,0,detected,-6.022625,0.068495,0.067963,0.000462,-0.014484,0.012239,0.788447,7.232754,1728.000,0,0.162233,0.000000,0.206782,0.390558
tracking_cdrone3_20260822_110218_815_milestone4,milestone4,1787421820.849384069,raw,13,13,0,detected,-5.938076,0.083383,0.060767,0.341867,0.050651,-0.021049,0.828613,7.317921,1799.000,0,0.000000,0.000000,0.000000,0.000000
tracking_cdrone3_20260822_110218_815_milestone4,milestone4,1787421820.867042542,target_map,7,13,0,detected,-5.935812,0.083639,0.060694,0.188235,0.021340,-0.006069,0.826122,7.317921,1799.000,0,0.012025,0.000000,0.154209,0.353006
tracking_cdrone3_20260822_110218_815_milestone4,milestone4,1787421820.967084646,target_map,7,13,0,detected,-5.916983,0.085774,0.060087,0.188235,0.021340,-0.006069,0.805400,7.317921,1799.000,0,0.112057,0.000000,0.189220,0.378014
tracking_cdrone3_20260822_110218_815_milestone4,milestone4,1787421821.067460775,target_map,7,13,0,detected,-5.898089,0.087916,0.059478,0.188235,0.021340,-0.006069,0.784608,7.317921,1799.000,0,0.212430,0.000000,0.224350,0.403107
tracking_cdrone3_20260822_110218_815_milestone4,milestone4,1787421821.097879648,raw,13,13,0,detected,-6.019242,0.072364,0.058970,-0.326638,-0.044341,-0.007232,0.833008,7.236279,1862.000,1,0.000000,0.000000,0.000000,0.000000
tracking_cdrone3_20260822_110218_815_milestone4,milestone4,1787421821.166839600,target_map,7,13,0,detected,-6.025491,0.071391,0.058529,-0.094945,-0.014785,-0.006708,0.819300,7.236279,1862.000,1,0.065823,0.000000,0.173038,0.366456
tracking_cdrone3_20260822_110218_815_milestone4,milestone4,1787421821.267196894,target_map,7,13,0,detected,-6.035017,0.069908,0.057856,-0.094945,-0.014785,-0.006708,0.798406,7.236279,1862.000,1,0.166152,0.000000,0.208153,0.391538
tracking_cdrone3_20260822_110218_815_milestone4,milestone4,1787421821.329544544,raw,13,13,0,detected,-6.012139,0.077312,0.068879,0.030660,0.021357,0.042773,0.818359,7.243577,1721.250,0,0.000000,0.000000,0.000000,0.000000
tracking_cdrone3_20260822_110218_815_milestone4,milestone4,1787421821.366814613,target_map,7,13,0,detected,-6.013016,0.077485,0.069574,-0.025862,0.005093,0.020506,0.811423,7.243577,1721.250,0,0.033903,0.000000,0.161866,0.358476
tracking_cdrone3_20260822_110218_815_milestone4,milestone4,1787421821.467083454,target_map,7,13,0,detected,-6.015608,0.077995,0.071630,-0.025862,0.005093,0.020506,0.790912,7.243577,1721.250,0,0.134160,0.000000,0.196956,0.383540
tracking_cdrone3_20260822_110218_815_milestone4,milestone4,1787421821.566875935,raw,13,13,0,detected,-6.024962,0.075174,0.070808,-0.054027,-0.009007,0.008128,0.825684,7.230628,1775.250,1,0.000000,0.000000,0.000000,0.000000
tracking_cdrone3_20260822_110218_815_milestone4,milestone4,1787421821.567288399,target_map,7,13,0,detected,-6.018200,0.078506,0.073685,-0.025862,0.005093,0.020506,0.770407,7.243577,1721.250,0,0.234380,0.000000,0.232033,0.408595
tracking_cdrone3_20260822_110218_815_milestone4,milestone4,1787421821.667019129,target_map,7,13,0,detected,-6.028694,0.074934,0.072044,-0.041353,-0.002662,0.013698,0.807057,7.230628,1775.250,1,0.090236,0.000000,0.181583,0.372559
tracking_cdrone3_20260822_110218_815_milestone4,milestone4,1787421821.767134428,target_map,7,13,0,detected,-6.032834,0.074667,0.073416,-0.041353,-0.002662,0.013698,0.786393,7.230628,1775.250,1,0.190342,0.000000,0.216620,0.397585
tracking_cdrone3_20260822_110218_815_milestone4,milestone4,1787421821.769412279,raw,13,13,0,detected,-5.987534,0.067041,0.064786,0.184824,-0.040159,-0.029737,0.824707,7.267673,1787.500,0,0.000000,0.000000,0.000000,0.000000
tracking_cdrone3_20260822_110218_815_milestone4,milestone4,1787421821.867035151,target_map,7,13,0,detected,-5.979699,0.064845,0.063825,0.083044,-0.023285,-0.010191,0.805255,7.267673,1787.500,0,0.094348,0.000000,0.183022,0.373587
tracking_cdrone3_20260822_110218_815_milestone4,milestone4,1787421821.966882229,target_map,7,13,0,detected,-5.971407,0.062520,0.062807,0.083044,-0.023285,-0.010191,0.784670,7.267673,1787.500,0,0.194190,0.000000,0.217967,0.398548
tracking_cdrone3_20260822_110218_815_milestone4,milestone4,1787421821.985497236,raw,13,13,0,detected,-5.967718,0.081422,0.073161,0.091699,0.066549,0.038755,0.824707,7.288112,1761.750,0,0.000000,0.000000,0.000000,0.000000
tracking_cdrone3_20260822_110218_815_milestone4,milestone4,1787421822.066725731,target_map,7,13,0,detected,-5.960813,0.083477,0.074477,0.087804,0.026124,0.016729,0.808493,7.288112,1761.750,0,0.078641,0.000000,0.177524,0.369660
tracking_cdrone3_20260822_110218_815_milestone4,milestone4,1787421822.167131186,target_map,7,13,0,detected,-5.951999,0.086099,0.076156,0.087804,0.026124,0.016729,0.787796,7.288112,1761.750,0,0.179026,0.000000,0.212659,0.394756
tracking_cdrone3_20260822_110218_815_milestone4,milestone4,1787421822.209399223,raw,13,13,0,detected,-6.031735,0.128667,0.044967,-0.285921,0.211009,-0.125922,0.834473,7.227230,1687.500,1,0.000000,0.000000,0.000000,0.000000
tracking_cdrone3_20260822_110218_815_milestone4,milestone4,1787421822.266999722,target_map,7,13,0,detected,-6.037748,0.135193,0.041815,-0.117745,0.127811,-0.061729,0.823820,7.227230,1687.500,1,0.051063,0.000000,0.167872,0.362766
tracking_cdrone3_20260822_110218_815_milestone4,milestone4,1787421822.366976738,target_map,7,13,0,detected,-6.049514,0.147966,0.035646,-0.117745,0.127811,-0.061729,0.802972,7.227230,1687.500,1,0.150997,0.000000,0.202849,0.387749
tracking_cdrone3_20260822_110218_815_milestone4,milestone4,1787421822.418063641,raw,13,13,0,detected,-6.025147,0.071486,0.066193,0.031575,-0.274036,0.101720,0.823242,7.230304,1890.000,0,0.000000,0.000000,0.000000,0.000000
tracking_cdrone3_20260822_110218_815_milestone4,milestone4,1787421822.466979980,target_map,7,13,0,detected,-6.026799,0.067162,0.067499,-0.035619,-0.093205,0.028168,0.813695,7.230304,1890.000,0,0.046387,0.000000,0.166236,0.361597
tracking_cdrone3_20260822_110218_815_milestone4,milestone4,1787421822.566844463,target_map,7,13,0,detected,-6.030356,0.057854,0.070312,-0.035619,-0.093205,0.028168,0.793142,7.230304,1890.000,0,0.146252,0.000000,0.201188,0.386563
tracking_cdrone3_20260822_110218_815_milestone4,milestone4,1787421822.640082836,raw,13,13,0,detected,-6.040006,0.065593,0.037431,-0.066923,-0.026541,-0.129542,0.826660,7.215615,1775.250,1,0.000000,0.000000,0.000000,0.000000
tracking_cdrone3_20260822_110218_815_milestone4,milestone4,1787421822.667094231,target_map,7,13,0,detected,-6.041130,0.064390,0.036184,-0.052836,-0.056540,-0.058573,0.822262,7.215615,1775.250,1,0.021283,0.000000,0.157449,0.355321
tracking_cdrone3_20260822_110218_815_milestone4,milestone4,1787421822.766834736,target_map,7,13,0,detected,-6.046410,0.058740,0.030331,-0.052836,-0.056540,-0.058573,0.801611,7.215615,1775.250,1,0.121207,0.000000,0.192422,0.380302
tracking_cdrone3_20260822_110218_815_milestone4,milestone4,1787421822.861906528,raw,13,13,0,detected,-5.950078,0.076179,0.070030,0.405410,0.047722,0.146963,0.821777,7.305596,1895.250,0,0.000000,0.000000,0.000000,0.000000
tracking_cdrone3_20260822_110218_815_milestone4,milestone4,1787421822.873146296,target_map,7,13,0,detected,-6.052027,0.052729,0.024105,-0.052836,-0.056540,-0.058573,0.779640,7.215615,1775.250,1,0.227516,0.000000,0.229631,0.406879
tracking_cdrone3_20260822_110218_815_milestone4,milestone4,1787421822.967170954,target_map,7,13,0,detected,-5.932136,0.076251,0.074936,0.199199,0.000804,0.054472,0.803273,7.305596,1895.250,0,0.090071,0.000000,0.181525,0.372518
tracking_cdrone3_20260822_110218_815_milestone4,milestone4,1787421823.067128181,target_map,7,13,0,detected,-5.912224,0.076331,0.080381,0.199199,0.000804,0.054472,0.782737,7.305596,1895.250,0,0.190031,0.000000,0.216511,0.397508
tracking_cdrone3_20260822_110218_815_milestone4,milestone4,1787421823.100891829,raw,13,13,0,detected,-5.916607,0.084268,0.003349,0.140059,0.033850,-0.279027,0.829102,7.340423,1748.250,0,0.000000,0.000000,0.000000,0.000000
tracking_cdrone3_20260822_110218_815_milestone4,milestone4,1787421823.166660070,target_map,7,13,0,detected,-5.906579,0.085410,-0.004410,0.166672,0.018979,-0.128952,0.816631,7.340423,1748.250,0,0.060165,0.000000,0.171058,0.365041
tracking_cdrone3_20260822_110218_815_milestone4,milestone4,1787421823.267668724,target_map,7,13,0,detected,-5.889749,0.087327,-0.017431,0.166672,0.018979,-0.128952,0.795700,7.340423,1748.250,0,0.161144,0.000000,0.206400,0.390286
tracking_cdrone3_20260822_110218_815_milestone4,milestone4,1787421823.366430044,raw,13,13,0,detected,-6.025472,0.076707,0.071026,-0.409922,-0.028472,0.254832,0.832520,7.230241,1780.625,1,0.000000,0.000000,0.000000,0.000000
tracking_cdrone3_20260822_110218_815_milestone4,milestone4,1787421823.367397547,target_map,7,13,2,predicted,-5.873126,0.089219,-0.030292,0.166672,0.018979,-0.128952,0.775028,7.340423,1748.250,0,0.260879,0.260879,0.241307,0.415220
tracking_cdrone3_20260822_110218_815_milestone4,milestone4,1787421823.466809988,target_map,7,13,0,detected,-6.039413,0.076047,0.078636,-0.150455,-0.007119,0.082129,0.813234,7.230241,1780.625,1,0.092661,0.000000,0.182431,0.373165
tracking_cdrone3_20260822_110218_815_milestone4,milestone4,1787421823.566689253,target_map,7,13,0,detected,-6.054441,0.075336,0.086839,-0.150455,-0.007119,0.082129,0.792445,7.230241,1780.625,1,0.192544,0.000000,0.217391,0.398136
tracking_cdrone3_20260822_110218_815_milestone4,milestone4,1787421823.605454206,raw,13,13,0,detected,-6.030677,0.097031,0.039225,-0.021781,0.085044,-0.133064,0.823242,7.226250,1760.000,0,0.000000,0.000000,0.000000,0.000000
tracking_cdrone3_20260822_110218_815_milestone4,milestone4,1787421823.666795969,target_map,7,13,0,detected,-6.035359,0.099591,0.037097,-0.079684,0.043571,-0.036227,0.811149,7.226250,1760.000,0,0.058758,0.000000,0.170565,0.364690
tracking_cdrone3_20260822_110218_815_milestone4,milestone4,1787421823.766772985,target_map,7,13,0,detected,-6.043325,0.103947,0.033475,-0.079684,0.043571,-0.036227,0.790574,7.226250,1760.000,0,0.158729,0.000000,0.205555,0.389682
tracking_cdrone3_20260822_110218_815_milestone4,milestone4,1787421823.851969957,raw,13,13,0,detected,-6.026878,0.078980,0.034354,0.015410,-0.073222,-0.019762,0.826660,7.229603,1766.875,0,0.000000,0.000000,0.000000,0.000000
tracking_cdrone3_20260822_110218_815_milestone4,milestone4,1787421823.867055893,target_map,7,13,0,detected,-6.027176,0.078756,0.034059,-0.027382,-0.020665,-0.027171,0.824416,7.229603,1766.875,0,0.010859,0.000000,0.153801,0.352715
tracking_cdrone3_20260822_110218_815_milestone4,milestone4,1787421823.967034578,target_map,7,13,0,detected,-6.029913,0.076690,0.031342,-0.027382,-0.020665,-0.027171,0.803753,7.229603,1766.875,0,0.110842,0.000000,0.188795,0.377710
tracking_cdrone3_20260822_110218_815_milestone4,milestone4,1787421824.067080975,target_map,7,13,0,detected,-6.032653,0.074622,0.028624,-0.027382,-0.020665,-0.027171,0.783077,7.229603,1766.875,0,0.210890,0.000000,0.223812,0.402723
tracking_cdrone3_20260822_110218_815_milestone4,milestone4,1787421824.087033033,raw,13,13,0,detected,-6.039346,0.081446,0.077792,-0.053033,0.010488,0.184770,0.827637,7.216563,1827.000,1,0.000000,0.000000,0.000000,0.000000
tracking_cdrone3_20260822_110218_815_milestone4,milestone4,1787421824.167006016,target_map,7,13,0,detected,-6.042372,0.081189,0.084311,-0.041490,-0.003531,0.089396,0.812549,7.216563,1827.000,1,0.072917,0.000000,0.175521,0.368229
tracking_cdrone3_20260822_110218_815_milestone4,milestone4,1787421824.267088890,target_map,7,13,0,detected,-6.046516,0.080836,0.093242,-0.041490,-0.003531,0.089396,0.791879,7.216563,1827.000,1,0.172819,0.000000,0.210487,0.393205
tracking_cdrone3_20260822_110218_815_milestone4,milestone4,1787421824.332653999,raw,13,13,0,detected,-6.044718,0.101678,0.103465,-0.021872,0.082381,0.104537,0.826660,7.212017,1820.000,0,0.000000,0.000000,0.000000,0.000000
tracking_cdrone3_20260822_110218_815_milestone4,milestone4,1787421824.366797447,target_map,7,13,0,detected,-6.045445,0.102713,0.105780,-0.030700,0.043720,0.097723,0.821765,7.212017,1820.000,0,0.023688,0.000000,0.158291,0.355922
tracking_cdrone3_20260822_110218_815_milestone4,milestone4,1787421824.467074633,target_map,7,13,0,detected,-6.048523,0.107097,0.115578,-0.030700,0.043720,0.097723,0.801043,7.212017,1820.000,0,0.123954,0.000000,0.193384,0.380988
tracking_cdrone3_20260822_110218_815_milestone4,milestone4,1787421824.556562424,raw,13,13,0,detected,-5.941817,0.089399,0.068022,0.459564,-0.054836,-0.158291,0.832520,7.314703,1721.250,0,0.000000,0.000000,0.000000,0.000000
tracking_cdrone3_20260822_110218_815_milestone4,milestone4,1787421824.568528414,target_map,7,13,0,detected,-5.939567,0.089301,0.067616,0.238945,-0.010485,-0.043085,0.830560,7.314703,1721.250,0,0.009417,0.000000,0.153296,0.352354
tracking_cdrone3_20260822_110218_815_milestone4,milestone4,1787421824.667285681,target_map,7,13,0,detected,-5.915973,0.088265,0.063362,0.238945,-0.010485,-0.043085,0.810008,7.314703,1721.250,0,0.108159,0.000000,0.187856,0.377040
tracking_cdrone3_20260822_110218_815_milestone4,milestone4,1787421824.767171860,target_map,7,13,0,detected,-5.892106,0.087218,0.059059,0.238945,-0.010485,-0.043085,0.789219,7.314703,1721.250,0,0.208044,0.000000,0.222815,0.402011
tracking_cdrone3_20260822_110218_815_milestone4,milestone4,1787421824.788459301,raw,13,13,0,detected,-6.031643,0.080486,0.049189,-0.387364,-0.038436,-0.081214,0.829102,7.224531,1701.000,1,0.000000,0.000000,0.000000,0.000000
tracking_cdrone3_20260822_110218_815_milestone4,milestone4,1787421824.866738081,target_map,7,13,0,detected,-6.039126,0.078653,0.044647,-0.105525,-0.025858,-0.064056,0.814404,7.224531,1701.000,1,0.070908,0.000000,0.174818,0.367727
tracking_cdrone3_20260822_110218_815_milestone4,milestone4,1787421824.967098475,target_map,7,13,0,detected,-6.049715,0.076058,0.038219,-0.105525,-0.025858,-0.064056,0.793605,7.224531,1701.000,1,0.171252,0.000000,0.209938,0.392813
tracking_cdrone3_20260822_110218_815_milestone4,milestone4,1787421824.993288755,raw,13,13,0,detected,-6.014931,0.079669,0.053642,0.081589,-0.003991,0.021738,0.829590,7.241047,1766.875,0,0.000000,0.000000,0.000000,0.000000
tracking_cdrone3_20260822_110218_815_milestone4,milestone4,1787421825.066815615,target_map,7,13,0,detected,-6.015110,0.078722,0.052487,-0.002612,-0.013831,-0.016869,0.815389,7.241047,1766.875,0,0.068473,0.000000,0.173965,0.367118
tracking_cdrone3_20260822_110218_815_milestone4,milestone4,1787421825.167093754,target_map,7,13,0,detected,-6.015372,0.077335,0.050795,-0.002612,-0.013831,-0.016869,0.794596,7.241047,1766.875,0,0.168728,0.000000,0.209055,0.392182
tracking_cdrone3_20260822_110218_815_milestone4,milestone4,1787421825.210015059,raw,13,13,0,detected,-6.038137,0.085725,0.058897,-0.107077,0.027945,0.024249,0.832520,7.218080,1834.000,1,0.000000,0.000000,0.000000,0.000000
tracking_cdrone3_20260822_110218_815_milestone4,milestone4,1787421825.267038107,target_map,7,13,0,detected,-6.041213,0.086194,0.059191,-0.060068,0.009146,0.005746,0.821864,7.218080,1834.000,1,0.051195,0.000000,0.167918,0.362799
tracking_cdrone3_20260822_110218_815_milestone4,milestone4,1787421825.367316246,target_map,7,13,0,detected,-6.047236,0.087111,0.059767,-0.060068,0.009146,0.005746,0.800994,7.218080,1834.000,1,0.151470,0.000000,0.203014,0.387867
tracking_cdrone3_20260822_110218_815_milestone4,milestone4,1787421825.419440031,raw,13,13,0,detected,-6.001399,0.064215,0.033125,0.175421,-0.102710,-0.123058,0.830566,7.254195,1741.500,0,0.000000,0.000000,0.000000,0.000000
tracking_cdrone3_20260822_110218_815_milestone4,milestone4,1787421825.466811895,target_map,7,13,0,detected,-5.998291,0.061871,0.030211,0.069451,-0.052375,-0.065097,0.821272,7.254195,1741.500,0,0.044760,0.000000,0.165666,0.361190
tracking_cdrone3_20260822_110218_815_milestone4,milestone4,1787421825.567163467,target_map,7,13,0,detected,-5.991322,0.056616,0.023680,0.069451,-0.052375,-0.065097,0.800439,7.254195,1741.500,0,0.145094,0.000000,0.200783,0.386274
tracking_cdrone3_20260822_110218_815_milestone4,milestone4,1787421825.638619661,raw,13,13,0,detected,-5.994475,0.075974,0.025435,0.031590,0.053652,-0.035085,0.823730,7.261648,1883.000,0,0.000000,0.000000,0.000000,0.000000
tracking_cdrone3_20260822_110218_815_milestone4,milestone4,1787421825.666916132,target_map,7,13,0,detected,-5.993227,0.076126,0.024188,0.048628,0.005940,-0.048590,0.818444,7.261648,1883.000,0,0.025670,0.000000,0.158985,0.356418
tracking_cdrone3_20260822_110218_815_milestone4,milestone4,1787421825.767148733,target_map,7,13,0,detected,-5.988353,0.076722,0.019318,0.048628,0.005940,-0.048590,0.797803,7.261648,1883.000,0,0.125903,0.000000,0.194066,0.381476
tracking_cdrone3_20260822_110218_815_milestone4,milestone4,1787421825.845939398,raw,13,13,0,detected,-5.890006,0.072981,0.048042,0.503884,-0.014435,0.109039,0.819824,7.365765,1928.500,0,0.000000,0.000000,0.000000,0.000000
tracking_cdrone3_20260822_110218_815_milestone4,milestone4,1787421825.869221449,target_map,7,13,0,detected,-5.883776,0.072871,0.048836,0.299019,-0.005267,0.038106,0.815554,7.365765,1928.500,0,0.020835,0.000000,0.157292,0.355209
tracking_cdrone3_20260822_110218_815_milestone4,milestone4,1787421825.967137814,target_map,7,13,0,detected,-5.854500,0.072356,0.052567,0.299019,-0.005267,0.038106,0.795488,7.365765,1928.500,0,0.118741,0.000000,0.191559,0.379685
tracking_cdrone3_20260822_110218_815_milestone4,milestone4,1787421826.067109346,target_map,7,13,0,detected,-5.824607,0.071829,0.056376,0.299019,-0.005267,0.038106,0.774998,7.365765,1928.500,0,0.218711,0.000000,0.226549,0.404678
tracking_cdrone3_20260822_110218_815_milestone4,milestone4,1787421826.083175659,raw,13,13,0,detected,-6.000026,0.085974,0.050890,-0.463767,0.054769,0.012003,0.825195,7.256283,1794.375,1,0.000000,0.000000,0.000000,0.000000
tracking_cdrone3_20260822_110218_815_milestone4,milestone4,1787421826.167205095,target_map,7,13,0,detected,-6.009443,0.088143,0.052745,-0.120513,0.027753,0.023749,0.809075,7.256283,1794.375,1,0.078140,0.000000,0.177349,0.369535
tracking_cdrone3_20260822_110218_815_milestone4,milestone4,1787421826.266754866,target_map,7,13,0,detected,-6.021441,0.090906,0.055110,-0.120513,0.027753,0.023749,0.788536,7.256283,1794.375,1,0.177701,0.000000,0.212195,0.394425
tracking_cdrone3_20260822_110218_815_milestone4,milestone4,1787421826.302088261,raw,13,13,0,detected,-5.907186,0.081523,0.027771,0.424090,-0.020330,-0.105604,0.831055,7.349246,1806.000,0,0.000000,0.000000,0.000000,0.000000
tracking_cdrone3_20260822_110218_815_milestone4,milestone4,1787421826.367160320,target_map,7,13,0,detected,-5.896606,0.081601,0.024970,0.179019,0.001308,-0.047395,0.818776,7.349246,1806.000,0,0.059098,0.000000,0.170684,0.364774
tracking_cdrone3_20260822_110218_815_milestone4,milestone4,1787421826.467128515,target_map,7,13,0,detected,-5.878711,0.081731,0.020233,0.179019,0.001308,-0.047395,0.798007,7.349246,1806.000,0,0.159061,0.000000,0.205672,0.389765
tracking_cdrone3_20260822_110218_815_milestone4,milestone4,1787421826.523508787,raw,13,13,0,detected,-6.098859,0.082788,0.055449,-0.865623,0.005710,0.124998,0.829590,7.157353,1813.000,1,0.000000,0.000000,0.000000,0.000000
tracking_cdrone3_20260822_110218_815_milestone4,milestone4,1787421826.567022562,target_map,7,13,0,detected,-6.114790,0.082938,0.057359,-0.395534,0.003729,0.047421,0.821236,7.157353,1813.000,1,0.040278,0.000000,0.164097,0.360069
tracking_cdrone3_20260822_110218_815_milestone4,milestone4,1787421826.666782618,target_map,7,13,0,detected,-6.154250,0.083310,0.062090,-0.395534,0.003729,0.047421,0.800546,7.157353,1813.000,1,0.140039,0.000000,0.199014,0.385010
tracking_cdrone3_20260822_110218_815_milestone4,milestone4,1787421826.759709597,raw,13,13,0,detected,-6.027244,0.081679,0.056639,0.303169,-0.004693,0.005034,0.829102,7.228798,1766.875,0,0.000000,0.000000,0.000000,0.000000
tracking_cdrone3_20260822_110218_815_milestone4,milestone4,1787421826.767125607,target_map,7,13,0,detected,-6.027285,0.081676,0.056725,-0.011247,-0.000903,0.024108,0.828359,7.228798,1766.875,0,0.003583,0.000000,0.151254,0.350896
tracking_cdrone3_20260822_110218_815_milestone4,milestone4,1787421826.867038727,target_map,7,13,0,detected,-6.028408,0.081586,0.059134,-0.011247,-0.000903,0.024108,0.807647,7.228798,1766.875,0,0.103505,0.000000,0.186227,0.375876
tracking_cdrone3_20260822_110218_815_milestone4,milestone4,1787421826.967228889,target_map,7,13,0,detected,-6.029535,0.081495,0.061549,-0.011247,-0.000903,0.024108,0.786885,7.228798,1766.875,0,0.203674,0.000000,0.221286,0.400918
tracking_cdrone3_20260822_110218_815_milestone4,milestone4,1787421827.016177654,raw,13,13,0,detected,-5.976557,0.105314,0.082060,0.197663,0.092167,0.099134,0.825684,7.280467,1734.750,0,0.000000,0.000000,0.000000,0.000000
tracking_cdrone3_20260822_110218_815_milestone4,milestone4,1787421827.066987991,target_map,7,13,0,detected,-5.971616,0.107711,0.085176,0.103653,0.050286,0.065372,0.815844,7.280467,1734.750,0,0.047666,0.000000,0.166683,0.361916
tracking_cdrone3_20260822_110218_815_milestone4,milestone4,1787421827.167054653,target_map,7,13,0,detected,-5.961244,0.112743,0.091718,0.103653,0.050286,0.065372,0.795188,7.280467,1734.750,0,0.147736,0.000000,0.201708,0.386934
tracking_cdrone3_20260822_110218_815_milestone4,milestone4,1787421827.255234480,raw,13,13,0,detected,-5.956280,0.084570,0.056057,0.084819,-0.086774,-0.108773,0.818359,7.300161,1760.000,0,0.000000,0.000000,0.000000,0.000000
tracking_cdrone3_20260822_110218_815_milestone4,milestone4,1787421827.266700506,target_map,7,13,0,detected,-5.955451,0.084347,0.055786,0.093294,-0.025097,-0.030408,0.816540,7.300161,1760.000,0,0.008892,0.000000,0.153112,0.352223
tracking_cdrone3_20260822_110218_815_milestone4,milestone4,1787421827.366688013,target_map,7,13,0,detected,-5.946123,0.081838,0.052746,0.093294,-0.025097,-0.030408,0.796084,7.300161,1760.000,0,0.108876,0.000000,0.188107,0.377219
tracking_cdrone3_20260822_110218_815_milestone4,milestone4,1787421827.467062712,target_map,7,13,0,detected,-5.936760,0.079319,0.049694,0.093294,-0.025097,-0.030408,0.775552,7.300161,1760.000,0,0.209233,0.000000,0.223232,0.402308
tracking_cdrone3_20260822_110218_815_milestone4,milestone4,1787421827.491090536,raw,13,13,0,detected,-5.973802,0.074225,0.060909,-0.074288,-0.043864,0.020573,0.829590,7.281829,1848.000,1,0.000000,0.000000,0.000000,0.000000
tracking_cdrone3_20260822_110218_815_milestone4,milestone4,1787421827.567020416,target_map,7,13,0,detected,-5.973720,0.071646,0.060737,0.001124,-0.035419,-0.002368,0.814491,7.281829,1848.000,1,0.072799,0.000000,0.175480,0.368200
tracking_cdrone3_20260822_110218_815_milestone4,milestone4,1787421827.667249203,target_map,7,13,0,detected,-5.973607,0.068097,0.060499,0.001124,-0.035419,-0.002368,0.793707,7.281829,1848.000,1,0.173017,0.000000,0.210556,0.393254
tracking_cdrone3_20260822_110218_815_milestone4,milestone4,1787421827.739913464,raw,13,13,0,detected,-6.017085,0.077184,0.063120,-0.173956,0.011894,0.008884,0.825195,7.238671,1773.750,1,0.000000,0.000000,0.000000,0.000000
tracking_cdrone3_20260822_110218_815_milestone4,milestone4,1787421827.767314434,target_map,7,13,0,detected,-6.019279,0.076967,0.063208,-0.095170,-0.009397,0.003820,0.820440,7.238671,1773.750,1,0.023053,0.000000,0.158068,0.355763
tracking_cdrone3_20260822_110218_815_milestone4,milestone4,1787421827.867350101,target_map,7,13,0,detected,-6.028796,0.076028,0.063590,-0.095170,-0.009397,0.003820,0.799810,7.238671,1773.750,1,0.123051,0.000000,0.193068,0.380763
