run_id,experiment_tag,timestamp_s,sample_kind,track_id,detector_track_id,source,source_label,x_m,y_m,z_m,vx_mps,vy_mps,vz_mps,confidence,distance_m,bbox_area_px,inbound,last_observed_age_s,prediction_horizon_s,position_uncertainty_m,velocity_uncertainty_mps
tracking_cdrone3_20260822_205732_073_milestone4,milestone4,1787457452.151232719,target_map,78,472,0,detected,1.836900,-1.842723,0.086559,-0.521590,0.185421,-0.051901,0.514964,13.774300,378.000,1,0.136827,0.000000,0.197889,0.384207
tracking_cdrone3_20260822_205732_073_milestone4,milestone4,1787457452.178457260,raw,472,472,0,detected,2.187984,-1.915745,0.100837,1.680949,-0.286358,0.043128,0.459961,14.057327,378.000,0,0.000000,0.000000,0.000000,0.000000
tracking_cdrone3_20260822_205732_073_milestone4,milestone4,1787457452.250977993,target_map,78,472,0,detected,2.236039,-1.920904,0.100863,0.689806,-0.074057,0.000365,0.451950,14.057327,378.000,0,0.069664,0.000000,0.174382,0.367416
tracking_cdrone3_20260822_205732_073_milestone4,milestone4,1787457452.351516962,target_map,78,472,0,detected,2.305396,-1.928350,0.100899,0.689806,-0.074057,0.000365,0.440388,14.057327,378.000,0,0.170210,0.000000,0.209574,0.392553
tracking_cdrone3_20260822_205732_073_milestone4,milestone4,1787457452.361321449,raw,472,472,0,detected,1.834958,-1.875570,0.112619,-1.931242,0.219779,0.064450,0.459961,13.702065,378.000,1,0.000000,0.000000,0.000000,0.000000
tracking_cdrone3_20260822_205732_073_milestone4,milestone4,1787457452.451738834,target_map,78,472,0,detected,1.779028,-1.869056,0.115268,-0.751770,0.087552,0.035612,0.451406,13.702065,378.000,1,0.074398,0.000000,0.176039,0.368600
tracking_cdrone3_20260822_205732_073_milestone4,milestone4,1787457452.501514435,raw,472,472,0,detected,1.802599,-1.841125,0.090115,-0.230754,0.245633,-0.160479,0.459961,13.666498,378.000,1,0.000000,0.000000,0.000000,0.000000
tracking_cdrone3_20260822_205732_073_milestone4,milestone4,1787457452.550897360,target_map,78,472,0,detected,1.781145,-1.833078,0.086783,-0.465211,0.174497,-0.072238,0.454658,13.666498,378.000,1,0.046117,0.000000,0.166141,0.361529
tracking_cdrone3_20260822_205732_073_milestone4,milestone4,1787457452.626841307,raw,472,472,0,detected,2.198307,-1.910169,0.117302,3.158386,-0.551087,0.217002,0.402588,14.067001,387.000,0,0.000000,0.000000,0.000000,0.000000
tracking_cdrone3_20260822_205732_073_milestone4,milestone4,1787457452.650750875,target_map,78,472,0,detected,2.223978,-1.913943,0.118762,1.527768,-0.224575,0.086844,0.400897,14.067001,387.000,0,0.016803,0.000000,0.155881,0.354201
tracking_cdrone3_20260822_205732_073_milestone4,milestone4,1787457452.751655340,target_map,78,472,0,detected,2.378130,-1.936603,0.127524,1.527768,-0.224575,0.086844,0.390741,14.067001,387.000,0,0.117703,0.000000,0.191196,0.379426
tracking_cdrone3_20260822_205732_073_milestone4,milestone4,1787457452.851468801,target_map,78,472,0,detected,2.530636,-1.959020,0.136193,1.527768,-0.224575,0.086844,0.380695,14.067001,387.000,0,0.217526,0.000000,0.226134,0.404381
tracking_cdrone3_20260822_205732_073_milestone4,milestone4,1787457452.858334541,raw,472,472,0,detected,2.100453,-1.907506,0.098317,-0.422726,0.011508,-0.082015,0.471436,13.969420,378.000,1,0.000000,0.000000,0.000000,0.000000
tracking_cdrone3_20260822_205732_073_milestone4,milestone4,1787457452.950885773,target_map,78,472,0,detected,2.137384,-1.915194,0.097828,0.454996,-0.094729,-0.006029,0.461869,13.969420,378.000,1,0.081167,0.000000,0.178409,0.370292
tracking_cdrone3_20260822_205732_073_milestone4,milestone4,1787457453.051764965,target_map,78,472,0,detected,2.183279,-1.924750,0.097220,0.454996,-0.094729,-0.006029,0.449981,13.969420,378.000,1,0.182037,0.000000,0.213713,0.395509
tracking_cdrone3_20260822_205732_073_milestone4,milestone4,1787457453.122501612,raw,472,472,0,detected,2.165790,-1.918812,0.101033,0.247330,-0.042802,0.010283,0.471436,14.035529,378.000,0,0.000000,0.000000,0.000000,0.000000
tracking_cdrone3_20260822_205732_073_milestone4,milestone4,1787457453.150925875,target_map,78,472,0,detected,2.173172,-1.920246,0.101097,0.340780,-0.066169,0.002943,0.468883,14.035529,378.000,0,0.021660,0.000000,0.157581,0.355415
tracking_cdrone3_20260822_205732_073_milestone4,milestone4,1787457453.252403259,target_map,78,472,0,detected,2.207755,-1.926961,0.101396,0.340780,-0.066169,0.002943,0.456922,14.035529,378.000,0,0.123143,0.000000,0.193100,0.380786
tracking_cdrone3_20260822_205732_073_milestone4,milestone4,1787457453.350960493,target_map,78,472,0,detected,2.241340,-1.933482,0.101686,0.340780,-0.066169,0.002943,0.445307,14.035529,378.000,0,0.221695,0.000000,0.227593,0.405424
tracking_cdrone3_20260822_205732_073_milestone4,milestone4,1787457453.367192030,raw,472,472,0,detected,3.477356,-2.197927,0.116548,5.360209,-1.140709,0.063406,0.457031,15.369095,387.000,0,0.000000,0.000000,0.000000,0.000000
tracking_cdrone3_20260822_205732_073_milestone4,milestone4,1787457453.450978756,target_map,78,472,0,detected,3.715767,-2.248444,0.119331,3.101466,-0.657166,0.036197,0.448248,15.369095,387.000,0,0.076870,0.000000,0.176905,0.369218
tracking_cdrone3_20260822_205732_073_milestone4,milestone4,1787457453.550964832,target_map,78,472,0,detected,4.025877,-2.314153,0.122950,3.101466,-0.657166,0.036197,0.436824,15.369095,387.000,0,0.176859,0.000000,0.211901,0.394215
tracking_cdrone3_20260822_205732_073_milestone4,milestone4,1787457453.609337330,raw,472,472,0,detected,4.396819,-2.441959,0.132912,3.797014,-1.007753,0.067576,0.448242,16.310352,378.000,0,0.000000,0.000000,0.000000,0.000000
tracking_cdrone3_20260822_205732_073_milestone4,milestone4,1787457453.651324511,target_map,78,472,0,detected,4.532953,-2.475171,0.135001,3.484018,-0.849989,0.053456,0.443864,16.310352,378.000,0,0.039074,0.000000,0.163676,0.359768
tracking_cdrone3_20260822_205732_073_milestone4,milestone4,1787457453.750952721,target_map,78,472,0,detected,4.880277,-2.559907,0.140330,3.484018,-0.849989,0.053456,0.432692,16.310352,378.000,0,0.138764,0.000000,0.198568,0.384691
tracking_cdrone3_20260822_205732_073_milestone4,milestone4,1787457453.851094246,target_map,78,472,0,detected,5.229173,-2.645027,0.145683,3.484018,-0.849989,0.053456,0.421470,16.310352,378.000,0,0.238906,0.000000,0.233617,0.409727
tracking_cdrone3_20260822_205732_073_milestone4,milestone4,1787457453.874258995,raw,472,472,0,detected,3.895361,-2.343513,0.118275,-1.892792,0.371590,-0.055250,0.480225,15.800783,378.000,1,0.000000,0.000000,0.000000,0.000000
tracking_cdrone3_20260822_205732_073_milestone4,milestone4,1787457453.951191664,target_map,78,472,0,detected,3.934463,-2.356735,0.117805,0.526772,-0.178120,-0.006332,0.471313,15.800783,378.000,1,0.074229,0.000000,0.175980,0.368557
tracking_cdrone3_20260822_205732_073_milestone4,milestone4,1787457454.051213503,target_map,78,472,0,detected,3.987154,-2.374552,0.117171,0.526772,-0.178120,-0.006332,0.459304,15.800783,378.000,1,0.174255,0.000000,0.210989,0.393564
tracking_cdrone3_20260822_205732_073_milestone4,milestone4,1787457454.107084036,raw,472,472,0,detected,4.368738,-2.443196,0.118501,2.033213,-0.428147,0.000971,0.480225,16.282555,378.000,0,0.000000,0.000000,0.000000,0.000000
tracking_cdrone3_20260822_205732_073_milestone4,milestone4,1787457454.152202845,target_map,78,472,0,detected,4.426216,-2.456581,0.118402,1.355315,-0.315635,-0.002316,0.475133,16.282555,378.000,0,0.042409,0.000000,0.164843,0.360602
tracking_cdrone3_20260822_205732_073_milestone4,milestone4,1787457454.250941515,target_map,78,472,0,detected,4.560041,-2.487748,0.118174,1.355315,-0.315635,-0.002316,0.463279,16.282555,378.000,0,0.141150,0.000000,0.199403,0.385288
tracking_cdrone3_20260822_205732_073_milestone4,milestone4,1787457454.351001740,target_map,78,472,0,detected,4.695638,-2.519326,0.117942,1.355315,-0.315635,-0.002316,0.451267,16.282555,378.000,0,0.241198,0.000000,0.234419,0.410300
tracking_cdrone3_20260822_205732_073_milestone4,milestone4,1787457454.358539104,raw,472,472,0,detected,5.629264,-3.352621,0.210170,5.012871,-3.616610,0.364552,0.472656,17.658064,358.750,0,0.000000,0.000000,0.000000,0.000000
tracking_cdrone3_20260822_205732_073_milestone4,milestone4,1787457454.451001644,target_map,78,472,0,detected,5.932393,-3.544490,0.228128,3.366971,-2.131171,0.199461,0.462018,17.658064,358.750,0,0.090030,0.000000,0.181510,0.372507
tracking_cdrone3_20260822_205732_073_milestone4,milestone4,1787457454.551135778,target_map,78,472,0,detected,6.269552,-3.757900,0.248101,3.366971,-2.131171,0.199461,0.450185,17.658064,358.750,0,0.190167,0.000000,0.216559,0.397542
tracking_cdrone3_20260822_205732_073_milestone4,milestone4,1787457454.563412666,raw,472,472,0,detected,-2.396421,-0.689253,0.012518,-39.172935,12.999755,-0.964728,0.472656,9.405441,358.750,1,0.000000,0.000000,0.000000,0.000000
tracking_cdrone3_20260822_205732_073_milestone4,milestone4,1787457454.651784658,target_map,78,472,0,detected,-2.624647,-0.652662,0.011398,-2.659777,0.426441,-0.013060,0.462517,9.405441,358.750,1,0.085806,0.000000,0.180032,0.371452
tracking_cdrone3_20260822_205732_073_milestone4,milestone4,1787457454.750956297,target_map,78,472,0,detected,-2.888374,-0.610378,0.010103,-2.659777,0.426441,-0.013060,0.450801,9.405441,358.750,1,0.184960,0.000000,0.214736,0.396240
tracking_cdrone3_20260822_205732_073_milestone4,milestone4,1787457454.796172619,raw,472,472,0,detected,0.438567,-1.477824,0.073921,12.180577,-3.388110,0.263820,0.472656,12.275913,358.750,0,0.000000,0.000000,0.000000,0.000000
tracking_cdrone3_20260822_205732_073_milestone4,milestone4,1787457454.850981236,target_map,78,472,0,detected,0.596653,-1.529128,0.078387,3.041242,-0.986969,0.085917,0.466514,12.275913,358.750,0,0.051981,0.000000,0.168193,0.362995
tracking_cdrone3_20260822_205732_073_milestone4,milestone4,1787457454.950958014,target_map,78,472,0,detected,0.900720,-1.627806,0.086978,3.041242,-0.986969,0.085917,0.454700,12.275913,358.750,0,0.151962,0.000000,0.203187,0.387991
tracking_cdrone3_20260822_205732_073_milestone4,milestone4,1787457455.041962624,raw,472,472,0,detected,1.975492,-1.797228,0.096190,6.253297,-1.299562,0.090605,0.430176,13.834484,358.750,0,0.000000,0.000000,0.000000,0.000000
tracking_cdrone3_20260822_205732_073_milestone4,milestone4,1787457455.050934792,target_map,78,472,0,detected,2.006971,-1.804816,0.096769,4.807872,-1.158895,0.088495,0.429472,13.834484,358.750,0,0.006547,0.000000,0.152292,0.351637
tracking_cdrone3_20260822_205732_073_milestone4,milestone4,1787457455.151041269,target_map,78,472,0,detected,2.488169,-1.920805,0.105627,4.807872,-1.158895,0.088495,0.418708,13.834484,358.750,0,0.106633,0.000000,0.187322,0.376658
tracking_cdrone3_20260822_205732_073_milestone4,milestone4,1787457455.251062870,target_map,78,472,0,detected,2.969041,-2.036715,0.114478,4.807872,-1.158895,0.088495,0.407952,13.834484,358.750,0,0.206650,0.000000,0.222328,0.401663
tracking_cdrone3_20260822_205732_073_milestone4,milestone4,1787457455.273363352,raw,472,472,0,detected,2.113873,-1.924361,0.099328,0.597972,-0.549366,0.013562,0.410156,13.984454,367.500,0,0.000000,0.000000,0.000000,0.000000
tracking_cdrone3_20260822_205732_073_milestone4,milestone4,1787457455.350986958,target_map,78,472,0,detected,2.296020,-1.984554,0.102784,2.492427,-0.823654,0.047282,0.402663,13.984454,367.500,0,0.073080,0.000000,0.175578,0.368270
tracking_cdrone3_20260822_205732_073_milestone4,milestone4,1787457455.451563120,target_map,78,472,0,detected,2.546730,-2.067405,0.107540,2.492427,-0.823654,0.047282,0.392348,13.984454,367.500,0,0.173669,0.000000,0.210784,0.393417
tracking_cdrone3_20260822_205732_073_milestone4,milestone4,1787457455.517558098,raw,472,472,0,detected,2.354268,-1.967933,0.075809,0.984179,-0.178385,-0.096290,0.410156,14.227999,367.500,0,0.000000,0.000000,0.000000,0.000000
tracking_cdrone3_20260822_205732_073_milestone4,milestone4,1787457455.550905466,target_map,78,472,0,detected,2.404775,-1.982171,0.074846,1.662891,-0.468756,-0.031683,0.407042,14.227999,367.500,0,0.030373,0.000000,0.160631,0.357593
tracking_cdrone3_20260822_205732_073_milestone4,milestone4,1787457455.651003838,target_map,78,472,0,detected,2.571232,-2.029094,0.071675,1.662891,-0.468756,-0.031683,0.396778,14.227999,367.500,0,0.130474,0.000000,0.195666,0.382619
tracking_cdrone3_20260822_205732_073_milestone4,milestone4,1787457455.751025915,target_map,78,472,0,detected,2.737554,-2.075979,0.068506,1.662891,-0.468756,-0.031683,0.386522,14.227999,367.500,0,0.230494,0.000000,0.230673,0.407623
tracking_cdrone3_20260822_205732_073_milestone4,milestone4,1787457455.802659035,raw,472,472,0,detected,2.205006,-1.978659,0.093778,-0.523617,-0.037624,0.063037,0.410156,14.080617,367.500,1,0.000000,0.000000,0.000000,0.000000
tracking_cdrone3_20260822_205732_073_milestone4,milestone4,1787457455.850924969,target_map,78,472,0,detected,2.225805,-1.989125,0.094701,0.460312,-0.231634,0.020413,0.405523,14.080617,367.500,1,0.045183,0.000000,0.165814,0.361296
tracking_cdrone3_20260822_205732_073_milestone4,milestone4,1787457455.951712132,target_map,78,472,0,detected,2.271798,-2.012269,0.096740,0.460312,-0.231634,0.020413,0.395278,14.080617,367.500,1,0.145101,0.000000,0.200785,0.386275
tracking_cdrone3_20260822_205732_073_milestone4,milestone4,1787457456.027102232,raw,472,472,0,detected,2.267701,-1.998396,0.100652,0.279368,-0.087951,0.030632,0.410156,14.145034,367.500,0,0.000000,0.000000,0.000000,0.000000
tracking_cdrone3_20260822_205732_073_milestone4,milestone4,1787457456.050972462,target_map,78,472,0,detected,2.275314,-2.001616,0.101202,0.360793,-0.152608,0.026034,0.407993,14.145034,367.500,0,0.021100,0.000000,0.157385,0.355275
tracking_cdrone3_20260822_205732_073_milestone4,milestone4,1787457456.151146650,target_map,78,472,0,detected,2.311456,-2.016904,0.103810,0.360793,-0.152608,0.026034,0.397721,14.145034,367.500,0,0.121275,0.000000,0.192446,0.380319
tracking_cdrone3_20260822_205732_073_milestone4,milestone4,1787457456.251025200,target_map,78,472,0,detected,2.347492,-2.032147,0.106410,0.360793,-0.152608,0.026034,0.387479,14.145034,367.500,0,0.221157,0.000000,0.227405,0.405289
tracking_cdrone3_20260822_205732_073_milestone4,milestone4,1787457456.277437925,raw,472,472,0,detected,2.293014,-2.019108,0.109195,0.101105,-0.082724,0.034120,0.410156,14.172373,367.500,0,0.000000,0.000000,0.000000,0.000000
tracking_cdrone3_20260822_205732_073_milestone4,milestone4,1787457456.350984573,target_map,78,472,0,detected,2.308329,-2.027130,0.111337,0.217964,-0.114172,0.030481,0.402951,14.172373,367.500,0,0.070264,0.000000,0.174592,0.367566
tracking_cdrone3_20260822_205732_073_milestone4,milestone4,1787457456.451109648,target_map,78,472,0,detected,2.330151,-2.038560,0.114388,0.217964,-0.114172,0.030481,0.392686,14.172373,367.500,0,0.170380,0.000000,0.209633,0.392595
tracking_cdrone3_20260822_205732_073_milestone4,milestone4,1787457456.499184370,raw,472,472,0,detected,2.346376,-1.961617,0.101133,0.240624,0.259240,-0.036353,0.436035,14.219501,367.500,0,0.000000,0.000000,0.000000,0.000000
tracking_cdrone3_20260822_205732_073_milestone4,milestone4,1787457456.551828146,target_map,78,472,0,detected,2.357787,-1.957100,0.100822,0.230427,0.091205,-0.006278,0.430637,14.219501,367.500,0,0.049520,0.000000,0.167332,0.362380
tracking_cdrone3_20260822_205732_073_milestone4,milestone4,1787457456.652293921,target_map,78,472,0,detected,2.380937,-1.947937,0.100191,0.230427,0.091205,-0.006278,0.419685,14.219501,367.500,0,0.149985,0.000000,0.202495,0.387496
tracking_cdrone3_20260822_205732_073_milestone4,milestone4,1787457456.718431234,raw,472,472,0,detected,2.238791,-1.987681,0.111879,-0.490812,-0.118909,0.049022,0.416992,14.115168,367.500,1,0.000000,0.000000,0.000000,0.000000
tracking_cdrone3_20260822_205732_073_milestone4,milestone4,1787457456.750859022,target_map,78,472,0,detected,2.233865,-1.988403,0.112594,-0.166255,-0.024358,0.024137,0.413903,14.115168,367.500,1,0.029629,0.000000,0.160370,0.357407
tracking_cdrone3_20260822_205732_073_milestone4,milestone4,1787457456.851059675,target_map,78,472,0,detected,2.217206,-1.990844,0.115012,-0.166255,-0.024358,0.024137,0.403458,14.115168,367.500,1,0.129828,0.000000,0.195440,0.382457
tracking_cdrone3_20260822_205732_073_milestone4,milestone4,1787457456.926754236,raw,472,472,0,detected,2.171716,-1.982539,0.102233,-0.321999,0.024686,-0.046306,0.555176,14.047943,376.250,1,0.000000,0.000000,0.000000,0.000000
tracking_cdrone3_20260822_205732_073_milestone4,milestone4,1787457456.951310635,target_map,78,472,0,detected,2.166212,-1.982482,0.101913,-0.251914,0.002616,-0.014607,0.552143,14.047943,376.250,1,0.021851,0.000000,0.157648,0.355463
tracking_cdrone3_20260822_205732_073_milestone4,milestone4,1787457457.051107407,target_map,78,472,0,detected,2.141070,-1.982221,0.100456,-0.251914,0.002616,-0.014607,0.538291,14.047943,376.250,1,0.121655,0.000000,0.192579,0.380414
tracking_cdrone3_20260822_205732_073_milestone4,milestone4,1787457457.150854826,target_map,78,472,0,detected,2.115944,-1.981960,0.098999,-0.251914,0.002616,-0.014607,0.524448,14.047943,376.250,1,0.221394,0.000000,0.227488,0.405348
tracking_cdrone3_20260822_205732_073_milestone4,milestone4,1787457457.168722630,raw,472,472,0,detected,2.295972,-1.977866,0.094292,0.513495,0.019314,-0.032817,0.497070,14.171054,358.750,0,0.000000,0.000000,0.000000,0.000000
tracking_cdrone3_20260822_205732_073_milestone4,milestone4,1787457457.251041174,target_map,78,472,0,detected,2.309436,-1.976926,0.092331,0.169061,0.011800,-0.024622,0.487174,14.171054,358.750,0,0.079639,0.000000,0.177874,0.369910
tracking_cdrone3_20260822_205732_073_milestone4,milestone4,1787457457.351049423,target_map,78,472,0,detected,2.326342,-1.975746,0.089869,0.169061,0.011800,-0.024622,0.474747,14.171054,358.750,0,0.179641,0.000000,0.212874,0.394910
tracking_cdrone3_20260822_205732_073_milestone4,milestone4,1787457457.395114660,raw,472,472,0,detected,2.120108,-1.920486,0.084989,-0.776793,0.253445,-0.041090,0.409180,13.990268,348.500,1,0.000000,0.000000,0.000000,0.000000
tracking_cdrone3_20260822_205732_073_milestone4,milestone4,1787457457.451572418,target_map,78,472,0,detected,2.101290,-1.912732,0.083184,-0.351159,0.144704,-0.033679,0.403698,13.990268,348.500,1,0.053589,0.000000,0.168756,0.363397
tracking_cdrone3_20260822_205732_073_milestone4,milestone4,1787457457.551232576,target_map,78,472,0,detected,2.066369,-1.898342,0.079835,-0.351159,0.144704,-0.033679,0.393525,13.990268,348.500,1,0.153034,0.000000,0.203562,0.388258
tracking_cdrone3_20260822_205732_073_milestone4,milestone4,1787457457.600319386,raw,472,472,0,detected,2.128483,-1.953468,0.094742,0.040818,-0.160734,0.047528,0.478516,14.001932,348.500,0,0.000000,0.000000,0.000000,0.000000
tracking_cdrone3_20260822_205732_073_milestone4,milestone4,1787457457.651777983,target_map,78,472,0,detected,2.122265,-1.954536,0.095245,-0.135572,-0.023287,0.010985,0.473029,14.001932,348.500,0,0.045867,0.000000,0.166053,0.361467
tracking_cdrone3_20260822_205732_073_milestone4,milestone4,1787457457.750981808,target_map,78,472,0,detected,2.108816,-1.956846,0.096335,-0.135572,-0.023287,0.010985,0.461161,14.001932,348.500,0,0.145072,0.000000,0.200775,0.386268
tracking_cdrone3_20260822_205732_073_milestone4,milestone4,1787457457.806632757,raw,472,472,0,detected,1.360539,-1.711055,0.069313,-3.722107,1.174940,-0.123247,0.515625,13.214256,367.500,1,0.000000,0.000000,0.000000,0.000000
tracking_cdrone3_20260822_205732_073_milestone4,milestone4,1787457457.851195574,target_map,78,472,0,detected,1.272075,-1.684378,0.066676,-2.108166,0.635738,-0.062843,0.510216,13.214256,367.500,1,0.041963,0.000000,0.164687,0.360491
tracking_cdrone3_20260822_205732_073_milestone4,milestone4,1787457457.950682163,target_map,78,472,0,detected,1.062331,-1.621127,0.060424,-2.108166,0.635738,-0.062843,0.497391,13.214256,367.500,1,0.141454,0.000000,0.199509,0.385363
tracking_cdrone3_20260822_205732_073_milestone4,milestone4,1787457458.033519745,raw,472,472,0,detected,1.673495,-1.870104,0.089925,1.379393,-0.701030,0.090850,0.438721,13.540881,367.500,0,0.000000,0.000000,0.000000,0.000000
tracking_cdrone3_20260822_205732_073_milestone4,milestone4,1787457458.050933599,target_map,78,472,0,detected,1.670810,-1.871510,0.090232,-0.190009,-0.099484,0.021688,0.437171,13.540881,367.500,0,0.014130,0.000000,0.154946,0.353533
tracking_cdrone3_20260822_205732_073_milestone4,milestone4,1787457458.150978088,target_map,78,472,0,detected,1.651803,-1.881462,0.092401,-0.190009,-0.099484,0.021688,0.426199,13.540881,367.500,0,0.114166,0.000000,0.189958,0.378541
tracking_cdrone3_20260822_205732_073_milestone4,milestone4,1787457458.250989199,target_map,78,472,0,detected,1.632800,-1.891411,0.094570,-0.190009,-0.099484,0.021688,0.415230,13.540881,367.500,0,0.214177,0.000000,0.224962,0.403544
tracking_cdrone3_20260822_205732_073_milestone4,milestone4,1787457458.263118029,raw,472,472,0,detected,2.350171,-2.055572,0.106343,2.947173,-0.807780,0.071506,0.535156,14.233103,367.500,0,0.000000,0.000000,0.000000,0.000000
tracking_cdrone3_20260822_205732_073_milestone4,milestone4,1787457458.351030350,target_map,78,472,0,detected,2.480462,-2.097070,0.110508,1.535441,-0.489047,0.049088,0.523803,14.233103,367.500,0,0.084856,0.000000,0.179700,0.371214
tracking_cdrone3_20260822_205732_073_milestone4,milestone4,1787457458.451149464,target_map,78,472,0,detected,2.634224,-2.146044,0.115424,1.535441,-0.489047,0.049088,0.510406,14.233103,367.500,0,0.184998,0.000000,0.214749,0.396249
tracking_cdrone3_20260822_205732_073_milestone4,milestone4,1787457458.490580082,raw,472,472,0,detected,2.192756,-2.001005,0.095193,-0.691998,0.239876,-0.049015,0.535156,14.070791,340.000,1,0.000000,0.000000,0.000000,0.000000
tracking_cdrone3_20260822_205732_073_milestone4,milestone4,1787457458.551088572,target_map,78,472,0,detected,2.209152,-2.005662,0.094936,0.310350,-0.088139,-0.004869,0.528088,14.070791,340.000,1,0.052831,0.000000,0.168491,0.363208
tracking_cdrone3_20260822_205732_073_milestone4,milestone4,1787457458.650919914,target_map,78,472,0,detected,2.240141,-2.014462,0.094450,0.310350,-0.088139,-0.004869,0.514729,14.070791,340.000,1,0.152683,0.000000,0.203439,0.388171
tracking_cdrone3_20260822_205732_073_milestone4,milestone4,1787457458.713511229,raw,472,472,0,detected,2.494089,-2.104414,0.095731,1.351809,-0.463902,0.002412,0.479492,14.381505,340.000,0,0.000000,0.000000,0.000000,0.000000
tracking_cdrone3_20260822_205732_073_milestone4,milestone4,1787457458.750637770,target_map,78,472,0,detected,2.523437,-2.114211,0.095702,0.883152,-0.294809,-0.000865,0.475509,14.381505,340.000,0,0.033231,0.000000,0.161631,0.358308
tracking_cdrone3_20260822_205732_073_milestone4,milestone4,1787457458.851085663,target_map,78,472,0,detected,2.612135,-2.143820,0.095615,0.883152,-0.294809,-0.000865,0.463469,14.381505,340.000,0,0.133665,0.000000,0.196783,0.383416
tracking_cdrone3_20260822_205732_073_milestone4,milestone4,1787457458.922431707,raw,472,472,0,detected,2.204058,-2.031563,0.096993,-1.388175,0.348688,0.006042,0.507812,14.085258,340.000,1,0.000000,0.000000,0.000000,0.000000
tracking_cdrone3_20260822_205732_073_milestone4,milestone4,1787457458.955932379,target_map,78,472,0,detected,2.193285,-2.029823,0.097079,-0.366078,0.059114,0.002934,0.504076,14.085258,340.000,1,0.029429,0.000000,0.160300,0.357357
tracking_cdrone3_20260822_205732_073_milestone4,milestone4,1787457459.051007509,target_map,78,472,0,detected,2.158482,-2.024203,0.097358,-0.366078,0.059114,0.002934,0.492007,14.085258,340.000,1,0.124497,0.000000,0.193574,0.381124
tracking_cdrone3_20260822_205732_073_milestone4,milestone4,1787457459.127598763,raw,472,472,0,detected,2.259393,-2.011610,0.089256,0.269715,0.097253,-0.037715,0.489502,14.138176,340.000,0,0.000000,0.000000,0.000000,0.000000
tracking_cdrone3_20260822_205732_073_milestone4,milestone4,1787457459.155482292,target_map,78,472,0,detected,2.258984,-2.009611,0.088771,-0.016392,0.080091,-0.019423,0.486447,14.138176,340.000,0,0.024961,0.000000,0.158736,0.356240
tracking_cdrone3_20260822_205732_073_milestone4,milestone4,1787457459.250818968,target_map,78,472,0,detected,2.257421,-2.001977,0.086919,-0.016392,0.080091,-0.019423,0.474783,14.138176,340.000,0,0.120278,0.000000,0.192097,0.380069
tracking_cdrone3_20260822_205732_073_milestone4,milestone4,1787457459.351720333,raw,472,472,0,detected,2.267714,-2.029131,0.082064,0.037123,-0.078165,-0.032082,0.440674,14.148347,365.500,0,0.000000,0.000000,0.000000,0.000000
tracking_cdrone3_20260822_205732_073_milestone4,milestone4,1787457459.361282110,target_map,78,472,0,detected,2.255610,-1.993128,0.084773,-0.016392,0.080091,-0.019423,0.461261,14.138176,340.000,0,0.230772,0.000000,0.230770,0.407693
tracking_cdrone3_20260822_205732_073_milestone4,milestone4,1787457459.450801373,target_map,78,472,0,detected,2.268688,-2.029650,0.080093,0.013042,-0.006950,-0.026385,0.432444,14.148347,365.500,0,0.074700,0.000000,0.176145,0.368675
tracking_cdrone3_20260822_205732_073_milestone4,milestone4,1787457459.551333666,target_map,78,472,0,detected,2.269999,-2.030349,0.077441,0.013042,-0.006950,-0.026385,0.421370,14.148347,365.500,0,0.175221,0.000000,0.211327,0.393805
tracking_cdrone3_20260822_205732_073_milestone4,milestone4,1787457459.561419964,raw,472,472,0,detected,1.318152,-1.626993,0.053808,-4.528840,1.917957,-0.134767,0.502930,13.164790,367.500,1,0.000000,0.000000,0.000000,0.000000
tracking_cdrone3_20260822_205732_073_milestone4,milestone4,1787457459.654253960,target_map,78,472,0,detected,1.097305,-1.533522,0.046165,-2.484993,1.051749,-0.085995,0.491756,13.164790,367.500,1,0.088872,0.000000,0.181105,0.372218
tracking_cdrone3_20260822_205732_073_milestone4,milestone4,1787457459.751862288,target_map,78,472,0,detected,0.851622,-1.429539,0.037663,-2.484993,1.051749,-0.085995,0.479325,13.164790,367.500,1,0.187739,0.000000,0.215709,0.396935
tracking_cdrone3_20260822_205732_073_milestone4,milestone4,1787457459.777339458,raw,472,472,0,detected,1.687569,-1.796152,0.095066,1.710866,-0.783420,0.191079,0.448242,13.547673,376.250,0,0.000000,0.000000,0.000000,0.000000
tracking_cdrone3_20260822_205732_073_milestone4,milestone4,1787457459.851758480,target_map,78,472,0,detected,1.674886,-1.793118,0.099817,-0.177271,0.042406,0.066396,0.440224,13.547673,376.250,0,0.071550,0.000000,0.175042,0.367887
tracking_cdrone3_20260822_205732_073_milestone4,milestone4,1787457459.951138735,target_map,78,472,0,detected,1.657207,-1.788889,0.106439,-0.177271,0.042406,0.066396,0.429049,13.547673,376.250,0,0.171279,0.000000,0.209948,0.392820
tracking_cdrone3_20260822_205732_073_milestone4,milestone4,1787457459.979362965,raw,472,472,0,detected,1.735171,-1.798382,0.098626,0.235623,-0.011038,0.017620,0.469727,13.595248,348.500,0,0.000000,0.000000,0.000000,0.000000
tracking_cdrone3_20260822_205732_073_milestone4,milestone4,1787457460.050844669,target_map,78,472,0,detected,1.738522,-1.797507,0.101288,0.049821,0.013012,0.039569,0.461827,13.595248,348.500,0,0.067273,0.000000,0.173546,0.366818
tracking_cdrone3_20260822_205732_073_milestone4,milestone4,1787457460.151064396,target_map,78,472,0,detected,1.743515,-1.796203,0.105253,0.049821,0.013012,0.039569,0.450059,13.595248,348.500,0,0.167479,0.000000,0.208618,0.391870
tracking_cdrone3_20260822_205732_073_milestone4,milestone4,1787457460.208793402,raw,472,472,0,detected,1.688559,-1.864517,0.100092,-0.203125,-0.288205,0.006387,0.544922,13.555249,367.500,1,0.000000,0.000000,0.000000,0.000000
tracking_cdrone3_20260822_205732_073_milestone4,milestone4,1787457460.251220703,target_map,78,472,0,detected,1.685034,-1.870544,0.100933,-0.089299,-0.152658,0.021319,0.539544,13.555249,367.500,1,0.039477,0.000000,0.163817,0.359869
tracking_cdrone3_20260822_205732_073_milestone4,milestone4,1787457460.351102352,target_map,78,472,0,detected,1.676114,-1.885792,0.103063,-0.089299,-0.152658,0.021319,0.525936,13.555249,367.500,1,0.139364,0.000000,0.198777,0.384841
tracking_cdrone3_20260822_205732_073_milestone4,milestone4,1787457460.409983635,raw,472,472,0,detected,1.645556,-1.846365,0.107531,-0.213788,0.090242,0.036984,0.452393,13.510663,348.500,1,0.000000,0.000000,0.000000,0.000000
tracking_cdrone3_20260822_205732_073_milestone4,milestone4,1787457460.450838089,target_map,78,472,0,detected,1.639735,-1.847069,0.108635,-0.157768,-0.019063,0.029935,0.448220,13.510663,348.500,1,0.036895,0.000000,0.162913,0.359224
tracking_cdrone3_20260822_205732_073_milestone4,milestone4,1787457460.551460743,target_map,78,472,0,detected,1.623863,-1.848986,0.111647,-0.157768,-0.019063,0.029935,0.436842,13.510663,348.500,1,0.137496,0.000000,0.198124,0.384374
tracking_cdrone3_20260822_205732_073_milestone4,milestone4,1787457460.616034031,raw,472,472,0,detected,2.108259,-1.960400,0.108433,2.245717,-0.553465,0.004379,0.560059,13.982443,376.250,0,0.000000,0.000000,0.000000,0.000000
tracking_cdrone3_20260822_205732_073_milestone4,milestone4,1787457460.651224852,target_map,78,472,0,detected,2.129528,-1.966118,0.108723,1.164149,-0.312984,0.015879,0.557501,13.982443,376.250,0,0.018270,0.000000,0.156394,0.354567
tracking_cdrone3_20260822_205732_073_milestone4,milestone4,1787457460.751823664,target_map,78,472,0,detected,2.246645,-1.997606,0.110321,1.164149,-0.312984,0.015879,0.543415,13.982443,376.250,0,0.118874,0.000000,0.191606,0.379718
tracking_cdrone3_20260822_205732_073_milestone4,milestone4,1787457460.849091291,raw,472,472,0,detected,2.300911,-2.041805,0.100355,0.826617,-0.349286,-0.034661,0.487549,14.182640,357.000,0,0.000000,0.000000,0.000000,0.000000
tracking_cdrone3_20260822_205732_073_milestone4,milestone4,1787457460.850793600,target_map,78,472,0,detected,2.361867,-2.028583,0.111892,1.164149,-0.312984,0.015879,0.529557,13.982443,376.250,0,0.217849,0.000000,0.226247,0.404462
tracking_cdrone3_20260822_205732_073_milestone4,milestone4,1787457460.950945377,target_map,78,472,0,detected,2.387831,-2.071381,0.099296,0.978506,-0.332950,-0.011918,0.476722,14.182640,357.000,0,0.088829,0.000000,0.181090,0.372207
tracking_cdrone3_20260822_205732_073_milestone4,milestone4,1787457461.051170349,target_map,78,472,0,detected,2.485887,-2.104746,0.098102,0.978506,-0.332950,-0.011918,0.464507,14.182640,357.000,0,0.189039,0.000000,0.216164,0.397260
tracking_cdrone3_20260822_205732_073_milestone4,milestone4,1787457461.084253788,raw,472,472,0,detected,1.670369,-1.887795,0.096447,-2.681218,0.654889,-0.016616,0.468018,13.539517,348.500,1,0.000000,0.000000,0.000000,0.000000
tracking_cdrone3_20260822_205732_073_milestone4,milestone4,1787457461.151984692,target_map,78,472,0,detected,1.608491,-1.875210,0.095580,-1.034342,0.210361,-0.014502,0.461018,13.539517,348.500,1,0.059824,0.000000,0.170938,0.364956
tracking_cdrone3_20260822_205732_073_milestone4,milestone4,1787457461.250977278,target_map,78,472,0,detected,1.506111,-1.854389,0.094144,-1.034342,0.210361,-0.014502,0.449437,13.539517,348.500,1,0.158804,0.000000,0.205581,0.389701
tracking_cdrone3_20260822_205732_073_milestone4,milestone4,1787457461.304867029,raw,472,472,0,detected,1.688633,-1.866161,0.089583,0.082790,0.098061,-0.031116,0.505859,13.555480,376.250,0,0.000000,0.000000,0.000000,0.000000
tracking_cdrone3_20260822_205732_073_milestone4,milestone4,1787457461.350721836,target_map,78,472,0,detected,1.670621,-1.859788,0.088569,-0.419920,0.148596,-0.023640,0.500435,13.555480,376.250,0,0.042894,0.000000,0.165013,0.360724
tracking_cdrone3_20260822_205732_073_milestone4,milestone4,1787457461.450912476,target_map,78,472,0,detected,1.628554,-1.844901,0.086201,-0.419920,0.148596,-0.023640,0.487766,13.555480,376.250,0,0.143074,0.000000,0.200076,0.385768
tracking_cdrone3_20260822_205732_073_milestone4,milestone4,1787457461.534251451,raw,472,472,0,detected,2.028301,-1.946730,0.094687,1.480818,-0.351249,0.022252,0.533203,13.901568,367.500,0,0.000000,0.000000,0.000000,0.000000
tracking_cdrone3_20260822_205732_073_milestone4,milestone4,1787457461.550920486,target_map,78,472,0,detected,2.036735,-1.948434,0.094708,0.625486,-0.126319,0.001601,0.531406,13.901568,367.500,0,0.013484,0.000000,0.154719,0.353371
tracking_cdrone3_20260822_205732_073_milestone4,milestone4,1787457461.650999069,target_map,78,472,0,detected,2.099327,-1.961074,0.094869,0.625486,-0.126319,0.001601,0.518066,13.901568,367.500,0,0.113554,0.000000,0.189744,0.378388
tracking_cdrone3_20260822_205732_073_milestone4,milestone4,1787457461.753529310,target_map,78,472,0,detected,2.163459,-1.974026,0.095033,0.625486,-0.126319,0.001601,0.504399,13.901568,367.500,0,0.216084,0.000000,0.225629,0.404021
tracking_cdrone3_20260822_205732_073_milestone4,milestone4,1787457461.767135382,raw,472,472,0,detected,2.177537,-1.987564,0.090778,0.640792,-0.175333,-0.016783,0.495117,14.054256,348.500,0,0.000000,0.000000,0.000000,0.000000
tracking_cdrone3_20260822_205732_073_milestone4,milestone4,1787457461.851255894,target_map,78,472,0,detected,2.228778,-1.999954,0.090090,0.633904,-0.153277,-0.008510,0.485112,14.054256,348.500,0,0.080834,0.000000,0.178292,0.370209
tracking_cdrone3_20260822_205732_073_milestone4,milestone4,1787457461.951127768,target_map,78,472,0,detected,2.292083,-2.015261,0.089240,0.633904,-0.153277,-0.008510,0.472750,14.054256,348.500,0,0.180700,0.000000,0.213245,0.395175
tracking_cdrone3_20260822_205732_073_milestone4,milestone4,1787457461.978734732,raw,472,472,0,detected,1.626165,-1.862070,0.096027,-2.605855,0.593104,0.024806,0.478516,13.492935,348.500,1,0.000000,0.000000,0.000000,0.000000
tracking_cdrone3_20260822_205732_073_milestone4,milestone4,1787457462.050961018,target_map,78,472,0,detected,1.547436,-1.844428,0.096700,-1.147963,0.257232,0.009814,0.470311,13.492935,348.500,1,0.068581,0.000000,0.174003,0.367145
tracking_cdrone3_20260822_205732_073_milestone4,milestone4,1787457462.151053429,target_map,78,472,0,detected,1.432544,-1.818684,0.097682,-1.147963,0.257232,0.009814,0.458338,13.492935,348.500,1,0.168665,0.000000,0.209033,0.392166
tracking_cdrone3_20260822_205732_073_milestone4,milestone4,1787457462.205536366,raw,472,472,0,detected,1.840534,-1.798445,0.089234,0.945113,0.280508,-0.029948,0.512695,13.700191,358.750,0,0.000000,0.000000,0.000000,0.000000
tracking_cdrone3_20260822_205732_073_milestone4,milestone4,1787457462.250970364,target_map,78,472,0,detected,1.840672,-1.786936,0.088720,0.003229,0.270034,-0.012055,0.507232,13.700191,358.750,0,0.042622,0.000000,0.164918,0.360656
tracking_cdrone3_20260822_205732_073_milestone4,milestone4,1787457462.350824833,target_map,78,472,0,detected,1.840994,-1.759973,0.087517,0.003229,0.270034,-0.012055,0.494434,13.700191,358.750,0,0.142470,0.000000,0.199865,0.385618
tracking_cdrone3_20260822_205732_073_milestone4,milestone4,1787457462.409522533,raw,472,472,0,detected,1.581833,-1.772238,0.079619,-1.268223,0.128473,-0.047136,0.475830,13.440154,340.000,1,0.000000,0.000000,0.000000,0.000000
tracking_cdrone3_20260822_205732_073_milestone4,milestone4,1787457462.450969219,target_map,78,472,0,detected,1.554973,-1.764823,0.078409,-0.696070,0.192175,-0.031350,0.471240,13.440154,340.000,1,0.038589,0.000000,0.163506,0.359647
tracking_cdrone3_20260822_205732_073_milestone4,milestone4,1787457462.551172256,target_map,78,472,0,detected,1.485233,-1.745568,0.075268,-0.696070,0.192175,-0.031350,0.459321,13.440154,340.000,1,0.138780,0.000000,0.198573,0.384695
tracking_cdrone3_20260822_205732_073_milestone4,milestone4,1787457462.616953611,raw,472,472,0,detected,1.932905,-1.913762,0.096706,1.692468,-0.682265,0.082372,0.519531,13.803342,358.750,0,0.000000,0.000000,0.000000,0.000000
tracking_cdrone3_20260822_205732_073_milestone4,milestone4,1787457462.650929451,target_map,78,472,0,detected,1.951495,-1.922454,0.097645,0.617626,-0.288767,0.031197,0.515622,13.803342,358.750,0,0.030100,0.000000,0.160535,0.357525
tracking_cdrone3_20260822_205732_073_milestone4,milestone4,1787457462.750873089,target_map,78,472,0,detected,2.013220,-1.951313,0.100762,0.617626,-0.288767,0.031197,0.502641,13.803342,358.750,0,0.130039,0.000000,0.195514,0.382510
tracking_cdrone3_20260822_205732_073_milestone4,milestone4,1787457462.849202156,raw,472,472,0,detected,2.204765,-2.015779,0.093967,1.170492,-0.439232,-0.011792,0.459961,14.084268,348.500,0,0.000000,0.000000,0.000000,0.000000
tracking_cdrone3_20260822_205732_073_milestone4,milestone4,1787457462.851243973,target_map,78,472,0,detected,2.075214,-1.980298,0.103894,0.617626,-0.288767,0.031197,0.489604,13.803342,358.750,0,0.230414,0.000000,0.230645,0.407604
tracking_cdrone3_20260822_205732_073_milestone4,milestone4,1787457462.951246023,target_map,78,472,0,detected,2.293087,-2.051380,0.094691,0.921703,-0.371523,0.007553,0.448942,14.084268,348.500,0,0.095825,0.000000,0.183539,0.373956
tracking_cdrone3_20260822_205732_073_milestone4,milestone4,1787457463.051028252,target_map,78,472,0,detected,2.385061,-2.088453,0.095444,0.921703,-0.371523,0.007553,0.437467,14.084268,348.500,0,0.195612,0.000000,0.218464,0.398903
tracking_cdrone3_20260822_205732_073_milestone4,milestone4,1787457463.082211733,raw,472,472,0,detected,2.222039,-2.003153,0.090917,0.074136,0.054187,-0.013091,0.523438,14.100125,376.250,0,0.000000,0.000000,0.000000,0.000000
tracking_cdrone3_20260822_205732_073_milestone4,milestone4,1787457463.151159286,target_map,78,472,0,detected,2.251551,-2.012053,0.090670,0.455541,-0.137382,-0.003801,0.514960,14.100125,376.250,0,0.064786,0.000000,0.172675,0.366196
tracking_cdrone3_20260822_205732_073_milestone4,milestone4,1787457463.250890493,target_map,78,472,0,detected,2.296980,-2.025753,0.090291,0.455541,-0.137382,-0.003801,0.501910,14.100125,376.250,0,0.164511,0.000000,0.207579,0.391128
tracking_cdrone3_20260822_205732_073_milestone4,milestone4,1787457463.297652483,raw,472,472,0,detected,3.411180,-2.223460,0.097707,5.520227,-1.022709,0.031522,0.500000,15.306127,340.000,0,0.000000,0.000000,0.000000,0.000000
tracking_cdrone3_20260822_205732_073_milestone4,milestone4,1787457463.350960255,target_map,78,472,0,detected,3.571866,-2.254411,0.098482,3.241118,-0.624312,0.015627,0.493803,15.306127,340.000,0,0.049577,0.000000,0.167352,0.362394
tracking_cdrone3_20260822_205732_073_milestone4,milestone4,1787457463.455553055,target_map,78,472,0,detected,3.910830,-2.319704,0.100116,3.241118,-0.624312,0.015627,0.480730,15.306127,340.000,0,0.154160,0.000000,0.203956,0.388540
tracking_cdrone3_20260822_205732_073_milestone4,milestone4,1787457463.504752398,raw,472,472,0,detected,1.926968,-1.939668,0.089038,-7.163841,1.369777,-0.041845,0.505859,13.800098,358.750,1,0.000000,0.000000,0.000000,0.000000
tracking_cdrone3_20260822_205732_073_milestone4,milestone4,1787457463.561086178,target_map,78,472,0,detected,1.800216,-1.915538,0.088221,-2.481609,0.472437,-0.015983,0.499400,13.800098,358.750,1,0.051077,0.000000,0.167877,0.362769
tracking_cdrone3_20260822_205732_073_milestone4,milestone4,1787457463.650781870,target_map,78,472,0,detected,1.577651,-1.873167,0.086788,-2.481609,0.472437,-0.015983,0.488058,13.800098,358.750,1,0.140762,0.000000,0.199267,0.385191
tracking_cdrone3_20260822_205732_073_milestone4,milestone4,1787457463.732000828,raw,472,472,0,detected,1.595859,-1.872825,0.088898,-1.457528,0.294239,-0.000613,0.479492,13.463862,348.500,1,0.000000,0.000000,0.000000,0.000000
tracking_cdrone3_20260822_205732_073_milestone4,milestone4,1787457463.750909805,target_map,78,472,0,detected,1.566019,-1.867001,0.088781,-1.918365,0.374428,-0.007529,0.477628,13.463862,348.500,1,0.015555,0.000000,0.155444,0.353889
tracking_cdrone3_20260822_205732_073_milestone4,milestone4,1787457463.850960255,target_map,78,472,0,detected,1.374091,-1.829540,0.088028,-1.918365,0.374428,-0.007529,0.465635,13.463862,348.500,1,0.115602,0.000000,0.190461,0.378901
tracking_cdrone3_20260822_205732_073_milestone4,milestone4,1787457463.931605577,raw,472,472,0,detected,1.580881,-1.837643,0.089899,-0.075040,0.176264,0.005015,0.515625,13.445442,340.000,1,0.000000,0.000000,0.000000,0.000000
tracking_cdrone3_20260822_205732_073_milestone4,milestone4,1787457463.950962543,target_map,78,472,0,detected,1.565822,-1.833223,0.089889,-0.904536,0.265438,-0.000630,0.513479,13.445442,340.000,1,0.016649,0.000000,0.155827,0.354162
tracking_cdrone3_20260822_205732_073_milestone4,milestone4,1787457464.050939798,target_map,78,472,0,detected,1.475391,-1.806686,0.089826,-0.904536,0.265438,-0.000630,0.500592,13.445442,340.000,1,0.116623,0.000000,0.190818,0.379156
tracking_cdrone3_20260822_205732_073_milestone4,milestone4,1787457464.135059118,raw,472,472,0,detected,1.453347,-1.831150,0.084038,-0.626855,0.031911,-0.028809,0.496094,13.317948,340.000,1,0.000000,0.000000,0.000000,0.000000
tracking_cdrone3_20260822_205732_073_milestone4,milestone4,1787457464.150980949,target_map,78,472,0,detected,1.443271,-1.829314,0.083822,-0.751812,0.136998,-0.016128,0.494432,13.317948,340.000,1,0.013402,0.000000,0.154691,0.353350
tracking_cdrone3_20260822_205732_073_milestone4,milestone4,1787457464.251128674,target_map,78,472,0,detected,1.367976,-1.815594,0.082207,-0.751812,0.136998,-0.016128,0.482010,13.317948,340.000,1,0.113553,0.000000,0.189744,0.378388
tracking_cdrone3_20260822_205732_073_milestone4,milestone4,1787457464.350550652,target_map,78,472,0,detected,1.293225,-1.801972,0.080603,-0.751812,0.136998,-0.016128,0.469679,13.317948,340.000,1,0.212982,0.000000,0.224544,0.403245
tracking_cdrone3_20260822_205732_073_milestone4,milestone4,1787457464.357503414,raw,472,472,0,detected,2.034245,-1.939758,0.090640,2.611256,-0.488215,0.029676,0.478516,13.906798,358.750,0,0.000000,0.000000,0.000000,0.000000
tracking_cdrone3_20260822_205732_073_milestone4,milestone4,1787457464.455469847,target_map,78,472,0,detected,2.138900,-1.959478,0.091504,1.097876,-0.206869,0.009064,0.467112,13.906798,358.750,0,0.095325,0.000000,0.183364,0.373831
tracking_cdrone3_20260822_205732_073_milestone4,milestone4,1787457464.551091909,target_map,78,472,0,detected,2.243832,-1.979250,0.092370,1.097876,-0.206869,0.009064,0.455678,13.906798,358.750,0,0.190903,0.000000,0.216816,0.397726
tracking_cdrone3_20260822_205732_073_milestone4,milestone4,1787457464.566246271,raw,472,472,0,detected,2.032054,-1.943342,0.074014,-0.010498,-0.017167,-0.079647,0.459961,13.905007,348.500,0,0.000000,0.000000,0.000000,0.000000
tracking_cdrone3_20260822_205732_073_milestone4,milestone4,1787457464.650796652,target_map,78,472,0,detected,2.072070,-1.951745,0.070758,0.488270,-0.102533,-0.039727,0.450537,13.905007,348.500,0,0.081956,0.000000,0.178685,0.370489
tracking_cdrone3_20260822_205732_073_milestone4,milestone4,1787457464.751008511,target_map,78,472,0,detected,2.121004,-1.962021,0.066776,0.488270,-0.102533,-0.039727,0.439013,13.905007,348.500,0,0.182174,0.000000,0.213761,0.395544
tracking_cdrone3_20260822_205732_073_milestone4,milestone4,1787457464.797309637,raw,472,472,0,detected,3.503149,-2.234275,0.087402,6.366887,-1.259157,0.057945,0.507812,15.398771,367.500,0,0.000000,0.000000,0.000000,0.000000
tracking_cdrone3_20260822_205732_073_milestone4,milestone4,1787457464.850769281,target_map,78,472,0,detected,3.685486,-2.270467,0.088088,3.721509,-0.738676,0.013992,0.501592,15.398771,367.500,0,0.048995,0.000000,0.167148,0.362249
tracking_cdrone3_20260822_205732_073_milestone4,milestone4,1787457464.950889826,target_map,78,472,0,detected,4.058086,-2.344424,0.089488,3.721509,-0.738676,0.013992,0.488882,15.398771,367.500,0,0.149116,0.000000,0.202191,0.387279
tracking_cdrone3_20260822_205732_073_milestone4,milestone4,1787457465.033572674,raw,472,472,0,detected,2.382958,-2.068104,0.099763,-4.738856,0.702973,0.052291,0.446777,14.267090,338.250,1,0.000000,0.000000,0.000000,0.000000
tracking_cdrone3_20260822_205732_073_milestone4,milestone4,1787457465.051058292,target_map,78,472,0,detected,2.369510,-2.067321,0.100269,-0.931691,0.054231,0.035057,0.445165,14.267090,338.250,1,0.014435,0.000000,0.155052,0.353609
tracking_cdrone3_20260822_205732_073_milestone4,milestone4,1787457465.151274681,target_map,78,472,0,detected,2.276419,-2.061902,0.103772,-0.931691,0.054231,0.035057,0.434005,14.267090,338.250,1,0.114351,0.000000,0.190023,0.378588
tracking_cdrone3_20260822_205732_073_milestone4,milestone4,1787457465.251034021,target_map,78,472,0,detected,2.183192,-2.056476,0.107280,-0.931691,0.054231,0.035057,0.422829,14.267090,338.250,1,0.214412,0.000000,0.225044,0.403603
tracking_cdrone3_20260822_205732_073_milestone4,milestone4,1787457465.256192446,raw,472,472,0,detected,2.042069,-1.930672,0.095249,-1.532194,0.617712,-0.020286,0.462158,13.913619,331.500,1,0.000000,0.000000,0.000000,0.000000
tracking_cdrone3_20260822_205732_073_milestone4,milestone4,1787457465.350951195,target_map,78,472,0,detected,1.926019,-1.897185,0.095674,-1.261968,0.364146,0.004618,0.451533,13.913619,331.500,1,0.091960,0.000000,0.182186,0.372990
tracking_cdrone3_20260822_205732_073_milestone4,milestone4,1787457465.450864077,target_map,78,472,0,detected,1.799950,-1.860808,0.096136,-1.261968,0.364146,0.004618,0.439991,13.913619,331.500,1,0.191858,0.000000,0.217150,0.397965
tracking_cdrone3_20260822_205732_073_milestone4,milestone4,1787457465.475725889,raw,472,472,0,detected,1.947765,-1.898202,0.093133,-0.429575,0.147908,-0.009642,0.526367,13.816567,348.500,1,0.000000,0.000000,0.000000,0.000000
tracking_cdrone3_20260822_205732_073_milestone4,milestone4,1787457465.550823212,target_map,78,472,0,detected,1.889879,-1.880551,0.092901,-0.804152,0.245215,-0.003225,0.516895,13.816567,348.500,1,0.071984,0.000000,0.175194,0.367996
tracking_cdrone3_20260822_205732_073_milestone4,milestone4,1787457465.651197433,target_map,78,472,0,detected,1.809172,-1.855940,0.092577,-0.804152,0.245215,-0.003225,0.503688,13.816567,348.500,1,0.172346,0.000000,0.210321,0.393087
tracking_cdrone3_20260822_205732_073_milestone4,milestone4,1787457465.707430363,raw,472,472,0,detected,2.837330,-2.148873,0.083334,3.837740,-1.081437,-0.042274,0.492188,14.727571,358.750,0,0.000000,0.000000,0.000000,0.000000
tracking_cdrone3_20260822_205732_073_milestone4,milestone4,1787457465.750925064,target_map,78,472,0,detected,2.903620,-2.167235,0.082398,1.748889,-0.484443,-0.024702,0.487523,14.727571,358.750,0,0.037904,0.000000,0.163266,0.359476
tracking_cdrone3_20260822_205732_073_milestone4,milestone4,1787457465.851036787,target_map,78,472,0,detected,3.078701,-2.215732,0.079925,1.748889,-0.484443,-0.024702,0.475205,14.727571,358.750,0,0.138014,0.000000,0.198305,0.384503
tracking_cdrone3_20260822_205732_073_milestone4,milestone4,1787457465.927260399,raw,472,472,0,detected,2.297746,-2.012553,0.098875,-2.455368,0.620320,0.070718,0.515625,14.176379,358.750,1,0.000000,0.000000,0.000000,0.000000
tracking_cdrone3_20260822_205732_073_milestone4,milestone4,1787457465.951182127,target_map,78,472,0,detected,2.286234,-2.010036,0.099442,-0.563452,0.123176,0.027779,0.512991,14.176379,358.750,1,0.020432,0.000000,0.157151,0.355108
tracking_cdrone3_20260822_205732_073_milestone4,milestone4,1787457466.051303387,target_map,78,472,0,detected,2.229823,-1.997704,0.102223,-0.563452,0.123176,0.027779,0.500086,14.176379,358.750,1,0.120548,0.000000,0.192192,0.380137
tracking_cdrone3_20260822_205732_073_milestone4,milestone4,1787457466.151026011,target_map,78,472,0,detected,2.173645,-1.985423,0.104993,-0.563452,0.123176,0.027779,0.487233,14.176379,358.750,1,0.220251,0.000000,0.227088,0.405063
tracking_cdrone3_20260822_205732_073_milestone4,milestone4,1787457466.158336878,raw,472,472,0,detected,2.228295,-1.985994,0.101745,-0.300569,0.114942,0.012423,0.498047,14.104581,348.500,1,0.000000,0.000000,0.000000,0.000000
tracking_cdrone3_20260822_205732_073_milestone4,milestone4,1787457466.250892878,target_map,78,472,0,detected,2.190561,-1.975305,0.103487,-0.418866,0.118648,0.019333,0.486830,14.104581,348.500,1,0.090086,0.000000,0.181530,0.372522
tracking_cdrone3_20260822_205732_073_milestone4,milestone4,1787457466.351243973,target_map,78,472,0,detected,2.148544,-1.963404,0.105426,-0.418866,0.118648,0.019333,0.474340,14.104581,348.500,1,0.190395,0.000000,0.216638,0.397599
tracking_cdrone3_20260822_205732_073_milestone4,milestone4,1787457466.383420944,raw,472,472,0,detected,4.062326,-2.302844,0.104414,8.148001,-1.407662,0.011859,0.413818,15.962064,330.000,0,0.000000,0.000000,0.000000,0.000000
tracking_cdrone3_20260822_205732_073_milestone4,milestone4,1787457466.450918913,target_map,78,472,0,detected,4.330245,-2.347785,0.105384,4.147277,-0.695663,0.015010,0.407135,15.962064,330.000,0,0.064601,0.000000,0.172610,0.366150
tracking_cdrone3_20260822_205732_073_milestone4,milestone4,1787457466.551061153,target_map,78,472,0,detected,4.745506,-2.417440,0.106887,4.147277,-0.695663,0.015010,0.396776,15.962064,330.000,0,0.164730,0.000000,0.207655,0.391182
tracking_cdrone3_20260822_205732_073_milestone4,milestone4,1787457466.589607954,raw,472,472,0,detected,2.031223,-1.915609,0.084420,-9.850952,1.878109,-0.096973,0.519531,13.901328,367.500,1,0.000000,0.000000,0.000000,0.000000
tracking_cdrone3_20260822_205732_073_milestone4,milestone4,1787457466.652784824,target_map,78,472,0,detected,1.883003,-1.884769,0.082260,-2.455673,0.510942,-0.035791,0.511692,13.901328,367.500,1,0.060358,0.000000,0.171125,0.365090
tracking_cdrone3_20260822_205732_073_milestone4,milestone4,1787457466.751136780,target_map,78,472,0,detected,1.641506,-1.834522,0.078740,-2.455673,0.510942,-0.035791,0.498919,13.901328,367.500,1,0.158701,0.000000,0.205545,0.389675
tracking_cdrone3_20260822_205732_073_milestone4,milestone4,1787457466.793249369,raw,472,472,0,detected,2.237911,-1.941321,0.084276,1.014970,-0.126261,-0.000709,0.455078,14.109582,367.500,0,0.000000,0.000000,0.000000,0.000000
tracking_cdrone3_20260822_205732_073_milestone4,milestone4,1787457466.851271391,target_map,78,472,0,detected,2.207955,-1.932529,0.083372,-0.546819,0.160480,-0.016496,0.448846,14.109582,367.500,0,0.054782,0.000000,0.169174,0.363695
tracking_cdrone3_20260822_205732_073_milestone4,milestone4,1787457466.951047182,target_map,78,472,0,detected,2.153377,-1.916512,0.081726,-0.546819,0.160480,-0.016496,0.437490,14.109582,367.500,0,0.154592,0.000000,0.204107,0.388648
tracking_cdrone3_20260822_205732_073_milestone4,milestone4,1787457466.996383905,raw,472,472,0,detected,2.129229,-1.960683,0.113717,-0.535002,-0.095313,0.144929,0.544922,14.003374,358.750,1,0.000000,0.000000,0.000000,0.000000
tracking_cdrone3_20260822_205732_073_milestone4,milestone4,1787457467.050947428,target_map,78,472,0,detected,2.101944,-1.959683,0.117367,-0.540320,0.019794,0.072288,0.538042,14.003374,358.750,1,0.050499,0.000000,0.167675,0.362625
tracking_cdrone3_20260822_205732_073_milestone4,milestone4,1787457467.151265383,target_map,78,472,0,detected,2.047752,-1.957698,0.124618,-0.540320,0.019794,0.072288,0.524379,14.003374,358.750,1,0.150795,0.000000,0.202778,0.387699
tracking_cdrone3_20260822_205732_073_milestone4,milestone4,1787457467.191914082,raw,472,472,0,detected,1.594743,-1.845317,0.093888,-2.733542,0.590022,-0.101414,0.515625,13.460072,338.250,1,0.000000,0.000000,0.000000,0.000000
tracking_cdrone3_20260822_205732_073_milestone4,milestone4,1787457467.250813007,target_map,78,472,0,detected,1.496473,-1.826557,0.092579,-1.746592,0.333419,-0.023248,0.508372,13.460072,338.250,1,0.056264,0.000000,0.169692,0.364066
tracking_cdrone3_20260822_205732_073_milestone4,milestone4,1787457467.351216793,target_map,78,472,0,detected,1.321138,-1.793086,0.090246,-1.746592,0.333419,-0.023248,0.495432,13.460072,338.250,1,0.156651,0.000000,0.204828,0.389163
tracking_cdrone3_20260822_205732_073_milestone4,milestone4,1787457467.406754494,raw,472,472,0,detected,1.637346,-1.857582,0.090604,0.198299,-0.057093,-0.015283,0.509766,13.503654,348.500,0,0.000000,0.000000,0.000000,0.000000
tracking_cdrone3_20260822_205732_073_milestone4,milestone4,1787457467.450907230,target_map,78,472,0,detected,1.611190,-1.852998,0.089875,-0.676902,0.118638,-0.018867,0.504841,13.503654,348.500,0,0.038640,0.000000,0.163524,0.359660
tracking_cdrone3_20260822_205732_073_milestone4,milestone4,1787457467.550990343,target_map,78,472,0,detected,1.543444,-1.841124,0.087987,-0.676902,0.118638,-0.018867,0.492087,13.503654,348.500,0,0.138723,0.000000,0.198553,0.384681
tracking_cdrone3_20260822_205732_073_milestone4,milestone4,1787457467.616865635,raw,472,472,0,detected,1.663996,-1.861241,0.088836,0.126835,-0.017414,-0.008415,0.534180,13.530524,348.500,0,0.000000,0.000000,0.000000,0.000000
tracking_cdrone3_20260822_205732_073_milestone4,milestone4,1787457467.650825500,target_map,78,472,0,detected,1.657434,-1.860017,0.088469,-0.234846,0.043809,-0.013119,0.530449,13.530524,348.500,0,0.027939,0.000000,0.159779,0.356985
tracking_cdrone3_20260822_205732_073_milestone4,milestone4,1787457467.750737190,target_map,78,472,0,detected,1.633969,-1.855640,0.087159,-0.234846,0.043809,-0.013119,0.517105,13.530524,348.500,0,0.127854,0.000000,0.194749,0.381963
tracking_cdrone3_20260822_205732_073_milestone4,milestone4,1787457467.838394403,raw,472,472,0,detected,1.639918,-1.784017,0.099169,-0.108688,0.348606,0.046647,0.531250,13.499110,350.000,1,0.000000,0.000000,0.000000,0.000000
tracking_cdrone3_20260822_205732_073_milestone4,milestone4,1787457467.856532812,target_map,78,472,0,detected,1.638939,-1.782765,0.099286,-0.165459,0.211447,0.019753,0.530464,13.499110,350.000,1,0.005920,0.000000,0.152072,0.351480
tracking_cdrone3_20260822_205732_073_milestone4,milestone4,1787457467.950652361,target_map,78,472,0,detected,1.623365,-1.762862,0.101146,-0.165459,0.211447,0.019753,0.517962,13.499110,350.000,1,0.100048,0.000000,0.185017,0.375012
tracking_cdrone3_20260822_205732_073_milestone4,milestone4,1787457468.049271822,raw,472,472,0,detected,2.097131,-1.915305,0.101867,2.168133,-0.622577,0.012793,0.528320,13.966816,358.750,0,0.000000,0.000000,0.000000,0.000000
tracking_cdrone3_20260822_205732_073_milestone4,milestone4,1787457468.050887585,target_map,78,472,0,detected,1.606781,-1.741668,0.103125,-0.165459,0.211447,0.019753,0.504651,13.499110,350.000,1,0.200277,0.000000,0.220097,0.400069
tracking_cdrone3_20260822_205732_073_milestone4,milestone4,1787457468.150901794,target_map,78,472,0,detected,2.204892,-1.939138,0.103402,1.118016,-0.247266,0.015925,0.515590,13.966816,358.750,0,0.096386,0.000000,0.183735,0.374096
tracking_cdrone3_20260822_205732_073_milestone4,milestone4,1787457468.251261711,target_map,78,472,0,detected,2.317075,-1.963949,0.105000,1.118016,-0.247266,0.015925,0.502337,13.966816,358.750,0,0.196727,0.000000,0.218855,0.399182
tracking_cdrone3_20260822_205732_073_milestone4,milestone4,1787457468.280592442,raw,472,472,0,detected,1.619516,-1.862819,0.090806,-2.064831,0.226906,-0.047822,0.531250,13.486377,367.500,1,0.000000,0.000000,0.000000,0.000000
tracking_cdrone3_20260822_205732_073_milestone4,milestone4,1787457468.351481438,target_map,78,472,0,detected,1.576600,-1.861902,0.089507,-0.632550,0.013529,-0.019136,0.522239,13.486377,367.500,1,0.067846,0.000000,0.173746,0.366961
tracking_cdrone3_20260822_205732_073_milestone4,milestone4,1787457468.450875282,target_map,78,472,0,detected,1.513725,-1.860557,0.087605,-0.632550,0.013529,-0.019136,0.509038,13.486377,367.500,1,0.167246,0.000000,0.208536,0.391811
tracking_cdrone3_20260822_205732_073_milestone4,milestone4,1787457468.502054691,raw,472,472,0,detected,2.261728,-1.997909,0.096244,2.899638,-0.609939,0.024554,0.549805,14.139001,367.500,0,0.000000,0.000000,0.000000,0.000000
tracking_cdrone3_20260822_205732_073_milestone4,milestone4,1787457468.551817179,target_map,78,472,0,detected,2.316204,-2.011604,0.096447,1.310154,-0.329379,0.004894,0.544089,14.139001,367.500,0,0.041580,0.000000,0.164553,0.360395
tracking_cdrone3_20260822_205732_073_milestone4,milestone4,1787457468.650712967,target_map,78,472,0,detected,2.445767,-2.044177,0.096931,1.310154,-0.329379,0.004894,0.530497,14.139001,367.500,0,0.140471,0.000000,0.199165,0.385118
tracking_cdrone3_20260822_205732_073_milestone4,milestone4,1787457468.708685637,raw,472,472,0,detected,2.237970,-1.996363,0.090958,-0.114974,0.007480,-0.025578,0.549805,14.115232,348.500,1,0.000000,0.000000,0.000000,0.000000
tracking_cdrone3_20260822_205732_073_milestone4,milestone4,1787457468.750879765,target_map,78,472,0,detected,2.257637,-2.001748,0.090515,0.526333,-0.144106,-0.011866,0.544669,14.115232,348.500,1,0.037367,0.000000,0.163078,0.359342
tracking_cdrone3_20260822_205732_073_milestone4,milestone4,1787457468.850914717,target_map,78,472,0,detected,2.310292,-2.016164,0.089328,0.526333,-0.144106,-0.011866,0.530918,14.115232,348.500,1,0.137408,0.000000,0.198093,0.384352
tracking_cdrone3_20260822_205732_073_milestone4,milestone4,1787457468.941858292,raw,472,472,0,detected,1.963920,-1.790718,0.091266,-1.175252,0.881900,0.001318,0.551758,13.822327,367.500,1,0.000000,0.000000,0.000000,0.000000
tracking_cdrone3_20260822_205732_073_milestone4,milestone4,1787457468.953173399,target_map,78,472,0,detected,1.960463,-1.787171,0.091227,-0.409539,0.420197,-0.004615,0.550593,13.822327,367.500,1,0.008442,0.000000,0.152955,0.352111
tracking_cdrone3_20260822_205732_073_milestone4,milestone4,1787457469.050912857,target_map,78,472,0,detected,1.920435,-1.746101,0.090776,-0.409539,0.420197,-0.004615,0.537111,13.822327,367.500,1,0.106182,0.000000,0.187164,0.376546
tracking_cdrone3_20260822_205732_073_milestone4,milestone4,1787457469.151039839,target_map,78,472,0,detected,1.879459,-1.704059,0.090314,-0.409539,0.420197,-0.004615,0.523310,13.822327,367.500,1,0.206234,0.000000,0.222182,0.401558
tracking_cdrone3_20260822_205732_073_milestone4,milestone4,1787457469.152940512,raw,472,472,0,detected,1.203807,-1.701879,0.082183,-3.601454,0.420923,-0.043036,0.498047,13.057298,348.500,1,0.000000,0.000000,0.000000,0.000000
tracking_cdrone3_20260822_205732_073_milestone4,milestone4,1787457469.251161814,target_map,78,472,0,detected,1.002811,-1.662833,0.079793,-2.165092,0.420596,-0.025746,0.486488,13.057298,348.500,1,0.092835,0.000000,0.182492,0.373209
tracking_cdrone3_20260822_205732_073_milestone4,milestone4,1787457469.350818396,target_map,78,472,0,detected,0.787042,-1.620917,0.077227,-2.165092,0.420596,-0.025746,0.474079,13.057298,348.500,1,0.192493,0.000000,0.217373,0.398123
tracking_cdrone3_20260822_205732_073_milestone4,milestone4,1787457469.380113125,raw,472,472,0,detected,1.627494,-1.807316,0.069878,1.864963,-0.464104,-0.054163,0.500977,13.488984,348.500,0,0.000000,0.000000,0.000000,0.000000
tracking_cdrone3_20260822_205732_073_milestone4,milestone4,1787457469.451664209,target_map,78,472,0,detected,1.631014,-1.811831,0.067047,0.051438,-0.065989,-0.041376,0.492407,13.488984,348.500,0,0.068425,0.000000,0.173949,0.367106
tracking_cdrone3_20260822_205732_073_milestone4,milestone4,1787457469.550962210,target_map,78,472,0,detected,1.636132,-1.818397,0.062930,0.051438,-0.065989,-0.041376,0.479944,13.488984,348.500,0,0.167930,0.000000,0.208776,0.391983
tracking_cdrone3_20260822_205732_073_milestone4,milestone4,1787457469.590586901,raw,472,472,0,detected,2.327853,-2.033533,0.112188,3.327682,-1.074849,0.201033,0.505859,14.208556,367.500,0,0.000000,0.000000,0.000000,0.000000
tracking_cdrone3_20260822_205732_073_milestone4,milestone4,1787457469.650825739,target_map,78,472,0,detected,2.434565,-2.069281,0.117482,1.853373,-0.620862,0.091949,0.498578,14.208556,367.500,0,0.057577,0.000000,0.170152,0.364394
tracking_cdrone3_20260822_205732_073_milestone4,milestone4,1787457469.750964165,target_map,78,472,0,detected,2.620167,-2.131456,0.126690,1.853373,-0.620862,0.091949,0.485913,14.208556,367.500,0,0.157720,0.000000,0.205202,0.389430
tracking_cdrone3_20260822_205732_073_milestone4,milestone4,1787457469.807621241,raw,472,472,0,detected,3.567416,-2.262542,0.114194,5.711097,-1.055123,0.009241,0.476807,15.465718,367.500,0,0.000000,0.000000,0.000000,0.000000
tracking_cdrone3_20260822_205732_073_milestone4,milestone4,1787457469.850773573,target_map,78,472,0,detected,3.724170,-2.296444,0.116026,3.975121,-0.859706,0.046459,0.472106,15.465718,367.500,0,0.039434,0.000000,0.163802,0.359858
tracking_cdrone3_20260822_205732_073_milestone4,milestone4,1787457469.951032639,target_map,78,472,0,detected,4.122702,-2.382635,0.120684,3.975121,-0.859706,0.046459,0.460155,15.465718,367.500,0,0.139690,0.000000,0.198892,0.384923
tracking_cdrone3_20260822_205732_073_milestone4,milestone4,1787457470.011463881,raw,472,472,0,detected,2.470624,-2.075568,0.083169,-5.380375,0.917212,-0.152195,0.506836,14.355071,348.500,1,0.000000,0.000000,0.000000,0.000000
tracking_cdrone3_20260822_205732_073_milestone4,milestone4,1787457470.050955772,target_map,78,472,0,detected,2.427959,-2.071281,0.080879,-1.170402,0.117599,-0.062801,0.502217,14.355071,348.500,1,0.036453,0.000000,0.162758,0.359113
tracking_cdrone3_20260822_205732_073_milestone4,milestone4,1787457470.151041031,target_map,78,472,0,detected,2.310829,-2.059512,0.074594,-1.170402,0.117599,-0.062801,0.489536,14.355071,348.500,1,0.136530,0.000000,0.197785,0.384132
tracking_cdrone3_20260822_205732_073_milestone4,milestone4,1787457470.218599558,raw,472,472,0,detected,1.987010,-1.914134,0.100774,-2.334924,0.779414,0.084999,0.512695,13.857183,358.750,1,0.000000,0.000000,0.000000,0.000000
tracking_cdrone3_20260822_205732_073_milestone4,milestone4,1787457470.250944138,target_map,78,472,0,detected,1.935738,-1.900499,0.101297,-1.810889,0.481597,0.018489,0.509066,13.857183,358.750,1,0.028313,0.000000,0.159910,0.357078
tracking_cdrone3_20260822_205732_073_milestone4,milestone4,1787457470.350875854,target_map,78,472,0,detected,1.754772,-1.852371,0.103145,-1.810889,0.481597,0.018489,0.496258,13.857183,358.750,1,0.128245,0.000000,0.194886,0.382061
tracking_cdrone3_20260822_205732_073_milestone4,milestone4,1787457470.419908524,raw,472,472,0,detected,1.682786,-1.840614,0.103269,-1.511242,0.365212,0.012395,0.535156,13.547165,358.750,1,0.000000,0.000000,0.000000,0.000000
tracking_cdrone3_20260822_205732_073_milestone4,milestone4,1787457470.453501701,target_map,78,472,0,detected,1.631632,-1.827637,0.103739,-1.646083,0.417586,0.015137,0.530999,13.547165,358.750,1,0.031076,0.000000,0.160877,0.357769
tracking_cdrone3_20260822_205732_073_milestone4,milestone4,1787457470.550986290,target_map,78,472,0,detected,1.471168,-1.786930,0.105215,-1.646083,0.417586,0.015137,0.517956,13.547165,358.750,1,0.128559,0.000000,0.194996,0.382140
tracking_cdrone3_20260822_205732_073_milestone4,milestone4,1787457470.628162146,raw,472,472,0,detected,2.020661,-1.953425,0.105479,1.622388,-0.541687,0.010612,0.483398,13.894638,358.750,0,0.000000,0.000000,0.000000,0.000000
tracking_cdrone3_20260822_205732_073_milestone4,milestone4,1787457470.650943518,target_map,78,472,0,detected,2.023675,-1.955612,0.105730,0.151576,-0.110014,0.012648,0.480996,13.894638,358.750,0,0.019883,0.000000,0.156959,0.354971
tracking_cdrone3_20260822_205732_073_milestone4,milestone4,1787457470.750791311,target_map,78,472,0,detected,2.038811,-1.966598,0.106993,0.151576,-0.110014,0.012648,0.468928,13.894638,358.750,0,0.119740,0.000000,0.191909,0.379935
tracking_cdrone3_20260822_205732_073_milestone4,milestone4,1787457470.826043606,raw,472,472,0,detected,1.560309,-1.836486,0.101218,-2.326353,0.590940,-0.021534,0.514648,13.424845,376.250,1,0.000000,0.000000,0.000000,0.000000
tracking_cdrone3_20260822_205732_073_milestone4,milestone4,1787457470.853487015,target_map,78,472,0,detected,1.530339,-1.829669,0.101065,-1.211285,0.275511,-0.006152,0.511465,13.424845,376.250,1,0.024743,0.000000,0.158660,0.356186
tracking_cdrone3_20260822_205732_073_milestone4,milestone4,1787457470.950771332,target_map,78,472,0,detected,1.412496,-1.802866,0.100467,-1.211285,0.275511,-0.006152,0.498948,13.424845,376.250,1,0.122030,0.000000,0.192711,0.380508
tracking_cdrone3_20260822_205732_073_milestone4,milestone4,1787457471.035440922,raw,472,472,0,detected,2.027093,-1.791680,0.088428,2.229182,0.213977,-0.061080,0.500000,13.885289,358.750,0,0.000000,0.000000,0.000000,0.000000
tracking_cdrone3_20260822_205732_073_milestone4,milestone4,1787457471.050962210,target_map,78,472,0,detected,2.034667,-1.788992,0.088023,0.680972,0.241667,-0.036362,0.498610,13.885289,358.750,0,0.011123,0.000000,0.153893,0.352781
tracking_cdrone3_20260822_205732_073_milestone4,milestone4,1787457471.150892496,target_map,78,472,0,detected,2.102714,-1.764843,0.084390,0.680972,0.241667,-0.036362,0.486119,13.885289,358.750,0,0.111049,0.000000,0.188867,0.377762
tracking_cdrone3_20260822_205732_073_milestone4,milestone4,1787457471.251083851,target_map,78,472,0,detected,2.170935,-1.740633,0.080747,0.680972,0.241667,-0.036362,0.473596,13.885289,358.750,0,0.211230,0.000000,0.223931,0.402808
tracking_cdrone3_20260822_205732_073_milestone4,milestone4,1787457471.262593985,raw,472,472,0,detected,1.940016,-1.777502,0.081267,-0.383359,0.062420,-0.031525,0.427979,13.797316,367.500,1,0.000000,0.000000,0.000000,0.000000
tracking_cdrone3_20260822_205732_073_milestone4,milestone4,1787457471.352072716,target_map,78,472,0,detected,1.948207,-1.765241,0.078379,0.095590,0.143081,-0.033702,0.418810,13.797316,367.500,1,0.085691,0.000000,0.179992,0.371423
tracking_cdrone3_20260822_205732_073_milestone4,milestone4,1787457471.451174259,target_map,78,472,0,detected,1.957679,-1.751064,0.075040,0.095590,0.143081,-0.033702,0.408208,13.797316,367.500,1,0.184778,0.000000,0.214672,0.396195
tracking_cdrone3_20260822_205732_073_milestone4,milestone4,1787457471.492581844,raw,472,472,0,detected,1.795012,-1.804352,0.098014,-0.630451,-0.116740,0.072812,0.500977,13.655416,340.000,1,0.000000,0.000000,0.000000,0.000000
tracking_cdrone3_20260822_205732_073_milestone4,milestone4,1787457471.550808430,target_map,78,472,0,detected,1.778383,-1.804343,0.099376,-0.303732,0.000179,0.024881,0.494119,13.655416,340.000,1,0.054751,0.000000,0.169163,0.363688
tracking_cdrone3_20260822_205732_073_milestone4,milestone4,1787457471.650825977,target_map,78,472,0,detected,1.748006,-1.804325,0.101864,-0.303732,0.000179,0.024881,0.481593,13.655416,340.000,1,0.154764,0.000000,0.204167,0.388691
tracking_cdrone3_20260822_205732_073_milestone4,milestone4,1787457471.730643272,raw,472,472,0,detected,2.188470,-1.933399,0.094130,1.652582,-0.542014,-0.016312,0.491455,14.059593,358.750,0,0.000000,0.000000,0.000000,0.000000
tracking_cdrone3_20260822_205732_073_milestone4,milestone4,1787457471.751893044,target_map,78,472,0,detected,2.202591,-1.938848,0.094171,0.772241,-0.298027,0.002224,0.489208,14.059593,358.750,0,0.018285,0.000000,0.156400,0.354571
tracking_cdrone3_20260822_205732_073_milestone4,milestone4,1787457471.850979328,target_map,78,472,0,detected,2.279064,-1.968361,0.094391,0.772241,-0.298027,0.002224,0.477041,14.059593,358.750,0,0.117314,0.000000,0.191060,0.379328
tracking_cdrone3_20260822_205732_073_milestone4,milestone4,1787457471.950980902,target_map,78,472,0,detected,2.356331,-1.998180,0.094613,0.772241,-0.298027,0.002224,0.464748,14.059593,358.750,0,0.217368,0.000000,0.226079,0.404342
tracking_cdrone3_20260822_205732_073_milestone4,milestone4,1787457471.971329689,raw,472,472,0,detected,2.273228,-1.968928,0.086318,0.352191,-0.147633,-0.032460,0.528320,14.147523,358.750,0,0.000000,0.000000,0.000000,0.000000
tracking_cdrone3_20260822_205732_073_milestone4,milestone4,1787457472.050844431,target_map,78,472,0,detected,2.313884,-1.985102,0.085052,0.541213,-0.215311,-0.016852,0.518399,14.147523,358.750,0,0.075119,0.000000,0.176292,0.368780
tracking_cdrone3_20260822_205732_073_milestone4,milestone4,1787457472.151035547,target_map,78,472,0,detected,2.368108,-2.006674,0.083364,0.541213,-0.215311,-0.016852,0.505166,14.147523,358.750,0,0.175309,0.000000,0.211358,0.393827
tracking_cdrone3_20260822_205732_073_milestone4,milestone4,1787457472.203053713,raw,472,472,0,detected,1.664404,-1.861454,0.110457,-2.627358,0.463802,0.104169,0.471436,13.530871,358.750,1,0.000000,0.000000,0.000000,0.000000
tracking_cdrone3_20260822_205732_073_milestone4,milestone4,1787457472.250986099,target_map,78,472,0,detected,1.610859,-1.854403,0.112672,-1.201501,0.158201,0.049710,0.466183,13.530871,358.750,1,0.044566,0.000000,0.165598,0.361141
tracking_cdrone3_20260822_205732_073_milestone4,milestone4,1787457472.351676226,target_map,78,472,0,detected,1.490601,-1.838569,0.117648,-1.201501,0.158201,0.049710,0.454387,13.530871,358.750,1,0.144655,0.000000,0.200629,0.386164
tracking_cdrone3_20260822_205732_073_milestone4,milestone4,1787457472.426181793,raw,472,472,0,detected,1.765050,-1.804039,0.090142,0.451084,0.257330,-0.091048,0.497070,13.625527,367.500,0,0.000000,0.000000,0.000000,0.000000
tracking_cdrone3_20260822_205732_073_milestone4,milestone4,1787457472.451010704,target_map,78,472,0,detected,1.758448,-1.799239,0.089517,-0.292579,0.212722,-0.027707,0.494266,13.625527,367.500,0,0.022564,0.000000,0.157897,0.355641
tracking_cdrone3_20260822_205732_073_milestone4,milestone4,1787457472.550828695,target_map,78,472,0,detected,1.729243,-1.778005,0.086751,-0.292579,0.212722,-0.027707,0.481862,13.625527,367.500,0,0.122384,0.000000,0.192834,0.380596
tracking_cdrone3_20260822_205732_073_milestone4,milestone4,1787457472.650989056,target_map,78,472,0,detected,1.699940,-1.756700,0.083977,-0.292579,0.212722,-0.027707,0.469416,13.625527,367.500,0,0.222537,0.000000,0.227888,0.405634
tracking_cdrone3_20260822_205732_073_milestone4,milestone4,1787457472.677966595,raw,472,472,0,detected,1.700298,-1.823477,0.107306,-0.257160,-0.077198,0.068163,0.424561,13.562905,331.500,1,0.000000,0.000000,0.000000,0.000000
tracking_cdrone3_20260822_205732_073_milestone4,milestone4,1787457472.750823021,target_map,78,472,0,detected,1.682063,-1.819920,0.108976,-0.273099,0.053266,0.025022,0.417473,13.562905,331.500,1,0.066772,0.000000,0.173370,0.366693
tracking_cdrone3_20260822_205732_073_milestone4,milestone4,1787457472.851090193,target_map,78,472,0,detected,1.654686,-1.814580,0.111485,-0.273099,0.053266,0.025022,0.406833,13.562905,331.500,1,0.167017,0.000000,0.208456,0.391754
tracking_cdrone3_20260822_205732_073_milestone4,milestone4,1787457472.899792671,raw,472,472,0,detected,1.670234,-1.844354,0.074305,-0.135541,-0.094120,-0.148776,0.457031,13.535122,358.750,1,0.000000,0.000000,0.000000,0.000000
tracking_cdrone3_20260822_205732_073_milestone4,milestone4,1787457472.950726032,target_map,78,472,0,detected,1.660630,-1.845706,0.070873,-0.197442,-0.027796,-0.070567,0.451474,13.535122,358.750,1,0.048638,0.000000,0.167023,0.362159
tracking_cdrone3_20260822_205732_073_milestone4,milestone4,1787457473.050902843,target_map,78,472,0,detected,1.640859,-1.848489,0.063807,-0.197442,-0.027796,-0.070567,0.440033,13.535122,358.750,1,0.148775,0.000000,0.202071,0.387194
tracking_cdrone3_20260822_205732_073_milestone4,milestone4,1787457473.117860079,raw,472,472,0,detected,1.707112,-1.851581,0.098285,0.169105,-0.033139,0.109959,0.458008,13.572446,348.500,0,0.000000,0.000000,0.000000,0.000000
tracking_cdrone3_20260822_205732_073_milestone4,milestone4,1787457473.152136087,target_map,78,472,0,detected,1.707240,-1.852527,0.099170,0.004159,-0.030735,0.028722,0.454482,13.572446,348.500,0,0.030792,0.000000,0.160777,0.357698
tracking_cdrone3_20260822_205732_073_milestone4,milestone4,1787457473.250951767,target_map,78,472,0,detected,1.707651,-1.855564,0.102008,0.004159,-0.030735,0.028722,0.443169,13.572446,348.500,0,0.129597,0.000000,0.195359,0.382399
tracking_cdrone3_20260822_205732_073_milestone4,milestone4,1787457473.330142498,raw,472,472,0,detected,2.236883,-1.991029,0.111210,2.495561,-0.656891,0.060882,0.430176,14.113604,350.000,0,0.000000,0.000000,0.000000,0.000000
tracking_cdrone3_20260822_205732_073_milestone4,milestone4,1787457473.351006746,target_map,78,472,0,detected,2.261919,-1.997862,0.112055,1.374430,-0.375121,0.046410,0.428217,14.113604,350.000,0,0.018215,0.000000,0.156375,0.354554
tracking_cdrone3_20260822_205732_073_milestone4,milestone4,1787457473.451056242,target_map,78,472,0,detected,2.399419,-2.035389,0.116698,1.374430,-0.375121,0.046410,0.417458,14.113604,350.000,0,0.118257,0.000000,0.191390,0.379564
tracking_cdrone3_20260822_205732_073_milestone4,milestone4,1787457473.550894260,target_map,78,472,0,detected,2.536631,-2.072839,0.121331,1.374430,-0.375121,0.046410,0.406722,14.113604,350.000,0,0.218089,0.000000,0.226331,0.404522
tracking_cdrone3_20260822_205732_073_milestone4,milestone4,1787457473.568017006,raw,472,472,0,detected,2.244657,-1.954281,0.094757,0.032684,0.154488,-0.069167,0.508789,14.117562,358.750,0,0.000000,0.000000,0.000000,0.000000
tracking_cdrone3_20260822_205732_073_milestone4,milestone4,1787457473.650980711,target_map,78,472,0,detected,2.295686,-1.961003,0.093381,0.636470,-0.083836,-0.017158,0.498591,14.117562,358.750,0,0.080175,0.000000,0.178061,0.370044
tracking_cdrone3_20260822_205732_073_milestone4,milestone4,1787457473.751240730,target_map,78,472,0,detected,2.359469,-1.969404,0.091662,0.636470,-0.083836,-0.017158,0.485844,14.117562,358.750,0,0.180388,0.000000,0.213136,0.395097
tracking_cdrone3_20260822_205732_073_milestone4,milestone4,1787457473.800018072,raw,472,472,0,detected,2.199016,-1.969281,0.093343,-0.196732,-0.064655,-0.006096,0.408203,14.073720,348.500,1,0.000000,0.000000,0.000000,0.000000
tracking_cdrone3_20260822_205732_073_milestone4,milestone4,1787457473.861539602,target_map,78,472,0,detected,2.209517,-1.973600,0.092690,0.178209,-0.073286,-0.011074,0.402190,14.073720,348.500,1,0.058925,0.000000,0.170624,0.364731
tracking_cdrone3_20260822_205732_073_milestone4,milestone4,1787457473.951200008,target_map,78,472,0,detected,2.225495,-1.980170,0.091697,0.178209,-0.073286,-0.011074,0.393040,14.073720,348.500,1,0.148585,0.000000,0.202005,0.387146
tracking_cdrone3_20260822_205732_073_milestone4,milestone4,1787457474.002063751,raw,472,472,0,detected,2.424551,-2.017282,0.095889,1.116269,-0.237580,0.012602,0.457031,14.303019,348.500,0,0.000000,0.000000,0.000000,0.000000
tracking_cdrone3_20260822_205732_073_milestone4,milestone4,1787457474.057842731,target_map,78,472,0,detected,2.461838,-2.026073,0.095994,0.694142,-0.163648,0.001948,0.450894,14.303019,348.500,0,0.053715,0.000000,0.168800,0.363429
tracking_cdrone3_20260822_205732_073_milestone4,milestone4,1787457474.150839090,target_map,78,472,0,detected,2.526385,-2.041290,0.096175,0.694142,-0.163648,0.001948,0.440269,14.303019,348.500,0,0.146704,0.000000,0.201346,0.386676
tracking_cdrone3_20260822_205732_073_milestone4,milestone4,1787457474.250877857,target_map,78,472,0,detected,2.595833,-2.057663,0.096370,0.694142,-0.163648,0.001948,0.428838,14.303019,348.500,0,0.246753,0.000000,0.236364,0.411688
tracking_cdrone3_20260822_205732_073_milestone4,milestone4,1787457474.273784399,raw,472,472,0,detected,2.323417,-2.020353,0.102421,-0.372209,-0.011301,0.024039,0.459961,14.202801,338.250,1,0.000000,0.000000,0.000000,0.000000
tracking_cdrone3_20260822_205732_073_milestone4,milestone4,1787457474.350976467,target_map,78,472,0,detected,2.331460,-2.026320,0.103474,0.107649,-0.079857,0.014098,0.451369,14.202801,338.250,1,0.074721,0.000000,0.176152,0.368680
tracking_cdrone3_20260822_205732_073_milestone4,milestone4,1787457474.451087236,target_map,78,472,0,detected,2.342236,-2.034314,0.104885,0.107649,-0.079857,0.014098,0.439858,14.202801,338.250,1,0.174823,0.000000,0.211188,0.393706
tracking_cdrone3_20260822_205732_073_milestone4,milestone4,1787457474.528201818,raw,472,472,0,detected,3.800192,-2.251624,0.104328,5.804401,-0.909001,0.007495,0.468750,15.695869,330.000,0,0.000000,0.000000,0.000000,0.000000
tracking_cdrone3_20260822_205732_073_milestone4,milestone4,1787457474.551345825,target_map,78,472,0,detected,3.865903,-2.262490,0.104540,3.240863,-0.535886,0.010466,0.466374,15.695869,330.000,0,0.020276,0.000000,0.157097,0.355069
tracking_cdrone3_20260822_205732_073_milestone4,milestone4,1787457474.650989532,target_map,78,472,0,detected,4.188800,-2.315882,0.105583,3.240863,-0.535886,0.010466,0.454698,15.695869,330.000,0,0.119909,0.000000,0.191968,0.379977
tracking_cdrone3_20260822_205732_073_milestone4,milestone4,1787457474.751195908,target_map,78,472,0,detected,4.513558,-2.369581,0.106631,3.240863,-0.535886,0.010466,0.442955,15.695869,330.000,0,0.220116,0.000000,0.227041,0.405029
tracking_cdrone3_20260822_205732_073_milestone4,milestone4,1787457474.772746801,raw,472,472,0,detected,3.977497,-2.261194,0.097246,0.724971,-0.039127,-0.028957,0.496094,15.873164,348.500,0,0.000000,0.000000,0.000000,0.000000
tracking_cdrone3_20260822_205732_073_milestone4,milestone4,1787457474.850962400,target_map,78,472,0,detected,4.118076,-2.281077,0.096396,1.857122,-0.262669,-0.011217,0.486705,15.873164,348.500,0,0.075698,0.000000,0.176494,0.368924
tracking_cdrone3_20260822_205732_073_milestone4,milestone4,1787457474.951175928,target_map,78,472,0,detected,4.304175,-2.307399,0.095272,1.857122,-0.262669,-0.011217,0.474277,15.873164,348.500,0,0.175906,0.000000,0.211567,0.393976
tracking_cdrone3_20260822_205732_073_milestone4,milestone4,1787457474.985487461,raw,472,472,0,detected,2.412197,-1.834086,0.079938,-7.358360,2.007804,-0.081359,0.474854,14.272777,396.000,1,0.000000,0.000000,0.000000,0.000000
tracking_cdrone3_20260822_205732_073_milestone4,milestone4,1787457475.050619125,target_map,78,472,0,detected,2.212136,-1.772655,0.076836,-3.211393,0.986091,-0.049795,0.467458,14.272777,396.000,1,0.062297,0.000000,0.171804,0.365574
tracking_cdrone3_20260822_205732_073_milestone4,milestone4,1787457475.151109457,target_map,78,472,0,detected,1.889504,-1.673587,0.071834,-3.211393,0.986091,-0.049795,0.455531,14.272777,396.000,1,0.162762,0.000000,0.206967,0.390691
tracking_cdrone3_20260822_205732_073_milestone4,milestone4,1787457475.176887989,raw,472,472,0,detected,-1.756900,-0.837441,0.024046,-21.781025,5.206869,-0.292004,0.423584,10.048341,367.500,1,0.000000,0.000000,0.000000,0.000000
tracking_cdrone3_20260822_205732_073_milestone4,milestone4,1787457475.251950502,target_map,78,472,0,detected,-2.154169,-0.735651,0.018510,-5.724183,1.466672,-0.079774,0.416235,10.048341,367.500,1,0.069402,0.000000,0.174291,0.367350
tracking_cdrone3_20260822_205732_073_milestone4,milestone4,1787457475.350718498,target_map,78,472,0,detected,-2.719526,-0.590793,0.010631,-5.724183,1.466672,-0.079774,0.405776,10.048341,367.500,1,0.168168,0.000000,0.208859,0.392042
tracking_cdrone3_20260822_205732_073_milestone4,milestone4,1787457475.381880999,raw,472,472,0,detected,2.590279,-1.913399,0.088355,21.207878,-5.249101,0.313736,0.459961,14.457477,357.000,0,0.000000,0.000000,0.000000,0.000000
tracking_cdrone3_20260822_205732_073_milestone4,milestone4,1787457475.450922012,target_map,78,472,0,detected,2.702637,-1.939719,0.090164,1.694798,-0.397021,0.027279,0.452338,14.457477,357.000,0,0.066296,0.000000,0.173204,0.366574
tracking_cdrone3_20260822_205732_073_milestone4,milestone4,1787457475.551154852,target_map,78,472,0,detected,2.872494,-1.979510,0.092898,1.694798,-0.397021,0.027279,0.440813,14.457477,357.000,0,0.166518,0.000000,0.208281,0.391630
tracking_cdrone3_20260822_205732_073_milestone4,milestone4,1787457475.584651947,raw,472,472,0,detected,1.498330,-1.656229,0.077897,-5.378532,1.266719,-0.051515,0.510742,13.346697,376.250,1,0.000000,0.000000,0.000000,0.000000
tracking_cdrone3_20260822_205732_073_milestone4,milestone4,1787457475.651016235,target_map,78,472,0,detected,1.364582,-1.624672,0.076919,-2.195534,0.518036,-0.016058,0.502964,13.346697,376.250,1,0.060918,0.000000,0.171321,0.365230
tracking_cdrone3_20260822_205732_073_milestone4,milestone4,1787457475.751222849,target_map,78,472,0,detected,1.144529,-1.572750,0.075309,-2.195534,0.518036,-0.016058,0.490166,13.346697,376.250,1,0.161146,0.000000,0.206401,0.390286
tracking_cdrone3_20260822_205732_073_milestone4,milestone4,1787457475.809263229,raw,472,472,0,detected,4.748125,-3.055898,0.119605,14.483874,-6.238123,0.185887,0.525391,16.741123,376.250,0,0.000000,0.000000,0.000000,0.000000
tracking_cdrone3_20260822_205732_073_milestone4,milestone4,1787457475.850904465,target_map,78,472,0,detected,4.866358,-3.114272,0.121334,3.052855,-1.507253,0.044635,0.520304,16.741123,376.250,0,0.038729,0.000000,0.163555,0.359682
tracking_cdrone3_20260822_205732_073_milestone4,milestone4,1787457475.951045275,target_map,78,472,0,detected,5.172018,-3.265182,0.125803,3.052855,-1.507253,0.044635,0.507153,16.741123,376.250,0,0.138851,0.000000,0.198598,0.384713
tracking_cdrone3_20260822_205732_073_milestone4,milestone4,1787457476.021221876,raw,472,472,0,detected,2.562342,-2.040099,0.101421,-10.311010,4.791834,-0.085782,0.457031,14.442431,367.500,1,0.000000,0.000000,0.000000,0.000000
tracking_cdrone3_20260822_205732_073_milestone4,milestone4,1787457476.050961733,target_map,78,472,0,detected,2.492037,-2.008497,0.101068,-2.616264,1.176031,-0.013109,0.453961,14.442431,367.500,1,0.026872,0.000000,0.159405,0.356718
tracking_cdrone3_20260822_205732_073_milestone4,milestone4,1787457476.151026964,target_map,78,472,0,detected,2.230265,-1.890828,0.099757,-2.616264,1.176031,-0.013109,0.442529,14.442431,367.500,1,0.126928,0.000000,0.194425,0.381732
tracking_cdrone3_20260822_205732_073_milestone4,milestone4,1787457476.210590363,raw,472,472,0,detected,2.318908,-1.855281,0.082454,-1.285658,0.976088,-0.100166,0.437500,14.181820,340.000,1,0.000000,0.000000,0.000000,0.000000
tracking_cdrone3_20260822_205732_073_milestone4,milestone4,1787457476.250757217,target_map,78,472,0,detected,2.249338,-1.815924,0.080203,-1.884431,1.066062,-0.060991,0.433462,14.181820,340.000,1,0.036918,0.000000,0.162921,0.359229
tracking_cdrone3_20260822_205732_073_milestone4,milestone4,1787457476.351307631,target_map,78,472,0,detected,2.059890,-1.708749,0.074071,-1.884431,1.066062,-0.060991,0.422466,14.181820,340.000,1,0.137451,0.000000,0.198108,0.384363
tracking_cdrone3_20260822_205732_073_milestone4,milestone4,1787457476.451179743,target_map,78,472,0,detected,1.871683,-1.602276,0.067980,-1.884431,1.066062,-0.060991,0.411542,14.181820,340.000,1,0.237326,0.000000,0.233064,0.409332
tracking_cdrone3_20260822_205732_073_milestone4,milestone4,1787457476.475385427,raw,472,472,0,detected,2.290692,-1.902084,0.105687,-0.106564,-0.176763,0.087744,0.419678,14.158146,348.500,1,0.000000,0.000000,0.000000,0.000000
tracking_cdrone3_20260822_205732_073_milestone4,milestone4,1787457476.552231312,target_map,78,472,0,detected,2.223440,-1.873710,0.107231,-0.906604,0.382508,0.020813,0.411895,14.158146,348.500,1,0.074180,0.000000,0.175963,0.368545
tracking_cdrone3_20260822_205732_073_milestone4,milestone4,1787457476.651012421,target_map,78,472,0,detected,2.133883,-1.835925,0.109287,-0.906604,0.382508,0.020813,0.401531,14.158146,348.500,1,0.172963,0.000000,0.210537,0.393241
tracking_cdrone3_20260822_205732_073_milestone4,milestone4,1787457476.725361824,raw,472,472,0,detected,2.657634,-1.822250,0.073976,1.467751,0.319334,-0.126842,0.462891,14.516096,348.500,0,0.000000,0.000000,0.000000,0.000000
tracking_cdrone3_20260822_205732_073_milestone4,milestone4,1787457476.751451969,target_map,78,472,0,detected,2.666932,-1.814152,0.072570,0.399291,0.347762,-0.060397,0.460196,14.516096,348.500,0,0.023287,0.000000,0.158150,0.355822
tracking_cdrone3_20260822_205732_073_milestone4,milestone4,1787457476.850943565,target_map,78,472,0,detected,2.706658,-1.779552,0.066561,0.399291,0.347762,-0.060397,0.448682,14.516096,348.500,0,0.122779,0.000000,0.192973,0.380695
tracking_cdrone3_20260822_205732_073_milestone4,milestone4,1787457476.951205015,target_map,78,472,0,detected,2.746688,-1.744688,0.060506,0.399291,0.347762,-0.060397,0.437081,14.516096,348.500,0,0.223031,0.000000,0.228061,0.405758
tracking_cdrone3_20260822_205732_073_milestone4,milestone4,1787457476.973398685,raw,472,472,0,detected,2.720993,-1.791514,0.075392,0.255458,0.123926,0.005709,0.528320,14.576489,358.750,0,0.000000,0.000000,0.000000,0.000000
tracking_cdrone3_20260822_205732_073_milestone4,milestone4,1787457477.050830603,target_map,78,472,0,detected,2.744785,-1.774820,0.073606,0.320183,0.224652,-0.024039,0.518506,14.576489,358.750,0,0.074307,0.000000,0.176008,0.368577
tracking_cdrone3_20260822_205732_073_milestone4,milestone4,1787457477.151035547,target_map,78,472,0,detected,2.776865,-1.752311,0.071198,0.320183,0.224652,-0.024039,0.505272,14.576489,358.750,0,0.174502,0.000000,0.211076,0.393625
tracking_cdrone3_20260822_205732_073_milestone4,milestone4,1787457477.209551811,raw,472,472,0,detected,1.940498,-1.576935,0.066462,-3.305048,0.908643,-0.037816,0.506836,13.781016,357.000,1,0.000000,0.000000,0.000000,0.000000
tracking_cdrone3_20260822_205732_073_milestone4,milestone4,1787457477.251318455,target_map,78,472,0,detected,1.875202,-1.553494,0.065229,-1.673694,0.600847,-0.031616,0.501893,13.781016,357.000,1,0.039013,0.000000,0.163655,0.359753
tracking_cdrone3_20260822_205732_073_milestone4,milestone4,1787457477.351124048,target_map,78,472,0,detected,1.708176,-1.493533,0.062073,-1.673694,0.600847,-0.031616,0.489248,13.781016,357.000,1,0.138808,0.000000,0.198583,0.384702
tracking_cdrone3_20260822_205732_073_milestone4,milestone4,1787457477.428309679,raw,472,472,0,detected,4.140958,-2.623287,0.108519,10.059225,-4.783312,0.192261,0.492188,16.078932,367.500,0,0.000000,0.000000,0.000000,0.000000
tracking_cdrone3_20260822_205732_073_milestone4,milestone4,1787457477.451008797,target_map,78,472,0,detected,4.196234,-2.651078,0.109579,3.219873,-1.618857,0.061709,0.490075,16.078932,367.500,0,0.017167,0.000000,0.156008,0.354292
tracking_cdrone3_20260822_205732_073_milestone4,milestone4,1787457477.550945282,target_map,78,472,0,detected,4.517959,-2.812832,0.115745,3.219873,-1.618857,0.061709,0.477780,16.078932,367.500,0,0.117086,0.000000,0.190980,0.379271
tracking_cdrone3_20260822_205732_073_milestone4,milestone4,1787457477.639191151,raw,472,472,0,detected,2.918555,-2.115858,0.091281,-5.796525,2.406182,-0.081744,0.471436,14.804719,367.500,1,0.000000,0.000000,0.000000,0.000000
tracking_cdrone3_20260822_205732_073_milestone4,milestone4,1787457477.664825916,target_map,78,472,0,detected,2.885783,-2.104648,0.090957,-1.739146,0.594915,-0.017190,0.469215,14.804719,367.500,1,0.018843,0.000000,0.156595,0.354711
tracking_cdrone3_20260822_205732_073_milestone4,milestone4,1787457477.750935316,target_map,78,472,0,detected,2.736035,-2.053423,0.089477,-1.739146,0.594915,-0.017190,0.459067,14.804719,367.500,1,0.104948,0.000000,0.186732,0.376237
tracking_cdrone3_20260822_205732_073_milestone4,milestone4,1787457477.851063967,target_map,78,472,0,detected,2.561904,-1.993858,0.087755,-1.739146,0.594915,-0.017190,0.447266,14.804719,367.500,1,0.205072,0.000000,0.221775,0.401268
tracking_cdrone3_20260822_205732_073_milestone4,milestone4,1787457477.863309860,raw,472,472,0,detected,-1.076988,-0.966367,0.037134,-17.827967,5.128987,-0.241602,0.451416,10.732414,340.000,1,0.000000,0.000000,0.000000,0.000000
tracking_cdrone3_20260822_205732_073_milestone4,milestone4,1787457477.951106071,target_map,78,472,0,detected,-1.501424,-0.840655,0.031625,-5.010745,1.484116,-0.065035,0.441857,10.732414,340.000,1,0.084705,0.000000,0.179647,0.371176
tracking_cdrone3_20260822_205732_073_milestone4,milestone4,1787457478.050955534,target_map,78,472,0,detected,-2.001757,-0.692463,0.025131,-5.010745,1.484116,-0.065035,0.430588,10.732414,340.000,1,0.184557,0.000000,0.214595,0.396139
tracking_cdrone3_20260822_205732_073_milestone4,milestone4,1787457478.074234724,raw,472,472,0,detected,-0.951991,-0.882814,0.039672,0.592513,0.396060,0.012035,0.451416,10.854175,340.000,0,0.000000,0.000000,0.000000,0.000000
tracking_cdrone3_20260822_205732_073_milestone4,milestone4,1787457478.150934219,target_map,78,472,0,detected,-1.094323,-0.817462,0.038001,-1.928953,0.885685,-0.022646,0.443089,10.854175,340.000,0,0.073787,0.000000,0.175825,0.368447
tracking_cdrone3_20260822_205732_073_milestone4,milestone4,1787457478.251105309,target_map,78,472,0,detected,-1.287504,-0.728763,0.035734,-1.928953,0.885685,-0.022646,0.431787,10.854175,340.000,0,0.173935,0.000000,0.210877,0.393484
tracking_cdrone3_20260822_205732_073_milestone4,milestone4,1787457478.302410126,raw,472,472,0,detected,2.765126,-2.026590,0.095073,16.294172,-5.013801,0.242851,0.512695,14.642694,376.250,0,0.000000,0.000000,0.000000,0.000000
tracking_cdrone3_20260822_205732_073_milestone4,milestone4,1787457478.354650259,target_map,78,472,0,detected,2.930153,-2.070868,0.097669,3.336957,-0.895338,0.052481,0.506357,14.642694,376.250,0,0.049454,0.000000,0.167309,0.362364
tracking_cdrone3_20260822_205732_073_milestone4,milestone4,1787457478.450711489,target_map,78,472,0,detected,3.250715,-2.156878,0.102710,3.336957,-0.895338,0.052481,0.494044,14.642694,376.250,0,0.145519,0.000000,0.200931,0.386380
tracking_cdrone3_20260822_205732_073_milestone4,milestone4,1787457478.539603710,raw,472,472,0,detected,4.570755,-2.590729,0.116677,7.612187,-2.378298,0.091076,0.534180,16.501062,387.000,0,0.000000,0.000000,0.000000,0.000000
tracking_cdrone3_20260822_205732_073_milestone4,milestone4,1787457478.551362753,target_map,78,472,0,detected,4.621419,-2.605968,0.117333,5.688334,-1.710966,0.073709,0.532990,16.501062,387.000,0,0.008907,0.000000,0.153117,0.352227
tracking_cdrone3_20260822_205732_073_milestone4,milestone4,1787457478.651016951,target_map,78,472,0,detected,5.188275,-2.776469,0.124678,5.688334,-1.710966,0.073709,0.519682,16.501062,387.000,0,0.108559,0.000000,0.187996,0.377140
tracking_cdrone3_20260822_205732_073_milestone4,milestone4,1787457478.751032114,target_map,78,472,0,detected,5.757123,-2.947570,0.132049,5.688334,-1.710966,0.073709,0.506327,16.501062,387.000,0,0.208561,0.000000,0.222997,0.402140
tracking_cdrone3_20260822_205732_073_milestone4,milestone4,1787457478.762104273,raw,472,472,0,detected,1.654469,-5.941629,0.474181,-13.106524,-15.059785,1.606714,0.502930,14.510235,358.750,1,0.000000,0.000000,0.000000,0.000000
tracking_cdrone3_20260822_205732_073_milestone4,milestone4,1787457478.850805283,target_map,78,472,0,detected,1.627279,-6.288680,0.507040,-0.319515,-4.078295,0.386135,0.492230,14.510235,358.750,1,0.085097,0.000000,0.179784,0.371274
tracking_cdrone3_20260822_205732_073_milestone4,milestone4,1787457478.951446056,target_map,78,472,0,detected,1.595125,-6.699088,0.545898,-0.319515,-4.078295,0.386135,0.479578,14.510235,358.750,1,0.185729,0.000000,0.215005,0.396432
tracking_cdrone3_20260822_205732_073_milestone4,milestone4,1787457478.963270426,raw,472,472,0,detected,5.961092,-5.345500,0.390557,21.409079,2.963472,-0.415714,0.502930,18.406979,358.750,0,0.000000,0.000000,0.000000,0.000000
tracking_cdrone3_20260822_205732_073_milestone4,milestone4,1787457479.050985813,target_map,78,472,0,detected,6.309173,-5.447272,0.397920,4.213856,-1.232043,0.089146,0.492544,18.406979,358.750,0,0.082604,0.000000,0.178911,0.370651
tracking_cdrone3_20260822_205732_073_milestone4,milestone4,1787457479.150997877,target_map,78,472,0,detected,6.730583,-5.570483,0.406835,4.213856,-1.232043,0.089146,0.479970,18.406979,358.750,0,0.182610,0.000000,0.213913,0.395652
tracking_cdrone3_20260822_205732_073_milestone4,milestone4,1787457479.166106939,raw,472,472,0,detected,2.769762,-2.040111,0.095896,-15.733027,16.295330,-1.452658,0.526367,14.648711,376.250,1,0.000000,0.000000,0.000000,0.000000
tracking_cdrone3_20260822_205732_073_milestone4,milestone4,1787457479.250936508,target_map,78,472,0,detected,2.675262,-1.826771,0.076115,-1.153675,2.604496,-0.241488,0.515588,14.648711,376.250,1,0.081913,0.000000,0.178669,0.370478
tracking_cdrone3_20260822_205732_073_milestone4,milestone4,1787457479.350900412,target_map,78,472,0,detected,2.559945,-1.566435,0.051976,-1.153675,2.604496,-0.241488,0.502435,14.648711,376.250,1,0.181869,0.000000,0.213654,0.395467
tracking_cdrone3_20260822_205732_073_milestone4,milestone4,1787457479.371921301,raw,472,472,0,detected,3.946848,-2.300579,0.104946,5.719242,-1.265565,0.043977,0.523438,15.847071,367.500,0,0.000000,0.000000,0.000000,0.000000
tracking_cdrone3_20260822_205732_073_milestone4,milestone4,1787457479.450927019,target_map,78,472,0,detected,4.140063,-2.265564,0.098731,2.626429,0.475962,-0.084483,0.513811,15.847071,367.500,0,0.073566,0.000000,0.175748,0.368391
tracking_cdrone3_20260822_205732_073_milestone4,milestone4,1787457479.551205397,target_map,78,472,0,detected,4.403437,-2.217836,0.090260,2.626429,0.475962,-0.084483,0.500688,15.847071,367.500,0,0.173844,0.000000,0.210845,0.393461
tracking_cdrone3_20260822_205732_073_milestone4,milestone4,1787457479.630018234,raw,472,472,0,detected,4.065079,-2.387430,0.116065,0.458090,-0.336506,0.043081,0.513672,15.974486,367.500,0,0.000000,0.000000,0.000000,0.000000
tracking_cdrone3_20260822_205732_073_milestone4,milestone4,1787457479.650879383,target_map,78,472,0,detected,4.089829,-2.386928,0.115818,1.433843,0.029105,-0.014323,0.511455,15.974486,367.500,0,0.017261,0.000000,0.156041,0.354315
tracking_cdrone3_20260822_205732_073_milestone4,milestone4,1787457479.750778198,target_map,78,472,0,detected,4.233071,-2.384020,0.114387,1.433843,0.029105,-0.014323,0.498626,15.974486,367.500,0,0.117162,0.000000,0.191007,0.379290
tracking_cdrone3_20260822_205732_073_milestone4,milestone4,1787457479.849198580,raw,472,472,0,detected,2.883905,-2.086658,0.097787,-5.389084,1.372270,-0.083396,0.535156,14.767070,367.500,1,0.000000,0.000000,0.000000,0.000000
tracking_cdrone3_20260822_205732_073_milestone4,milestone4,1787457479.850752115,target_map,78,472,0,detected,4.376426,-2.381110,0.112955,1.433843,0.029105,-0.014323,0.485787,15.974486,367.500,0,0.217142,0.000000,0.226000,0.404285
tracking_cdrone3_20260822_205732_073_milestone4,milestone4,1787457479.951673031,target_map,78,472,0,detected,2.657339,-2.011631,0.092675,-2.318767,0.767846,-0.052313,0.522084,14.767070,367.500,1,0.097710,0.000000,0.184198,0.374427
tracking_cdrone3_20260822_205732_073_milestone4,milestone4,1787457480.050945282,target_map,78,472,0,detected,2.427177,-1.935415,0.087483,-2.318767,0.767846,-0.052313,0.508804,14.767070,367.500,1,0.196970,0.000000,0.218940,0.399243
tracking_cdrone3_20260822_205732_073_milestone4,milestone4,1787457480.080024719,raw,472,472,0,detected,2.898809,-2.017666,0.100137,0.064563,0.298885,0.010180,0.482178,14.774786,367.500,0,0.000000,0.000000,0.000000,0.000000
tracking_cdrone3_20260822_205732_073_milestone4,milestone4,1787457480.150734663,target_map,78,472,0,detected,2.831261,-1.983493,0.098934,-1.007935,0.509917,-0.017942,0.474099,14.774786,367.500,0,0.067016,0.000000,0.173456,0.366754
tracking_cdrone3_20260822_205732_073_milestone4,milestone4,1787457480.250999689,target_map,78,472,0,detected,2.730217,-1.932375,0.097136,-1.007935,0.509917,-0.017942,0.462015,14.774786,367.500,0,0.167264,0.000000,0.208542,0.391816
tracking_cdrone3_20260822_205732_073_milestone4,milestone4,1787457480.311130285,raw,472,472,0,detected,2.597296,-1.964384,0.101885,-1.304590,0.230543,0.007565,0.527344,14.469398,376.250,1,0.000000,0.000000,0.000000,0.000000
tracking_cdrone3_20260822_205732_073_milestone4,milestone4,1787457480.350913048,target_map,78,472,0,detected,2.553843,-1.951165,0.101740,-1.171095,0.356261,-0.003913,0.522452,14.469398,376.250,1,0.037105,0.000000,0.162987,0.359276
tracking_cdrone3_20260822_205732_073_milestone4,milestone4,1787457480.452401400,target_map,78,472,0,detected,2.435001,-1.915011,0.101343,-1.171095,0.356261,-0.003913,0.509073,14.469398,376.250,1,0.138585,0.000000,0.198505,0.384646
tracking_cdrone3_20260822_205732_073_milestone4,milestone4,1787457480.533822536,raw,472,472,0,detected,1.861829,-1.713282,0.082292,-3.300564,1.126874,-0.087926,0.516602,13.713700,367.500,1,0.000000,0.000000,0.000000,0.000000
tracking_cdrone3_20260822_205732_073_milestone4,milestone4,1787457480.550737858,target_map,78,472,0,detected,1.831709,-1.703250,0.081648,-2.342303,0.780098,-0.050120,0.514941,13.713700,367.500,1,0.012859,0.000000,0.154501,0.353215
tracking_cdrone3_20260822_205732_073_milestone4,milestone4,1787457480.650939941,target_map,78,472,0,detected,1.597016,-1.625086,0.076626,-2.342303,0.780098,-0.050120,0.502000,13.713700,367.500,1,0.113057,0.000000,0.189570,0.378264
tracking_cdrone3_20260822_205732_073_milestone4,milestone4,1787457480.751241684,target_map,78,472,0,detected,1.362097,-1.546847,0.071599,-2.342303,0.780098,-0.050120,0.489047,13.713700,367.500,1,0.213351,0.000000,0.224673,0.403338
tracking_cdrone3_20260822_205732_073_milestone4,milestone4,1787457480.755758762,raw,472,472,0,detected,1.888091,-1.610265,0.080242,0.118409,0.464482,-0.009244,0.448242,13.731334,357.000,0,0.000000,0.000000,0.000000,0.000000
tracking_cdrone3_20260822_205732_073_milestone4,milestone4,1787457480.850946188,target_map,78,472,0,detected,1.800733,-1.556687,0.077801,-0.988912,0.606510,-0.027638,0.438343,13.731334,357.000,0,0.088337,0.000000,0.180918,0.372084
tracking_cdrone3_20260822_205732_073_milestone4,milestone4,1787457480.950949430,target_map,78,472,0,detected,1.701854,-1.496044,0.075037,-0.988912,0.606510,-0.027638,0.427138,13.731334,357.000,0,0.188325,0.000000,0.215914,0.397081
tracking_cdrone3_20260822_205732_073_milestone4,milestone4,1787457480.966060638,raw,472,472,0,detected,2.880978,-2.027199,0.088349,4.721179,-1.982521,0.038548,0.541992,14.758027,396.000,0,0.000000,0.000000,0.000000,0.000000
tracking_cdrone3_20260822_205732_073_milestone4,milestone4,1787457481.051058054,target_map,78,472,0,detected,3.055764,-2.093604,0.089061,2.151639,-0.817457,0.008764,0.530985,14.758027,396.000,0,0.081234,0.000000,0.178432,0.370308
tracking_cdrone3_20260822_205732_073_milestone4,milestone4,1787457481.150870800,target_map,78,472,0,detected,3.270533,-2.175199,0.089936,2.151639,-0.817457,0.008764,0.517460,14.758027,396.000,0,0.181050,0.000000,0.213368,0.395263
tracking_cdrone3_20260822_205732_073_milestone4,milestone4,1787457481.170444250,raw,472,472,0,detected,3.881523,-2.315833,0.119936,4.895358,-1.412201,0.154547,0.513672,15.783885,367.500,0,0.000000,0.000000,0.000000,0.000000
tracking_cdrone3_20260822_205732_073_milestone4,milestone4,1787457481.250776529,target_map,78,472,0,detected,4.161059,-2.403234,0.126728,3.660684,-1.144567,0.088945,0.503866,15.783885,367.500,0,0.076362,0.000000,0.176727,0.369090
tracking_cdrone3_20260822_205732_073_milestone4,milestone4,1787457481.350869417,target_map,78,472,0,detected,4.527459,-2.517795,0.135631,3.660684,-1.144567,0.088945,0.491012,15.783885,367.500,0,0.176452,0.000000,0.211758,0.394113
tracking_cdrone3_20260822_205732_073_milestone4,milestone4,1787457481.405120611,raw,472,472,0,detected,4.236179,-2.398904,0.109664,1.511266,-0.353981,-0.043773,0.499023,16.145706,348.500,0,0.000000,0.000000,0.000000,0.000000
tracking_cdrone3_20260822_205732_073_milestone4,milestone4,1787457481.450701237,target_map,78,472,0,detected,4.341957,-2.429194,0.110345,2.478504,-0.709745,0.015950,0.493699,16.145706,348.500,0,0.042678,0.000000,0.164937,0.360670
tracking_cdrone3_20260822_205732_073_milestone4,milestone4,1787457481.550985575,target_map,78,472,0,detected,4.590487,-2.500363,0.111944,2.478504,-0.709745,0.015950,0.481189,16.145706,348.500,0,0.142952,0.000000,0.200033,0.385738
tracking_cdrone3_20260822_205732_073_milestone4,milestone4,1787457481.621589184,raw,472,472,0,detected,3.793552,-2.356641,0.115716,-2.044779,0.195239,0.027957,0.508789,15.701199,367.500,1,0.000000,0.000000,0.000000,0.000000
tracking_cdrone3_20260822_205732_073_milestone4,milestone4,1787457481.650971651,target_map,78,472,0,detected,3.793315,-2.362031,0.116289,-0.009302,-0.212003,0.022554,0.505555,15.701199,367.500,1,0.025423,0.000000,0.158898,0.356356
tracking_cdrone3_20260822_205732_073_milestone4,milestone4,1787457481.750744820,target_map,78,472,0,detected,3.792387,-2.383184,0.118539,-0.009302,-0.212003,0.022554,0.492864,15.701199,367.500,1,0.125200,0.000000,0.193820,0.381300
tracking_cdrone3_20260822_205732_073_milestone4,milestone4,1787457481.827225447,raw,472,472,0,detected,4.079634,-2.402908,0.128434,1.391217,-0.224996,0.061848,0.497070,15.990749,376.250,0,0.000000,0.000000,0.000000,0.000000
tracking_cdrone3_20260822_205732_073_milestone4,milestone4,1787457481.850795984,target_map,78,472,0,detected,4.092835,-2.406710,0.129200,0.760983,-0.219149,0.044165,0.494915,15.990749,376.250,0,0.017348,0.000000,0.156072,0.354337
tracking_cdrone3_20260822_205732_073_milestone4,milestone4,1787457481.950975657,target_map,78,472,0,detected,4.169065,-2.428662,0.133624,0.760983,-0.219149,0.044165,0.482466,15.990749,376.250,0,0.117520,0.000000,0.191132,0.379380
tracking_cdrone3_20260822_205732_073_milestone4,milestone4,1787457482.030771017,raw,472,472,0,detected,4.132710,-2.437892,0.119364,0.260771,-0.171883,-0.044558,0.532227,16.047583,376.250,0,0.000000,0.000000,0.000000,0.000000
tracking_cdrone3_20260822_205732_073_milestone4,milestone4,1787457482.052549124,target_map,78,472,0,detected,4.139831,-2.440723,0.119297,0.485867,-0.193153,-0.004633,0.530276,16.047583,376.250,0,0.014657,0.000000,0.155130,0.353664
tracking_cdrone3_20260822_205732_073_milestone4,milestone4,1787457482.150978088,target_map,78,472,0,detected,4.187653,-2.459734,0.118841,0.485867,-0.193153,-0.004633,0.517180,16.047583,376.250,0,0.113082,0.000000,0.189579,0.378270
tracking_cdrone3_20260822_205732_073_milestone4,milestone4,1787457482.244142056,raw,472,472,0,detected,3.845633,-2.302393,0.119546,-1.345410,0.635028,0.000849,0.481201,15.746708,348.500,1,0.000000,0.000000,0.000000,0.000000
tracking_cdrone3_20260822_205732_073_milestone4,milestone4,1787457482.250677347,target_map,78,472,0,detected,3.843552,-2.301346,0.119539,-0.521335,0.262347,-0.001618,0.480721,15.746708,348.500,1,0.003991,0.000000,0.151397,0.350998
tracking_cdrone3_20260822_205732_073_milestone4,milestone4,1787457482.350954771,target_map,78,472,0,detected,3.791284,-2.275043,0.119377,-0.521335,0.262347,-0.001618,0.468660,15.746708,348.500,1,0.104249,0.000000,0.186487,0.376062
tracking_cdrone3_20260822_205732_073_milestone4,milestone4,1787457482.441969156,raw,472,472,0,detected,2.494787,-1.908750,0.096709,-6.828155,1.989756,-0.115435,0.511719,14.361944,348.500,1,0.000000,0.000000,0.000000,0.000000
tracking_cdrone3_20260822_205732_073_milestone4,milestone4,1787457482.451427460,target_map,78,472,0,detected,2.479008,-1.903955,0.096455,-3.990086,1.212422,-0.064217,0.511213,14.361944,348.500,1,0.003954,0.000000,0.151384,0.350989
tracking_cdrone3_20260822_205732_073_milestone4,milestone4,1787457482.550917864,target_map,78,472,0,detected,2.081987,-1.783317,0.090065,-3.990086,1.212422,-0.064217,0.498484,14.361944,348.500,1,0.103456,0.000000,0.186210,0.375864
tracking_cdrone3_20260822_205732_073_milestone4,milestone4,1787457482.650995970,target_map,78,472,0,detected,1.682730,-1.661999,0.083639,-3.990086,1.212422,-0.064217,0.485683,14.361944,348.500,1,0.203519,0.000000,0.221232,0.400880
tracking_cdrone3_20260822_205732_073_milestone4,milestone4,1787457482.666642189,raw,472,472,0,detected,2.612870,-1.849490,0.079889,0.525606,0.263774,-0.074866,0.497070,14.473985,357.000,0,0.000000,0.000000,0.000000,0.000000
tracking_cdrone3_20260822_205732_073_milestone4,milestone4,1787457482.750943422,target_map,78,472,0,detected,2.497149,-1.796435,0.074506,-1.506455,0.690666,-0.070074,0.487525,14.473985,357.000,0,0.076817,0.000000,0.176886,0.369204
tracking_cdrone3_20260822_205732_073_milestone4,milestone4,1787457482.850967884,target_map,78,472,0,detected,2.346460,-1.727349,0.067497,-1.506455,0.690666,-0.070074,0.475094,14.473985,357.000,0,0.176846,0.000000,0.211896,0.394211
tracking_cdrone3_20260822_205732_073_milestone4,milestone4,1787457482.884393930,raw,472,472,0,detected,2.921586,-1.834103,0.078226,1.417725,0.070662,-0.007638,0.550781,14.780030,358.750,0,0.000000,0.000000,0.000000,0.000000
tracking_cdrone3_20260822_205732_073_milestone4,milestone4,1787457482.950955629,target_map,78,472,0,detected,2.927788,-1.812810,0.076050,0.101844,0.349664,-0.035734,0.542396,14.780030,358.750,0,0.060895,0.000000,0.171313,0.365224
tracking_cdrone3_20260822_205732_073_milestone4,milestone4,1787457483.050976515,target_map,78,472,0,detected,2.937974,-1.777837,0.072476,0.101844,0.349664,-0.035734,0.528624,14.780030,358.750,0,0.160913,0.000000,0.206319,0.390228
tracking_cdrone3_20260822_205732_073_milestone4,milestone4,1787457483.116892815,raw,472,472,0,detected,1.672084,-1.615723,0.086016,-5.371930,0.938871,0.033489,0.541016,13.516480,376.250,1,0.000000,0.000000,0.000000,0.000000
tracking_cdrone3_20260822_205732_073_milestone4,milestone4,1787457483.150959015,target_map,78,472,0,detected,1.597133,-1.598363,0.086076,-2.908732,0.673728,0.002339,0.537530,13.516480,376.250,1,0.025768,0.000000,0.159019,0.356442
tracking_cdrone3_20260822_205732_073_milestone4,milestone4,1787457483.251018763,target_map,78,472,0,detected,1.306092,-1.530951,0.086310,-2.908732,0.673728,0.002339,0.523997,13.516480,376.250,1,0.125825,0.000000,0.194039,0.381456
tracking_cdrone3_20260822_205732_073_milestone4,milestone4,1787457483.349961519,raw,472,472,0,detected,2.847482,-1.940975,0.076294,5.045076,-1.396056,-0.041727,0.471436,14.716125,365.500,0,0.000000,0.000000,0.000000,0.000000
tracking_cdrone3_20260822_205732_073_milestone4,milestone4,1787457483.352598429,target_map,78,472,0,detected,1.010615,-1.462512,0.086547,-2.908732,0.673728,0.002339,0.510258,13.516480,376.250,1,0.227408,0.000000,0.229593,0.406852
tracking_cdrone3_20260822_205732_073_milestone4,milestone4,1787457483.451077223,target_map,78,472,0,detected,2.983407,-1.984061,0.074264,1.465863,-0.464653,-0.021897,0.460507,14.716125,365.500,0,0.092727,0.000000,0.182454,0.373182
tracking_cdrone3_20260822_205732_073_milestone4,milestone4,1787457483.550867558,target_map,78,472,0,detected,3.129715,-2.030438,0.072078,1.465863,-0.464653,-0.021897,0.448743,14.716125,365.500,0,0.192537,0.000000,0.217388,0.398134
tracking_cdrone3_20260822_205732_073_milestone4,milestone4,1787457483.575201035,raw,472,472,0,detected,2.528553,-1.880328,0.101566,-1.415983,0.269260,0.112201,0.449219,14.392840,348.500,1,0.000000,0.000000,0.000000,0.000000
tracking_cdrone3_20260822_205732_073_milestone4,milestone4,1787457483.652694225,target_map,78,472,0,detected,2.519757,-1.884831,0.105394,-0.119153,-0.061001,0.051857,0.440928,14.392840,348.500,1,0.073823,0.000000,0.175838,0.368456
tracking_cdrone3_20260822_205732_073_milestone4,milestone4,1787457483.751045465,target_map,78,472,0,detected,2.508039,-1.890831,0.110494,-0.119153,-0.061001,0.051857,0.429884,14.392840,348.500,1,0.172166,0.000000,0.210258,0.393042
tracking_cdrone3_20260822_205732_073_milestone4,milestone4,1787457483.800140381,raw,472,472,0,detected,2.652948,-1.840595,0.076788,0.553008,0.176638,-0.110152,0.468750,14.513029,367.500,0,0.000000,0.000000,0.000000,0.000000
tracking_cdrone3_20260822_205732_073_milestone4,milestone4,1787457483.854132175,target_map,78,472,0,detected,2.662656,-1.837894,0.075344,0.250536,0.069700,-0.037248,0.464209,14.513029,367.500,0,0.038749,0.000000,0.163562,0.359687
tracking_cdrone3_20260822_205732_073_milestone4,milestone4,1787457483.951800346,target_map,78,472,0,detected,2.687127,-1.831086,0.071706,0.250536,0.069700,-0.037248,0.452763,14.513029,367.500,0,0.136423,0.000000,0.197748,0.384106
tracking_cdrone3_20260822_205732_073_milestone4,milestone4,1787457484.004727840,raw,472,472,0,detected,-1.460397,-0.471568,0.027083,-20.105606,6.691659,-0.242950,0.451416,10.339931,330.000,1,0.000000,0.000000,0.000000,0.000000
tracking_cdrone3_20260822_205732_073_milestone4,milestone4,1787457484.050954580,target_map,78,472,0,detected,-1.637939,-0.409467,0.024146,-4.061827,1.420768,-0.067206,0.446483,10.339931,330.000,1,0.043710,0.000000,0.165298,0.360927
tracking_cdrone3_20260822_205732_073_milestone4,milestone4,1787457484.151539803,target_map,78,472,0,detected,-2.046503,-0.266557,0.017386,-4.061827,1.420768,-0.067206,0.435132,10.339931,330.000,1,0.144296,0.000000,0.200504,0.386074
tracking_cdrone3_20260822_205732_073_milestone4,milestone4,1787457484.206295490,raw,472,472,0,detected,1.731109,-1.624609,0.056160,15.833686,-5.720462,0.144256,0.465820,13.576106,357.000,0,0.000000,0.000000,0.000000,0.000000
tracking_cdrone3_20260822_205732_073_milestone4,milestone4,1787457484.250949860,target_map,78,472,0,detected,1.825903,-1.659719,0.056466,2.310234,-0.855669,0.007458,0.461042,13.576106,357.000,0,0.041032,0.000000,0.164361,0.360258
tracking_cdrone3_20260822_205732_073_milestone4,milestone4,1787457484.350944757,target_map,78,472,0,detected,2.056909,-1.745280,0.057212,2.310234,-0.855669,0.007458,0.449397,13.576106,357.000,0,0.141025,0.000000,0.199359,0.385256
tracking_cdrone3_20260822_205732_073_milestone4,milestone4,1787457484.433130264,raw,472,472,0,detected,2.647190,-2.006496,0.114839,4.038398,-1.683489,0.258678,0.495117,14.523314,340.000,0,0.000000,0.000000,0.000000,0.000000
tracking_cdrone3_20260822_205732_073_milestone4,milestone4,1787457484.451182842,target_map,78,472,0,detected,2.696141,-2.026177,0.117026,3.260724,-1.310970,0.145629,0.493259,14.523314,340.000,0,0.015012,0.000000,0.155254,0.353753
tracking_cdrone3_20260822_205732_073_milestone4,milestone4,1787457484.550826788,target_map,78,472,0,detected,3.021037,-2.156801,0.131536,3.260724,-1.310970,0.145629,0.480926,14.523314,340.000,0,0.114652,0.000000,0.190128,0.378663
tracking_cdrone3_20260822_205732_073_milestone4,milestone4,1787457484.651335001,target_map,78,472,0,detected,3.348748,-2.288557,0.146172,3.260724,-1.310970,0.145629,0.468486,14.523314,340.000,0,0.215154,0.000000,0.225304,0.403789
tracking_cdrone3_20260822_205732_073_milestone4,milestone4,1787457484.660990715,raw,472,472,0,detected,4.070443,-2.307958,0.123399,6.246331,-1.323046,0.037565,0.479492,15.970726,357.000,0,0.000000,0.000000,0.000000,0.000000
tracking_cdrone3_20260822_205732_073_milestone4,milestone4,1787457484.750966787,target_map,78,472,0,detected,4.464223,-2.413785,0.130322,4.902808,-1.317612,0.086194,0.469864,15.970726,357.000,0,0.080317,0.000000,0.178111,0.370079
tracking_cdrone3_20260822_205732_073_milestone4,milestone4,1787457484.851381302,target_map,78,472,0,detected,4.956409,-2.546058,0.138974,4.902808,-1.317612,0.086194,0.457830,15.970726,357.000,0,0.180706,0.000000,0.213247,0.395176
tracking_cdrone3_20260822_205732_073_milestone4,milestone4,1787457484.886903286,raw,472,472,0,detected,2.852485,-2.071222,0.097048,-5.391473,1.047948,-0.116646,0.471436,14.734234,357.000,1,0.000000,0.000000,0.000000,0.000000
tracking_cdrone3_20260822_205732_073_milestone4,milestone4,1787457484.951193094,target_map,78,472,0,detected,2.805523,-2.072246,0.095478,-0.759047,-0.016554,-0.025368,0.464144,14.734234,357.000,1,0.061870,0.000000,0.171654,0.365467
tracking_cdrone3_20260822_205732_073_milestone4,milestone4,1787457485.051153183,target_map,78,472,0,detected,2.729663,-2.073900,0.092943,-0.759047,-0.016554,-0.025368,0.452365,14.734234,357.000,1,0.161811,0.000000,0.206634,0.390453
tracking_cdrone3_20260822_205732_073_milestone4,milestone4,1787457485.133575201,raw,472,472,0,detected,2.782269,-2.043563,0.108506,-0.284634,0.112119,0.046448,0.516602,14.661498,357.000,1,0.000000,0.000000,0.000000,0.000000
tracking_cdrone3_20260822_205732_073_milestone4,milestone4,1787457485.151585340,target_map,78,472,0,detected,2.775424,-2.042818,0.108700,-0.498120,0.054216,0.014131,0.514827,14.661498,357.000,1,0.013741,0.000000,0.154809,0.353435
tracking_cdrone3_20260822_205732_073_milestone4,milestone4,1787457485.250940323,target_map,78,472,0,detected,2.725936,-2.037432,0.110104,-0.498120,0.054216,0.014131,0.501996,14.661498,357.000,1,0.113091,0.000000,0.189582,0.378273
tracking_cdrone3_20260822_205732_073_milestone4,milestone4,1787457485.350859165,target_map,78,472,0,detected,2.676164,-2.032015,0.111516,-0.498120,0.054216,0.014131,0.489091,14.661498,357.000,1,0.213011,0.000000,0.224554,0.403253
tracking_cdrone3_20260822_205732_073_milestone4,milestone4,1787457485.388095379,raw,472,472,0,detected,2.800275,-2.034885,0.108183,0.070748,0.034099,-0.001270,0.507812,14.678487,348.500,0,0.000000,0.000000,0.000000,0.000000
tracking_cdrone3_20260822_205732_073_milestone4,milestone4,1787457485.451418161,target_map,78,472,0,detected,2.789127,-2.032288,0.108524,-0.185242,0.043152,0.005660,0.500172,14.678487,348.500,0,0.060180,0.000000,0.171063,0.365045
tracking_cdrone3_20260822_205732_073_milestone4,milestone4,1787457485.550971508,target_map,78,472,0,detected,2.770684,-2.027992,0.109087,-0.185242,0.043152,0.005660,0.487533,14.678487,348.500,0,0.159742,0.000000,0.205910,0.389935
tracking_cdrone3_20260822_205732_073_milestone4,milestone4,1787457485.600045681,raw,472,472,0,detected,2.909581,-2.015978,0.104232,0.515639,0.089193,-0.018637,0.537598,14.785295,346.500,0,0.000000,0.000000,0.000000,0.000000
tracking_cdrone3_20260822_205732_073_milestone4,milestone4,1787457485.652157545,target_map,78,472,0,detected,2.919362,-2.012633,0.103856,0.200243,0.068474,-0.007703,0.531033,14.785295,346.500,0,0.048847,0.000000,0.167096,0.362212
tracking_cdrone3_20260822_205732_073_milestone4,milestone4,1787457485.750943899,target_map,78,472,0,detected,2.939142,-2.005869,0.103095,0.200243,0.068474,-0.007703,0.517757,14.785295,346.500,0,0.147627,0.000000,0.201669,0.386907
tracking_cdrone3_20260822_205732_073_milestone4,milestone4,1787457485.816053867,raw,472,472,0,detected,2.930683,-2.019208,0.108487,0.097701,-0.014956,0.019698,0.500000,14.806605,357.000,0,0.000000,0.000000,0.000000,0.000000
tracking_cdrone3_20260822_205732_073_milestone4,milestone4,1787457485.850742340,target_map,78,472,0,detected,2.934906,-2.018545,0.108703,0.143845,0.022588,0.007367,0.496330,14.806605,357.000,0,0.029358,0.000000,0.160275,0.357340
tracking_cdrone3_20260822_205732_073_milestone4,milestone4,1787457485.950950146,target_map,78,472,0,detected,2.949319,-2.016282,0.109441,0.143845,0.022588,0.007367,0.483806,14.806605,357.000,0,0.129555,0.000000,0.195344,0.382389
tracking_cdrone3_20260822_205732_073_milestone4,milestone4,1787457486.034927130,raw,472,472,0,detected,2.612021,-1.926247,0.146738,-1.455934,0.424731,0.174767,0.565918,14.480239,357.000,1,0.000000,0.000000,0.000000,0.000000
tracking_cdrone3_20260822_205732_073_milestone4,milestone4,1787457486.050940514,target_map,78,472,0,detected,2.602263,-1.923015,0.148057,-0.736034,0.243767,0.099437,0.564042,14.480239,357.000,1,0.013258,0.000000,0.154640,0.353314
tracking_cdrone3_20260822_205732_073_milestone4,milestone4,1787457486.151007414,target_map,78,472,0,detected,2.528612,-1.898623,0.158007,-0.736034,0.243767,0.099437,0.549885,14.480239,357.000,1,0.113323,0.000000,0.189663,0.378331
tracking_cdrone3_20260822_205732_073_milestone4,milestone4,1787457486.244353294,raw,472,472,0,detected,0.511942,-1.354470,0.202489,-10.028235,2.730330,0.266222,0.465820,12.339761,338.250,1,0.000000,0.000000,0.000000,0.000000
tracking_cdrone3_20260822_205732_073_milestone4,milestone4,1787457486.251135588,target_map,78,472,0,detected,0.492270,-1.349030,0.203166,-4.575283,1.265203,0.157415,0.465320,12.339761,338.250,1,0.004300,0.000000,0.151505,0.351075
tracking_cdrone3_20260822_205732_073_milestone4,milestone4,1787457486.350992203,target_map,78,472,0,detected,0.035455,-1.222707,0.218883,-4.575283,1.265203,0.157415,0.453692,12.339761,338.250,1,0.104144,0.000000,0.186450,0.376036
tracking_cdrone3_20260822_205732_073_milestone4,milestone4,1787457486.451026917,target_map,78,472,0,detected,-0.422212,-1.096149,0.234630,-4.575283,1.265203,0.157415,0.442043,12.339761,338.250,1,0.204174,0.000000,0.221461,0.401044
tracking_cdrone3_20260822_205732_073_milestone4,milestone4,1787457486.460949898,raw,472,472,0,detected,5.486387,-3.766252,0.367547,22.963015,-11.133257,0.761939,0.465820,17.589703,338.250,0,0.000000,0.000000,0.000000,0.000000
tracking_cdrone3_20260822_205732_073_milestone4,milestone4,1787457486.550967932,target_map,78,472,0,detected,5.639274,-3.874913,0.383826,1.898564,-1.349362,0.202149,0.456442,17.589703,338.250,0,0.080528,0.000000,0.178185,0.370132
tracking_cdrone3_20260822_205732_073_milestone4,milestone4,1787457486.650675297,target_map,78,472,0,detected,5.828603,-4.009474,0.403985,1.898564,-1.349362,0.202149,0.444829,17.589703,338.250,0,0.180250,0.000000,0.213087,0.395062
tracking_cdrone3_20260822_205732_073_milestone4,milestone4,1787457486.688661098,raw,472,472,0,detected,3.891896,-2.515250,0.225924,-7.003085,5.494464,-0.622015,0.575684,15.817785,357.000,1,0.000000,0.000000,0.000000,0.000000
tracking_cdrone3_20260822_205732_073_milestone4,milestone4,1787457486.752614737,target_map,78,472,0,detected,3.752424,-2.402438,0.214346,-2.598937,2.102162,-0.215755,0.567960,15.817785,357.000,1,0.053665,0.000000,0.168783,0.363416
tracking_cdrone3_20260822_205732_073_milestone4,milestone4,1787457486.850829601,target_map,78,472,0,detected,3.497187,-2.195988,0.193157,-2.598937,2.102162,-0.215755,0.553826,15.817785,357.000,1,0.151873,0.000000,0.203156,0.387968
tracking_cdrone3_20260822_205732_073_milestone4,milestone4,1787457486.905787468,raw,472,472,0,detected,4.227707,-2.782439,0.302886,1.546576,-1.230537,0.354445,0.628906,16.187029,350.000,0,0.000000,0.000000,0.000000,0.000000
tracking_cdrone3_20260822_205732_073_milestone4,milestone4,1787457486.956471682,target_map,78,472,0,detected,4.212684,-2.769758,0.307495,-0.318904,0.269177,0.097855,0.621499,16.187029,350.000,0,0.047109,0.000000,0.166488,0.361777
tracking_cdrone3_20260822_205732_073_milestone4,milestone4,1787457487.050680161,target_map,78,472,0,detected,4.182641,-2.744400,0.316714,-0.318904,0.269177,0.097855,0.606688,16.187029,350.000,0,0.141316,0.000000,0.199461,0.385329
tracking_cdrone3_20260822_205732_073_milestone4,milestone4,1787457487.120770931,raw,472,472,0,detected,3.806919,-2.469683,0.283212,-1.957131,1.454663,-0.091504,0.628418,15.728471,313.500,1,0.000000,0.000000,0.000000,0.000000
tracking_cdrone3_20260822_205732_073_milestone4,milestone4,1787457487.150955677,target_map,78,472,0,detected,3.774188,-2.444967,0.283043,-1.219929,0.921194,-0.006292,0.624203,15.728471,313.500,1,0.026831,0.000000,0.159391,0.356708
tracking_cdrone3_20260822_205732_073_milestone4,milestone4,1787457487.251033545,target_map,78,472,0,detected,3.652109,-2.352782,0.282414,-1.219929,0.921194,-0.006292,0.608481,15.728471,313.500,1,0.126901,0.000000,0.194415,0.381725
tracking_cdrone3_20260822_205732_073_milestone4,milestone4,1787457487.334755421,raw,472,472,0,detected,3.714138,-2.459872,0.271295,-0.433626,0.045854,-0.055695,0.654785,15.635003,370.500,1,0.000000,0.000000,0.000000,0.000000
tracking_cdrone3_20260822_205732_073_milestone4,milestone4,1787457487.350939035,target_map,78,472,0,detected,3.703782,-2.454088,0.270855,-0.787463,0.439757,-0.033464,0.652632,15.635003,370.500,1,0.013151,0.000000,0.154603,0.353288
tracking_cdrone3_20260822_205732_073_milestone4,milestone4,1787457487.450969696,target_map,78,472,0,detected,3.625011,-2.410099,0.267508,-0.787463,0.439757,-0.033464,0.636258,15.635003,370.500,1,0.113182,0.000000,0.189614,0.378296
tracking_cdrone3_20260822_205732_073_milestone4,milestone4,1787457487.551044941,target_map,78,472,0,detected,3.546216,-2.366096,0.264159,-0.787463,0.439757,-0.033464,0.619878,15.635003,370.500,1,0.213245,0.000000,0.224636,0.403311
tracking_cdrone3_20260822_205732_073_milestone4,milestone4,1787457487.569684029,raw,472,472,0,detected,3.402601,-2.335514,0.279281,-1.326130,0.529358,0.033993,0.514648,15.310778,354.750,1,0.000000,0.000000,0.000000,0.000000
tracking_cdrone3_20260822_205732_073_milestone4,milestone4,1787457487.650747061,target_map,78,472,0,detected,3.317408,-2.297070,0.279567,-1.083730,0.489037,0.003638,0.504534,15.310778,354.750,1,0.078611,0.000000,0.177514,0.369653
tracking_cdrone3_20260822_205732_073_milestone4,milestone4,1787457487.751023293,target_map,78,472,0,detected,3.208762,-2.248043,0.279932,-1.083730,0.489037,0.003638,0.491636,15.310778,354.750,1,0.178863,0.000000,0.212602,0.394716
tracking_cdrone3_20260822_205732_073_milestone4,milestone4,1787457487.775996208,raw,472,472,0,detected,2.894712,-2.273476,0.267001,-2.461803,0.300707,-0.059521,0.641602,14.799088,348.500,1,0.000000,0.000000,0.000000,0.000000
tracking_cdrone3_20260822_205732_073_milestone4,milestone4,1787457487.850810528,target_map,78,472,0,detected,2.762982,-2.245905,0.264777,-1.841670,0.385455,-0.031100,0.630129,14.799088,348.500,1,0.071527,0.000000,0.175035,0.367882
tracking_cdrone3_20260822_205732_073_milestone4,milestone4,1787457487.951236010,target_map,78,472,0,detected,2.578047,-2.207199,0.261654,-1.841670,0.385455,-0.031100,0.614022,14.799088,348.500,1,0.171945,0.000000,0.210181,0.392986
tracking_cdrone3_20260822_205732_073_milestone4,milestone4,1787457487.998926640,raw,472,472,0,detected,2.585760,-2.181744,0.224986,-1.385874,0.411483,-0.188467,0.409180,14.480997,363.000,1,0.000000,0.000000,0.000000,0.000000
tracking_cdrone3_20260822_205732_073_milestone4,milestone4,1787457488.050971508,target_map,78,472,0,detected,2.507936,-2.162189,0.219231,-1.590982,0.399771,-0.117652,0.404176,14.480997,363.000,1,0.048916,0.000000,0.167121,0.362229
tracking_cdrone3_20260822_205732_073_milestone4,milestone4,1787457488.151218653,target_map,78,472,0,detected,2.348445,-2.122113,0.207437,-1.590982,0.399771,-0.117652,0.393921,14.480997,363.000,1,0.149163,0.000000,0.202207,0.387291
tracking_cdrone3_20260822_205732_073_milestone4,milestone4,1787457488.215318680,raw,472,472,0,detected,3.346583,-2.337906,0.248813,3.515891,-0.721649,0.110105,0.593750,15.255072,348.500,0,0.000000,0.000000,0.000000,0.000000
tracking_cdrone3_20260822_205732_073_milestone4,milestone4,1787457488.250786781,target_map,78,472,0,detected,3.386857,-2.345083,0.249064,1.217798,-0.217010,0.007614,0.588841,15.255072,348.500,0,0.033072,0.000000,0.161575,0.358268
tracking_cdrone3_20260822_205732_073_milestone4,milestone4,1787457488.350705385,target_map,78,472,0,detected,3.508534,-2.366765,0.249825,1.217798,-0.217010,0.007614,0.574010,15.255072,348.500,0,0.132987,0.000000,0.196546,0.383247
tracking_cdrone3_20260822_205732_073_milestone4,milestone4,1787457488.446106672,raw,472,472,0,detected,3.106837,-1.941463,0.206639,-1.038800,1.717757,-0.182733,0.427490,14.974156,374.000,1,0.000000,0.000000,0.000000,0.000000
tracking_cdrone3_20260822_205732_073_milestone4,milestone4,1787457488.450744629,target_map,78,472,0,detected,3.106796,-1.939951,0.206466,-0.023331,0.847112,-0.097077,0.427299,14.974156,374.000,1,0.001785,0.000000,0.150625,0.350446
tracking_cdrone3_20260822_205732_073_milestone4,milestone4,1787457488.550940514,target_map,78,472,0,detected,3.104458,-1.855083,0.196741,-0.023331,0.847112,-0.097077,0.416592,14.974156,374.000,1,0.101970,0.000000,0.185690,0.375493
tracking_cdrone3_20260822_205732_073_milestone4,milestone4,1787457488.651344299,target_map,78,472,0,detected,3.102116,-1.770025,0.186993,-0.023331,0.847112,-0.097077,0.405861,14.974156,374.000,1,0.202379,0.000000,0.220833,0.400595
tracking_cdrone3_20260822_205732_073_milestone4,milestone4,1787457488.667222738,raw,472,472,0,detected,1.625976,-1.779742,0.199479,-6.697427,0.731408,-0.032384,0.584961,13.484157,336.000,1,0.000000,0.000000,0.000000,0.000000
tracking_cdrone3_20260822_205732_073_milestone4,milestone4,1787457488.751178026,target_map,78,472,0,detected,1.325846,-1.716088,0.194483,-3.694084,0.783475,-0.061496,0.573079,13.484157,336.000,1,0.081246,0.000000,0.178436,0.370312
tracking_cdrone3_20260822_205732_073_milestone4,milestone4,1787457488.851072311,target_map,78,472,0,detected,0.955975,-1.637642,0.188326,-3.694084,0.783475,-0.061496,0.558437,13.484157,336.000,1,0.181371,0.000000,0.213480,0.395343
tracking_cdrone3_20260822_205732_073_milestone4,milestone4,1787457488.899681091,raw,472,472,0,detected,0.383882,-1.569235,0.200016,-5.343102,0.905535,0.002308,0.633789,12.227944,340.000,1,0.000000,0.000000,0.000000,0.000000
tracking_cdrone3_20260822_205732_073_milestone4,milestone4,1787457488.950894833,target_map,78,472,0,detected,0.166127,-1.528978,0.198766,-4.601044,0.850608,-0.026404,0.626290,12.227944,340.000,1,0.047327,0.000000,0.166565,0.361832
tracking_cdrone3_20260822_205732_073_milestone4,milestone4,1787457489.050866127,target_map,78,472,0,detected,-0.293818,-1.443947,0.196127,-4.601044,0.850608,-0.026404,0.610451,12.227944,340.000,1,0.147293,0.000000,0.201552,0.386823
tracking_cdrone3_20260822_205732_073_milestone4,milestone4,1787457489.118183136,raw,472,472,0,detected,0.336506,-1.468553,0.193262,-0.216827,0.460794,-0.030910,0.487549,12.172345,427.500,1,0.000000,0.000000,0.000000,0.000000
tracking_cdrone3_20260822_205732_073_milestone4,milestone4,1787457489.150907040,target_map,78,472,0,detected,0.270910,-1.449494,0.192397,-2.189724,0.636210,-0.028882,0.483898,12.172345,427.500,1,0.029956,0.000000,0.160485,0.357489
tracking_cdrone3_20260822_205732_073_milestone4,milestone4,1787457489.250926733,target_map,78,472,0,detected,0.051897,-1.385862,0.189508,-2.189724,0.636210,-0.028882,0.471707,12.172345,427.500,1,0.129975,0.000000,0.195491,0.382494
tracking_cdrone3_20260822_205732_073_milestone4,milestone4,1787457489.350942850,target_map,78,472,0,detected,-0.167099,-1.322234,0.186619,-2.189724,0.636210,-0.028882,0.459517,12.172345,427.500,1,0.229985,0.000000,0.230495,0.407496
tracking_cdrone3_20260822_205732_073_milestone4,milestone4,1787457489.365554571,raw,472,472,0,detected,4.790424,-2.830318,0.380357,17.989429,-5.500186,0.755681,0.650391,16.750620,389.500,0,0.000000,0.000000,0.000000,0.000000
tracking_cdrone3_20260822_205732_073_milestone4,milestone4,1787457489.450932741,target_map,78,472,0,detected,5.055910,-2.912725,0.393852,3.218957,-0.999161,0.163614,0.636980,16.750620,389.500,0,0.082476,0.000000,0.178867,0.370619
tracking_cdrone3_20260822_205732_073_milestone4,milestone4,1787457489.551041603,target_map,78,472,0,detected,5.378128,-3.012741,0.410229,3.218957,-0.999161,0.163614,0.620704,16.750620,389.500,0,0.182576,0.000000,0.213902,0.395644
tracking_cdrone3_20260822_205732_073_milestone4,milestone4,1787457489.589666605,raw,472,472,0,detected,3.785690,-2.338402,0.467140,-4.487478,2.197063,0.387602,0.615234,15.692917,609.500,1,0.000000,0.000000,0.000000,0.000000
tracking_cdrone3_20260822_205732_073_milestone4,milestone4,1787457489.589666605,raw,478,478,0,detected,1.054343,0.619367,0.446103,0.000000,0.000000,0.000000,0.462891,12.906753,246.500,0,0.000000,0.000000,0.000000,0.000000
tracking_cdrone3_20260822_205732_073_milestone4,milestone4,1787457489.589666605,raw,479,479,0,detected,-0.795983,2.322070,0.408575,0.000000,0.000000,0.000000,0.520508,11.366872,466.875,0,0.000000,0.000000,0.000000,0.000000
tracking_cdrone3_20260822_205732_073_milestone4,milestone4,1787457489.650829792,target_map,78,472,0,detected,3.727506,-2.295102,0.483508,-1.019583,0.758762,0.286808,0.606457,15.692917,609.500,1,0.057067,0.000000,0.169973,0.364267
tracking_cdrone3_20260822_205732_073_milestone4,milestone4,1787457489.650829792,target_map,79,479,0,detected,-0.795983,2.322070,0.408575,0.000000,0.000000,0.000000,0.513082,11.366872,466.875,0,0.057067,0.000000,0.169973,0.364267
tracking_cdrone3_20260822_205732_073_milestone4,milestone4,1787457489.650829792,target_map,80,478,0,detected,1.054343,0.619367,0.446103,0.000000,0.000000,0.000000,0.456287,12.906753,246.500,0,0.057067,0.000000,0.169973,0.364267
tracking_cdrone3_20260822_205732_073_milestone4,milestone4,1787457489.750818729,target_map,78,472,0,detected,3.625569,-2.219241,0.512182,-1.019583,0.758762,0.286808,0.591079,15.692917,609.500,1,0.157046,0.000000,0.204966,0.389261
tracking_cdrone3_20260822_205732_073_milestone4,milestone4,1787457489.750818729,target_map,79,479,0,detected,-0.795983,2.322070,0.408575,0.000000,0.000000,0.000000,0.500072,11.366872,466.875,0,0.157046,0.000000,0.204966,0.389261
tracking_cdrone3_20260822_205732_073_milestone4,milestone4,1787457489.750818729,target_map,80,478,0,detected,1.054343,0.619367,0.446103,0.000000,0.000000,0.000000,0.444717,12.906753,246.500,0,0.157046,0.000000,0.204966,0.389261
tracking_cdrone3_20260822_205732_073_milestone4,milestone4,1787457489.851049185,target_map,78,472,2,predicted,3.523376,-2.143190,0.540929,-1.019583,0.758762,0.286808,0.575663,15.692917,609.500,1,0.257276,0.257276,0.240047,0.414319
tracking_cdrone3_20260822_205732_073_milestone4,milestone4,1787457489.851049185,target_map,79,479,2,predicted,-0.795983,2.322070,0.408575,0.000000,0.000000,0.000000,0.487029,11.366872,466.875,0,0.257276,0.257276,0.240047,0.414319
tracking_cdrone3_20260822_205732_073_milestone4,milestone4,1787457489.851049185,target_map,80,478,2,predicted,1.054343,0.619367,0.446103,0.000000,0.000000,0.000000,0.433118,12.906753,246.500,0,0.257276,0.257276,0.240047,0.414319
tracking_cdrone3_20260822_205732_073_milestone4,milestone4,1787457489.857731581,raw,472,472,0,detected,1.231804,-1.912857,-0.074605,-9.527047,1.587458,-2.020934,0.425293,13.102047,388.500,1,0.000000,0.000000,0.000000,0.000000
tracking_cdrone3_20260822_205732_073_milestone4,milestone4,1787457489.857731581,raw,478,478,0,detected,0.757280,0.356034,-0.127299,-1.108165,-0.982341,-2.139028,0.462891,12.583936,246.500,1,0.000000,0.000000,0.000000,0.000000
tracking_cdrone3_20260822_205732_073_milestone4,milestone4,1787457489.857731581,raw,479,479,0,detected,-1.056575,1.988403,-0.213287,-0.972117,-1.244715,-2.319803,0.570801,11.030423,325.125,1,0.000000,0.000000,0.000000,0.000000
tracking_cdrone3_20260822_205732_073_milestone4,milestone4,1787457489.952457666,target_map,78,472,0,detected,0.807809,-1.818338,-0.144153,-4.706974,1.049299,-0.772082,0.415716,13.102047,388.500,1,0.090078,0.000000,0.181527,0.372520
tracking_cdrone3_20260822_205732_073_milestone4,milestone4,1787457489.952457666,target_map,79,479,0,detected,-1.104737,1.926736,-0.328217,-0.534664,-0.684593,-1.275892,0.557947,11.030423,325.125,1,0.090078,0.000000,0.181527,0.372520
tracking_cdrone3_20260822_205732_073_milestone4,milestone4,1787457489.952457666,target_map,80,478,0,detected,0.702378,0.307365,-0.233273,-0.609491,-0.540288,-1.176466,0.452467,12.583936,246.500,1,0.090078,0.000000,0.181527,0.372520
tracking_cdrone3_20260822_205732_073_milestone4,milestone4,1787457490.050603628,target_map,78,472,0,detected,0.341258,-1.714332,-0.220681,-4.706974,1.049299,-0.772082,0.405177,13.102047,388.500,1,0.189197,0.000000,0.216219,0.397299
tracking_cdrone3_20260822_205732_073_milestone4,milestone4,1787457490.050603628,target_map,79,479,0,detected,-1.157732,1.858880,-0.454683,-0.534664,-0.684593,-1.275892,0.543802,11.030423,325.125,1,0.189197,0.000000,0.216219,0.397299
tracking_cdrone3_20260822_205732_073_milestone4,milestone4,1787457490.050603628,target_map,80,478,0,detected,0.641966,0.253813,-0.349883,-0.609491,-0.540288,-1.176466,0.440996,12.583936,246.500,1,0.189197,0.000000,0.216219,0.397299
tracking_cdrone3_20260822_205732_073_milestone4,milestone4,1787457490.110491514,raw,472,472,0,detected,2.021992,-1.873178,0.161800,3.126147,0.156978,0.935268,0.421631,13.870906,420.250,0,0.000000,0.000000,0.000000,0.000000
tracking_cdrone3_20260822_205732_073_milestone4,milestone4,1787457490.110491514,raw,478,478,0,detected,1.282557,0.578064,0.164971,2.078103,0.878400,1.156283,0.441650,13.100876,217.000,0,0.000000,0.000000,0.000000,0.000000
tracking_cdrone3_20260822_205732_073_milestone4,milestone4,1787457490.110491514,raw,479,479,0,detected,1.633142,2.687513,0.150702,10.641079,2.765825,1.440016,0.570801,13.775101,325.125,0,0.000000,0.000000,0.000000,0.000000
tracking_cdrone3_20260822_205732_073_milestone4,milestone4,1787457490.150721073,target_map,78,472,0,detected,2.007615,-1.853040,0.167820,-0.398758,0.558523,0.166961,0.417830,13.870906,420.250,0,0.036055,0.000000,0.162619,0.359014
tracking_cdrone3_20260822_205732_073_milestone4,milestone4,1787457490.150721073,target_map,79,479,0,detected,1.776708,2.715976,0.150603,3.981841,0.789428,-0.002745,0.565656,13.775101,325.125,0,0.036055,0.000000,0.162619,0.359014
tracking_cdrone3_20260822_205732_073_milestone4,milestone4,1787457490.150721073,target_map,80,478,0,detected,1.313877,0.586717,0.168813,0.868686,0.239990,0.106546,0.437669,13.100876,217.000,0,0.036055,0.000000,0.162619,0.359014
tracking_cdrone3_20260822_205732_073_milestone4,milestone4,1787457490.251032114,target_map,78,472,0,detected,1.967620,-1.797021,0.184566,-0.398758,0.558523,0.166961,0.407258,13.870906,420.250,0,0.136355,0.000000,0.197724,0.384089
tracking_cdrone3_20260822_205732_073_milestone4,milestone4,1787457490.251032114,target_map,79,479,0,detected,2.176085,2.795155,0.150328,3.981841,0.789428,-0.002745,0.551343,13.775101,325.125,0,0.136355,0.000000,0.197724,0.384089
tracking_cdrone3_20260822_205732_073_milestone4,milestone4,1787457490.251032114,target_map,80,478,0,detected,1.401006,0.610788,0.179500,0.868686,0.239990,0.106546,0.426595,13.100876,217.000,0,0.136355,0.000000,0.197724,0.384089
tracking_cdrone3_20260822_205732_073_milestone4,milestone4,1787457490.351007223,target_map,78,472,0,detected,1.927751,-1.741179,0.201259,-0.398758,0.558523,0.166961,0.396719,13.870906,420.250,0,0.236336,0.000000,0.232718,0.409084
tracking_cdrone3_20260822_205732_073_milestone4,milestone4,1787457490.351007223,target_map,79,479,0,detected,2.574193,2.874083,0.150053,3.981841,0.789428,-0.002745,0.537076,13.775101,325.125,0,0.236336,0.000000,0.232718,0.409084
tracking_cdrone3_20260822_205732_073_milestone4,milestone4,1787457490.351007223,target_map,80,478,0,detected,1.487858,0.634783,0.190152,0.868686,0.239990,0.106546,0.415556,13.100876,217.000,0,0.236336,0.000000,0.232718,0.409084
tracking_cdrone3_20260822_205732_073_milestone4,milestone4,1787457490.365331650,raw,472,472,0,detected,3.400301,-2.133328,0.135952,5.408484,-1.020830,-0.101429,0.479492,15.258565,458.250,0,0.000000,0.000000,0.000000,0.000000
tracking_cdrone3_20260822_205732_073_milestone4,milestone4,1787457490.365331650,raw,478,478,0,detected,2.723016,0.663779,0.123624,5.652360,0.336343,-0.162246,0.441650,14.528523,217.000,0,0.000000,0.000000,0.000000,0.000000
tracking_cdrone3_20260822_205732_073_milestone4,milestone4,1787457490.365331650,raw,479,479,0,detected,5.306703,3.473240,0.101074,14.415051,3.083191,-0.194739,0.570801,17.512438,325.125,0,0.000000,0.000000,0.000000,0.000000
tracking_cdrone3_20260822_205732_073_milestone4,milestone4,1787457490.451152563,target_map,78,472,0,detected,3.627824,-2.158571,0.137527,2.795226,-0.310121,0.019347,0.469735,15.258565,458.250,0,0.081397,0.000000,0.178489,0.370349
tracking_cdrone3_20260822_205732_073_milestone4,milestone4,1787457490.451152563,target_map,79,479,0,detected,5.802748,3.577058,0.096243,6.094135,1.275450,-0.059357,0.559185,17.512438,325.125,0,0.081397,0.000000,0.178489,0.370349
tracking_cdrone3_20260822_205732_073_milestone4,milestone4,1787457490.451152563,target_map,80,478,0,detected,3.007881,0.687627,0.120263,3.499707,0.292984,-0.041289,0.432663,14.528523,217.000,0,0.081397,0.000000,0.178489,0.370349
tracking_cdrone3_20260822_205732_073_milestone4,milestone4,1787457490.551054239,target_map,78,472,0,detected,3.907120,-2.189558,0.139460,2.795226,-0.310121,0.019347,0.457757,15.258565,458.250,0,0.181316,0.000000,0.213461,0.395329
tracking_cdrone3_20260822_205732_073_milestone4,milestone4,1787457490.551054239,target_map,79,479,0,detected,6.411667,3.704499,0.090312,6.094135,1.275450,-0.059357,0.544927,17.512438,325.125,0,0.181316,0.000000,0.213461,0.395329
tracking_cdrone3_20260822_205732_073_milestone4,milestone4,1787457490.551054239,target_map,80,478,0,detected,3.357568,0.716901,0.116138,3.499707,0.292984,-0.041289,0.421631,14.528523,217.000,0,0.181316,0.000000,0.213461,0.395329
tracking_cdrone3_20260822_205732_073_milestone4,milestone4,1787457490.620432615,raw,472,472,0,detected,4.220841,-2.300744,0.055481,3.216518,-0.656269,-0.315445,0.479492,16.091137,458.250,0,0.000000,0.000000,0.000000,0.000000
tracking_cdrone3_20260822_205732_073_milestone4,milestone4,1787457490.620432615,raw,478,478,0,detected,2.585651,0.596772,0.013603,-0.538471,-0.262667,-0.431286,0.617676,14.384376,390.000,1,0.000000,0.000000,0.000000,0.000000
tracking_cdrone3_20260822_205732_073_milestone4,milestone4,1787457490.620432615,raw,479,479,0,detected,5.945362,3.480850,0.104812,2.503546,0.029831,0.014654,0.570801,18.130365,325.125,0,0.000000,0.000000,0.000000,0.000000
tracking_cdrone3_20260822_205732_073_milestone4,milestone4,1787457490.651023865,target_map,78,472,0,detected,4.298382,-2.313565,0.051260,3.026936,-0.500502,-0.164789,0.476421,16.091137,458.250,0,0.025617,0.000000,0.158966,0.356404
tracking_cdrone3_20260822_205732_073_milestone4,milestone4,1787457490.651023865,target_map,79,479,0,detected,6.050886,3.495973,0.104334,4.119311,0.590359,-0.018651,0.567145,18.130365,325.125,0,0.025617,0.000000,0.158966,0.356404
tracking_cdrone3_20260822_205732_073_milestone4,milestone4,1787457490.651023865,target_map,80,478,0,detected,2.618407,0.596448,0.007050,1.278709,-0.012624,-0.255787,0.613720,14.384376,390.000,1,0.025617,0.000000,0.158966,0.356404
tracking_cdrone3_20260822_205732_073_milestone4,milestone4,1787457490.750808477,target_map,78,472,0,detected,4.600402,-2.363504,0.034818,3.026936,-0.500502,-0.164789,0.464461,16.091137,458.250,0,0.125395,0.000000,0.193888,0.381349
tracking_cdrone3_20260822_205732_073_milestone4,milestone4,1787457490.750808477,target_map,79,479,0,detected,6.461901,3.554877,0.102474,4.119311,0.590359,-0.018651,0.552907,18.130365,325.125,0,0.125395,0.000000,0.193888,0.381349
tracking_cdrone3_20260822_205732_073_milestone4,milestone4,1787457490.750808477,target_map,80,478,0,detected,2.745994,0.595189,-0.018472,1.278709,-0.012624,-0.255787,0.598312,14.384376,390.000,1,0.125395,0.000000,0.193888,0.381349
tracking_cdrone3_20260822_205732_073_milestone4,milestone4,1787457490.851022243,target_map,78,472,0,detected,4.903738,-2.413660,0.018304,3.026936,-0.500502,-0.164789,0.452448,16.091137,458.250,0,0.225607,0.000000,0.228962,0.406402
tracking_cdrone3_20260822_205732_073_milestone4,milestone4,1787457490.851022243,target_map,79,479,0,detected,6.874707,3.614039,0.100604,4.119311,0.590359,-0.018651,0.538607,18.130365,325.125,0,0.225607,0.000000,0.228962,0.406402
tracking_cdrone3_20260822_205732_073_milestone4,milestone4,1787457490.851022243,target_map,80,478,0,detected,2.874136,0.593924,-0.044105,1.278709,-0.012624,-0.255787,0.582838,14.384376,390.000,1,0.225607,0.000000,0.228962,0.406402
tracking_cdrone3_20260822_205732_073_milestone4,milestone4,1787457490.870574713,raw,472,472,0,detected,4.166834,-2.261333,0.018407,-0.215891,0.157543,-0.148203,0.479492,16.037271,458.250,1,0.000000,0.000000,0.000000,0.000000
tracking_cdrone3_20260822_205732_073_milestone4,milestone4,1787457490.870574713,raw,478,478,0,detected,3.242403,0.778515,0.014628,2.625369,0.726517,0.004100,0.462158,15.052790,403.750,0,0.000000,0.000000,0.000000,0.000000
tracking_cdrone3_20260822_205732_073_milestone4,milestone4,1787457490.951003790,target_map,78,472,0,detected,4.262786,-2.272027,0.006394,1.243381,-0.138577,-0.155667,0.470242,16.037271,458.250,1,0.077170,0.000000,0.177010,0.369293
tracking_cdrone3_20260822_205732_073_milestone4,milestone4,1787457490.951003790,target_map,79,479,2,predicted,7.286548,3.673062,0.098740,4.119311,0.590359,-0.018651,0.524340,18.130365,325.125,0,0.325585,0.325585,0.263955,0.431396
tracking_cdrone3_20260822_205732_073_milestone4,milestone4,1787457490.951003790,target_map,80,478,0,detected,3.398238,0.808912,0.005920,2.019372,0.393903,-0.112849,0.453242,15.052790,403.750,0,0.077170,0.000000,0.177010,0.369293
tracking_cdrone3_20260822_205732_073_milestone4,milestone4,1787457491.050897360,target_map,78,472,0,detected,4.386989,-2.285870,-0.009155,1.243381,-0.138577,-0.155667,0.458267,16.037271,458.250,1,0.177061,0.000000,0.211971,0.394265
tracking_cdrone3_20260822_205732_073_milestone4,milestone4,1787457491.050897360,target_map,79,479,2,predicted,7.698030,3.732033,0.096877,4.119311,0.590359,-0.018651,0.510085,18.130365,325.125,0,0.425476,0.425476,0.298917,0.456369
tracking_cdrone3_20260822_205732_073_milestone4,milestone4,1787457491.050897360,target_map,80,478,0,detected,3.599955,0.848260,-0.005353,2.019372,0.393903,-0.112849,0.441701,15.052790,403.750,0,0.177061,0.000000,0.211971,0.394265
tracking_cdrone3_20260822_205732_073_milestone4,milestone4,1787457491.151350498,target_map,78,472,2,predicted,4.511908,-2.299792,-0.024795,1.243381,-0.138577,-0.155667,0.446224,16.037271,458.250,1,0.277529,0.277529,0.247135,0.419382
tracking_cdrone3_20260822_205732_073_milestone4,milestone4,1787457491.151350498,target_map,79,479,2,predicted,8.111886,3.791345,0.095003,4.119311,0.590359,-0.018651,0.495749,18.130365,325.125,0,0.525943,0.525943,0.334080,0.481486
tracking_cdrone3_20260822_205732_073_milestone4,milestone4,1787457491.151350498,target_map,80,478,2,predicted,3.802837,0.887834,-0.016691,2.019372,0.393903,-0.112849,0.430093,15.052790,403.750,0,0.277529,0.277529,0.247135,0.419382
tracking_cdrone3_20260822_205732_073_milestone4,milestone4,1787457491.166488647,raw,472,472,0,detected,3.549158,-2.238264,0.194843,-2.087363,0.077960,0.596245,0.729492,15.436185,440.000,1,0.000000,0.000000,0.000000,0.000000
tracking_cdrone3_20260822_205732_073_milestone4,milestone4,1787457491.166488647,raw,478,478,0,detected,4.075326,0.903989,0.127005,2.814763,0.424026,0.379764,0.462158,15.908037,403.750,0,0.000000,0.000000,0.000000,0.000000
tracking_cdrone3_20260822_205732_073_milestone4,milestone4,1787457491.250967979,target_map,78,472,0,detected,3.501697,-2.239835,0.215640,-0.588528,-0.019482,0.257884,0.714785,15.436185,440.000,1,0.080644,0.000000,0.178225,0.370161
tracking_cdrone3_20260822_205732_073_milestone4,milestone4,1787457491.250967979,target_map,79,479,2,predicted,8.522224,3.850153,0.093145,4.119311,0.590359,-0.018651,0.481534,18.130365,325.125,0,0.625557,0.625557,0.368945,0.506389
tracking_cdrone3_20260822_205732_073_milestone4,milestone4,1787457491.250967979,target_map,80,478,0,detected,4.273455,0.937091,0.139754,2.456837,0.410471,0.158088,0.452841,15.908037,403.750,0,0.080644,0.000000,0.178225,0.370161
tracking_cdrone3_20260822_205732_073_milestone4,milestone4,1787457491.351015568,target_map,78,472,0,detected,3.442822,-2.241784,0.241438,-0.588528,-0.019482,0.257884,0.696541,15.436185,440.000,1,0.180682,0.000000,0.213239,0.395170
tracking_cdrone3_20260822_205732_073_milestone4,milestone4,1787457491.351015568,target_map,79,479,2,predicted,8.934312,3.909211,0.091279,4.119311,0.590359,-0.018651,0.467258,18.130365,325.125,0,0.725595,0.725595,0.403958,0.531399
tracking_cdrone3_20260822_205732_073_milestone4,milestone4,1787457491.351015568,target_map,80,478,0,detected,4.519232,0.978154,0.155569,2.456837,0.410471,0.158088,0.441282,15.908037,403.750,0,0.180682,0.000000,0.213239,0.395170
tracking_cdrone3_20260822_205732_073_milestone4,milestone4,1787457491.440646410,raw,472,472,0,detected,3.746669,-2.656570,0.115884,0.720483,-1.525907,-0.288031,0.747559,15.715196,396.000,0,0.000000,0.000000,0.000000,0.000000
tracking_cdrone3_20260822_205732_073_milestone4,milestone4,1787457491.440646410,raw,478,478,0,detected,3.876427,0.839872,0.106647,-0.725548,-0.233887,-0.074262,0.462158,15.731443,403.750,1,0.000000,0.000000,0.000000,0.000000
tracking_cdrone3_20260822_205732_073_milestone4,milestone4,1787457491.450899124,target_map,78,472,0,detected,3.747608,-2.662629,0.115581,0.131428,-0.848015,-0.042369,0.746223,15.715196,396.000,0,0.007145,0.000000,0.152501,0.351786
tracking_cdrone3_20260822_205732_073_milestone4,milestone4,1787457491.450899124,target_map,79,479,2,predicted,9.345801,3.968184,0.089416,4.119311,0.590359,-0.018651,0.453004,18.130365,325.125,0,0.825487,0.825487,0.438921,0.556372
tracking_cdrone3_20260822_205732_073_milestone4,milestone4,1787457491.450899124,target_map,80,478,0,detected,3.881475,0.840273,0.106864,0.706526,0.056074,0.030295,0.461333,15.731443,403.750,1,0.007145,0.000000,0.152501,0.351786
tracking_cdrone3_20260822_205732_073_milestone4,milestone4,1787457491.550995111,target_map,78,472,0,detected,3.760763,-2.747511,0.111340,0.131428,-0.848015,-0.042369,0.727517,15.715196,396.000,0,0.107239,0.000000,0.187534,0.376810
tracking_cdrone3_20260822_205732_073_milestone4,milestone4,1787457491.550995111,target_map,79,479,2,predicted,9.758121,4.027276,0.087549,4.119311,0.590359,-0.018651,0.438720,18.130365,325.125,0,0.925582,0.925582,0.473954,0.581396
tracking_cdrone3_20260822_205732_073_milestone4,milestone4,1787457491.550995111,target_map,80,478,0,detected,3.952194,0.845885,0.109896,0.706526,0.056074,0.030295,0.449768,15.731443,403.750,1,0.107239,0.000000,0.187534,0.376810
tracking_cdrone3_20260822_205732_073_milestone4,milestone4,1787457491.651081324,target_map,78,472,0,detected,3.773913,-2.832357,0.107101,0.131428,-0.848015,-0.042369,0.708818,15.715196,396.000,0,0.207292,0.000000,0.222552,0.401823
tracking_cdrone3_20260822_205732_073_milestone4,milestone4,1787457491.651081324,target_map,79,479,2,predicted,10.170272,4.086343,0.085683,4.119311,0.590359,-0.018651,0.424442,18.130365,325.125,0,1.025635,1.025635,0.508972,0.606409
tracking_cdrone3_20260822_205732_073_milestone4,milestone4,1787457491.651081324,target_map,80,478,0,detected,4.022884,0.851496,0.112927,0.706526,0.056074,0.030295,0.438208,15.731443,403.750,1,0.207292,0.000000,0.222552,0.401823
tracking_cdrone3_20260822_205732_073_milestone4,milestone4,1787457491.703377485,raw,472,472,0,detected,4.375667,-0.253381,0.031423,2.394066,9.146921,-0.321471,0.747559,16.200029,396.000,0,0.000000,0.000000,0.000000,0.000000
tracking_cdrone3_20260822_205732_073_milestone4,milestone4,1787457491.703377485,raw,478,478,0,detected,3.469455,0.842314,-0.020044,-1.548999,0.009294,-0.482208,0.462158,15.350711,403.750,1,0.000000,0.000000,0.000000,0.000000
tracking_cdrone3_20260822_205732_073_milestone4,milestone4,1787457491.750940800,target_map,78,472,0,detected,4.427146,-0.083368,0.024022,1.172603,3.872550,-0.168580,0.739354,16.200029,396.000,0,0.043902,0.000000,0.165366,0.360976
tracking_cdrone3_20260822_205732_073_milestone4,milestone4,1787457491.750940800,target_map,79,479,2,predicted,10.581790,4.145319,0.083820,4.119311,0.590359,-0.018651,0.410187,18.130365,325.125,0,1.125535,1.125535,0.543937,0.631384
tracking_cdrone3_20260822_205732_073_milestone4,milestone4,1787457491.750940800,target_map,80,478,0,detected,3.446011,0.843646,-0.031089,-0.534013,0.030345,-0.251581,0.457086,15.350711,403.750,1,0.043902,0.000000,0.165366,0.360976
tracking_cdrone3_20260822_205732_073_milestone4,milestone4,1787457491.850953817,target_map,78,472,0,detected,4.544415,0.303916,0.007163,1.172603,3.872550,-0.168580,0.720663,16.200029,396.000,0,0.143910,0.000000,0.200368,0.385977
tracking_cdrone3_20260822_205732_073_milestone4,milestone4,1787457491.850953817,target_map,79,479,2,predicted,10.993752,4.204360,0.081955,4.119311,0.590359,-0.018651,0.395916,18.130365,325.125,0,1.225542,1.225542,0.578940,0.656386
tracking_cdrone3_20260822_205732_073_milestone4,milestone4,1787457491.850953817,target_map,80,478,0,detected,3.392606,0.846681,-0.056249,-0.534013,0.030345,-0.251581,0.445531,15.350711,403.750,1,0.143910,0.000000,0.200368,0.385977
tracking_cdrone3_20260822_205732_073_milestone4,milestone4,1787457491.950975895,target_map,78,472,0,detected,4.661699,0.691247,-0.009699,1.172603,3.872550,-0.168580,0.701971,16.200029,396.000,0,0.243929,0.000000,0.235375,0.410982
tracking_cdrone3_20260822_205732_073_milestone4,milestone4,1787457491.950975895,target_map,79,479,2,predicted,11.405764,4.263407,0.080089,4.119311,0.590359,-0.018651,0.381643,18.130365,325.125,0,1.325562,1.325562,0.613947,0.681391
tracking_cdrone3_20260822_205732_073_milestone4,milestone4,1787457491.950975895,target_map,80,478,0,detected,3.339194,0.849716,-0.081412,-0.534013,0.030345,-0.251581,0.433975,15.350711,403.750,1,0.243929,0.000000,0.235375,0.410982
tracking_cdrone3_20260822_205732_073_milestone4,milestone4,1787457491.984688044,raw,472,472,0,detected,7.182678,-2.803732,0.942084,9.957348,-9.046894,3.230401,0.663574,19.132441,382.500,0,0.000000,0.000000,0.000000,0.000000
tracking_cdrone3_20260822_205732_073_milestone4,milestone4,1787457492.050971985,target_map,78,472,0,detected,7.416403,-2.875503,1.002280,3.694253,-1.134397,0.951454,0.653079,19.132441,382.500,0,0.063267,0.000000,0.172144,0.365817
tracking_cdrone3_20260822_205732_073_milestone4,milestone4,1787457492.050971985,target_map,79,479,2,predicted,11.817667,4.322439,0.078224,4.119311,0.590359,-0.018651,0.367374,18.130365,325.125,0,1.425555,1.425555,0.648944,0.706389
tracking_cdrone3_20260822_205732_073_milestone4,milestone4,1787457492.050971985,target_map,80,478,2,predicted,3.285796,0.852750,-0.106569,-0.534013,0.030345,-0.251581,0.422422,15.350711,403.750,1,0.343923,0.343923,0.270373,0.435981
tracking_cdrone3_20260822_205732_073_milestone4,milestone4,1787457492.150753498,target_map,78,472,0,detected,7.785059,-2.988706,1.097227,3.694253,-1.134397,0.951454,0.636524,19.132441,382.500,0,0.163059,0.000000,0.207071,0.390765
tracking_cdrone3_20260822_205732_073_milestone4,milestone4,1787457492.150753498,target_map,79,479,2,predicted,12.228741,4.381352,0.076363,4.119311,0.590359,-0.018651,0.353133,18.130365,325.125,0,1.525347,1.525347,0.683871,0.731337
tracking_cdrone3_20260822_205732_073_milestone4,milestone4,1787457492.150753498,target_map,80,478,2,predicted,3.232506,0.855779,-0.131674,-0.534013,0.030345,-0.251581,0.410892,15.350711,403.750,1,0.443714,0.443714,0.305300,0.460929
tracking_cdrone3_20260822_205732_073_milestone4,milestone4,1787457492.250966549,target_map,78,472,2,predicted,8.155245,-3.102379,1.192569,3.694253,-1.134397,0.951454,0.619900,19.132441,382.500,0,0.263265,0.263265,0.242143,0.415816
tracking_cdrone3_20260822_205732_073_milestone4,milestone4,1787457492.250966549,target_map,79,479,2,predicted,12.641520,4.440510,0.074494,4.119311,0.590359,-0.018651,0.338834,18.130365,325.125,0,1.625553,1.625553,0.718944,0.756388
tracking_cdrone3_20260822_205732_073_milestone4,milestone4,1787457492.250966549,target_map,80,478,2,predicted,3.178995,0.858819,-0.156884,-0.534013,0.030345,-0.251581,0.399314,15.350711,403.750,1,0.543920,0.543920,0.340372,0.485980
tracking_cdrone3_20260822_205732_073_milestone4,milestone4,1787457492.300620317,raw,472,472,0,detected,7.163346,-2.601396,1.104788,-0.061304,0.641635,0.515956,0.663574,19.111704,382.500,1,0.000000,0.000000,0.000000,0.000000
tracking_cdrone3_20260822_205732_073_milestone4,milestone4,1787457492.350968838,target_map,78,472,0,detected,7.238815,-2.608698,1.137777,1.628697,-0.157579,0.711930,0.655887,19.111704,382.500,1,0.046337,0.000000,0.166218,0.361584
tracking_cdrone3_20260822_205732_073_milestone4,milestone4,1787457492.350968838,target_map,79,479,2,predicted,13.053465,4.499548,0.072629,4.119311,0.590359,-0.018651,0.324564,18.130365,325.125,0,1.725556,1.725556,0.753945,0.781389
tracking_cdrone3_20260822_205732_073_milestone4,milestone4,1787457492.350968838,target_map,80,478,2,predicted,3.125592,0.861854,-0.182043,-0.534013,0.030345,-0.251581,0.387760,15.350711,403.750,1,0.643924,0.643924,0.375373,0.510981
tracking_cdrone3_20260822_205732_073_milestone4,milestone4,1787457492.451069355,target_map,78,472,0,detected,7.401820,-2.624469,1.209029,1.628697,-0.157579,0.711930,0.639284,19.111704,382.500,1,0.146420,0.000000,0.201247,0.386605
tracking_cdrone3_20260822_205732_073_milestone4,milestone4,1787457492.451069355,target_map,79,479,2,predicted,13.465736,4.558632,0.070762,4.119311,0.590359,-0.018651,0.310282,18.130365,325.125,0,1.825639,1.825639,0.788974,0.806410
tracking_cdrone3_20260822_205732_073_milestone4,milestone4,1787457492.451069355,target_map,80,478,2,predicted,3.072146,0.864891,-0.207222,-0.534013,0.030345,-0.251581,0.376196,15.350711,403.750,1,0.744006,0.744006,0.410402,0.536002
tracking_cdrone3_20260822_205732_073_milestone4,milestone4,1787457492.532385349,raw,472,472,0,detected,7.349443,-2.892578,1.025907,0.802990,-1.256418,-0.340363,0.663574,19.343256,382.500,0,0.000000,0.000000,0.000000,0.000000
tracking_cdrone3_20260822_205732_073_milestone4,milestone4,1787457492.550854683,target_map,78,472,0,detected,7.368170,-2.904726,1.028030,1.174558,-0.761940,0.133169,0.660929,19.343256,382.500,0,0.015944,0.000000,0.155580,0.353986
tracking_cdrone3_20260822_205732_073_milestone4,milestone4,1787457492.550854683,target_map,79,479,2,predicted,13.876856,4.617552,0.068901,4.119311,0.590359,-0.018651,0.296040,18.130365,325.125,0,1.925442,1.925442,0.823905,0.831361
tracking_cdrone3_20260822_205732_073_milestone4,milestone4,1787457492.550854683,target_map,80,478,2,predicted,3.018850,0.867919,-0.232331,-0.534013,0.030345,-0.251581,0.364665,15.350711,403.750,1,0.843809,0.843809,0.445333,0.560952
tracking_cdrone3_20260822_205732_073_milestone4,milestone4,1787457492.650975704,target_map,78,472,0,detected,7.485768,-2.981012,1.041363,1.174558,-0.761940,0.133169,0.644320,19.343256,382.500,0,0.116065,0.000000,0.190623,0.379016
tracking_cdrone3_20260822_205732_073_milestone4,milestone4,1787457492.650975704,target_map,79,479,2,predicted,14.289286,4.676660,0.067033,4.119311,0.590359,-0.018651,0.281753,18.130365,325.125,0,2.025563,2.025563,0.858947,0.856391
tracking_cdrone3_20260822_205732_073_milestone4,milestone4,1787457492.650975704,target_map,80,478,2,predicted,2.965384,0.870958,-0.257519,-0.534013,0.030345,-0.251581,0.353097,15.350711,403.750,1,0.943930,0.943930,0.480376,0.585983
tracking_cdrone3_20260822_205732_073_milestone4,milestone4,1787457492.751054525,target_map,78,472,0,detected,7.603307,-3.057260,1.054690,1.174558,-0.761940,0.133169,0.627719,19.343256,382.500,0,0.216136,0.000000,0.225648,0.404034
tracking_cdrone3_20260822_205732_073_milestone4,milestone4,1787457492.751054525,target_map,79,479,2,predicted,14.701510,4.735737,0.065167,4.119311,0.590359,-0.018651,0.267472,18.130365,325.125,0,2.125634,2.125634,0.893972,0.881409
tracking_cdrone3_20260822_205732_073_milestone4,milestone4,1787457492.751054525,target_map,80,478,2,predicted,2.911945,0.873994,-0.282695,-0.534013,0.030345,-0.251581,0.341535,15.350711,403.750,1,1.044002,1.044002,0.515401,0.611000
tracking_cdrone3_20260822_205732_073_milestone4,milestone4,1787457492.792022467,raw,472,472,0,detected,-11.812937,-0.428127,1.591723,-73.785294,9.489437,2.178692,0.577637,0.019562,365.500,1,0.000000,0.000000,0.000000,0.000000
tracking_cdrone3_20260822_205732_073_milestone4,milestone4,1787457492.851222992,target_map,78,472,0,detected,-12.027995,-0.415890,1.602311,-3.833635,0.218142,0.188730,0.569536,0.019562,365.500,1,0.056098,0.000000,0.169634,0.364024
tracking_cdrone3_20260822_205732_073_milestone4,milestone4,1787457492.851222992,target_map,79,479,2,predicted,15.114167,4.794878,0.063298,4.119311,0.590359,-0.018651,0.253177,18.130365,325.125,0,2.225811,2.225811,0.929034,0.906453
tracking_cdrone3_20260822_205732_073_milestone4,milestone4,1787457492.851222992,target_map,80,478,2,predicted,2.858450,0.877034,-0.307898,-0.534013,0.030345,-0.251581,0.329960,15.350711,403.750,1,1.144178,1.144178,0.550462,0.636045
tracking_cdrone3_20260822_205732_073_milestone4,milestone4,1787457492.951118469,target_map,78,472,0,detected,-12.410291,-0.394137,1.621131,-3.833635,0.218142,0.188730,0.555135,0.019562,365.500,1,0.155819,0.000000,0.204537,0.388955
tracking_cdrone3_20260822_205732_073_milestone4,milestone4,1787457492.951118469,target_map,79,479,2,predicted,15.524951,4.853749,0.061439,4.119311,0.590359,-0.018651,0.238947,18.130365,325.125,0,2.325532,2.325532,0.963936,0.931383
tracking_cdrone3_20260822_205732_073_milestone4,milestone4,1787457492.951118469,target_map,80,478,2,predicted,2.805197,0.880060,-0.332986,-0.534013,0.030345,-0.251581,0.318439,15.350711,403.750,1,1.243899,1.243899,0.585365,0.660975
tracking_cdrone3_20260822_205732_073_milestone4,milestone4,1787457493.052500963,target_map,78,472,2,predicted,-12.799642,-0.371982,1.640299,-3.833635,0.218142,0.188730,0.540469,0.019562,365.500,1,0.257381,0.257381,0.240083,0.414345
tracking_cdrone3_20260822_205732_073_milestone4,milestone4,1787457493.052500963,target_map,79,479,2,predicted,15.943316,4.913707,0.059544,4.119311,0.590359,-0.018651,0.224454,18.130365,325.125,0,2.427094,2.427094,0.999483,0.956773
tracking_cdrone3_20260822_205732_073_milestone4,milestone4,1787457493.052500963,target_map,80,478,2,predicted,2.750962,0.883142,-0.358537,-0.534013,0.030345,-0.251581,0.306704,15.350711,403.750,1,1.345461,1.345461,0.620911,0.686365
tracking_cdrone3_20260822_205732_073_milestone4,milestone4,1787457493.055710316,raw,472,472,0,detected,-11.817407,-0.426137,1.629676,-0.016954,0.007550,0.143966,0.448242,0.017967,420.000,0,0.000000,0.000000,0.000000,0.000000
tracking_cdrone3_20260822_205732_073_milestone4,milestone4,1787457493.055710316,raw,481,481,0,detected,-11.817551,-0.422728,1.630831,0.000000,0.000000,0.000000,0.521484,0.017783,414.000,0,0.000000,0.000000,0.000000,0.000000
tracking_cdrone3_20260822_205732_073_milestone4,milestone4,1787457493.150901556,target_map,78,472,0,detected,-11.971002,-0.417076,1.644208,-1.734460,0.102316,0.164110,0.438319,0.017967,420.000,0,0.088555,0.000000,0.180994,0.372139
tracking_cdrone3_20260822_205732_073_milestone4,milestone4,1787457493.150901556,target_map,79,479,2,predicted,16.348663,4.971799,0.057709,4.119311,0.590359,-0.018651,0.210412,18.130365,325.125,0,2.525496,2.525496,1.033923,0.981374
tracking_cdrone3_20260822_205732_073_milestone4,milestone4,1787457493.150901556,target_map,80,478,2,predicted,2.698414,0.886128,-0.383293,-0.534013,0.030345,-0.251581,0.295335,15.350711,403.750,1,1.443863,1.443863,0.655352,0.710966
tracking_cdrone3_20260822_205732_073_milestone4,milestone4,1787457493.150901556,target_map,81,481,0,detected,-11.817551,-0.422728,1.630831,0.000000,0.000000,0.000000,0.509939,0.017783,414.000,0,0.088555,0.000000,0.180994,0.372139
tracking_cdrone3_20260822_205732_073_milestone4,milestone4,1787457493.251035213,target_map,78,472,0,detected,-12.144657,-0.406833,1.660639,-1.734460,0.102316,0.164110,0.427099,0.017967,420.000,0,0.188675,0.000000,0.216036,0.397169
tracking_cdrone3_20260822_205732_073_milestone4,milestone4,1787457493.251035213,target_map,79,479,2,predicted,16.761089,5.030906,0.055842,4.119311,0.590359,-0.018651,0.196125,18.130365,325.125,0,2.625616,2.625616,1.068966,1.006404
tracking_cdrone3_20260822_205732_073_milestone4,milestone4,1787457493.251035213,target_map,80,478,2,predicted,2.644948,0.889166,-0.408481,-0.534013,0.030345,-0.251581,0.283767,15.350711,403.750,1,1.543983,1.543983,0.690394,0.735996
tracking_cdrone3_20260822_205732_073_milestone4,milestone4,1787457493.251035213,target_map,81,481,0,detected,-11.817551,-0.422728,1.630831,0.000000,0.000000,0.000000,0.496887,0.017783,414.000,0,0.188675,0.000000,0.216036,0.397169
tracking_cdrone3_20260822_205732_073_milestone4,milestone4,1787457493.303809404,raw,472,472,0,detected,7.499251,-2.793747,1.451647,77.854523,-9.542499,-0.717531,0.409180,19.481701,602.000,0,0.000000,0.000000,0.000000,0.000000
tracking_cdrone3_20260822_205732_073_milestone4,milestone4,1787457493.303809404,raw,481,481,1,held,-11.817295,-0.415948,1.728441,0.001030,0.027326,0.393410,0.521484,0.017783,414.000,0,0.248112,0.248112,0.000000,0.000000
tracking_cdrone3_20260822_205732_073_milestone4,milestone4,1787457493.350850344,target_map,78,472,0,detected,7.644006,-2.813493,1.453003,3.586627,-0.489230,0.033601,0.405051,19.481701,602.000,0,0.040359,0.000000,0.164126,0.360090
tracking_cdrone3_20260822_205732_073_milestone4,milestone4,1787457493.350850344,target_map,79,479,2,predicted,17.172216,5.089827,0.053980,4.119311,0.590359,-0.018651,0.181883,18.130365,325.125,0,2.725420,2.725420,1.103897,1.031355
tracking_cdrone3_20260822_205732_073_milestone4,milestone4,1787457493.350850344,target_map,80,478,2,predicted,2.591651,0.892195,-0.433590,-0.534013,0.030345,-0.251581,0.272236,15.350711,403.750,1,1.643788,1.643788,0.725326,0.760947
tracking_cdrone3_20260822_205732_073_milestone4,milestone4,1787457493.350850344,target_map,81,481,1,held,-11.817272,-0.415342,1.737174,0.000567,0.015029,0.216376,0.483876,0.017783,414.000,0,0.288472,0.000000,0.164126,0.360090
tracking_cdrone3_20260822_205732_073_milestone4,milestone4,1787457493.450947523,target_map,78,472,0,detected,8.003083,-2.862472,1.456367,3.586627,-0.489230,0.033601,0.394810,19.481701,602.000,0,0.140475,0.000000,0.199166,0.385119
tracking_cdrone3_20260822_205732_073_milestone4,milestone4,1787457493.450947523,target_map,79,479,2,predicted,17.584623,5.148931,0.052113,4.119311,0.590359,-0.018651,0.167596,18.130365,325.125,0,2.825536,2.825536,1.138938,1.056384
tracking_cdrone3_20260822_205732_073_milestone4,milestone4,1787457493.450947523,target_map,80,478,2,predicted,2.538188,0.895233,-0.458777,-0.534013,0.030345,-0.251581,0.260668,15.350711,403.750,1,1.743903,1.743903,0.760366,0.785976
tracking_cdrone3_20260822_205732_073_milestone4,milestone4,1787457493.450947523,target_map,81,481,1,held,-11.817216,-0.413837,1.758836,0.000567,0.015029,0.216376,0.470824,0.017783,414.000,0,0.388587,0.000000,0.199166,0.385119
tracking_cdrone3_20260822_205732_073_milestone4,milestone4,1787457493.551087141,target_map,78,472,0,detected,8.362244,-2.911463,1.459732,3.586627,-0.489230,0.033601,0.384566,19.481701,602.000,0,0.240614,0.000000,0.234215,0.410153
tracking_cdrone3_20260822_205732_073_milestone4,milestone4,1787457493.551087141,target_map,79,479,2,predicted,17.997128,5.208049,0.050245,4.119311,0.590359,-0.018651,0.153306,18.130365,325.125,0,2.925675,2.925675,1.173986,1.081419
tracking_cdrone3_20260822_205732_073_milestone4,milestone4,1787457493.551087141,target_map,80,478,2,predicted,2.484713,0.898272,-0.483971,-0.534013,0.030345,-0.251581,0.249098,15.350711,403.750,1,1.844042,1.844042,0.795415,0.811011
tracking_cdrone3_20260822_205732_073_milestone4,milestone4,1787457493.551087141,target_map,81,481,1,held,-11.817159,-0.412332,1.780504,0.000567,0.015029,0.216376,0.457769,0.017783,414.000,0,0.488726,0.000000,0.234215,0.410153
tracking_cdrone3_20260822_205732_073_milestone4,milestone4,1787457493.580712080,raw,472,472,0,detected,7.580860,-2.659368,1.299655,0.294730,0.485312,-0.548919,0.581055,19.548962,591.250,0,0.000000,0.000000,0.000000,0.000000
tracking_cdrone3_20260822_205732_073_milestone4,milestone4,1787457493.580712080,raw,481,481,0,detected,-11.812971,-0.410929,1.788105,0.015619,0.018127,0.215476,0.513672,0.019541,420.000,0,0.000000,0.000000,0.000000,0.000000
tracking_cdrone3_20260822_205732_073_milestone4,milestone4,1787457493.651141644,target_map,78,472,0,detected,7.696349,-2.656327,1.281007,1.776084,0.046768,-0.286785,0.571609,19.548962,591.250,0,0.065024,0.000000,0.172759,0.366256
tracking_cdrone3_20260822_205732_073_milestone4,milestone4,1787457493.651141644,target_map,79,479,2,predicted,18.409283,5.267118,0.048379,4.119311,0.590359,-0.018651,0.139029,18.130365,325.125,0,3.025730,3.025730,1.209005,1.106432
tracking_cdrone3_20260822_205732_073_milestone4,milestone4,1787457493.651141644,target_map,80,478,2,predicted,2.431283,0.901308,-0.509142,-0.534013,0.030345,-0.251581,0.237538,15.350711,403.750,1,1.944097,1.944097,0.830434,0.836024
tracking_cdrone3_20260822_205732_073_milestone4,milestone4,1787457493.651141644,target_map,81,481,0,detected,-11.812396,-0.409841,1.802142,0.008845,0.016733,0.215881,0.505322,0.019541,420.000,0,0.065024,0.000000,0.172759,0.366256
tracking_cdrone3_20260822_205732_073_milestone4,milestone4,1787457493.751127481,target_map,78,472,0,detected,7.873912,-2.651651,1.252336,1.776084,0.046768,-0.286785,0.557086,19.548962,591.250,0,0.164999,0.000000,0.207750,0.391250
tracking_cdrone3_20260822_205732_073_milestone4,milestone4,1787457493.751127481,target_map,79,479,2,predicted,18.821110,5.326138,0.046514,4.119311,0.590359,-0.018651,0.124762,18.130365,325.125,0,3.125704,3.125704,1.243997,1.131426
tracking_cdrone3_20260822_205732_073_milestone4,milestone4,1787457493.751127481,target_map,80,478,2,predicted,2.377895,0.904341,-0.534294,-0.534013,0.030345,-0.251581,0.225987,15.350711,403.750,1,2.044072,2.044072,0.865425,0.861018
tracking_cdrone3_20260822_205732_073_milestone4,milestone4,1787457493.751127481,target_map,81,481,0,detected,-11.811512,-0.408168,1.823725,0.008845,0.016733,0.215881,0.492483,0.019541,420.000,0,0.164999,0.000000,0.207750,0.391250
tracking_cdrone3_20260822_205732_073_milestone4,milestone4,1787457493.848913670,raw,472,472,0,detected,7.558904,-2.680233,1.480755,-0.081866,-0.077797,0.675241,0.713867,19.524956,475.000,1,0.000000,0.000000,0.000000,0.000000
tracking_cdrone3_20260822_205732_073_milestone4,milestone4,1787457493.848913670,raw,481,481,1,held,-11.810044,-0.405352,1.814560,0.010912,0.020793,0.098640,0.513672,0.020439,420.000,0,0.268200,0.268200,0.000000,0.000000
tracking_cdrone3_20260822_205732_073_milestone4,milestone4,1787457493.856357336,target_map,78,472,2,predicted,8.060832,-2.646729,1.222154,1.776084,0.046768,-0.286785,0.541798,19.548962,591.250,0,0.270242,0.270242,0.244585,0.417560
tracking_cdrone3_20260822_205732_073_milestone4,milestone4,1787457493.856357336,target_map,79,479,2,predicted,19.254639,5.388269,0.044552,4.119311,0.590359,-0.018651,0.109744,18.130365,325.125,0,3.230947,3.230947,1.280832,1.157737
tracking_cdrone3_20260822_205732_073_milestone4,milestone4,1787457493.856357336,target_map,80,478,2,predicted,2.321694,0.907535,-0.560771,-0.534013,0.030345,-0.251581,0.213827,15.350711,403.750,1,2.149315,2.149315,0.902260,0.887329
tracking_cdrone3_20260822_205732_073_milestone4,milestone4,1787457493.856357336,target_map,81,481,2,predicted,-11.810581,-0.406407,1.846445,0.008845,0.016733,0.215881,0.478968,0.019541,420.000,0,0.270242,0.270242,0.244585,0.417560
tracking_cdrone3_20260822_205732_073_milestone4,milestone4,1787457493.951279640,target_map,78,472,0,detected,7.624930,-2.682137,1.501969,0.754211,-0.021743,0.242329,0.698243,19.524956,475.000,1,0.087544,0.000000,0.180640,0.371886
tracking_cdrone3_20260822_205732_073_milestone4,milestone4,1787457493.951279640,target_map,79,479,2,predicted,19.645666,5.444310,0.042781,4.119311,0.590359,-0.018651,0.096198,18.130365,325.125,0,3.325873,3.325873,1.314055,1.181468
tracking_cdrone3_20260822_205732_073_milestone4,milestone4,1787457493.951279640,target_map,80,478,2,predicted,2.271002,0.910416,-0.584653,-0.534013,0.030345,-0.251581,0.202860,15.350711,403.750,1,2.244240,2.244240,0.935484,0.911060
tracking_cdrone3_20260822_205732_073_milestone4,milestone4,1787457493.951279640,target_map,81,481,1,held,-11.809171,-0.403692,1.827814,0.009982,0.018966,0.151399,0.467988,0.020439,420.000,0,0.355744,0.000000,0.180640,0.371886
tracking_cdrone3_20260822_205732_073_milestone4,milestone4,1787457494.051091909,target_map,78,472,0,detected,7.700192,-2.684306,1.526151,0.754211,-0.021743,0.242329,0.680434,19.524956,475.000,1,0.187333,0.000000,0.215567,0.396833
tracking_cdrone3_20260822_205732_073_milestone4,milestone4,1787457494.051091909,target_map,79,479,2,predicted,20.056728,5.503221,0.040920,4.119311,0.590359,-0.018651,0.081958,18.130365,325.125,0,3.425662,3.425662,1.348982,1.206415
tracking_cdrone3_20260822_205732_073_milestone4,milestone4,1787457494.051091909,target_map,80,478,2,predicted,2.217714,0.913444,-0.609758,-0.534013,0.030345,-0.251581,0.191330,15.350711,403.750,1,2.344029,2.344029,0.970410,0.936007
tracking_cdrone3_20260822_205732_073_milestone4,milestone4,1787457494.051091909,target_map,81,481,1,held,-11.808174,-0.401799,1.842922,0.009982,0.018966,0.151399,0.455173,0.020439,420.000,0,0.455533,0.000000,0.215567,0.396833
tracking_cdrone3_20260822_205732_073_milestone4,milestone4,1787457494.106649399,raw,472,472,0,detected,6.900402,-2.557575,1.339434,-2.554928,0.475903,-0.548311,0.608887,18.862753,405.000,1,0.000000,0.000000,0.000000,0.000000
tracking_cdrone3_20260822_205732_073_milestone4,milestone4,1787457494.150911808,target_map,78,472,0,detected,6.856088,-2.547099,1.331430,-1.065815,0.251963,-0.192523,0.602558,18.862753,405.000,1,0.041577,0.000000,0.164552,0.360394
tracking_cdrone3_20260822_205732_073_milestone4,milestone4,1787457494.150911808,target_map,79,479,2,predicted,20.468016,5.562165,0.039058,4.119311,0.590359,-0.018651,0.067710,18.130365,325.125,0,3.525506,3.525506,1.383927,1.231376
tracking_cdrone3_20260822_205732_073_milestone4,milestone4,1787457494.150911808,target_map,80,478,2,predicted,2.164396,0.916474,-0.634877,-0.534013,0.030345,-0.251581,0.179794,15.350711,403.750,1,2.443873,2.443873,1.005355,0.960968
tracking_cdrone3_20260822_205732_073_milestone4,milestone4,1787457494.150911808,target_map,81,481,2,predicted,-11.807178,-0.399906,1.858038,0.009982,0.018966,0.151399,0.442351,0.020439,420.000,0,0.555377,0.555377,0.250512,0.421794
tracking_cdrone3_20260822_205732_073_milestone4,milestone4,1787457494.251020908,target_map,78,472,0,detected,6.749410,-2.521880,1.312160,-1.065815,0.251963,-0.192523,0.587322,18.862753,405.000,1,0.141668,0.000000,0.199584,0.385417
tracking_cdrone3_20260822_205732_073_milestone4,milestone4,1787457494.251020908,target_map,79,479,2,predicted,20.880320,5.621254,0.037191,4.119311,0.590359,-0.018651,0.053428,18.130365,325.125,0,3.625596,3.625596,1.418959,1.256399
tracking_cdrone3_20260822_205732_073_milestone4,milestone4,1787457494.251020908,target_map,80,478,2,predicted,2.110946,0.919511,-0.660057,-0.534013,0.030345,-0.251581,0.168230,15.350711,403.750,1,2.543963,2.543963,1.040387,0.985991
tracking_cdrone3_20260822_205732_073_milestone4,milestone4,1787457494.251020908,target_map,81,481,2,predicted,-11.806179,-0.398007,1.873192,0.009982,0.018966,0.151399,0.429498,0.020439,420.000,0,0.655468,0.655468,0.285544,0.446817
tracking_cdrone3_20260822_205732_073_milestone4,milestone4,1787457494.351125479,target_map,78,472,0,detected,6.642790,-2.496675,1.292901,-1.065815,0.251963,-0.192523,0.572094,18.862753,405.000,1,0.241704,0.000000,0.234596,0.410426
tracking_cdrone3_20260822_205732_073_milestone4,milestone4,1787457494.351125479,target_map,79,479,2,predicted,21.292398,5.680311,0.035325,4.119311,0.590359,-0.018651,0.039152,18.130365,325.125,0,3.725632,3.725632,1.453971,1.281408
tracking_cdrone3_20260822_205732_073_milestone4,milestone4,1787457494.351125479,target_map,80,478,2,predicted,2.057526,0.922546,-0.685225,-0.534013,0.030345,-0.251581,0.156672,15.350711,403.750,1,2.643999,2.643999,1.075400,1.011000
tracking_cdrone3_20260822_205732_073_milestone4,milestone4,1787457494.351125479,target_map,81,481,2,predicted,-11.805181,-0.396110,1.888337,0.009982,0.018966,0.151399,0.416652,0.020439,420.000,0,0.755503,0.755503,0.320556,0.471826
tracking_cdrone3_20260822_205732_073_milestone4,milestone4,1787457494.369811058,raw,472,472,0,detected,-11.817486,-0.380605,1.828916,-71.126122,8.272268,1.859984,0.663574,0.017510,407.000,1,0.000000,0.000000,0.000000,0.000000
tracking_cdrone3_20260822_205732_073_milestone4,milestone4,1787457494.450939894,target_map,78,472,0,detected,-12.196310,-0.332046,1.831074,-4.848683,0.621524,0.027618,0.650613,0.017510,407.000,1,0.078129,0.000000,0.177345,0.369532
tracking_cdrone3_20260822_205732_073_milestone4,milestone4,1787457494.450939894,target_map,79,479,2,predicted,21.703905,5.739286,0.033462,4.119311,0.590359,-0.018651,0.024897,18.130365,325.125,0,3.825529,3.825529,1.488935,1.306382
tracking_cdrone3_20260822_205732_073_milestone4,milestone4,1787457494.450939894,target_map,80,478,2,predicted,2.004179,0.925578,-0.710357,-0.534013,0.030345,-0.251581,0.145130,15.350711,403.750,1,2.743896,2.743896,1.110364,1.035974
tracking_cdrone3_20260822_205732_073_milestone4,milestone4,1787457494.450939894,target_map,81,481,2,predicted,-11.804183,-0.394215,1.903461,0.009982,0.018966,0.151399,0.403823,0.020439,420.000,0,0.855400,0.855400,0.355520,0.496800
tracking_cdrone3_20260822_205732_073_milestone4,milestone4,1787457494.551036835,target_map,78,472,0,detected,-12.681602,-0.269839,1.833838,-4.848683,0.621524,0.027618,0.634009,0.017510,407.000,1,0.178217,0.000000,0.212376,0.394554
tracking_cdrone3_20260822_205732_073_milestone4,milestone4,1787457494.551036835,target_map,79,479,2,predicted,22.116196,5.798374,0.031595,4.119311,0.590359,-0.018651,0.010615,18.130365,325.125,0,3.925616,3.925616,1.523966,1.331404
tracking_cdrone3_20260822_205732_073_milestone4,milestone4,1787457494.551036835,target_map,80,478,2,predicted,1.950731,0.928615,-0.735537,-0.534013,0.030345,-0.251581,0.133566,15.350711,403.750,1,2.843984,2.843984,1.145394,1.060996
tracking_cdrone3_20260822_205732_073_milestone4,milestone4,1787457494.551036835,target_map,81,481,2,predicted,-11.803184,-0.392317,1.918614,0.009982,0.018966,0.151399,0.390970,0.020439,420.000,0,0.955488,0.955488,0.390551,0.521822
tracking_cdrone3_20260822_205732_073_milestone4,milestone4,1787457494.599972010,raw,472,472,0,detected,7.552271,-2.970253,1.174031,84.160500,-11.251871,-2.845441,0.426270,19.584738,387.000,0,0.000000,0.000000,0.000000,0.000000
tracking_cdrone3_20260822_205732_073_milestone4,milestone4,1787457494.651170969,target_map,78,472,0,detected,7.654021,-2.984418,1.167723,2.176841,-0.303059,-0.134940,0.421288,19.584738,387.000,0,0.046742,0.000000,0.166360,0.361685
tracking_cdrone3_20260822_205732_073_milestone4,milestone4,1787457494.651170969,target_map,79,479,2,predicted,22.528614,5.857480,0.029728,4.119311,0.590359,-0.018651,0.000000,18.130365,325.125,0,4.025735,4.025735,1.559007,1.356434
tracking_cdrone3_20260822_205732_073_milestone4,milestone4,1787457494.651170969,target_map,80,478,2,predicted,1.897267,0.931653,-0.760725,-0.534013,0.030345,-0.251581,0.121998,15.350711,403.750,1,2.944102,2.944102,1.180436,1.086025
tracking_cdrone3_20260822_205732_073_milestone4,milestone4,1787457494.651170969,target_map,81,481,2,predicted,-11.802184,-0.390418,1.933772,0.009982,0.018966,0.151399,0.378113,0.020439,420.000,0,1.055606,1.055606,0.425592,0.546852
tracking_cdrone3_20260822_205732_073_milestone4,milestone4,1787457494.751064062,target_map,78,472,0,detected,7.871500,-3.014696,1.154242,2.176841,-0.303059,-0.134940,0.410642,19.584738,387.000,0,0.146647,0.000000,0.201327,0.386662
tracking_cdrone3_20260822_205732_073_milestone4,milestone4,1787457494.751064062,target_map,79,479,2,predicted,22.940157,5.916460,0.027865,4.119311,0.590359,-0.018651,0.000000,18.130365,325.125,0,4.125640,4.125640,1.593974,1.381410
tracking_cdrone3_20260822_205732_073_milestone4,milestone4,1787457494.751064062,target_map,80,478,2,predicted,1.843916,0.934685,-0.785859,-0.534013,0.030345,-0.251581,0.110455,15.350711,403.750,1,3.044008,3.044008,1.215403,1.111002
tracking_cdrone3_20260822_205732_073_milestone4,milestone4,1787457494.751064062,target_map,81,481,2,predicted,-11.801188,-0.388523,1.948898,0.009982,0.018966,0.151399,0.365283,0.020439,420.000,0,1.155512,1.155512,0.460559,0.571828
tracking_cdrone3_20260822_205732_073_milestone4,milestone4,1787457494.851006508,target_map,78,472,0,detected,8.089079,-3.044987,1.140755,2.176841,-0.303059,-0.134940,0.399990,19.584738,387.000,0,0.246599,0.000000,0.236310,0.411650
tracking_cdrone3_20260822_205732_073_milestone4,milestone4,1787457494.851006508,target_map,79,479,2,predicted,23.351889,5.975467,0.026000,4.119311,0.590359,-0.018651,0.000000,18.130365,325.125,0,4.225592,4.225592,1.628957,1.406398
tracking_cdrone3_20260822_205732_073_milestone4,milestone4,1787457494.851006508,target_map,80,478,2,predicted,1.790540,0.937718,-0.811005,-0.534013,0.030345,-0.251581,0.098907,15.350711,403.750,1,3.143959,3.143959,1.250386,1.135990
tracking_cdrone3_20260822_205732_073_milestone4,milestone4,1787457494.851006508,target_map,81,481,2,predicted,-11.800190,-0.386628,1.964030,0.009982,0.018966,0.151399,0.352448,0.020439,420.000,0,1.255463,1.255463,0.495542,0.596816
tracking_cdrone3_20260822_205732_073_milestone4,milestone4,1787457494.862076044,raw,472,472,0,detected,7.421374,-2.951064,1.271642,-0.499407,0.073211,0.372413,0.680664,19.458719,465.500,1,0.000000,0.000000,0.000000,0.000000
tracking_cdrone3_20260822_205732_073_milestone4,milestone4,1787457494.951035500,target_map,78,472,0,detected,7.482077,-2.959340,1.284052,0.704905,-0.096110,0.144104,0.666010,19.458719,465.500,1,0.086115,0.000000,0.180140,0.371529
tracking_cdrone3_20260822_205732_073_milestone4,milestone4,1787457494.951035500,target_map,79,479,2,predicted,23.763962,6.034523,0.024135,4.119311,0.590359,-0.018651,0.000000,18.130365,325.125,0,4.325626,4.325626,1.663969,1.431407
tracking_cdrone3_20260822_205732_073_milestone4,milestone4,1787457494.951035500,target_map,80,478,2,predicted,1.737121,0.940753,-0.836172,-0.534013,0.030345,-0.251581,0.087349,15.350711,403.750,1,3.243994,3.243994,1.285398,1.160998
tracking_cdrone3_20260822_205732_073_milestone4,milestone4,1787457494.951035500,target_map,81,481,2,predicted,-11.799191,-0.384730,1.979175,0.009982,0.018966,0.151399,0.339602,0.020439,420.000,0,1.355498,1.355498,0.530554,0.621824
tracking_cdrone3_20260822_205732_073_milestone4,milestone4,1787457495.050988436,target_map,78,472,0,detected,7.552530,-2.968946,1.298455,0.704905,-0.096110,0.144104,0.649003,19.458719,465.500,1,0.186062,0.000000,0.215122,0.396516
tracking_cdrone3_20260822_205732_073_milestone4,milestone4,1787457495.050988436,target_map,79,479,2,predicted,24.175674,6.093528,0.022270,4.119311,0.590359,-0.018651,0.000000,18.130365,325.125,0,4.425573,4.425573,1.698951,1.456393
tracking_cdrone3_20260822_205732_073_milestone4,milestone4,1787457495.050988436,target_map,80,478,2,predicted,1.683748,0.943786,-0.861317,-0.534013,0.030345,-0.251581,0.075801,15.350711,403.750,1,3.343941,3.343941,1.320379,1.185985
tracking_cdrone3_20260822_205732_073_milestone4,milestone4,1787457495.050988436,target_map,81,481,2,predicted,-11.798193,-0.382835,1.994307,0.009982,0.018966,0.151399,0.326767,0.020439,420.000,0,1.455445,1.455445,0.565536,0.646811
tracking_cdrone3_20260822_205732_073_milestone4,milestone4,1787457495.109953642,raw,472,472,0,detected,7.045957,-2.947806,1.268521,-1.514440,0.013143,-0.012590,0.634277,19.091801,453.250,1,0.000000,0.000000,0.000000,0.000000
tracking_cdrone3_20260822_205732_073_milestone4,milestone4,1787457495.150966406,target_map,78,472,0,detected,7.029089,-2.948984,1.270416,-0.515735,-0.036021,0.057923,0.629091,19.091801,453.250,1,0.032707,0.000000,0.161447,0.358177
tracking_cdrone3_20260822_205732_073_milestone4,milestone4,1787457495.150966406,target_map,79,479,2,predicted,24.587534,6.152554,0.020406,4.119311,0.590359,-0.018651,0.000000,18.130365,325.125,0,4.525556,4.525556,1.733945,1.481389
tracking_cdrone3_20260822_205732_073_milestone4,milestone4,1787457495.150966406,target_map,80,478,2,predicted,1.630356,0.946820,-0.886470,-0.534013,0.030345,-0.251581,0.064249,15.350711,403.750,1,3.443923,3.443923,1.355373,1.210981
tracking_cdrone3_20260822_205732_073_milestone4,milestone4,1787457495.150966406,target_map,81,481,2,predicted,-11.797195,-0.380939,2.009444,0.009982,0.018966,0.151399,0.313927,0.020439,420.000,0,1.555427,1.555427,0.600529,0.671807
tracking_cdrone3_20260822_205732_073_milestone4,milestone4,1787457495.251084805,target_map,78,472,0,detected,6.977456,-2.952590,1.276215,-0.515735,-0.036021,0.057923,0.613216,19.091801,453.250,1,0.132822,0.000000,0.196488,0.383205
tracking_cdrone3_20260822_205732_073_milestone4,milestone4,1787457495.251084805,target_map,79,479,2,predicted,24.999937,6.211658,0.018538,4.119311,0.590359,-0.018651,0.000000,18.130365,325.125,0,4.625670,4.625670,1.768985,1.506418
tracking_cdrone3_20260822_205732_073_milestone4,milestone4,1787457495.251084805,target_map,80,478,2,predicted,1.576893,0.949858,-0.911657,-0.534013,0.030345,-0.251581,0.052682,15.350711,403.750,1,3.544038,3.544038,1.390413,1.236009
tracking_cdrone3_20260822_205732_073_milestone4,milestone4,1787457495.251084805,target_map,81,481,2,predicted,-11.796196,-0.379040,2.024601,0.009982,0.018966,0.151399,0.301071,0.020439,420.000,0,1.655542,1.655542,0.635570,0.696836
tracking_cdrone3_20260822_205732_073_milestone4,milestone4,1787457495.352485418,target_map,78,472,0,detected,6.925211,-2.956239,1.282083,-0.515735,-0.036021,0.057923,0.597152,19.091801,453.250,1,0.234124,0.000000,0.231943,0.408531
tracking_cdrone3_20260822_205732_073_milestone4,milestone4,1787457495.352485418,target_map,79,479,2,predicted,25.417233,6.271462,0.016649,4.119311,0.590359,-0.018651,0.000000,18.130365,325.125,0,4.726973,4.726973,1.804440,1.531743
tracking_cdrone3_20260822_205732_073_milestone4,milestone4,1787457495.352485418,target_map,80,478,2,predicted,1.522797,0.952932,-0.937143,-0.534013,0.030345,-0.251581,0.040977,15.350711,403.750,1,3.645340,3.645340,1.425869,1.261335
tracking_cdrone3_20260822_205732_073_milestone4,milestone4,1787457495.352485418,target_map,81,481,2,predicted,-11.795185,-0.377118,2.039938,0.009982,0.018966,0.151399,0.288061,0.020439,420.000,0,1.756844,1.756844,0.671025,0.722161
tracking_cdrone3_20260822_205732_073_milestone4,milestone4,1787457495.373524904,raw,472,472,0,detected,7.531581,-3.091808,1.252956,1.842548,-0.546371,-0.059058,0.718750,19.603704,446.500,0,0.000000,0.000000,0.000000,0.000000
tracking_cdrone3_20260822_205732_073_milestone4,milestone4,1787457495.373524904,raw,481,481,0,detected,-11.849138,-0.330714,1.861719,0.000000,0.000000,0.000000,0.532227,0.018121,380.625,0,0.000000,0.000000,0.000000,0.000000
tracking_cdrone3_20260822_205732_073_milestone4,milestone4,1787457495.450975418,target_map,78,472,0,detected,7.589223,-3.115174,1.252483,0.781320,-0.316714,-0.006417,0.705494,19.603704,446.500,0,0.073775,0.000000,0.175821,0.368444
tracking_cdrone3_20260822_205732_073_milestone4,milestone4,1787457495.450975418,target_map,79,479,2,predicted,25.823345,6.329664,0.014810,4.119311,0.590359,-0.018651,0.000000,18.130365,325.125,0,4.825561,4.825561,1.838946,1.556390
tracking_cdrone3_20260822_205732_073_milestone4,milestone4,1787457495.450975418,target_map,80,478,2,predicted,1.470150,0.955924,-0.961946,-0.534013,0.030345,-0.251581,0.029586,15.350711,403.750,1,3.743928,3.743928,1.460375,1.285982
tracking_cdrone3_20260822_205732_073_milestone4,milestone4,1787457495.450975418,target_map,81,481,0,detected,-11.850041,-0.329039,1.862600,-0.012240,0.022715,0.011953,0.522410,0.018121,380.625,0,0.073775,0.000000,0.175821,0.368444
tracking_cdrone3_20260822_205732_073_milestone4,milestone4,1787457495.551128149,target_map,78,472,0,detected,7.667474,-3.146893,1.251840,0.781320,-0.316714,-0.006417,0.687497,19.603704,446.500,0,0.173927,0.000000,0.210874,0.393482
tracking_cdrone3_20260822_205732_073_milestone4,milestone4,1787457495.551128149,target_map,79,479,2,predicted,26.235901,6.388790,0.012942,4.119311,0.590359,-0.018651,0.000000,18.130365,325.125,0,4.925712,4.925712,1.873999,1.581428
tracking_cdrone3_20260822_205732_073_milestone4,milestone4,1787457495.551128149,target_map,80,478,2,predicted,1.416667,0.958963,-0.987142,-0.534013,0.030345,-0.251581,0.018015,15.350711,403.750,1,3.844079,3.844079,1.495428,1.311020
tracking_cdrone3_20260822_205732_073_milestone4,milestone4,1787457495.551128149,target_map,81,481,0,detected,-11.851267,-0.326764,1.863797,-0.012240,0.022715,0.011953,0.509084,0.018121,380.625,0,0.173927,0.000000,0.210874,0.393482
tracking_cdrone3_20260822_205732_073_milestone4,milestone4,1787457495.646330595,raw,472,472,0,detected,7.625535,-2.951981,1.311769,0.344408,0.512569,0.215595,0.462891,19.697924,358.750,0,0.000000,0.000000,0.000000,0.000000
tracking_cdrone3_20260822_205732_073_milestone4,milestone4,1787457495.646330595,raw,481,481,1,held,-11.868993,-0.314160,1.876261,-0.072782,0.060684,0.053307,0.532227,0.017943,380.625,0,0.272796,0.272796,0.000000,0.000000
tracking_cdrone3_20260822_205732_073_milestone4,milestone4,1787457495.650593996,target_map,78,472,0,detected,7.626248,-2.951797,1.311922,0.541018,0.139392,0.115690,0.462738,19.697924,358.750,0,0.001319,0.000000,0.150462,0.350330
tracking_cdrone3_20260822_205732_073_milestone4,milestone4,1787457495.650593996,target_map,80,478,2,predicted,1.363535,0.961982,-1.012174,-0.534013,0.030345,-0.251581,0.006519,15.350711,403.750,1,3.943575,3.943575,1.530251,1.335894
tracking_cdrone3_20260822_205732_073_milestone4,milestone4,1787457495.650593996,target_map,81,481,1,held,-11.869053,-0.314102,1.876306,-0.045538,0.043598,0.034698,0.495754,0.017943,380.625,0,0.274115,0.000000,0.150462,0.350330
tracking_cdrone3_20260822_205732_073_milestone4,milestone4,1787457495.750970840,target_map,78,472,0,detected,7.680537,-2.937810,1.323531,0.541018,0.139392,0.115690,0.451126,19.697924,358.750,0,0.101665,0.000000,0.185583,0.375416
tracking_cdrone3_20260822_205732_073_milestone4,milestone4,1787457495.750970840,target_map,80,478,2,predicted,1.309949,0.965027,-1.037419,-0.534013,0.030345,-0.251581,0.000000,15.350711,403.750,1,4.043922,4.043922,1.565373,1.360981
tracking_cdrone3_20260822_205732_073_milestone4,milestone4,1787457495.750970840,target_map,81,481,1,held,-11.873623,-0.309727,1.879788,-0.045538,0.043598,0.034698,0.482402,0.017943,380.625,0,0.374461,0.000000,0.185583,0.375416
tracking_cdrone3_20260822_205732_073_milestone4,milestone4,1787457495.851131201,target_map,78,472,0,detected,7.734725,-2.923849,1.335119,0.541018,0.139392,0.115690,0.439535,19.697924,358.750,0,0.201825,0.000000,0.220639,0.400456
tracking_cdrone3_20260822_205732_073_milestone4,milestone4,1787457495.851131201,target_map,80,478,2,predicted,1.256462,0.968066,-1.062617,-0.534013,0.030345,-0.251581,0.000000,15.350711,403.750,1,4.144081,4.144081,1.600428,1.386020
tracking_cdrone3_20260822_205732_073_milestone4,milestone4,1787457495.851131201,target_map,81,481,1,held,-11.878183,-0.305361,1.883263,-0.045538,0.043598,0.034698,0.469075,0.017943,380.625,0,0.474621,0.000000,0.220639,0.400456
tracking_cdrone3_20260822_205732_073_milestone4,milestone4,1787457495.917552471,raw,472,472,0,detected,7.502270,-3.028505,1.201998,-0.454453,-0.282126,-0.404707,0.733887,19.603964,481.750,1,0.000000,0.000000,0.000000,0.000000
tracking_cdrone3_20260822_205732_073_milestone4,milestone4,1787457495.951347113,target_map,78,472,0,detected,7.502077,-3.031246,1.196941,-0.006491,-0.092443,-0.170529,0.728446,19.603964,481.750,1,0.029654,0.000000,0.160379,0.357414
tracking_cdrone3_20260822_205732_073_milestone4,milestone4,1787457495.951347113,target_map,80,478,2,predicted,1.202943,0.971108,-1.087831,-0.534013,0.030345,-0.251581,0.000000,15.350711,403.750,1,4.244303,4.244303,1.635506,1.411076
tracking_cdrone3_20260822_205732_073_milestone4,milestone4,1787457495.951347113,target_map,81,481,2,predicted,-11.882748,-0.300991,1.886741,-0.045538,0.043598,0.034698,0.455740,0.017943,380.625,0,0.574842,0.574842,0.255716,0.425512
tracking_cdrone3_20260822_205732_073_milestone4,milestone4,1787457496.050833464,target_map,78,472,0,detected,7.501431,-3.040443,1.179975,-0.006491,-0.092443,-0.170529,0.710192,19.603964,481.750,1,0.129145,0.000000,0.195201,0.382286
tracking_cdrone3_20260822_205732_073_milestone4,milestone4,1787457496.050833464,target_map,80,478,2,predicted,1.149813,0.974127,-1.112861,-0.534013,0.030345,-0.251581,0.000000,15.350711,403.750,1,4.343794,4.343794,1.670328,1.435948
tracking_cdrone3_20260822_205732_073_milestone4,milestone4,1787457496.050833464,target_map,81,481,2,predicted,-11.887278,-0.296654,1.890193,-0.045538,0.043598,0.034698,0.442502,0.017943,380.625,0,0.674333,0.674333,0.290538,0.450384
tracking_cdrone3_20260822_205732_073_milestone4,milestone4,1787457496.151366234,target_map,78,472,0,detected,7.500779,-3.049734,1.162835,-0.006491,-0.092443,-0.170529,0.691752,19.603964,481.750,1,0.229654,0.000000,0.230379,0.407413
tracking_cdrone3_20260822_205732_073_milestone4,milestone4,1787457496.151366234,target_map,80,478,2,predicted,1.096141,0.977177,-1.138147,-0.534013,0.030345,-0.251581,0.000000,15.350711,403.750,1,4.444303,4.444303,1.705506,1.461076
tracking_cdrone3_20260822_205732_073_milestone4,milestone4,1787457496.151366234,target_map,81,481,2,predicted,-11.891855,-0.292272,1.893681,-0.045538,0.043598,0.034698,0.429129,0.017943,380.625,0,0.774842,0.774842,0.325716,0.475511
tracking_cdrone3_20260822_205732_073_milestone4,milestone4,1787457496.168225050,raw,472,472,0,detected,-11.890349,-0.309234,1.895245,-77.360435,10.847630,2.765483,0.733887,0.017650,481.750,1,0.000000,0.000000,0.000000,0.000000
tracking_cdrone3_20260822_205732_073_milestone4,milestone4,1787457496.168225050,raw,481,481,0,detected,-11.897015,-0.307808,1.897422,0.000000,0.000000,0.000000,0.468750,0.010954,385.250,0,0.000000,0.000000,0.000000,0.000000
tracking_cdrone3_20260822_205732_073_milestone4,milestone4,1787457496.250880957,target_map,78,472,0,detected,-12.235617,-0.264149,1.901500,-4.357563,0.569017,0.078932,0.719350,0.017650,481.750,1,0.079234,0.000000,0.177732,0.369809
tracking_cdrone3_20260822_205732_073_milestone4,milestone4,1787457496.250880957,target_map,80,478,2,predicted,1.042987,0.980197,-1.163188,-0.534013,0.030345,-0.251581,0.000000,15.350711,403.750,1,4.543838,4.543838,1.740343,1.485959
tracking_cdrone3_20260822_205732_073_milestone4,milestone4,1787457496.250880957,target_map,81,481,0,detected,-11.898870,-0.307153,1.898826,-0.023422,0.008260,0.017715,0.459465,0.010954,385.250,0,0.079234,0.000000,0.177732,0.369809
tracking_cdrone3_20260822_205732_073_milestone4,milestone4,1787457496.351138592,target_map,78,472,0,detected,-12.672447,-0.207107,1.909412,-4.357563,0.569017,0.078932,0.700957,0.017650,481.750,1,0.179481,0.000000,0.212818,0.394870
tracking_cdrone3_20260822_205732_073_milestone4,milestone4,1787457496.351138592,target_map,80,478,2,predicted,0.989455,0.983239,-1.188408,-0.534013,0.030345,-0.251581,0.000000,15.350711,403.750,1,4.644084,4.644084,1.775429,1.511021
tracking_cdrone3_20260822_205732_073_milestone4,milestone4,1787457496.351138592,target_map,81,481,0,detected,-11.901218,-0.306325,1.900602,-0.023422,0.008260,0.017715,0.447717,0.010954,385.250,0,0.179481,0.000000,0.212818,0.394870
tracking_cdrone3_20260822_205732_073_milestone4,milestone4,1787457496.411579132,raw,472,472,0,detected,7.325226,-2.909954,1.143248,78.965950,-10.687595,-3.090314,0.527344,19.437880,572.000,0,0.000000,0.000000,0.000000,0.000000
tracking_cdrone3_20260822_205732_073_milestone4,milestone4,1787457496.454123497,target_map,78,472,0,detected,7.419208,-2.923040,1.137954,2.396067,-0.333634,-0.134990,0.522173,19.437880,572.000,0,0.039223,0.000000,0.163728,0.359806
tracking_cdrone3_20260822_205732_073_milestone4,milestone4,1787457496.454123497,target_map,80,478,2,predicted,0.934452,0.986365,-1.214321,-0.534013,0.030345,-0.251581,0.000000,15.350711,403.750,1,4.747082,4.747082,1.811479,1.536770
tracking_cdrone3_20260822_205732_073_milestone4,milestone4,1787457496.454123497,target_map,81,481,2,predicted,-11.903630,-0.305474,1.902426,-0.023422,0.008260,0.017715,0.435647,0.010954,385.250,0,0.282479,0.282479,0.248868,0.420620
tracking_cdrone3_20260822_205732_073_milestone4,milestone4,1787457496.550986767,target_map,78,472,0,detected,7.651292,-2.955356,1.124879,2.396067,-0.333634,-0.134990,0.509403,19.437880,572.000,0,0.136084,0.000000,0.197629,0.384021
tracking_cdrone3_20260822_205732_073_milestone4,milestone4,1787457496.550986767,target_map,80,478,2,predicted,0.882728,0.989304,-1.238689,-0.534013,0.030345,-0.251581,0.000000,15.350711,403.750,1,4.843942,4.843942,1.845380,1.560986
tracking_cdrone3_20260822_205732_073_milestone4,milestone4,1787457496.550986767,target_map,81,481,2,predicted,-11.905899,-0.304674,1.904142,-0.023422,0.008260,0.017715,0.424296,0.010954,385.250,0,0.379339,0.379339,0.282769,0.444835
tracking_cdrone3_20260822_205732_073_milestone4,milestone4,1787457496.650838375,target_map,78,472,0,detected,7.890539,-2.988669,1.111400,2.396067,-0.333634,-0.134990,0.496239,19.437880,572.000,0,0.235934,0.000000,0.232577,0.408983
tracking_cdrone3_20260822_205732_073_milestone4,milestone4,1787457496.650838375,target_map,80,478,2,predicted,0.829406,0.992334,-1.263809,-0.534013,0.030345,-0.251581,0.000000,15.350711,403.750,1,4.943792,4.943792,1.880327,1.585948
tracking_cdrone3_20260822_205732_073_milestone4,milestone4,1787457496.650838375,target_map,81,481,2,predicted,-11.908238,-0.303850,1.905911,-0.023422,0.008260,0.017715,0.412595,0.010954,385.250,0,0.479189,0.479189,0.317716,0.469797
tracking_cdrone3_20260822_205732_073_milestone4,milestone4,1787457496.670412779,raw,472,472,0,detected,7.037948,-2.638265,1.143247,-1.109915,1.049684,-0.000006,0.489502,19.133440,411.250,1,0.000000,0.000000,0.000000,0.000000
tracking_cdrone3_20260822_205732_073_milestone4,milestone4,1787457496.670412779,raw,482,482,0,detected,4.372381,4.563921,2.083623,0.000000,0.000000,0.000000,0.633789,17.024866,620.125,0,0.000000,0.000000,0.000000,0.000000
tracking_cdrone3_20260822_205732_073_milestone4,milestone4,1787457496.750885487,target_map,78,472,0,detected,7.073192,-2.606079,1.138670,0.467777,0.427191,-0.060749,0.480282,19.133440,411.250,1,0.075344,0.000000,0.176370,0.368836
tracking_cdrone3_20260822_205732_073_milestone4,milestone4,1787457496.750885487,target_map,81,481,2,predicted,-11.910582,-0.303023,1.907683,-0.023422,0.008260,0.017715,0.400870,0.010954,385.250,0,0.579247,0.579247,0.352736,0.494812
tracking_cdrone3_20260822_205732_073_milestone4,milestone4,1787457496.750885487,target_map,82,482,0,detected,4.372381,4.563921,2.083623,0.000000,0.000000,0.000000,0.621851,17.024866,620.125,0,0.075344,0.000000,0.176370,0.368836
tracking_cdrone3_20260822_205732_073_milestone4,milestone4,1787457496.851138353,target_map,78,472,0,detected,7.120079,-2.563260,1.132581,0.467777,0.427191,-0.060749,0.468016,19.133440,411.250,1,0.175577,0.000000,0.211452,0.393894
tracking_cdrone3_20260822_205732_073_milestone4,milestone4,1787457496.851138353,target_map,81,481,2,predicted,-11.912930,-0.302195,1.909459,-0.023422,0.008260,0.017715,0.389123,0.010954,385.250,0,0.679480,0.679480,0.387818,0.519870
tracking_cdrone3_20260822_205732_073_milestone4,milestone4,1787457496.851138353,target_map,82,482,0,detected,4.372381,4.563921,2.083623,0.000000,0.000000,0.000000,0.605969,17.024866,620.125,0,0.175577,0.000000,0.211452,0.393894
tracking_cdrone3_20260822_205732_073_milestone4,milestone4,1787457496.950922251,target_map,78,472,2,predicted,7.166760,-2.520629,1.126518,0.467777,0.427191,-0.060749,0.455803,19.133440,411.250,1,0.275371,0.275371,0.246380,0.418843
tracking_cdrone3_20260822_205732_073_milestone4,milestone4,1787457496.950922251,target_map,81,481,2,predicted,-11.915266,-0.301371,1.911227,-0.023422,0.008260,0.017715,0.377429,0.010954,385.250,0,0.779274,0.779274,0.422746,0.544819
tracking_cdrone3_20260822_205732_073_milestone4,milestone4,1787457496.950922251,target_map,82,482,2,predicted,4.372381,4.563921,2.083623,0.000000,0.000000,0.000000,0.590157,17.024866,620.125,0,0.275371,0.275371,0.246380,0.418843
tracking_cdrone3_20260822_205732_073_milestone4,milestone4,1787457496.977271557,raw,472,472,0,detected,7.646080,-2.800983,1.142063,1.981713,-0.530246,-0.003856,0.682617,19.769810,397.750,0,0.000000,0.000000,0.000000,0.000000
tracking_cdrone3_20260822_205732_073_milestone4,milestone4,1787457496.977271557,raw,482,482,0,detected,-11.937056,-0.316402,1.899420,-53.147335,-15.903444,-0.600258,0.778320,0.016504,1102.500,1,0.000000,0.000000,0.000000,0.000000
tracking_cdrone3_20260822_205732_073_milestone4,milestone4,1787457497.050965786,target_map,78,472,0,detected,7.737271,-2.807953,1.139998,1.300442,-0.099399,-0.029458,0.670650,19.769810,397.750,0,0.070123,0.000000,0.174543,0.367531
tracking_cdrone3_20260822_205732_073_milestone4,milestone4,1787457497.050965786,target_map,81,481,2,predicted,-11.917609,-0.300544,1.912999,-0.023422,0.008260,0.017715,0.365705,0.010954,385.250,0,0.879316,0.879316,0.457761,0.569829
tracking_cdrone3_20260822_205732_073_milestone4,milestone4,1787457497.050965786,target_map,82,482,0,detected,-12.232628,-0.404848,1.896082,-4.215077,-1.261291,-0.047606,0.764676,0.016504,1102.500,1,0.070123,0.000000,0.174543,0.367531
tracking_cdrone3_20260822_205732_073_milestone4,milestone4,1787457497.151121140,target_map,78,472,0,detected,7.867508,-2.817908,1.137048,1.300442,-0.099399,-0.029458,0.653560,19.769810,397.750,0,0.170271,0.000000,0.209595,0.392568
tracking_cdrone3_20260822_205732_073_milestone4,milestone4,1787457497.151121140,target_map,81,481,2,predicted,-11.919955,-0.299717,1.914773,-0.023422,0.008260,0.017715,0.353969,0.010954,385.250,0,0.979465,0.979465,0.492813,0.594866
tracking_cdrone3_20260822_205732_073_milestone4,milestone4,1787457497.151121140,target_map,82,482,0,detected,-12.654760,-0.531164,1.891314,-4.215077,-1.261291,-0.047606,0.745189,0.016504,1102.500,1,0.170271,0.000000,0.209595,0.392568
tracking_cdrone3_20260822_205732_073_milestone4,milestone4,1787457497.231181860,raw,472,472,0,detected,-11.939897,-0.326794,1.893638,-77.140350,9.744716,2.960116,0.725586,0.019289,397.750,1,0.000000,0.000000,0.000000,0.000000
tracking_cdrone3_20260822_205732_073_milestone4,milestone4,1787457497.231181860,raw,482,482,1,held,-12.183317,-0.389594,1.892486,-0.969913,-0.288268,-0.027310,0.778320,0.233497,1102.500,1,0.253901,0.253901,0.000000,0.000000
tracking_cdrone3_20260822_205732_073_milestone4,milestone4,1787457497.251003742,target_map,78,472,0,detected,-12.002703,-0.318375,1.896201,-3.776949,0.506316,0.154133,0.722570,0.019289,397.750,1,0.016629,0.000000,0.155820,0.354157
tracking_cdrone3_20260822_205732_073_milestone4,milestone4,1787457497.251003742,target_map,81,481,2,predicted,-11.922295,-0.298892,1.916543,-0.023422,0.008260,0.017715,0.342263,0.010954,385.250,0,1.079357,1.079357,0.527775,0.619839
tracking_cdrone3_20260822_205732_073_milestone4,milestone4,1787457497.251003742,target_map,82,482,1,held,-12.223729,-0.401668,1.891880,-2.430237,-0.726129,-0.036443,0.725681,0.233497,1102.500,1,0.270529,0.000000,0.155820,0.354157
tracking_cdrone3_20260822_205732_073_milestone4,milestone4,1787457497.350965500,target_map,78,472,0,detected,-12.380241,-0.267764,1.911608,-3.776949,0.506316,0.154133,0.704437,0.019289,397.750,1,0.116587,0.000000,0.190806,0.379147
tracking_cdrone3_20260822_205732_073_milestone4,milestone4,1787457497.350965500,target_map,81,481,2,predicted,-11.924636,-0.298066,1.918314,-0.023422,0.008260,0.017715,0.330549,0.010954,385.250,0,1.179315,1.179315,0.562760,0.644829
tracking_cdrone3_20260822_205732_073_milestone4,milestone4,1787457497.350965500,target_map,82,482,1,held,-12.466652,-0.474251,1.888237,-2.430237,-0.726129,-0.036443,0.706231,0.233497,1102.500,1,0.370488,0.000000,0.190806,0.379147
tracking_cdrone3_20260822_205732_073_milestone4,milestone4,1787457497.451058388,target_map,78,472,0,detected,-12.758243,-0.217092,1.927034,-3.776949,0.506316,0.154133,0.686283,0.019289,397.750,1,0.216669,0.000000,0.225834,0.404167
tracking_cdrone3_20260822_205732_073_milestone4,milestone4,1787457497.451058388,target_map,81,481,2,predicted,-11.926980,-0.297239,1.920087,-0.023422,0.008260,0.017715,0.318821,0.010954,385.250,0,1.279397,1.279397,0.597789,0.669849
tracking_cdrone3_20260822_205732_073_milestone4,milestone4,1787457497.451058388,target_map,82,482,1,held,-12.709873,-0.546923,1.884590,-2.430237,-0.726129,-0.036443,0.686757,0.233497,1102.500,1,0.470569,0.000000,0.225834,0.404167
tracking_cdrone3_20260822_205732_073_milestone4,milestone4,1787457497.484363079,raw,472,472,0,detected,7.391552,-2.617740,1.165505,76.353691,-9.048578,-2.875918,0.442871,19.507814,399.500,0,0.000000,0.000000,0.000000,0.000000
tracking_cdrone3_20260822_205732_073_milestone4,milestone4,1787457497.484363079,raw,482,482,0,detected,-11.951776,-0.325494,1.896774,0.914522,0.253175,0.016935,0.687500,0.016892,1306.500,0,0.000000,0.000000,0.000000,0.000000
tracking_cdrone3_20260822_205732_073_milestone4,milestone4,1787457497.551071167,target_map,78,472,0,detected,7.559978,-2.636031,1.159499,2.666744,-0.289611,-0.095103,0.435878,19.507814,399.500,0,0.063158,0.000000,0.172105,0.365790
tracking_cdrone3_20260822_205732_073_milestone4,milestone4,1787457497.551071167,target_map,81,481,2,predicted,-11.929322,-0.296413,1.921858,-0.023422,0.008260,0.017715,0.307102,0.010954,385.250,0,1.379396,1.379396,0.632789,0.694849
tracking_cdrone3_20260822_205732_073_milestone4,milestone4,1787457497.551071167,target_map,82,482,0,detected,-11.989078,-0.337337,1.896326,-0.590620,-0.187512,-0.007085,0.676645,0.016892,1306.500,0,0.063158,0.000000,0.172105,0.365790
tracking_cdrone3_20260822_205732_073_milestone4,milestone4,1787457497.650876045,target_map,78,472,0,detected,7.826193,-2.664942,1.150005,2.666744,-0.289611,-0.095103,0.424826,19.507814,399.500,0,0.162986,0.000000,0.207045,0.390746
tracking_cdrone3_20260822_205732_073_milestone4,milestone4,1787457497.650876045,target_map,81,481,2,predicted,-11.931661,-0.295589,1.923627,-0.023422,0.008260,0.017715,0.295403,0.010954,385.250,0,1.479224,1.479224,0.667728,0.719806
tracking_cdrone3_20260822_205732_073_milestone4,milestone4,1787457497.650876045,target_map,82,482,0,detected,-12.048038,-0.356056,1.895619,-0.590620,-0.187512,-0.007085,0.659487,0.016892,1306.500,0,0.162986,0.000000,0.207045,0.390746
tracking_cdrone3_20260822_205732_073_milestone4,milestone4,1787457497.736417770,raw,472,472,0,detected,6.862653,-2.701043,1.055634,-2.098240,-0.330480,-0.435878,0.737793,19.003681,472.500,1,0.000000,0.000000,0.000000,0.000000
tracking_cdrone3_20260822_205732_073_milestone4,milestone4,1787457497.736417770,raw,482,482,0,detected,-11.958585,-0.332131,1.898695,-0.027014,-0.026328,0.007623,0.607910,0.016566,1134.188,0,0.000000,0.000000,0.000000,0.000000
tracking_cdrone3_20260822_205732_073_milestone4,milestone4,1787457497.751123905,target_map,78,472,0,detected,6.862937,-2.702976,1.053885,0.046003,-0.312089,-0.282529,0.736651,19.003681,472.500,1,0.006192,0.000000,0.152167,0.351548
tracking_cdrone3_20260822_205732_073_milestone4,milestone4,1787457497.751123905,target_map,81,481,2,predicted,-11.934008,-0.294761,1.925402,-0.023422,0.008260,0.017715,0.283658,0.010954,385.250,0,1.579453,1.579453,0.702808,0.744863
tracking_cdrone3_20260822_205732_073_milestone4,milestone4,1787457497.751123905,target_map,82,482,0,detected,-11.960322,-0.332743,1.898702,-0.280636,-0.098861,0.001005,0.606969,0.016566,1134.188,0,0.006192,0.000000,0.152167,0.351548
tracking_cdrone3_20260822_205732_073_milestone4,milestone4,1787457497.850861549,target_map,78,472,0,detected,6.867527,-2.734109,1.025701,0.046003,-0.312089,-0.282529,0.718251,19.003681,472.500,1,0.105950,0.000000,0.187083,0.376488
tracking_cdrone3_20260822_205732_073_milestone4,milestone4,1787457497.850861549,target_map,81,481,2,predicted,-11.936344,-0.293937,1.927169,-0.023422,0.008260,0.017715,0.271968,0.010954,385.250,0,1.679210,1.679210,0.737724,0.769803
tracking_cdrone3_20260822_205732_073_milestone4,milestone4,1787457497.850861549,target_map,82,482,0,detected,-11.988318,-0.342605,1.898802,-0.280636,-0.098861,0.001005,0.591808,0.016566,1134.188,0,0.105950,0.000000,0.187083,0.376488
tracking_cdrone3_20260822_205732_073_milestone4,milestone4,1787457497.951086998,target_map,78,472,0,detected,6.872137,-2.765384,0.997388,0.046003,-0.312089,-0.282529,0.699767,19.003681,472.500,1,0.206161,0.000000,0.222156,0.401540
tracking_cdrone3_20260822_205732_073_milestone4,milestone4,1787457497.951086998,target_map,81,481,2,predicted,-11.938691,-0.293109,1.928944,-0.023422,0.008260,0.017715,0.260224,0.010954,385.250,0,1.779421,1.779421,0.772797,0.794855
tracking_cdrone3_20260822_205732_073_milestone4,milestone4,1787457497.951086998,target_map,82,482,0,detected,-12.016441,-0.352512,1.898902,-0.280636,-0.098861,0.001005,0.576578,0.016566,1134.188,0,0.206161,0.000000,0.222156,0.401540
tracking_cdrone3_20260822_205732_073_milestone4,milestone4,1787457497.998115301,raw,472,472,0,detected,7.561486,-3.013711,0.911389,2.670512,-1.194825,-0.551216,0.697754,19.755260,354.750,0,0.000000,0.000000,0.000000,0.000000
tracking_cdrone3_20260822_205732_073_milestone4,milestone4,1787457497.998115301,raw,482,482,0,detected,-11.968834,-0.346269,1.906759,-0.039167,-0.054028,0.030814,0.408203,0.020163,728.125,0,0.000000,0.000000,0.000000,0.000000
tracking_cdrone3_20260822_205732_073_milestone4,milestone4,1787457498.050908089,target_map,78,472,0,detected,7.627696,-3.049165,0.892261,1.489483,-0.797594,-0.430307,0.690000,19.755260,354.750,0,0.044452,0.000000,0.165558,0.361113
tracking_cdrone3_20260822_205732_073_milestone4,milestone4,1787457498.050908089,target_map,81,481,2,predicted,-11.941030,-0.292284,1.930713,-0.023422,0.008260,0.017715,0.248524,0.010954,385.250,0,1.879264,1.879264,0.807742,0.819816
tracking_cdrone3_20260822_205732_073_milestone4,milestone4,1787457498.050908089,target_map,82,482,0,detected,-11.975405,-0.349567,1.907532,-0.147828,-0.074203,0.017400,0.403667,0.020163,728.125,0,0.044452,0.000000,0.165558,0.361113
tracking_cdrone3_20260822_205732_073_milestone4,milestone4,1787457498.151087999,target_map,78,472,0,detected,7.776898,-3.129061,0.849157,1.489483,-0.797594,-0.430307,0.672526,19.755260,354.750,0,0.144623,0.000000,0.200618,0.386156
tracking_cdrone3_20260822_205732_073_milestone4,milestone4,1787457498.151087999,target_map,81,481,2,predicted,-11.943377,-0.291457,1.932488,-0.023422,0.008260,0.017715,0.236785,0.010954,385.250,0,1.979435,1.979435,0.842802,0.844859
tracking_cdrone3_20260822_205732_073_milestone4,milestone4,1787457498.151087999,target_map,82,482,0,detected,-11.990213,-0.357000,1.909275,-0.147828,-0.074203,0.017400,0.393444,0.020163,728.125,0,0.144623,0.000000,0.200618,0.386156
tracking_cdrone3_20260822_205732_073_milestone4,milestone4,1787457498.251009226,target_map,78,472,0,detected,7.925731,-3.208758,0.806160,1.489483,-0.797594,-0.430307,0.655096,19.755260,354.750,0,0.244545,0.000000,0.235591,0.411136
tracking_cdrone3_20260822_205732_073_milestone4,milestone4,1787457498.251009226,target_map,81,481,2,predicted,-11.945717,-0.290631,1.934258,-0.023422,0.008260,0.017715,0.225075,0.010954,385.250,0,2.079357,2.079357,0.877775,0.869839
tracking_cdrone3_20260822_205732_073_milestone4,milestone4,1787457498.251009226,target_map,82,482,0,detected,-12.004985,-0.364415,1.911014,-0.147828,-0.074203,0.017400,0.383247,0.020163,728.125,0,0.244545,0.000000,0.235591,0.411136
tracking_cdrone3_20260822_205732_073_milestone4,milestone4,1787457498.264510632,raw,472,472,0,detected,6.916240,-2.888242,1.089072,-2.422079,0.470976,0.666973,0.668945,19.095705,338.250,1,0.000000,0.000000,0.000000,0.000000
tracking_cdrone3_20260822_205732_073_milestone4,milestone4,1787457498.264510632,raw,482,482,0,detected,4.164164,4.449213,2.191143,60.558899,18.000938,1.067501,0.447510,16.859846,750.750,0,0.000000,0.000000,0.000000,0.000000
tracking_cdrone3_20260822_205732_073_milestone4,milestone4,1787457498.351561546,target_map,78,472,0,detected,6.860862,-2.896599,1.103563,-0.661876,-0.099881,0.173197,0.654953,19.095705,338.250,1,0.083667,0.000000,0.179284,0.370917
tracking_cdrone3_20260822_205732_073_milestone4,milestone4,1787457498.351561546,target_map,81,481,2,predicted,-11.948071,-0.289801,1.936039,-0.023422,0.008260,0.017715,0.213292,0.010954,385.250,0,2.179908,2.179908,0.912968,0.894977
tracking_cdrone3_20260822_205732_073_milestone4,milestone4,1787457498.351561546,target_map,82,482,0,detected,4.511424,4.551295,2.198018,4.150494,1.220103,0.082165,0.438149,16.859846,750.750,0,0.083667,0.000000,0.179284,0.370917
tracking_cdrone3_20260822_205732_073_milestone4,milestone4,1787457498.451117277,target_map,78,472,0,detected,6.794977,-2.906541,1.120804,-0.661876,-0.099881,0.173197,0.638306,19.095705,338.250,1,0.183210,0.000000,0.214124,0.395803
tracking_cdrone3_20260822_205732_073_milestone4,milestone4,1787457498.451117277,target_map,81,481,2,predicted,-11.950403,-0.288979,1.937802,-0.023422,0.008260,0.017715,0.201627,0.010954,385.250,0,2.279451,2.279451,0.947808,0.919863
tracking_cdrone3_20260822_205732_073_milestone4,milestone4,1787457498.451117277,target_map,82,482,0,detected,4.924577,4.672748,2.206197,4.150494,1.220103,0.082165,0.427013,16.859846,750.750,0,0.183210,0.000000,0.214124,0.395803
tracking_cdrone3_20260822_205732_073_milestone4,milestone4,1787457498.535855770,raw,472,472,0,detected,6.943959,-3.015443,1.063611,0.102154,-0.468780,-0.093835,0.616211,19.145229,526.500,0,0.000000,0.000000,0.000000,0.000000
tracking_cdrone3_20260822_205732_073_milestone4,milestone4,1787457498.535855770,raw,482,482,1,held,4.385349,4.560014,2.158449,0.815148,0.408344,-0.120488,0.447510,17.109846,750.750,0,0.271344,0.271344,0.000000,0.000000
tracking_cdrone3_20260822_205732_073_milestone4,milestone4,1787457498.550736427,target_map,78,472,0,detected,6.941135,-3.018980,1.063918,-0.241659,-0.302775,0.026329,0.614411,19.145229,526.500,0,0.011683,0.000000,0.154089,0.352921
tracking_cdrone3_20260822_205732_073_milestone4,milestone4,1787457498.550736427,target_map,81,481,2,predicted,-11.952737,-0.288155,1.939568,-0.023422,0.008260,0.017715,0.189950,0.010954,385.250,0,2.379097,2.379097,0.982684,0.944774
tracking_cdrone3_20260822_205732_073_milestone4,milestone4,1787457498.550736427,target_map,82,482,1,held,4.412407,4.569053,2.158107,2.316053,0.773636,-0.029294,0.415845,17.109846,750.750,0,0.283027,0.000000,0.154089,0.352921
tracking_cdrone3_20260822_205732_073_milestone4,milestone4,1787457498.650816917,target_map,78,472,0,detected,6.916951,-3.049281,1.066553,-0.241659,-0.302775,0.026329,0.598994,19.145229,526.500,0,0.111760,0.000000,0.189116,0.377940
tracking_cdrone3_20260822_205732_073_milestone4,milestone4,1787457498.650816917,target_map,81,481,2,predicted,-11.955081,-0.287329,1.941341,-0.023422,0.008260,0.017715,0.178222,0.010954,385.250,0,2.479174,2.479174,1.017711,0.969794
tracking_cdrone3_20260822_205732_073_milestone4,milestone4,1787457498.650816917,target_map,82,482,1,held,4.644191,4.646476,2.155175,2.316053,0.773636,-0.029294,0.404649,17.109846,750.750,0,0.383104,0.000000,0.189116,0.377940
tracking_cdrone3_20260822_205732_073_milestone4,milestone4,1787457498.750859261,target_map,78,472,0,detected,6.892777,-3.079569,1.069187,-0.241659,-0.302775,0.026329,0.583583,19.145229,526.500,0,0.211794,0.000000,0.224128,0.402949
tracking_cdrone3_20260822_205732_073_milestone4,milestone4,1787457498.750859261,target_map,81,481,2,predicted,-11.957424,-0.286502,1.943113,-0.023422,0.008260,0.017715,0.166499,0.010954,385.250,0,2.579208,2.579208,1.052723,0.994802
tracking_cdrone3_20260822_205732_073_milestone4,milestone4,1787457498.750859261,target_map,82,482,1,held,4.875875,4.723866,2.152245,2.316053,0.773636,-0.029294,0.393458,17.109846,750.750,0,0.483138,0.000000,0.224128,0.402949
tracking_cdrone3_20260822_205732_073_milestone4,milestone4,1787457498.773098230,raw,472,472,0,detected,7.308284,-3.270962,1.449262,1.535652,-1.077029,1.625546,0.768066,19.533052,427.500,0,0.000000,0.000000,0.000000,0.000000
tracking_cdrone3_20260822_205732_073_milestone4,milestone4,1787457498.850822687,target_map,78,472,0,detected,7.363538,-3.325672,1.517284,0.735862,-0.728615,0.905898,0.753648,19.533052,427.500,0,0.075088,0.000000,0.176281,0.368772
tracking_cdrone3_20260822_205732_073_milestone4,milestone4,1787457498.850822687,target_map,81,481,2,predicted,-11.959765,-0.285677,1.944884,-0.023422,0.008260,0.017715,0.154784,0.010954,385.250,0,2.679177,2.679177,1.087712,1.019794
tracking_cdrone3_20260822_205732_073_milestone4,milestone4,1787457498.850822687,target_map,82,482,2,predicted,5.107409,4.801206,2.149317,2.316053,0.773636,-0.029294,0.382273,17.109846,750.750,0,0.583107,0.583107,0.259117,0.427941
tracking_cdrone3_20260822_205732_073_milestone4,milestone4,1787457498.950984001,target_map,78,472,0,detected,7.437245,-3.398654,1.608023,0.735862,-0.728615,0.905898,0.734415,19.533052,427.500,0,0.175252,0.000000,0.211338,0.393813
tracking_cdrone3_20260822_205732_073_milestone4,milestone4,1787457498.950984001,target_map,81,481,2,predicted,-11.962111,-0.284849,1.946658,-0.023422,0.008260,0.017715,0.143046,0.010954,385.250,0,2.779342,2.779342,1.122770,1.044835
tracking_cdrone3_20260822_205732_073_milestone4,milestone4,1787457498.950984001,target_map,82,482,2,predicted,5.339396,4.878696,2.146382,2.316053,0.773636,-0.029294,0.371067,17.109846,750.750,0,0.683272,0.683272,0.294175,0.452982
tracking_cdrone3_20260822_205732_073_milestone4,milestone4,1787457499.032124996,raw,472,472,0,detected,7.318451,-3.388289,1.037676,0.039255,-0.452972,-1.589041,0.677246,19.580841,444.000,0,0.000000,0.000000,0.000000,0.000000
tracking_cdrone3_20260822_205732_073_milestone4,milestone4,1787457499.032124996,raw,482,482,0,detected,-11.994964,-0.382217,1.914361,0.000000,0.000000,0.000000,0.668945,0.017300,645.750,1,0.000000,0.000000,0.000000,0.000000
tracking_cdrone3_20260822_205732_073_milestone4,milestone4,1787457499.051408768,target_map,78,472,0,detected,7.324000,-3.397366,1.030340,0.352728,-0.577011,-0.466318,0.674583,19.580841,444.000,0,0.015731,0.000000,0.155506,0.353933
tracking_cdrone3_20260822_205732_073_milestone4,milestone4,1787457499.051408768,target_map,81,481,2,predicted,-11.964463,-0.284020,1.948437,-0.023422,0.008260,0.017715,0.131277,0.010954,385.250,0,2.879770,2.879770,1.157920,1.069943
tracking_cdrone3_20260822_205732_073_milestone4,milestone4,1787457499.051408768,target_map,82,482,0,detected,-12.044789,-0.396860,1.913286,-3.167408,-0.930910,-0.068302,0.666315,0.017300,645.750,1,0.015731,0.000000,0.155506,0.353933
tracking_cdrone3_20260822_205732_073_milestone4,milestone4,1787457499.152869463,target_map,78,472,0,detected,7.359779,-3.455895,0.983039,0.352728,-0.577011,-0.466318,0.657408,19.580841,444.000,0,0.117167,0.000000,0.191008,0.379292
tracking_cdrone3_20260822_205732_073_milestone4,milestone4,1787457499.152869463,target_map,81,481,2,predicted,-11.966839,-0.283182,1.950234,-0.023422,0.008260,0.017715,0.119390,0.010954,385.250,0,2.981206,2.981206,1.193422,1.095302
tracking_cdrone3_20260822_205732_073_milestone4,milestone4,1787457499.152869463,target_map,82,482,0,detected,-12.366078,-0.491288,1.906358,-3.167408,-0.930910,-0.068302,0.649351,0.017300,645.750,1,0.117167,0.000000,0.191008,0.379292
tracking_cdrone3_20260822_205732_073_milestone4,milestone4,1787457499.251087666,target_map,78,472,0,detected,7.394423,-3.512566,0.937239,0.352728,-0.577011,-0.466318,0.640780,19.580841,444.000,0,0.215381,0.000000,0.225383,0.403845
tracking_cdrone3_20260822_205732_073_milestone4,milestone4,1787457499.251087666,target_map,81,481,2,predicted,-11.969139,-0.282370,1.951974,-0.023422,0.008260,0.017715,0.107880,0.010954,385.250,0,3.079421,3.079421,1.227797,1.119855
tracking_cdrone3_20260822_205732_073_milestone4,milestone4,1787457499.251087666,target_map,82,482,0,detected,-12.677164,-0.582717,1.899650,-3.167408,-0.930910,-0.068302,0.632926,0.017300,645.750,1,0.215381,0.000000,0.225383,0.403845
tracking_cdrone3_20260822_205732_073_milestone4,milestone4,1787457499.271942854,raw,472,472,0,detected,7.322044,-3.389255,1.043566,0.014981,-0.004029,0.024560,0.517578,19.589231,423.000,0,0.000000,0.000000,0.000000,0.000000
tracking_cdrone3_20260822_205732_073_milestone4,milestone4,1787457499.271942854,raw,482,482,1,held,-12.236841,-0.464285,1.978350,-1.008557,-0.342199,0.266815,0.668945,0.232715,645.750,1,0.239825,0.239825,0.000000,0.000000
tracking_cdrone3_20260822_205732_073_milestone4,milestone4,1787457499.351779938,target_map,78,472,0,detected,7.334864,-3.409362,1.028491,0.166968,-0.261871,-0.196335,0.507643,19.589231,423.000,0,0.076781,0.000000,0.176873,0.369195
tracking_cdrone3_20260822_205732_073_milestone4,milestone4,1787457499.351779938,target_map,81,481,2,predicted,-11.971498,-0.281538,1.953758,-0.023422,0.008260,0.017715,0.096078,0.010954,385.250,0,3.180137,3.180137,1.263048,1.145034
tracking_cdrone3_20260822_205732_073_milestone4,milestone4,1787457499.351779938,target_map,82,482,1,held,-12.388871,-0.510900,1.987257,-1.980040,-0.607119,0.116012,0.615997,0.232715,645.750,1,0.316607,0.000000,0.176873,0.369195
tracking_cdrone3_20260822_205732_073_milestone4,milestone4,1787457499.450874329,target_map,78,472,0,detected,7.351408,-3.435309,1.009037,0.166968,-0.261871,-0.196335,0.494822,19.589231,423.000,0,0.175864,0.000000,0.211552,0.393966
tracking_cdrone3_20260822_205732_073_milestone4,milestone4,1787457499.450874329,target_map,81,481,2,predicted,-11.973819,-0.280720,1.955513,-0.023422,0.008260,0.017715,0.084466,0.010954,385.250,0,3.279220,3.279220,1.297727,1.169805
tracking_cdrone3_20260822_205732_073_milestone4,milestone4,1787457499.450874329,target_map,82,482,1,held,-12.585059,-0.571055,1.998752,-1.980040,-0.607119,0.116012,0.599427,0.232715,645.750,1,0.415689,0.000000,0.211552,0.393966
tracking_cdrone3_20260822_205732_073_milestone4,milestone4,1787457499.550853252,target_map,78,472,2,predicted,7.368103,-3.461492,0.989407,0.166968,-0.261871,-0.196335,0.481885,19.589231,423.000,0,0.275850,0.275850,0.246547,0.418962
tracking_cdrone3_20260822_205732_073_milestone4,milestone4,1787457499.550853252,target_map,81,481,2,predicted,-11.976161,-0.279894,1.957284,-0.023422,0.008260,0.017715,0.072749,0.010954,385.250,0,3.379206,3.379206,1.332722,1.194801
tracking_cdrone3_20260822_205732_073_milestone4,milestone4,1787457499.550853252,target_map,82,482,2,predicted,-12.783035,-0.631758,2.010352,-1.980040,-0.607119,0.116012,0.582706,0.232715,645.750,1,0.515675,0.515675,0.246547,0.418962
tracking_cdrone3_20260822_205732_073_milestone4,milestone4,1787457499.562591791,raw,472,472,0,detected,7.271206,-3.324453,1.084246,-0.174916,0.222959,0.139967,0.517578,19.530476,423.000,1,0.000000,0.000000,0.000000,0.000000
tracking_cdrone3_20260822_205732_073_milestone4,milestone4,1787457499.651054621,target_map,78,472,0,detected,7.269432,-3.324050,1.083289,-0.021068,0.004786,-0.011369,0.506684,19.530476,423.000,1,0.084194,0.000000,0.179468,0.371049
tracking_cdrone3_20260822_205732_073_milestone4,milestone4,1787457499.651054621,target_map,81,481,2,predicted,-11.978507,-0.279067,1.959059,-0.023422,0.008260,0.017715,0.061010,0.010954,385.250,0,3.479383,3.479383,1.367784,1.219846
tracking_cdrone3_20260822_205732_073_milestone4,milestone4,1787457499.651054621,target_map,82,482,2,predicted,-12.981389,-0.692577,2.021974,-1.980040,-0.607119,0.116012,0.565952,0.232715,645.750,1,0.615852,0.615852,0.281609,0.444007
tracking_cdrone3_20260822_205732_073_milestone4,milestone4,1787457499.750702620,target_map,78,472,0,detected,7.267332,-3.323573,1.082156,-0.021068,0.004786,-0.011369,0.493786,19.530476,423.000,1,0.183869,0.000000,0.214354,0.395967
tracking_cdrone3_20260822_205732_073_milestone4,milestone4,1787457499.750702620,target_map,81,481,2,predicted,-11.980842,-0.278243,1.960825,-0.023422,0.008260,0.017715,0.049329,0.010954,385.250,0,3.579058,3.579058,1.402670,1.244764
tracking_cdrone3_20260822_205732_073_milestone4,milestone4,1787457499.750702620,target_map,82,482,2,predicted,-13.178750,-0.753092,2.033537,-1.980040,-0.607119,0.116012,0.549283,0.232715,645.750,1,0.715527,0.715527,0.316496,0.468925
tracking_cdrone3_20260822_205732_073_milestone4,milestone4,1787457499.818333626,raw,472,472,0,detected,7.214418,-3.266286,0.968572,-0.222055,0.227449,-0.452314,0.625000,19.478535,423.000,1,0.000000,0.000000,0.000000,0.000000
tracking_cdrone3_20260822_205732_073_milestone4,milestone4,1787457499.850745916,target_map,78,472,0,detected,7.210517,-3.262515,0.961048,-0.131611,0.127251,-0.253889,0.620369,19.478535,423.000,1,0.029635,0.000000,0.160372,0.357409
tracking_cdrone3_20260822_205732_073_milestone4,milestone4,1787457499.850745916,target_map,81,481,2,predicted,-11.983185,-0.277417,1.962597,-0.023422,0.008260,0.017715,0.037606,0.010954,385.250,0,3.679097,3.679097,1.437684,1.269774
tracking_cdrone3_20260822_205732_073_milestone4,milestone4,1787457499.850745916,target_map,82,482,2,predicted,-13.376832,-0.813828,2.045143,-1.980040,-0.607119,0.116012,0.532553,0.232715,645.750,1,0.815567,0.815567,0.351510,0.493935
tracking_cdrone3_20260822_205732_073_milestone4,milestone4,1787457499.950809956,target_map,78,472,0,detected,7.197348,-3.249781,0.935642,-0.131611,0.127251,-0.253889,0.604734,19.478535,423.000,1,0.129704,0.000000,0.195396,0.382426
tracking_cdrone3_20260822_205732_073_milestone4,milestone4,1787457499.950809956,target_map,81,481,2,predicted,-11.985529,-0.276590,1.964370,-0.023422,0.008260,0.017715,0.025879,0.010954,385.250,0,3.779166,3.779166,1.472708,1.294791
tracking_cdrone3_20260822_205732_073_milestone4,milestone4,1787457499.950809956,target_map,82,482,2,predicted,-13.574972,-0.874582,2.056752,-1.980040,-0.607119,0.116012,0.515818,0.232715,645.750,1,0.915635,0.915635,0.386534,0.518953
tracking_cdrone3_20260822_205732_073_milestone4,milestone4,1787457500.050891638,target_map,78,472,0,detected,7.184176,-3.237046,0.910232,-0.131611,0.127251,-0.253889,0.589096,19.478535,423.000,1,0.229784,0.000000,0.230424,0.407446
tracking_cdrone3_20260822_205732_073_milestone4,milestone4,1787457500.050891638,target_map,81,481,2,predicted,-11.987873,-0.275763,1.966143,-0.023422,0.008260,0.017715,0.014151,0.010954,385.250,0,3.879246,3.879246,1.507736,1.319811
tracking_cdrone3_20260822_205732_073_milestone4,milestone4,1787457500.050891638,target_map,82,482,2,predicted,-13.773134,-0.935342,2.068363,-1.980040,-0.607119,0.116012,0.499081,0.232715,645.750,1,1.015715,1.015715,0.421562,0.543973
tracking_cdrone3_20260822_205732_073_milestone4,milestone4,1787457500.100511312,raw,472,472,0,detected,7.418484,-3.529489,1.100498,0.723186,-0.932762,0.467532,0.458008,19.725243,520.000,0,0.000000,0.000000,0.000000,0.000000
tracking_cdrone3_20260822_205732_073_milestone4,milestone4,1787457500.150983334,target_map,78,472,0,detected,7.434560,-3.551132,1.107284,0.338527,-0.455756,0.142893,0.452570,19.725243,520.000,0,0.047489,0.000000,0.166621,0.361872
tracking_cdrone3_20260822_205732_073_milestone4,milestone4,1787457500.150983334,target_map,81,481,2,predicted,-11.990217,-0.274937,1.967916,-0.023422,0.008260,0.017715,0.002422,0.010954,385.250,0,3.979332,3.979332,1.542766,1.344833
tracking_cdrone3_20260822_205732_073_milestone4,milestone4,1787457500.150983334,target_map,82,482,2,predicted,-13.971310,-0.996107,2.079974,-1.980040,-0.607119,0.116012,0.482343,0.232715,645.750,1,1.115802,1.115802,0.456592,0.568994
tracking_cdrone3_20260822_205732_073_milestone4,milestone4,1787457500.251235008,target_map,78,472,0,detected,7.468499,-3.596824,1.121610,0.338527,-0.455756,0.142893,0.441091,19.725243,520.000,0,0.147744,0.000000,0.201710,0.386936
tracking_cdrone3_20260822_205732_073_milestone4,milestone4,1787457500.251235008,target_map,81,481,2,predicted,-11.992565,-0.274109,1.969692,-0.023422,0.008260,0.017715,0.000000,0.010954,385.250,0,4.079588,4.079588,1.577856,1.369897
tracking_cdrone3_20260822_205732_073_milestone4,milestone4,1787457500.251235008,target_map,82,482,2,predicted,-14.169819,-1.056973,2.091605,-1.980040,-0.607119,0.116012,0.465576,0.232715,645.750,1,1.216057,1.216057,0.491681,0.594058
tracking_cdrone3_20260822_205732_073_milestone4,milestone4,1787457500.338879347,raw,472,472,0,detected,7.262016,-3.113733,1.285456,-0.656356,1.744025,0.775868,0.705078,19.507545,393.750,1,0.000000,0.000000,0.000000,0.000000
tracking_cdrone3_20260822_205732_073_milestone4,milestone4,1787457500.351064682,target_map,78,472,0,detected,7.260325,-3.107621,1.289436,-0.208659,0.754124,0.491029,0.703650,19.507545,393.750,1,0.008104,0.000000,0.152837,0.352026
tracking_cdrone3_20260822_205732_073_milestone4,milestone4,1787457500.351064682,target_map,81,481,2,predicted,-11.994903,-0.273284,1.971460,-0.023422,0.008260,0.017715,0.000000,0.010954,385.250,0,4.179408,4.179408,1.612793,1.394852
tracking_cdrone3_20260822_205732_073_milestone4,milestone4,1787457500.351064682,target_map,82,482,2,predicted,-14.367467,-1.117576,2.103185,-1.980040,-0.607119,0.116012,0.448883,0.232715,645.750,1,1.315877,1.315877,0.526618,0.619013
tracking_cdrone3_20260822_205732_073_milestone4,milestone4,1787457500.450994015,target_map,78,472,0,detected,7.239472,-3.032258,1.338507,-0.208659,0.754124,0.491029,0.686034,19.507545,393.750,1,0.108040,0.000000,0.187814,0.377010
tracking_cdrone3_20260822_205732_073_milestone4,milestone4,1787457500.450994015,target_map,81,481,2,predicted,-11.997244,-0.272458,1.973230,-0.023422,0.008260,0.017715,0.000000,0.010954,385.250,0,4.279343,4.279343,1.647770,1.419836
tracking_cdrone3_20260822_205732_073_milestone4,milestone4,1787457500.450994015,target_map,82,482,2,predicted,-14.565343,-1.178249,2.114779,-1.980040,-0.607119,0.116012,0.432170,0.232715,645.750,1,1.415812,1.415812,0.561596,0.643997
tracking_cdrone3_20260822_205732_073_milestone4,milestone4,1787457500.551734209,target_map,78,472,0,detected,7.218453,-2.956291,1.387971,-0.208659,0.754124,0.491029,0.668277,19.507545,393.750,1,0.208775,0.000000,0.223071,0.402194
tracking_cdrone3_20260822_205732_073_milestone4,milestone4,1787457500.551734209,target_map,81,481,2,predicted,-11.999603,-0.271626,1.975015,-0.023422,0.008260,0.017715,0.000000,0.010954,385.250,0,4.380078,4.380078,1.683028,1.445020
tracking_cdrone3_20260822_205732_073_milestone4,milestone4,1787457500.551734209,target_map,82,482,2,predicted,-14.764803,-1.239407,2.126466,-1.980040,-0.607119,0.116012,0.415323,0.232715,645.750,1,1.516548,1.516548,0.596853,0.669181
tracking_cdrone3_20260822_205732_073_milestone4,milestone4,1787457500.589357138,raw,472,472,0,detected,7.292070,-3.025603,1.369859,0.119998,0.351871,0.336990,0.618652,19.532255,317.750,0,0.000000,0.000000,0.000000,0.000000
tracking_cdrone3_20260822_205732_073_milestone4,milestone4,1787457500.651354551,target_map,78,472,0,detected,7.290574,-2.997010,1.391660,-0.027898,0.532885,0.406308,0.610354,19.532255,317.750,0,0.053656,0.000000,0.168780,0.363414
tracking_cdrone3_20260822_205732_073_milestone4,milestone4,1787457500.651354551,target_map,81,481,2,predicted,-12.001936,-0.270803,1.976780,-0.023422,0.008260,0.017715,0.000000,0.010954,385.250,0,4.479705,4.479705,1.717897,1.469926
tracking_cdrone3_20260822_205732_073_milestone4,milestone4,1787457500.651354551,target_map,82,482,2,predicted,-14.962068,-1.299892,2.138024,-1.980040,-0.607119,0.116012,0.398662,0.232715,645.750,1,1.616174,1.616174,0.631722,0.694087
tracking_cdrone3_20260822_205732_073_milestone4,milestone4,1787457500.750945568,target_map,78,472,0,detected,7.287795,-2.943933,1.432130,-0.027898,0.532885,0.406308,0.594949,19.532255,317.750,0,0.153259,0.000000,0.203641,0.388315
tracking_cdrone3_20260822_205732_073_milestone4,milestone4,1787457500.750945568,target_map,81,481,2,predicted,-12.004270,-0.269981,1.978544,-0.023422,0.008260,0.017715,0.000000,0.010954,385.250,0,4.579308,4.579308,1.752758,1.494827
tracking_cdrone3_20260822_205732_073_milestone4,milestone4,1787457500.750945568,target_map,82,482,2,predicted,-15.159285,-1.360363,2.149579,-1.980040,-0.607119,0.116012,0.382005,0.232715,645.750,1,1.715777,1.715777,0.666583,0.718988
tracking_cdrone3_20260822_205732_073_milestone4,milestone4,1787457500.831093788,raw,472,472,0,detected,7.630642,-2.760903,1.166930,1.400621,1.095023,-0.839490,0.759766,19.857996,402.500,0,0.000000,0.000000,0.000000,0.000000
tracking_cdrone3_20260822_205732_073_milestone4,milestone4,1787457500.850635529,target_map,78,472,0,detected,7.641677,-2.748641,1.162869,0.757788,0.842061,-0.278881,0.757000,19.857996,402.500,0,0.014561,0.000000,0.155096,0.353640
tracking_cdrone3_20260822_205732_073_milestone4,milestone4,1787457500.850635529,target_map,81,481,2,predicted,-12.006604,-0.269157,1.980310,-0.023422,0.008260,0.017715,0.000000,0.010954,385.250,0,4.678997,4.678997,1.787649,1.519749
tracking_cdrone3_20260822_205732_073_milestone4,milestone4,1787457500.850635529,target_map,82,482,2,predicted,-15.356673,-1.420886,2.161144,-1.980040,-0.607119,0.116012,0.365333,0.232715,645.750,1,1.815466,1.815466,0.701474,0.743910
tracking_cdrone3_20260822_205732_073_milestone4,milestone4,1787457500.951480389,target_map,78,472,0,detected,7.718088,-2.663733,1.134748,0.757788,0.842061,-0.278881,0.737847,19.857996,402.500,0,0.115396,0.000000,0.190388,0.378849
tracking_cdrone3_20260822_205732_073_milestone4,milestone4,1787457500.951480389,target_map,81,481,2,predicted,-12.008965,-0.268324,1.982096,-0.023422,0.008260,0.017715,0.000000,0.010954,385.250,0,4.779831,4.779831,1.822941,1.544958
tracking_cdrone3_20260822_205732_073_milestone4,milestone4,1787457500.951480389,target_map,82,482,2,predicted,-15.556330,-1.482105,2.172842,-1.980040,-0.607119,0.116012,0.348470,0.232715,645.750,1,1.916301,1.916301,0.736766,0.769119
tracking_cdrone3_20260822_205732_073_milestone4,milestone4,1787457501.051199198,target_map,78,472,0,detected,7.793641,-2.579777,1.106943,0.757788,0.842061,-0.278881,0.718910,19.857996,402.500,0,0.215098,0.000000,0.225284,0.403774
tracking_cdrone3_20260822_205732_073_milestone4,milestone4,1787457501.051199198,target_map,81,481,2,predicted,-12.011301,-0.267501,1.983863,-0.023422,0.008260,0.017715,0.000000,0.010954,385.250,0,4.879534,4.879534,1.857837,1.569883
tracking_cdrone3_20260822_205732_073_milestone4,milestone4,1787457501.051199198,target_map,82,482,2,predicted,-15.753744,-1.542636,2.184409,-1.980040,-0.607119,0.116012,0.331796,0.232715,645.750,1,2.016003,2.016003,0.771662,0.794044
tracking_cdrone3_20260822_205732_073_milestone4,milestone4,1787457501.151154518,target_map,78,472,2,predicted,7.869396,-2.495598,1.079064,0.757788,0.842061,-0.278881,0.699921,19.857996,402.500,0,0.315066,0.315066,0.260273,0.428767
tracking_cdrone3_20260822_205732_073_milestone4,milestone4,1787457501.151154518,target_map,81,481,2,predicted,-12.013642,-0.266675,1.985634,-0.023422,0.008260,0.017715,0.000000,0.010954,385.250,0,4.979502,4.979502,1.892826,1.594875
tracking_cdrone3_20260822_205732_073_milestone4,milestone4,1787457501.151154518,target_map,82,482,2,predicted,-15.951686,-1.603328,2.196006,-1.980040,-0.607119,0.116012,0.315078,0.232715,645.750,1,2.115971,2.115971,0.806651,0.819037
tracking_cdrone3_20260822_205732_073_milestone4,milestone4,1787457501.250952005,target_map,78,472,2,predicted,7.945018,-2.411566,1.051233,0.757788,0.842061,-0.278881,0.680967,19.857996,402.500,0,0.414860,0.414860,0.295201,0.453715
tracking_cdrone3_20260822_205732_073_milestone4,milestone4,1787457501.250952005,target_map,82,482,2,predicted,-16.149281,-1.663915,2.207583,-1.980040,-0.607119,0.116012,0.298389,0.232715,645.750,1,2.215765,2.215765,0.841579,0.843985
tracking_cdrone3_20260822_205732_073_milestone4,milestone4,1787457501.348963737,raw,484,484,0,detected,6.428690,-2.955846,1.304278,0.000000,0.000000,0.000000,0.705566,18.717453,477.750,0,0.000000,0.000000,0.000000,0.000000
tracking_cdrone3_20260822_205732_073_milestone4,milestone4,1787457501.350945234,target_map,78,472,2,predicted,8.020798,-2.327358,1.023345,0.757788,0.842061,-0.278881,0.661972,19.857996,402.500,0,0.514861,0.514861,0.330201,0.478715
tracking_cdrone3_20260822_205732_073_milestone4,milestone4,1787457501.350945234,target_map,82,482,2,predicted,-16.347288,-1.724628,2.219185,-1.980040,-0.607119,0.116012,0.281665,0.232715,645.750,1,2.315766,2.315766,0.876579,0.868985
tracking_cdrone3_20260822_205732_073_milestone4,milestone4,1787457501.450954437,target_map,78,472,2,predicted,8.096581,-2.243148,0.995455,0.757788,0.842061,-0.278881,0.642977,19.857996,402.500,0,0.614866,0.614866,0.365203,0.503717
tracking_cdrone3_20260822_205732_073_milestone4,milestone4,1787457501.450954437,target_map,82,482,2,predicted,-16.545301,-1.785343,2.230787,-1.980040,-0.607119,0.116012,0.264941,0.232715,645.750,1,2.415771,2.415771,0.911581,0.893987
tracking_cdrone3_20260822_205732_073_milestone4,milestone4,1787457501.450954437,target_map,83,484,0,detected,6.428690,-2.955846,1.304278,0.000000,0.000000,0.000000,0.688743,18.717453,477.750,0,0.095375,0.000000,0.183381,0.373844
tracking_cdrone3_20260822_205732_073_milestone4,milestone4,1787457501.551452398,target_map,78,472,2,predicted,8.172725,-2.158535,0.967432,0.757788,0.842061,-0.278881,0.623891,19.857996,402.500,0,0.715349,0.715349,0.400372,0.528837
tracking_cdrone3_20260822_205732_073_milestone4,milestone4,1787457501.551452398,target_map,82,482,2,predicted,-16.744261,-1.846348,2.242444,-1.980040,-0.607119,0.116012,0.248136,0.232715,645.750,1,2.516254,2.516254,0.946750,0.919107
tracking_cdrone3_20260822_205732_073_milestone4,milestone4,1787457501.551452398,target_map,83,484,0,detected,6.428690,-2.955846,1.304278,0.000000,0.000000,0.000000,0.671019,18.717453,477.750,0,0.195857,0.000000,0.218550,0.398964
tracking_cdrone3_20260822_205732_073_milestone4,milestone4,1787457501.602149487,raw,485,485,0,detected,-12.098929,-0.344057,1.849998,0.000000,0.000000,0.000000,0.751953,0.015123,756.000,0,0.000000,0.000000,0.000000,0.000000
tracking_cdrone3_20260822_205732_073_milestone4,milestone4,1787457501.602149487,raw,484,484,0,detected,6.763244,-3.023753,1.234721,1.321309,-0.268195,-0.274712,0.680176,19.074654,477.750,0,0.000000,0.000000,0.000000,0.000000
tracking_cdrone3_20260822_205732_073_milestone4,milestone4,1787457501.650759697,target_map,78,472,2,predicted,8.248001,-2.074888,0.939729,0.757788,0.842061,-0.278881,0.605023,19.857996,402.500,0,0.814686,0.814686,0.435140,0.553672
tracking_cdrone3_20260822_205732_073_milestone4,milestone4,1787457501.650759697,target_map,82,482,2,predicted,-16.940952,-1.906657,2.253968,-1.980040,-0.607119,0.116012,0.231523,0.232715,645.750,1,2.615591,2.615591,0.981518,0.943941
tracking_cdrone3_20260822_205732_073_milestone4,milestone4,1787457501.650759697,target_map,83,484,0,detected,6.794657,-3.030129,1.228190,0.726720,-0.147507,-0.151092,0.672825,19.074654,477.750,0,0.043226,0.000000,0.165129,0.360807
tracking_cdrone3_20260822_205732_073_milestone4,milestone4,1787457501.650759697,target_map,84,485,0,detected,-12.098929,-0.344057,1.849998,0.000000,0.000000,0.000000,0.743827,0.015123,756.000,0,0.043226,0.000000,0.165129,0.360807
tracking_cdrone3_20260822_205732_073_milestone4,milestone4,1787457501.750751257,target_map,78,472,2,predicted,8.323765,-1.990698,0.911847,0.757788,0.842061,-0.278881,0.586033,19.857996,402.500,0,0.914666,0.914666,0.470133,0.578667
tracking_cdrone3_20260822_205732_073_milestone4,milestone4,1787457501.750751257,target_map,82,482,2,predicted,-17.138918,-1.967357,2.265567,-1.980040,-0.607119,0.116012,0.214803,0.232715,645.750,1,2.715571,2.715571,1.016511,0.968937
tracking_cdrone3_20260822_205732_073_milestone4,milestone4,1787457501.750751257,target_map,83,484,0,detected,6.867315,-3.044877,1.213084,0.726720,-0.147507,-0.151092,0.655824,19.074654,477.750,0,0.143206,0.000000,0.200122,0.385802
tracking_cdrone3_20260822_205732_073_milestone4,milestone4,1787457501.750751257,target_map,84,485,0,detected,-12.098929,-0.344057,1.849998,0.000000,0.000000,0.000000,0.725032,0.015123,756.000,0,0.143206,0.000000,0.200122,0.385802
tracking_cdrone3_20260822_205732_073_milestone4,milestone4,1787457501.850798368,target_map,78,472,2,predicted,8.399575,-1.906458,0.883947,0.757788,0.842061,-0.278881,0.567031,19.857996,402.500,0,1.014707,1.014707,0.505147,0.603677
tracking_cdrone3_20260822_205732_073_milestone4,milestone4,1787457501.850798368,target_map,82,482,2,predicted,-17.337002,-2.028094,2.277173,-1.980040,-0.607119,0.116012,0.198073,0.232715,645.750,1,2.815612,2.815612,1.051525,0.993947
tracking_cdrone3_20260822_205732_073_milestone4,milestone4,1787457501.850798368,target_map,83,484,0,detected,6.940016,-3.059633,1.197969,0.726720,-0.147507,-0.151092,0.638813,19.074654,477.750,0,0.243247,0.000000,0.235137,0.410812
tracking_cdrone3_20260822_205732_073_milestone4,milestone4,1787457501.850798368,target_map,84,485,0,detected,-12.098929,-0.344057,1.849998,0.000000,0.000000,0.000000,0.706226,0.015123,756.000,0,0.243247,0.000000,0.235137,0.410812
tracking_cdrone3_20260822_205732_073_milestone4,milestone4,1787457501.867368221,raw,484,484,0,detected,7.235388,-3.324186,1.854983,1.779377,-1.132249,2.337593,0.528320,19.588535,550.000,0,0.000000,0.000000,0.000000,0.000000
tracking_cdrone3_20260822_205732_073_milestone4,milestone4,1787457501.867368221,raw,485,485,1,held,-12.111331,-0.340814,1.847509,-0.046738,0.012222,-0.009383,0.751953,0.015123,756.000,0,0.265342,0.265342,0.000000,0.000000
tracking_cdrone3_20260822_205732_073_milestone4,milestone4,1787457501.951753139,target_map,78,472,2,predicted,8.476085,-1.821440,0.855790,0.757788,0.842061,-0.278881,0.547853,19.857996,402.500,0,1.115671,1.115671,0.540485,0.628918
tracking_cdrone3_20260822_205732_073_milestone4,milestone4,1787457501.951753139,target_map,82,482,2,predicted,-17.536915,-2.089391,2.288886,-1.980040,-0.607119,0.116012,0.181188,0.232715,645.750,1,2.916576,2.916576,1.086863,1.019188
tracking_cdrone3_20260822_205732_073_milestone4,milestone4,1787457501.951753139,target_map,83,484,0,detected,7.339779,-3.379282,1.952339,1.305681,-0.689115,1.217685,0.517760,19.588535,550.000,0,0.079952,0.000000,0.177983,0.369988
tracking_cdrone3_20260822_205732_073_milestone4,milestone4,1787457501.951753139,target_map,84,485,1,held,-12.113386,-0.340277,1.847096,-0.025706,0.006722,-0.005161,0.687042,0.015123,756.000,0,0.345294,0.000000,0.177983,0.369988
tracking_cdrone3_20260822_205732_073_milestone4,milestone4,1787457502.050899029,target_map,78,472,2,predicted,8.551203,-1.737967,0.828145,0.757788,0.842061,-0.278881,0.529025,19.857996,402.500,0,1.214800,1.214800,0.575180,0.653700
tracking_cdrone3_20260822_205732_073_milestone4,milestone4,1787457502.050899029,target_map,82,482,2,predicted,-17.733194,-2.149574,2.300387,-1.980040,-0.607119,0.116012,0.164610,0.232715,645.750,1,3.015705,3.015705,1.121558,1.043970
tracking_cdrone3_20260822_205732_073_milestone4,milestone4,1787457502.050899029,target_map,83,484,0,detected,7.469210,-3.447593,2.073047,1.305681,-0.689115,1.217685,0.504667,19.588535,550.000,0,0.179080,0.000000,0.212678,0.394770
tracking_cdrone3_20260822_205732_073_milestone4,milestone4,1787457502.050899029,target_map,84,485,1,held,-12.115934,-0.339611,1.846584,-0.025706,0.006722,-0.005161,0.668407,0.015123,756.000,0,0.444423,0.000000,0.212678,0.394770
tracking_cdrone3_20260822_205732_073_milestone4,milestone4,1787457502.150976419,target_map,78,472,2,predicted,8.627049,-1.653686,0.800232,0.757788,0.842061,-0.278881,0.510014,19.857996,402.500,0,1.314889,1.314889,0.610211,0.678722
tracking_cdrone3_20260822_205732_073_milestone4,milestone4,1787457502.150976419,target_map,82,482,2,predicted,-17.931376,-2.210340,2.311998,-1.980040,-0.607119,0.116012,0.147871,0.232715,645.750,1,3.115794,3.115794,1.156589,1.068992
tracking_cdrone3_20260822_205732_073_milestone4,milestone4,1787457502.150976419,target_map,83,484,2,predicted,7.599895,-3.516566,2.194924,1.305681,-0.689115,1.217685,0.491448,19.588535,550.000,0,0.279170,0.279170,0.247709,0.419792
tracking_cdrone3_20260822_205732_073_milestone4,milestone4,1787457502.150976419,target_map,84,485,2,predicted,-12.118507,-0.338938,1.846068,-0.025706,0.006722,-0.005161,0.649591,0.015123,756.000,0,0.544512,0.544512,0.247709,0.419792
tracking_cdrone3_20260822_205732_073_milestone4,milestone4,1787457502.154513597,raw,485,485,0,detected,-12.127953,-0.346566,1.803952,-0.057914,-0.020039,-0.151762,0.809570,0.011014,733.125,0,0.000000,0.000000,0.000000,0.000000
tracking_cdrone3_20260822_205732_073_milestone4,milestone4,1787457502.154513597,raw,484,484,0,detected,7.470281,-3.500279,1.084432,0.818426,-0.613551,-2.684795,0.749512,19.872915,434.750,0,0.000000,0.000000,0.000000,0.000000
tracking_cdrone3_20260822_205732_073_milestone4,milestone4,1787457502.250887156,target_map,78,472,2,predicted,8.702761,-1.569555,0.772369,0.757788,0.842061,-0.278881,0.491036,19.857996,402.500,0,1.414800,1.414800,0.645180,0.703700
tracking_cdrone3_20260822_205732_073_milestone4,milestone4,1787457502.250887156,target_map,82,482,2,predicted,-18.129204,-2.270998,2.323589,-1.980040,-0.607119,0.116012,0.131163,0.232715,645.750,1,3.215705,3.215705,1.191558,1.093970
tracking_cdrone3_20260822_205732_073_milestone4,milestone4,1787457502.250887156,target_map,83,484,0,detected,7.554174,-3.552631,1.009352,1.037691,-0.647555,-0.928679,0.734363,19.872915,434.750,0,0.080846,0.000000,0.178296,0.370212
tracking_cdrone3_20260822_205732_073_milestone4,milestone4,1787457502.250887156,target_map,84,485,0,detected,-12.131463,-0.347212,1.797016,-0.043420,-0.007997,-0.085792,0.793208,0.011014,733.125,0,0.080846,0.000000,0.178296,0.370212
tracking_cdrone3_20260822_205732_073_milestone4,milestone4,1787457502.350970507,target_map,78,472,2,predicted,8.778605,-1.485276,0.744456,0.757788,0.842061,-0.278881,0.472026,19.857996,402.500,0,1.514886,1.514886,0.680210,0.728722
tracking_cdrone3_20260822_205732_073_milestone4,milestone4,1787457502.350970507,target_map,82,482,2,predicted,-18.327377,-2.331762,2.335200,-1.980040,-0.607119,0.116012,0.114425,0.232715,645.750,1,3.315791,3.315791,1.226588,1.118991
tracking_cdrone3_20260822_205732_073_milestone4,milestone4,1787457502.350970507,target_map,83,484,0,detected,7.658032,-3.617442,0.916404,1.037691,-0.647555,-0.928679,0.715609,19.872915,434.750,0,0.180932,0.000000,0.213326,0.395233
tracking_cdrone3_20260822_205732_073_milestone4,milestone4,1787457502.350970507,target_map,84,485,0,detected,-12.135809,-0.348013,1.788429,-0.043420,-0.007997,-0.085792,0.772951,0.011014,733.125,0,0.180932,0.000000,0.213326,0.395233
tracking_cdrone3_20260822_205732_073_milestone4,milestone4,1787457502.421566248,raw,484,484,0,detected,6.469471,-2.923383,2.500110,-3.747576,2.160212,5.301066,0.690918,18.788353,543.250,1,0.000000,0.000000,0.000000,0.000000
tracking_cdrone3_20260822_205732_073_milestone4,milestone4,1787457502.421566248,raw,485,485,1,held,-12.121378,-0.360507,1.782517,0.024621,-0.052204,-0.080263,0.809570,0.009032,733.125,0,0.267055,0.267055,0.000000,0.000000
tracking_cdrone3_20260822_205732_073_milestone4,milestone4,1787457502.451117992,target_map,78,472,2,predicted,8.854493,-1.400949,0.716528,0.757788,0.842061,-0.278881,0.453004,19.857996,402.500,0,1.615031,1.615031,0.715261,0.753758
tracking_cdrone3_20260822_205732_073_milestone4,milestone4,1787457502.451117992,target_map,82,482,2,predicted,-18.525667,-2.392561,2.346818,-1.980040,-0.607119,0.116012,0.097677,0.232715,645.750,1,3.415936,3.415936,1.261639,1.144028
tracking_cdrone3_20260822_205732_073_milestone4,milestone4,1787457502.451117992,target_map,83,484,0,detected,6.445889,-2.910118,2.537056,-1.594206,0.896717,2.497681,0.688363,18.788353,543.250,1,0.014792,0.000000,0.155177,0.353698
tracking_cdrone3_20260822_205732_073_milestone4,milestone4,1787457502.451117992,target_map,84,485,1,held,-12.121467,-0.360985,1.781293,-0.005998,-0.032311,-0.082751,0.752526,0.009032,733.125,0,0.281847,0.000000,0.155177,0.353698
tracking_cdrone3_20260822_205732_073_milestone4,milestone4,1787457502.551114798,target_map,78,472,2,predicted,8.930275,-1.316738,0.688639,0.757788,0.842061,-0.278881,0.434009,19.857996,402.500,0,1.715036,1.715036,0.750262,0.778759
tracking_cdrone3_20260822_205732_073_milestone4,milestone4,1787457502.551114798,target_map,82,482,2,predicted,-18.723680,-2.453276,2.358420,-1.980040,-0.607119,0.116012,0.080952,0.232715,645.750,1,3.515941,3.515941,1.296640,1.169029
tracking_cdrone3_20260822_205732_073_milestone4,milestone4,1787457502.551114798,target_map,83,484,0,detected,6.286460,-2.820442,2.786837,-1.594206,0.896717,2.497681,0.671089,18.788353,543.250,1,0.114797,0.000000,0.190179,0.378699
tracking_cdrone3_20260822_205732_073_milestone4,milestone4,1787457502.551114798,target_map,84,485,1,held,-12.122066,-0.364216,1.773018,-0.005998,-0.032311,-0.082751,0.732286,0.009032,733.125,0,0.381853,0.000000,0.190179,0.378699
tracking_cdrone3_20260822_205732_073_milestone4,milestone4,1787457502.650970697,target_map,78,472,2,predicted,9.005940,-1.232659,0.660792,0.757788,0.842061,-0.278881,0.415044,19.857996,402.500,0,1.814886,1.814886,0.785210,0.803721
tracking_cdrone3_20260822_205732_073_milestone4,milestone4,1787457502.650970697,target_map,82,482,2,predicted,-18.921389,-2.513897,2.370004,-1.980040,-0.607119,0.116012,0.064254,0.232715,645.750,1,3.615791,3.615791,1.331588,1.193991
tracking_cdrone3_20260822_205732_073_milestone4,milestone4,1787457502.650970697,target_map,83,484,0,detected,6.127278,-2.730905,3.036231,-1.594206,0.896717,2.497681,0.653842,18.788353,543.250,1,0.214648,0.000000,0.225127,0.403662
tracking_cdrone3_20260822_205732_073_milestone4,milestone4,1787457502.650970697,target_map,84,485,1,held,-12.122665,-0.367443,1.764755,-0.005998,-0.032311,-0.082751,0.712077,0.009032,733.125,0,0.481703,0.000000,0.225127,0.403662
tracking_cdrone3_20260822_205732_073_milestone4,milestone4,1787457502.724765301,raw,484,484,0,detected,7.271062,-2.637624,0.126904,2.643602,0.942416,-7.826691,0.761719,19.573874,803.250,0,0.000000,0.000000,0.000000,0.000000
tracking_cdrone3_20260822_205732_073_milestone4,milestone4,1787457502.751020908,target_map,78,472,2,predicted,9.081758,-1.148410,0.632890,0.757788,0.842061,-0.278881,0.396040,19.857996,402.500,0,1.914936,1.914936,0.820228,0.828734
tracking_cdrone3_20260822_205732_073_milestone4,milestone4,1787457502.751020908,target_map,82,482,2,predicted,-19.119492,-2.574640,2.381611,-1.980040,-0.607119,0.116012,0.047522,0.232715,645.750,1,3.715841,3.715841,1.366606,1.219004
tracking_cdrone3_20260822_205732_073_milestone4,milestone4,1787457502.751020908,target_map,83,484,0,detected,7.286255,-2.617512,0.059636,0.681561,0.902235,-3.017808,0.757474,19.573874,803.250,0,0.022290,0.000000,0.157802,0.355573
tracking_cdrone3_20260822_205732_073_milestone4,milestone4,1787457502.751020908,target_map,84,485,2,predicted,-12.123265,-0.370675,1.756476,-0.005998,-0.032311,-0.082751,0.691828,0.009032,733.125,0,0.581753,0.581753,0.260144,0.428674
tracking_cdrone3_20260822_205732_073_milestone4,milestone4,1787457502.851387501,target_map,78,472,2,predicted,9.157817,-1.063892,0.604899,0.757788,0.842061,-0.278881,0.376975,19.857996,402.500,0,2.015307,2.015307,0.855357,0.853827
tracking_cdrone3_20260822_205732_073_milestone4,milestone4,1787457502.851387501,target_map,82,482,2,predicted,-19.318230,-2.635577,2.393255,-1.980040,-0.607119,0.116012,0.030736,0.232715,645.750,1,3.816212,3.816212,1.401735,1.244097
tracking_cdrone3_20260822_205732_073_milestone4,milestone4,1787457502.851387501,target_map,83,484,0,detected,7.354663,-2.526954,-0.243264,0.681561,0.902235,-3.017808,0.738360,19.573874,803.250,0,0.122661,0.000000,0.192931,0.380665
tracking_cdrone3_20260822_205732_073_milestone4,milestone4,1787457502.851387501,target_map,84,485,2,predicted,-12.123867,-0.373918,1.748170,-0.005998,-0.032311,-0.082751,0.671513,0.009032,733.125,0,0.682124,0.682124,0.295274,0.453767
tracking_cdrone3_20260822_205732_073_milestone4,milestone4,1787457502.951073885,target_map,78,472,2,predicted,9.233350,-0.979959,0.577101,0.757788,0.842061,-0.278881,0.358043,19.857996,402.500,0,2.114983,2.114983,0.890244,0.878746
tracking_cdrone3_20260822_205732_073_milestone4,milestone4,1787457502.951073885,target_map,82,482,2,predicted,-19.515593,-2.696092,2.404819,-1.980040,-0.607119,0.116012,0.014067,0.232715,645.750,1,3.915888,3.915888,1.436622,1.269016
tracking_cdrone3_20260822_205732_073_milestone4,milestone4,1787457502.951073885,target_map,83,484,0,detected,7.422599,-2.437023,-0.544066,0.681561,0.902235,-3.017808,0.719379,19.573874,803.250,0,0.222337,0.000000,0.227818,0.405584
tracking_cdrone3_20260822_205732_073_milestone4,milestone4,1787457502.951073885,target_map,84,485,2,predicted,-12.124465,-0.377139,1.739922,-0.005998,-0.032311,-0.082751,0.651340,0.009032,733.125,0,0.781800,0.781800,0.330160,0.478686
tracking_cdrone3_20260822_205732_073_milestone4,milestone4,1787457503.000476360,raw,484,484,0,detected,7.068555,-2.764562,1.294216,-0.734549,-0.460441,4.234164,0.710449,19.229286,806.000,1,0.000000,0.000000,0.000000,0.000000
tracking_cdrone3_20260822_205732_073_milestone4,milestone4,1787457503.051008463,target_map,78,472,2,predicted,9.309065,-0.895824,0.549237,0.757788,0.842061,-0.278881,0.339065,19.857996,402.500,0,2.214898,2.214898,0.925214,0.903724
tracking_cdrone3_20260822_205732_073_milestone4,milestone4,1787457503.051008463,target_map,82,482,2,predicted,-19.713428,-2.756752,2.416410,-1.980040,-0.607119,0.116012,0.000000,0.232715,645.750,1,4.015802,4.015802,1.471592,1.293994
tracking_cdrone3_20260822_205732_073_milestone4,milestone4,1787457503.051008463,target_map,83,484,0,detected,7.064178,-2.757689,1.337892,-0.097300,0.152763,0.970776,0.702458,19.229286,806.000,1,0.044991,0.000000,0.165747,0.361248
tracking_cdrone3_20260822_205732_073_milestone4,milestone4,1787457503.051008463,target_map,84,485,2,predicted,-12.125065,-0.380367,1.731654,-0.005998,-0.032311,-0.082751,0.631118,0.009032,733.125,0,0.881715,0.881715,0.365131,0.503665
tracking_cdrone3_20260822_205732_073_milestone4,milestone4,1787457503.150983810,target_map,78,472,2,predicted,9.384850,-0.811612,0.521346,0.757788,0.842061,-0.278881,0.320069,19.857996,402.500,0,2.314905,2.314905,0.960217,0.928726
tracking_cdrone3_20260822_205732_073_milestone4,milestone4,1787457503.150983810,target_map,82,482,2,predicted,-19.911448,-2.817469,2.428012,-1.980040,-0.607119,0.116012,0.000000,0.232715,645.750,1,4.115810,4.115810,1.506595,1.318996
tracking_cdrone3_20260822_205732_073_milestone4,milestone4,1787457503.150983810,target_map,83,484,0,detected,7.054447,-2.742412,1.434978,-0.097300,0.152763,0.970776,0.684696,19.229286,806.000,1,0.144999,0.000000,0.200750,0.386250
tracking_cdrone3_20260822_205732_073_milestone4,milestone4,1787457503.150983810,target_map,84,485,2,predicted,-12.125664,-0.383598,1.723378,-0.005998,-0.032311,-0.082751,0.610877,0.009032,733.125,0,0.981722,0.981722,0.400133,0.528667
tracking_cdrone3_20260822_205732_073_milestone4,milestone4,1787457503.251022816,target_map,78,472,2,predicted,9.460647,-0.727385,0.493451,0.757788,0.842061,-0.278881,0.301070,19.857996,402.500,0,2.414930,2.414930,0.995225,0.953732
tracking_cdrone3_20260822_205732_073_milestone4,milestone4,1787457503.251022816,target_map,82,482,2,predicted,-20.109499,-2.878196,2.439616,-1.980040,-0.607119,0.116012,0.000000,0.232715,645.750,1,4.215835,4.215835,1.541603,1.344002
tracking_cdrone3_20260822_205732_073_milestone4,milestone4,1787457503.251022816,target_map,83,484,0,detected,7.044714,-2.727132,1.532079,-0.097300,0.152763,0.970776,0.666930,19.229286,806.000,1,0.245023,0.000000,0.235758,0.411256
tracking_cdrone3_20260822_205732_073_milestone4,milestone4,1787457503.251022816,target_map,84,485,2,predicted,-12.126265,-0.386830,1.715101,-0.005998,-0.032311,-0.082751,0.590633,0.009032,733.125,0,1.081747,1.081747,0.435142,0.553673
tracking_cdrone3_20260822_205732_073_milestone4,milestone4,1787457503.298239946,raw,484,484,0,detected,-11.802046,-0.673916,2.043189,-63.374596,7.021178,2.515333,0.739746,0.019855,812.500,1,0.000000,0.000000,0.000000,0.000000
tracking_cdrone3_20260822_205732_073_milestone4,milestone4,1787457503.350937366,target_map,78,472,2,predicted,9.536370,-0.643240,0.465583,0.757788,0.842061,-0.278881,0.282090,19.857996,402.500,0,2.514858,2.514858,1.030200,0.978714
tracking_cdrone3_20260822_205732_073_milestone4,milestone4,1787457503.350937366,target_map,82,482,2,predicted,-20.307360,-2.938864,2.451209,-1.980040,-0.607119,0.116012,0.000000,0.232715,645.750,1,4.315763,4.315763,1.576578,1.368984
tracking_cdrone3_20260822_205732_073_milestone4,milestone4,1787457503.350937366,target_map,83,484,0,detected,-12.023452,-0.646182,2.073803,-4.413629,0.552872,0.610288,0.730469,0.019855,812.500,1,0.050164,0.000000,0.167557,0.362541
tracking_cdrone3_20260822_205732_073_milestone4,milestone4,1787457503.350937366,target_map,84,485,2,predicted,-12.126863,-0.390059,1.706832,-0.005998,-0.032311,-0.082751,0.570408,0.009032,733.125,0,1.181674,1.181674,0.470117,0.578655
tracking_cdrone3_20260822_205732_073_milestone4,milestone4,1787457503.451329231,target_map,78,472,2,predicted,9.612438,-0.558713,0.437589,0.757788,0.842061,-0.278881,0.263024,19.857996,402.500,0,2.615238,2.615238,1.065333,1.003810
tracking_cdrone3_20260822_205732_073_milestone4,milestone4,1787457503.451329231,target_map,82,482,2,predicted,-20.506119,-2.999807,2.462855,-1.980040,-0.607119,0.116012,0.000000,0.232715,645.750,1,4.416143,4.416143,1.611711,1.394080
tracking_cdrone3_20260822_205732_073_milestone4,milestone4,1787457503.451329231,target_map,83,484,0,detected,-12.466496,-0.590684,2.135065,-4.413629,0.552872,0.610288,0.711905,0.019855,812.500,1,0.150545,0.000000,0.202691,0.387636
tracking_cdrone3_20260822_205732_073_milestone4,milestone4,1787457503.451329231,target_map,84,485,2,predicted,-12.127465,-0.393302,1.698525,-0.005998,-0.032311,-0.082751,0.550092,0.009032,733.125,0,1.282055,1.282055,0.505250,0.603750
tracking_cdrone3_20260822_205732_073_milestone4,milestone4,1787457503.550905466,target_map,78,472,2,predicted,9.687889,-0.474871,0.409821,0.757788,0.842061,-0.278881,0.244111,19.857996,402.500,0,2.714806,2.714806,1.100182,1.028702
tracking_cdrone3_20260822_205732_073_milestone4,milestone4,1787457503.550905466,target_map,82,482,2,predicted,-20.703266,-3.060256,2.474406,-1.980040,-0.607119,0.116012,0.000000,0.232715,645.750,1,4.515711,4.515711,1.646560,1.418972
tracking_cdrone3_20260822_205732_073_milestone4,milestone4,1787457503.550905466,target_map,83,484,2,predicted,-12.905951,-0.535636,2.195830,-4.413629,0.552872,0.610288,0.693491,0.019855,812.500,1,0.250113,0.250113,0.237540,0.412528
tracking_cdrone3_20260822_205732_073_milestone4,milestone4,1787457503.550905466,target_map,84,485,2,predicted,-12.128062,-0.396520,1.690286,-0.005998,-0.032311,-0.082751,0.529940,0.009032,733.125,0,1.381623,1.381623,0.540099,0.628642
tracking_cdrone3_20260822_205732_073_milestone4,milestone4,1787457503.625278711,raw,484,484,0,detected,7.795801,-3.160495,2.185806,59.923706,-7.603133,0.436076,0.766602,19.626244,564.000,0,0.000000,0.000000,0.000000,0.000000
tracking_cdrone3_20260822_205732_073_milestone4,milestone4,1787457503.651057005,target_map,78,472,2,predicted,9.763795,-0.390524,0.381887,0.757788,0.842061,-0.278881,0.225086,19.857996,402.500,0,2.814973,2.814973,1.135241,1.053743
tracking_cdrone3_20260822_205732_073_milestone4,milestone4,1787457503.651057005,target_map,82,482,2,predicted,-20.901602,-3.121069,2.486027,-1.980040,-0.607119,0.116012,0.000000,0.232715,645.750,1,4.615878,4.615878,1.681618,1.444013
tracking_cdrone3_20260822_205732_073_milestone4,milestone4,1787457503.651057005,target_map,83,484,0,detected,7.848651,-3.167272,2.192613,2.378758,-0.305026,0.306394,0.762344,19.626244,564.000,0,0.022218,0.000000,0.157776,0.355554
tracking_cdrone3_20260822_205732_073_milestone4,milestone4,1787457503.651057005,target_map,84,485,2,predicted,-12.128663,-0.399756,1.681997,-0.005998,-0.032311,-0.082751,0.509667,0.009032,733.125,0,1.481790,1.481790,0.575157,0.653684
tracking_cdrone3_20260822_205732_073_milestone4,milestone4,1787457503.751124144,target_map,78,472,2,predicted,9.839624,-0.306261,0.353980,0.757788,0.842061,-0.278881,0.206079,19.857996,402.500,0,2.915040,2.915040,1.170264,1.078760
tracking_cdrone3_20260822_205732_073_milestone4,milestone4,1787457503.751124144,target_map,82,482,2,predicted,-21.099739,-3.181822,2.497636,-1.980040,-0.607119,0.116012,0.000000,0.232715,645.750,1,4.715945,4.715945,1.716642,1.469030
tracking_cdrone3_20260822_205732_073_milestone4,milestone4,1787457503.751124144,target_map,83,484,0,detected,8.086687,-3.197795,2.223273,2.378758,-0.305026,0.306394,0.743166,19.626244,564.000,0,0.122285,0.000000,0.192800,0.380571
tracking_cdrone3_20260822_205732_073_milestone4,milestone4,1787457503.751124144,target_map,84,485,2,predicted,-12.129264,-0.402989,1.673716,-0.005998,-0.032311,-0.082751,0.489414,0.009032,733.125,0,1.581857,1.581857,0.610181,0.678701
tracking_cdrone3_20260822_205732_073_milestone4,milestone4,1787457503.851104021,target_map,78,472,2,predicted,9.915381,-0.222079,0.326100,0.757788,0.842061,-0.278881,0.187090,19.857996,402.500,0,3.015012,3.015012,1.205254,1.103753
tracking_cdrone3_20260822_205732_073_milestone4,milestone4,1787457503.851104021,target_map,82,482,2,predicted,-21.297686,-3.242517,2.509233,-1.980040,-0.607119,0.116012,0.000000,0.232715,645.750,1,4.815917,4.815917,1.751632,1.494023
tracking_cdrone3_20260822_205732_073_milestone4,milestone4,1787457503.851104021,target_map,83,484,0,detected,8.324495,-3.228289,2.253904,2.378758,-0.305026,0.306394,0.724006,19.626244,564.000,0,0.222256,0.000000,0.227790,0.405564
tracking_cdrone3_20260822_205732_073_milestone4,milestone4,1787457503.851104021,target_map,84,485,2,predicted,-12.129863,-0.406219,1.665444,-0.005998,-0.032311,-0.082751,0.469181,0.009032,733.125,0,1.681829,1.681829,0.645171,0.703693
tracking_cdrone3_20260822_205732_073_milestone4,milestone4,1787457503.948302031,raw,484,484,0,detected,7.261742,-3.197340,-1.020190,-1.653355,-0.114065,-9.925209,0.668945,19.240196,516.000,1,0.000000,0.000000,0.000000,0.000000
tracking_cdrone3_20260822_205732_073_milestone4,milestone4,1787457503.953187943,target_map,78,472,2,predicted,9.992743,-0.136115,0.297629,0.757788,0.842061,-0.278881,0.167699,19.857996,402.500,0,3.117100,3.117100,1.240985,1.129275
tracking_cdrone3_20260822_205732_073_milestone4,milestone4,1787457503.953187943,target_map,82,482,2,predicted,-21.499825,-3.304497,2.521077,-1.980040,-0.607119,0.116012,0.000000,0.232715,645.750,1,4.918005,4.918005,1.787363,1.519545
tracking_cdrone3_20260822_205732_073_milestone4,milestone4,1787457503.953187943,target_map,83,484,0,detected,7.262354,-3.197670,-1.027595,0.347492,-0.187138,-4.202037,0.668651,19.240196,516.000,1,0.001762,0.000000,0.150617,0.350441
tracking_cdrone3_20260822_205732_073_milestone4,milestone4,1787457503.953187943,target_map,84,485,2,predicted,-12.130475,-0.409518,1.656996,-0.005998,-0.032311,-0.082751,0.448519,0.009032,733.125,0,1.783917,1.783917,0.680902,0.729216
tracking_cdrone3_20260822_205732_073_milestone4,milestone4,1787457504.050833225,target_map,78,472,2,predicted,10.066742,-0.053886,0.270396,0.757788,0.842061,-0.278881,0.149151,19.857996,402.500,0,3.214752,3.214752,1.275163,1.153688
tracking_cdrone3_20260822_205732_073_milestone4,milestone4,1787457504.050833225,target_map,83,484,0,detected,7.296287,-3.215944,-1.437932,0.347492,-0.187138,-4.202037,0.652320,19.240196,516.000,1,0.099414,0.000000,0.184795,0.374854
tracking_cdrone3_20260822_205732_073_milestone4,milestone4,1787457504.050833225,target_map,84,485,2,predicted,-12.131062,-0.412673,1.648915,-0.005998,-0.032311,-0.082751,0.428755,0.009032,733.125,0,1.881569,1.881569,0.715080,0.753628
tracking_cdrone3_20260822_205732_073_milestone4,milestone4,1787457504.150824785,target_map,78,472,2,predicted,10.142506,0.030303,0.242513,0.757788,0.842061,-0.278881,0.130161,19.857996,402.500,0,3.314732,3.314732,1.310156,1.178683
tracking_cdrone3_20260822_205732_073_milestone4,milestone4,1787457504.150824785,target_map,83,484,0,detected,7.331029,-3.234654,-1.858052,0.347492,-0.187138,-4.202037,0.635599,19.240196,516.000,1,0.199394,0.000000,0.219788,0.399849
tracking_cdrone3_20260822_205732_073_milestone4,milestone4,1787457504.150824785,target_map,84,485,2,predicted,-12.131660,-0.415904,1.640642,-0.005998,-0.032311,-0.082751,0.408519,0.009032,733.125,0,1.981549,1.981549,0.750073,0.778624
tracking_cdrone3_20260822_205732_073_milestone4,milestone4,1787457504.251348972,target_map,78,472,2,predicted,10.218680,0.114949,0.214480,0.757788,0.842061,-0.278881,0.111067,19.857996,402.500,0,3.415255,3.415255,1.345339,1.203814
tracking_cdrone3_20260822_205732_073_milestone4,milestone4,1787457504.251348972,target_map,83,484,2,predicted,7.365961,-3.253466,-2.280451,0.347492,-0.187138,-4.202037,0.618788,19.240196,516.000,1,0.299917,0.299917,0.254971,0.424979
tracking_cdrone3_20260822_205732_073_milestone4,milestone4,1787457504.251348972,target_map,84,485,2,predicted,-12.132263,-0.419151,1.632323,-0.005998,-0.032311,-0.082751,0.388174,0.009032,733.125,0,2.082072,2.082072,0.785256,0.803754
tracking_cdrone3_20260822_205732_073_milestone4,milestone4,1787457504.262226582,raw,484,484,0,detected,6.916712,-3.064145,3.265074,-1.099097,0.424294,13.650760,0.696289,18.467592,516.000,1,0.000000,0.000000,0.000000,0.000000
tracking_cdrone3_20260822_205732_073_milestone4,milestone4,1787457504.351529360,target_map,78,472,2,predicted,10.294600,0.199312,0.186540,0.757788,0.842061,-0.278881,0.092038,19.857996,402.500,0,3.515441,3.515441,1.380404,1.228860
tracking_cdrone3_20260822_205732_073_milestone4,milestone4,1787457504.351529360,target_map,83,484,0,detected,6.899886,-3.059691,3.478430,-0.196584,0.052042,2.492787,0.681390,18.467592,516.000,1,0.085589,0.000000,0.179956,0.371397
tracking_cdrone3_20260822_205732_073_milestone4,milestone4,1787457504.351529360,target_map,84,485,2,predicted,-12.132865,-0.422389,1.624033,-0.005998,-0.032311,-0.082751,0.367898,0.009032,733.125,0,2.182258,2.182258,0.820321,0.828801
tracking_cdrone3_20260822_205732_073_milestone4,milestone4,1787457504.451059580,target_map,78,472,2,predicted,10.370019,0.283118,0.158784,0.757788,0.842061,-0.278881,0.073134,19.857996,402.500,0,3.614966,3.614966,1.415238,1.253742
tracking_cdrone3_20260822_205732_073_milestone4,milestone4,1787457504.451059580,target_map,83,484,0,detected,6.880321,-3.054511,3.726525,-0.196584,0.052042,2.492787,0.664066,18.467592,516.000,1,0.185115,0.000000,0.214790,0.396279
tracking_cdrone3_20260822_205732_073_milestone4,milestone4,1787457504.451059580,target_map,84,485,2,predicted,-12.133461,-0.425604,1.615797,-0.005998,-0.032311,-0.082751,0.347754,0.009032,733.125,0,2.281783,2.281783,0.855155,0.853682
tracking_cdrone3_20260822_205732_073_milestone4,milestone4,1787457504.551237822,target_map,78,472,2,predicted,10.445938,0.367480,0.130844,0.757788,0.842061,-0.278881,0.054105,19.857996,402.500,0,3.715151,3.715151,1.450303,1.278788
tracking_cdrone3_20260822_205732_073_milestone4,milestone4,1787457504.551237822,target_map,83,484,2,predicted,6.860626,-3.049297,3.976264,-0.196584,0.052042,2.492787,0.646626,18.467592,516.000,1,0.285299,0.285299,0.249855,0.421325
tracking_cdrone3_20260822_205732_073_milestone4,milestone4,1787457504.551237822,target_map,84,485,2,predicted,-12.134063,-0.428841,1.607507,-0.005998,-0.032311,-0.082751,0.327478,0.009032,733.125,0,2.381968,2.381968,0.890219,0.878728
tracking_cdrone3_20260822_205732_073_milestone4,milestone4,1787457504.562809229,raw,484,484,0,detected,7.026186,-3.107472,0.845340,0.364192,-0.144137,-8.049767,0.755371,18.398882,812.500,1,0.000000,0.000000,0.000000,0.000000
tracking_cdrone3_20260822_205732_073_milestone4,milestone4,1787457504.650940180,target_map,78,472,2,predicted,10.521495,0.451439,0.103038,0.757788,0.842061,-0.278881,0.035166,19.857996,402.500,0,3.814858,3.814858,1.485200,1.303714
tracking_cdrone3_20260822_205732_073_milestone4,milestone4,1787457504.650940180,target_map,83,484,0,detected,7.035603,-3.112188,0.566092,0.110369,-0.055273,-3.273047,0.739260,18.398882,812.500,1,0.085317,0.000000,0.179861,0.371329
tracking_cdrone3_20260822_205732_073_milestone4,milestone4,1787457504.650940180,target_map,84,485,2,predicted,-12.134661,-0.432063,1.599256,-0.005998,-0.032311,-0.082751,0.307298,0.009032,733.125,0,2.481675,2.481675,0.925117,0.903655
tracking_cdrone3_20260822_205732_073_milestone4,milestone4,1787457504.751124620,target_map,78,472,2,predicted,10.597401,0.535787,0.075103,0.757788,0.842061,-0.278881,0.016140,19.857996,402.500,0,3.915026,3.915026,1.520259,1.328756
tracking_cdrone3_20260822_205732_073_milestone4,milestone4,1787457504.751124620,target_map,83,484,0,detected,7.046659,-3.117724,0.238237,0.110369,-0.055273,-3.273047,0.720343,18.398882,812.500,1,0.185486,0.000000,0.214920,0.396371
tracking_cdrone3_20260822_205732_073_milestone4,milestone4,1787457504.751124620,target_map,84,485,2,predicted,-12.135262,-0.435299,1.590967,-0.005998,-0.032311,-0.082751,0.287024,0.009032,733.125,0,2.581843,2.581843,0.960176,0.928697
tracking_cdrone3_20260822_205732_073_milestone4,milestone4,1787457504.832727909,raw,485,485,0,detected,-11.112018,-0.998366,1.868473,0.000000,0.000000,0.000000,0.571777,0.017683,591.906,0,0.000000,0.000000,0.000000,0.000000
tracking_cdrone3_20260822_205732_073_milestone4,milestone4,1787457504.832727909,raw,484,484,0,detected,7.149920,-3.217592,1.993598,0.458432,-0.407991,4.254281,0.556641,18.412413,1093.500,0,0.000000,0.000000,0.000000,0.000000
tracking_cdrone3_20260822_205732_073_milestone4,milestone4,1787457504.851277828,target_map,78,472,2,predicted,10.673304,0.620130,0.047169,0.757788,0.842061,-0.278881,0.000000,19.857996,402.500,0,4.015189,4.015189,1.555316,1.353797
tracking_cdrone3_20260822_205732_073_milestone4,milestone4,1787457504.851277828,target_map,83,484,0,detected,7.154559,-3.221422,2.006922,0.301804,-0.249268,0.866984,0.554502,18.412413,1093.500,0,0.015368,0.000000,0.155379,0.353842
tracking_cdrone3_20260822_205732_073_milestone4,milestone4,1787457504.851277828,target_map,84,485,0,detected,-11.108814,-1.000365,1.868802,0.208452,-0.130108,0.021446,0.569581,0.017683,591.906,0,0.015368,0.000000,0.155379,0.353842
tracking_cdrone3_20260822_205732_073_milestone4,milestone4,1787457504.951404333,target_map,78,472,2,predicted,10.749180,0.704446,0.019245,0.757788,0.842061,-0.278881,0.000000,19.857996,402.500,0,4.115318,4.115318,1.590361,1.378830
tracking_cdrone3_20260822_205732_073_milestone4,milestone4,1787457504.951404333,target_map,83,484,0,detected,7.184778,-3.246381,2.093733,0.301804,-0.249268,0.866984,0.540568,18.412413,1093.500,0,0.115498,0.000000,0.190424,0.378874
tracking_cdrone3_20260822_205732_073_milestone4,milestone4,1787457504.951404333,target_map,84,485,0,detected,-11.087942,-1.013393,1.870950,0.208452,-0.130108,0.021446,0.555268,0.017683,591.906,0,0.115498,0.000000,0.190424,0.378874
tracking_cdrone3_20260822_205732_073_milestone4,milestone4,1787457505.051113605,target_map,78,472,2,predicted,10.824728,0.788395,-0.008558,0.757788,0.842061,-0.278881,0.000000,19.857996,402.500,0,4.215014,4.215014,1.625255,1.403753
tracking_cdrone3_20260822_205732_073_milestone4,milestone4,1787457505.051113605,target_map,83,484,0,detected,7.214867,-3.271232,2.180167,0.301804,-0.249268,0.866984,0.526694,18.412413,1093.500,0,0.215193,0.000000,0.225317,0.403798
tracking_cdrone3_20260822_205732_073_milestone4,milestone4,1787457505.051113605,target_map,84,485,0,detected,-11.067161,-1.026364,1.873088,0.208452,-0.130108,0.021446,0.541017,0.017683,591.906,0,0.215193,0.000000,0.225317,0.403798
tracking_cdrone3_20260822_205732_073_milestone4,milestone4,1787457505.144149065,raw,485,485,0,detected,-10.990329,-1.040806,1.809411,0.390757,-0.136282,-0.189655,0.571777,0.016138,591.906,0,0.000000,0.000000,0.000000,0.000000
tracking_cdrone3_20260822_205732_073_milestone4,milestone4,1787457505.144149065,raw,484,484,0,detected,3.565795,-2.954037,0.830542,-11.509101,0.846309,-3.734729,0.537109,14.728177,550.000,1,0.000000,0.000000,0.000000,0.000000
tracking_cdrone3_20260822_205732_073_milestone4,milestone4,1787457505.150910616,target_map,78,472,2,predicted,10.900365,0.872444,-0.036394,0.757788,0.842061,-0.278881,0.000000,19.857996,402.500,0,4.314827,4.314827,1.660189,1.428707
tracking_cdrone3_20260822_205732_073_milestone4,milestone4,1787457505.150910616,target_map,83,484,0,detected,3.554911,-2.953512,0.827942,-4.039150,0.194831,-0.964642,0.536748,14.728177,550.000,1,0.002695,0.000000,0.150943,0.350674
tracking_cdrone3_20260822_205732_073_milestone4,milestone4,1787457505.150910616,target_map,84,485,0,detected,-10.989497,-1.041166,1.809156,0.308720,-0.133504,-0.094660,0.571392,0.016138,591.906,0,0.002695,0.000000,0.150943,0.350674
tracking_cdrone3_20260822_205732_073_milestone4,milestone4,1787457505.251467943,target_map,78,472,2,predicted,10.976565,0.957118,-0.064437,0.757788,0.842061,-0.278881,0.000000,19.857996,402.500,0,4.415383,4.415383,1.695384,1.453846
tracking_cdrone3_20260822_205732_073_milestone4,milestone4,1787457505.251467943,target_map,83,484,0,detected,3.148751,-2.933920,0.730942,-4.039150,0.194831,-0.964642,0.523245,14.728177,550.000,1,0.103251,0.000000,0.186138,0.375813
tracking_cdrone3_20260822_205732_073_milestone4,milestone4,1787457505.251467943,target_map,84,485,0,detected,-10.958453,-1.054590,1.799638,0.308720,-0.133504,-0.094660,0.557018,0.016138,591.906,0,0.103251,0.000000,0.186138,0.375813
tracking_cdrone3_20260822_205732_073_milestone4,milestone4,1787457505.350943327,target_map,78,472,2,predicted,11.051949,1.040884,-0.092180,0.757788,0.842061,-0.278881,0.000000,19.857996,402.500,0,4.514860,4.514860,1.730201,1.478715
tracking_cdrone3_20260822_205732_073_milestone4,milestone4,1787457505.350943327,target_map,83,484,0,detected,2.746946,-2.914539,0.634982,-4.039150,0.194831,-0.964642,0.509888,14.728177,550.000,1,0.202728,0.000000,0.220955,0.400682
tracking_cdrone3_20260822_205732_073_milestone4,milestone4,1787457505.350943327,target_map,84,485,0,detected,-10.927743,-1.067871,1.790221,0.308720,-0.133504,-0.094660,0.542799,0.016138,591.906,0,0.202728,0.000000,0.220955,0.400682
tracking_cdrone3_20260822_205732_073_milestone4,milestone4,1787457505.418316841,raw,484,484,0,detected,6.892883,-3.122894,1.158467,12.134635,-0.615860,1.196018,0.640625,17.821644,561.000,0,0.000000,0.000000,0.000000,0.000000
tracking_cdrone3_20260822_205732_073_milestone4,milestone4,1787457505.418316841,raw,486,486,0,detected,-10.788757,-1.113270,1.800830,0.000000,0.000000,0.000000,0.839844,0.015191,1655.500,0,0.000000,0.000000,0.000000,0.000000
tracking_cdrone3_20260822_205732_073_milestone4,milestone4,1787457505.418316841,raw,485,485,1,held,-10.789828,-1.110721,1.800818,0.731271,-0.254995,-0.031340,0.571777,0.014803,591.906,0,0.274181,0.274181,0.000000,0.000000
tracking_cdrone3_20260822_205732_073_milestone4,milestone4,1787457505.450961828,target_map,78,472,2,predicted,11.127741,1.125106,-0.120073,0.757788,0.842061,-0.278881,0.000000,19.857996,402.500,0,4.614879,4.614879,1.765208,1.503720
tracking_cdrone3_20260822_205732_073_milestone4,milestone4,1787457505.450961828,target_map,83,484,0,detected,6.961201,-3.126484,1.158386,2.555590,-0.134276,-0.003055,0.636344,17.821644,561.000,0,0.026732,0.000000,0.159356,0.356683
tracking_cdrone3_20260822_205732_073_milestone4,milestone4,1787457505.450961828,target_map,84,486,0,detected,-10.778845,-1.116773,1.800626,0.370789,-0.131045,-0.007633,0.834231,0.015191,1655.500,0,0.026732,0.000000,0.159356,0.356683
tracking_cdrone3_20260822_205732_073_milestone4,milestone4,1787457505.450961828,target_map,85,485,1,held,-10.770280,-1.117537,1.799980,0.731271,-0.254995,-0.031340,0.528763,0.014803,591.906,0,0.300914,0.000000,0.159356,0.356683
tracking_cdrone3_20260822_205732_073_milestone4,milestone4,1787457505.550937414,target_map,78,472,2,predicted,11.203500,1.209290,-0.147954,0.757788,0.842061,-0.278881,0.000000,19.857996,402.500,0,4.714853,4.714853,1.800199,1.528713
tracking_cdrone3_20260822_205732_073_milestone4,milestone4,1787457505.550937414,target_map,83,484,0,detected,7.216693,-3.139908,1.158080,2.555590,-0.134276,-0.003055,0.620332,17.821644,561.000,0,0.126706,0.000000,0.194347,0.381677
tracking_cdrone3_20260822_205732_073_milestone4,milestone4,1787457505.550937414,target_map,84,486,0,detected,-10.741776,-1.129874,1.799863,0.370789,-0.131045,-0.007633,0.813240,0.015191,1655.500,0,0.126706,0.000000,0.194347,0.381677
tracking_cdrone3_20260822_205732_073_milestone4,milestone4,1787457505.550937414,target_map,85,485,1,held,-10.697171,-1.143030,1.796847,0.731271,-0.254995,-0.031340,0.514473,0.014803,591.906,0,0.400887,0.000000,0.194347,0.381677
tracking_cdrone3_20260822_205732_073_milestone4,milestone4,1787457505.651356697,target_map,78,472,2,predicted,11.279592,1.293844,-0.175957,0.757788,0.842061,-0.278881,0.000000,19.857996,402.500,0,4.815266,4.815266,1.835343,1.553816
tracking_cdrone3_20260822_205732_073_milestone4,milestone4,1787457505.651356697,target_map,83,484,0,detected,7.473307,-3.153391,1.157773,2.555590,-0.134276,-0.003055,0.604250,17.821644,561.000,0,0.227119,0.000000,0.229492,0.406780
tracking_cdrone3_20260822_205732_073_milestone4,milestone4,1787457505.651356697,target_map,84,486,0,detected,-10.704544,-1.143033,1.799096,0.370789,-0.131045,-0.007633,0.792158,0.015191,1655.500,0,0.227119,0.000000,0.229492,0.406780
tracking_cdrone3_20260822_205732_073_milestone4,milestone4,1787457505.651356697,target_map,85,485,1,held,-10.623743,-1.168635,1.793700,0.731271,-0.254995,-0.031340,0.500119,0.014803,591.906,0,0.501300,0.000000,0.229492,0.406780
tracking_cdrone3_20260822_205732_073_milestone4,milestone4,1787457505.690279961,raw,484,484,0,detected,7.479092,-3.165824,1.121951,2.155525,-0.157856,-0.134271,0.640625,18.314142,561.000,0,0.000000,0.000000,0.000000,0.000000
tracking_cdrone3_20260822_205732_073_milestone4,milestone4,1787457505.690279961,raw,486,486,0,detected,-10.696194,-1.156879,1.812913,0.340365,-0.160353,0.044430,0.858398,0.015758,2025.000,0,0.000000,0.000000,0.000000,0.000000
tracking_cdrone3_20260822_205732_073_milestone4,milestone4,1787457505.751135588,target_map,78,472,2,predicted,11.355206,1.377867,-0.203785,0.757788,0.842061,-0.278881,0.000000,19.857996,402.500,0,4.915048,4.915048,1.870267,1.578762
tracking_cdrone3_20260822_205732_073_milestone4,milestone4,1787457505.751135588,target_map,83,484,0,detected,7.607681,-3.173931,1.117810,2.335554,-0.147245,-0.075224,0.631807,18.314142,561.000,0,0.055057,0.000000,0.169270,0.363764
tracking_cdrone3_20260822_205732_073_milestone4,milestone4,1787457505.751135588,target_map,84,486,0,detected,-10.676701,-1.164981,1.814069,0.354056,-0.147164,0.021002,0.846583,0.015758,2025.000,0,0.055057,0.000000,0.169270,0.363764
tracking_cdrone3_20260822_205732_073_milestone4,milestone4,1787457505.751135588,target_map,85,485,2,predicted,-10.550775,-1.194079,1.790573,0.731271,-0.254995,-0.031340,0.485856,0.014803,591.906,0,0.601083,0.601083,0.264416,0.431725
tracking_cdrone3_20260822_205732_073_milestone4,milestone4,1787457505.851059437,target_map,83,484,0,detected,7.841003,-3.188641,1.110295,2.335554,-0.147245,-0.075224,0.615808,18.314142,561.000,0,0.154958,0.000000,0.204235,0.388739
tracking_cdrone3_20260822_205732_073_milestone4,milestone4,1787457505.851059437,target_map,84,486,0,detected,-10.641330,-1.179683,1.816167,0.354056,-0.147164,0.021002,0.825145,0.015758,2025.000,0,0.154958,0.000000,0.204235,0.388739
tracking_cdrone3_20260822_205732_073_milestone4,milestone4,1787457505.851059437,target_map,85,485,2,predicted,-10.477721,-1.219553,1.787442,0.731271,-0.254995,-0.031340,0.471576,0.014803,591.906,0,0.700983,0.700983,0.299381,0.456700
tracking_cdrone3_20260822_205732_073_milestone4,milestone4,1787457505.949624062,raw,484,484,0,detected,6.190083,-3.129169,1.322066,-4.970007,0.141330,0.771578,0.661133,16.914259,510.000,1,0.000000,0.000000,0.000000,0.000000
tracking_cdrone3_20260822_205732_073_milestone4,milestone4,1787457505.949624062,raw,486,486,0,detected,-10.595842,-1.217111,1.822071,0.386921,-0.232236,0.035309,0.875000,0.012958,2125.500,0,0.000000,0.000000,0.000000,0.000000
tracking_cdrone3_20260822_205732_073_milestone4,milestone4,1787457505.951120853,target_map,83,484,2,predicted,8.074779,-3.203379,1.102765,2.335554,-0.147245,-0.075224,0.599777,18.314142,561.000,0,0.255052,0.255052,0.239268,0.413763
tracking_cdrone3_20260822_205732_073_milestone4,milestone4,1787457505.951120853,target_map,84,486,2,predicted,-10.605891,-1.194413,1.818269,0.354056,-0.147164,0.021002,0.803664,0.015758,2025.000,0,0.255052,0.255052,0.239268,0.413763
tracking_cdrone3_20260822_205732_073_milestone4,milestone4,1787457505.951120853,target_map,85,485,2,predicted,-10.404525,-1.245076,1.784305,0.731271,-0.254995,-0.031340,0.457268,0.014803,591.906,0,0.801077,0.801077,0.334414,0.481724
tracking_cdrone3_20260822_205732_073_milestone4,milestone4,1787457506.050982714,target_map,83,484,0,detected,6.034071,-3.128105,1.358277,-1.682504,0.011471,0.390517,0.645807,16.914259,510.000,1,0.092726,0.000000,0.182454,0.373181
tracking_cdrone3_20260822_205732_073_milestone4,milestone4,1787457506.050982714,target_map,84,486,0,detected,-10.561337,-1.235096,1.824748,0.372132,-0.193954,0.028871,0.854716,0.012958,2125.500,0,0.092726,0.000000,0.182454,0.373181
tracking_cdrone3_20260822_205732_073_milestone4,milestone4,1787457506.050982714,target_map,85,485,2,predicted,-10.331504,-1.270539,1.781176,0.731271,-0.254995,-0.031340,0.442994,0.014803,591.906,0,0.900932,0.900932,0.369363,0.506688
tracking_cdrone3_20260822_205732_073_milestone4,milestone4,1787457506.151697159,target_map,83,484,0,detected,5.864638,-3.126950,1.397603,-1.682504,0.011471,0.390517,0.629162,16.914259,510.000,1,0.193429,0.000000,0.217700,0.398357
tracking_cdrone3_20260822_205732_073_milestone4,milestone4,1787457506.151697159,target_map,84,486,0,detected,-10.523861,-1.254627,1.827655,0.372132,-0.193954,0.028871,0.832687,0.012958,2125.500,0,0.193429,0.000000,0.217700,0.398357
tracking_cdrone3_20260822_205732_073_milestone4,milestone4,1787457506.151697159,target_map,85,485,2,predicted,-10.257863,-1.296217,1.778020,0.731271,-0.254995,-0.031340,0.428599,0.014803,591.906,0,1.001635,1.001635,0.404609,0.531863
tracking_cdrone3_20260822_205732_073_milestone4,milestone4,1787457506.208333015,raw,484,484,0,detected,7.677860,-3.354747,1.401271,5.750679,-0.871921,0.306151,0.500000,18.255194,471.750,0,0.000000,0.000000,0.000000,0.000000
tracking_cdrone3_20260822_205732_073_milestone4,milestone4,1787457506.208333015,raw,486,486,0,detected,-10.449482,-1.316046,1.802292,0.565725,-0.382410,-0.076450,0.819824,0.009621,3123.125,0,0.000000,0.000000,0.000000,0.000000
tracking_cdrone3_20260822_205732_073_milestone4,milestone4,1787457506.250970840,target_map,83,484,0,detected,7.758102,-3.370570,1.412749,2.405746,-0.474395,0.344116,0.495831,18.255194,471.750,0,0.033355,0.000000,0.161674,0.358339
tracking_cdrone3_20260822_205732_073_milestone4,milestone4,1787457506.250970840,target_map,84,486,0,detected,-10.433518,-1.325972,1.801323,0.478608,-0.297605,-0.029056,0.812988,0.009621,3123.125,0,0.033355,0.000000,0.161674,0.358339
tracking_cdrone3_20260822_205732_073_milestone4,milestone4,1787457506.250970840,target_map,85,485,2,predicted,-10.185255,-1.321536,1.774908,0.731271,-0.254995,-0.031340,0.414406,0.014803,591.906,0,1.100925,1.100925,0.439360,0.556686
tracking_cdrone3_20260822_205732_073_milestone4,milestone4,1787457506.351044893,target_map,83,484,0,detected,7.998827,-3.418039,1.447182,2.405746,-0.474395,0.344116,0.483323,18.255194,471.750,0,0.133417,0.000000,0.196696,0.383354
tracking_cdrone3_20260822_205732_073_milestone4,milestone4,1787457506.351044893,target_map,84,486,0,detected,-10.385628,-1.355751,1.798416,0.478608,-0.297605,-0.029056,0.792480,0.009621,3123.125,0,0.133417,0.000000,0.196696,0.383354
tracking_cdrone3_20260822_205732_073_milestone4,milestone4,1787457506.351044893,target_map,85,485,2,predicted,-10.112082,-1.347051,1.771772,0.731271,-0.254995,-0.031340,0.400103,0.014803,591.906,0,1.200988,1.200988,0.474382,0.581702
tracking_cdrone3_20260822_205732_073_milestone4,milestone4,1787457506.451214552,target_map,83,484,0,detected,8.239756,-3.465548,1.481644,2.405746,-0.474395,0.344116,0.470805,18.255194,471.750,0,0.233564,0.000000,0.231747,0.408391
tracking_cdrone3_20260822_205732_073_milestone4,milestone4,1787457506.451214552,target_map,84,486,0,detected,-10.337696,-1.385555,1.795506,0.478608,-0.297605,-0.029056,0.771954,0.009621,3123.125,0,0.233564,0.000000,0.231747,0.408391
tracking_cdrone3_20260822_205732_073_milestone4,milestone4,1787457506.451214552,target_map,85,485,2,predicted,-10.038847,-1.372588,1.768633,0.731271,-0.254995,-0.031340,0.385788,0.014803,591.906,0,1.301135,1.301135,0.509434,0.606738
tracking_cdrone3_20260822_205732_073_milestone4,milestone4,1787457506.508258581,raw,484,484,0,detected,5.360924,-3.086479,0.959409,-7.725356,0.894484,-1.473300,0.680664,15.795360,646.250,1,0.000000,0.000000,0.000000,0.000000
tracking_cdrone3_20260822_205732_073_milestone4,milestone4,1787457506.508258581,raw,486,486,1,held,-10.317792,-1.408390,1.786791,0.439094,-0.307904,-0.051684,0.819824,0.005762,3123.125,0,0.299913,0.299913,0.000000,0.000000
tracking_cdrone3_20260822_205732_073_milestone4,milestone4,1787457506.553823471,target_map,83,484,0,detected,5.235179,-3.075419,0.933379,-3.166360,0.278489,-0.655463,0.673906,15.795360,646.250,1,0.039713,0.000000,0.163900,0.359928
tracking_cdrone3_20260822_205732_073_milestone4,milestone4,1787457506.553823471,target_map,84,486,1,held,-10.299648,-1.420434,1.785143,0.456875,-0.303269,-0.041501,0.750216,0.005762,3123.125,0,0.339626,0.000000,0.163900,0.359928
tracking_cdrone3_20260822_205732_073_milestone4,milestone4,1787457506.553823471,target_map,85,485,2,predicted,-9.963788,-1.398761,1.765417,0.731271,-0.254995,-0.031340,0.371115,0.014803,591.906,0,1.403777,1.403777,0.545359,0.632399
tracking_cdrone3_20260822_205732_073_milestone4,milestone4,1787457506.651402950,target_map,83,484,0,detected,4.926675,-3.048286,0.869516,-3.166360,0.278489,-0.655463,0.657327,15.795360,646.250,1,0.137145,0.000000,0.198001,0.384286
tracking_cdrone3_20260822_205732_073_milestone4,milestone4,1787457506.651402950,target_map,84,486,1,held,-10.255134,-1.449982,1.781100,0.456875,-0.303269,-0.041501,0.730247,0.005762,3123.125,0,0.437058,0.000000,0.198001,0.384286
tracking_cdrone3_20260822_205732_073_milestone4,milestone4,1787457506.651402950,target_map,85,485,2,predicted,-9.892539,-1.423606,1.762363,0.731271,-0.254995,-0.031340,0.357188,0.014803,591.906,0,1.501209,1.501209,0.579460,0.656757
tracking_cdrone3_20260822_205732_073_milestone4,milestone4,1787457506.750928879,target_map,83,484,0,detected,4.611093,-3.020530,0.804188,-3.166360,0.278489,-0.655463,0.640367,15.795360,646.250,1,0.236812,0.000000,0.232884,0.409203
tracking_cdrone3_20260822_205732_073_milestone4,milestone4,1787457506.750928879,target_map,84,486,1,held,-10.209599,-1.480208,1.776963,0.456875,-0.303269,-0.041501,0.709819,0.005762,3123.125,0,0.536725,0.000000,0.232884,0.409203
tracking_cdrone3_20260822_205732_073_milestone4,milestone4,1787457506.750928879,target_map,85,485,2,predicted,-9.819655,-1.449021,1.759239,0.731271,-0.254995,-0.031340,0.342941,0.014803,591.906,0,1.600876,1.600876,0.614343,0.681674
tracking_cdrone3_20260822_205732_073_milestone4,milestone4,1787457506.778833866,raw,484,484,0,detected,6.977443,-3.416103,2.104883,5.974466,-1.218252,4.233539,0.659180,17.261690,393.750,0,0.000000,0.000000,0.000000,0.000000
tracking_cdrone3_20260822_205732_073_milestone4,milestone4,1787457506.850693226,target_map,83,484,0,detected,7.101058,-3.452284,2.239949,1.861095,-0.544719,2.033488,0.648234,17.261690,393.750,0,0.066421,0.000000,0.173247,0.366605
tracking_cdrone3_20260822_205732_073_milestone4,milestone4,1787457506.850693226,target_map,84,486,2,predicted,-10.164015,-1.510466,1.772823,0.456875,-0.303269,-0.041501,0.689370,0.005762,3123.125,0,0.636498,0.636498,0.267805,0.434146
tracking_cdrone3_20260822_205732_073_milestone4,milestone4,1787457506.850693226,target_map,85,485,2,predicted,-9.746694,-1.474462,1.756112,0.731271,-0.254995,-0.031340,0.328679,0.014803,591.906,0,1.700649,1.700649,0.649264,0.706617
tracking_cdrone3_20260822_205732_073_milestone4,milestone4,1787457506.951307774,target_map,83,484,0,detected,7.288292,-3.507085,2.444526,1.861095,-0.544719,2.033488,0.631655,17.261690,393.750,0,0.167025,0.000000,0.208459,0.391756
tracking_cdrone3_20260822_205732_073_milestone4,milestone4,1787457506.951307774,target_map,84,486,2,predicted,-10.118051,-1.540976,1.768647,0.456875,-0.303269,-0.041501,0.668751,0.005762,3123.125,0,0.737103,0.737103,0.303016,0.459297
tracking_cdrone3_20260822_205732_073_milestone4,milestone4,1787457506.951307774,target_map,85,485,2,predicted,-9.673125,-1.500116,1.752959,0.731271,-0.254995,-0.031340,0.314298,0.014803,591.906,0,1.801254,1.801254,0.684475,0.731768
tracking_cdrone3_20260822_205732_073_milestone4,milestone4,1787457507.043390274,raw,484,484,0,detected,6.938565,-3.609131,1.464014,-0.146908,-0.729392,-2.421645,0.600098,17.004873,468.000,1,0.000000,0.000000,0.000000,0.000000
tracking_cdrone3_20260822_205732_073_milestone4,milestone4,1787457507.053465605,target_map,83,484,0,detected,6.943515,-3.613358,1.461287,0.756693,-0.646289,-0.416835,0.599116,17.004873,468.000,1,0.006542,0.000000,0.152290,0.351635
tracking_cdrone3_20260822_205732_073_milestone4,milestone4,1787457507.053465605,target_map,84,486,2,predicted,-10.071380,-1.571956,1.764408,0.456875,-0.303269,-0.041501,0.647813,0.005762,3123.125,0,0.839257,0.839257,0.338770,0.484836
tracking_cdrone3_20260822_205732_073_milestone4,milestone4,1787457507.053465605,target_map,85,485,2,predicted,-9.598423,-1.526165,1.749758,0.731271,-0.254995,-0.031340,0.299696,0.014803,591.906,0,1.903408,1.903408,0.720229,0.757307
tracking_cdrone3_20260822_205732_073_milestone4,milestone4,1787457507.150994301,target_map,83,484,0,detected,7.017318,-3.676393,1.420632,0.756693,-0.646289,-0.416835,0.584484,17.004873,468.000,1,0.104075,0.000000,0.186426,0.376019
tracking_cdrone3_20260822_205732_073_milestone4,milestone4,1787457507.150994301,target_map,84,486,2,predicted,-10.026818,-1.601535,1.760360,0.456875,-0.303269,-0.041501,0.627823,0.005762,3123.125,0,0.936790,0.936790,0.372907,0.509219
tracking_cdrone3_20260822_205732_073_milestone4,milestone4,1787457507.150994301,target_map,85,485,2,predicted,-9.527100,-1.551035,1.746701,0.731271,-0.254995,-0.031340,0.285754,0.014803,591.906,0,2.000941,2.000941,0.754366,0.781690
tracking_cdrone3_20260822_205732_073_milestone4,milestone4,1787457507.251418829,target_map,83,484,0,detected,7.093285,-3.741277,1.378784,0.756693,-0.646289,-0.416835,0.569422,17.004873,468.000,1,0.204469,0.000000,0.221564,0.401117
tracking_cdrone3_20260822_205732_073_milestone4,milestone4,1787457507.251418829,target_map,84,486,2,predicted,-9.980951,-1.631981,1.756194,0.456875,-0.303269,-0.041501,0.607247,0.005762,3123.125,0,1.037184,1.037184,0.408045,0.534318
tracking_cdrone3_20260822_205732_073_milestone4,milestone4,1787457507.251418829,target_map,85,485,2,predicted,-9.453684,-1.576635,1.743555,0.731271,-0.254995,-0.031340,0.271403,0.014803,591.906,0,2.101335,2.101335,0.789504,0.806789
tracking_cdrone3_20260822_205732_073_milestone4,milestone4,1787457507.318764925,raw,482,482,0,detected,-1.791370,0.609881,1.820452,0.000000,0.000000,0.000000,0.721680,8.377671,5040.000,0,0.000000,0.000000,0.000000,0.000000
tracking_cdrone3_20260822_205732_073_milestone4,milestone4,1787457507.318764925,raw,484,484,0,detected,6.543955,-3.515044,1.374493,-1.433413,0.341768,-0.325183,0.711914,16.484106,459.000,1,0.000000,0.000000,0.000000,0.000000
tracking_cdrone3_20260822_205732_073_milestone4,milestone4,1787457507.350910425,target_map,83,484,0,detected,6.531316,-3.517947,1.364152,-0.447865,-0.102857,-0.366426,0.706891,16.484106,459.000,1,0.028221,0.000000,0.159877,0.357055
tracking_cdrone3_20260822_205732_073_milestone4,milestone4,1787457507.350910425,target_map,84,486,2,predicted,-9.935477,-1.662167,1.752063,0.456875,-0.303269,-0.041501,0.586847,0.005762,3123.125,0,1.136717,1.136717,0.442881,0.559201
tracking_cdrone3_20260822_205732_073_milestone4,milestone4,1787457507.350910425,target_map,85,485,2,predicted,-9.380898,-1.602015,1.740435,0.731271,-0.254995,-0.031340,0.257176,0.014803,591.906,0,2.200868,2.200868,0.824341,0.831672
tracking_cdrone3_20260822_205732_073_milestone4,milestone4,1787457507.350910425,target_map,86,482,0,detected,-1.791370,0.609881,1.820452,0.000000,0.000000,0.000000,0.716588,8.377671,5040.000,0,0.028221,0.000000,0.159877,0.357055
tracking_cdrone3_20260822_205732_073_milestone4,milestone4,1787457507.450930119,target_map,83,484,0,detected,6.486524,-3.528234,1.327505,-0.447865,-0.102857,-0.366426,0.689091,16.484106,459.000,1,0.128233,0.000000,0.194882,0.382058
tracking_cdrone3_20260822_205732_073_milestone4,milestone4,1787457507.450930119,target_map,84,486,2,predicted,-9.889784,-1.692497,1.747912,0.456875,-0.303269,-0.041501,0.566349,0.005762,3123.125,0,1.236730,1.236730,0.477886,0.584204
tracking_cdrone3_20260822_205732_073_milestone4,milestone4,1787457507.450930119,target_map,85,485,2,predicted,-9.307762,-1.627518,1.737301,0.731271,-0.254995,-0.031340,0.242879,0.014803,591.906,0,2.300881,2.300881,0.859345,0.856675
tracking_cdrone3_20260822_205732_073_milestone4,milestone4,1787457507.450930119,target_map,86,482,0,detected,-1.791370,0.609881,1.820452,0.000000,0.000000,0.000000,0.698544,8.377671,5040.000,0,0.128233,0.000000,0.194882,0.382058
tracking_cdrone3_20260822_205732_073_milestone4,milestone4,1787457507.551384449,target_map,83,484,0,detected,6.441536,-3.538566,1.290698,-0.447865,-0.102857,-0.366426,0.671214,16.484106,459.000,1,0.228682,0.000000,0.230039,0.407170
tracking_cdrone3_20260822_205732_073_milestone4,milestone4,1787457507.551384449,target_map,84,486,2,predicted,-9.843891,-1.722960,1.743743,0.456875,-0.303269,-0.041501,0.545761,0.005762,3123.125,0,1.337178,1.337178,0.513043,0.609316
tracking_cdrone3_20260822_205732_073_milestone4,milestone4,1787457507.551384449,target_map,85,485,2,predicted,-9.234307,-1.653132,1.734153,0.731271,-0.254995,-0.031340,0.228521,0.014803,591.906,0,2.401329,2.401329,0.894502,0.881787
tracking_cdrone3_20260822_205732_073_milestone4,milestone4,1787457507.551384449,target_map,86,482,0,detected,-1.791370,0.609881,1.820452,0.000000,0.000000,0.000000,0.680421,8.377671,5040.000,0,0.228682,0.000000,0.230039,0.407170
tracking_cdrone3_20260822_205732_073_milestone4,milestone4,1787457507.577761412,raw,482,482,0,detected,-1.995108,0.587138,1.716433,-0.786629,-0.087811,-0.401616,0.763184,8.085015,4068.750,1,0.000000,0.000000,0.000000,0.000000
tracking_cdrone3_20260822_205732_073_milestone4,milestone4,1787457507.577761412,raw,484,484,0,detected,7.500433,-3.640972,1.257189,3.692950,-0.486208,-0.452909,0.711914,17.337429,459.000,0,0.000000,0.000000,0.000000,0.000000
tracking_cdrone3_20260822_205732_073_milestone4,milestone4,1787457507.650846243,target_map,83,484,0,detected,7.627659,-3.662786,1.228401,1.829583,-0.313700,-0.413992,0.699538,17.337429,459.000,0,0.069538,0.000000,0.174338,0.367384
tracking_cdrone3_20260822_205732_073_milestone4,milestone4,1787457507.650846243,target_map,84,486,2,predicted,-9.798445,-1.753127,1.739615,0.456875,-0.303269,-0.041501,0.525374,0.005762,3123.125,0,1.436651,1.436651,0.547858,0.634184
tracking_cdrone3_20260822_205732_073_milestone4,milestone4,1787457507.650846243,target_map,85,485,2,predicted,-9.161566,-1.678497,1.731035,0.731271,-0.254995,-0.031340,0.214302,0.014803,591.906,0,2.500802,2.500802,0.929317,0.906655
tracking_cdrone3_20260822_205732_073_milestone4,milestone4,1787457507.650846243,target_map,86,482,0,detected,-2.025193,0.583780,1.701073,-0.432646,-0.048296,-0.220889,0.749916,8.085015,4068.750,1,0.069538,0.000000,0.174338,0.367384
tracking_cdrone3_20260822_205732_073_milestone4,milestone4,1787457507.751159430,target_map,83,484,0,detected,7.811174,-3.694252,1.186876,1.829583,-0.313700,-0.413992,0.681686,17.337429,459.000,0,0.169842,0.000000,0.209445,0.392461
tracking_cdrone3_20260822_205732_073_milestone4,milestone4,1787457507.751159430,target_map,84,486,2,predicted,-9.752618,-1.783546,1.735452,0.456875,-0.303269,-0.041501,0.504816,0.005762,3123.125,0,1.536955,1.536955,0.582965,0.659261
tracking_cdrone3_20260822_205732_073_milestone4,milestone4,1787457507.751159430,target_map,85,485,2,predicted,-9.088217,-1.704074,1.727892,0.731271,-0.254995,-0.031340,0.199964,0.014803,591.906,0,2.601106,2.601106,0.964424,0.931731
tracking_cdrone3_20260822_205732_073_milestone4,milestone4,1787457507.751159430,target_map,86,482,0,detected,-2.068589,0.578935,1.678917,-0.432646,-0.048296,-0.220889,0.730778,8.085015,4068.750,1,0.169842,0.000000,0.209445,0.392461
tracking_cdrone3_20260822_205732_073_milestone4,milestone4,1787457507.846274376,raw,482,482,0,detected,-9.531049,-1.834913,1.658418,-28.067059,-9.020751,-0.216074,0.763184,0.010164,4068.750,1,0.000000,0.000000,0.000000,0.000000
tracking_cdrone3_20260822_205732_073_milestone4,milestone4,1787457507.846274376,raw,484,484,0,detected,6.694438,-3.622094,1.348575,-3.001871,0.070310,0.340360,0.503906,16.335876,407.000,1,0.000000,0.000000,0.000000,0.000000
tracking_cdrone3_20260822_205732_073_milestone4,milestone4,1787457507.851550817,target_map,83,484,0,detected,6.692994,-3.622273,1.348576,-0.827717,-0.102495,0.000902,0.503686,16.335876,407.000,1,0.001745,0.000000,0.150611,0.350436
tracking_cdrone3_20260822_205732_073_milestone4,milestone4,1787457507.851550817,target_map,84,486,2,predicted,-9.706750,-1.813993,1.731286,0.456875,-0.303269,-0.041501,0.484239,0.005762,3123.125,0,1.637351,1.637351,0.618103,0.684359
tracking_cdrone3_20260822_205732_073_milestone4,milestone4,1787457507.851550817,target_map,85,485,2,predicted,-9.014800,-1.729674,1.724746,0.731271,-0.254995,-0.031340,0.185613,0.014803,591.906,0,2.701502,2.701502,0.999562,0.956830
tracking_cdrone3_20260822_205732_073_milestone4,milestone4,1787457507.851550817,target_map,86,482,0,detected,-9.538699,-1.837301,1.658188,-4.383539,-1.368029,-0.131648,0.762851,0.010164,4068.750,1,0.001745,0.000000,0.150611,0.350436
tracking_cdrone3_20260822_205732_073_milestone4,milestone4,1787457507.951149464,target_map,83,484,0,detected,6.610561,-3.632481,1.348666,-0.827717,-0.102495,0.000902,0.491140,16.335876,407.000,1,0.101336,0.000000,0.185468,0.375334
tracking_cdrone3_20260822_205732_073_milestone4,milestone4,1787457507.951149464,target_map,84,486,2,predicted,-9.661249,-1.844196,1.727153,0.456875,-0.303269,-0.041501,0.463828,0.005762,3123.125,0,1.736942,1.736942,0.652960,0.709257
tracking_cdrone3_20260822_205732_073_milestone4,milestone4,1787457507.951149464,target_map,85,485,2,predicted,-8.941972,-1.755069,1.721624,0.731271,-0.254995,-0.031340,0.171377,0.014803,591.906,0,2.801093,2.801093,1.034419,0.981728
tracking_cdrone3_20260822_205732_073_milestone4,milestone4,1787457507.951149464,target_map,86,482,0,detected,-9.975258,-1.973543,1.645077,-4.383539,-1.368029,-0.131648,0.743849,0.010164,4068.750,1,0.101336,0.000000,0.185468,0.375334
tracking_cdrone3_20260822_205732_073_milestone4,milestone4,1787457508.050672293,target_map,83,484,0,detected,6.528172,-3.642683,1.348756,-0.827717,-0.102495,0.000902,0.478601,16.335876,407.000,1,0.200872,0.000000,0.220305,0.400218
tracking_cdrone3_20260822_205732_073_milestone4,milestone4,1787457508.050672293,target_map,84,486,2,predicted,-9.615773,-1.874382,1.723022,0.456875,-0.303269,-0.041501,0.443427,0.005762,3123.125,0,1.836478,1.836478,0.687798,0.734141
tracking_cdrone3_20260822_205732_073_milestone4,milestone4,1787457508.050672293,target_map,85,485,2,predicted,-8.869184,-1.780450,1.718505,0.731271,-0.254995,-0.031340,0.157149,0.014803,591.906,0,2.900629,2.900629,1.069257,1.006612
tracking_cdrone3_20260822_205732_073_milestone4,milestone4,1787457508.050672293,target_map,86,482,0,detected,-10.411580,-2.109712,1.631974,-4.383539,-1.368029,-0.131648,0.724858,0.010164,4068.750,1,0.200872,0.000000,0.220305,0.400218
tracking_cdrone3_20260822_205732_073_milestone4,milestone4,1787457508.115444422,raw,482,482,0,detected,-9.285528,-1.927714,1.665059,0.912086,-0.344746,0.024672,0.763184,0.021003,4068.750,0,0.000000,0.000000,0.000000,0.000000
tracking_cdrone3_20260822_205732_073_milestone4,milestone4,1787457508.115444422,raw,484,484,0,detected,7.564742,-3.758896,1.275860,3.233103,-0.508205,-0.270131,0.710449,16.973158,459.000,0,0.000000,0.000000,0.000000,0.000000
tracking_cdrone3_20260822_205732_073_milestone4,milestone4,1787457508.150766373,target_map,83,484,0,detected,7.594518,-3.765794,1.272721,1.405734,-0.325636,-0.148166,0.706687,16.973158,459.000,0,0.021182,0.000000,0.157414,0.355296
tracking_cdrone3_20260822_205732_073_milestone4,milestone4,1787457508.150766373,target_map,84,486,2,predicted,-9.570045,-1.904737,1.718868,0.456875,-0.303269,-0.041501,0.422913,0.005762,3123.125,0,1.936569,1.936569,0.722829,0.759164
tracking_cdrone3_20260822_205732_073_milestone4,milestone4,1787457508.150766373,target_map,85,485,2,predicted,-8.795991,-1.805973,1.715368,0.731271,-0.254995,-0.031340,0.142841,0.014803,591.906,0,3.000720,3.000720,1.104289,1.031635
tracking_cdrone3_20260822_205732_073_milestone4,milestone4,1787457508.150766373,target_map,86,482,0,detected,-9.316686,-1.944770,1.664092,-1.470945,-0.805223,-0.045672,0.759142,0.021003,4068.750,0,0.021182,0.000000,0.157414,0.355296
tracking_cdrone3_20260822_205732_073_milestone4,milestone4,1787457508.250964403,target_map,83,484,0,detected,7.735361,-3.798419,1.257876,1.405734,-0.325636,-0.148166,0.688892,16.973158,459.000,0,0.121374,0.000000,0.192481,0.380343
tracking_cdrone3_20260822_205732_073_milestone4,milestone4,1787457508.250964403,target_map,84,486,2,predicted,-9.524269,-1.935122,1.714710,0.456875,-0.303269,-0.041501,0.402378,0.005762,3123.125,0,2.036760,2.036760,0.757896,0.784212
tracking_cdrone3_20260822_205732_073_milestone4,milestone4,1787457508.250964403,target_map,85,485,2,predicted,-8.722724,-1.831521,1.712228,0.731271,-0.254995,-0.031340,0.128520,0.014803,591.906,0,3.100911,3.100911,1.139356,1.056683
tracking_cdrone3_20260822_205732_073_milestone4,milestone4,1787457508.250964403,target_map,86,482,0,detected,-9.464062,-2.025446,1.659516,-1.470945,-0.805223,-0.045672,0.740026,0.021003,4068.750,0,0.121374,0.000000,0.192481,0.380343
tracking_cdrone3_20260822_205732_073_milestone4,milestone4,1787457508.351299047,target_map,83,484,0,detected,7.876395,-3.831090,1.243011,1.405734,-0.325636,-0.148166,0.671072,16.973158,459.000,0,0.221701,0.000000,0.227595,0.405425
tracking_cdrone3_20260822_205732_073_milestone4,milestone4,1787457508.351299047,target_map,84,486,2,predicted,-9.478432,-1.965548,1.710546,0.456875,-0.303269,-0.041501,0.381815,0.005762,3123.125,0,2.137088,2.137088,0.793011,0.809294
tracking_cdrone3_20260822_205732_073_milestone4,milestone4,1787457508.351299047,target_map,85,485,2,predicted,-8.649357,-1.857104,1.709084,0.731271,-0.254995,-0.031340,0.114178,0.014803,591.906,0,3.201239,3.201239,1.174470,1.081764
tracking_cdrone3_20260822_205732_073_milestone4,milestone4,1787457508.351299047,target_map,86,482,0,detected,-9.611639,-2.106233,1.654934,-1.470945,-0.805223,-0.045672,0.720884,0.021003,4068.750,0,0.221701,0.000000,0.227595,0.405425
tracking_cdrone3_20260822_205732_073_milestone4,milestone4,1787457508.387499094,raw,482,482,0,detected,-9.191532,-1.964968,1.657161,0.345527,-0.136946,-0.029032,0.763184,0.019196,4068.750,0,0.000000,0.000000,0.000000,0.000000
tracking_cdrone3_20260822_205732_073_milestone4,milestone4,1787457508.387499094,raw,484,484,0,detected,7.227299,-3.800608,1.274993,-1.240423,-0.153331,-0.003187,0.713867,16.543135,471.750,1,0.000000,0.000000,0.000000,0.000000
tracking_cdrone3_20260822_205732_073_milestone4,milestone4,1787457508.450847864,target_map,83,484,0,detected,7.224540,-3.813436,1.271191,-0.049653,-0.230868,-0.068428,0.703951,16.543135,471.750,1,0.055563,0.000000,0.169447,0.363891
tracking_cdrone3_20260822_205732_073_milestone4,milestone4,1787457508.450847864,target_map,84,486,2,predicted,-9.432944,-1.995743,1.706414,0.456875,-0.303269,-0.041501,0.361409,0.005762,3123.125,0,2.236652,2.236652,0.827859,0.834185
tracking_cdrone3_20260822_205732_073_milestone4,milestone4,1787457508.450847864,target_map,85,485,2,predicted,-8.576549,-1.882493,1.705963,0.731271,-0.254995,-0.031340,0.099946,0.014803,591.906,0,3.300803,3.300803,1.209318,1.106655
tracking_cdrone3_20260822_205732_073_milestone4,milestone4,1787457508.450847864,target_map,86,482,0,detected,-9.217752,-1.989286,1.655132,-0.471885,-0.437671,-0.036520,0.752582,0.019196,4068.750,0,0.055563,0.000000,0.169447,0.363891
tracking_cdrone3_20260822_205732_073_milestone4,milestone4,1787457508.550930500,target_map,83,484,0,detected,7.219571,-3.836540,1.264343,-0.049653,-0.230868,-0.068428,0.686091,16.543135,471.750,1,0.155640,0.000000,0.204474,0.388910
tracking_cdrone3_20260822_205732_073_milestone4,milestone4,1787457508.550930500,target_map,84,486,2,predicted,-9.387221,-2.026093,1.702261,0.456875,-0.303269,-0.041501,0.340898,0.005762,3123.125,0,2.336729,2.336729,0.862885,0.859204
tracking_cdrone3_20260822_205732_073_milestone4,milestone4,1787457508.550930500,target_map,85,485,2,predicted,-8.503366,-1.908012,1.702827,0.731271,-0.254995,-0.031340,0.085641,0.014803,591.906,0,3.400880,3.400880,1.244345,1.131675
tracking_cdrone3_20260822_205732_073_milestone4,milestone4,1787457508.550930500,target_map,86,482,0,detected,-9.264977,-2.033087,1.651477,-0.471885,-0.437671,-0.036520,0.733488,0.019196,4068.750,0,0.155640,0.000000,0.204474,0.388910
tracking_cdrone3_20260822_205732_073_milestone4,milestone4,1787457508.651383638,target_map,83,484,2,predicted,7.214584,-3.859730,1.257469,-0.049653,-0.230868,-0.068428,0.668164,16.543135,471.750,1,0.256089,0.256089,0.239631,0.414022
tracking_cdrone3_20260822_205732_073_milestone4,milestone4,1787457508.651383638,target_map,84,486,2,predicted,-9.341329,-2.056556,1.698092,0.456875,-0.303269,-0.041501,0.320310,0.005762,3123.125,0,2.437177,2.437177,0.898042,0.884316
tracking_cdrone3_20260822_205732_073_milestone4,milestone4,1787457508.651383638,target_map,85,485,2,predicted,-8.429911,-1.933626,1.699679,0.731271,-0.254995,-0.031340,0.071282,0.014803,591.906,0,3.501328,3.501328,1.279501,1.156787
tracking_cdrone3_20260822_205732_073_milestone4,milestone4,1787457508.651383638,target_map,86,482,2,predicted,-9.312377,-2.077050,1.647809,-0.471885,-0.437671,-0.036520,0.714323,0.019196,4068.750,0,0.256089,0.256089,0.239631,0.414022
tracking_cdrone3_20260822_205732_073_milestone4,milestone4,1787457508.658275127,raw,484,484,0,detected,6.273324,-3.552086,1.291834,-3.522658,0.917692,0.062190,0.763184,15.408195,471.750,1,0.000000,0.000000,0.000000,0.000000
tracking_cdrone3_20260822_205732_073_milestone4,milestone4,1787457508.750938892,target_map,83,484,0,detected,6.097825,-3.516192,1.292140,-1.959805,0.400840,0.003412,0.746098,15.408195,471.750,1,0.089549,0.000000,0.181342,0.372387
tracking_cdrone3_20260822_205732_073_milestone4,milestone4,1787457508.750938892,target_map,84,486,2,predicted,-9.295842,-2.086749,1.693960,0.456875,-0.303269,-0.041501,0.299905,0.005762,3123.125,0,2.536737,2.536737,0.932888,0.909206
tracking_cdrone3_20260822_205732_073_milestone4,milestone4,1787457508.750938892,target_map,85,485,2,predicted,-8.357105,-1.959013,1.696559,0.731271,-0.254995,-0.031340,0.057051,0.014803,591.906,0,3.600888,3.600888,1.314347,1.181677
tracking_cdrone3_20260822_205732_073_milestone4,milestone4,1787457508.750938892,target_map,86,482,2,predicted,-9.359358,-2.120625,1.644173,-0.471885,-0.437671,-0.036520,0.695327,0.019196,4068.750,0,0.355649,0.355649,0.274477,0.438912
tracking_cdrone3_20260822_205732_073_milestone4,milestone4,1787457508.851283550,target_map,83,484,0,detected,5.901178,-3.475971,1.292482,-1.959805,0.400840,0.003412,0.726954,15.408195,471.750,1,0.189889,0.000000,0.216461,0.397472
tracking_cdrone3_20260822_205732_073_milestone4,milestone4,1787457508.851283550,target_map,84,486,2,predicted,-9.250000,-2.117179,1.689796,0.456875,-0.303269,-0.041501,0.279339,0.005762,3123.125,0,2.637077,2.637077,0.968007,0.934291
tracking_cdrone3_20260822_205732_073_milestone4,milestone4,1787457508.851283550,target_map,85,485,2,predicted,-8.283730,-1.984599,1.693414,0.731271,-0.254995,-0.031340,0.042708,0.014803,591.906,0,3.701228,3.701228,1.349466,1.206762
tracking_cdrone3_20260822_205732_073_milestone4,milestone4,1787457508.851283550,target_map,86,482,2,predicted,-9.406706,-2.164541,1.640509,-0.471885,-0.437671,-0.036520,0.676183,0.019196,4068.750,0,0.455988,0.455988,0.309596,0.463997
tracking_cdrone3_20260822_205732_073_milestone4,milestone4,1787457508.933424473,raw,484,484,0,detected,6.712928,-3.598297,1.213697,1.597739,-0.167953,-0.283988,0.733887,15.561267,503.500,0,0.000000,0.000000,0.000000,0.000000
tracking_cdrone3_20260822_205732_073_milestone4,milestone4,1787457508.951142788,target_map,83,484,0,detected,6.712883,-3.597046,1.211499,-0.003156,0.088004,-0.154658,0.731278,15.561267,503.500,0,0.014217,0.000000,0.154976,0.353554
tracking_cdrone3_20260822_205732_073_milestone4,milestone4,1787457508.951142788,target_map,84,486,2,predicted,-9.204372,-2.147466,1.685651,0.456875,-0.303269,-0.041501,0.258871,0.005762,3123.125,0,2.736946,2.736946,1.002961,0.959258
tracking_cdrone3_20260822_205732_073_milestone4,milestone4,1787457508.951142788,target_map,85,485,2,predicted,-8.210699,-2.010065,1.690284,0.731271,-0.254995,-0.031340,0.028432,0.014803,591.906,0,3.801097,3.801097,1.384420,1.231729
tracking_cdrone3_20260822_205732_073_milestone4,milestone4,1787457508.951142788,target_map,86,482,2,predicted,-9.453833,-2.208250,1.636862,-0.471885,-0.437671,-0.036520,0.657128,0.019196,4068.750,0,0.555857,0.555857,0.344550,0.488964
tracking_cdrone3_20260822_205732_073_milestone4,milestone4,1787457509.050927401,target_map,83,484,0,detected,6.712568,-3.588265,1.196066,-0.003156,0.088004,-0.154658,0.712971,15.561267,503.500,0,0.114001,0.000000,0.189900,0.378500
tracking_cdrone3_20260822_205732_073_milestone4,milestone4,1787457509.050927401,target_map,84,486,2,predicted,-9.158784,-2.177728,1.681510,0.456875,-0.303269,-0.041501,0.238419,0.005762,3123.125,0,2.836729,2.836729,1.037886,0.984204
tracking_cdrone3_20260822_205732_073_milestone4,milestone4,1787457509.050927401,target_map,85,485,2,predicted,-8.137730,-2.035509,1.687157,0.731271,-0.254995,-0.031340,0.014169,0.014803,591.906,0,3.900880,3.900880,1.419345,1.256675
tracking_cdrone3_20260822_205732_073_milestone4,milestone4,1787457509.050927401,target_map,86,482,2,predicted,-9.500919,-2.251923,1.633217,-0.471885,-0.437671,-0.036520,0.638090,0.019196,4068.750,0,0.655641,0.655641,0.379474,0.513910
tracking_cdrone3_20260822_205732_073_milestone4,milestone4,1787457509.150998116,target_map,83,484,0,detected,6.712253,-3.579459,1.180591,-0.003156,0.088004,-0.154658,0.694613,15.561267,503.500,0,0.214059,0.000000,0.224921,0.403515
tracking_cdrone3_20260822_205732_073_milestone4,milestone4,1787457509.150998116,target_map,84,486,2,predicted,-9.113070,-2.208072,1.677357,0.456875,-0.303269,-0.041501,0.217912,0.005762,3123.125,0,2.936787,2.936787,1.072906,1.009219
tracking_cdrone3_20260822_205732_073_milestone4,milestone4,1787457509.150998116,target_map,85,485,2,predicted,-8.064560,-2.061023,1.684021,0.731271,-0.254995,-0.031340,0.000000,0.014803,591.906,0,4.000938,4.000938,1.454365,1.281689
tracking_cdrone3_20260822_205732_073_milestone4,milestone4,1787457509.150998116,target_map,86,482,2,predicted,-9.548135,-2.295715,1.629563,-0.471885,-0.437671,-0.036520,0.618999,0.019196,4068.750,0,0.755699,0.755699,0.414495,0.538925
tracking_cdrone3_20260822_205732_073_milestone4,milestone4,1787457509.209111929,raw,484,484,0,detected,5.989354,-3.220363,0.679932,-2.624716,1.370930,-1.936196,0.759766,14.707434,742.500,1,0.000000,0.000000,0.000000,0.000000
tracking_cdrone3_20260822_205732_073_milestone4,milestone4,1787457509.250836372,target_map,83,484,0,detected,5.933496,-3.189686,0.636077,-1.445014,0.793613,-1.134504,0.752423,14.707434,742.500,1,0.038656,0.000000,0.163529,0.359664
tracking_cdrone3_20260822_205732_073_milestone4,milestone4,1787457509.250836372,target_map,84,486,2,predicted,-9.067449,-2.238355,1.673213,0.456875,-0.303269,-0.041501,0.197446,0.005762,3123.125,0,3.036642,3.036642,1.107855,1.034182
tracking_cdrone3_20260822_205732_073_milestone4,milestone4,1787457509.250836372,target_map,85,485,2,predicted,-7.991539,-2.086486,1.680892,0.731271,-0.254995,-0.031340,0.000000,0.014803,591.906,0,4.100793,4.100793,1.489314,1.306653
tracking_cdrone3_20260822_205732_073_milestone4,milestone4,1787457509.250836372,target_map,86,482,2,predicted,-9.595255,-2.339418,1.625917,-0.471885,-0.437671,-0.036520,0.599948,0.019196,4068.750,0,0.855553,0.855553,0.449444,0.563888
tracking_cdrone3_20260822_205732_073_milestone4,milestone4,1787457509.351102591,target_map,83,484,0,detected,5.788625,-3.110121,0.522336,-1.445014,0.793613,-1.134504,0.733381,14.707434,742.500,1,0.138912,0.000000,0.198619,0.384728
tracking_cdrone3_20260822_205732_073_milestone4,milestone4,1787457509.351102591,target_map,84,486,2,predicted,-9.021644,-2.268760,1.669053,0.456875,-0.303269,-0.041501,0.176898,0.005762,3123.125,0,3.136898,3.136898,1.142945,1.059246
tracking_cdrone3_20260822_205732_073_milestone4,milestone4,1787457509.351102591,target_map,85,485,2,predicted,-7.918225,-2.112051,1.677750,0.731271,-0.254995,-0.031340,0.000000,0.014803,591.906,0,4.201049,4.201049,1.524404,1.331717
tracking_cdrone3_20260822_205732_073_milestone4,milestone4,1787457509.351102591,target_map,86,482,2,predicted,-9.642565,-2.383298,1.622255,-0.471885,-0.437671,-0.036520,0.580819,0.019196,4068.750,0,0.955810,0.955810,0.484533,0.588952
tracking_cdrone3_20260822_205732_073_milestone4,milestone4,1787457509.451058626,target_map,83,484,0,detected,5.644195,-3.030799,0.408942,-1.445014,0.793613,-1.134504,0.714396,14.707434,742.500,1,0.238862,0.000000,0.233602,0.409716
tracking_cdrone3_20260822_205732_073_milestone4,milestone4,1787457509.451058626,target_map,84,486,2,predicted,-8.975979,-2.299072,1.664904,0.456875,-0.303269,-0.041501,0.156413,0.005762,3123.125,0,3.236848,3.236848,1.177927,1.084234
tracking_cdrone3_20260822_205732_073_milestone4,milestone4,1787457509.451058626,target_map,85,485,2,predicted,-7.845134,-2.137537,1.674617,0.731271,-0.254995,-0.031340,0.000000,0.014803,591.906,0,4.301000,4.301000,1.559386,1.356705
tracking_cdrone3_20260822_205732_073_milestone4,milestone4,1787457509.451058626,target_map,86,482,2,predicted,-9.689730,-2.427043,1.618605,-0.471885,-0.437671,-0.036520,0.561749,0.019196,4068.750,0,1.055760,1.055760,0.519516,0.613940
tracking_cdrone3_20260822_205732_073_milestone4,milestone4,1787457509.485593081,raw,484,484,0,detected,4.830144,-3.141254,1.616045,-4.192916,0.286143,3.385965,0.683594,13.374194,641.250,1,0.000000,0.000000,0.000000,0.000000
tracking_cdrone3_20260822_205732_073_milestone4,milestone4,1787457509.485593081,raw,489,489,0,detected,-8.490473,-2.188199,1.581494,0.000000,0.000000,0.000000,0.861328,0.020093,1416.000,0,0.000000,0.000000,0.000000,0.000000
tracking_cdrone3_20260822_205732_073_milestone4,milestone4,1787457509.551280737,target_map,83,484,0,detected,4.672106,-3.113750,1.688306,-2.956360,0.514504,1.351754,0.674458,13.374194,641.250,1,0.053457,0.000000,0.168710,0.363364
tracking_cdrone3_20260822_205732_073_milestone4,milestone4,1787457509.551280737,target_map,84,489,0,detected,-8.475327,-2.194375,1.579766,0.283336,-0.115524,-0.032322,0.849817,0.020093,1416.000,0,0.053457,0.000000,0.168710,0.363364
tracking_cdrone3_20260822_205732_073_milestone4,milestone4,1787457509.551280737,target_map,85,485,2,predicted,-7.771839,-2.163095,1.671476,0.731271,-0.254995,-0.031340,0.000000,0.014803,591.906,0,4.401230,4.401230,1.594467,1.381762
tracking_cdrone3_20260822_205732_073_milestone4,milestone4,1787457509.551280737,target_map,86,482,2,predicted,-9.737027,-2.470911,1.614945,-0.471885,-0.437671,-0.036520,0.542625,0.019196,4068.750,0,1.155990,1.155990,0.554597,0.638998
tracking_cdrone3_20260822_205732_073_milestone4,milestone4,1787457509.650795698,target_map,83,484,0,detected,4.377900,-3.062548,1.822827,-2.956360,0.514504,1.351754,0.657451,13.374194,641.250,1,0.152973,0.000000,0.203541,0.388243
tracking_cdrone3_20260822_205732_073_milestone4,milestone4,1787457509.650795698,target_map,84,489,0,detected,-8.447130,-2.205871,1.576549,0.283336,-0.115524,-0.032322,0.828388,0.020093,1416.000,0,0.152973,0.000000,0.203541,0.388243
tracking_cdrone3_20260822_205732_073_milestone4,milestone4,1787457509.650795698,target_map,85,485,2,predicted,-7.699066,-2.188472,1.668357,0.731271,-0.254995,-0.031340,0.000000,0.014803,591.906,0,4.500746,4.500746,1.629298,1.406641
tracking_cdrone3_20260822_205732_073_milestone4,milestone4,1787457509.650795698,target_map,86,482,2,predicted,-9.783987,-2.514466,1.611310,-0.471885,-0.437671,-0.036520,0.523638,0.019196,4068.750,0,1.255507,1.255507,0.589427,0.663877
tracking_cdrone3_20260822_205732_073_milestone4,milestone4,1787457509.751217365,target_map,83,484,2,predicted,4.081061,-3.010888,1.958553,-2.956360,0.514504,1.351754,0.640291,13.374194,641.250,1,0.253380,0.253380,0.238683,0.413345
tracking_cdrone3_20260822_205732_073_milestone4,milestone4,1787457509.751217365,target_map,84,489,2,predicted,-8.418681,-2.217471,1.573304,0.283336,-0.115524,-0.032322,0.806767,0.020093,1416.000,0,0.253380,0.253380,0.238683,0.413345
tracking_cdrone3_20260822_205732_073_milestone4,milestone4,1787457509.751217365,target_map,85,485,2,predicted,-7.625641,-2.214075,1.665210,0.731271,-0.254995,-0.031340,0.000000,0.014803,591.906,0,4.601153,4.601153,1.664440,1.431743
tracking_cdrone3_20260822_205732_073_milestone4,milestone4,1787457509.751217365,target_map,86,482,2,predicted,-9.831367,-2.558411,1.607644,-0.471885,-0.437671,-0.036520,0.504481,0.019196,4068.750,0,1.355913,1.355913,0.624570,0.688978
tracking_cdrone3_20260822_205732_073_milestone4,milestone4,1787457509.760487556,raw,484,484,0,detected,7.401744,-3.312289,1.239795,9.353975,-0.622125,-1.368578,0.763184,15.757112,615.000,0,0.000000,0.000000,0.000000,0.000000
tracking_cdrone3_20260822_205732_073_milestone4,milestone4,1787457509.760487556,raw,489,489,0,detected,-8.296685,-2.245525,1.540942,0.704884,-0.208518,-0.147502,0.500977,0.020237,1974.250,0,0.000000,0.000000,0.000000,0.000000
tracking_cdrone3_20260822_205732_073_milestone4,milestone4,1787457509.851003885,target_map,83,484,0,detected,7.664227,-3.317288,1.237416,3.013890,-0.057406,-0.027317,0.746567,15.757112,615.000,0,0.087091,0.000000,0.180482,0.371773
tracking_cdrone3_20260822_205732_073_milestone4,milestone4,1787457509.851003885,target_map,84,489,0,detected,-8.251817,-2.260040,1.532610,0.515187,-0.166671,-0.095671,0.490069,0.020237,1974.250,0,0.087091,0.000000,0.180482,0.371773
tracking_cdrone3_20260822_205732_073_milestone4,milestone4,1787457509.851003885,target_map,85,485,2,predicted,-7.552671,-2.239519,1.662083,0.731271,-0.254995,-0.031340,0.000000,0.014803,591.906,0,4.700937,4.700937,1.699365,1.456689
tracking_cdrone3_20260822_205732_073_milestone4,milestone4,1787457509.851003885,target_map,86,482,2,predicted,-9.878454,-2.602084,1.603999,-0.471885,-0.437671,-0.036520,0.485442,0.019196,4068.750,0,1.455698,1.455698,0.659494,0.713924
tracking_cdrone3_20260822_205732_073_milestone4,milestone4,1787457509.953244925,target_map,83,484,0,detected,7.972393,-3.323158,1.234623,3.013890,-0.057406,-0.027317,0.727058,15.757112,615.000,0,0.189340,0.000000,0.216269,0.397335
tracking_cdrone3_20260822_205732_073_milestone4,milestone4,1787457509.953244925,target_map,84,489,0,detected,-8.199140,-2.277082,1.522828,0.515187,-0.166671,-0.095671,0.477263,0.020237,1974.250,0,0.189340,0.000000,0.216269,0.397335
tracking_cdrone3_20260822_205732_073_milestone4,milestone4,1787457509.953244925,target_map,85,485,2,predicted,-7.477900,-2.265592,1.658878,0.731271,-0.254995,-0.031340,0.000000,0.014803,591.906,0,4.803186,4.803186,1.735152,1.482251
tracking_cdrone3_20260822_205732_073_milestone4,milestone4,1787457509.953244925,target_map,86,482,2,predicted,-9.926704,-2.646835,1.600265,-0.471885,-0.437671,-0.036520,0.465934,0.019196,4068.750,0,1.557946,1.557946,0.695281,0.739487
tracking_cdrone3_20260822_205732_073_milestone4,milestone4,1787457509.997183084,raw,484,484,0,detected,7.005426,-3.286544,1.350110,-1.674551,0.108777,0.466113,0.571777,15.114399,698.750,1,0.000000,0.000000,0.000000,0.000000
tracking_cdrone3_20260822_205732_073_milestone4,milestone4,1787457509.997183084,raw,489,489,0,detected,-8.055886,-2.294589,1.485475,1.017446,-0.207310,-0.234365,0.825684,0.020552,1757.500,0,0.000000,0.000000,0.000000,0.000000
tracking_cdrone3_20260822_205732_073_milestone4,milestone4,1787457510.051398277,target_map,83,484,0,detected,7.027431,-3.284826,1.362449,0.435247,0.033995,0.244070,0.564551,15.114399,698.750,1,0.050555,0.000000,0.167694,0.362639
tracking_cdrone3_20260822_205732_073_milestone4,milestone4,1787457510.051398277,target_map,84,489,0,detected,-8.015876,-2.304145,1.476782,0.791430,-0.189022,-0.171953,0.815248,0.020552,1757.500,0,0.050555,0.000000,0.167694,0.362639
tracking_cdrone3_20260822_205732_073_milestone4,milestone4,1787457510.051398277,target_map,85,485,2,predicted,-7.406120,-2.290622,1.655802,0.731271,-0.254995,-0.031340,0.000000,0.014803,591.906,0,4.901344,4.901344,1.769507,1.506791
tracking_cdrone3_20260822_205732_073_milestone4,milestone4,1787457510.051398277,target_map,86,482,2,predicted,-9.973023,-2.689796,1.596681,-0.471885,-0.437671,-0.036520,0.447206,0.019196,4068.750,0,1.656104,1.656104,0.729636,0.764026
tracking_cdrone3_20260822_205732_073_milestone4,milestone4,1787457510.152319193,target_map,83,484,0,detected,7.071283,-3.281401,1.387040,0.435247,0.033995,0.244070,0.550149,15.114399,698.750,1,0.151308,0.000000,0.202958,0.387827
tracking_cdrone3_20260822_205732_073_milestone4,milestone4,1787457510.152319193,target_map,84,489,0,detected,-7.936136,-2.323189,1.459457,0.791430,-0.189022,-0.171953,0.794450,0.020552,1757.500,0,0.151308,0.000000,0.202958,0.387827
tracking_cdrone3_20260822_205732_073_milestone4,milestone4,1787457510.152319193,target_map,86,482,2,predicted,-10.020567,-2.733893,1.593001,-0.471885,-0.437671,-0.036520,0.427982,0.019196,4068.750,0,1.756857,1.756857,0.764900,0.789214
tracking_cdrone3_20260822_205732_073_milestone4,milestone4,1787457510.250959396,target_map,83,484,2,predicted,7.114292,-3.278041,1.411158,0.435247,0.033995,0.244070,0.536024,15.114399,698.750,1,0.250124,0.250124,0.237543,0.412531
tracking_cdrone3_20260822_205732_073_milestone4,milestone4,1787457510.250959396,target_map,84,489,2,predicted,-7.857931,-2.341868,1.442466,0.791430,-0.189022,-0.171953,0.774053,0.020552,1757.500,0,0.250124,0.250124,0.237543,0.412531
tracking_cdrone3_20260822_205732_073_milestone4,milestone4,1787457510.250959396,target_map,86,482,2,predicted,-10.067197,-2.777141,1.589392,-0.471885,-0.437671,-0.036520,0.409129,0.019196,4068.750,0,1.855673,1.855673,0.799486,0.813918
tracking_cdrone3_20260822_205732_073_milestone4,milestone4,1787457510.261565924,raw,484,484,0,detected,6.962073,-3.310339,0.465122,-0.163981,-0.090001,-3.347396,0.687500,14.988504,590.000,1,0.000000,0.000000,0.000000,0.000000
tracking_cdrone3_20260822_205732_073_milestone4,milestone4,1787457510.261565924,raw,489,489,0,detected,-2.069664,-1.530924,2.120352,22.642389,2.888498,2.401370,0.888184,5.976572,2062.125,0,0.000000,0.000000,0.000000,0.000000
tracking_cdrone3_20260822_205732_073_milestone4,milestone4,1787457510.350789785,target_map,83,484,0,detected,6.971187,-3.313289,0.315809,0.105672,-0.034203,-1.731237,0.672676,14.988504,590.000,1,0.086246,0.000000,0.180186,0.371561
tracking_cdrone3_20260822_205732_073_milestone4,milestone4,1787457510.350789785,target_map,84,489,0,detected,-1.664583,-1.490503,2.153382,4.696816,0.468681,0.382977,0.869033,5.976572,2062.125,0,0.086246,0.000000,0.180186,0.371561
tracking_cdrone3_20260822_205732_073_milestone4,milestone4,1787457510.350789785,target_map,86,482,2,predicted,-10.114305,-2.820834,1.585747,-0.471885,-0.437671,-0.036520,0.390082,0.019196,4068.750,0,1.955503,1.955503,0.834426,0.838876
tracking_cdrone3_20260822_205732_073_milestone4,milestone4,1787457510.451140642,target_map,83,484,0,detected,6.981791,-3.316721,0.142083,0.105672,-0.034203,-1.731237,0.655429,14.988504,590.000,1,0.186594,0.000000,0.215308,0.396649
tracking_cdrone3_20260822_205732_073_milestone4,milestone4,1787457510.451140642,target_map,84,489,0,detected,-1.193264,-1.443471,2.191813,4.696816,0.468681,0.382977,0.846751,5.976572,2062.125,0,0.186594,0.000000,0.215308,0.396649
tracking_cdrone3_20260822_205732_073_milestone4,milestone4,1787457510.451140642,target_map,86,482,2,predicted,-10.161657,-2.864753,1.582082,-0.471885,-0.437671,-0.036520,0.370936,0.019196,4068.750,0,2.055851,2.055851,0.869548,0.863963
tracking_cdrone3_20260822_205732_073_milestone4,milestone4,1787457510.551151276,target_map,83,484,2,predicted,6.992359,-3.320142,-0.031060,0.105672,-0.034203,-1.731237,0.638240,14.988504,590.000,1,0.286605,0.286605,0.250312,0.421651
tracking_cdrone3_20260822_205732_073_milestone4,milestone4,1787457510.551151276,target_map,84,489,2,predicted,-0.723533,-1.396598,2.230115,4.696816,0.468681,0.382977,0.824544,5.976572,2062.125,0,0.286605,0.286605,0.250312,0.421651
tracking_cdrone3_20260822_205732_073_milestone4,milestone4,1787457510.551151276,target_map,86,482,2,predicted,-10.208851,-2.908525,1.578429,-0.471885,-0.437671,-0.036520,0.351854,0.019196,4068.750,0,2.155862,2.155862,0.904552,0.888965
tracking_cdrone3_20260822_205732_073_milestone4,milestone4,1787457510.554898024,raw,484,484,0,detected,4.394272,-3.271188,1.825623,-8.754003,0.133471,4.638144,0.705566,12.260826,594.500,1,0.000000,0.000000,0.000000,0.000000
tracking_cdrone3_20260822_205732_073_milestone4,milestone4,1787457510.554898024,raw,489,489,0,detected,11.165690,0.293524,5.155016,45.121231,6.219807,10.345608,0.855957,19.515314,2174.875,0,0.000000,0.000000,0.000000,0.000000
tracking_cdrone3_20260822_205732_073_milestone4,milestone4,1787457510.650924921,target_map,83,484,0,detected,4.036028,-3.267094,1.945104,-3.840087,0.043883,1.280736,0.689111,12.260826,594.500,1,0.093291,0.000000,0.182652,0.373323
tracking_cdrone3_20260822_205732_073_milestone4,milestone4,1787457510.650924921,target_map,84,489,0,detected,11.759399,0.367860,5.262013,6.364084,0.796826,1.146918,0.835994,19.515314,2174.875,0,0.093291,0.000000,0.182652,0.373323
tracking_cdrone3_20260822_205732_073_milestone4,milestone4,1787457510.650924921,target_map,86,482,2,predicted,-10.255935,-2.952194,1.574786,-0.471885,-0.437671,-0.036520,0.332817,0.019196,4068.750,0,2.255638,2.255638,0.939473,0.913910
tracking_cdrone3_20260822_205732_073_milestone4,milestone4,1787457510.750936031,target_map,83,484,0,detected,3.651993,-3.262706,2.073186,-3.840087,0.043883,1.280736,0.671470,12.260826,594.500,1,0.193298,0.000000,0.217654,0.398324
tracking_cdrone3_20260822_205732_073_milestone4,milestone4,1787457510.750936031,target_map,84,489,0,detected,12.395853,0.447548,5.376713,6.364084,0.796826,1.146918,0.814593,19.515314,2174.875,0,0.193298,0.000000,0.217654,0.398324
tracking_cdrone3_20260822_205732_073_milestone4,milestone4,1787457510.750936031,target_map,86,482,2,predicted,-10.303126,-2.995965,1.571133,-0.471885,-0.437671,-0.036520,0.313736,0.019196,4068.750,0,2.355645,2.355645,0.974476,0.938911
tracking_cdrone3_20260822_205732_073_milestone4,milestone4,1787457510.839962959,raw,484,484,0,detected,3.401921,-3.326738,1.336711,-3.480994,-0.194860,-1.715016,0.546875,11.107602,825.000,1,0.000000,0.000000,0.000000,0.000000
tracking_cdrone3_20260822_205732_073_milestone4,milestone4,1787457510.839962959,raw,489,489,0,detected,11.900996,0.172122,4.222387,2.579321,-0.425857,-3.271499,0.855469,19.902737,1680.250,0,0.000000,0.000000,0.000000,0.000000
tracking_cdrone3_20260822_205732_073_milestone4,milestone4,1787457510.851287842,target_map,83,484,0,detected,3.375551,-3.327371,1.334055,-3.642586,-0.087426,-0.366927,0.545885,11.107602,825.000,1,0.007239,0.000000,0.152534,0.351810
tracking_cdrone3_20260822_205732_073_milestone4,milestone4,1787457510.851287842,target_map,84,489,0,detected,11.931998,0.173022,4.213097,4.282465,0.124350,-1.283211,0.853921,19.902737,1680.250,0,0.007239,0.000000,0.152534,0.351810
tracking_cdrone3_20260822_205732_073_milestone4,milestone4,1787457510.851287842,target_map,86,482,2,predicted,-10.350482,-3.039886,1.567469,-0.471885,-0.437671,-0.036520,0.294589,0.019196,4068.750,0,2.455999,2.455999,1.009600,0.964000
tracking_cdrone3_20260822_205732_073_milestone4,milestone4,1787457510.951088667,target_map,83,484,0,detected,3.012024,-3.336096,1.297436,-3.642586,-0.087426,-0.366927,0.532241,11.107602,825.000,1,0.107038,0.000000,0.187463,0.376760
tracking_cdrone3_20260822_205732_073_milestone4,milestone4,1787457510.951088667,target_map,84,489,0,detected,12.359384,0.185432,4.085034,4.282465,0.124350,-1.283211,0.832577,19.902737,1680.250,0,0.107038,0.000000,0.187463,0.376760
tracking_cdrone3_20260822_205732_073_milestone4,milestone4,1787457510.951088667,target_map,86,482,2,predicted,-10.397575,-3.083565,1.563824,-0.471885,-0.437671,-0.036520,0.275548,0.019196,4068.750,0,2.555798,2.555798,1.044529,0.988950
tracking_cdrone3_20260822_205732_073_milestone4,milestone4,1787457511.051002741,target_map,83,484,0,detected,2.648080,-3.344831,1.260775,-3.642586,-0.087426,-0.366927,0.518581,11.107602,825.000,1,0.206952,0.000000,0.222433,0.401738
tracking_cdrone3_20260822_205732_073_milestone4,milestone4,1787457511.051002741,target_map,84,489,0,detected,12.787261,0.197856,3.956824,4.282465,0.124350,-1.283211,0.811208,19.902737,1680.250,0,0.206952,0.000000,0.222433,0.401738
tracking_cdrone3_20260822_205732_073_milestone4,milestone4,1787457511.051002741,target_map,86,482,2,predicted,-10.444723,-3.127295,1.560175,-0.471885,-0.437671,-0.036520,0.256485,0.019196,4068.750,0,2.655712,2.655712,1.079499,1.013928
tracking_cdrone3_20260822_205732_073_milestone4,milestone4,1787457511.104371786,raw,484,484,0,detected,2.148695,-3.171644,1.511016,-4.739893,0.586592,0.659248,0.634277,9.686769,797.500,1,0.000000,0.000000,0.000000,0.000000
tracking_cdrone3_20260822_205732_073_milestone4,milestone4,1787457511.104371786,raw,489,489,0,detected,12.279989,0.473984,4.344845,1.433411,1.141689,0.463156,0.849121,20.174809,2071.000,0,0.000000,0.000000,0.000000,0.000000
tracking_cdrone3_20260822_205732_073_milestone4,milestone4,1787457511.150838375,target_map,83,484,0,detected,1.966130,-3.159464,1.519506,-4.246105,0.283284,0.197469,0.627460,9.686769,797.500,1,0.042996,0.000000,0.165049,0.360749
tracking_cdrone3_20260822_205732_073_milestone4,milestone4,1787457511.150838375,target_map,84,489,0,detected,12.396744,0.503388,4.330970,2.715485,0.683886,-0.322709,0.839994,20.174809,2071.000,0,0.042996,0.000000,0.165049,0.360749
tracking_cdrone3_20260822_205732_073_milestone4,milestone4,1787457511.150838375,target_map,86,482,2,predicted,-10.491836,-3.170992,1.556529,-0.471885,-0.437671,-0.036520,0.237436,0.019196,4068.750,0,2.755551,2.755551,1.114443,1.038888
tracking_cdrone3_20260822_205732_073_milestone4,milestone4,1787457511.251031876,target_map,83,484,0,detected,1.540740,-3.131083,1.539289,-4.246105,0.283284,0.197469,0.611573,9.686769,797.500,1,0.143179,0.000000,0.200113,0.385795
tracking_cdrone3_20260822_205732_073_milestone4,milestone4,1787457511.251031876,target_map,84,489,0,detected,12.668791,0.571902,4.298640,2.715485,0.683886,-0.322709,0.818727,20.174809,2071.000,0,0.143179,0.000000,0.200113,0.385795
tracking_cdrone3_20260822_205732_073_milestone4,milestone4,1787457511.251031876,target_map,86,482,2,predicted,-10.539111,-3.214839,1.552870,-0.471885,-0.437671,-0.036520,0.218321,0.019196,4068.750,0,2.855735,2.855735,1.149507,1.063934
tracking_cdrone3_20260822_205732_073_milestone4,milestone4,1787457511.350776196,target_map,83,484,0,detected,1.117208,-3.102827,1.558986,-4.246105,0.283284,0.197469,0.595757,9.686769,797.500,1,0.242925,0.000000,0.235024,0.410731
tracking_cdrone3_20260822_205732_073_milestone4,milestone4,1787457511.350776196,target_map,84,489,0,detected,12.939650,0.640117,4.266451,2.715485,0.683886,-0.322709,0.797553,20.174809,2071.000,0,0.242925,0.000000,0.235024,0.410731
tracking_cdrone3_20260822_205732_073_milestone4,milestone4,1787457511.350776196,target_map,86,482,2,predicted,-10.586180,-3.258495,1.549227,-0.471885,-0.437671,-0.036520,0.199290,0.019196,4068.750,0,2.955481,2.955481,1.184418,1.088870
tracking_cdrone3_20260822_205732_073_milestone4,milestone4,1787457511.410386562,raw,484,484,0,detected,7.356537,-3.391435,1.256502,17.017368,-0.718198,-0.831659,0.736816,14.650750,787.500,0,0.000000,0.000000,0.000000,0.000000
tracking_cdrone3_20260822_205732_073_milestone4,milestone4,1787457511.410386562,raw,489,489,0,detected,12.331106,0.613688,3.945879,0.167031,0.456503,-1.303678,0.842285,19.946672,1811.250,1,0.000000,0.000000,0.000000,0.000000
tracking_cdrone3_20260822_205732_073_milestone4,milestone4,1787457511.450911760,target_map,83,484,0,detected,7.447845,-3.393564,1.251874,2.480108,-0.057833,-0.125725,0.730035,14.650750,787.500,0,0.036816,0.000000,0.162886,0.359204
tracking_cdrone3_20260822_205732_073_milestone4,milestone4,1787457511.450911760,target_map,84,489,0,detected,12.379477,0.634262,3.914135,1.313835,0.558825,-0.862242,0.834533,19.946672,1811.250,1,0.036816,0.000000,0.162886,0.359204
tracking_cdrone3_20260822_205732_073_milestone4,milestone4,1787457511.450911760,target_map,86,482,2,predicted,-10.633435,-3.302324,1.545570,-0.471885,-0.437671,-0.036520,0.180183,0.019196,4068.750,0,3.055623,3.055623,1.219468,1.113906
tracking_cdrone3_20260822_205732_073_milestone4,milestone4,1787457511.550936222,target_map,83,484,0,detected,7.695922,-3.399349,1.239298,2.480108,-0.057833,-0.125725,0.711609,14.650750,787.500,0,0.136843,0.000000,0.197895,0.384211
tracking_cdrone3_20260822_205732_073_milestone4,milestone4,1787457511.550936222,target_map,84,489,0,detected,12.510895,0.690159,3.827888,1.313835,0.558825,-0.862242,0.813470,19.946672,1811.250,1,0.136843,0.000000,0.197895,0.384211
tracking_cdrone3_20260822_205732_073_milestone4,milestone4,1787457511.550936222,target_map,86,482,2,predicted,-10.680636,-3.346103,1.541917,-0.471885,-0.437671,-0.036520,0.161099,0.019196,4068.750,0,3.155649,3.155649,1.254477,1.138912
tracking_cdrone3_20260822_205732_073_milestone4,milestone4,1787457511.651045322,target_map,83,484,0,detected,7.944183,-3.405138,1.226713,2.480108,-0.057833,-0.125725,0.693170,14.650750,787.500,0,0.236944,0.000000,0.232930,0.409236
tracking_cdrone3_20260822_205732_073_milestone4,milestone4,1787457511.651045322,target_map,84,489,0,detected,12.642411,0.746098,3.741576,1.313835,0.558825,-0.862242,0.792392,19.946672,1811.250,1,0.236944,0.000000,0.232930,0.409236
tracking_cdrone3_20260822_205732_073_milestone4,milestone4,1787457511.651045322,target_map,86,482,2,predicted,-10.727873,-3.389914,1.538262,-0.471885,-0.437671,-0.036520,0.142000,0.019196,4068.750,0,3.255750,3.255750,1.289513,1.163938
tracking_cdrone3_20260822_205732_073_milestone4,milestone4,1787457511.669246197,raw,484,484,0,detected,7.820706,-3.495091,1.542878,1.793157,-0.400440,1.106314,0.432129,14.985571,670.000,0,0.000000,0.000000,0.000000,0.000000
tracking_cdrone3_20260822_205732_073_milestone4,milestone4,1787457511.669246197,raw,489,489,0,detected,10.903248,0.503758,3.850875,-5.516037,-0.424675,-0.367016,0.888184,18.379154,2664.500,1,0.000000,0.000000,0.000000,0.000000
tracking_cdrone3_20260822_205732_073_milestone4,milestone4,1787457511.750787497,target_map,83,484,0,detected,7.984794,-3.514313,1.585955,2.102285,-0.246267,0.551896,0.423697,14.985571,670.000,0,0.078052,0.000000,0.177318,0.369513
tracking_cdrone3_20260822_205732_073_milestone4,milestone4,1787457511.750787497,target_map,84,489,0,detected,10.712599,0.505155,3.804835,-2.442594,0.017900,-0.589868,0.870852,18.379154,2664.500,1,0.078052,0.000000,0.177318,0.369513
tracking_cdrone3_20260822_205732_073_milestone4,milestone4,1787457511.750787497,target_map,86,482,2,predicted,-10.774938,-3.433566,1.534619,-0.471885,-0.437671,-0.036520,0.122970,0.019196,4068.750,0,3.355488,3.355488,1.324421,1.188872
tracking_cdrone3_20260822_205732_073_milestone4,milestone4,1787457511.851094246,target_map,83,484,0,detected,8.195660,-3.539014,1.641312,2.102285,-0.246267,0.551896,0.412861,14.985571,670.000,0,0.178355,0.000000,0.212424,0.394589
tracking_cdrone3_20260822_205732_073_milestone4,milestone4,1787457511.851094246,target_map,84,489,0,detected,10.467599,0.506951,3.745669,-2.442594,0.017900,-0.589868,0.848581,18.379154,2664.500,1,0.178355,0.000000,0.212424,0.394589
tracking_cdrone3_20260822_205732_073_milestone4,milestone4,1787457511.851094246,target_map,86,482,2,predicted,-10.822268,-3.477466,1.530956,-0.471885,-0.437671,-0.036520,0.103833,0.019196,4068.750,0,3.455791,3.455791,1.359527,1.213948
tracking_cdrone3_20260822_205732_073_milestone4,milestone4,1787457511.926428318,raw,484,484,0,detected,6.941852,-3.279631,1.181522,-3.417213,0.837765,-1.405046,0.805664,14.013287,677.250,1,0.000000,0.000000,0.000000,0.000000
tracking_cdrone3_20260822_205732_073_milestone4,milestone4,1787457511.926428318,raw,489,489,0,detected,-2.276450,-1.446234,1.967505,-51.246078,-7.582076,-7.323029,0.853516,4.842761,2406.250,1,0.000000,0.000000,0.000000,0.000000
tracking_cdrone3_20260822_205732_073_milestone4,milestone4,1787457511.950798035,target_map,83,484,0,detected,6.923016,-3.272569,1.170940,-0.933439,0.349951,-0.524422,0.801600,14.013287,677.250,1,0.020180,0.000000,0.157063,0.355045
tracking_cdrone3_20260822_205732_073_milestone4,milestone4,1787457511.950798035,target_map,84,489,0,detected,-2.385599,-1.458939,1.949721,-5.408937,-0.629594,-0.881304,0.849210,4.842761,2406.250,1,0.020180,0.000000,0.157063,0.355045
tracking_cdrone3_20260822_205732_073_milestone4,milestone4,1787457511.950798035,target_map,86,482,2,predicted,-10.869328,-3.521113,1.527314,-0.471885,-0.437671,-0.036520,0.084806,0.019196,4068.750,0,3.555516,3.555516,1.394431,1.238879
tracking_cdrone3_20260822_205732_073_milestone4,milestone4,1787457512.050887108,target_map,83,484,0,detected,6.829592,-3.237544,1.118452,-0.933439,0.349951,-0.524422,0.781441,14.013287,677.250,1,0.120265,0.000000,0.192093,0.380066
tracking_cdrone3_20260822_205732_073_milestone4,milestone4,1787457512.050887108,target_map,84,489,0,detected,-2.926958,-1.521953,1.861515,-5.408937,-0.629594,-0.881304,0.827854,4.842761,2406.250,1,0.120265,0.000000,0.192093,0.380066
tracking_cdrone3_20260822_205732_073_milestone4,milestone4,1787457512.050887108,target_map,86,482,2,predicted,-10.916556,-3.564918,1.523659,-0.471885,-0.437671,-0.036520,0.065710,0.019196,4068.750,0,3.655602,3.655602,1.429461,1.263901
tracking_cdrone3_20260822_205732_073_milestone4,milestone4,1787457512.151352167,target_map,83,484,0,detected,6.735823,-3.202389,1.065771,-0.933439,0.349951,-0.524422,0.761207,14.013287,677.250,1,0.220721,0.000000,0.227252,0.405180
tracking_cdrone3_20260822_205732_073_milestone4,milestone4,1787457512.151352167,target_map,84,489,0,detected,-3.470315,-1.585199,1.772983,-5.408937,-0.629594,-0.881304,0.806418,4.842761,2406.250,1,0.220721,0.000000,0.227252,0.405180
tracking_cdrone3_20260822_205732_073_milestone4,milestone4,1787457512.151352167,target_map,86,482,2,predicted,-10.963960,-3.608884,1.519990,-0.471885,-0.437671,-0.036520,0.046543,0.019196,4068.750,0,3.756058,3.756058,1.464620,1.289014
tracking_cdrone3_20260822_205732_073_milestone4,milestone4,1787457512.179419518,raw,484,484,0,detected,7.584963,-3.580261,1.121993,2.542047,-1.188314,-0.235302,0.651367,14.471783,688.000,0,0.000000,0.000000,0.000000,0.000000
tracking_cdrone3_20260822_205732_073_milestone4,milestone4,1787457512.179419518,raw,489,489,0,detected,11.639930,0.871466,2.847971,55.007778,9.161258,3.480250,0.892090,18.764969,3467.500,0,0.000000,0.000000,0.000000,0.000000
tracking_cdrone3_20260822_205732_073_milestone4,milestone4,1787457512.251156330,target_map,83,484,0,detected,7.652032,-3.614280,1.096936,0.978078,-0.496095,-0.365406,0.640201,14.471783,688.000,0,0.068573,0.000000,0.174000,0.367143
tracking_cdrone3_20260822_205732_073_milestone4,milestone4,1787457512.251156330,target_map,84,489,0,detected,11.770064,0.901509,2.839570,1.897770,0.438120,-0.122521,0.876797,18.764969,3467.500,0,0.068573,0.000000,0.174000,0.367143
tracking_cdrone3_20260822_205732_073_milestone4,milestone4,1787457512.251156330,target_map,86,482,2,predicted,-11.011058,-3.652567,1.516345,-0.471885,-0.437671,-0.036520,0.027500,0.019196,4068.750,0,3.855865,3.855865,1.499553,1.313966
tracking_cdrone3_20260822_205732_073_milestone4,milestone4,1787457512.351357460,target_map,83,484,0,detected,7.750031,-3.663986,1.060324,0.978078,-0.496095,-0.365406,0.623885,14.471783,688.000,0,0.168768,0.000000,0.209069,0.392192
tracking_cdrone3_20260822_205732_073_milestone4,milestone4,1787457512.351357460,target_map,84,489,0,detected,11.960213,0.945406,2.827294,1.897770,0.438120,-0.122521,0.854451,18.764969,3467.500,0,0.168768,0.000000,0.209069,0.392192
tracking_cdrone3_20260822_205732_073_milestone4,milestone4,1787457512.351357460,target_map,86,482,2,predicted,-11.058338,-3.696419,1.512686,-0.471885,-0.437671,-0.036520,0.008383,0.019196,4068.750,0,3.956061,3.956061,1.534621,1.339015
tracking_cdrone3_20260822_205732_073_milestone4,milestone4,1787457512.444485426,raw,484,484,0,detected,7.627460,-3.642811,1.024742,0.160335,-0.235989,-0.366910,0.757812,14.358190,720.000,1,0.000000,0.000000,0.000000,0.000000
tracking_cdrone3_20260822_205732_073_milestone4,milestone4,1787457512.444485426,raw,489,489,0,detected,8.387429,0.586015,2.322342,-12.271109,-1.076954,-1.983106,0.885742,15.322435,3792.250,1,0.000000,0.000000,0.000000,0.000000
tracking_cdrone3_20260822_205732_073_milestone4,milestone4,1787457512.451080084,target_map,83,484,0,detected,7.628241,-3.643333,1.024201,0.528319,-0.353036,-0.366233,0.757532,14.358190,720.000,1,0.001478,0.000000,0.150517,0.350370
tracking_cdrone3_20260822_205732_073_milestone4,milestone4,1787457512.451080084,target_map,84,489,0,detected,8.382295,0.585745,2.321227,-3.473436,-0.182636,-0.754481,0.885415,15.322435,3792.250,1,0.001478,0.000000,0.150517,0.350370
tracking_cdrone3_20260822_205732_073_milestone4,milestone4,1787457512.451080084,target_map,86,482,2,predicted,-11.105409,-3.740077,1.509043,-0.471885,-0.437671,-0.036520,0.000000,0.019196,4068.750,0,4.055810,4.055810,1.569533,1.363953
tracking_cdrone3_20260822_205732_073_milestone4,milestone4,1787457512.551479578,target_map,83,484,0,detected,7.681271,-3.678769,0.987441,0.528319,-0.353036,-0.366233,0.738516,14.358190,720.000,1,0.101852,0.000000,0.185648,0.375463
tracking_cdrone3_20260822_205732_073_milestone4,milestone4,1787457512.551479578,target_map,84,489,0,detected,8.033651,0.567414,2.245497,-3.473436,-0.182636,-0.754481,0.863188,15.322435,3792.250,1,0.101852,0.000000,0.185648,0.375463
tracking_cdrone3_20260822_205732_073_milestone4,milestone4,1787457512.551479578,target_map,86,482,2,predicted,-11.152774,-3.784007,1.505378,-0.471885,-0.437671,-0.036520,0.000000,0.019196,4068.750,0,4.156184,4.156184,1.604664,1.389046
tracking_cdrone3_20260822_205732_073_milestone4,milestone4,1787457512.651034355,target_map,83,484,0,detected,7.733863,-3.713912,0.950983,0.528319,-0.353036,-0.366233,0.719657,14.358190,720.000,1,0.201399,0.000000,0.220490,0.400350
tracking_cdrone3_20260822_205732_073_milestone4,milestone4,1787457512.651034355,target_map,84,489,0,detected,7.687882,0.549233,2.170390,-3.473436,-0.182636,-0.754481,0.841145,15.322435,3792.250,1,0.201399,0.000000,0.220490,0.400350
tracking_cdrone3_20260822_205732_073_milestone4,milestone4,1787457512.651034355,target_map,86,482,2,predicted,-11.199748,-3.827576,1.501742,-0.471885,-0.437671,-0.036520,0.000000,0.019196,4068.750,0,4.255731,4.255731,1.639506,1.413933
tracking_cdrone3_20260822_205732_073_milestone4,milestone4,1787457512.698846340,raw,484,484,0,detected,7.747146,-3.686413,1.103328,0.470509,-0.171407,0.308934,0.770508,14.390294,655.500,0,0.000000,0.000000,0.000000,0.000000
tracking_cdrone3_20260822_205732_073_milestone4,milestone4,1787457512.698846340,raw,489,489,0,detected,11.561826,1.643916,2.432841,12.479178,4.158814,0.434394,0.879883,18.558952,3321.500,0,0.000000,0.000000,0.000000,0.000000
tracking_cdrone3_20260822_205732_073_milestone4,milestone4,1787457512.750970364,target_map,83,484,0,detected,7.771102,-3.698626,1.103574,0.496524,-0.253140,0.005109,0.761214,14.390294,655.500,0,0.048248,0.000000,0.166887,0.362062
tracking_cdrone3_20260822_205732_073_milestone4,milestone4,1787457512.750970364,target_map,84,489,0,detected,11.687703,1.707033,2.423467,2.608977,1.308184,-0.194290,0.869270,18.558952,3321.500,0,0.048248,0.000000,0.166887,0.362062
tracking_cdrone3_20260822_205732_073_milestone4,milestone4,1787457512.750970364,target_map,86,482,2,predicted,-11.246913,-3.871320,1.498092,-0.471885,-0.437671,-0.036520,0.000000,0.019196,4068.750,0,4.355680,4.355680,1.674488,1.438920
tracking_cdrone3_20260822_205732_073_milestone4,milestone4,1787457512.851087570,target_map,83,484,0,detected,7.820808,-3.723968,1.104086,0.496524,-0.253140,0.005109,0.741930,14.390294,655.500,0,0.148356,0.000000,0.201925,0.387089
tracking_cdrone3_20260822_205732_073_milestone4,milestone4,1787457512.851087570,target_map,84,489,0,detected,11.948884,1.837993,2.404017,2.608977,1.308184,-0.194290,0.847249,18.558952,3321.500,0,0.148356,0.000000,0.201925,0.387089
tracking_cdrone3_20260822_205732_073_milestone4,milestone4,1787457512.851087570,target_map,86,482,2,predicted,-11.294152,-3.915135,1.494436,-0.471885,-0.437671,-0.036520,0.000000,0.019196,4068.750,0,4.455788,4.455788,1.709526,1.463947
tracking_cdrone3_20260822_205732_073_milestone4,milestone4,1787457512.951271057,target_map,83,484,0,detected,7.870543,-3.749323,1.104597,0.496524,-0.253140,0.005109,0.722636,14.390294,655.500,0,0.248522,0.000000,0.236983,0.412130
tracking_cdrone3_20260822_205732_073_milestone4,milestone4,1787457512.951271057,target_map,84,489,0,detected,12.210214,1.969028,2.384556,2.608977,1.308184,-0.194290,0.825215,18.558952,3321.500,0,0.248522,0.000000,0.236983,0.412130
tracking_cdrone3_20260822_205732_073_milestone4,milestone4,1787457512.951271057,target_map,86,482,2,predicted,-11.341419,-3.958975,1.490778,-0.471885,-0.437671,-0.036520,0.000000,0.019196,4068.750,0,4.555953,4.555953,1.744584,1.488988
tracking_cdrone3_20260822_205732_073_milestone4,milestone4,1787457512.966031790,raw,484,484,0,detected,7.854574,-3.963694,0.898449,0.402079,-1.037803,-0.766815,0.792480,14.400650,857.500,0,0.000000,0.000000,0.000000,0.000000
tracking_cdrone3_20260822_205732_073_milestone4,milestone4,1787457512.966031790,raw,489,489,0,detected,-1.969564,-1.304342,1.854078,-50.644955,-11.034666,-2.166183,0.876953,4.562095,3604.688,1,0.000000,0.000000,0.000000,0.000000
tracking_cdrone3_20260822_205732_073_milestone4,milestone4,1787457513.050933361,target_map,83,484,0,detected,7.890378,-4.018836,0.864670,0.444579,-0.684705,-0.419449,0.776525,14.400650,857.500,0,0.080533,0.000000,0.178186,0.370133
tracking_cdrone3_20260822_205732_073_milestone4,milestone4,1787457513.050933361,target_map,84,489,0,detected,-2.220935,-1.332303,1.832241,-3.121348,-0.347209,-0.271153,0.859297,4.562095,3604.688,1,0.080533,0.000000,0.178186,0.370133
tracking_cdrone3_20260822_205732_073_milestone4,milestone4,1787457513.050933361,target_map,86,482,2,predicted,-11.388460,-4.002605,1.487138,-0.471885,-0.437671,-0.036520,0.000000,0.019196,4068.750,0,4.655642,4.655642,1.779474,1.513910
tracking_cdrone3_20260822_205732_073_milestone4,milestone4,1787457513.150794268,target_map,83,484,0,detected,7.934774,-4.087212,0.822783,0.444579,-0.684705,-0.419449,0.756741,14.400650,857.500,0,0.180395,0.000000,0.213138,0.395099
tracking_cdrone3_20260822_205732_073_milestone4,milestone4,1787457513.150794268,target_map,84,489,0,detected,-2.532638,-1.366976,1.805163,-3.121348,-0.347209,-0.271153,0.837404,4.562095,3604.688,1,0.180395,0.000000,0.213138,0.395099
tracking_cdrone3_20260822_205732_073_milestone4,milestone4,1787457513.150794268,target_map,86,482,2,predicted,-11.435584,-4.046312,1.483491,-0.471885,-0.437671,-0.036520,0.000000,0.019196,4068.750,0,4.755504,4.755504,1.814426,1.538876
tracking_cdrone3_20260822_205732_073_milestone4,milestone4,1787457513.200544834,raw,484,484,0,detected,7.154477,-3.630132,1.033645,-2.985385,1.422391,0.576510,0.558105,13.419907,717.500,1,0.000000,0.000000,0.000000,0.000000
tracking_cdrone3_20260822_205732_073_milestone4,milestone4,1787457513.200544834,raw,489,489,0,detected,-2.125497,-1.218104,1.840015,-0.664939,0.367740,-0.059967,0.833984,4.197114,3215.625,1,0.000000,0.000000,0.000000,0.000000
tracking_cdrone3_20260822_205732_073_milestone4,milestone4,1787457513.251190186,target_map,83,484,0,detected,7.093664,-3.610133,1.039057,-1.441901,0.474198,0.128328,0.552221,13.419907,717.500,1,0.042176,0.000000,0.164761,0.360544
tracking_cdrone3_20260822_205732_073_milestone4,milestone4,1787457513.251190186,target_map,84,489,0,detected,-2.200162,-1.216163,1.833478,-1.770323,0.046013,-0.155000,0.825191,4.197114,3215.625,1,0.042176,0.000000,0.164761,0.360544
tracking_cdrone3_20260822_205732_073_milestone4,milestone4,1787457513.251190186,target_map,86,482,2,predicted,-11.482959,-4.090252,1.479824,-0.471885,-0.437671,-0.036520,0.000000,0.019196,4068.750,0,4.855899,4.855899,1.849565,1.563975
tracking_cdrone3_20260822_205732_073_milestone4,milestone4,1787457513.350762844,target_map,83,484,0,detected,6.950093,-3.562917,1.051835,-1.441901,0.474198,0.128328,0.538328,13.419907,717.500,1,0.141746,0.000000,0.199611,0.385437
tracking_cdrone3_20260822_205732_073_milestone4,milestone4,1787457513.350762844,target_map,84,489,0,detected,-2.376434,-1.211582,1.818044,-1.770323,0.046013,-0.155000,0.804431,4.197114,3215.625,1,0.141746,0.000000,0.199611,0.385437
tracking_cdrone3_20260822_205732_073_milestone4,milestone4,1787457513.350762844,target_map,86,482,2,predicted,-11.529944,-4.133831,1.476188,-0.471885,-0.437671,-0.036520,0.000000,0.019196,4068.750,0,4.955469,4.955469,1.884414,1.588867
tracking_cdrone3_20260822_205732_073_milestone4,milestone4,1787457513.451040745,target_map,83,484,0,detected,6.805506,-3.515366,1.064703,-1.441901,0.474198,0.128328,0.524337,13.419907,717.500,1,0.242021,0.000000,0.234707,0.410505
tracking_cdrone3_20260822_205732_073_milestone4,milestone4,1787457513.451040745,target_map,84,489,0,detected,-2.553953,-1.206968,1.802502,-1.770323,0.046013,-0.155000,0.783524,4.197114,3215.625,1,0.242021,0.000000,0.234707,0.410505
tracking_cdrone3_20260822_205732_073_milestone4,milestone4,1787457513.459138393,raw,484,484,0,detected,7.313305,-3.550974,1.121917,0.614190,0.306106,0.341348,0.765137,13.431507,792.000,0,0.000000,0.000000,0.000000,0.000000
tracking_cdrone3_20260822_205732_073_milestone4,milestone4,1787457513.459138393,raw,489,489,0,detected,-2.124819,-1.177047,1.823407,0.002623,0.158766,-0.064225,0.850586,4.082873,4806.750,1,0.000000,0.000000,0.000000,0.000000
tracking_cdrone3_20260822_205732_073_milestone4,milestone4,1787457513.551003456,target_map,83,484,0,detected,7.285746,-3.517151,1.143667,-0.311051,0.381748,0.245489,0.748189,13.431507,792.000,0,0.088601,0.000000,0.181010,0.372150
tracking_cdrone3_20260822_205732_073_milestone4,milestone4,1787457513.551003456,target_map,84,489,0,detected,-2.195275,-1.167476,1.814097,-0.795202,0.108027,-0.105074,0.831745,4.082873,4806.750,1,0.088601,0.000000,0.181010,0.372150
tracking_cdrone3_20260822_205732_073_milestone4,milestone4,1787457513.651140928,target_map,83,484,0,detected,7.254599,-3.478926,1.168248,-0.311051,0.381748,0.245489,0.729035,13.431507,792.000,0,0.188733,0.000000,0.216057,0.397183
tracking_cdrone3_20260822_205732_073_milestone4,milestone4,1787457513.651140928,target_map,84,489,0,detected,-2.274900,-1.156659,1.803576,-0.795202,0.108027,-0.105074,0.810453,4.082873,4806.750,1,0.188733,0.000000,0.216057,0.397183
tracking_cdrone3_20260822_205732_073_milestone4,milestone4,1787457513.713962078,raw,484,484,0,detected,6.009743,-3.499199,1.113448,-5.115549,0.203179,-0.033231,0.810059,12.053958,948.000,1,0.000000,0.000000,0.000000,0.000000
tracking_cdrone3_20260822_205732_073_milestone4,milestone4,1787457513.713962078,raw,489,489,0,detected,13.492935,3.562723,2.647588,61.288532,18.600212,3.234325,0.846191,20.355291,4433.312,0,0.000000,0.000000,0.000000,0.000000
tracking_cdrone3_20260822_205732_073_milestone4,milestone4,1787457513.750630379,target_map,83,484,0,detected,5.913668,-3.489976,1.116447,-2.953525,0.283535,0.092193,0.803471,12.053958,948.000,1,0.032529,0.000000,0.161385,0.358132
tracking_cdrone3_20260822_205732_073_milestone4,milestone4,1787457513.750630379,target_map,84,489,0,detected,13.618080,3.605817,2.653269,3.847175,1.324776,0.174624,0.839310,20.355291,4433.312,0,0.032529,0.000000,0.161385,0.358132
tracking_cdrone3_20260822_205732_073_milestone4,milestone4,1787457513.850970507,target_map,83,484,0,detected,5.617382,-3.461533,1.125696,-2.953525,0.283535,0.092193,0.783156,12.053958,948.000,1,0.132845,0.000000,0.196496,0.383211
tracking_cdrone3_20260822_205732_073_milestone4,milestone4,1787457513.850970507,target_map,84,489,0,detected,14.004014,3.738713,2.670786,3.847175,1.324776,0.174624,0.818088,20.355291,4433.312,0,0.132845,0.000000,0.196496,0.383211
tracking_cdrone3_20260822_205732_073_milestone4,milestone4,1787457513.951115608,target_map,83,484,0,detected,5.321580,-3.433137,1.134929,-2.953525,0.283535,0.092193,0.762873,12.053958,948.000,1,0.232997,0.000000,0.231549,0.408249
tracking_cdrone3_20260822_205732_073_milestone4,milestone4,1787457513.951115608,target_map,84,489,0,detected,14.389317,3.871392,2.688276,3.847175,1.324776,0.174624,0.796901,20.355291,4433.312,0,0.232997,0.000000,0.231549,0.408249
tracking_cdrone3_20260822_205732_073_milestone4,milestone4,1787457513.981899023,raw,484,484,0,detected,7.485527,-3.732157,0.957369,5.508019,-0.869458,-0.582532,0.625977,13.415032,838.500,0,0.000000,0.000000,0.000000,0.000000
tracking_cdrone3_20260822_205732_073_milestone4,milestone4,1787457513.981899023,raw,489,489,0,detected,-1.953260,-1.035797,1.822950,-57.649342,-17.162907,-3.077770,0.867188,4.104333,3708.281,1,0.000000,0.000000,0.000000,0.000000
tracking_cdrone3_20260822_205732_073_milestone4,milestone4,1787457514.051324844,target_map,83,484,0,detected,7.583054,-3.752267,0.941371,1.700324,-0.350611,-0.278906,0.617000,13.415032,838.500,0,0.057358,0.000000,0.170075,0.364340
tracking_cdrone3_20260822_205732_073_milestone4,milestone4,1787457514.051324844,target_map,84,489,0,detected,-2.095528,-1.073520,1.814561,-2.480343,-0.657687,-0.146266,0.854752,4.104333,3708.281,1,0.057358,0.000000,0.170075,0.364340
tracking_cdrone3_20260822_205732_073_milestone4,milestone4,1787457514.150894403,target_map,83,484,0,detected,7.752362,-3.787179,0.913599,1.700324,-0.350611,-0.278906,0.601418,13.415032,838.500,0,0.156932,0.000000,0.204926,0.389233
tracking_cdrone3_20260822_205732_073_milestone4,milestone4,1787457514.150894403,target_map,84,489,0,detected,-2.342506,-1.139009,1.799997,-2.480343,-0.657687,-0.146266,0.833165,4.104333,3708.281,1,0.156932,0.000000,0.204926,0.389233
tracking_cdrone3_20260822_205732_073_milestone4,milestone4,1787457514.251300097,target_map,83,484,2,predicted,7.923071,-3.822379,0.885598,1.700324,-0.350611,-0.278906,0.585706,13.415032,838.500,0,0.257330,0.257330,0.240065,0.414332
tracking_cdrone3_20260822_205732_073_milestone4,milestone4,1787457514.251300097,target_map,84,489,2,predicted,-2.591527,-1.205039,1.785312,-2.480343,-0.657687,-0.146266,0.811399,4.104333,3708.281,1,0.257330,0.257330,0.240065,0.414332
tracking_cdrone3_20260822_205732_073_milestone4,milestone4,1787457514.261339903,raw,484,484,0,detected,7.748528,-3.781418,0.791388,0.941187,-0.176289,-0.593983,0.781738,13.437592,861.000,0,0.000000,0.000000,0.000000,0.000000
tracking_cdrone3_20260822_205732_073_milestone4,milestone4,1787457514.261339903,raw,489,489,0,detected,11.955142,4.313501,2.639513,49.773144,19.143204,2.922183,0.755859,18.815937,5208.000,0,0.000000,0.000000,0.000000,0.000000
tracking_cdrone3_20260822_205732_073_milestone4,milestone4,1787457514.350950003,target_map,83,484,0,detected,7.859514,-3.803457,0.752265,1.282799,-0.254734,-0.452198,0.764829,13.437592,861.000,0,0.086519,0.000000,0.180282,0.371630
tracking_cdrone3_20260822_205732_073_milestone4,milestone4,1787457514.350950003,target_map,84,489,0,detected,12.213351,4.424346,2.654648,2.984423,1.281160,0.174926,0.739510,18.815937,5208.000,0,0.086519,0.000000,0.180282,0.371630
tracking_cdrone3_20260822_205732_073_milestone4,milestone4,1787457514.450975657,target_map,83,484,0,detected,7.987823,-3.828936,0.707035,1.282799,-0.254734,-0.452198,0.745282,13.437592,861.000,0,0.186542,0.000000,0.215290,0.396635
tracking_cdrone3_20260822_205732_073_milestone4,milestone4,1787457514.450975657,target_map,84,489,0,detected,12.511861,4.552491,2.672144,2.984423,1.281160,0.174926,0.720610,18.815937,5208.000,0,0.186542,0.000000,0.215290,0.396635
tracking_cdrone3_20260822_205732_073_milestone4,milestone4,1787457514.534595490,raw,484,484,0,detected,7.650929,-3.883154,0.882511,-0.357157,-0.372296,0.333458,0.667969,13.197602,1163.250,1,0.000000,0.000000,0.000000,0.000000
tracking_cdrone3_20260822_205732_073_milestone4,milestone4,1787457514.534595490,raw,489,489,0,detected,-5.441896,-2.413112,1.592293,-63.663422,-24.615639,-3.832241,0.755859,0.003905,5208.000,1,0.000000,0.000000,0.000000,0.000000
tracking_cdrone3_20260822_205732_073_milestone4,milestone4,1787457514.550901890,target_map,83,484,0,detected,7.655881,-3.887307,0.882250,0.380823,-0.319393,-0.020087,0.665797,13.197602,1163.250,1,0.013004,0.000000,0.154551,0.353251
tracking_cdrone3_20260822_205732_073_milestone4,milestone4,1787457514.550901890,target_map,84,489,0,detected,-5.477715,-2.426217,1.590109,-2.754469,-1.007772,-0.167931,0.753402,0.003905,5208.000,1,0.013004,0.000000,0.154551,0.353251
tracking_cdrone3_20260822_205732_073_milestone4,milestone4,1787457514.650999784,target_map,83,484,0,detected,7.693996,-3.919274,0.880240,0.380823,-0.319393,-0.020087,0.649084,13.197602,1163.250,1,0.113090,0.000000,0.189582,0.378273
tracking_cdrone3_20260822_205732_073_milestone4,milestone4,1787457514.650999784,target_map,84,489,0,detected,-5.753400,-2.527081,1.573301,-2.754469,-1.007772,-0.167931,0.734489,0.003905,5208.000,1,0.113090,0.000000,0.189582,0.378273
tracking_cdrone3_20260822_205732_073_milestone4,milestone4,1787457514.751148701,target_map,83,484,0,detected,7.732131,-3.951257,0.878228,0.380823,-0.319393,-0.020087,0.632362,13.197602,1163.250,1,0.213226,0.000000,0.224629,0.403306
tracking_cdrone3_20260822_205732_073_milestone4,milestone4,1787457514.751148701,target_map,84,489,0,detected,-6.029221,-2.627995,1.556485,-2.754469,-1.007772,-0.167931,0.715567,0.003905,5208.000,1,0.213226,0.000000,0.224629,0.403306
tracking_cdrone3_20260822_205732_073_milestone4,milestone4,1787457514.810482264,raw,484,484,0,detected,6.814969,-3.757674,0.456202,-3.030028,0.454814,-1.545204,0.667969,12.293182,1163.250,1,0.000000,0.000000,0.000000,0.000000
tracking_cdrone3_20260822_205732_073_milestone4,milestone4,1787457514.810482264,raw,489,489,1,held,-5.582655,-2.514267,1.577674,-0.510196,-0.366649,-0.052988,0.755859,0.246098,5208.000,1,0.275892,0.275892,0.000000,0.000000
tracking_cdrone3_20260822_205732_073_milestone4,milestone4,1787457514.850966215,target_map,83,484,0,detected,6.759099,-3.753698,0.424107,-1.495145,0.106421,-0.858901,0.661729,12.293182,1163.250,1,0.037367,0.000000,0.163079,0.359342
tracking_cdrone3_20260822_205732_073_milestone4,milestone4,1787457514.850966215,target_map,84,489,1,held,-5.639458,-2.538749,1.573761,-1.520119,-0.655154,-0.104712,0.696664,0.246098,5208.000,1,0.313259,0.000000,0.163079,0.359342
tracking_cdrone3_20260822_205732_073_milestone4,milestone4,1787457514.950943947,target_map,83,484,0,detected,6.609615,-3.743057,0.338234,-1.495145,0.106421,-0.858901,0.645033,12.293182,1163.250,1,0.137347,0.000000,0.198072,0.384337
tracking_cdrone3_20260822_205732_073_milestone4,milestone4,1787457514.950943947,target_map,84,489,1,held,-5.791440,-2.604251,1.563292,-1.520119,-0.655154,-0.104712,0.677772,0.246098,5208.000,1,0.413239,0.000000,0.198072,0.384337
tracking_cdrone3_20260822_205732_073_milestone4,milestone4,1787457515.051235437,target_map,83,484,0,detected,6.459684,-3.732386,0.252105,-1.495145,0.106421,-0.858901,0.628287,12.293182,1163.250,1,0.237626,0.000000,0.233169,0.409406
tracking_cdrone3_20260822_205732_073_milestone4,milestone4,1787457515.051235437,target_map,84,489,1,held,-5.943875,-2.669949,1.552791,-1.520119,-0.655154,-0.104712,0.658823,0.246098,5208.000,1,0.513518,0.000000,0.233169,0.409406
tracking_cdrone3_20260822_205732_073_milestone4,milestone4,1787457515.086438894,raw,484,484,0,detected,7.110805,-3.884152,1.593360,1.072062,-0.458335,4.120886,0.432129,12.407900,1250.000,0,0.000000,0.000000,0.000000,0.000000
tracking_cdrone3_20260822_205732_073_milestone4,milestone4,1787457515.150948048,target_map,83,484,0,detected,7.105686,-3.896718,1.709056,-0.083181,-0.204195,1.879982,0.425481,12.407900,1250.000,0,0.061541,0.000000,0.171539,0.365385
tracking_cdrone3_20260822_205732_073_milestone4,milestone4,1787457515.150948048,target_map,84,489,2,predicted,-6.095475,-2.735287,1.542348,-1.520119,-0.655154,-0.104712,0.639977,0.246098,5208.000,1,0.613247,0.613247,0.268074,0.434339
tracking_cdrone3_20260822_205732_073_milestone4,milestone4,1787457515.250752926,target_map,83,484,0,detected,7.097384,-3.917097,1.896685,-0.083181,-0.204195,1.879982,0.414699,12.407900,1250.000,0,0.161345,0.000000,0.206471,0.390336
tracking_cdrone3_20260822_205732_073_milestone4,milestone4,1787457515.250752926,target_map,84,489,2,predicted,-6.247189,-2.800673,1.531898,-1.520119,-0.655154,-0.104712,0.621118,0.246098,5208.000,1,0.713050,0.713050,0.303006,0.459290
tracking_cdrone3_20260822_205732_073_milestone4,milestone4,1787457515.337313175,raw,484,484,0,detected,6.258340,-3.536560,0.746515,-3.397984,1.385525,-3.375586,0.823242,11.429491,1022.250,1,0.000000,0.000000,0.000000,0.000000
tracking_cdrone3_20260822_205732_073_milestone4,milestone4,1787457515.351428509,target_map,83,484,0,detected,6.236189,-3.528773,0.734772,-1.906323,0.670151,-1.010580,0.820851,11.429491,1022.250,1,0.011620,0.000000,0.154067,0.352905
tracking_cdrone3_20260822_205732_073_milestone4,milestone4,1787457515.351428509,target_map,84,489,2,predicted,-6.400227,-2.866631,1.521356,-1.520119,-0.655154,-0.104712,0.602094,0.246098,5208.000,1,0.813726,0.813726,0.338242,0.484458
tracking_cdrone3_20260822_205732_073_milestone4,milestone4,1787457515.451066971,target_map,83,484,0,detected,6.046259,-3.462005,0.634087,-1.906323,0.670151,-1.010580,0.800345,11.429491,1022.250,1,0.111252,0.000000,0.188938,0.377813
tracking_cdrone3_20260822_205732_073_milestone4,milestone4,1787457515.451066971,target_map,84,489,2,predicted,-6.551679,-2.931905,1.510923,-1.520119,-0.655154,-0.104712,0.583267,0.246098,5208.000,1,0.913357,0.913357,0.373113,0.509366
tracking_cdrone3_20260822_205732_073_milestone4,milestone4,1787457515.551002264,target_map,83,484,0,detected,5.855741,-3.395030,0.533089,-1.906323,0.670151,-1.010580,0.779777,11.429491,1022.250,1,0.211192,0.000000,0.223917,0.402798
tracking_cdrone3_20260822_205732_073_milestone4,milestone4,1787457515.551002264,target_map,84,489,2,predicted,-6.703600,-2.997382,1.500458,-1.520119,-0.655154,-0.104712,0.564382,0.246098,5208.000,1,1.013298,1.013298,0.408092,0.534351
tracking_cdrone3_20260822_205732_073_milestone4,milestone4,1787457515.588025808,raw,484,484,0,detected,7.082243,-3.707790,1.190249,3.286298,-0.682984,1.769917,0.829590,12.048728,1069.500,0,0.000000,0.000000,0.000000,0.000000
tracking_cdrone3_20260822_205732_073_milestone4,milestone4,1787457515.651241541,target_map,83,484,0,detected,7.133683,-3.711802,1.218346,0.949619,-0.074073,0.518693,0.818355,12.048728,1069.500,0,0.054169,0.000000,0.168959,0.363542
tracking_cdrone3_20260822_205732_073_milestone4,milestone4,1787457515.651241541,target_map,84,489,2,predicted,-6.855985,-3.063058,1.489961,-1.520119,-0.655154,-0.104712,0.545439,0.246098,5208.000,1,1.113543,1.113543,0.443178,0.559413
tracking_cdrone3_20260822_205732_073_milestone4,milestone4,1787457515.751004457,target_map,83,484,0,detected,7.228414,-3.719192,1.270089,0.949619,-0.074073,0.518693,0.797666,12.048728,1069.500,0,0.153925,0.000000,0.203874,0.388481
tracking_cdrone3_20260822_205732_073_milestone4,milestone4,1787457515.751004457,target_map,84,489,2,predicted,-7.007627,-3.128414,1.479515,-1.520119,-0.655154,-0.104712,0.526588,0.246098,5208.000,1,1.213300,1.213300,0.478093,0.584352
tracking_cdrone3_20260822_205732_073_milestone4,milestone4,1787457515.845877171,raw,484,484,0,detected,7.637643,-3.700058,0.716945,2.153907,0.029985,-1.835530,0.760742,12.432601,1056.000,0,0.000000,0.000000,0.000000,0.000000
tracking_cdrone3_20260822_205732_073_milestone4,milestone4,1787457515.851510525,target_map,83,484,0,detected,7.642064,-3.700105,0.714816,1.611977,-0.016842,-0.776130,0.760221,12.432601,1056.000,0,0.002743,0.000000,0.150960,0.350686
tracking_cdrone3_20260822_205732_073_milestone4,milestone4,1787457515.851510525,target_map,84,489,2,predicted,-7.160409,-3.194261,1.468991,-1.520119,-0.655154,-0.104712,0.507596,0.246098,5208.000,1,1.313807,1.313807,0.513270,0.609479
tracking_cdrone3_20260822_205732_073_milestone4,milestone4,1787457515.951341629,target_map,83,484,0,detected,7.802983,-3.701786,0.637337,1.611977,-0.016842,-0.776130,0.741235,12.432601,1056.000,0,0.102570,0.000000,0.185899,0.375642
tracking_cdrone3_20260822_205732_073_milestone4,milestone4,1787457515.951341629,target_map,84,489,2,predicted,-7.312159,-3.259664,1.458538,-1.520119,-0.655154,-0.104712,0.488732,0.246098,5208.000,1,1.413634,1.413634,0.548210,0.634435
tracking_cdrone3_20260822_205732_073_milestone4,milestone4,1787457516.051114559,target_map,83,484,0,detected,7.963808,-3.703466,0.559904,1.611977,-0.016842,-0.776130,0.722260,12.432601,1056.000,0,0.202338,0.000000,0.220818,0.400585
tracking_cdrone3_20260822_205732_073_milestone4,milestone4,1787457516.051114559,target_map,84,489,2,predicted,-7.463819,-3.325027,1.448091,-1.520119,-0.655154,-0.104712,0.469880,0.246098,5208.000,1,1.513402,1.513402,0.583129,0.659378
tracking_cdrone3_20260822_205732_073_milestone4,milestone4,1787457516.150377750,raw,484,484,0,detected,7.673643,-3.494134,0.636223,0.118225,0.676271,-0.265096,0.785645,12.370683,1353.750,1,0.000000,0.000000,0.000000,0.000000
tracking_cdrone3_20260822_205732_073_milestone4,milestone4,1787457516.151058912,target_map,83,484,2,predicted,8.124931,-3.705149,0.482326,1.611977,-0.016842,-0.776130,0.703251,12.432601,1056.000,0,0.302292,0.302292,0.255802,0.425573
tracking_cdrone3_20260822_205732_073_milestone4,milestone4,1787457516.151058912,target_map,84,489,2,predicted,-7.615761,-3.390513,1.437624,-1.520119,-0.655154,-0.104712,0.450992,0.246098,5208.000,1,1.613356,1.613356,0.618113,0.684366
tracking_cdrone3_20260822_205732_073_milestone4,milestone4,1787457516.251502514,target_map,83,484,0,detected,7.749017,-3.459388,0.589014,0.790414,0.364370,-0.495061,0.766915,12.370683,1353.750,1,0.095360,0.000000,0.183376,0.373840
tracking_cdrone3_20260822_205732_073_milestone4,milestone4,1787457516.251502514,target_map,84,489,2,predicted,-7.768433,-3.456313,1.427108,-1.520119,-0.655154,-0.104712,0.432013,0.246098,5208.000,1,1.713791,1.713791,0.653265,0.709475
tracking_cdrone3_20260822_205732_073_milestone4,milestone4,1787457516.351897955,target_map,83,484,0,detected,7.828371,-3.422807,0.539312,0.790414,0.364370,-0.495061,0.747196,12.370683,1353.750,1,0.195756,0.000000,0.218515,0.398939
tracking_cdrone3_20260822_205732_073_milestone4,milestone4,1787457516.351897955,target_map,84,489,2,predicted,-7.921047,-3.522087,1.416595,-1.520119,-0.655154,-0.104712,0.413042,0.246098,5208.000,1,1.814186,1.814186,0.688403,0.734574
tracking_cdrone3_20260822_205732_073_milestone4,milestone4,1787457516.433646441,raw,484,484,0,detected,7.757527,-3.371678,0.802659,0.296127,0.432295,0.587555,0.502930,12.222057,1337.500,1,0.000000,0.000000,0.000000,0.000000
tracking_cdrone3_20260822_205732_073_milestone4,milestone4,1787457516.451798916,target_map,83,484,0,detected,7.765389,-3.365587,0.804181,0.518556,0.401729,0.100377,0.501023,12.222057,1337.500,1,0.015162,0.000000,0.155307,0.353791
tracking_cdrone3_20260822_205732_073_milestone4,milestone4,1787457516.451798916,target_map,84,489,2,predicted,-8.072923,-3.587544,1.406133,-1.520119,-0.655154,-0.104712,0.394162,0.246098,5208.000,1,1.914097,1.914097,0.723372,0.759551
tracking_cdrone3_20260822_205732_073_milestone4,milestone4,1787457516.551029205,target_map,83,484,0,detected,7.816845,-3.325723,0.814142,0.518556,0.401729,0.100377,0.488547,12.222057,1337.500,1,0.114392,0.000000,0.190037,0.378598
tracking_cdrone3_20260822_205732_073_milestone4,milestone4,1787457516.551029205,target_map,84,489,2,predicted,-8.223763,-3.652555,1.395742,-1.520119,-0.655154,-0.104712,0.375411,0.246098,5208.000,1,2.013326,2.013326,0.758102,0.784359
tracking_cdrone3_20260822_205732_073_milestone4,milestone4,1787457516.651063919,target_map,83,484,0,detected,7.868714,-3.285541,0.824182,0.518556,0.401729,0.100377,0.475971,12.222057,1337.500,1,0.214417,0.000000,0.225046,0.403604
tracking_cdrone3_20260822_205732_073_milestone4,milestone4,1787457516.651063919,target_map,84,489,2,predicted,-8.375813,-3.718086,1.385269,-1.520119,-0.655154,-0.104712,0.356510,0.246098,5208.000,1,2.113351,2.113351,0.793111,0.809365
tracking_cdrone3_20260822_205732_073_milestone4,milestone4,1787457516.693822861,raw,484,484,0,detected,1.862632,-3.086622,1.032930,-22.657547,1.095636,0.885066,0.822266,6.129512,1615.000,1,0.000000,0.000000,0.000000,0.000000
tracking_cdrone3_20260822_205732_073_milestone4,milestone4,1787457516.750970364,target_map,83,484,0,detected,1.674548,-3.068840,1.042733,-4.158173,0.393136,0.216715,0.812967,6.129512,1615.000,1,0.045233,0.000000,0.165831,0.361308
tracking_cdrone3_20260822_205732_073_milestone4,milestone4,1787457516.750970364,target_map,84,489,2,predicted,-8.527683,-3.783541,1.374807,-1.520119,-0.655154,-0.104712,0.337631,0.246098,5208.000,1,2.213258,2.213258,0.828078,0.834342
tracking_cdrone3_20260822_205732_073_milestone4,milestone4,1787457516.851103306,target_map,83,484,0,detected,1.258190,-3.029475,1.064432,-4.158173,0.393136,0.216715,0.792384,6.129512,1615.000,1,0.145362,0.000000,0.200877,0.386341
tracking_cdrone3_20260822_205732_073_milestone4,milestone4,1787457516.851103306,target_map,84,489,2,predicted,-8.679893,-3.849141,1.364322,-1.520119,-0.655154,-0.104712,0.318710,0.246098,5208.000,1,2.313388,2.313388,0.863124,0.859374
tracking_cdrone3_20260822_205732_073_milestone4,milestone4,1787457516.952574492,target_map,83,484,0,detected,0.842419,-2.990166,1.086101,-4.158173,0.393136,0.216715,0.771830,6.129512,1615.000,1,0.245351,0.000000,0.235873,0.411338
tracking_cdrone3_20260822_205732_073_milestone4,milestone4,1787457516.952574492,target_map,84,489,2,predicted,-8.831887,-3.914649,1.353852,-1.520119,-0.655154,-0.104712,0.299816,0.246098,5208.000,1,2.413377,2.413377,0.898120,0.884371
tracking_cdrone3_20260822_205732_073_milestone4,milestone4,1787457516.966515064,raw,484,484,0,detected,7.389704,-3.418722,0.929143,20.268730,-1.217866,-0.380605,0.574707,11.565935,1402.500,0,0.000000,0.000000,0.000000,0.000000
tracking_cdrone3_20260822_205732_073_milestone4,milestone4,1787457517.051866293,target_map,83,484,0,detected,7.581923,-3.425353,0.930292,2.520129,-0.086945,0.015062,0.563748,11.565935,1402.500,0,0.076273,0.000000,0.176696,0.369068
tracking_cdrone3_20260822_205732_073_milestone4,milestone4,1787457517.051866293,target_map,84,489,2,predicted,-8.985093,-3.980680,1.343299,-1.520119,-0.655154,-0.104712,0.280771,0.246098,5208.000,1,2.514162,2.514162,0.933395,0.909568
tracking_cdrone3_20260822_205732_073_milestone4,milestone4,1787457517.151162863,target_map,83,484,0,detected,7.832128,-3.433985,0.931787,2.520129,-0.086945,0.015062,0.549484,11.565935,1402.500,0,0.175556,0.000000,0.211445,0.393889
tracking_cdrone3_20260822_205732_073_milestone4,milestone4,1787457517.151162863,target_map,84,489,2,predicted,-9.136015,-4.045725,1.332903,-1.520119,-0.655154,-0.104712,0.262010,0.246098,5208.000,1,2.613445,2.613445,0.968144,0.934388
tracking_cdrone3_20260822_205732_073_milestone4,milestone4,1787457517.217091084,raw,484,484,0,detected,3.082470,-3.322723,1.050757,-17.188936,0.383104,0.485327,0.776855,7.198558,1327.750,1,0.000000,0.000000,0.000000,0.000000
tracking_cdrone3_20260822_205732_073_milestone4,milestone4,1787457517.250940323,target_map,83,484,0,detected,2.998143,-3.321201,1.054141,-3.263098,0.058878,0.130931,0.771836,7.198558,1327.750,1,0.025843,0.000000,0.159045,0.356461
tracking_cdrone3_20260822_205732_073_milestone4,milestone4,1787457517.250940323,target_map,84,489,2,predicted,-9.287724,-4.111110,1.322452,-1.520119,-0.655154,-0.104712,0.243151,0.246098,5208.000,1,2.713246,2.713246,1.003074,0.959338
tracking_cdrone3_20260822_205732_073_milestone4,milestone4,1787457517.351122141,target_map,83,484,0,detected,2.671256,-3.315303,1.067257,-3.263098,0.058878,0.130931,0.752381,7.198558,1327.750,1,0.126019,0.000000,0.194107,0.381505
tracking_cdrone3_20260822_205732_073_milestone4,milestone4,1787457517.351122141,target_map,84,489,2,predicted,-9.440004,-4.176741,1.311962,-1.520119,-0.655154,-0.104712,0.224221,0.246098,5208.000,1,2.813422,2.813422,1.038136,0.984383
tracking_cdrone3_20260822_205732_073_milestone4,milestone4,1787457517.451026201,target_map,83,484,0,detected,2.345250,-3.309421,1.080338,-3.263098,0.058878,0.130931,0.732977,7.198558,1327.750,1,0.225926,0.000000,0.229074,0.406482
tracking_cdrone3_20260822_205732_073_milestone4,milestone4,1787457517.451026201,target_map,84,489,2,predicted,-9.591875,-4.242196,1.301501,-1.520119,-0.655154,-0.104712,0.205343,0.246098,5208.000,1,2.913329,2.913329,1.073103,1.009359
tracking_cdrone3_20260822_205732_073_milestone4,milestone4,1787457517.475153446,raw,484,484,0,detected,3.596203,-3.228063,0.894587,1.990803,0.366824,-0.605188,0.825684,7.523057,1272.000,0,0.000000,0.000000,0.000000,0.000000
tracking_cdrone3_20260822_205732_073_milestone4,milestone4,1787457517.550996065,target_map,83,484,0,detected,3.568733,-3.211273,0.874437,-0.373452,0.228248,-0.273934,0.810500,7.523057,1272.000,0,0.073556,0.000000,0.175745,0.368389
tracking_cdrone3_20260822_205732_073_milestone4,milestone4,1787457517.550996065,target_map,84,489,2,predicted,-9.743826,-4.307684,1.291034,-1.520119,-0.655154,-0.104712,0.186454,0.246098,5208.000,1,3.013289,3.013289,1.108089,1.034349
tracking_cdrone3_20260822_205732_073_milestone4,milestone4,1787457517.651150227,target_map,83,484,0,detected,3.531335,-3.188416,0.847005,-0.373452,0.228248,-0.273934,0.789829,7.523057,1272.000,0,0.173698,0.000000,0.210794,0.393424
tracking_cdrone3_20260822_205732_073_milestone4,milestone4,1787457517.651150227,target_map,84,489,2,predicted,-9.896053,-4.373293,1.280548,-1.520119,-0.655154,-0.104712,0.167530,0.246098,5208.000,1,3.113431,3.113431,1.143139,1.059385
tracking_cdrone3_20260822_205732_073_milestone4,milestone4,1787457517.750957251,target_map,83,484,2,predicted,3.494057,-3.165632,0.819660,-0.373452,0.228248,-0.273934,0.769224,7.523057,1272.000,0,0.273519,0.273519,0.245732,0.418380
tracking_cdrone3_20260822_205732_073_milestone4,milestone4,1787457517.750957251,target_map,84,489,2,predicted,-10.047792,-4.438691,1.270095,-1.520119,-0.655154,-0.104712,0.148668,0.246098,5208.000,1,3.213252,3.213252,1.178076,1.084340
tracking_cdrone3_20260822_205732_073_milestone4,milestone4,1787457517.757115126,raw,484,484,0,detected,7.068916,-3.684802,0.777397,12.316352,-1.619875,-0.415625,0.767090,10.838353,1462.500,0,0.000000,0.000000,0.000000,0.000000
tracking_cdrone3_20260822_205732_073_milestone4,milestone4,1787457517.851007462,target_map,83,484,0,detected,7.414011,-3.723553,0.755137,4.191937,-0.470724,-0.270402,0.751302,10.838353,1462.500,0,0.082323,0.000000,0.178813,0.370581
tracking_cdrone3_20260822_205732_073_milestone4,milestone4,1787457517.851007462,target_map,84,489,2,predicted,-10.199857,-4.504229,1.259621,-1.520119,-0.655154,-0.104712,0.129765,0.246098,5208.000,1,3.313286,3.313286,1.213088,1.109349
tracking_cdrone3_20260822_205732_073_milestone4,milestone4,1787457517.951175690,target_map,83,484,0,detected,7.833951,-3.770710,0.728049,4.191937,-0.470724,-0.270402,0.732091,10.838353,1462.500,0,0.182501,0.000000,0.213875,0.395625
tracking_cdrone3_20260822_205732_073_milestone4,milestone4,1787457517.951175690,target_map,84,489,2,predicted,-10.352139,-4.569860,1.249131,-1.520119,-0.655154,-0.104712,0.110835,0.246098,5208.000,1,3.413464,3.413464,1.248150,1.134393
tracking_cdrone3_20260822_205732_073_milestone4,milestone4,1787457518.009981155,raw,484,484,0,detected,7.770936,-3.828605,0.693985,2.776083,-0.568660,-0.329849,0.847656,11.437642,1396.500,0,0.000000,0.000000,0.000000,0.000000
tracking_cdrone3_20260822_205732_073_milestone4,milestone4,1787457518.051038980,target_map,83,484,0,detected,7.889151,-3.846774,0.683487,3.413218,-0.524589,-0.303098,0.840317,11.437642,1396.500,0,0.034635,0.000000,0.162122,0.358659
tracking_cdrone3_20260822_205732_073_milestone4,milestone4,1787457518.051038980,target_map,84,489,2,predicted,-10.503893,-4.635265,1.238677,-1.520119,-0.655154,-0.104712,0.091970,0.246098,5208.000,1,3.513294,3.513294,1.283091,1.159351
tracking_cdrone3_20260822_205732_073_milestone4,milestone4,1787457518.151260376,target_map,83,484,0,detected,8.231339,-3.899366,0.653100,3.413218,-0.524589,-0.303098,0.819072,11.437642,1396.500,0,0.134888,0.000000,0.197211,0.383722
tracking_cdrone3_20260822_205732_073_milestone4,milestone4,1787457518.151260376,target_map,84,489,2,predicted,-10.656291,-4.700946,1.228179,-1.520119,-0.655154,-0.104712,0.073026,0.246098,5208.000,1,3.613548,3.613548,1.318180,1.184414
tracking_cdrone3_20260822_205732_073_milestone4,milestone4,1787457518.251432419,target_map,83,484,0,detected,8.572888,-3.951860,0.622770,3.413218,-0.524589,-0.303098,0.797866,11.437642,1396.500,0,0.234955,0.000000,0.232234,0.408739
tracking_cdrone3_20260822_205732_073_milestone4,milestone4,1787457518.251432419,target_map,84,489,2,predicted,-10.808404,-4.766506,1.217701,-1.520119,-0.655154,-0.104712,0.054117,0.246098,5208.000,1,3.713615,3.713615,1.353203,1.209431
tracking_cdrone3_20260822_205732_073_milestone4,milestone4,1787457518.274023056,raw,484,484,0,detected,6.966605,-3.911092,0.331408,-3.046274,-0.312406,-1.373199,0.836426,10.565256,1770.000,1,0.000000,0.000000,0.000000,0.000000
tracking_cdrone3_20260822_205732_073_milestone4,milestone4,1787457518.351430178,target_map,83,484,0,detected,6.956636,-3.940239,0.267694,-0.139503,-0.407888,-0.891653,0.821484,10.565256,1770.000,1,0.071457,0.000000,0.175010,0.367864
tracking_cdrone3_20260822_205732_073_milestone4,milestone4,1787457518.351430178,target_map,84,489,2,predicted,-10.960545,-4.832077,1.207221,-1.520119,-0.655154,-0.104712,0.035204,0.246098,5208.000,1,3.813699,3.813699,1.388232,1.234452
tracking_cdrone3_20260822_205732_073_milestone4,milestone4,1787457518.450932980,target_map,83,484,0,detected,6.942751,-3.980836,0.178947,-0.139503,-0.407888,-0.891653,0.800671,10.565256,1770.000,1,0.170988,0.000000,0.209846,0.392747
tracking_cdrone3_20260822_205732_073_milestone4,milestone4,1787457518.450932980,target_map,84,489,2,predicted,-11.111843,-4.897285,1.196799,-1.520119,-0.655154,-0.104712,0.016397,0.246098,5208.000,1,3.913230,3.913230,1.423068,1.259334
tracking_cdrone3_20260822_205732_073_milestone4,milestone4,1787457518.546190739,raw,484,484,0,detected,7.686203,-3.943399,1.237288,2.644009,-0.118703,3.328458,0.829102,11.104664,1669.500,0,0.000000,0.000000,0.000000,0.000000
tracking_cdrone3_20260822_205732_073_milestone4,milestone4,1787457518.546190739,raw,490,490,0,detected,-0.357976,-1.471398,1.764025,0.000000,0.000000,0.000000,0.807129,3.238667,9042.969,0,0.000000,0.000000,0.000000,0.000000
tracking_cdrone3_20260822_205732_073_milestone4,milestone4,1787457518.553325176,target_map,83,484,0,detected,7.691331,-3.944316,1.242556,1.391429,-0.248837,1.429408,0.828338,11.104664,1669.500,0,0.003685,0.000000,0.151290,0.350921
tracking_cdrone3_20260822_205732_073_milestone4,milestone4,1787457518.553325176,target_map,84,489,2,predicted,-11.267480,-4.964362,1.186078,-1.520119,-0.655154,-0.104712,0.000000,0.246098,5208.000,1,4.015615,4.015615,1.458903,1.284931
tracking_cdrone3_20260822_205732_073_milestone4,milestone4,1787457518.553325176,target_map,87,490,0,detected,-0.357976,-1.471398,1.764025,0.000000,0.000000,0.000000,0.806385,3.238667,9042.969,0,0.003685,0.000000,0.151290,0.350921
tracking_cdrone3_20260822_205732_073_milestone4,milestone4,1787457518.651674271,target_map,83,484,0,detected,7.828143,-3.968783,1.383101,1.391429,-0.248837,1.429408,0.807957,11.104664,1669.500,0,0.102010,0.000000,0.185703,0.375502
tracking_cdrone3_20260822_205732_073_milestone4,milestone4,1787457518.651674271,target_map,84,489,2,predicted,-11.416945,-5.028780,1.175782,-1.520119,-0.655154,-0.104712,0.000000,0.246098,5208.000,1,4.113938,4.113938,1.493316,1.309512
tracking_cdrone3_20260822_205732_073_milestone4,milestone4,1787457518.651674271,target_map,87,490,0,detected,-0.357976,-1.471398,1.764025,0.000000,0.000000,0.000000,0.786545,3.238667,9042.969,0,0.102010,0.000000,0.185703,0.375502
tracking_cdrone3_20260822_205732_073_milestone4,milestone4,1787457518.751175404,target_map,83,484,0,detected,7.966636,-3.993550,1.525375,1.391429,-0.248837,1.429408,0.787327,11.104664,1669.500,0,0.201543,0.000000,0.220540,0.400386
tracking_cdrone3_20260822_205732_073_milestone4,milestone4,1787457518.751175404,target_map,84,489,2,predicted,-11.568247,-5.093989,1.165360,-1.520119,-0.655154,-0.104712,0.000000,0.246098,5208.000,1,4.213472,4.213472,1.528153,1.334395
tracking_cdrone3_20260822_205732_073_milestone4,milestone4,1787457518.751175404,target_map,87,490,0,detected,-0.357976,-1.471398,1.764025,0.000000,0.000000,0.000000,0.766461,3.238667,9042.969,0,0.201543,0.000000,0.220540,0.400386
tracking_cdrone3_20260822_205732_073_milestone4,milestone4,1787457518.807465553,raw,484,484,0,detected,2.552460,-3.226880,0.930786,-19.648308,2.742322,-1.173071,0.662109,5.733391,1644.750,1,0.000000,0.000000,0.000000,0.000000
tracking_cdrone3_20260822_205732_073_milestone4,milestone4,1787457518.807465553,raw,490,490,0,detected,-0.073373,-1.442584,1.688350,1.089257,0.110280,-0.289632,0.860352,3.317853,9057.953,0,0.000000,0.000000,0.000000,0.000000
tracking_cdrone3_20260822_205732_073_milestone4,milestone4,1787457518.850775480,target_map,83,484,0,detected,2.435842,-3.211374,0.942796,-3.724019,0.495177,0.383514,0.656926,5.733391,1644.750,1,0.031315,0.000000,0.160960,0.357829
tracking_cdrone3_20260822_205732_073_milestone4,milestone4,1787457518.850775480,target_map,84,489,2,predicted,-11.719659,-5.159246,1.154930,-1.520119,-0.655154,-0.104712,0.000000,0.246098,5208.000,1,4.313077,4.313077,1.563015,1.359296
tracking_cdrone3_20260822_205732_073_milestone4,milestone4,1787457518.850775480,target_map,87,490,0,detected,-0.054613,-1.440685,1.683361,0.599091,0.060654,-0.159298,0.853616,3.317853,9057.953,0,0.031315,0.000000,0.160960,0.357829
tracking_cdrone3_20260822_205732_073_milestone4,milestone4,1787457518.951152325,target_map,83,484,0,detected,2.062230,-3.161695,0.981272,-3.724019,0.495177,0.383514,0.640319,5.733391,1644.750,1,0.131640,0.000000,0.196074,0.382910
tracking_cdrone3_20260822_205732_073_milestone4,milestone4,1787457518.951152325,target_map,84,489,2,predicted,-11.872165,-5.224975,1.144425,-1.520119,-0.655154,-0.104712,0.000000,0.246098,5208.000,1,4.413402,4.413402,1.598129,1.384378
tracking_cdrone3_20260822_205732_073_milestone4,milestone4,1787457518.951152325,target_map,87,490,0,detected,0.005491,-1.434600,1.667380,0.599091,0.060654,-0.159298,0.832037,3.317853,9057.953,0,0.131640,0.000000,0.196074,0.382910
tracking_cdrone3_20260822_205732_073_milestone4,milestone4,1787457519.051044226,target_map,83,484,0,detected,1.690092,-3.112213,1.019596,-3.724019,0.495177,0.383514,0.623778,5.733391,1644.750,1,0.231569,0.000000,0.231049,0.407892
tracking_cdrone3_20260822_205732_073_milestone4,milestone4,1787457519.051044226,target_map,84,489,2,predicted,-12.024069,-5.290443,1.133961,-1.520119,-0.655154,-0.104712,0.000000,0.246098,5208.000,1,4.513331,4.513331,1.633104,1.409360
tracking_cdrone3_20260822_205732_073_milestone4,milestone4,1787457519.051044226,target_map,87,490,0,detected,0.065358,-1.428539,1.651461,0.599091,0.060654,-0.159298,0.810544,3.317853,9057.953,0,0.231569,0.000000,0.231049,0.407892
tracking_cdrone3_20260822_205732_073_milestone4,milestone4,1787457519.069014072,raw,484,484,0,detected,7.757746,-3.646140,0.565188,19.901781,-1.602989,-1.397819,0.850586,10.812305,1788.750,0,0.000000,0.000000,0.000000,0.000000
tracking_cdrone3_20260822_205732_073_milestone4,milestone4,1787457519.069014072,raw,490,490,0,detected,0.265907,-1.442775,1.721838,1.297199,-0.000728,0.128039,0.897461,3.510770,6587.500,0,0.000000,0.000000,0.000000,0.000000
tracking_cdrone3_20260822_205732_073_milestone4,milestone4,1787457519.150822401,target_map,83,484,0,detected,7.961984,-3.655943,0.554996,2.699279,-0.129562,-0.134707,0.834496,10.812305,1788.750,0,0.075664,0.000000,0.176482,0.368916
tracking_cdrone3_20260822_205732_073_milestone4,milestone4,1787457519.150822401,target_map,84,489,2,predicted,-12.175756,-5.355819,1.123512,-1.520119,-0.655154,-0.104712,0.000000,0.246098,5208.000,1,4.613118,4.613118,1.668029,1.434307
tracking_cdrone3_20260822_205732_073_milestone4,milestone4,1787457519.150822401,target_map,87,490,0,detected,0.340289,-1.440740,1.721743,0.983050,0.026894,-0.001263,0.880485,3.510770,6587.500,0,0.075664,0.000000,0.176482,0.368916
tracking_cdrone3_20260822_205732_073_milestone4,milestone4,1787457519.251251936,target_map,83,484,0,detected,8.233066,-3.668955,0.541468,2.699279,-0.129562,-0.134707,0.813141,10.812305,1788.750,0,0.176091,0.000000,0.211632,0.394023
tracking_cdrone3_20260822_205732_073_milestone4,milestone4,1787457519.251251936,target_map,84,489,2,predicted,-12.328418,-5.421615,1.112996,-1.520119,-0.655154,-0.104712,0.000000,0.246098,5208.000,1,4.713545,4.713545,1.703179,1.459413
tracking_cdrone3_20260822_205732_073_milestone4,milestone4,1787457519.251251936,target_map,87,490,0,detected,0.439014,-1.438039,1.721616,0.983050,0.026894,-0.001263,0.857952,3.510770,6587.500,0,0.176091,0.000000,0.211632,0.394023
tracking_cdrone3_20260822_205732_073_milestone4,milestone4,1787457519.342715979,raw,484,484,0,detected,8.080027,-3.535594,0.315330,1.177534,0.403908,-0.912921,0.790039,11.070896,2065.000,0,0.000000,0.000000,0.000000,0.000000
tracking_cdrone3_20260822_205732_073_milestone4,milestone4,1787457519.342715979,raw,490,490,0,detected,-2.910591,-2.733598,1.341671,-11.606143,-4.716349,-1.389037,0.701660,0.003792,6040.375,1,0.000000,0.000000,0.000000,0.000000
tracking_cdrone3_20260822_205732_073_milestone4,milestone4,1787457519.351468801,target_map,83,484,0,detected,8.083021,-3.535331,0.314425,1.862319,0.163847,-0.562725,0.789721,11.070896,2065.000,0,0.001608,0.000000,0.150563,0.350402
tracking_cdrone3_20260822_205732_073_milestone4,milestone4,1787457519.351468801,target_map,84,489,2,predicted,-12.480784,-5.487283,1.102500,-1.520119,-0.655154,-0.104712,0.000000,0.246098,5208.000,1,4.813779,4.813779,1.738260,1.484472
tracking_cdrone3_20260822_205732_073_milestone4,milestone4,1787457519.351468801,target_map,87,490,0,detected,-2.916394,-2.736226,1.340890,-3.609087,-1.634276,-0.485452,0.701378,0.003792,6040.375,1,0.001608,0.000000,0.150563,0.350402
tracking_cdrone3_20260822_205732_073_milestone4,milestone4,1787457519.451087475,target_map,83,484,0,detected,8.268517,-3.519011,0.258375,1.862319,0.163847,-0.562725,0.770048,11.070896,2065.000,0,0.101213,0.000000,0.185425,0.375303
tracking_cdrone3_20260822_205732_073_milestone4,milestone4,1787457519.451087475,target_map,84,489,2,predicted,-12.632196,-5.552540,1.092070,-1.520119,-0.655154,-0.104712,0.000000,0.246098,5208.000,1,4.913384,4.913384,1.773122,1.509373
tracking_cdrone3_20260822_205732_073_milestone4,milestone4,1787457519.451087475,target_map,87,490,0,detected,-3.275879,-2.899008,1.292537,-3.609087,-1.634276,-0.485452,0.683906,0.003792,6040.375,1,0.101213,0.000000,0.185425,0.375303
tracking_cdrone3_20260822_205732_073_milestone4,milestone4,1787457519.551489115,target_map,83,484,0,detected,8.455494,-3.502560,0.201877,1.862319,0.163847,-0.562725,0.750219,11.070896,2065.000,0,0.201613,0.000000,0.220565,0.400403
tracking_cdrone3_20260822_205732_073_milestone4,milestone4,1787457519.551489115,target_map,87,490,0,detected,-3.638230,-3.063089,1.243798,-3.609087,-1.634276,-0.485452,0.666294,0.003792,6040.375,1,0.201613,0.000000,0.220565,0.400403
tracking_cdrone3_20260822_205732_073_milestone4,milestone4,1787457519.607455969,raw,484,484,0,detected,8.125402,-3.647439,0.324659,0.171392,-0.422452,0.035239,0.829590,10.994909,2374.750,1,0.000000,0.000000,0.000000,0.000000
tracking_cdrone3_20260822_205732_073_milestone4,milestone4,1787457519.607455969,raw,490,490,0,detected,0.620918,-1.463014,1.645664,13.338913,4.799140,1.148215,0.884277,3.664083,6326.875,0,0.000000,0.000000,0.000000,0.000000
tracking_cdrone3_20260822_205732_073_milestone4,milestone4,1787457519.650960207,target_map,83,484,0,detected,8.161620,-3.653601,0.315575,0.932309,-0.158618,-0.233845,0.821533,10.994909,2374.750,1,0.038847,0.000000,0.163597,0.359712
tracking_cdrone3_20260822_205732_073_milestone4,milestone4,1787457519.650960207,target_map,87,490,0,detected,0.718137,-1.433906,1.650977,2.502584,0.749291,0.136771,0.875689,3.664083,6326.875,0,0.038847,0.000000,0.163597,0.359712
tracking_cdrone3_20260822_205732_073_milestone4,milestone4,1787457519.751059055,target_map,83,484,0,detected,8.254930,-3.669476,0.292171,0.932309,-0.158618,-0.233845,0.800776,10.994909,2374.750,1,0.138933,0.000000,0.198627,0.384733
tracking_cdrone3_20260822_205732_073_milestone4,milestone4,1787457519.751059055,target_map,87,490,0,detected,0.968609,-1.358913,1.664666,2.502584,0.749291,0.136771,0.853564,3.664083,6326.875,0,0.138933,0.000000,0.198627,0.384733
tracking_cdrone3_20260822_205732_073_milestone4,milestone4,1787457519.850723267,target_map,83,484,0,detected,8.347863,-3.685287,0.268861,0.932309,-0.158618,-0.233845,0.780102,10.994909,2374.750,1,0.238612,0.000000,0.233514,0.409653
tracking_cdrone3_20260822_205732_073_milestone4,milestone4,1787457519.850723267,target_map,87,490,0,detected,1.218065,-1.284224,1.678299,2.502584,0.749291,0.136771,0.831527,3.664083,6326.875,0,0.238612,0.000000,0.233514,0.409653
tracking_cdrone3_20260822_205732_073_milestone4,milestone4,1787457519.866487980,raw,484,484,0,detected,7.794095,-3.404403,0.430499,-1.279084,0.938293,0.408618,0.578613,10.398646,2286.250,1,0.000000,0.000000,0.000000,0.000000
tracking_cdrone3_20260822_205732_073_milestone4,milestone4,1787457519.866487980,raw,490,490,0,detected,0.787903,-1.483096,1.684214,0.644684,-0.077533,0.148834,0.878418,3.622949,4297.969,1,0.000000,0.000000,0.000000,0.000000
tracking_cdrone3_20260822_205732_073_milestone4,milestone4,1787457519.951308727,target_map,83,484,0,detected,7.772740,-3.370961,0.439487,-0.283957,0.444683,0.119510,0.567735,10.398646,2286.250,1,0.075204,0.000000,0.176321,0.368801
tracking_cdrone3_20260822_205732_073_milestone4,milestone4,1787457519.951308727,target_map,87,490,0,detected,0.899261,-1.460946,1.694999,1.480739,0.294538,0.143406,0.861903,3.622949,4297.969,1,0.075204,0.000000,0.176321,0.368801
tracking_cdrone3_20260822_205732_073_milestone4,milestone4,1787457520.051853895,target_map,83,484,0,detected,7.744191,-3.326252,0.451503,-0.283957,0.444683,0.119510,0.553191,10.398646,2286.250,1,0.175746,0.000000,0.211511,0.393936
tracking_cdrone3_20260822_205732_073_milestone4,milestone4,1787457520.051853895,target_map,87,490,0,detected,1.048137,-1.431333,1.709417,1.480739,0.294538,0.143406,0.839823,3.622949,4297.969,1,0.175746,0.000000,0.211511,0.393936
tracking_cdrone3_20260822_205732_073_milestone4,milestone4,1787457520.148495674,raw,484,484,0,detected,8.300546,-3.350894,0.517371,1.795864,0.189741,0.308045,0.724609,10.745116,2646.000,0,0.000000,0.000000,0.000000,0.000000
tracking_cdrone3_20260822_205732_073_milestone4,milestone4,1787457520.148495674,raw,490,490,0,detected,-2.383364,-2.905316,1.348483,-11.245245,-5.043160,-1.190496,0.847656,0.022105,5304.273,1,0.000000,0.000000,0.000000,0.000000
tracking_cdrone3_20260822_205732_073_milestone4,milestone4,1787457520.153535604,target_map,83,484,2,predicted,7.715313,-3.281030,0.463656,-0.283957,0.444683,0.119510,0.538480,10.398646,2286.250,1,0.277442,0.277442,0.247105,0.419360
tracking_cdrone3_20260822_205732_073_milestone4,milestone4,1787457520.153535604,target_map,87,490,2,predicted,1.198722,-1.401379,1.724001,1.480739,0.294538,0.143406,0.817491,3.622949,4297.969,1,0.277442,0.277442,0.247105,0.419360
tracking_cdrone3_20260822_205732_073_milestone4,milestone4,1787457520.251099825,target_map,83,484,0,detected,8.379496,-3.322942,0.537863,0.859944,0.304465,0.223204,0.707978,10.745116,2646.000,0,0.091808,0.000000,0.182133,0.372952
tracking_cdrone3_20260822_205732_073_milestone4,milestone4,1787457520.251099825,target_map,87,490,0,detected,-2.689067,-3.057681,1.315567,-3.329816,-1.659613,-0.358526,0.828201,0.022105,5304.273,1,0.091808,0.000000,0.182133,0.372952
tracking_cdrone3_20260822_205732_073_milestone4,milestone4,1787457520.351018429,target_map,83,484,0,detected,8.465418,-3.292521,0.560165,0.859944,0.304465,0.223204,0.689878,10.745116,2646.000,0,0.191724,0.000000,0.217103,0.397931
tracking_cdrone3_20260822_205732_073_milestone4,milestone4,1787457520.351018429,target_map,87,490,0,detected,-3.021770,-3.223504,1.279745,-3.329816,-1.659613,-0.358526,0.807027,0.022105,5304.273,1,0.191724,0.000000,0.217103,0.397931
tracking_cdrone3_20260822_205732_073_milestone4,milestone4,1787457520.411044359,raw,484,484,0,detected,8.488764,-3.290469,0.643033,0.716795,0.230120,0.478561,0.832031,10.824933,2775.500,0,0.000000,0.000000,0.000000,0.000000
tracking_cdrone3_20260822_205732_073_milestone4,milestone4,1787457520.411044359,raw,490,490,0,detected,16.527151,5.247253,3.511810,72.017349,31.047617,8.238646,0.878418,20.657019,5237.062,0,0.000000,0.000000,0.000000,0.000000
tracking_cdrone3_20260822_205732_073_milestone4,milestone4,1787457520.450806379,target_map,83,484,0,detected,8.516927,-3.280967,0.656142,0.781212,0.263576,0.363650,0.824533,10.824933,2775.500,0,0.036050,0.000000,0.162617,0.359012
tracking_cdrone3_20260822_205732_073_milestone4,milestone4,1787457520.450806379,target_map,87,490,0,detected,16.617996,5.282783,3.522565,2.519981,0.985558,0.298360,0.870501,20.657019,5237.062,0,0.036050,0.000000,0.162617,0.359012
tracking_cdrone3_20260822_205732_073_milestone4,milestone4,1787457520.550812244,target_map,83,484,0,detected,8.595057,-3.254606,0.692511,0.781212,0.263576,0.363650,0.803730,10.824933,2775.500,0,0.136061,0.000000,0.197621,0.384015
tracking_cdrone3_20260822_205732_073_milestone4,milestone4,1787457520.550812244,target_map,87,490,0,detected,16.870022,5.381350,3.552405,2.519981,0.985558,0.298360,0.848538,20.657019,5237.062,0,0.136061,0.000000,0.197621,0.384015
tracking_cdrone3_20260822_205732_073_milestone4,milestone4,1787457520.651198864,target_map,83,484,0,detected,8.673467,-3.228151,0.729011,0.781212,0.263576,0.363650,0.782852,10.824933,2775.500,0,0.236431,0.000000,0.232751,0.409108
tracking_cdrone3_20260822_205732_073_milestone4,milestone4,1787457520.651198864,target_map,87,490,0,detected,17.122953,5.480270,3.582351,2.519981,0.985558,0.298360,0.826497,20.657019,5237.062,0,0.236431,0.000000,0.232751,0.409108
tracking_cdrone3_20260822_205732_073_milestone4,milestone4,1787457520.681612730,raw,484,484,0,detected,8.373693,-3.191387,0.362023,-0.425342,0.366239,-1.038705,0.855957,10.556157,2788.000,1,0.000000,0.000000,0.000000,0.000000
tracking_cdrone3_20260822_205732_073_milestone4,milestone4,1787457520.681612730,raw,490,490,1,held,16.783564,5.617990,3.452590,0.947789,1.370368,-0.218895,0.878418,20.907019,5237.062,0,0.270538,0.270538,0.000000,0.000000
tracking_cdrone3_20260822_205732_073_milestone4,milestone4,1787457520.750738621,target_map,83,484,0,detected,8.381298,-3.170691,0.335662,0.117607,0.320040,-0.407645,0.842119,10.556157,2788.000,1,0.064667,0.000000,0.172633,0.366167
tracking_cdrone3_20260822_205732_073_milestone4,milestone4,1787457520.750738621,target_map,87,490,1,held,16.890606,5.695410,3.453487,1.655275,1.197203,0.013870,0.804805,20.907019,5237.062,0,0.335205,0.000000,0.172633,0.366167
tracking_cdrone3_20260822_205732_073_milestone4,milestone4,1787457520.850920677,target_map,83,484,0,detected,8.393078,-3.138633,0.294829,0.117607,0.320040,-0.407645,0.820684,10.556157,2788.000,1,0.164835,0.000000,0.207692,0.391209
tracking_cdrone3_20260822_205732_073_milestone4,milestone4,1787457520.850920677,target_map,87,490,1,held,17.056410,5.815331,3.454876,1.655275,1.197203,0.013870,0.782808,20.907019,5237.062,0,0.435373,0.000000,0.207692,0.391209
tracking_cdrone3_20260822_205732_073_milestone4,milestone4,1787457520.950856686,target_map,83,484,2,predicted,8.404832,-3.106648,0.254089,0.117607,0.320040,-0.407645,0.799298,10.556157,2788.000,1,0.264776,0.264776,0.242672,0.416194
tracking_cdrone3_20260822_205732_073_milestone4,milestone4,1787457520.950856686,target_map,87,490,2,predicted,17.221840,5.934981,3.456262,1.655275,1.197203,0.013870,0.760861,20.907019,5237.062,0,0.535314,0.535314,0.242672,0.416194
tracking_cdrone3_20260822_205732_073_milestone4,milestone4,1787457520.962333202,raw,484,484,0,detected,8.881418,-3.035715,0.959353,1.808704,0.554561,2.127907,0.868652,10.830284,2887.500,0,0.000000,0.000000,0.000000,0.000000
tracking_cdrone3_20260822_205732_073_milestone4,milestone4,1787457520.962333202,raw,490,490,0,detected,15.705665,5.673073,3.986451,-3.839874,0.196224,1.901808,0.417725,19.873602,5098.688,1,0.000000,0.000000,0.000000,0.000000
tracking_cdrone3_20260822_205732_073_milestone4,milestone4,1787457521.051224947,target_map,83,484,0,detected,8.971483,-2.997115,1.044192,1.047711,0.449027,0.986909,0.849984,10.830284,2887.500,0,0.085964,0.000000,0.180087,0.371491
tracking_cdrone3_20260822_205732_073_milestone4,milestone4,1787457521.051224947,target_map,87,490,0,detected,15.588147,5.728663,4.076906,-1.367057,0.646665,1.052236,0.408747,19.873602,5098.688,1,0.085964,0.000000,0.180087,0.371491
tracking_cdrone3_20260822_205732_073_milestone4,milestone4,1787457521.150743246,target_map,83,484,0,detected,9.075748,-2.952429,1.142406,1.047711,0.449027,0.986909,0.828373,10.830284,2887.500,0,0.185481,0.000000,0.214918,0.396370
tracking_cdrone3_20260822_205732_073_milestone4,milestone4,1787457521.150743246,target_map,87,490,0,detected,15.452102,5.793017,4.181621,-1.367057,0.646665,1.052236,0.398355,19.873602,5098.688,1,0.185481,0.000000,0.214918,0.396370
tracking_cdrone3_20260822_205732_073_milestone4,milestone4,1787457521.239915848,raw,484,484,0,detected,9.003946,-2.710472,0.904518,0.441394,1.171648,-0.197536,0.839355,10.754475,2588.500,1,0.000000,0.000000,0.000000,0.000000
tracking_cdrone3_20260822_205732_073_milestone4,milestone4,1787457521.239915848,raw,490,490,0,detected,15.166018,5.863491,4.224600,-1.944013,0.685957,0.857903,0.781738,19.364353,3559.883,1,0.000000,0.000000,0.000000,0.000000
tracking_cdrone3_20260822_205732_073_milestone4,milestone4,1787457521.250713110,target_map,83,484,0,detected,9.008075,-2.705579,0.906458,0.714236,0.846469,0.335464,0.838142,10.754475,2588.500,1,0.005781,0.000000,0.152023,0.351445
tracking_cdrone3_20260822_205732_073_milestone4,milestone4,1787457521.250713110,target_map,87,490,0,detected,15.156281,5.867354,4.230065,-1.684382,0.668276,0.945353,0.780609,19.364353,3559.883,1,0.005781,0.000000,0.152023,0.351445
tracking_cdrone3_20260822_205732_073_milestone4,milestone4,1787457521.350790262,target_map,83,484,0,detected,9.079549,-2.620873,0.940027,0.714236,0.846469,0.335464,0.817144,10.754475,2588.500,1,0.105850,0.000000,0.187048,0.376463
tracking_cdrone3_20260822_205732_073_milestone4,milestone4,1787457521.350790262,target_map,87,490,0,detected,14.987726,5.934228,4.324666,-1.684382,0.668276,0.945353,0.761051,19.364353,3559.883,1,0.105850,0.000000,0.187048,0.376463
tracking_cdrone3_20260822_205732_073_milestone4,milestone4,1787457521.450989962,target_map,83,484,0,detected,9.151107,-2.536067,0.973637,0.714236,0.846469,0.335464,0.796121,10.754475,2588.500,1,0.206038,0.000000,0.222113,0.401510
tracking_cdrone3_20260822_205732_073_milestone4,milestone4,1787457521.450989962,target_map,87,490,0,detected,14.818971,6.001181,4.419379,-1.684382,0.668276,0.945353,0.741471,19.364353,3559.883,1,0.206038,0.000000,0.222113,0.401510
tracking_cdrone3_20260822_205732_073_milestone4,milestone4,1787457521.512854576,raw,484,484,0,detected,1.853237,-2.861073,0.914503,-26.198608,-0.551766,0.036581,0.773438,3.486749,3258.000,1,0.000000,0.000000,0.000000,0.000000
tracking_cdrone3_20260822_205732_073_milestone4,milestone4,1787457521.512854576,raw,490,490,0,detected,15.977394,6.323005,4.486693,2.972700,1.683558,0.960253,0.781738,20.237387,3559.883,0,0.000000,0.000000,0.000000,0.000000
tracking_cdrone3_20260822_205732_073_milestone4,milestone4,1787457521.550963640,target_map,83,484,0,detected,1.710261,-2.850965,0.920011,-4.077614,0.288264,0.157101,0.766658,3.486749,3258.000,1,0.035064,0.000000,0.162272,0.358766
tracking_cdrone3_20260822_205732_073_milestone4,milestone4,1787457521.550963640,target_map,87,490,0,detected,16.008146,6.366017,4.520128,0.877013,1.226681,0.953548,0.774886,20.237387,3559.883,0,0.035064,0.000000,0.162272,0.358766
tracking_cdrone3_20260822_205732_073_milestone4,milestone4,1787457521.650914907,target_map,83,484,0,detected,1.302682,-2.822151,0.935714,-4.077614,0.288264,0.157101,0.747330,3.486749,3258.000,1,0.135019,0.000000,0.197257,0.383755
tracking_cdrone3_20260822_205732_073_milestone4,milestone4,1787457521.650914907,target_map,87,490,0,detected,16.095808,6.488630,4.615440,0.877013,1.226681,0.953548,0.755351,20.237387,3559.883,0,0.135019,0.000000,0.197257,0.383755
tracking_cdrone3_20260822_205732_073_milestone4,milestone4,1787457521.751372814,target_map,83,484,0,detected,0.893142,-2.793199,0.951493,-4.077614,0.288264,0.157101,0.727910,3.486749,3258.000,1,0.235455,0.000000,0.232409,0.408864
tracking_cdrone3_20260822_205732_073_milestone4,milestone4,1787457521.751372814,target_map,87,490,0,detected,16.183891,6.611833,4.711211,0.877013,1.226681,0.953548,0.735722,20.237387,3559.883,0,0.235455,0.000000,0.232409,0.408864
tracking_cdrone3_20260822_205732_073_milestone4,milestone4,1787457521.788093090,raw,484,484,0,detected,7.755645,-2.537111,1.230903,21.445127,1.177044,1.149572,0.751465,9.282385,3997.500,0,0.000000,0.000000,0.000000,0.000000
tracking_cdrone3_20260822_205732_073_milestone4,milestone4,1787457521.788093090,raw,490,490,0,detected,16.868031,7.062993,5.770318,3.235934,2.688587,4.663772,0.781738,21.511101,3559.883,0,0.000000,0.000000,0.000000,0.000000
tracking_cdrone3_20260822_205732_073_milestone4,milestone4,1787457521.851088524,target_map,83,484,0,detected,7.906559,-2.515202,1.248989,2.552181,0.370511,0.305868,0.740356,9.282385,3997.500,0,0.059132,0.000000,0.170696,0.364783
tracking_cdrone3_20260822_205732_073_milestone4,milestone4,1787457521.851088524,target_map,87,490,0,detected,16.996607,7.183073,5.947368,2.174420,2.030729,2.994171,0.770182,21.511101,3559.883,0,0.059132,0.000000,0.170696,0.364783
tracking_cdrone3_20260822_205732_073_milestone4,milestone4,1787457521.951020241,target_map,83,484,0,detected,8.161581,-2.478180,1.279553,2.552181,0.370511,0.305868,0.721584,9.282385,3997.500,0,0.159055,0.000000,0.205669,0.389764
tracking_cdrone3_20260822_205732_073_milestone4,milestone4,1787457521.951020241,target_map,87,490,0,detected,17.213882,7.385990,6.246555,2.174420,2.030729,2.994171,0.750654,21.511101,3559.883,0,0.159055,0.000000,0.205669,0.389764
tracking_cdrone3_20260822_205732_073_milestone4,milestone4,1787457522.038078785,raw,484,484,0,detected,6.692766,-2.449449,0.834360,-4.251663,0.350663,-1.586225,0.778320,8.071274,5016.000,1,0.000000,0.000000,0.000000,0.000000
tracking_cdrone3_20260822_205732_073_milestone4,milestone4,1787457522.038078785,raw,490,490,1,held,17.189743,7.363674,5.425714,1.286897,1.202766,-1.378459,0.781738,21.724228,3559.883,0,0.249991,0.249991,0.000000,0.000000
tracking_cdrone3_20260822_205732_073_milestone4,milestone4,1787457522.051345825,target_map,83,484,0,detected,6.681361,-2.446002,0.827318,-1.189933,0.359594,-0.734783,0.776455,8.071274,5016.000,1,0.009584,0.000000,0.153354,0.352396
tracking_cdrone3_20260822_205732_073_milestone4,milestone4,1787457522.051345825,target_map,87,490,1,held,17.205904,7.378772,5.431362,1.686282,1.575349,0.589224,0.731008,21.724228,3559.883,0,0.259576,0.000000,0.153354,0.352396
tracking_cdrone3_20260822_205732_073_milestone4,milestone4,1787457522.150864363,target_map,83,484,0,detected,6.562978,-2.410227,0.754217,-1.189933,0.359594,-0.734783,0.757097,8.071274,5016.000,1,0.109071,0.000000,0.188175,0.377268
tracking_cdrone3_20260822_205732_073_milestone4,milestone4,1787457522.150864363,target_map,87,490,1,held,17.373669,7.535499,5.489982,1.686282,1.575349,0.589224,0.711565,21.724228,3559.883,0,0.359063,0.000000,0.188175,0.377268
tracking_cdrone3_20260822_205732_073_milestone4,milestone4,1787457522.251208067,target_map,83,484,0,detected,6.443554,-2.374138,0.680473,-1.189933,0.359594,-0.734783,0.737569,8.071274,5016.000,1,0.209433,0.000000,0.223302,0.402358
tracking_cdrone3_20260822_205732_073_milestone4,milestone4,1787457522.251208067,target_map,87,490,1,held,17.542906,7.693604,5.549118,1.686282,1.575349,0.589224,0.691951,21.724228,3559.883,0,0.459424,0.000000,0.223302,0.402358
tracking_cdrone3_20260822_205732_073_milestone4,milestone4,1787457522.305041313,raw,484,484,0,detected,6.737635,-2.309403,0.665670,0.168085,0.524626,-0.631933,0.778320,7.991317,5016.000,1,0.000000,0.000000,0.000000,0.000000
tracking_cdrone3_20260822_205732_073_milestone4,milestone4,1787457522.350763321,target_map,83,484,0,detected,6.719613,-2.291082,0.638080,-0.443023,0.450362,-0.678216,0.770405,7.991317,5016.000,1,0.040680,0.000000,0.164238,0.360170
tracking_cdrone3_20260822_205732_073_milestone4,milestone4,1787457522.350763321,target_map,87,490,2,predicted,17.710810,7.850462,5.607787,1.686282,1.575349,0.589224,0.672491,21.724228,3559.883,0,0.558995,0.558995,0.258151,0.427251
tracking_cdrone3_20260822_205732_073_milestone4,milestone4,1787457522.451627970,target_map,83,484,0,detected,6.674928,-2.245656,0.569672,-0.443023,0.450362,-0.678216,0.750778,7.991317,5016.000,1,0.141545,0.000000,0.199541,0.385386
tracking_cdrone3_20260822_205732_073_milestone4,milestone4,1787457522.451627970,target_map,87,490,2,predicted,17.880896,8.009359,5.667219,1.686282,1.575349,0.589224,0.652779,21.724228,3559.883,0,0.659859,0.659859,0.293454,0.452467
tracking_cdrone3_20260822_205732_073_milestone4,milestone4,1787457522.550597906,target_map,83,484,0,detected,6.631078,-2.201081,0.502544,-0.443023,0.450362,-0.678216,0.731519,7.991317,5016.000,1,0.240522,0.000000,0.234183,0.410131
tracking_cdrone3_20260822_205732_073_milestone4,milestone4,1787457522.550597906,target_map,87,490,2,predicted,18.047800,8.165283,5.725539,1.686282,1.575349,0.589224,0.633435,21.724228,3559.883,0,0.758837,0.758837,0.328096,0.477211
tracking_cdrone3_20260822_205732_073_milestone4,milestone4,1787457522.605417490,raw,484,484,0,detected,15.370023,-1.402730,0.683931,28.737564,3.018353,0.060791,0.778320,16.425209,5016.000,0,0.000000,0.000000,0.000000,0.000000
tracking_cdrone3_20260822_205732_073_milestone4,milestone4,1787457522.650651217,target_map,83,484,0,detected,15.547798,-1.374540,0.671334,4.176559,0.662273,-0.295940,0.770038,16.425209,5016.000,0,0.042565,0.000000,0.164898,0.360641
tracking_cdrone3_20260822_205732_073_milestone4,milestone4,1787457522.650651217,target_map,87,490,2,predicted,18.216515,8.322899,5.784492,1.686282,1.575349,0.589224,0.613882,21.724228,3559.883,0,0.858888,0.858888,0.363114,0.502224
tracking_cdrone3_20260822_205732_073_milestone4,milestone4,1787457522.750836134,target_map,83,484,0,detected,15.966210,-1.308193,0.641686,4.176559,0.662273,-0.295940,0.750545,16.425209,5016.000,0,0.142746,0.000000,0.199961,0.385687
tracking_cdrone3_20260822_205732_073_milestone4,milestone4,1787457522.750836134,target_map,87,490,2,predicted,18.385448,8.480720,5.843521,1.686282,1.575349,0.589224,0.594303,21.724228,3559.883,0,0.959069,0.959069,0.398177,0.527270
tracking_cdrone3_20260822_205732_073_milestone4,milestone4,1787457522.851062775,target_map,83,484,0,detected,16.384750,-1.241825,0.612030,4.176559,0.662273,-0.295940,0.731046,16.425209,5016.000,0,0.242958,0.000000,0.235035,0.410739
tracking_cdrone3_20260822_205732_073_milestone4,milestone4,1787457522.851062775,target_map,87,490,2,predicted,18.554434,8.638587,5.902567,1.686282,1.575349,0.589224,0.574718,21.724228,3559.883,0,1.059281,1.059281,0.433251,0.552322
tracking_cdrone3_20260822_205732_073_milestone4,milestone4,1787457522.876050711,raw,484,484,0,detected,15.207659,-1.221773,0.928490,-0.599881,0.668575,0.903563,0.778320,16.146200,5016.000,1,0.000000,0.000000,0.000000,0.000000
tracking_cdrone3_20260822_205732_073_milestone4,milestone4,1787457522.950790644,target_map,83,484,0,detected,15.318116,-1.174315,0.954422,1.549517,0.665739,0.363787,0.764450,16.146200,5016.000,1,0.071285,0.000000,0.174950,0.367821
tracking_cdrone3_20260822_205732_073_milestone4,milestone4,1787457522.950790644,target_map,87,490,2,predicted,18.722631,8.795720,5.961339,1.686282,1.575349,0.589224,0.555225,21.724228,3559.883,0,1.159025,1.159025,0.468162,0.577259
tracking_cdrone3_20260822_205732_073_milestone4,milestone4,1787457523.050829887,target_map,83,484,0,detected,15.473115,-1.107722,0.990812,1.549517,0.665739,0.363787,0.744986,16.146200,5016.000,1,0.171315,0.000000,0.209960,0.392829
tracking_cdrone3_20260822_205732_073_milestone4,milestone4,1787457523.050829887,target_map,87,490,2,predicted,18.891310,8.953302,6.020279,1.686282,1.575349,0.589224,0.535675,21.724228,3559.883,0,1.259055,1.259055,0.503172,0.602266
tracking_cdrone3_20260822_205732_073_milestone4,milestone4,1787457523.142308474,raw,484,484,0,detected,15.078830,-1.084735,1.117562,-0.483911,0.514747,0.710200,0.778320,15.953263,5016.000,1,0.000000,0.000000,0.000000,0.000000
tracking_cdrone3_20260822_205732_073_milestone4,milestone4,1787457523.159977198,target_map,83,484,0,detected,15.085060,-1.076314,1.125573,0.431131,0.582693,0.554314,0.775508,15.953263,5016.000,1,0.014452,0.000000,0.155058,0.353613
tracking_cdrone3_20260822_205732_073_milestone4,milestone4,1787457523.159977198,target_map,87,490,2,predicted,19.075377,9.125259,6.084597,1.686282,1.575349,0.589224,0.514343,21.724228,3559.883,0,1.368211,1.368211,0.541377,0.629555
tracking_cdrone3_20260822_205732_073_milestone4,milestone4,1787457523.250991344,target_map,83,484,0,detected,15.124296,-1.023285,1.176019,0.431131,0.582693,0.554314,0.757800,15.953263,5016.000,1,0.105458,0.000000,0.186910,0.376364
tracking_cdrone3_20260822_205732_073_milestone4,milestone4,1787457523.250991344,target_map,87,490,2,predicted,19.228840,9.268626,6.138220,1.686282,1.575349,0.589224,0.496557,21.724228,3559.883,0,1.459217,1.459217,0.573229,0.652306
tracking_cdrone3_20260822_205732_073_milestone4,milestone4,1787457523.351046324,target_map,83,484,0,detected,15.167431,-0.964987,1.231478,0.431131,0.582693,0.554314,0.738333,15.953263,5016.000,1,0.205508,0.000000,0.221928,0.401377
tracking_cdrone3_20260822_205732_073_milestone4,milestone4,1787457523.351046324,target_map,87,490,2,predicted,19.397551,9.426239,6.197171,1.686282,1.575349,0.589224,0.477004,21.724228,3559.883,0,1.559267,1.559267,0.608246,0.677319
tracking_cdrone3_20260822_205732_073_milestone4,milestone4,1787457523.415449858,raw,484,484,0,detected,14.388182,-1.015804,0.788122,-2.528522,0.252360,-1.206110,0.778320,15.115487,5016.000,1,0.000000,0.000000,0.000000,0.000000
tracking_cdrone3_20260822_205732_073_milestone4,milestone4,1787457523.450742722,target_map,83,484,0,detected,14.349700,-1.002909,0.774811,-1.196678,0.401010,-0.413919,0.772063,15.115487,5016.000,1,0.032157,0.000000,0.161255,0.358039
tracking_cdrone3_20260822_205732_073_milestone4,milestone4,1787457523.450742722,target_map,87,490,2,predicted,19.565699,9.583325,6.255926,1.686282,1.575349,0.589224,0.457516,21.724228,3559.883,0,1.658981,1.658981,0.643146,0.702248
tracking_cdrone3_20260822_205732_073_milestone4,milestone4,1787457523.550962687,target_map,83,484,0,detected,14.229779,-0.962723,0.733332,-1.196678,0.401010,-0.413919,0.752564,15.115487,5016.000,1,0.132368,0.000000,0.196329,0.383092
tracking_cdrone3_20260822_205732_073_milestone4,milestone4,1787457523.550962687,target_map,87,490,2,predicted,19.734682,9.741192,6.314972,1.686282,1.575349,0.589224,0.437931,21.724228,3559.883,0,1.759192,1.759192,0.678220,0.727300
tracking_cdrone3_20260822_205732_073_milestone4,milestone4,1787457523.650957108,target_map,83,484,0,detected,14.110124,-0.922626,0.691944,-1.196678,0.401010,-0.413919,0.733108,15.115487,5016.000,1,0.232358,0.000000,0.231325,0.408090
tracking_cdrone3_20260822_205732_073_milestone4,milestone4,1787457523.650957108,target_map,87,490,2,predicted,19.903294,9.898711,6.373889,1.686282,1.575349,0.589224,0.418390,21.724228,3559.883,0,1.859182,1.859182,0.713217,0.752298
tracking_cdrone3_20260822_205732_073_milestone4,milestone4,1787457523.696299314,raw,484,484,0,detected,13.434010,-0.778020,0.954734,-3.397457,0.846661,0.593243,0.778320,13.938278,5016.000,1,0.000000,0.000000,0.000000,0.000000
tracking_cdrone3_20260822_205732_073_milestone4,milestone4,1787457523.751020193,target_map,83,484,0,detected,13.310389,-0.744838,0.961925,-2.407106,0.646118,0.140020,0.768327,13.938278,5016.000,1,0.051357,0.000000,0.167975,0.362839
tracking_cdrone3_20260822_205732_073_milestone4,milestone4,1787457523.751020193,target_map,87,490,2,predicted,20.072027,10.056344,6.432848,1.686282,1.575349,0.589224,0.398834,21.724228,3559.883,0,1.959244,1.959244,0.748239,0.777313
tracking_cdrone3_20260822_205732_073_milestone4,milestone4,1787457523.850772858,target_map,83,484,0,detected,13.070239,-0.680376,0.975894,-2.407106,0.646118,0.140020,0.748915,13.938278,5016.000,1,0.151124,0.000000,0.202893,0.387781
tracking_cdrone3_20260822_205732_073_milestone4,milestone4,1787457523.850772858,target_map,87,490,2,predicted,20.240263,10.213512,6.491633,1.686282,1.575349,0.589224,0.379336,21.724228,3559.883,0,2.059012,2.059012,0.783157,0.802255
tracking_cdrone3_20260822_205732_073_milestone4,milestone4,1787457523.950937986,target_map,83,484,2,predicted,12.829142,-0.615661,0.989919,-2.407106,0.646118,0.140020,0.729425,13.938278,5016.000,1,0.251284,0.251284,0.237950,0.412821
tracking_cdrone3_20260822_205732_073_milestone4,milestone4,1787457523.950937986,target_map,87,490,2,predicted,20.409161,10.371301,6.550651,1.686282,1.575349,0.589224,0.359761,21.724228,3559.883,0,2.159172,2.159172,0.818213,0.827295
tracking_cdrone3_20260822_205732_073_milestone4,milestone4,1787457524.018948793,raw,484,484,0,detected,12.322827,-0.850679,0.861224,-3.443737,-0.225182,-0.289802,0.778320,12.638912,5016.000,1,0.000000,0.000000,0.000000,0.000000
tracking_cdrone3_20260822_205732_073_milestone4,milestone4,1787457524.050935745,target_map,83,484,0,detected,12.240278,-0.846052,0.858552,-2.977253,0.166903,-0.096382,0.772925,12.638912,5016.000,1,0.027727,0.000000,0.159704,0.356932
tracking_cdrone3_20260822_205732_073_milestone4,milestone4,1787457524.050935745,target_map,87,490,2,predicted,20.577778,10.528825,6.609569,1.686282,1.575349,0.589224,0.340219,21.724228,3559.883,0,2.259165,2.259165,0.853211,0.852293
tracking_cdrone3_20260822_205732_073_milestone4,milestone4,1787457524.150965214,target_map,83,484,0,detected,11.942470,-0.829357,0.848911,-2.977253,0.166903,-0.096382,0.753462,12.638912,5016.000,1,0.127754,0.000000,0.194714,0.381939
tracking_cdrone3_20260822_205732_073_milestone4,milestone4,1787457524.150965214,target_map,87,490,2,predicted,20.746452,10.686403,6.668508,1.686282,1.575349,0.589224,0.320670,21.724228,3559.883,0,2.359193,2.359193,0.888221,0.877300
tracking_cdrone3_20260822_205732_073_milestone4,milestone4,1787457524.251245499,target_map,83,484,0,detected,11.643986,-0.812624,0.839248,-2.977253,0.166903,-0.096382,0.733954,12.638912,5016.000,1,0.228009,0.000000,0.229803,0.407002
tracking_cdrone3_20260822_205732_073_milestone4,milestone4,1787457524.251245499,target_map,87,490,2,predicted,20.915510,10.844339,6.727580,1.686282,1.575349,0.589224,0.301077,21.724228,3559.883,0,2.459448,2.459448,0.923310,0.902364
tracking_cdrone3_20260822_205732_073_milestone4,milestone4,1787457524.350228786,raw,484,484,0,detected,10.594419,-1.016340,0.877558,-5.217516,-0.500076,0.049306,0.778320,10.769495,5016.000,1,0.000000,0.000000,0.000000,0.000000
tracking_cdrone3_20260822_205732_073_milestone4,milestone4,1787457524.351229906,target_map,83,484,2,predicted,11.346218,-0.795931,0.829609,-2.977253,0.166903,-0.096382,0.714493,12.638912,5016.000,1,0.328024,0.328024,0.264808,0.432006
tracking_cdrone3_20260822_205732_073_milestone4,milestone4,1787457524.351229906,target_map,87,490,2,predicted,21.084164,11.001897,6.786511,1.686282,1.575349,0.589224,0.281531,21.724228,3559.883,0,2.559462,2.559462,0.958315,0.927368
tracking_cdrone3_20260822_205732_073_milestone4,milestone4,1787457524.451080322,target_map,83,484,0,detected,10.210755,-1.034563,0.876076,-4.209398,-0.199936,-0.016254,0.760585,10.769495,5016.000,1,0.091145,0.000000,0.181901,0.372786
tracking_cdrone3_20260822_205732_073_milestone4,milestone4,1787457524.451080322,target_map,87,490,2,predicted,21.252478,11.159139,6.845324,1.686282,1.575349,0.589224,0.262024,21.724228,3559.883,0,2.659276,2.659276,0.993250,0.952321
tracking_cdrone3_20260822_205732_073_milestone4,milestone4,1787457524.550914526,target_map,83,484,0,detected,9.790489,-1.054524,0.874453,-4.209398,-0.199936,-0.016254,0.741158,10.769495,5016.000,1,0.190985,0.000000,0.216845,0.397746
tracking_cdrone3_20260822_205732_073_milestone4,milestone4,1787457524.550914526,target_map,87,490,2,predicted,21.420835,11.316422,6.904152,1.686282,1.575349,0.589224,0.242512,21.724228,3559.883,0,2.759116,2.759116,1.028194,0.977281
tracking_cdrone3_20260822_205732_073_milestone4,milestone4,1787457524.650947809,target_map,83,484,2,predicted,9.369278,-1.074531,0.872827,-4.209398,-0.199936,-0.016254,0.721688,10.769495,5016.000,1,0.291049,0.291049,0.251867,0.422762
tracking_cdrone3_20260822_205732_073_milestone4,milestone4,1787457524.650947809,target_map,87,490,2,predicted,21.589573,11.474058,6.963112,1.686282,1.575349,0.589224,0.222956,21.724228,3559.883,0,2.859181,2.859181,1.063216,1.002297
tracking_cdrone3_20260822_205732_073_milestone4,milestone4,1787457524.664740562,raw,484,484,0,detected,10.195159,-0.835589,1.228921,-1.269393,0.574670,1.117111,0.778320,10.187770,5016.000,1,0.000000,0.000000,0.000000,0.000000
tracking_cdrone3_20260822_205732_073_milestone4,milestone4,1787457524.754188061,target_map,83,484,0,detected,9.970722,-0.816015,1.281480,-2.592395,0.226097,0.607097,0.761475,10.187770,5016.000,1,0.086575,0.000000,0.180301,0.371644
tracking_cdrone3_20260822_205732_073_milestone4,milestone4,1787457524.754188061,target_map,87,490,2,predicted,21.763636,11.636671,7.023934,1.686282,1.575349,0.589224,0.202782,21.724228,3559.883,0,2.962404,2.962404,1.099344,1.028103
tracking_cdrone3_20260822_205732_073_milestone4,milestone4,1787457524.852186203,target_map,83,484,0,detected,9.716630,-0.793854,1.340985,-2.592395,0.226097,0.607097,0.742403,10.187770,5016.000,1,0.184589,0.000000,0.214606,0.396147
tracking_cdrone3_20260822_205732_073_milestone4,milestone4,1787457524.852186203,target_map,87,490,2,predicted,21.928917,11.791078,7.081686,1.686282,1.575349,0.589224,0.183627,21.724228,3559.883,0,3.060418,3.060418,1.133649,1.052607
tracking_cdrone3_20260822_205732_073_milestone4,milestone4,1787457524.951010942,target_map,83,484,2,predicted,9.460464,-0.771513,1.400975,-2.592395,0.226097,0.607097,0.723176,10.187770,5016.000,1,0.283404,0.283404,0.249191,0.420851
tracking_cdrone3_20260822_205732_073_milestone4,milestone4,1787457524.951010942,target_map,87,490,2,predicted,22.095545,11.946745,7.139910,1.686282,1.575349,0.589224,0.164315,21.724228,3559.883,0,3.159233,3.159233,1.168234,1.077310
tracking_cdrone3_20260822_205732_073_milestone4,milestone4,1787457524.985040903,raw,484,484,0,detected,10.250378,-0.302461,1.311566,0.172408,1.664570,0.258039,0.778320,10.047901,5016.000,1,0.000000,0.000000,0.000000,0.000000
tracking_cdrone3_20260822_205732_073_milestone4,milestone4,1787457525.050701857,target_map,83,484,0,detected,10.186482,-0.241814,1.336314,-1.071754,1.017257,0.415115,0.766720,10.047901,5016.000,1,0.059618,0.000000,0.170866,0.364904
tracking_cdrone3_20260822_205732_073_milestone4,milestone4,1787457525.050701857,target_map,87,490,2,predicted,22.263670,12.103809,7.198657,1.686282,1.575349,0.589224,0.144830,21.724228,3559.883,0,3.258934,3.258934,1.203130,1.102236
tracking_cdrone3_20260822_205732_073_milestone4,milestone4,1787457525.151115179,target_map,83,484,0,detected,10.078892,-0.139694,1.377986,-1.071754,1.017257,0.415115,0.747186,10.047901,5016.000,1,0.160005,0.000000,0.206002,0.390001
tracking_cdrone3_20260822_205732_073_milestone4,milestone4,1787457525.151115179,target_map,87,490,2,predicted,22.432953,12.261955,7.257808,1.686282,1.575349,0.589224,0.125211,21.724228,3559.883,0,3.359322,3.359322,1.238266,1.127333
tracking_cdrone3_20260822_205732_073_milestone4,milestone4,1787457525.251385212,target_map,83,484,2,predicted,9.971423,-0.037690,1.419611,-1.071754,1.017257,0.415115,0.727675,10.047901,5016.000,1,0.260279,0.260279,0.241098,0.415070
tracking_cdrone3_20260822_205732_073_milestone4,milestone4,1787457525.251385212,target_map,87,490,2,predicted,22.602041,12.419922,7.316892,1.686282,1.575349,0.589224,0.105614,21.724228,3559.883,0,3.459596,3.459596,1.273361,1.152401
tracking_cdrone3_20260822_205732_073_milestone4,milestone4,1787457525.288655996,raw,484,484,0,detected,10.533044,0.000785,1.190505,0.930982,0.998761,-0.398724,0.778320,10.282875,5016.000,0,0.000000,0.000000,0.000000,0.000000
tracking_cdrone3_20260822_205732_073_milestone4,milestone4,1787457525.350912094,target_map,83,484,0,detected,10.534561,0.052156,1.188847,0.029751,1.007085,-0.032496,0.768395,10.282875,5016.000,0,0.051009,0.000000,0.167853,0.362752
tracking_cdrone3_20260822_205732_073_milestone4,milestone4,1787457525.350912094,target_map,87,490,2,predicted,22.769907,12.576743,7.375547,1.686282,1.575349,0.589224,0.086159,21.724228,3559.883,0,3.559143,3.559143,1.308203,1.177288
tracking_cdrone3_20260822_205732_073_milestone4,milestone4,1787457525.450817585,target_map,83,484,0,detected,10.537534,0.152766,1.185601,0.029751,1.007085,-0.032496,0.748956,10.282875,5016.000,0,0.150912,0.000000,0.202819,0.387728
tracking_cdrone3_20260822_205732_073_milestone4,milestone4,1787457525.450817585,target_map,87,490,2,predicted,22.938372,12.734125,7.434412,1.686282,1.575349,0.589224,0.066634,21.724228,3559.883,0,3.659046,3.659046,1.343169,1.202264
tracking_cdrone3_20260822_205732_073_milestone4,milestone4,1787457525.551366091,target_map,83,484,2,predicted,10.540524,0.254004,1.182334,0.029751,1.007085,-0.032496,0.729396,10.282875,5016.000,0,0.251438,0.251438,0.238003,0.412859
tracking_cdrone3_20260822_205732_073_milestone4,milestone4,1787457525.551366091,target_map,87,490,2,predicted,23.107885,12.892488,7.493644,1.686282,1.575349,0.589224,0.046988,21.724228,3559.883,0,3.759571,3.759571,1.378353,1.227395
tracking_cdrone3_20260822_205732_073_milestone4,milestone4,1787457525.579705000,raw,484,484,0,detected,9.988256,0.312759,1.057219,-1.871814,1.071900,-0.457951,0.778320,9.666210,5016.000,1,0.000000,0.000000,0.000000,0.000000
tracking_cdrone3_20260822_205732_073_milestone4,milestone4,1787457525.650842667,target_map,83,484,0,detected,9.922790,0.379941,1.040049,-1.016110,1.042733,-0.266496,0.765784,9.666210,5016.000,1,0.064428,0.000000,0.172550,0.366107
tracking_cdrone3_20260822_205732_073_milestone4,milestone4,1787457525.650842667,target_map,87,490,2,predicted,23.275675,13.049239,7.552274,1.686282,1.575349,0.589224,0.027542,21.724228,3559.883,0,3.859074,3.859074,1.413179,1.252271
tracking_cdrone3_20260822_205732_073_milestone4,milestone4,1787457525.750871181,target_map,83,484,0,detected,9.821156,0.484238,1.013393,-1.016110,1.042733,-0.266496,0.746321,9.666210,5016.000,1,0.164451,0.000000,0.207558,0.391113
tracking_cdrone3_20260822_205732_073_milestone4,milestone4,1787457525.750871181,target_map,87,490,2,predicted,23.444342,13.206809,7.611209,1.686282,1.575349,0.589224,0.007994,21.724228,3559.883,0,3.959096,3.959096,1.448187,1.277276
tracking_cdrone3_20260822_205732_073_milestone4,milestone4,1787457525.851116180,target_map,83,484,2,predicted,9.719342,0.588719,0.986691,-1.016110,1.042733,-0.266496,0.726825,9.666210,5016.000,1,0.264650,0.264650,0.242628,0.416163
tracking_cdrone3_20260822_205732_073_milestone4,milestone4,1787457525.851116180,target_map,87,490,2,predicted,23.613306,13.364658,7.670249,1.686282,1.575349,0.589224,0.000000,21.724228,3559.883,0,4.059296,4.059296,1.483256,1.302326
tracking_cdrone3_20260822_205732_073_milestone4,milestone4,1787457525.951272964,target_map,83,484,2,predicted,9.617743,0.692980,0.960044,-1.016110,1.042733,-0.266496,0.707369,9.666210,5016.000,1,0.364638,0.364638,0.277623,0.441160
tracking_cdrone3_20260822_205732_073_milestone4,milestone4,1787457525.951272964,target_map,87,490,2,predicted,23.781914,13.522175,7.729165,1.686282,1.575349,0.589224,0.000000,21.724228,3559.883,0,4.159284,4.159284,1.518252,1.327323
tracking_cdrone3_20260822_205732_073_milestone4,milestone4,1787457526.051244736,target_map,83,484,2,predicted,9.516104,0.797282,0.933387,-1.016110,1.042733,-0.266496,0.687905,9.666210,5016.000,1,0.464666,0.464666,0.312633,0.466167
tracking_cdrone3_20260822_205732_073_milestone4,milestone4,1787457526.051244736,target_map,87,490,2,predicted,23.950588,13.679753,7.788104,1.686282,1.575349,0.589224,0.000000,21.724228,3559.883,0,4.259312,4.259312,1.553262,1.352330
tracking_cdrone3_20260822_205732_073_milestone4,milestone4,1787457526.151202202,target_map,83,484,2,predicted,9.414389,0.901663,0.906710,-1.016110,1.042733,-0.266496,0.668428,9.666210,5016.000,1,0.564769,0.564769,0.347669,0.491192
tracking_cdrone3_20260822_205732_073_milestone4,milestone4,1787457526.151202202,target_map,87,490,2,predicted,24.119390,13.837450,7.847086,1.686282,1.575349,0.589224,0.000000,21.724228,3559.883,0,4.359414,4.359414,1.588298,1.377356
tracking_cdrone3_20260822_205732_073_milestone4,milestone4,1787457526.251114130,target_map,83,484,2,predicted,9.312910,1.005800,0.880095,-1.016110,1.042733,-0.266496,0.648995,9.666210,5016.000,1,0.664639,0.664639,0.382623,0.516160
tracking_cdrone3_20260822_205732_073_milestone4,milestone4,1787457526.251114130,target_map,87,490,2,predicted,24.287798,13.994780,7.905932,1.686282,1.575349,0.589224,0.000000,21.724228,3559.883,0,4.459284,4.459284,1.623252,1.402323
tracking_cdrone3_20260822_205732_073_milestone4,milestone4,1787457526.350963354,target_map,83,484,2,predicted,9.211396,1.109974,0.853471,-1.016110,1.042733,-0.266496,0.629555,9.666210,5016.000,1,0.764543,0.764543,0.417590,0.541136
tracking_cdrone3_20260822_205732_073_milestone4,milestone4,1787457526.350963354,target_map,87,490,2,predicted,24.456266,14.152164,7.964798,1.686282,1.575349,0.589224,0.000000,21.724228,3559.883,0,4.559188,4.559188,1.658219,1.427299
tracking_cdrone3_20260822_205732_073_milestone4,milestone4,1787457526.450994492,target_map,83,484,2,predicted,9.109750,1.214283,0.826812,-1.016110,1.042733,-0.266496,0.610091,9.666210,5016.000,1,0.864577,0.864577,0.452602,0.566144
tracking_cdrone3_20260822_205732_073_milestone4,milestone4,1787457526.450994492,target_map,87,490,2,predicted,24.624952,14.309753,8.023741,1.686282,1.575349,0.589224,0.000000,21.724228,3559.883,0,4.659223,4.659223,1.693231,1.452308
tracking_cdrone3_20260822_205732_073_milestone4,milestone4,1787457526.550904751,target_map,83,484,2,predicted,9.008228,1.318464,0.800186,-1.016110,1.042733,-0.266496,0.590650,9.666210,5016.000,1,0.964489,0.964489,0.487571,0.591122
tracking_cdrone3_20260822_205732_073_milestone4,milestone4,1787457526.550904751,target_map,87,490,2,predicted,24.793432,14.467150,8.082612,1.686282,1.575349,0.589224,0.000000,21.724228,3559.883,0,4.759135,4.759135,1.728200,1.477286
tracking_cdrone3_20260822_205732_073_milestone4,milestone4,1787457526.650976658,target_map,83,484,2,predicted,8.906549,1.422809,0.773518,-1.016110,1.042733,-0.266496,0.571179,9.666210,5016.000,1,1.064557,1.064557,0.522595,0.616139
tracking_cdrone3_20260822_205732_073_milestone4,milestone4,1787457526.650976658,target_map,87,490,2,predicted,24.962175,14.624791,8.141574,1.686282,1.575349,0.589224,0.000000,21.724228,3559.883,0,4.859202,4.859202,1.763224,1.502303
tracking_cdrone3_20260822_205732_073_milestone4,milestone4,1787457526.751030445,target_map,83,484,2,predicted,8.804885,1.527136,0.746855,-1.016110,1.042733,-0.266496,0.551711,9.666210,5016.000,1,1.164609,1.164609,0.557613,0.641152
tracking_cdrone3_20260822_205732_073_milestone4,milestone4,1787457526.751030445,target_map,87,490,2,predicted,25.130890,14.782408,8.200527,1.686282,1.575349,0.589224,0.000000,21.724228,3559.883,0,4.959254,4.959254,1.798242,1.527316
tracking_cdrone3_20260822_205732_073_milestone4,milestone4,1787457526.850644350,target_map,83,484,2,predicted,8.703651,1.631022,0.720304,-1.016110,1.042733,-0.266496,0.532325,9.666210,5016.000,1,1.264238,1.264238,0.592483,0.666059
tracking_cdrone3_20260822_205732_073_milestone4,milestone4,1787457526.950961113,target_map,83,484,2,predicted,8.601727,1.735616,0.693573,-1.016110,1.042733,-0.266496,0.512807,9.666210,5016.000,1,1.364546,1.364546,0.627591,0.691136
tracking_cdrone3_20260822_205732_073_milestone4,milestone4,1787457527.051014185,target_map,83,484,2,predicted,8.500069,1.839939,0.666910,-1.016110,1.042733,-0.266496,0.493340,9.666210,5016.000,1,1.464593,1.464593,0.662607,0.716148
tracking_cdrone3_20260822_205732_073_milestone4,milestone4,1787457527.151004791,target_map,83,484,2,predicted,8.398458,1.944211,0.640261,-1.016110,1.042733,-0.266496,0.473882,9.666210,5016.000,1,1.564591,1.564591,0.697607,0.741148
tracking_cdrone3_20260822_205732_073_milestone4,milestone4,1787457527.250843287,target_map,83,484,2,predicted,8.297026,2.048301,0.613658,-1.016110,1.042733,-0.266496,0.454458,9.666210,5016.000,1,1.664416,1.664416,0.732546,0.766104
tracking_cdrone3_20260822_205732_073_milestone4,milestone4,1787457527.351068258,target_map,83,484,2,predicted,8.195186,2.152810,0.586948,-1.016110,1.042733,-0.266496,0.434956,9.666210,5016.000,1,1.764642,1.764642,0.767625,0.791161
tracking_cdrone3_20260822_205732_073_milestone4,milestone4,1787457527.451005697,target_map,83,484,2,predicted,8.093646,2.257010,0.560318,-1.016110,1.042733,-0.266496,0.415512,9.666210,5016.000,1,1.864572,1.864572,0.802600,0.816143
tracking_cdrone3_20260822_205732_073_milestone4,milestone4,1787457527.551096916,target_map,83,484,2,predicted,7.991943,2.361377,0.533644,-1.016110,1.042733,-0.266496,0.396036,9.666210,5016.000,1,1.964662,1.964662,0.837632,0.841166
tracking_cdrone3_20260822_205732_073_milestone4,milestone4,1787457527.651087284,target_map,83,484,2,predicted,7.890334,2.465649,0.506995,-1.016110,1.042733,-0.266496,0.376579,9.666210,5016.000,1,2.064661,2.064661,0.872631,0.866165
tracking_cdrone3_20260822_205732_073_milestone4,milestone4,1787457527.751697302,target_map,83,484,2,predicted,7.788101,2.570561,0.480182,-1.016110,1.042733,-0.266496,0.357001,9.666210,5016.000,1,2.165273,2.165273,0.907846,0.891318
tracking_cdrone3_20260822_205732_073_milestone4,milestone4,1787457527.851055145,target_map,83,484,2,predicted,7.687403,2.673897,0.453772,-1.016110,1.042733,-0.266496,0.337718,9.666210,5016.000,1,2.264374,2.264374,0.942531,0.916094
tracking_cdrone3_20260822_205732_073_milestone4,milestone4,1787457527.950706959,target_map,83,484,2,predicted,7.585875,2.778086,0.427144,-1.016110,1.042733,-0.266496,0.318276,9.666210,5016.000,1,2.364293,2.364293,0.977503,0.941073
tracking_cdrone3_20260822_205732_073_milestone4,milestone4,1787457528.050806761,target_map,83,484,2,predicted,7.484160,2.882465,0.400467,-1.016110,1.042733,-0.266496,0.298798,9.666210,5016.000,1,2.464394,2.464394,1.012538,0.966099
tracking_cdrone3_20260822_205732_073_milestone4,milestone4,1787457528.150945902,target_map,83,484,2,predicted,7.382413,2.986877,0.373782,-1.016110,1.042733,-0.266496,0.279314,9.666210,5016.000,1,2.564528,2.564528,1.047585,0.991132
tracking_cdrone3_20260822_205732_073_milestone4,milestone4,1787457528.250954628,target_map,83,484,2,predicted,7.280792,3.091161,0.347130,-1.016110,1.042733,-0.266496,0.259854,9.666210,5016.000,1,2.664538,2.664538,1.082588,1.016135
tracking_cdrone3_20260822_205732_073_milestone4,milestone4,1787457528.350989819,target_map,83,484,2,predicted,7.179143,3.195474,0.320470,-1.016110,1.042733,-0.266496,0.240389,9.666210,5016.000,1,2.764575,2.764575,1.117601,1.041144
tracking_cdrone3_20260822_205732_073_milestone4,milestone4,1787457528.450805664,target_map,83,484,2,predicted,7.077725,3.299549,0.293871,-1.016110,1.042733,-0.266496,0.220968,9.666210,5016.000,1,2.864385,2.864385,1.152535,1.066096
tracking_cdrone3_20260822_205732_073_milestone4,milestone4,1787457528.551110506,target_map,83,484,2,predicted,6.975804,3.404141,0.267140,-1.016110,1.042733,-0.266496,0.201450,9.666210,5016.000,1,2.964691,2.964691,1.187642,1.091173
tracking_cdrone3_20260822_205732_073_milestone4,milestone4,1787457528.651343822,target_map,83,484,2,predicted,6.873953,3.508660,0.240427,-1.016110,1.042733,-0.266496,0.181947,9.666210,5016.000,1,3.064927,3.064927,1.222724,1.116232
tracking_cdrone3_20260822_205732_073_milestone4,milestone4,1787457528.750913620,target_map,83,484,2,predicted,6.772783,3.612481,0.213893,-1.016110,1.042733,-0.266496,0.162573,9.666210,5016.000,1,3.164493,3.164493,1.257573,1.141123
tracking_cdrone3_20260822_205732_073_milestone4,milestone4,1787457528.850980997,target_map,83,484,2,predicted,6.671102,3.716827,0.187225,-1.016110,1.042733,-0.266496,0.143101,9.666210,5016.000,1,3.264563,3.264563,1.292597,1.166141
tracking_cdrone3_20260822_205732_073_milestone4,milestone4,1787457528.951815844,target_map,83,484,2,predicted,6.568648,3.821964,0.160355,-1.016110,1.042733,-0.266496,0.123482,9.666210,5016.000,1,3.365391,3.365391,1.327887,1.191348
tracking_cdrone3_20260822_205732_073_milestone4,milestone4,1787457529.050665617,target_map,83,484,2,predicted,6.468196,3.925048,0.134009,-1.016110,1.042733,-0.266496,0.104246,9.666210,5016.000,1,3.464251,3.464251,1.362488,1.216063
tracking_cdrone3_20260822_205732_073_milestone4,milestone4,1787457529.150909662,target_map,83,484,2,predicted,6.366336,4.029577,0.107294,-1.016110,1.042733,-0.266496,0.084740,9.666210,5016.000,1,3.564496,3.564496,1.397573,1.241124
tracking_cdrone3_20260822_205732_073_milestone4,milestone4,1787457529.251850128,target_map,83,484,2,predicted,6.263776,4.134824,0.080396,-1.016110,1.042733,-0.266496,0.065101,9.666210,5016.000,1,3.665430,3.665430,1.432900,1.266357
tracking_cdrone3_20260822_205732_073_milestone4,milestone4,1787457529.351733923,target_map,83,484,2,predicted,6.162299,4.238960,0.053781,-1.016110,1.042733,-0.266496,0.045668,9.666210,5016.000,1,3.765298,3.765298,1.467854,1.291324
tracking_cdrone3_20260822_205732_073_milestone4,milestone4,1787457529.451014519,target_map,83,484,2,predicted,6.061400,4.342504,0.027318,-1.016110,1.042733,-0.266496,0.026347,9.666210,5016.000,1,3.864598,3.864598,1.502609,1.316149
tracking_cdrone3_20260822_205732_073_milestone4,milestone4,1787457529.552264929,target_map,83,484,2,predicted,5.958514,4.448084,0.000334,-1.016110,1.042733,-0.266496,0.006644,9.666210,5016.000,1,3.965852,3.965852,1.538048,1.341463
tracking_cdrone3_20260822_205732_073_milestone4,milestone4,1787457529.650984287,target_map,83,484,2,predicted,5.858210,4.551018,-0.025973,-1.016110,1.042733,-0.266496,0.000000,9.666210,5016.000,1,4.064567,4.064567,1.572598,1.366142
tracking_cdrone3_20260822_205732_073_milestone4,milestone4,1787457529.751046658,target_map,83,484,2,predicted,5.756539,4.655351,-0.052638,-1.016110,1.042733,-0.266496,0.000000,9.666210,5016.000,1,4.164625,4.164625,1.607619,1.391156
tracking_cdrone3_20260822_205732_073_milestone4,milestone4,1787457529.850945950,target_map,83,484,2,predicted,5.655024,4.759527,-0.079263,-1.016110,1.042733,-0.266496,0.000000,9.666210,5016.000,1,4.264531,4.264531,1.642586,1.416133
tracking_cdrone3_20260822_205732_073_milestone4,milestone4,1787457529.950977564,target_map,83,484,2,predicted,5.553384,4.863830,-0.105920,-1.016110,1.042733,-0.266496,0.000000,9.666210,5016.000,1,4.364559,4.364559,1.677596,1.441140
tracking_cdrone3_20260822_205732_073_milestone4,milestone4,1787457530.051227570,target_map,83,484,2,predicted,5.451519,4.968363,-0.132636,-1.016110,1.042733,-0.266496,0.000000,9.666210,5016.000,1,4.464809,4.464809,1.712683,1.466202
tracking_cdrone3_20260822_205732_073_milestone4,milestone4,1787457530.150713444,target_map,83,484,2,predicted,5.350423,5.072109,-0.159151,-1.016110,1.042733,-0.266496,0.000000,9.666210,5016.000,1,4.564302,4.564302,1.747506,1.491076
tracking_cdrone3_20260822_205732_073_milestone4,milestone4,1787457530.251012564,target_map,83,484,2,predicted,5.248520,5.176682,-0.185877,-1.016110,1.042733,-0.266496,0.000000,9.666210,5016.000,1,4.664590,4.664590,1.782607,1.516147
tracking_cdrone3_20260822_205732_073_milestone4,milestone4,1787457530.350955963,target_map,83,484,2,predicted,5.146954,5.280909,-0.212515,-1.016110,1.042733,-0.266496,0.000000,9.666210,5016.000,1,4.764546,4.764546,1.817591,1.541137
tracking_cdrone3_20260822_205732_073_milestone4,milestone4,1787457530.450961113,target_map,83,484,2,predicted,5.045350,5.385175,-0.239162,-1.016110,1.042733,-0.266496,0.000000,9.666210,5016.000,1,4.864539,4.864539,1.852589,1.566135
tracking_cdrone3_20260822_205732_073_milestone4,milestone4,1787457530.550931215,target_map,83,484,2,predicted,4.943751,5.489436,-0.265809,-1.016110,1.042733,-0.266496,0.000000,9.666210,5016.000,1,4.964527,4.964527,1.887585,1.591132
tracking_cdrone3_20260822_205732_073_milestone4,milestone4,1787457531.048247814,raw,491,491,0,detected,2.084614,-1.604218,1.236946,0.000000,0.000000,0.000000,0.821777,1.051623,24408.000,0,0.000000,0.000000,0.000000,0.000000
tracking_cdrone3_20260822_205732_073_milestone4,milestone4,1787457531.150704384,target_map,88,491,0,detected,2.084614,-1.604218,1.236946,0.000000,0.000000,0.000000,0.801818,1.051623,24408.000,0,0.097154,0.000000,0.184004,0.374289
tracking_cdrone3_20260822_205732_073_milestone4,milestone4,1787457531.250991106,target_map,88,491,0,detected,2.084614,-1.604218,1.236946,0.000000,0.000000,0.000000,0.781218,1.051623,24408.000,0,0.197422,0.000000,0.219098,0.399356
tracking_cdrone3_20260822_205732_073_milestone4,milestone4,1787457531.286646366,raw,491,491,0,detected,2.019840,-1.592663,1.217755,-0.271723,0.048471,-0.080508,0.874512,0.996377,56757.500,1,0.000000,0.000000,0.000000,0.000000
tracking_cdrone3_20260822_205732_073_milestone4,milestone4,1787457531.350863934,target_map,88,491,0,detected,2.010684,-1.591030,1.215042,-0.149447,0.026659,-0.044279,0.861119,0.996377,56757.500,1,0.061260,0.000000,0.171441,0.365315
tracking_cdrone3_20260822_205732_073_milestone4,milestone4,1787457531.451276064,target_map,88,491,0,detected,1.995680,-1.588353,1.210596,-0.149447,0.026659,-0.044279,0.839168,0.996377,56757.500,1,0.161660,0.000000,0.206581,0.390415
tracking_cdrone3_20260822_205732_073_milestone4,milestone4,1787457531.537786722,raw,491,491,0,detected,2.026567,-1.587523,1.224689,0.026787,0.020467,0.027610,0.827637,1.015725,51467.500,0,0.000000,0.000000,0.000000,0.000000
tracking_cdrone3_20260822_205732_073_milestone4,milestone4,1787457531.551263809,target_map,88,491,0,detected,2.026282,-1.587397,1.224663,-0.052519,0.023254,-0.004740,0.826514,1.015725,51467.500,0,0.005426,0.000000,0.151899,0.351357
tracking_cdrone3_20260822_205732_073_milestone4,milestone4,1787457531.651021004,target_map,88,491,0,detected,2.021043,-1.585077,1.224190,-0.052519,0.023254,-0.004740,0.805874,1.015725,51467.500,0,0.105179,0.000000,0.186813,0.376295
tracking_cdrone3_20260822_205732_073_milestone4,milestone4,1787457531.750970125,target_map,88,491,0,detected,2.015794,-1.582753,1.223716,-0.052519,0.023254,-0.004740,0.785194,1.015725,51467.500,0,0.205130,0.000000,0.221795,0.401282
tracking_cdrone3_20260822_205732_073_milestone4,milestone4,1787457531.811823130,raw,491,491,0,detected,2.026258,-1.508599,1.232995,-0.001129,0.288008,0.030311,0.638184,1.017797,27555.375,0,0.000000,0.000000,0.000000,0.000000
tracking_cdrone3_20260822_205732_073_milestone4,milestone4,1787457531.850769997,target_map,88,491,0,detected,2.025375,-1.502453,1.233524,-0.024254,0.168869,0.014538,0.632377,1.017797,27555.375,0,0.036392,0.000000,0.162737,0.359098
tracking_cdrone3_20260822_205732_073_milestone4,milestone4,1787457531.950888157,target_map,88,491,0,detected,2.022947,-1.485549,1.234979,-0.024254,0.168869,0.014538,0.616406,1.017797,27555.375,0,0.136497,0.000000,0.197774,0.384124
tracking_cdrone3_20260822_205732_073_milestone4,milestone4,1787457532.051210165,target_map,88,491,0,detected,2.020514,-1.468609,1.236438,-0.024254,0.168869,0.014538,0.600401,1.017797,27555.375,0,0.236811,0.000000,0.232884,0.409203
tracking_cdrone3_20260822_205732_073_milestone4,milestone4,1787457532.109650135,raw,491,491,0,detected,16.783646,-0.869452,3.303939,49.550476,2.146046,6.953553,0.773438,15.945685,28785.000,0,0.000000,0.000000,0.000000,0.000000
tracking_cdrone3_20260822_205732_073_milestone4,milestone4,1787457532.150911808,target_map,88,491,0,detected,16.952179,-0.859185,3.327904,4.342388,0.264534,0.617453,0.765933,15.945685,28785.000,0,0.038811,0.000000,0.163584,0.359703
tracking_cdrone3_20260822_205732_073_milestone4,milestone4,1787457532.250772953,target_map,88,491,0,detected,17.385769,-0.832771,3.389556,4.342388,0.264534,0.617453,0.746626,15.945685,28785.000,0,0.138662,0.000000,0.198532,0.384665
tracking_cdrone3_20260822_205732_073_milestone4,milestone4,1787457532.351006508,target_map,88,491,0,detected,17.821016,-0.806257,3.451445,4.342388,0.264534,0.617453,0.727245,15.945685,28785.000,0,0.238894,0.000000,0.233613,0.409724
tracking_cdrone3_20260822_205732_073_milestone4,milestone4,1787457532.378308535,raw,491,491,0,detected,0.963765,-1.548744,1.125579,-58.879307,-2.528227,-8.107541,0.570801,0.001370,19574.750,1,0.000000,0.000000,0.000000,0.000000
tracking_cdrone3_20260822_205732_073_milestone4,milestone4,1787457532.451356649,target_map,88,491,0,detected,0.795586,-1.553505,1.103037,-2.400858,-0.067957,-0.321810,0.560805,0.001370,19574.750,1,0.070050,0.000000,0.174517,0.367512
tracking_cdrone3_20260822_205732_073_milestone4,milestone4,1787457532.551506758,target_map,88,491,0,detected,0.555181,-1.560309,1.070813,-2.400858,-0.067957,-0.321810,0.546516,0.001370,19574.750,1,0.170182,0.000000,0.209564,0.392546
tracking_cdrone3_20260822_205732_073_milestone4,milestone4,1787457532.650664806,target_map,88,491,2,predicted,0.317053,-1.567050,1.038894,-2.400858,-0.067957,-0.321810,0.532362,0.001370,19574.750,1,0.269367,0.269367,0.244278,0.417342
tracking_cdrone3_20260822_205732_073_milestone4,milestone4,1787457532.729431868,raw,491,491,0,detected,2.290003,-1.511454,1.429021,3.777423,0.106211,0.864271,0.875977,1.414769,21824.000,0,0.000000,0.000000,0.000000,0.000000
tracking_cdrone3_20260822_205732_073_milestone4,milestone4,1787457532.750972271,target_map,88,491,0,detected,2.306558,-1.510992,1.434509,0.997197,0.027835,0.330534,0.872341,1.414769,21824.000,0,0.016602,0.000000,0.155811,0.354150
tracking_cdrone3_20260822_205732_073_milestone4,milestone4,1787457532.850786686,target_map,88,491,0,detected,2.406094,-1.508214,1.467501,0.997197,0.027835,0.330534,0.850482,1.414769,21824.000,0,0.116417,0.000000,0.190746,0.379104
tracking_cdrone3_20260822_205732_073_milestone4,milestone4,1787457532.951617956,target_map,88,491,0,detected,2.506630,-1.505407,1.500825,0.997197,0.027835,0.330534,0.828403,1.414769,21824.000,0,0.217236,0.000000,0.226033,0.404309
tracking_cdrone3_20260822_205732_073_milestone4,milestone4,1787457533.050768852,target_map,88,491,2,predicted,2.605515,-1.502647,1.533602,0.997197,0.027835,0.330534,0.806687,1.414769,21824.000,0,0.316399,0.316399,0.260740,0.429100
tracking_cdrone3_20260822_205732_073_milestone4,milestone4,1787457533.093420982,raw,491,491,0,detected,15.508634,-0.951510,1.581497,36.315933,1.538352,0.418901,0.780273,14.648793,16233.750,0,0.000000,0.000000,0.000000,0.000000
tracking_cdrone3_20260822_205732_073_milestone4,milestone4,1787457533.150977373,target_map,88,491,0,detected,15.765807,-0.940960,1.592085,4.844504,0.198732,0.199445,0.769918,14.648793,16233.750,0,0.053086,0.000000,0.168580,0.363271
tracking_cdrone3_20260822_205732_073_milestone4,milestone4,1787457533.251247644,target_map,88,491,0,detected,16.251528,-0.921035,1.612081,4.844504,0.198732,0.199445,0.750360,14.648793,16233.750,0,0.153348,0.000000,0.203672,0.388337
tracking_cdrone3_20260822_205732_073_milestone4,milestone4,1787457533.351001263,target_map,88,491,2,predicted,16.734825,-0.901209,1.631979,4.844504,0.198732,0.199445,0.730900,14.648793,16233.750,0,0.253110,0.253110,0.238588,0.413277
tracking_cdrone3_20260822_205732_073_milestone4,milestone4,1787457533.387468100,raw,491,491,0,detected,13.782763,-0.721633,1.857425,-5.869561,0.781792,0.938412,0.780273,12.932009,16233.750,1,0.000000,0.000000,0.000000,0.000000
tracking_cdrone3_20260822_205732_073_milestone4,milestone4,1787457533.450717688,target_map,88,491,0,detected,13.727496,-0.694248,1.889369,-1.048231,0.519415,0.605877,0.769989,12.932009,16233.750,1,0.052723,0.000000,0.168453,0.363181
tracking_cdrone3_20260822_205732_073_milestone4,milestone4,1787457533.550943851,target_map,88,491,0,detected,13.622446,-0.642194,1.950088,-1.048231,0.519415,0.605877,0.750440,12.932009,16233.750,1,0.152940,0.000000,0.203529,0.388235
tracking_cdrone3_20260822_205732_073_milestone4,milestone4,1787457533.650666952,target_map,88,491,2,predicted,13.517905,-0.590393,2.010513,-1.048231,0.519415,0.605877,0.730985,12.932009,16233.750,1,0.252671,0.252671,0.238435,0.413168
tracking_cdrone3_20260822_205732_073_milestone4,milestone4,1787457533.694024086,raw,491,491,0,detected,11.584596,-0.614282,2.782480,-7.170528,0.350187,3.017573,0.780273,10.828197,16233.750,1,0.000000,0.000000,0.000000,0.000000
tracking_cdrone3_20260822_205732_073_milestone4,milestone4,1787457533.753245831,target_map,88,491,0,detected,11.340214,-0.590685,2.889426,-4.415495,0.426339,1.932310,0.769477,10.828197,16233.750,1,0.055346,0.000000,0.169371,0.363837
tracking_cdrone3_20260822_205732_073_milestone4,milestone4,1787457533.851078510,target_map,88,491,0,detected,10.908306,-0.548982,3.078438,-4.415495,0.426339,1.932310,0.750396,10.828197,16233.750,1,0.153163,0.000000,0.203607,0.388291
tracking_cdrone3_20260822_205732_073_milestone4,milestone4,1787457533.951145172,target_map,88,491,2,predicted,10.466414,-0.506315,3.271819,-4.415495,0.426339,1.932310,0.730874,10.828197,16233.750,1,0.253240,0.253240,0.238634,0.413310
tracking_cdrone3_20260822_205732_073_milestone4,milestone4,1787457533.971142054,raw,491,491,0,detected,10.430764,-0.618696,1.579166,-4.163619,-0.015929,-4.342178,0.780273,9.538027,16233.750,1,0.000000,0.000000,0.000000,0.000000
tracking_cdrone3_20260822_205732_073_milestone4,milestone4,1787457534.051593542,target_map,88,491,0,detected,10.108461,-0.604899,1.464723,-4.276963,0.183092,-1.518658,0.765574,9.538027,16233.750,1,0.075358,0.000000,0.176375,0.368839
tracking_cdrone3_20260822_205732_073_milestone4,milestone4,1787457534.150988817,target_map,88,491,0,detected,9.683369,-0.586701,1.313781,-4.276963,0.183092,-1.518658,0.746185,9.538027,16233.750,1,0.174749,0.000000,0.211162,0.393687
tracking_cdrone3_20260822_205732_073_milestone4,milestone4,1787457534.232967615,raw,491,491,0,detected,10.219407,-0.420001,1.297961,-0.807214,0.758854,-1.073973,0.780273,9.311440,16233.750,1,0.000000,0.000000,0.000000,0.000000
tracking_cdrone3_20260822_205732_073_milestone4,milestone4,1787457534.250925541,target_map,88,491,0,detected,10.182970,-0.412313,1.278361,-2.368601,0.499761,-1.274081,0.777273,9.311440,16233.750,1,0.015383,0.000000,0.155384,0.353846
tracking_cdrone3_20260822_205732_073_milestone4,milestone4,1787457534.351148367,target_map,88,491,0,detected,9.945632,-0.362236,1.150696,-2.368601,0.499761,-1.274081,0.757726,9.311440,16233.750,1,0.115585,0.000000,0.190455,0.378896
tracking_cdrone3_20260822_205732_073_milestone4,milestone4,1787457534.451037884,target_map,88,491,0,detected,9.709002,-0.312309,1.023412,-2.368601,0.499761,-1.274081,0.738239,9.311440,16233.750,1,0.215488,0.000000,0.225421,0.403872
tracking_cdrone3_20260822_205732_073_milestone4,milestone4,1787457534.488265991,raw,491,491,0,detected,10.139891,-0.269218,1.264969,-0.311477,0.590636,-0.129235,0.780273,9.158275,16233.750,1,0.000000,0.000000,0.000000,0.000000
tracking_cdrone3_20260822_205732_073_milestone4,milestone4,1787457534.550928593,target_map,88,491,0,detected,10.069783,-0.238066,1.228452,-1.237183,0.549742,-0.644416,0.769219,9.158275,16233.750,1,0.056667,0.000000,0.169834,0.364167
tracking_cdrone3_20260822_205732_073_milestone4,milestone4,1787457534.650787115,target_map,88,491,0,detected,9.946242,-0.183171,1.164103,-1.237183,0.549742,-0.644416,0.749741,9.158275,16233.750,1,0.156524,0.000000,0.204783,0.389131
tracking_cdrone3_20260822_205732_073_milestone4,milestone4,1787457534.750978231,target_map,88,491,2,predicted,9.822285,-0.128090,1.099536,-1.237183,0.549742,-0.644416,0.730196,9.158275,16233.750,1,0.256717,0.256717,0.239851,0.414179
tracking_cdrone3_20260822_205732_073_milestone4,milestone4,1787457534.751811504,raw,491,491,0,detected,5.855829,-0.861942,1.439268,-16.254665,-2.248923,0.661327,0.780273,4.671751,16233.750,1,0.000000,0.000000,0.000000,0.000000
tracking_cdrone3_20260822_205732_073_milestone4,milestone4,1787457534.850719690,target_map,88,491,0,detected,5.389976,-0.895626,1.428568,-4.911679,-0.355147,-0.112805,0.761772,4.671751,16233.750,1,0.094846,0.000000,0.183196,0.373711
tracking_cdrone3_20260822_205732_073_milestone4,milestone4,1787457534.951020479,target_map,88,491,0,detected,4.897373,-0.931244,1.417255,-4.911679,-0.355147,-0.112805,0.742208,4.671751,16233.750,1,0.195138,0.000000,0.218298,0.398785
tracking_cdrone3_20260822_205732_073_milestone4,milestone4,1787457534.999668598,raw,491,491,0,detected,11.165512,0.284016,1.299003,21.422810,4.623558,-0.565921,0.780273,9.966434,16233.750,0,0.000000,0.000000,0.000000,0.000000
tracking_cdrone3_20260822_205732_073_milestone4,milestone4,1787457535.050918102,target_map,88,491,0,detected,11.264080,0.320254,1.291250,2.089282,0.768127,-0.164342,0.771071,9.966434,16233.750,0,0.047178,0.000000,0.166512,0.361794
tracking_cdrone3_20260822_205732_073_milestone4,milestone4,1787457535.151079416,target_map,88,491,0,detected,11.473316,0.397180,1.274791,2.089282,0.768127,-0.164342,0.751535,9.966434,16233.750,0,0.147325,0.000000,0.201564,0.386831
tracking_cdrone3_20260822_205732_073_milestone4,milestone4,1787457535.250957012,target_map,88,491,0,detected,11.681987,0.473898,1.258377,2.089282,0.768127,-0.164342,0.732052,9.966434,16233.750,0,0.247202,0.000000,0.236521,0.411800
tracking_cdrone3_20260822_205732_073_milestone4,milestone4,1787457535.259962797,raw,491,491,0,detected,10.141496,0.223995,1.003784,-3.933807,-0.230571,-1.134098,0.780273,8.892706,16233.750,1,0.000000,0.000000,0.000000,0.000000
tracking_cdrone3_20260822_205732_073_milestone4,milestone4,1787457535.351202726,target_map,88,491,0,detected,10.037160,0.242659,0.944282,-1.223417,0.218843,-0.697708,0.763638,8.892706,16233.750,1,0.085282,0.000000,0.179849,0.371321
tracking_cdrone3_20260822_205732_073_milestone4,milestone4,1787457535.451047897,target_map,88,491,0,detected,9.914991,0.264512,0.874609,-1.223417,0.218843,-0.697708,0.744158,8.892706,16233.750,1,0.185141,0.000000,0.214799,0.396285
tracking_cdrone3_20260822_205732_073_milestone4,milestone4,1787457535.550968647,target_map,88,491,2,predicted,9.792733,0.286381,0.804887,-1.223417,0.218843,-0.697708,0.724665,8.892706,16233.750,1,0.285072,0.285072,0.249775,0.421268
tracking_cdrone3_20260822_205732_073_milestone4,milestone4,1787457535.650746822,target_map,88,491,2,predicted,9.670663,0.308217,0.735271,-1.223417,0.218843,-0.697708,0.705201,8.892706,16233.750,1,0.384851,0.384851,0.284698,0.446213
tracking_cdrone3_20260822_205732_073_milestone4,milestone4,1787457535.751136541,target_map,88,491,2,predicted,9.547873,0.330182,0.665245,-1.223417,0.218843,-0.697708,0.685623,8.892706,16233.750,1,0.485216,0.485216,0.319826,0.471304
tracking_cdrone3_20260822_205732_073_milestone4,milestone4,1787457535.850712299,target_map,88,491,2,predicted,9.426018,0.351979,0.595751,-1.223417,0.218843,-0.697708,0.666194,8.892706,16233.750,1,0.584819,0.584819,0.354687,0.496205
tracking_cdrone3_20260822_205732_073_milestone4,milestone4,1787457535.951177597,target_map,88,491,2,predicted,9.303122,0.373963,0.525664,-1.223417,0.218843,-0.697708,0.646598,8.892706,16233.750,1,0.685273,0.685273,0.389845,0.521318
tracking_cdrone3_20260822_205732_073_milestone4,milestone4,1787457536.051109552,target_map,88,491,2,predicted,9.180882,0.395829,0.455951,-1.223417,0.218843,-0.697708,0.627108,8.892706,16233.750,1,0.785190,0.785190,0.424816,0.546297
tracking_cdrone3_20260822_205732_073_milestone4,milestone4,1787457536.151135921,target_map,88,491,2,predicted,9.058544,0.417712,0.386183,-1.223417,0.218843,-0.697708,0.607602,8.892706,16233.750,1,0.885185,0.885185,0.459815,0.571296
tracking_cdrone3_20260822_205732_073_milestone4,milestone4,1787457536.251599789,target_map,88,491,2,predicted,8.935578,0.439708,0.316056,-1.223417,0.218843,-0.697708,0.587995,8.892706,16233.750,1,0.985696,0.985696,0.494993,0.596424
tracking_cdrone3_20260822_205732_073_milestone4,milestone4,1787457536.351207495,target_map,88,491,2,predicted,8.813737,0.461503,0.246570,-1.223417,0.218843,-0.697708,0.568568,8.892706,16233.750,1,1.085287,1.085287,0.529851,0.621322
tracking_cdrone3_20260822_205732_073_milestone4,milestone4,1787457536.450969458,target_map,88,491,2,predicted,8.691668,0.483339,0.176955,-1.223417,0.218843,-0.697708,0.549105,8.892706,16233.750,1,1.185064,1.185064,0.564772,0.646266
tracking_cdrone3_20260822_205732_073_milestone4,milestone4,1787457536.551211596,target_map,88,491,2,predicted,8.569036,0.505275,0.107019,-1.223417,0.218843,-0.697708,0.529552,8.892706,16233.750,1,1.285301,1.285301,0.599855,0.671325
tracking_cdrone3_20260822_205732_073_milestone4,milestone4,1787457536.651516914,target_map,88,491,2,predicted,8.446318,0.527227,0.037033,-1.223417,0.218843,-0.697708,0.509985,8.892706,16233.750,1,1.385609,1.385609,0.634963,0.696402
tracking_cdrone3_20260822_205732_073_milestone4,milestone4,1787457536.750942945,target_map,88,491,2,predicted,8.324671,0.548987,-0.032341,-1.223417,0.218843,-0.697708,0.490589,8.892706,16233.750,1,1.485041,1.485041,0.669764,0.721260
tracking_cdrone3_20260822_205732_073_milestone4,milestone4,1787457536.850815296,target_map,88,491,2,predicted,8.202478,0.570844,-0.102027,-1.223417,0.218843,-0.697708,0.471106,8.892706,16233.750,1,1.584919,1.584919,0.704722,0.746230
tracking_cdrone3_20260822_205732_073_milestone4,milestone4,1787457536.950997353,target_map,88,491,2,predicted,8.079920,0.592767,-0.171921,-1.223417,0.218843,-0.697708,0.451565,8.892706,16233.750,1,1.685096,1.685096,0.739784,0.771274
tracking_cdrone3_20260822_205732_073_milestone4,milestone4,1787457537.050735235,target_map,88,491,2,predicted,7.957893,0.614596,-0.241512,-1.223417,0.218843,-0.697708,0.432108,8.892706,16233.750,1,1.784839,1.784839,0.774694,0.796210
tracking_cdrone3_20260822_205732_073_milestone4,milestone4,1787457537.151058435,target_map,88,491,2,predicted,7.835171,0.636548,-0.311500,-1.223417,0.218843,-0.697708,0.412540,8.892706,16233.750,1,1.885149,1.885149,0.809802,0.821287
tracking_cdrone3_20260822_205732_073_milestone4,milestone4,1787457537.250709534,target_map,88,491,2,predicted,7.713239,0.658359,-0.381037,-1.223417,0.218843,-0.697708,0.393099,8.892706,16233.750,1,1.984815,1.984815,0.844685,0.846204
tracking_cdrone3_20260822_205732_073_milestone4,milestone4,1787457537.350713491,target_map,88,491,2,predicted,7.590892,0.680244,-0.450811,-1.223417,0.218843,-0.697708,0.373591,8.892706,16233.750,1,2.084819,2.084819,0.879687,0.871205
tracking_cdrone3_20260822_205732_073_milestone4,milestone4,1787457537.450998783,target_map,88,491,2,predicted,7.468217,0.702188,-0.520772,-1.223417,0.218843,-0.697708,0.354031,8.892706,16233.750,1,2.185091,2.185091,0.914782,0.896273
tracking_cdrone3_20260822_205732_073_milestone4,milestone4,1787457537.550901175,target_map,88,491,2,predicted,7.345981,0.724054,-0.590482,-1.223417,0.218843,-0.697708,0.334541,8.892706,16233.750,1,2.285005,2.285005,0.949752,0.921251
tracking_cdrone3_20260822_205732_073_milestone4,milestone4,1787457537.651064634,target_map,88,491,2,predicted,7.223458,0.745970,-0.660357,-1.223417,0.218843,-0.697708,0.315005,8.892706,16233.750,1,2.385154,2.385154,0.984804,0.946288
tracking_cdrone3_20260822_205732_073_milestone4,milestone4,1787457537.750677824,target_map,88,491,2,predicted,7.101571,0.767773,-0.729868,-1.223417,0.218843,-0.697708,0.295571,8.892706,16233.750,1,2.484782,2.484782,1.019673,0.971195
tracking_cdrone3_20260822_205732_073_milestone4,milestone4,1787457537.850844860,target_map,88,491,2,predicted,6.979042,0.789691,-0.799746,-1.223417,0.218843,-0.697708,0.276034,8.892706,16233.750,1,2.584935,2.584935,1.054727,0.996234
tracking_cdrone3_20260822_205732_073_milestone4,milestone4,1787457537.951232195,target_map,88,491,2,predicted,6.856548,0.811603,-0.869603,-1.223417,0.218843,-0.697708,0.256503,8.892706,16233.750,1,2.685059,2.685059,1.089771,1.021265
tracking_cdrone3_20260822_205732_073_milestone4,milestone4,1787457538.050633430,target_map,88,491,2,predicted,6.734591,0.833418,-0.939154,-1.223417,0.218843,-0.697708,0.237058,8.892706,16233.750,1,2.784745,2.784745,1.124661,1.046186
tracking_cdrone3_20260822_205732_073_milestone4,milestone4,1787457538.150742769,target_map,88,491,2,predicted,6.612136,0.855323,-1.008990,-1.223417,0.218843,-0.697708,0.217533,8.892706,16233.750,1,2.884837,2.884837,1.159693,1.071209
tracking_cdrone3_20260822_205732_073_milestone4,milestone4,1787457538.251038313,target_map,88,491,2,predicted,6.489459,0.877267,-1.078952,-1.223417,0.218843,-0.697708,0.197973,8.892706,16233.750,1,2.985112,2.985112,1.194789,1.096278
tracking_cdrone3_20260822_205732_073_milestone4,milestone4,1787457538.350884914,target_map,88,491,2,predicted,6.367272,0.899124,-1.148635,-1.223417,0.218843,-0.697708,0.178490,8.892706,16233.750,1,3.084985,3.084985,1.229745,1.121246
tracking_cdrone3_20260822_205732_073_milestone4,milestone4,1787457538.450959921,target_map,88,491,2,predicted,6.244846,0.921023,-1.218453,-1.223417,0.218843,-0.697708,0.158970,8.892706,16233.750,1,3.185054,3.185054,1.264769,1.146263
tracking_cdrone3_20260822_205732_073_milestone4,milestone4,1787457538.555389404,target_map,88,491,2,predicted,6.117069,0.943880,-1.291324,-1.223417,0.218843,-0.697708,0.138597,8.892706,16233.750,1,3.289496,3.289496,1.301324,1.172374
tracking_cdrone3_20260822_205732_073_milestone4,milestone4,1787457538.651068211,target_map,88,491,2,predicted,6.000042,0.964814,-1.358064,-1.223417,0.218843,-0.697708,0.119937,8.892706,16233.750,1,3.385153,3.385153,1.334803,1.196288
tracking_cdrone3_20260822_205732_073_milestone4,milestone4,1787457538.751028061,target_map,88,491,2,predicted,5.877737,0.986691,-1.427814,-1.223417,0.218843,-0.697708,0.100436,8.892706,16233.750,1,3.485122,3.485122,1.369793,1.221281
tracking_cdrone3_20260822_205732_073_milestone4,milestone4,1787457538.851087093,target_map,88,491,2,predicted,5.755312,1.008591,-1.497632,-1.223417,0.218843,-0.697708,0.080916,8.892706,16233.750,1,3.585191,3.585191,1.404817,1.246298
tracking_cdrone3_20260822_205732_073_milestone4,milestone4,1787457538.950870991,target_map,88,491,2,predicted,5.633249,1.030425,-1.567244,-1.223417,0.218843,-0.697708,0.061454,8.892706,16233.750,1,3.684963,3.684963,1.439737,1.271241
tracking_cdrone3_20260822_205732_073_milestone4,milestone4,1787457539.050909996,target_map,88,491,2,predicted,5.510847,1.052320,-1.637049,-1.223417,0.218843,-0.697708,0.041937,8.892706,16233.750,1,3.785012,3.785012,1.474754,1.296253
tracking_cdrone3_20260822_205732_073_milestone4,milestone4,1787457539.150877237,target_map,88,491,2,predicted,5.388547,1.074197,-1.706796,-1.223417,0.218843,-0.697708,0.022437,8.892706,16233.750,1,3.884978,3.884978,1.509742,1.321244
tracking_cdrone3_20260822_205732_073_milestone4,milestone4,1787457539.251329660,target_map,88,491,2,predicted,5.265658,1.096179,-1.776879,-1.223417,0.218843,-0.697708,0.002843,8.892706,16233.750,1,3.985425,3.985425,1.544899,1.346356
tracking_cdrone3_20260822_205732_073_milestone4,milestone4,1787457539.351123810,target_map,88,491,2,predicted,5.143586,1.118016,-1.846496,-1.223417,0.218843,-0.697708,0.000000,8.892706,16233.750,1,4.085205,4.085205,1.579822,1.371301
tracking_cdrone3_20260822_205732_073_milestone4,milestone4,1787457539.451094627,target_map,88,491,2,predicted,5.021265,1.139896,-1.916255,-1.223417,0.218843,-0.697708,0.000000,8.892706,16233.750,1,4.185188,4.185188,1.614816,1.396297
tracking_cdrone3_20260822_205732_073_milestone4,milestone4,1787457539.550819159,target_map,88,491,2,predicted,4.899251,1.161722,-1.985839,-1.223417,0.218843,-0.697708,0.000000,8.892706,16233.750,1,4.284920,4.284920,1.649722,1.421230
tracking_cdrone3_20260822_205732_073_milestone4,milestone4,1787457539.650969505,target_map,88,491,2,predicted,4.776736,1.183637,-2.055708,-1.223417,0.218843,-0.697708,0.000000,8.892706,16233.750,1,4.385061,4.385061,1.684772,1.446265
tracking_cdrone3_20260822_205732_073_milestone4,milestone4,1787457539.750840187,target_map,88,491,2,predicted,4.654540,1.205495,-2.125396,-1.223417,0.218843,-0.697708,0.000000,8.892706,16233.750,1,4.484942,4.484942,1.719730,1.471236
tracking_cdrone3_20260822_205732_073_milestone4,milestone4,1787457539.851031065,target_map,88,491,2,predicted,4.531972,1.227420,-2.195296,-1.223417,0.218843,-0.697708,0.000000,8.892706,16233.750,1,4.585127,4.585127,1.754795,1.496282
tracking_cdrone3_20260822_205732_073_milestone4,milestone4,1787457539.950911999,target_map,88,491,2,predicted,4.409783,1.249277,-2.264979,-1.223417,0.218843,-0.697708,0.000000,8.892706,16233.750,1,4.685002,4.685002,1.789751,1.521250
tracking_cdrone3_20260822_205732_073_milestone4,milestone4,1787457540.050945520,target_map,88,491,2,predicted,4.287390,1.271171,-2.334780,-1.223417,0.218843,-0.697708,0.000000,8.892706,16233.750,1,4.785045,4.785045,1.824766,1.546261
tracking_cdrone3_20260822_205732_073_milestone4,milestone4,1787457540.150757313,target_map,88,491,2,predicted,4.165270,1.293015,-2.404423,-1.223417,0.218843,-0.697708,0.000000,8.892706,16233.750,1,4.884863,4.884863,1.859702,1.571216
tracking_cdrone3_20260822_205732_073_milestone4,milestone4,1787457540.251406670,target_map,88,491,2,predicted,4.042187,1.315032,-2.474617,-1.223417,0.218843,-0.697708,0.000000,8.892706,16233.750,1,4.985469,4.985469,1.894914,1.596367
tracking_cdrone3_20260822_205732_073_milestone4,milestone4,1787457557.053490162,raw,492,492,0,detected,4.866500,0.373065,2.142471,0.000000,0.000000,0.000000,0.787598,2.938279,24125.250,0,0.000000,0.000000,0.000000,0.000000
tracking_cdrone3_20260822_205732_073_milestone4,milestone4,1787457557.150976658,target_map,89,492,0,detected,4.866500,0.373065,2.142471,0.000000,0.000000,0.000000,0.769333,2.938279,24125.250,0,0.092760,0.000000,0.182466,0.373190
tracking_cdrone3_20260822_205732_073_milestone4,milestone4,1787457557.250984907,target_map,89,492,0,detected,4.866500,0.373065,2.142471,0.000000,0.000000,0.000000,0.749640,2.938279,24125.250,0,0.192776,0.000000,0.217472,0.398194
tracking_cdrone3_20260822_205732_073_milestone4,milestone4,1787457557.305894852,raw,492,492,0,detected,11.986543,4.907631,1.944157,28.208223,17.965069,-0.785683,0.787598,11.376343,24125.250,0,0.000000,0.000000,0.000000,0.000000
tracking_cdrone3_20260822_205732_073_milestone4,milestone4,1787457557.351000547,target_map,89,492,0,detected,12.145786,5.009049,1.939722,3.710230,2.362947,-0.103341,0.779147,11.376343,24125.250,0,0.042920,0.000000,0.165022,0.360730
tracking_cdrone3_20260822_205732_073_milestone4,milestone4,1787457557.450801849,target_map,89,492,0,detected,12.516088,5.244884,1.929408,3.710230,2.362947,-0.103341,0.759495,11.376343,24125.250,0,0.142726,0.000000,0.199954,0.385681
tracking_cdrone3_20260822_205732_073_milestone4,milestone4,1787457557.551695585,target_map,89,492,0,detected,12.890396,5.483271,1.918982,3.710230,2.362947,-0.103341,0.739631,11.376343,24125.250,0,0.243611,0.000000,0.235264,0.410903
tracking_cdrone3_20260822_205732_073_milestone4,milestone4,1787457557.605499983,raw,492,492,0,detected,14.698361,6.412661,2.677885,9.051467,5.023468,2.449024,0.787598,14.471364,24125.250,0,0.000000,0.000000,0.000000,0.000000
tracking_cdrone3_20260822_205732_073_milestone4,milestone4,1787457557.605499983,raw,493,493,0,detected,10.905187,3.042174,2.578688,0.000000,0.000000,0.000000,0.430176,9.512231,35528.625,0,0.000000,0.000000,0.000000,0.000000
tracking_cdrone3_20260822_205732_073_milestone4,milestone4,1787457557.650744677,target_map,89,492,0,detected,14.926813,6.545219,2.718670,5.413478,3.141137,0.966464,0.779288,14.471364,24125.250,0,0.042201,0.000000,0.164770,0.360550
tracking_cdrone3_20260822_205732_073_milestone4,milestone4,1787457557.650744677,target_map,90,493,0,detected,10.905187,3.042174,2.578688,0.000000,0.000000,0.000000,0.425637,9.512231,35528.625,0,0.042201,0.000000,0.164770,0.360550
tracking_cdrone3_20260822_205732_073_milestone4,milestone4,1787457557.750993252,target_map,89,492,0,detected,15.469437,6.860073,2.815544,5.413478,3.141137,0.966464,0.759552,14.471364,24125.250,0,0.142436,0.000000,0.199853,0.385609
tracking_cdrone3_20260822_205732_073_milestone4,milestone4,1787457557.750993252,target_map,90,493,0,detected,10.905187,3.042174,2.578688,0.000000,0.000000,0.000000,0.414858,9.512231,35528.625,0,0.142436,0.000000,0.199853,0.385609
tracking_cdrone3_20260822_205732_073_milestone4,milestone4,1787457557.850917339,target_map,89,492,0,detected,16.010391,7.173958,2.912120,5.413478,3.141137,0.966464,0.739876,14.471364,24125.250,0,0.242363,0.000000,0.234827,0.410591
tracking_cdrone3_20260822_205732_073_milestone4,milestone4,1787457557.850917339,target_map,90,493,0,detected,10.905187,3.042174,2.578688,0.000000,0.000000,0.000000,0.404111,9.512231,35528.625,0,0.242363,0.000000,0.234827,0.410591
tracking_cdrone3_20260822_205732_073_milestone4,milestone4,1787457557.951112747,target_map,89,492,2,predicted,16.552711,7.488636,3.008940,5.413478,3.141137,0.966464,0.720151,14.471364,24125.250,0,0.342543,0.342543,0.269890,0.435636
tracking_cdrone3_20260822_205732_073_milestone4,milestone4,1787457557.951112747,target_map,90,493,2,predicted,10.905187,3.042174,2.578688,0.000000,0.000000,0.000000,0.393337,9.512231,35528.625,0,0.342543,0.342543,0.269890,0.435636
tracking_cdrone3_20260822_205732_073_milestone4,milestone4,1787457557.959839344,raw,493,493,0,detected,2.440674,-1.164529,2.235327,-23.888279,-11.872025,-0.969023,0.430176,0.020800,35528.625,1,0.000000,0.000000,0.000000,0.000000
tracking_cdrone3_20260822_205732_073_milestone4,milestone4,1787457558.050953150,target_map,89,492,2,predicted,17.093262,7.802287,3.105444,5.413478,3.141137,0.966464,0.700490,14.471364,24125.250,0,0.442396,0.442396,0.304839,0.460599
tracking_cdrone3_20260822_205732_073_milestone4,milestone4,1787457558.050953150,target_map,90,493,0,detected,2.106776,-1.330470,2.221782,-3.937629,-1.956927,-0.159729,0.421056,0.020800,35528.625,1,0.084797,0.000000,0.179679,0.371199
tracking_cdrone3_20260822_205732_073_milestone4,milestone4,1787457558.151239395,target_map,89,492,2,predicted,17.635874,8.117134,3.202316,5.413478,3.141137,0.966464,0.680754,14.471364,24125.250,0,0.542629,0.542629,0.339920,0.485657
tracking_cdrone3_20260822_205732_073_milestone4,milestone4,1787457558.151239395,target_map,90,493,0,detected,1.712095,-1.526619,2.205772,-3.937629,-1.956927,-0.159729,0.410277,0.020800,35528.625,1,0.185030,0.000000,0.214760,0.396257
tracking_cdrone3_20260822_205732_073_milestone4,milestone4,1787457558.250756025,target_map,89,492,2,predicted,18.174911,8.429907,3.298550,5.413478,3.141137,0.966464,0.661148,14.471364,24125.250,0,0.642203,0.642203,0.374771,0.510551
tracking_cdrone3_20260822_205732_073_milestone4,milestone4,1787457558.250756025,target_map,90,493,2,predicted,1.320012,-1.721477,2.189867,-3.937629,-1.956927,-0.159729,0.399568,0.020800,35528.625,1,0.284603,0.284603,0.249611,0.421151
tracking_cdrone3_20260822_205732_073_milestone4,milestone4,1787457558.335805893,raw,493,493,1,held,2.261376,-1.247630,2.234005,-0.476901,-0.221034,-0.003516,0.430176,0.229288,35528.625,1,0.375966,0.375966,0.000000,0.000000
tracking_cdrone3_20260822_205732_073_milestone4,milestone4,1787457558.350894690,target_map,89,492,2,predicted,18.717005,8.744453,3.395330,5.413478,3.141137,0.966464,0.641431,14.471364,24125.250,0,0.742340,0.742340,0.409819,0.535585
tracking_cdrone3_20260822_205732_073_milestone4,milestone4,1787457558.350894690,target_map,90,493,1,held,2.239161,-1.258574,2.233199,-2.034229,-1.002186,-0.073812,0.388568,0.229288,35528.625,1,0.386886,0.000000,0.153822,0.352730
tracking_cdrone3_20260822_205732_073_milestone4,milestone4,1787457558.451039553,target_map,89,492,2,predicted,19.259111,9.059008,3.492112,5.413478,3.141137,0.966464,0.621714,14.471364,24125.250,0,0.842480,0.842480,0.444868,0.560620
tracking_cdrone3_20260822_205732_073_milestone4,milestone4,1787457558.451039553,target_map,90,493,1,held,2.035453,-1.358934,2.225808,-2.034229,-1.002186,-0.073812,0.377799,0.229288,35528.625,1,0.487026,0.000000,0.188871,0.377765
tracking_cdrone3_20260822_205732_073_milestone4,milestone4,1787457558.551144123,target_map,89,492,2,predicted,19.800968,9.373416,3.588849,5.413478,3.141137,0.966464,0.602005,14.471364,24125.250,0,0.942575,0.942575,0.479901,0.585644
tracking_cdrone3_20260822_205732_073_milestone4,milestone4,1787457558.551144123,target_map,90,493,1,held,1.831839,-1.459246,2.218420,-2.034229,-1.002186,-0.073812,0.367035,0.229288,35528.625,1,0.587121,0.000000,0.223904,0.402789
tracking_cdrone3_20260822_205732_073_milestone4,milestone4,1787457558.650798798,target_map,89,492,2,predicted,20.340551,9.686506,3.685180,5.413478,3.141137,0.966464,0.582380,14.471364,24125.250,0,1.042248,1.042248,0.514787,0.610562
tracking_cdrone3_20260822_205732_073_milestone4,milestone4,1787457558.650798798,target_map,90,493,2,predicted,1.629079,-1.559138,2.211062,-2.034229,-1.002186,-0.073812,0.356315,0.229288,35528.625,1,0.686795,0.686795,0.258790,0.427707
tracking_cdrone3_20260822_205732_073_milestone4,milestone4,1787457558.750711203,target_map,89,492,2,predicted,20.881443,10.000356,3.781745,5.413478,3.141137,0.966464,0.562706,14.471364,24125.250,0,1.142164,1.142164,0.549758,0.635541
tracking_cdrone3_20260822_205732_073_milestone4,milestone4,1787457558.750711203,target_map,90,493,2,predicted,1.425827,-1.659273,2.203687,-2.034229,-1.002186,-0.073812,0.345570,0.229288,35528.625,1,0.786711,0.786711,0.293761,0.452686
tracking_cdrone3_20260822_205732_073_milestone4,milestone4,1787457558.851022959,target_map,89,492,2,predicted,21.424511,10.315468,3.878699,5.413478,3.141137,0.966464,0.542954,14.471364,24125.250,0,1.242482,1.242482,0.584869,0.660621
tracking_cdrone3_20260822_205732_073_milestone4,milestone4,1787457558.851022959,target_map,90,493,2,predicted,1.221758,-1.759810,2.196283,-2.034229,-1.002186,-0.073812,0.334781,0.229288,35528.625,1,0.887028,0.887028,0.328872,0.477766
tracking_cdrone3_20260822_205732_073_milestone4,milestone4,1787457558.950741529,target_map,89,492,2,predicted,21.964293,10.628673,3.975066,5.413478,3.141137,0.966464,0.523321,14.471364,24125.250,0,1.342193,1.342193,0.619767,0.685548
tracking_cdrone3_20260822_205732_073_milestone4,milestone4,1787457558.950741529,target_map,90,493,2,predicted,1.018923,-1.859738,2.188923,-2.034229,-1.002186,-0.073812,0.324058,0.229288,35528.625,1,0.986739,0.986739,0.363771,0.502693
tracking_cdrone3_20260822_205732_073_milestone4,milestone4,1787457559.052026510,target_map,89,492,2,predicted,22.512655,10.946856,4.072964,5.413478,3.141137,0.966464,0.503376,14.471364,24125.250,0,1.443489,1.443489,0.655221,0.710872
tracking_cdrone3_20260822_205732_073_milestone4,milestone4,1787457559.052026510,target_map,90,493,2,predicted,0.812865,-1.961256,2.181446,-2.034229,-1.002186,-0.073812,0.313164,0.229288,35528.625,1,1.088035,1.088035,0.399224,0.528017
tracking_cdrone3_20260822_205732_073_milestone4,milestone4,1787457559.151957989,target_map,89,492,2,predicted,23.053558,11.260711,4.169531,5.413478,3.141137,0.966464,0.483702,14.471364,24125.250,0,1.543406,1.543406,0.690192,0.735852
tracking_cdrone3_20260822_205732_073_milestone4,milestone4,1787457559.151957989,target_map,90,493,2,predicted,0.609609,-2.061392,2.174071,-2.034229,-1.002186,-0.073812,0.302419,0.229288,35528.625,1,1.187952,1.187952,0.434195,0.552997
tracking_cdrone3_20260822_205732_073_milestone4,milestone4,1787457559.251226425,target_map,89,492,2,predicted,23.590923,11.572514,4.265467,5.413478,3.141137,0.966464,0.464157,14.471364,24125.250,0,1.642671,1.642671,0.724935,0.760668
tracking_cdrone3_20260822_205732_073_milestone4,milestone4,1787457559.251226425,target_map,90,493,2,predicted,0.407683,-2.160873,2.166744,-2.034229,-1.002186,-0.073812,0.291743,0.229288,35528.625,1,1.287217,1.287217,0.468938,0.577813
tracking_cdrone3_20260822_205732_073_milestone4,milestone4,1787457559.355546713,target_map,89,492,2,predicted,24.155714,11.900230,4.366298,5.413478,3.141137,0.966464,0.443614,14.471364,24125.250,0,1.747001,1.747001,0.761450,0.786750
tracking_cdrone3_20260822_205732_073_milestone4,milestone4,1787457559.355546713,target_map,90,493,2,predicted,0.195451,-2.265432,2.159043,-2.034229,-1.002186,-0.073812,0.280523,0.229288,35528.625,1,1.391547,1.391547,0.505453,0.603895
tracking_cdrone3_20260822_205732_073_milestone4,milestone4,1787457559.450825930,target_map,89,492,2,predicted,24.671522,12.199525,4.458385,5.413478,3.141137,0.966464,0.424853,14.471364,24125.250,0,1.842283,1.842283,0.794799,0.810571
tracking_cdrone3_20260822_205732_073_milestone4,milestone4,1787457559.450825930,target_map,90,493,2,predicted,0.001625,-2.360922,2.152010,-2.034229,-1.002186,-0.073812,0.270276,0.229288,35528.625,1,1.486829,1.486829,0.538802,0.627716
tracking_cdrone3_20260822_205732_073_milestone4,milestone4,1787457559.550864220,target_map,89,492,2,predicted,25.213036,12.513735,4.555061,5.413478,3.141137,0.966464,0.405157,14.471364,24125.250,0,1.942314,1.942314,0.829810,0.835579
tracking_cdrone3_20260822_205732_073_milestone4,milestone4,1787457559.550864220,target_map,90,493,2,predicted,-0.201860,-2.461171,2.144627,-2.034229,-1.002186,-0.073812,0.259519,0.229288,35528.625,1,1.586860,1.586860,0.573813,0.652724
tracking_cdrone3_20260822_205732_073_milestone4,milestone4,1787457559.651034832,target_map,89,492,2,predicted,25.755270,12.828363,4.651866,5.413478,3.141137,0.966464,0.385435,14.471364,24125.250,0,2.042478,2.042478,0.864867,0.860619
tracking_cdrone3_20260822_205732_073_milestone4,milestone4,1787457559.651034832,target_map,90,493,2,predicted,-0.405616,-2.561554,2.137233,-2.034229,-1.002186,-0.073812,0.248747,0.229288,35528.625,1,1.687024,1.687024,0.608870,0.677765
tracking_cdrone3_20260822_205732_073_milestone4,milestone4,1787457559.750965595,target_map,89,492,2,predicted,26.296267,13.142273,4.748450,5.413478,3.141137,0.966464,0.365758,14.471364,24125.250,0,2.142413,2.142413,0.899845,0.885603
tracking_cdrone3_20260822_205732_073_milestone4,milestone4,1787457559.750965595,target_map,90,493,2,predicted,-0.608907,-2.661708,2.129857,-2.034229,-1.002186,-0.073812,0.237999,0.229288,35528.625,1,1.786959,1.786959,0.643848,0.702748
tracking_cdrone3_20260822_205732_073_milestone4,milestone4,1787457559.851096630,target_map,89,492,2,predicted,26.838264,13.456763,4.845212,5.413478,3.141137,0.966464,0.346044,14.471364,24125.250,0,2.242533,2.242533,0.934887,0.910633
tracking_cdrone3_20260822_205732_073_milestone4,milestone4,1787457559.851096630,target_map,90,493,2,predicted,-0.812574,-2.762047,2.122467,-2.034229,-1.002186,-0.073812,0.227232,0.229288,35528.625,1,1.887079,1.887079,0.678890,0.727778
tracking_cdrone3_20260822_205732_073_milestone4,milestone4,1787457559.951107025,target_map,89,492,2,predicted,27.379789,13.770980,4.941890,5.413478,3.141137,0.966464,0.326348,14.471364,24125.250,0,2.342566,2.342566,0.969898,0.935641
tracking_cdrone3_20260822_205732_073_milestone4,milestone4,1787457559.951107025,target_map,90,493,2,predicted,-1.016063,-2.862298,2.115084,-2.034229,-1.002186,-0.073812,0.216474,0.229288,35528.625,1,1.987112,1.987112,0.713901,0.752786
tracking_cdrone3_20260822_205732_073_milestone4,milestone4,1787457560.050990820,target_map,89,492,2,predicted,27.920452,14.084696,5.038414,5.413478,3.141137,0.966464,0.306683,14.471364,24125.250,0,2.442439,2.442439,1.004854,0.960610
tracking_cdrone3_20260822_205732_073_milestone4,milestone4,1787457560.050990820,target_map,90,493,2,predicted,-1.219229,-2.962390,2.107712,-2.034229,-1.002186,-0.073812,0.205733,0.229288,35528.625,1,2.086985,2.086985,0.748857,0.777755
tracking_cdrone3_20260822_205732_073_milestone4,milestone4,1787457560.150705814,target_map,89,492,2,predicted,28.460243,14.397906,5.134782,5.413478,3.141137,0.966464,0.287050,14.471364,24125.250,0,2.542151,2.542151,1.039753,0.985538
tracking_cdrone3_20260822_205732_073_milestone4,milestone4,1787457560.150705814,target_map,90,493,2,predicted,-1.422067,-3.062320,2.100352,-2.034229,-1.002186,-0.073812,0.195010,0.229288,35528.625,1,2.186697,2.186697,0.783756,0.802683
tracking_cdrone3_20260822_205732_073_milestone4,milestone4,1787457560.250940084,target_map,89,492,2,predicted,29.002874,14.712765,5.231658,5.413478,3.141137,0.966464,0.267313,14.471364,24125.250,0,2.642389,2.642389,1.074836,1.010597
tracking_cdrone3_20260822_205732_073_milestone4,milestone4,1787457560.250940084,target_map,90,493,2,predicted,-1.625972,-3.162776,2.092953,-2.034229,-1.002186,-0.073812,0.184230,0.229288,35528.625,1,2.286935,2.286935,0.818839,0.827742
tracking_cdrone3_20260822_205732_073_milestone4,milestone4,1787457560.350788116,target_map,89,492,2,predicted,29.543421,15.026414,5.328162,5.413478,3.141137,0.966464,0.247652,14.471364,24125.250,0,2.742241,2.742241,1.109784,1.035560
tracking_cdrone3_20260822_205732_073_milestone4,milestone4,1787457560.350788116,target_map,90,493,2,predicted,-1.829094,-3.262847,2.085583,-2.034229,-1.002186,-0.073812,0.173491,0.229288,35528.625,1,2.386787,2.386787,0.853787,0.852705
tracking_cdrone3_20260822_205732_073_milestone4,milestone4,1787457560.451085806,target_map,89,492,2,predicted,30.086294,15.341413,5.425080,5.413478,3.141137,0.966464,0.227907,14.471364,24125.250,0,2.842522,2.842522,1.144883,1.060631
tracking_cdrone3_20260822_205732_073_milestone4,milestone4,1787457560.451085806,target_map,90,493,2,predicted,-2.033090,-3.363348,2.078181,-2.034229,-1.002186,-0.073812,0.162707,0.229288,35528.625,1,2.487068,2.487068,0.888886,0.877776
tracking_cdrone3_20260822_205732_073_milestone4,milestone4,1787457560.551041365,target_map,89,492,2,predicted,30.627480,15.655432,5.521698,5.413478,3.141137,0.966464,0.208223,14.471364,24125.250,0,2.942492,2.942492,1.179872,1.085623
tracking_cdrone3_20260822_205732_073_milestone4,milestone4,1787457560.551041365,target_map,90,493,2,predicted,-2.236452,-3.463536,2.070802,-2.034229,-1.002186,-0.073812,0.151955,0.229288,35528.625,1,2.587038,2.587038,0.923875,0.902768
tracking_cdrone3_20260822_205732_073_milestone4,milestone4,1787457560.651036978,target_map,89,492,2,predicted,31.168802,15.969530,5.618340,5.413478,3.141137,0.966464,0.188534,14.471364,24125.250,0,3.042488,3.042488,1.214871,1.110622
tracking_cdrone3_20260822_205732_073_milestone4,milestone4,1787457560.651036978,target_map,90,493,2,predicted,-2.439865,-3.563750,2.063421,-2.034229,-1.002186,-0.073812,0.141202,0.229288,35528.625,1,2.687034,2.687034,0.958874,0.927767
tracking_cdrone3_20260822_205732_073_milestone4,milestone4,1787457560.751007080,target_map,89,492,2,predicted,31.709747,16.283411,5.714914,5.413478,3.141137,0.966464,0.168858,14.471364,24125.250,0,3.142413,3.142413,1.249845,1.135603
tracking_cdrone3_20260822_205732_073_milestone4,milestone4,1787457560.751007080,target_map,90,493,2,predicted,-2.643137,-3.663894,2.056045,-2.034229,-1.002186,-0.073812,0.130455,0.229288,35528.625,1,2.786959,2.786959,0.993848,0.952748
tracking_cdrone3_20260822_205732_073_milestone4,milestone4,1787457560.851180553,target_map,89,492,2,predicted,32.250809,16.597359,5.811509,5.413478,3.141137,0.966464,0.149179,14.471364,24125.250,0,3.242360,3.242360,1.284826,1.160590
tracking_cdrone3_20260822_205732_073_milestone4,milestone4,1787457560.851180553,target_map,90,493,2,predicted,-2.846452,-3.764060,2.048668,-2.034229,-1.002186,-0.073812,0.119706,0.229288,35528.625,1,2.886906,2.886906,1.028829,0.977735
tracking_cdrone3_20260822_205732_073_milestone4,milestone4,1787457560.951106787,target_map,89,492,2,predicted,32.792973,16.911947,5.908302,5.413478,3.141137,0.966464,0.129459,14.471364,24125.250,0,3.342511,3.342511,1.319879,1.185628
tracking_cdrone3_20260822_205732_073_milestone4,milestone4,1787457560.951106787,target_map,90,493,2,predicted,-3.050182,-3.864430,2.041276,-2.034229,-1.002186,-0.073812,0.108936,0.229288,35528.625,1,2.987057,2.987057,1.063882,1.002773
tracking_cdrone3_20260822_205732_073_milestone4,milestone4,1787457561.051476002,target_map,89,492,2,predicted,33.335529,17.226761,6.005164,5.413478,3.141137,0.966464,0.109725,14.471364,24125.250,0,3.442735,3.442735,1.354957,1.210684
tracking_cdrone3_20260822_205732_073_milestone4,milestone4,1787457561.051476002,target_map,90,493,2,predicted,-3.254059,-3.964872,2.033878,-2.034229,-1.002186,-0.073812,0.098157,0.229288,35528.625,1,3.087281,3.087281,1.098960,1.027829
tracking_cdrone3_20260822_205732_073_milestone4,milestone4,1787457561.150701761,target_map,89,492,2,predicted,33.873753,17.539062,6.101253,5.413478,3.141137,0.966464,0.090149,14.471364,24125.250,0,3.542157,3.542157,1.389755,1.235539
tracking_cdrone3_20260822_205732_073_milestone4,milestone4,1787457561.150701761,target_map,90,493,2,predicted,-3.456308,-4.064512,2.026540,-2.034229,-1.002186,-0.073812,0.087465,0.229288,35528.625,1,3.186703,3.186703,1.133758,1.052684
tracking_cdrone3_20260822_205732_073_milestone4,milestone4,1787457561.251180410,target_map,89,492,2,predicted,34.417648,17.854654,6.198353,5.413478,3.141137,0.966464,0.070366,14.471364,24125.250,0,3.642628,3.642628,1.424920,1.260657
tracking_cdrone3_20260822_205732_073_milestone4,milestone4,1787457561.251180410,target_map,90,493,2,predicted,-3.660688,-4.165203,2.019124,-2.034229,-1.002186,-0.073812,0.076660,0.229288,35528.625,1,3.287174,3.287174,1.168923,1.077802
tracking_cdrone3_20260822_205732_073_milestone4,milestone4,1787457561.351053238,target_map,89,492,2,predicted,34.958271,18.168346,6.294870,5.413478,3.141137,0.966464,0.050703,14.471364,24125.250,0,3.742494,3.742494,1.459873,1.285624
tracking_cdrone3_20260822_205732_073_milestone4,milestone4,1787457561.351053238,target_map,90,493,2,predicted,-3.863838,-4.265287,2.011752,-2.034229,-1.002186,-0.073812,0.065920,0.229288,35528.625,1,3.387040,3.387040,1.203876,1.102769
tracking_cdrone3_20260822_205732_073_milestone4,milestone4,1787457561.450724125,target_map,89,492,2,predicted,35.497902,18.481464,6.391211,5.413478,3.141137,0.966464,0.031075,14.471364,24125.250,0,3.842177,3.842177,1.494762,1.310544
tracking_cdrone3_20260822_205732_073_milestone4,milestone4,1787457561.450724125,target_map,90,493,2,predicted,-4.066616,-4.365188,2.004395,-2.034229,-1.002186,-0.073812,0.055200,0.229288,35528.625,1,3.486723,3.486723,1.238765,1.127689
tracking_cdrone3_20260822_205732_073_milestone4,milestone4,1787457561.550710201,target_map,89,492,2,predicted,36.039188,18.795542,6.487845,5.413478,3.141137,0.966464,0.011388,14.471364,24125.250,0,3.942165,3.942165,1.529758,1.335541
tracking_cdrone3_20260822_205732_073_milestone4,milestone4,1787457561.550710201,target_map,90,493,2,predicted,-4.270015,-4.465395,1.997014,-2.034229,-1.002186,-0.073812,0.044447,0.229288,35528.625,1,3.586711,3.586711,1.273761,1.152686
tracking_cdrone3_20260822_205732_073_milestone4,milestone4,1787457561.651232958,target_map,89,492,2,predicted,36.583248,19.111229,6.584976,5.413478,3.141137,0.966464,0.000000,14.471364,24125.250,0,4.042666,4.042666,1.564933,1.360667
tracking_cdrone3_20260822_205732_073_milestone4,milestone4,1787457561.651232958,target_map,90,493,2,predicted,-4.474457,-4.566115,1.989596,-2.034229,-1.002186,-0.073812,0.033638,0.229288,35528.625,1,3.687212,3.687212,1.308936,1.177812
tracking_cdrone3_20260822_205732_073_milestone4,milestone4,1787457561.751093626,target_map,89,492,2,predicted,37.123913,19.424948,6.681501,5.413478,3.141137,0.966464,0.000000,14.471364,24125.250,0,4.142540,4.142540,1.599889,1.385635
tracking_cdrone3_20260822_205732_073_milestone4,milestone4,1787457561.751093626,target_map,90,493,2,predicted,-4.677624,-4.666208,1.982224,-2.034229,-1.002186,-0.073812,0.022898,0.229288,35528.625,1,3.787086,3.787086,1.343892,1.202780
