run_id,experiment_tag,timestamp_s,sample_kind,track_id,source,source_label,x_m,y_m,z_m,cleaned_x_m,cleaned_y_m,cleaned_z_m,confidence,position_uncertainty_m
tracking_cdrone3_20260822_205237_900_milestone4,milestone4,0.000000000,target_map,51,0,detected,2.573488,-0.294705,0.136045,3.917861,0.090987,0.188269,0.520424,0.178529
tracking_cdrone3_20260822_205237_900_milestone4,milestone4,0.100131750,target_map,51,0,detected,2.573488,-0.294705,0.136045,4.695726,0.314151,0.218487,0.507130,0.213563
tracking_cdrone3_20260822_205237_900_milestone4,milestone4,0.200246334,target_map,51,0,detected,6.606606,0.862369,0.292717,4.402555,0.220478,0.198511,0.508354,0.172351
tracking_cdrone3_20260822_205237_900_milestone4,milestone4,0.300266504,target_map,51,0,detected,7.029320,0.983643,0.309138,4.487750,0.234115,0.192118,0.495437,0.207357
tracking_cdrone3_20260822_205237_900_milestone4,milestone4,0.400149584,target_map,51,0,detected,3.229872,-0.154210,0.118608,4.856553,0.200850,0.203117,0.522049,0.174247
tracking_cdrone3_20260822_205237_900_milestone4,milestone4,0.500105858,target_map,51,0,detected,2.999463,-0.226522,0.104083,4.444487,-0.085294,0.184298,0.508775,0.209228
tracking_cdrone3_20260822_205237_900_milestone4,milestone4,0.600315094,target_map,51,0,detected,4.417505,-0.461029,0.191038,3.708377,-0.443522,0.154159,0.537575,0.163907
tracking_cdrone3_20260822_205237_900_milestone4,milestone4,0.700256586,target_map,51,0,detected,4.546276,-0.568354,0.198625,3.696146,-0.601529,0.161413,0.524010,0.198883
tracking_cdrone3_20260822_205237_900_milestone4,milestone4,0.801869631,target_map,51,0,detected,3.348770,-0.807495,0.158443,3.692935,-0.773222,0.170837,0.524293,0.152924
tracking_cdrone3_20260822_205237_900_milestone4,milestone4,0.900106907,target_map,51,0,detected,3.168718,-0.944244,0.154876,2.587635,-0.811874,0.147375,0.511391,0.187304
tracking_cdrone3_20260822_205237_900_milestone4,milestone4,1.001219749,target_map,51,0,detected,2.983407,-1.084989,0.151205,1.352034,-0.838247,0.120396,0.498112,0.222688
tracking_cdrone3_20260822_205237_900_milestone4,milestone4,1.100076675,target_map,51,0,detected,-1.108996,-0.654286,0.073727,1.351830,-0.780295,0.117935,0.503175,0.165448
tracking_cdrone3_20260822_205237_900_milestone4,milestone4,1.200191736,target_map,51,0,detected,-1.631727,-0.700223,0.063728,1.428629,-0.696685,0.116704,0.490439,0.200491
tracking_cdrone3_20260822_205237_900_milestone4,milestone4,1.300262690,target_map,51,0,detected,3.347745,-0.517735,0.146136,1.583330,-0.586609,0.116724,0.518695,0.152252
tracking_cdrone3_20260822_205237_900_milestone4,milestone4,1.400369883,target_map,51,0,detected,3.552718,-0.526190,0.148725,3.035006,-0.245778,0.137734,0.505699,0.187276
tracking_cdrone3_20260822_205237_900_milestone4,milestone4,1.500023603,target_map,51,0,detected,3.756908,-0.534613,0.151304,4.686239,0.146930,0.161869,0.492751,0.222165
tracking_cdrone3_20260822_205237_900_milestone4,milestone4,1.600042105,target_map,51,0,detected,6.149386,1.049871,0.178779,5.436729,0.545893,0.170647,0.532751,0.168893
tracking_cdrone3_20260822_205237_900_milestone4,milestone4,1.700593233,target_map,51,0,detected,6.624441,1.263319,0.184399,5.886079,0.887611,0.194913,0.519244,0.203910
tracking_cdrone3_20260822_205237_900_milestone4,milestone4,1.800296068,target_map,51,2,predicted,7.100193,1.477079,0.190027,6.327908,1.256036,0.222368,0.505717,0.238977
tracking_cdrone3_20260822_205237_900_milestone4,milestone4,1.900189877,target_map,51,0,detected,5.799468,1.182401,0.270057,4.773275,1.178466,0.235040,0.528861,0.178978
tracking_cdrone3_20260822_205237_900_milestone4,milestone4,2.000371695,target_map,51,0,detected,5.966053,1.307511,0.288579,3.050715,1.064245,0.248072,0.515370,0.213951
tracking_cdrone3_20260822_205237_900_milestone4,milestone4,2.100226164,target_map,51,0,detected,-1.623783,0.662022,0.242136,1.160283,0.913296,0.261460,0.535477,0.161828
tracking_cdrone3_20260822_205237_900_milestone4,milestone4,2.200339317,target_map,51,0,detected,-1.988354,0.692216,0.249561,0.703918,0.642849,0.233854,0.521962,0.196863
tracking_cdrone3_20260822_205237_900_milestone4,milestone4,2.300181627,target_map,51,0,detected,-2.351969,0.722330,0.256966,0.268360,0.336016,0.201350,0.508482,0.231807
tracking_cdrone3_20260822_205237_900_milestone4,milestone4,2.400220156,target_map,51,0,detected,3.517643,-0.169834,0.132027,0.815026,0.051624,0.172840,0.493423,0.173790
tracking_cdrone3_20260822_205237_900_milestone4,milestone4,2.500324965,target_map,51,0,detected,3.788265,-0.226653,0.126058,1.375358,-0.266749,0.141000,0.480862,0.208825
tracking_cdrone3_20260822_205237_900_milestone4,milestone4,2.602185249,target_map,51,0,detected,1.109547,-0.759940,0.099589,1.947927,-0.619671,0.105794,0.535738,0.158634
tracking_cdrone3_20260822_205237_900_milestone4,milestone4,2.700127840,target_map,51,0,detected,0.813307,-0.899649,0.090359,0.819484,-0.789838,0.092931,0.522537,0.192919
tracking_cdrone3_20260822_205237_900_milestone4,milestone4,2.800138950,target_map,51,0,detected,0.510872,-1.042279,0.080935,-0.478212,-0.968112,0.079572,0.509060,0.227920
tracking_cdrone3_20260822_205237_900_milestone4,milestone4,2.899990797,target_map,51,0,detected,-2.124570,-1.020668,0.067714,-1.478872,-1.021863,0.065558,0.506362,0.180339
tracking_cdrone3_20260822_205237_900_milestone4,milestone4,3.000164509,target_map,51,0,detected,-2.700214,-1.118026,0.059265,-2.559415,-1.059522,0.050856,0.493404,0.215388
tracking_cdrone3_20260822_205237_900_milestone4,milestone4,3.100439787,target_map,51,0,detected,-3.893754,-1.028694,0.029515,-3.718995,-1.080537,0.035499,0.513375,0.161370
tracking_cdrone3_20260822_205237_900_milestone4,milestone4,3.200080395,target_map,51,0,detected,-4.589409,-1.087941,0.016851,-2.880308,-0.945194,0.045149,0.500484,0.196237
tracking_cdrone3_20260822_205237_900_milestone4,milestone4,3.299973488,target_map,51,0,detected,-5.287028,-1.147355,0.004151,-1.901917,-0.785711,0.056615,0.487557,0.231203
tracking_cdrone3_20260822_205237_900_milestone4,milestone4,3.400121927,target_map,51,0,detected,2.068867,-0.343955,0.115964,-1.150315,-0.610481,0.069036,0.517951,0.180011
tracking_cdrone3_20260822_205237_900_milestone4,milestone4,3.500130653,target_map,51,0,detected,2.191739,-0.320612,0.116592,-0.335978,-0.412764,0.083061,0.504717,0.215015
tracking_cdrone3_20260822_205237_900_milestone4,milestone4,3.600040197,target_map,51,0,detected,-0.135745,-0.152544,0.091623,0.541477,-0.192526,0.098697,0.510335,0.164362
tracking_cdrone3_20260822_205237_900_milestone4,milestone4,3.700075150,target_map,51,0,detected,-0.517723,-0.099356,0.086976,1.152060,-0.251820,0.115741,0.497441,0.199373
tracking_cdrone3_20260822_205237_900_milestone4,milestone4,3.800123692,target_map,51,0,detected,-0.899755,-0.046161,0.082329,1.791298,-0.319101,0.134072,0.484544,0.234389
tracking_cdrone3_20260822_205237_900_milestone4,milestone4,3.900090694,target_map,51,0,detected,5.121782,-0.640428,0.201185,2.949150,-0.423306,0.158806,0.484309,0.175139
tracking_cdrone3_20260822_205237_900_milestone4,milestone4,4.000071287,target_map,51,0,detected,5.387930,-0.657016,0.208246,3.280720,-0.525180,0.164107,0.471982,0.210132
tracking_cdrone3_20260822_205237_900_milestone4,milestone4,4.099833727,target_map,51,2,predicted,5.653514,-0.673570,0.215292,3.624682,-0.638584,0.169044,0.459681,0.245051
tracking_cdrone3_20260822_205237_900_milestone4,milestone4,4.200161934,target_map,51,0,detected,1.140131,-0.608723,0.113483,3.987395,-0.349377,0.182868,0.494246,0.182141
tracking_cdrone3_20260822_205237_900_milestone4,milestone4,4.300159216,target_map,51,0,detected,0.820056,-0.613184,0.107014,4.353373,-0.035615,0.197030,0.481600,0.217139
tracking_cdrone3_20260822_205237_900_milestone4,milestone4,4.400016308,target_map,51,0,detected,6.935347,0.805608,0.270305,3.808675,0.262797,0.179723,0.498435,0.165201
tracking_cdrone3_20260822_205237_900_milestone4,milestone4,4.500077248,target_map,51,0,detected,7.217816,0.911793,0.279057,4.104183,0.559093,0.180448,0.485830,0.200221
tracking_cdrone3_20260822_205237_900_milestone4,milestone4,4.600036860,target_map,51,0,detected,2.930024,0.818492,0.128757,4.401013,0.867174,0.180128,0.503642,0.150735
tracking_cdrone3_20260822_205237_900_milestone4,milestone4,4.699955463,target_map,51,0,detected,2.617671,0.872758,0.117106,3.271538,0.529429,0.149202,0.491055,0.185704
tracking_cdrone3_20260822_205237_900_milestone4,milestone4,4.800229788,target_map,51,0,detected,2.304205,0.927217,0.105414,1.998514,0.110832,0.115090,0.478424,0.220796
tracking_cdrone3_20260822_205237_900_milestone4,milestone4,4.900432825,target_map,51,0,detected,1.287974,-0.883116,0.115674,1.495184,-0.349275,0.109589,0.512355,0.169338
tracking_cdrone3_20260822_205237_900_milestone4,milestone4,4.999812603,target_map,51,0,detected,0.852696,-1.181193,0.108497,1.668482,-0.672219,0.106774,0.499447,0.204122
tracking_cdrone3_20260822_205237_900_milestone4,milestone4,5.100129604,target_map,51,2,predicted,0.413374,-1.482041,0.101254,1.940657,-1.029418,0.105169,0.486419,0.239229
tracking_cdrone3_20260822_205237_900_milestone4,milestone4,5.199921370,target_map,51,0,detected,3.484163,-0.741964,0.103033,1.044281,-1.057837,0.092244,0.510051,0.183255
tracking_cdrone3_20260822_205237_900_milestone4,milestone4,5.300048590,target_map,51,0,detected,3.665079,-0.858778,0.097388,0.163279,-1.042073,0.079493,0.496974,0.218296
tracking_cdrone3_20260822_205237_900_milestone4,milestone4,5.400134087,target_map,51,0,detected,-3.193910,-1.025211,0.051046,-0.702865,-0.981857,0.066908,0.515534,0.168560
tracking_cdrone3_20260822_205237_900_milestone4,milestone4,5.500263453,target_map,51,0,detected,-3.552309,-1.102372,0.044745,-2.056177,-1.096874,0.052989,0.502458,0.203601
tracking_cdrone3_20260822_205237_900_milestone4,milestone4,5.602227926,target_map,51,2,predicted,-3.917348,-1.180962,0.038327,-3.482570,-1.206339,0.038969,0.489139,0.239291
tracking_cdrone3_20260822_205237_900_milestone4,milestone4,5.700044155,target_map,51,0,detected,-3.282395,-1.317049,0.033437,-2.331320,-1.243996,0.053349,0.499771,0.182688
tracking_cdrone3_20260822_205237_900_milestone4,milestone4,5.800224543,target_map,51,0,detected,-3.466886,-1.406100,0.027291,-1.036926,-1.273522,0.069751,0.486956,0.217748
tracking_cdrone3_20260822_205237_900_milestone4,milestone4,5.900050640,target_map,51,0,detected,2.562335,-1.213497,0.122944,-0.532830,-1.208134,0.076364,0.503612,0.172179
tracking_cdrone3_20260822_205237_900_milestone4,milestone4,6.000128269,target_map,51,0,detected,2.919662,-1.250003,0.126757,-0.210949,-1.110927,0.083150,0.490809,0.207206
tracking_cdrone3_20260822_205237_900_milestone4,milestone4,6.100665331,target_map,51,0,detected,-1.396865,-0.854020,0.071391,0.092320,-0.991286,0.090357,0.534529,0.157992
tracking_cdrone3_20260822_205237_900_milestone4,milestone4,6.200158358,target_map,51,0,detected,-1.672991,-0.831017,0.067369,-0.529802,-0.892262,0.079729,0.521156,0.192818
tracking_cdrone3_20260822_205237_900_milestone4,milestone4,6.300175905,target_map,51,0,detected,-1.950539,-0.807895,0.063326,-1.215551,-0.778800,0.067926,0.507714,0.227823
tracking_cdrone3_20260822_205237_900_milestone4,milestone4,6.400114298,target_map,51,0,detected,-0.548274,-0.718375,0.069804,-1.127712,-0.761063,0.063321,0.529993,0.173553
tracking_cdrone3_20260822_205237_900_milestone4,milestone4,6.500125170,target_map,51,0,detected,-0.509088,-0.682693,0.067743,-0.998097,-0.745953,0.058351,0.516516,0.208556
tracking_cdrone3_20260822_205237_900_milestone4,milestone4,6.600080490,target_map,51,0,detected,-0.957666,-0.765336,0.048363,-0.826417,-0.733493,0.053022,0.528639,0.161984
tracking_cdrone3_20260822_205237_900_milestone4,milestone4,6.700252295,target_map,51,0,detected,-1.024917,-0.755464,0.042520,0.279299,-0.567968,0.083341,0.515288,0.197040
tracking_cdrone3_20260822_205237_900_milestone4,milestone4,6.800377607,target_map,51,0,detected,-1.092140,-0.745595,0.036680,1.457980,-0.395928,0.116083,0.501942,0.232081
tracking_cdrone3_20260822_205237_900_milestone4,milestone4,6.900418282,target_map,51,0,detected,4.980307,0.109250,0.221399,2.827616,-0.150418,0.137848,0.527350,0.182895
tracking_cdrone3_20260822_205237_900_milestone4,milestone4,7.000243902,target_map,51,0,detected,5.384315,0.177505,0.231455,4.297297,0.116217,0.159243,0.513880,0.217816
tracking_cdrone3_20260822_205237_900_milestone4,milestone4,7.100153208,target_map,51,0,detected,5.890513,0.462215,0.157185,5.305448,0.101148,0.182526,0.512540,0.171432
tracking_cdrone3_20260822_205237_900_milestone4,milestone4,7.200206280,target_map,51,0,detected,6.323491,0.577709,0.149494,5.066032,-0.124905,0.167881,0.499521,0.206447
tracking_cdrone3_20260822_205237_900_milestone4,milestone4,7.300125360,target_map,51,0,detected,3.948614,-0.820942,0.153099,4.237808,-0.389544,0.141114,0.533909,0.165891
tracking_cdrone3_20260822_205237_900_milestone4,milestone4,7.399945021,target_map,51,0,detected,3.783226,-1.021012,0.148173,3.206477,-0.741858,0.126954,0.520432,0.200831
tracking_cdrone3_20260822_205237_900_milestone4,milestone4,7.500060558,target_map,51,0,detected,1.243196,-1.145691,0.097619,1.985815,-1.148267,0.112067,0.545761,0.154097
tracking_cdrone3_20260822_205237_900_milestone4,milestone4,7.599971771,target_map,51,0,detected,0.733857,-1.299357,0.086387,0.987659,-1.074012,0.098063,0.532091,0.189063
tracking_cdrone3_20260822_205237_900_milestone4,milestone4,7.700751543,target_map,51,0,detected,0.220183,-1.454331,0.075059,-0.106503,-0.944790,0.083592,0.518303,0.224327
tracking_cdrone3_20260822_205237_900_milestone4,milestone4,7.799988031,target_map,51,0,detected,-1.042165,-0.449667,0.083077,0.446966,-0.787530,0.097500,0.519286,0.181528
tracking_cdrone3_20260822_205237_900_milestone4,milestone4,7.900026321,target_map,51,0,detected,-1.687583,-0.374905,0.075818,1.132252,-0.590315,0.114503,0.506001,0.216540
tracking_cdrone3_20260822_205237_900_milestone4,milestone4,8.000092506,target_map,51,0,detected,4.010537,-0.359391,0.167157,1.988426,-0.270633,0.129232,0.526914,0.176575
tracking_cdrone3_20260822_205237_900_milestone4,milestone4,8.100318432,target_map,51,0,detected,4.160287,-0.313279,0.171401,3.135115,-0.124752,0.142022,0.513457,0.211652
tracking_cdrone3_20260822_205237_900_milestone4,milestone4,8.200206280,target_map,51,0,detected,4.501054,0.144078,0.148709,4.537107,0.007689,0.164747,0.542290,0.171584
tracking_cdrone3_20260822_205237_900_milestone4,milestone4,8.300135612,target_map,51,0,detected,4.691278,0.279739,0.147024,4.857577,0.158314,0.170875,0.528531,0.206557
tracking_cdrone3_20260822_205237_900_milestone4,milestone4,8.400232553,target_map,51,0,detected,5.322380,0.287297,0.189444,4.842807,0.136480,0.172856,0.531020,0.165874
tracking_cdrone3_20260822_205237_900_milestone4,milestone4,8.500229359,target_map,51,0,detected,5.612884,0.393736,0.197800,4.733131,0.001298,0.179893,0.517594,0.200867
tracking_cdrone3_20260822_205237_900_milestone4,milestone4,8.600215912,target_map,51,0,detected,4.086438,-0.422452,0.181303,4.558447,-0.183063,0.187790,0.519410,0.155568
tracking_cdrone3_20260822_205237_900_milestone4,milestone4,8.700090647,target_map,51,0,detected,3.952673,-0.531830,0.183896,3.063976,-0.386093,0.165009,0.506391,0.190521
tracking_cdrone3_20260822_205237_900_milestone4,milestone4,8.800741434,target_map,51,0,detected,3.817859,-0.642066,0.186509,1.411973,-0.624120,0.139289,0.493269,0.225749
tracking_cdrone3_20260822_205237_900_milestone4,milestone4,8.900731325,target_map,51,0,detected,-2.149972,-0.727854,0.075540,0.688988,-0.541510,0.120101,0.537930,0.182665
tracking_cdrone3_20260822_205237_900_milestone4,milestone4,9.000218391,target_map,51,0,detected,-2.647132,-0.796399,0.069198,0.032273,-0.418579,0.100040,0.524233,0.217483
tracking_cdrone3_20260822_205237_900_milestone4,milestone4,9.100248814,target_map,51,0,detected,0.471514,-0.009403,0.085365,0.067945,-0.100600,0.091567,0.518546,0.175902
tracking_cdrone3_20260822_205237_900_milestone4,milestone4,9.200282812,target_map,51,0,detected,0.669096,0.082825,0.083587,1.399785,0.266383,0.106475,0.505332,0.210916
tracking_cdrone3_20260822_205237_900_milestone4,milestone4,9.300083399,target_map,51,0,detected,3.996222,0.947829,0.144145,3.026794,0.480473,0.148539,0.523292,0.163324
tracking_cdrone3_20260822_205237_900_milestone4,milestone4,9.400123119,target_map,51,0,detected,4.509227,1.107063,0.150082,4.146958,0.522952,0.193968,0.510079,0.198339
tracking_cdrone3_20260822_205237_900_milestone4,milestone4,9.504940748,target_map,51,0,detected,5.487909,0.274050,0.279516,5.350497,0.532045,0.246689,0.517055,0.156674
tracking_cdrone3_20260822_205237_900_milestone4,milestone4,9.600098372,target_map,51,0,detected,6.072333,0.202995,0.312508,5.312950,0.301785,0.254396,0.504696,0.189977
tracking_cdrone3_20260822_205237_900_milestone4,milestone4,9.700148582,target_map,51,0,detected,6.686792,0.128288,0.347196,5.156134,0.014268,0.259893,0.491702,0.224992
tracking_cdrone3_20260822_205237_900_milestone4,milestone4,9.799890518,target_map,51,0,detected,3.808488,-0.203471,0.182680,4.740342,-0.092657,0.233054,0.527891,0.179015
tracking_cdrone3_20260822_205237_900_milestone4,milestone4,9.900187016,target_map,51,0,detected,3.725147,-0.330520,0.177566,4.180578,-0.202042,0.197381,0.514377,0.214112
tracking_cdrone3_20260822_205237_900_milestone4,milestone4,10.000036955,target_map,51,0,detected,3.408949,-0.260574,0.145320,4.129190,-0.075431,0.164748,0.525663,0.177341
tracking_cdrone3_20260822_205237_900_milestone4,milestone4,10.100256205,target_map,51,0,detected,3.273515,-0.343934,0.134145,4.724735,0.137753,0.164952,0.512231,0.212413
tracking_cdrone3_20260822_205237_900_milestone4,milestone4,10.200152874,target_map,51,0,detected,6.429852,0.761345,0.184027,4.956644,0.087128,0.177493,0.498718,0.172424
tracking_cdrone3_20260822_205237_900_milestone4,milestone4,10.300045729,target_map,51,0,detected,6.786214,0.862447,0.183704,5.219368,-0.028173,0.199021,0.486060,0.207387
tracking_cdrone3_20260822_205237_900_milestone4,milestone4,10.400146246,target_map,51,0,detected,4.884692,-0.583644,0.240267,4.275688,-0.074547,0.187012,0.517719,0.170443
tracking_cdrone3_20260822_205237_900_milestone4,milestone4,10.500174284,target_map,51,0,detected,4.722567,-0.837078,0.252961,2.598530,-0.366260,0.163976,0.504581,0.205451
tracking_cdrone3_20260822_205237_900_milestone4,milestone4,10.600453377,target_map,51,0,detected,-1.444885,-0.575806,0.074104,0.747530,-0.702560,0.139948,0.527178,0.158173
tracking_cdrone3_20260822_205237_900_milestone4,milestone4,10.700135231,target_map,51,0,detected,-1.955939,-0.697218,0.068844,-1.066853,-0.808522,0.097094,0.513964,0.193059
tracking_cdrone3_20260822_205237_900_milestone4,milestone4,10.800153255,target_map,51,0,detected,-2.468787,-0.819056,0.063565,-2.981482,-0.891659,0.049696,0.500704,0.228067
tracking_cdrone3_20260822_205237_900_milestone4,milestone4,10.900130987,target_map,51,0,detected,-4.187222,-1.113453,0.025995,-2.817785,-0.906622,0.046858,0.520497,0.175811
tracking_cdrone3_20260822_205237_900_milestone4,milestone4,11.000270605,target_map,51,0,detected,-4.850576,-1.252761,0.015974,-2.524582,-0.899175,0.044954,0.507223,0.210856
tracking_cdrone3_20260822_205237_900_milestone4,milestone4,11.101651430,target_map,51,0,detected,-0.626400,-0.650621,0.059913,-2.122471,-0.854578,0.051469,0.533251,0.167598
tracking_cdrone3_20260822_205237_900_milestone4,milestone4,11.200097799,target_map,51,0,detected,-0.489926,-0.659984,0.059323,-1.354008,-0.749527,0.067150,0.519960,0.202052
tracking_cdrone3_20260822_205237_900_milestone4,milestone4,11.299951315,target_map,51,0,detected,-0.458232,-0.596070,0.096139,-0.430227,-0.615042,0.086485,0.528250,0.163006
tracking_cdrone3_20260822_205237_900_milestone4,milestone4,11.400140285,target_map,51,0,detected,-0.344906,-0.588199,0.104398,0.786124,-0.583066,0.126527,0.514896,0.198068
tracking_cdrone3_20260822_205237_900_milestone4,milestone4,11.500246763,target_map,51,0,detected,-0.231673,-0.580335,0.112650,2.073510,-0.546936,0.169878,0.501553,0.233101
tracking_cdrone3_20260822_205237_900_milestone4,milestone4,11.599875450,target_map,51,0,detected,5.455354,-0.490743,0.260126,3.049032,-0.493882,0.187196,0.517619,0.175818
tracking_cdrone3_20260822_205237_900_milestone4,milestone4,11.700095177,target_map,51,0,detected,5.947009,-0.479334,0.276078,4.012150,-0.434145,0.201287,0.504409,0.210888
tracking_cdrone3_20260822_205237_900_milestone4,milestone4,11.800341606,target_map,51,0,detected,4.419375,-0.330796,0.182729,4.709926,-0.327691,0.204000,0.528145,0.165816
tracking_cdrone3_20260822_205237_900_milestone4,milestone4,11.899948359,target_map,51,0,detected,4.470686,-0.289514,0.174853,4.222420,-0.221569,0.173743,0.514843,0.200678
tracking_cdrone3_20260822_205237_900_milestone4,milestone4,12.000147104,target_map,51,0,detected,3.257207,-0.048068,0.126214,3.588873,-0.100203,0.136835,0.541407,0.151511
tracking_cdrone3_20260822_205237_900_milestone4,milestone4,12.100311518,target_map,51,0,detected,3.017824,0.039867,0.108844,2.503606,-0.184845,0.113846,0.527840,0.186556
tracking_cdrone3_20260822_205237_900_milestone4,milestone4,12.200053453,target_map,51,0,detected,2.779274,0.127496,0.091534,1.299835,-0.284789,0.089748,0.514320,0.221478
tracking_cdrone3_20260822_205237_900_milestone4,milestone4,12.300147533,target_map,51,0,detected,-1.006962,-0.754005,0.067784,1.408086,-0.337390,0.100949,0.505975,0.170978
tracking_cdrone3_20260822_205237_900_milestone4,milestone4,12.400157213,target_map,51,0,detected,-1.548167,-0.789238,0.054364,1.603031,-0.402563,0.116496,0.493132,0.205981
tracking_cdrone3_20260822_205237_900_milestone4,milestone4,12.500139236,target_map,51,0,detected,3.798461,-0.311072,0.182219,1.744327,-0.431969,0.123590,0.515652,0.163060
tracking_cdrone3_20260822_205237_900_milestone4,milestone4,12.599957943,target_map,51,0,detected,3.992548,-0.285998,0.186580,2.647707,-0.268284,0.133194,0.502664,0.197995
tracking_cdrone3_20260822_205237_900_milestone4,milestone4,12.700118303,target_map,51,0,detected,3.485755,-0.019534,0.127000,3.664163,-0.080764,0.143245,0.530172,0.157959
tracking_cdrone3_20260822_205237_900_milestone4,milestone4,12.800139427,target_map,51,0,detected,3.509938,0.064424,0.115808,4.085360,0.236403,0.156894,0.516840,0.192963
tracking_cdrone3_20260822_205237_900_milestone4,milestone4,12.900124311,target_map,51,0,detected,3.534114,0.148358,0.104618,4.547616,0.597306,0.172698,0.503512,0.227957
tracking_cdrone3_20260822_205237_900_milestone4,milestone4,13.000014305,target_map,51,0,detected,5.904446,1.274765,0.250465,4.955687,0.649494,0.198622,0.521458,0.180839
tracking_cdrone3_20260822_205237_900_milestone4,milestone4,13.100059271,target_map,51,0,detected,6.303824,1.518517,0.265597,5.388767,0.667898,0.228815,0.508123,0.215852
tracking_cdrone3_20260822_205237_900_milestone4,milestone4,13.200149536,target_map,51,0,detected,5.526111,0.241404,0.256622,5.984175,0.848707,0.290320,0.517120,0.172037
tracking_cdrone3_20260822_205237_900_milestone4,milestone4,13.300280809,target_map,51,0,detected,5.675342,0.156443,0.266771,6.165615,0.831187,0.330691,0.503969,0.207082
tracking_cdrone3_20260822_205237_900_milestone4,milestone4,13.400067091,target_map,51,0,detected,6.511150,1.052407,0.412145,5.841023,0.747133,0.344787,0.506601,0.166640
tracking_cdrone3_20260822_205237_900_milestone4,milestone4,13.500080585,target_map,51,0,detected,6.811649,1.187165,0.452319,5.621103,0.935056,0.361537,0.493783,0.201644
tracking_cdrone3_20260822_205237_900_milestone4,milestone4,13.600168228,target_map,51,0,detected,4.680861,1.098245,0.336077,2.151021,0.792633,0.326791,0.510050,0.157222
tracking_cdrone3_20260822_205237_900_milestone4,milestone4,13.700205803,target_map,51,0,detected,4.426513,1.181020,0.340373,-1.596685,0.469725,0.262064,0.497229,0.192234
tracking_cdrone3_20260822_205237_900_milestone4,milestone4,13.799981117,target_map,51,0,detected,-11.675070,-0.555674,0.093041,-5.514968,0.118574,0.188396,0.512492,0.150556
tracking_cdrone3_20260822_205237_900_milestone4,milestone4,13.900015354,target_map,51,0,detected,-12.227378,-0.562131,0.088511,-4.862763,0.540517,0.195329,0.499672,0.185563
tracking_cdrone3_20260822_205237_900_milestone4,milestone4,14.000005007,target_map,51,0,detected,-12.779767,-0.568589,0.083980,-4.122670,0.961886,0.202221,0.486850,0.220575
tracking_cdrone3_20260822_205237_900_milestone4,milestone4,14.101660013,target_map,51,0,detected,7.941888,3.207960,0.370743,-0.175178,1.709284,0.261127,0.502972,0.176552
tracking_cdrone3_20260822_205237_900_milestone4,milestone4,14.202401876,target_map,51,0,detected,8.126978,3.287861,0.374830,3.909663,2.466370,0.322110,0.490059,0.211813
tracking_cdrone3_20260822_205237_900_milestone4,milestone4,14.300062895,target_map,51,1,held,8.062387,3.181319,0.387569,8.131808,3.233122,0.385170,0.477628,0.152953
tracking_cdrone3_20260822_205237_900_milestone4,milestone4,14.400243759,target_map,51,1,held,8.196831,3.223297,0.393430,8.151600,3.377508,0.432377,0.464791,0.188009
tracking_cdrone3_20260822_205237_900_milestone4,milestone4,14.500143528,target_map,51,1,held,8.330956,3.265174,0.399278,8.144581,3.538942,0.487910,0.451983,0.222981
tracking_cdrone3_20260822_205237_900_milestone4,milestone4,14.600100279,target_map,51,0,detected,8.040852,3.929890,0.606779,7.225033,2.861329,0.442803,0.504762,0.171663
tracking_cdrone3_20260822_205237_900_milestone4,milestone4,14.700156212,target_map,51,0,detected,8.091880,4.095029,0.652494,6.217636,2.131766,0.394555,0.491939,0.206679
tracking_cdrone3_20260822_205237_900_milestone4,milestone4,14.800287485,target_map,51,0,detected,3.464650,-0.206746,0.162034,5.120838,1.349122,0.343117,0.506192,0.159815
tracking_cdrone3_20260822_205237_900_milestone4,milestone4,14.900304317,target_map,51,0,detected,3.159842,-0.424516,0.152190,3.615638,0.488124,0.236547,0.493446,0.194819
tracking_cdrone3_20260822_205237_900_milestone4,milestone4,15.002958059,target_map,51,0,detected,2.846966,-0.648050,0.142086,1.985046,-0.429719,0.117330,0.480363,0.230751
tracking_cdrone3_20260822_205237_900_milestone4,milestone4,15.100246668,target_map,51,0,detected,0.514856,-0.375096,0.073932,2.136173,-0.434496,0.120501,0.506801,0.181733
tracking_cdrone3_20260822_205237_900_milestone4,milestone4,15.200166941,target_map,51,0,detected,-0.061085,-0.494190,0.056412,2.384503,-0.404637,0.126511,0.493848,0.216702
tracking_cdrone3_20260822_205237_900_milestone4,milestone4,15.299947023,target_map,51,0,detected,4.220287,-0.230628,0.177884,1.626416,-0.420393,0.112141,0.531464,0.172230
tracking_cdrone3_20260822_205237_900_milestone4,milestone4,15.400620937,target_map,51,0,detected,4.401489,-0.275224,0.182240,1.263422,-0.503620,0.109971,0.517898,0.207398
tracking_cdrone3_20260822_205237_900_milestone4,milestone4,15.500132561,target_map,51,0,detected,-0.943467,-0.726829,0.070237,0.944345,-0.575896,0.109875,0.524565,0.165070
tracking_cdrone3_20260822_205237_900_milestone4,milestone4,15.600167274,target_map,51,0,detected,-1.300114,-0.791227,0.063082,-0.420314,-0.663655,0.085463,0.511303,0.200084
tracking_cdrone3_20260822_205237_900_milestone4,milestone4,15.700125217,target_map,51,0,detected,-1.656470,-0.855573,0.055934,-1.914074,-0.746344,0.059001,0.498052,0.235069
tracking_cdrone3_20260822_205237_900_milestone4,milestone4,15.800224066,target_map,51,0,detected,-2.603010,-0.669424,0.055824,-1.318251,-0.696479,0.067173,0.516347,0.179193
tracking_cdrone3_20260822_205237_900_milestone4,milestone4,15.900284767,target_map,51,0,detected,-3.067309,-0.688667,0.049925,-0.605000,-0.631831,0.077289,0.503156,0.214214
tracking_cdrone3_20260822_205237_900_milestone4,milestone4,16.000163078,target_map,51,0,detected,2.035645,-0.477505,0.111101,-0.332536,-0.560822,0.086198,0.511498,0.166446
tracking_cdrone3_20260822_205237_900_milestone4,milestone4,16.100036144,target_map,51,0,detected,2.266142,-0.467986,0.113660,0.062549,-0.526949,0.094981,0.498575,0.201403
tracking_cdrone3_20260822_205237_900_milestone4,milestone4,16.200795889,target_map,51,0,detected,-0.294147,-0.500529,0.100478,0.316056,-0.483852,0.094991,0.532286,0.157510
tracking_cdrone3_20260822_205237_900_milestone4,milestone4,16.299992323,target_map,51,0,detected,-0.627586,-0.500061,0.099742,-0.560263,-0.481561,0.080144,0.519014,0.192230
tracking_cdrone3_20260822_205237_900_milestone4,milestone4,16.400195122,target_map,51,0,detected,-1.799773,-0.473181,0.049975,-1.592404,-0.479739,0.062150,0.525376,0.152636
tracking_cdrone3_20260822_205237_900_milestone4,milestone4,16.499960899,target_map,51,0,detected,-2.345950,-0.466047,0.036863,-0.841881,-0.601284,0.070992,0.512248,0.187555
tracking_cdrone3_20260822_205237_900_milestone4,milestone4,16.600176573,target_map,51,0,detected,-2.894565,-0.458880,0.023693,0.013471,-0.732531,0.080390,0.499060,0.222630
tracking_cdrone3_20260822_205237_900_milestone4,milestone4,16.700156927,target_map,51,0,detected,3.458469,-1.108253,0.144687,1.258145,-0.632960,0.123865,0.512731,0.181189
tracking_cdrone3_20260822_205237_900_milestone4,milestone4,16.800219774,target_map,51,0,detected,3.649173,-1.156293,0.146731,2.676124,-0.489952,0.175628,0.499613,0.216211
tracking_cdrone3_20260822_205237_900_milestone4,milestone4,16.900128603,target_map,51,0,detected,4.423598,0.024672,0.267351,4.058249,-0.396312,0.202594,0.497318,0.181565
tracking_cdrone3_20260822_205237_900_milestone4,milestone4,17.000305653,target_map,51,0,detected,4.743947,0.248995,0.295681,4.188309,-0.148077,0.203836,0.484576,0.216626
tracking_cdrone3_20260822_205237_900_milestone4,milestone4,17.100124598,target_map,51,0,detected,4.016058,0.009317,0.158520,4.193784,0.049565,0.205896,0.514744,0.178371
tracking_cdrone3_20260822_205237_900_milestone4,milestone4,17.200160503,target_map,51,0,detected,4.108769,0.132923,0.150899,4.039703,0.016962,0.182915,0.501604,0.213383
tracking_cdrone3_20260822_205237_900_milestone4,milestone4,17.300168753,target_map,51,0,detected,3.676550,-0.168082,0.157028,3.850152,-0.114333,0.152029,0.540970,0.174939
tracking_cdrone3_20260822_205237_900_milestone4,milestone4,17.400132418,target_map,51,0,detected,3.653192,-0.138343,0.152446,3.808752,-0.204754,0.147375,0.527205,0.209927
tracking_cdrone3_20260822_205237_900_milestone4,milestone4,17.500211477,target_map,51,0,detected,3.796189,-0.407481,0.141252,4.173958,-0.051747,0.141858,0.526470,0.165142
tracking_cdrone3_20260822_205237_900_milestone4,milestone4,17.599983692,target_map,51,0,detected,3.809061,-0.442787,0.135251,4.702090,0.203770,0.133875,0.513195,0.200063
tracking_cdrone3_20260822_205237_900_milestone4,milestone4,17.700212955,target_map,51,0,detected,5.934797,0.897959,0.123311,5.029959,0.280827,0.144865,0.541466,0.158880
tracking_cdrone3_20260822_205237_900_milestone4,milestone4,17.800240517,target_map,51,0,detected,6.317208,1.109501,0.117114,5.334456,0.399476,0.161778,0.527843,0.193879
tracking_cdrone3_20260822_205237_900_milestone4,milestone4,17.900351286,target_map,51,0,detected,5.292540,0.246941,0.207398,4.448318,0.616210,0.175422,0.498245,0.154915
tracking_cdrone3_20260822_205237_900_milestone4,milestone4,18.000135899,target_map,51,0,detected,5.318676,0.185768,0.225817,3.051556,0.565022,0.193090,0.485769,0.189846
tracking_cdrone3_20260822_205237_900_milestone4,milestone4,18.099964857,target_map,51,0,detected,-0.621629,0.640880,0.203472,1.492774,0.471753,0.213634,0.499399,0.151683
tracking_cdrone3_20260822_205237_900_milestone4,milestone4,18.199998140,target_map,51,0,detected,-1.049015,0.642019,0.211651,1.240652,0.389044,0.206848,0.486896,0.186692
tracking_cdrone3_20260822_205237_900_milestone4,milestone4,18.300109148,target_map,51,0,detected,-1.476701,0.643158,0.219835,1.031851,0.303846,0.196532,0.474384,0.221726
tracking_cdrone3_20260822_205237_900_milestone4,milestone4,18.400152206,target_map,51,0,detected,4.031931,-0.166604,0.173465,1.234582,0.122312,0.173099,0.528886,0.171436
tracking_cdrone3_20260822_205237_900_milestone4,milestone4,18.500675678,target_map,51,0,detected,4.274671,-0.240221,0.174238,1.456611,-0.069235,0.145947,0.515388,0.206617
tracking_cdrone3_20260822_205237_900_milestone4,milestone4,18.600148916,target_map,51,0,detected,0.392025,-0.266792,0.086309,2.405081,-0.396446,0.127465,0.530976,0.167244
tracking_cdrone3_20260822_205237_900_milestone4,milestone4,18.700147152,target_map,51,0,detected,0.061128,-0.315717,0.075887,2.306941,-0.589246,0.118461,0.517537,0.202243
tracking_cdrone3_20260822_205237_900_milestone4,milestone4,18.800100565,target_map,51,0,detected,3.265651,-0.992898,0.127424,2.215395,-0.794876,0.109507,0.537561,0.156425
tracking_cdrone3_20260822_205237_900_milestone4,milestone4,18.900107622,target_map,51,0,detected,3.541229,-1.130601,0.128446,1.875702,-0.968966,0.105189,0.524059,0.191426
tracking_cdrone3_20260822_205237_900_milestone4,milestone4,19.000170231,target_map,51,0,detected,3.816943,-1.268372,0.129469,1.539368,-1.147910,0.101854,0.510552,0.226444
tracking_cdrone3_20260822_205237_900_milestone4,milestone4,19.100943327,target_map,51,0,detected,-1.306438,-1.137242,0.064716,0.263874,-1.226397,0.084030,0.524885,0.176871
tracking_cdrone3_20260822_205237_900_milestone4,milestone4,19.200417280,target_map,51,0,detected,-1.620542,-1.210439,0.059216,-1.178527,-1.296084,0.064263,0.511577,0.211684
tracking_cdrone3_20260822_205237_900_milestone4,milestone4,19.301908016,target_map,51,0,detected,-3.111820,-1.385329,0.038301,-2.790020,-1.357320,0.042521,0.528832,0.166545
tracking_cdrone3_20260822_205237_900_milestone4,milestone4,19.400142193,target_map,51,0,detected,-3.670774,-1.479035,0.029614,-3.750557,-1.343450,0.032565,0.515689,0.200928
tracking_cdrone3_20260822_205237_900_milestone4,milestone4,19.500273228,target_map,51,0,detected,-4.240527,-1.574552,0.020760,-4.786767,-1.314534,0.022225,0.502292,0.235976
tracking_cdrone3_20260822_205237_900_milestone4,milestone4,19.600161076,target_map,51,0,detected,-6.109120,-1.067896,0.014934,-3.593698,-1.103251,0.055882,0.522937,0.181966
tracking_cdrone3_20260822_205237_900_milestone4,milestone4,19.699970245,target_map,51,0,detected,-6.801594,-1.065858,0.007516,-2.263577,-0.865328,0.092544,0.509582,0.216903
tracking_cdrone3_20260822_205237_900_milestone4,milestone4,19.800211430,target_map,51,0,detected,2.853523,-0.328914,0.206588,-1.689601,-0.635137,0.111208,0.570938,0.161540
tracking_cdrone3_20260822_205237_900_milestone4,milestone4,19.900437832,target_map,51,0,detected,2.979832,-0.289422,0.212923,-0.818302,-0.504484,0.129704,0.556515,0.196617
tracking_cdrone3_20260822_205237_900_milestone4,milestone4,20.000466585,target_map,51,0,detected,-1.370645,-0.423596,0.114076,0.114663,-0.372435,0.148345,0.550572,0.153010
tracking_cdrone3_20260822_205237_900_milestone4,milestone4,20.100173473,target_map,51,0,detected,-1.752625,-0.414630,0.107417,-0.655834,-0.399220,0.118806,0.536818,0.187908
tracking_cdrone3_20260822_205237_900_milestone4,milestone4,20.200446129,target_map,51,0,detected,-2.136768,-0.405613,0.100720,-1.465061,-0.434867,0.085176,0.522986,0.223004
tracking_cdrone3_20260822_205237_900_milestone4,milestone4,20.300204515,target_map,51,0,detected,-0.998962,-0.462836,0.058894,-0.027664,-0.260057,0.126244,0.496577,0.183603
tracking_cdrone3_20260822_205237_900_milestone4,milestone4,20.400674582,target_map,51,0,detected,-1.066307,-0.467661,0.044775,1.567327,-0.075746,0.170611,0.483798,0.218767
tracking_cdrone3_20260822_205237_900_milestone4,milestone4,20.500263691,target_map,51,0,detected,5.816342,0.450453,0.319415,2.847394,-0.224508,0.212837,0.452898,0.171499
tracking_cdrone3_20260822_205237_900_milestone4,milestone4,20.600315571,target_map,51,0,detected,6.222330,0.506925,0.329252,3.877983,-0.422741,0.264154,0.441388,0.206531
tracking_cdrone3_20260822_205237_900_milestone4,milestone4,20.700239182,target_map,51,0,detected,4.263568,-1.149424,0.311849,3.374070,-0.522897,0.263546,0.408401,0.168327
tracking_cdrone3_20260822_205237_900_milestone4,milestone4,20.800486803,target_map,51,0,detected,4.153984,-1.454000,0.315478,1.396259,-0.833392,0.205358,0.398032,0.203407
tracking_cdrone3_20260822_205237_900_milestone4,milestone4,20.900490999,target_map,51,0,detected,-3.585872,-0.968441,0.041736,-0.760694,-1.182055,0.142533,0.537603,0.156315
tracking_cdrone3_20260822_205237_900_milestone4,milestone4,21.000059843,target_map,51,0,detected,-4.072713,-1.102020,0.028473,-1.677835,-1.034584,0.099835,0.524160,0.191165
tracking_cdrone3_20260822_205237_900_milestone4,milestone4,21.100493193,target_map,51,0,detected,-4.562435,-1.236388,0.015130,-2.530297,-0.823286,0.056736,0.510637,0.226221
tracking_cdrone3_20260822_205237_900_milestone4,milestone4,21.200159073,target_map,51,0,detected,-0.322137,-0.412071,0.098359,-0.838177,-0.739994,0.075605,0.496499,0.175904
tracking_cdrone3_20260822_205237_900_milestone4,milestone4,21.300313473,target_map,51,0,detected,-0.108326,-0.397511,0.099984,1.058503,-0.630866,0.097911,0.483834,0.210957
tracking_cdrone3_20260822_205237_900_milestone4,milestone4,21.399879694,target_map,51,0,detected,4.874724,-0.551981,0.136078,1.778588,-0.517681,0.107458,0.566280,0.165824
tracking_cdrone3_20260822_205237_900_milestone4,milestone4,21.499890327,target_map,51,0,detected,5.410691,-0.556379,0.140004,1.612361,-0.571544,0.099623,0.551960,0.200827
tracking_cdrone3_20260822_205237_900_milestone4,milestone4,21.603866577,target_map,51,0,detected,-0.962013,-0.670461,0.062868,1.363627,-0.630591,0.090695,0.514349,0.156105
tracking_cdrone3_20260822_205237_900_milestone4,milestone4,21.700129271,target_map,51,0,detected,-1.153273,-0.681389,0.059179,1.229723,-0.591203,0.120154,0.501917,0.189794
tracking_cdrone3_20260822_205237_900_milestone4,milestone4,21.800138235,target_map,51,0,detected,-1.351994,-0.692743,0.055346,1.058397,-0.546609,0.152204,0.489001,0.224798
tracking_cdrone3_20260822_205237_900_milestone4,milestone4,21.900154114,target_map,51,0,detected,4.205205,-0.355041,0.283373,1.557951,-0.476342,0.171332,0.565764,0.182245
tracking_cdrone3_20260822_205237_900_milestone4,milestone4,22.000006437,target_map,51,0,detected,4.554058,-0.333414,0.300254,2.039930,-0.400241,0.188648,0.551308,0.217192
tracking_cdrone3_20260822_205237_900_milestone4,milestone4,22.101329565,target_map,51,0,detected,1.535758,-0.319121,0.158508,3.212071,-0.353776,0.227559,0.531066,0.175746
tracking_cdrone3_20260822_205237_900_milestone4,milestone4,22.200241089,target_map,51,0,detected,1.256621,-0.300887,0.145761,3.335218,-0.377282,0.222334,0.517689,0.210364
tracking_cdrone3_20260822_205237_900_milestone4,milestone4,22.300105810,target_map,51,0,detected,4.508714,-0.460418,0.249901,2.556560,-0.413790,0.200338,0.549262,0.164913
tracking_cdrone3_20260822_205237_900_milestone4,milestone4,22.400076151,target_map,51,0,detected,4.820941,-0.472572,0.257248,2.321710,-0.455636,0.206007,0.535387,0.199902
tracking_cdrone3_20260822_205237_900_milestone4,milestone4,22.500719070,target_map,51,0,detected,0.660767,-0.515950,0.190273,2.128750,-0.495498,0.190333,0.569684,0.159874
tracking_cdrone3_20260822_205237_900_milestone4,milestone4,22.600689411,target_map,51,0,detected,0.361504,-0.528350,0.186853,1.236664,-0.503974,0.147552,0.555345,0.194864
tracking_cdrone3_20260822_205237_900_milestone4,milestone4,22.700068951,target_map,51,0,detected,0.291823,-0.500196,0.067391,0.233316,-0.510543,0.097008,0.632110,0.150474
tracking_cdrone3_20260822_205237_900_milestone4,milestone4,22.800069571,target_map,51,0,detected,0.048286,-0.502803,0.035994,-0.084242,-0.558857,0.093292,0.616308,0.185460
tracking_cdrone3_20260822_205237_900_milestone4,milestone4,22.900240660,target_map,51,0,detected,-0.195800,-0.505415,0.004526,-0.410678,-0.615403,0.092077,0.600471,0.220525
tracking_cdrone3_20260822_205237_900_milestone4,milestone4,22.999996901,target_map,51,0,detected,-0.927023,-0.757520,0.171695,0.321989,-0.646213,0.162785,0.579562,0.174404
tracking_cdrone3_20260822_205237_900_milestone4,milestone4,23.100055695,target_map,51,0,detected,-1.270674,-0.811081,0.180779,1.160327,-0.680042,0.245409,0.564809,0.209421
tracking_cdrone3_20260822_205237_900_milestone4,milestone4,23.200188160,target_map,51,0,detected,3.955157,-0.654248,0.420930,2.104315,-0.716880,0.339951,0.401816,0.152683
tracking_cdrone3_20260822_205237_900_milestone4,milestone4,23.300218105,target_map,51,0,detected,4.239974,-0.671946,0.449115,2.772648,-0.746648,0.259383,0.391748,0.187694
tracking_cdrone3_20260822_205237_900_milestone4,milestone4,23.400017023,target_map,51,0,detected,4.524139,-0.689604,0.477237,3.477691,-0.776621,0.155289,0.381703,0.222625
tracking_cdrone3_20260822_205237_900_milestone4,milestone4,23.500082016,target_map,51,0,detected,2.414644,-0.906360,-0.231148,3.105499,-0.848894,-0.018574,0.584867,0.159510
tracking_cdrone3_20260822_205237_900_milestone4,milestone4,23.600081444,target_map,51,0,detected,2.254539,-0.960946,-0.339688,3.174498,-0.702318,-0.073412,0.570147,0.194507
tracking_cdrone3_20260822_205237_900_milestone4,milestone4,23.700228453,target_map,51,0,detected,2.094200,-1.015613,-0.448388,3.253259,-0.521005,-0.128558,0.555404,0.229556
tracking_cdrone3_20260822_205237_900_milestone4,milestone4,23.799985170,target_map,51,0,detected,4.584967,0.060933,0.174927,3.852812,-0.217265,-0.073894,0.582433,0.174422
tracking_cdrone3_20260822_205237_900_milestone4,milestone4,23.902739048,target_map,51,0,detected,4.917945,0.216961,0.201509,4.548197,0.133214,0.000381,0.567205,0.210386
tracking_cdrone3_20260822_205237_900_milestone4,milestone4,24.009651661,target_map,51,0,detected,5.412408,0.612340,0.042171,5.346414,0.534350,0.094071,0.594414,0.154173
tracking_cdrone3_20260822_205237_900_milestone4,milestone4,24.099952698,target_map,51,0,detected,5.731464,0.791446,0.031688,4.996005,0.431295,0.091104,0.580956,0.185777
tracking_cdrone3_20260822_205237_900_milestone4,milestone4,24.200094461,target_map,51,0,detected,6.085288,0.990068,0.020062,4.529705,0.281230,0.085471,0.566031,0.220824
tracking_cdrone3_20260822_205237_900_milestone4,milestone4,24.300446987,target_map,51,0,detected,2.832921,-0.454340,0.160088,3.915044,0.036230,0.114368,0.525734,0.164536
tracking_cdrone3_20260822_205237_900_milestone4,milestone4,24.400218964,target_map,51,0,detected,2.586443,-0.533362,0.173348,3.348831,-0.168125,0.130457,0.512483,0.199456
tracking_cdrone3_20260822_205237_900_milestone4,milestone4,24.500337124,target_map,51,0,detected,2.339106,-0.612659,0.186653,2.690465,-0.411972,0.148468,0.499186,0.234497
tracking_cdrone3_20260822_205237_900_milestone4,milestone4,24.600147963,target_map,51,0,detected,2.900398,-0.230330,0.112132,2.661204,-0.366706,0.138073,0.573179,0.168977
tracking_cdrone3_20260822_205237_900_milestone4,milestone4,24.700308800,target_map,51,0,detected,2.793458,-0.229169,0.110121,2.736623,-0.347904,0.118325,0.558629,0.204032
tracking_cdrone3_20260822_205237_900_milestone4,milestone4,24.800384760,target_map,51,2,predicted,2.686613,-0.228010,0.108112,2.853109,-0.320263,0.094437,0.544093,0.239056
tracking_cdrone3_20260822_205237_900_milestone4,milestone4,24.900218010,target_map,51,0,detected,2.963541,-0.439353,0.074610,2.848944,-0.376100,0.083976,0.700276,0.171942
tracking_cdrone3_20260822_205237_900_milestone4,milestone4,25.000222921,target_map,51,0,detected,2.921536,-0.474452,0.067214,2.851860,-0.332714,0.091138,0.682492,0.206938
tracking_cdrone3_20260822_205237_900_milestone4,milestone4,25.100089550,target_map,51,2,predicted,2.879574,-0.509516,0.059825,2.866830,-0.279081,0.100298,0.664727,0.241898
tracking_cdrone3_20260822_205237_900_milestone4,milestone4,25.200195789,target_map,51,0,detected,2.808037,-0.012238,0.145931,2.817065,-0.172664,0.117759,0.727871,0.174290
tracking_cdrone3_20260822_205237_900_milestone4,milestone4,25.300275803,target_map,51,0,detected,2.761459,0.040154,0.153909,2.854424,-0.036586,0.139107,0.709338,0.209319
tracking_cdrone3_20260822_205237_900_milestone4,milestone4,25.400710583,target_map,51,2,predicted,2.714718,0.092731,0.161916,2.905469,0.119006,0.163664,0.690739,0.244472
tracking_cdrone3_20260822_205237_900_milestone4,milestone4,25.499834061,target_map,51,0,detected,3.108332,0.205940,0.173954,2.831868,0.166007,0.153411,0.673773,0.179899
tracking_cdrone3_20260822_205237_900_milestone4,milestone4,25.600045681,target_map,51,0,detected,3.134796,0.268442,0.182608,2.745275,0.210655,0.139576,0.656527,0.214968
tracking_cdrone3_20260822_205237_900_milestone4,milestone4,25.702241898,target_map,51,0,detected,2.440035,0.222769,0.094668,2.645345,0.253051,0.122121,0.701220,0.151851
tracking_cdrone3_20260822_205237_900_milestone4,milestone4,25.800379515,target_map,51,0,detected,2.328495,0.263395,0.084736,2.575299,0.262102,0.102804,0.683996,0.186195
tracking_cdrone3_20260822_205237_900_milestone4,milestone4,25.900168419,target_map,51,0,detected,2.215069,0.304709,0.074637,2.502814,0.263203,0.080244,0.666480,0.221119
tracking_cdrone3_20260822_205237_900_milestone4,milestone4,26.000167847,target_map,51,0,detected,2.758102,0.251197,0.077373,2.572153,0.278020,0.073749,0.733553,0.167197
tracking_cdrone3_20260822_205237_900_milestone4,milestone4,26.099935532,target_map,51,0,detected,2.772367,0.273945,0.069808,2.543458,0.160034,0.075877,0.715027,0.202121
tracking_cdrone3_20260822_205237_900_milestone4,milestone4,26.200439692,target_map,51,0,detected,2.786733,0.296853,0.062190,2.518323,0.015285,0.079963,0.696370,0.237290
tracking_cdrone3_20260822_205237_900_milestone4,milestone4,26.300091267,target_map,51,0,detected,2.185019,-0.326531,0.095377,2.393255,-0.068472,0.089069,0.705175,0.182017
tracking_cdrone3_20260822_205237_900_milestone4,milestone4,26.400229454,target_map,51,0,detected,2.089391,-0.419037,0.095066,2.251917,-0.161127,0.100786,0.687105,0.217072
tracking_cdrone3_20260822_205237_900_milestone4,milestone4,26.500152349,target_map,51,0,detected,2.132762,-0.167589,0.122904,2.094280,-0.262714,0.115124,0.696329,0.168330
tracking_cdrone3_20260822_205237_900_milestone4,milestone4,26.600157976,target_map,51,0,detected,2.065679,-0.189329,0.128391,2.181112,-0.162125,0.105760,0.678691,0.203326
tracking_cdrone3_20260822_205237_900_milestone4,milestone4,26.700211525,target_map,51,2,predicted,1.998547,-0.211085,0.133882,2.297602,-0.033133,0.094393,0.661041,0.238349
tracking_cdrone3_20260822_205237_900_milestone4,milestone4,26.800127506,target_map,51,0,detected,2.619183,0.176414,0.048555,2.501107,0.014087,0.087573,0.765907,0.178352
tracking_cdrone3_20260822_205237_900_milestone4,milestone4,26.900067329,target_map,51,0,detected,2.671840,0.225926,0.038230,2.746083,0.067106,0.080081,0.746377,0.213328
tracking_cdrone3_20260822_205237_900_milestone4,milestone4,27.000221014,target_map,51,0,detected,3.150286,0.068508,0.088805,3.032688,0.125936,0.071919,0.772284,0.158239
tracking_cdrone3_20260822_205237_900_milestone4,milestone4,27.099989414,target_map,51,0,detected,3.290558,0.075767,0.090934,3.028624,0.042179,0.106221,0.752906,0.193160
tracking_cdrone3_20260822_205237_900_milestone4,milestone4,27.201063395,target_map,51,0,detected,3.431572,0.083064,0.093074,3.007180,-0.061941,0.147481,0.733426,0.228266
tracking_cdrone3_20260822_205237_900_milestone4,milestone4,27.300211906,target_map,51,0,detected,2.598861,-0.242372,0.220061,2.883212,-0.145018,0.183510,0.550681,0.164989
tracking_cdrone3_20260822_205237_900_milestone4,milestone4,27.400292635,target_map,51,0,detected,2.564621,-0.294674,0.244530,2.760586,-0.163616,0.187097,0.536741,0.200049
tracking_cdrone3_20260822_205237_900_milestone4,milestone4,27.500257015,target_map,51,0,detected,2.530448,-0.346876,0.268952,2.609596,-0.179950,0.188293,0.522828,0.235041
tracking_cdrone3_20260822_205237_900_milestone4,milestone4,27.600184441,target_map,51,0,detected,2.677426,-0.017224,0.108868,2.392465,-0.249410,0.173336,0.750908,0.180405
tracking_cdrone3_20260822_205237_900_milestone4,milestone4,27.700236797,target_map,51,0,detected,2.676624,0.001395,0.099051,2.137190,-0.328280,0.153729,0.731706,0.215427
tracking_cdrone3_20260822_205237_900_milestone4,milestone4,27.800527096,target_map,51,0,detected,1.513207,-0.589670,0.145281,1.843344,-0.416765,0.129480,0.765046,0.159042
tracking_cdrone3_20260822_205237_900_milestone4,milestone4,27.899917126,target_map,51,0,detected,1.288244,-0.689028,0.146491,1.611948,-0.560807,0.120879,0.745912,0.193830
tracking_cdrone3_20260822_205237_900_milestone4,milestone4,28.000228882,target_map,51,0,detected,1.061217,-0.789298,0.147711,1.361762,-0.722692,0.111320,0.726603,0.228937
tracking_cdrone3_20260822_205237_900_milestone4,milestone4,28.100100517,target_map,51,0,detected,1.520446,-0.737433,0.065862,1.443027,-0.730804,0.031423,0.724538,0.180590
tracking_cdrone3_20260822_205237_900_milestone4,milestone4,28.200204611,target_map,51,0,detected,1.425694,-0.808029,0.051255,1.573011,-0.723369,-0.062390,0.706002,0.215624
tracking_cdrone3_20260822_205237_900_milestone4,milestone4,28.303294420,target_map,51,0,detected,1.919535,-0.630231,-0.254204,1.752245,-0.700346,-0.170566,0.641379,0.153674
tracking_cdrone3_20260822_205237_900_milestone4,milestone4,28.400198936,target_map,51,0,detected,1.938160,-0.651855,-0.322577,1.812452,-0.648437,-0.126026,0.625802,0.187587
tracking_cdrone3_20260822_205237_900_milestone4,milestone4,28.500236750,target_map,51,0,detected,1.957390,-0.674180,-0.393167,1.889831,-0.578948,-0.065406,0.609719,0.222599
tracking_cdrone3_20260822_205237_900_milestone4,milestone4,28.600387096,target_map,51,0,detected,1.821479,-0.477891,0.288560,1.866671,-0.541572,0.069411,0.435152,0.152836
tracking_cdrone3_20260822_205237_900_milestone4,milestone4,28.700455427,target_map,51,0,detected,1.812588,-0.460585,0.354358,1.976304,-0.459273,0.172716,0.424244,0.187860
tracking_cdrone3_20260822_205237_900_milestone4,milestone4,28.800110102,target_map,51,0,detected,1.803735,-0.443351,0.419880,2.106370,-0.361978,0.292532,0.413381,0.222737
tracking_cdrone3_20260822_205237_900_milestone4,milestone4,28.900107145,target_map,51,0,detected,2.486328,-0.240358,0.193947,2.287922,-0.293399,0.278400,0.673932,0.154838
tracking_cdrone3_20260822_205237_900_milestone4,milestone4,29.000095129,target_map,51,0,detected,2.607721,-0.187705,0.205916,2.282975,-0.333070,0.231229,0.657028,0.189833
tracking_cdrone3_20260822_205237_900_milestone4,milestone4,29.100183249,target_map,51,0,detected,2.729239,-0.134998,0.217897,2.265136,-0.386731,0.169270,0.640106,0.224864
tracking_cdrone3_20260822_205237_900_milestone4,milestone4,29.200139523,target_map,51,0,detected,1.787852,-0.658940,0.118503,2.323287,-0.355531,0.191784,0.734266,0.166763
tracking_cdrone3_20260822_205237_900_milestone4,milestone4,29.300323009,target_map,51,0,detected,1.714539,-0.711653,0.110086,2.393752,-0.314727,0.219467,0.715655,0.201822
tracking_cdrone3_20260822_205237_900_milestone4,milestone4,29.400169849,target_map,51,0,detected,2.777085,-0.084361,0.306515,2.476517,-0.264321,0.252319,0.746453,0.152070
tracking_cdrone3_20260822_205237_900_milestone4,milestone4,29.500102758,target_map,51,0,detected,2.960048,0.016319,0.344332,2.559937,-0.267242,0.259097,0.727741,0.187113
tracking_cdrone3_20260822_205237_900_milestone4,milestone4,29.600270510,target_map,51,0,detected,3.143063,0.117029,0.382160,2.651367,-0.273893,0.264795,0.709024,0.222166
tracking_cdrone3_20260822_205237_900_milestone4,milestone4,29.700741768,target_map,51,0,detected,2.204952,-0.673545,0.152390,2.523594,-0.420363,0.228428,0.513201,0.164455
tracking_cdrone3_20260822_205237_900_milestone4,milestone4,29.800295115,target_map,51,0,detected,2.171689,-0.744906,0.138578,2.482620,-0.439592,0.196128,0.500296,0.199296
tracking_cdrone3_20260822_205237_900_milestone4,milestone4,29.900481224,target_map,51,0,detected,2.138218,-0.816711,0.124680,2.420726,-0.465446,0.155980,0.487310,0.234354
tracking_cdrone3_20260822_205237_900_milestone4,milestone4,30.000367641,target_map,51,0,detected,2.755178,-0.079825,0.182832,2.309354,-0.409388,0.146319,0.552454,0.169011
tracking_cdrone3_20260822_205237_900_milestone4,milestone4,30.100362062,target_map,51,0,detected,2.833593,-0.012242,0.181422,2.164706,-0.345314,0.135803,0.538480,0.203940
tracking_cdrone3_20260822_205237_900_milestone4,milestone4,30.200081348,target_map,51,0,detected,1.648092,-0.393257,0.104085,1.986687,-0.273156,0.124437,0.728410,0.154878
tracking_cdrone3_20260822_205237_900_milestone4,milestone4,30.299993753,target_map,51,0,detected,1.448446,-0.424536,0.085998,1.953661,-0.294227,0.137537,0.710154,0.189845
tracking_cdrone3_20260822_205237_900_milestone4,milestone4,30.400241613,target_map,51,0,detected,1.248125,-0.455920,0.067849,1.923888,-0.323538,0.154884,0.691835,0.224930
tracking_cdrone3_20260822_205237_900_milestone4,milestone4,30.500138998,target_map,51,0,detected,2.590049,-0.185182,0.248330,2.150236,-0.271344,0.191682,0.701671,0.170144
tracking_cdrone3_20260822_205237_900_milestone4,milestone4,30.599978685,target_map,51,0,detected,2.684728,-0.158794,0.268158,2.493793,-0.167911,0.210358,0.683901,0.205089
tracking_cdrone3_20260822_205237_900_milestone4,milestone4,30.700269938,target_map,51,2,predicted,2.779834,-0.132287,0.288075,2.906747,-0.045904,0.232139,0.666051,0.240192
tracking_cdrone3_20260822_205237_900_milestone4,milestone4,30.799988270,target_map,51,0,detected,3.166228,0.092626,0.179378,2.989768,0.002415,0.227745,0.699357,0.182199
tracking_cdrone3_20260822_205237_900_milestone4,milestone4,30.899972200,target_map,51,0,detected,3.312898,0.154115,0.176754,3.064892,0.051353,0.220974,0.681463,0.217196
tracking_cdrone3_20260822_205237_900_milestone4,milestone4,30.999881029,target_map,51,0,detected,3.005152,0.056414,0.226358,3.132053,0.100897,0.211812,0.710783,0.164577
tracking_cdrone3_20260822_205237_900_milestone4,milestone4,31.099971294,target_map,51,0,detected,3.060348,0.085898,0.234305,2.974235,0.047755,0.198884,0.692812,0.199605
tracking_cdrone3_20260822_205237_900_milestone4,milestone4,31.200227022,target_map,51,0,detected,3.115638,0.115433,0.242266,2.769916,-0.023107,0.183258,0.674811,0.234692
tracking_cdrone3_20260822_205237_900_milestone4,milestone4,31.300178051,target_map,51,0,detected,2.377140,-0.173084,0.114735,2.801940,-0.055711,0.179684,0.745593,0.178760
tracking_cdrone3_20260822_205237_900_milestone4,milestone4,31.400031567,target_map,51,0,detected,2.291302,-0.200194,0.098625,2.846640,-0.094518,0.176657,0.726589,0.213710
tracking_cdrone3_20260822_205237_900_milestone4,milestone4,31.500027180,target_map,51,0,detected,3.165272,-0.106609,0.208488,2.904002,-0.139537,0.174175,0.761154,0.166996
tracking_cdrone3_20260822_205237_900_milestone4,milestone4,31.600143909,target_map,51,0,detected,3.283849,-0.108136,0.219171,2.796284,-0.187283,0.171502,0.741870,0.202035
tracking_cdrone3_20260822_205237_900_milestone4,milestone4,31.700290203,target_map,51,0,detected,3.402445,-0.109662,0.229857,2.670507,-0.240420,0.169310,0.722582,0.237080
tracking_cdrone3_20260822_205237_900_milestone4,milestone4,31.800161839,target_map,51,0,detected,1.838550,-0.411815,0.101367,2.487349,-0.260585,0.154122,0.747729,0.178351
tracking_cdrone3_20260822_205237_900_milestone4,milestone4,31.900072098,target_map,51,0,detected,1.662418,-0.465879,0.087668,2.276729,-0.278386,0.136474,0.728666,0.213321
tracking_cdrone3_20260822_205237_900_milestone4,milestone4,32.000504494,target_map,51,0,detected,2.249481,-0.207435,0.132547,2.038613,-0.293803,0.116362,0.592918,0.161100
tracking_cdrone3_20260822_205237_900_milestone4,milestone4,32.099927902,target_map,51,0,detected,2.230752,-0.197137,0.130929,2.141766,-0.271432,0.171604,0.578061,0.195902
tracking_cdrone3_20260822_205237_900_milestone4,milestone4,32.200235367,target_map,51,0,detected,2.211863,-0.186751,0.129298,2.282093,-0.240556,0.238116,0.563076,0.231003
tracking_cdrone3_20260822_205237_900_milestone4,milestone4,32.300054073,target_map,51,0,detected,2.354314,-0.299959,0.377575,2.306955,-0.263674,0.304178,0.735837,0.166531
tracking_cdrone3_20260822_205237_900_milestone4,milestone4,32.400169849,target_map,51,0,detected,2.364054,-0.311496,0.420228,2.240775,-0.305933,0.294220,0.717201,0.201569
tracking_cdrone3_20260822_205237_900_milestone4,milestone4,32.500225544,target_map,51,0,detected,2.373790,-0.323026,0.462859,2.163205,-0.355193,0.278105,0.698575,0.236588
tracking_cdrone3_20260822_205237_900_milestone4,milestone4,32.600161791,target_map,51,0,detected,1.899855,-0.408433,0.081138,2.112980,-0.397225,0.263635,0.734155,0.177790
tracking_cdrone3_20260822_205237_900_milestone4,milestone4,32.700198174,target_map,51,0,detected,1.824009,-0.433052,0.048725,2.060370,-0.444063,0.246149,0.715423,0.212802
tracking_cdrone3_20260822_205237_900_milestone4,milestone4,32.800113916,target_map,51,0,detected,2.103191,-0.510121,0.305224,2.005375,-0.495709,0.225656,0.460245,0.160931
tracking_cdrone3_20260822_205237_900_milestone4,milestone4,32.900213003,target_map,51,0,detected,2.101004,-0.545681,0.332802,1.937535,-0.532894,0.220387,0.448639,0.195961
tracking_cdrone3_20260822_205237_900_milestone4,milestone4,33.001160860,target_map,51,0,detected,2.098817,-0.581258,0.360393,1.864231,-0.571422,0.214562,0.437027,0.231008
tracking_cdrone3_20260822_205237_900_milestone4,milestone4,33.100147486,target_map,51,0,detected,1.560655,-0.594359,0.054790,1.853193,-0.538870,0.196696,0.630975,0.180484
tracking_cdrone3_20260822_205237_900_milestone4,milestone4,33.200195789,target_map,51,0,detected,1.457489,-0.625694,0.019600,1.849576,-0.493145,0.175493,0.614840,0.215504
tracking_cdrone3_20260822_205237_900_milestone4,milestone4,33.300036430,target_map,51,0,detected,2.047999,-0.347359,0.215896,1.853360,-0.434261,0.150944,0.643981,0.158575
tracking_cdrone3_20260822_205237_900_milestone4,milestone4,33.400164127,target_map,51,0,detected,2.082921,-0.317054,0.226788,1.855020,-0.408575,0.142897,0.627761,0.193620
tracking_cdrone3_20260822_205237_900_milestone4,milestone4,33.499985695,target_map,51,0,detected,2.117736,-0.286841,0.237646,1.862294,-0.378384,0.135233,0.611591,0.228558
tracking_cdrone3_20260822_205237_900_milestone4,milestone4,33.600146770,target_map,51,0,detected,1.568953,-0.465929,0.014554,1.686092,-0.469578,0.096664,0.671816,0.168199
tracking_cdrone3_20260822_205237_900_milestone4,milestone4,33.700126410,target_map,51,0,detected,1.493860,-0.474736,-0.018717,1.477651,-0.582020,0.052585,0.654801,0.203195
tracking_cdrone3_20260822_205237_900_milestone4,milestone4,33.799905062,target_map,51,0,detected,1.166991,-0.803332,0.023049,1.236985,-0.715696,0.003002,0.728029,0.151872
tracking_cdrone3_20260822_205237_900_milestone4,milestone4,33.899893999,target_map,51,0,detected,1.040715,-0.879264,0.006393,1.289760,-0.710087,0.019980,0.709807,0.186866
tracking_cdrone3_20260822_205237_900_milestone4,milestone4,33.999909163,target_map,51,0,detected,0.914404,-0.955217,-0.010269,1.372664,-0.694981,0.045164,0.691580,0.221870
tracking_cdrone3_20260822_205237_900_milestone4,milestone4,34.100111961,target_map,51,0,detected,1.832832,-0.437885,0.099446,1.606164,-0.623076,0.063970,0.722620,0.165968
tracking_cdrone3_20260822_205237_900_milestone4,milestone4,34.199933052,target_map,51,0,detected,1.908378,-0.399204,0.107203,1.895856,-0.531996,0.087757,0.704378,0.200906
tracking_cdrone3_20260822_205237_900_milestone4,milestone4,34.299909830,target_map,51,0,detected,2.334489,-0.443810,0.117080,2.241738,-0.421739,0.116524,0.542378,0.151522
tracking_cdrone3_20260822_205237_900_milestone4,milestone4,34.400062561,target_map,51,0,detected,2.489180,-0.423866,0.125324,2.457388,-0.378333,0.142118,0.528783,0.186577
tracking_cdrone3_20260822_205237_900_milestone4,milestone4,34.500200272,target_map,51,0,detected,2.643812,-0.403929,0.133565,2.693441,-0.332078,0.171272,0.515192,0.221620
tracking_cdrone3_20260822_205237_900_milestone4,milestone4,34.600026846,target_map,51,0,detected,2.911083,-0.220859,0.227418,2.716414,-0.236745,0.179981,0.533487,0.174448
tracking_cdrone3_20260822_205237_900_milestone4,milestone4,34.699982882,target_map,51,0,detected,3.088641,-0.167928,0.252972,2.710138,-0.128614,0.187270,0.519919,0.209431
tracking_cdrone3_20260822_205237_900_milestone4,milestone4,34.800495148,target_map,51,0,detected,2.449355,0.032856,0.160624,2.674630,-0.007630,0.193140,0.689767,0.152333
tracking_cdrone3_20260822_205237_900_milestone4,milestone4,34.900322914,target_map,51,0,detected,2.457800,0.116790,0.161768,2.505091,0.027212,0.173158,0.672525,0.187270
tracking_cdrone3_20260822_205237_900_milestone4,milestone4,35.000464201,target_map,51,0,detected,2.466272,0.200991,0.162916,2.285111,0.055150,0.146818,0.655228,0.222319
tracking_cdrone3_20260822_205237_900_milestone4,milestone4,35.100173235,target_map,51,0,detected,2.063386,-0.046649,0.127508,2.313382,0.004033,0.167808,0.769214,0.169844
tracking_cdrone3_20260822_205237_900_milestone4,milestone4,35.199831724,target_map,51,0,detected,1.988742,-0.028237,0.121275,2.353960,-0.069265,0.193704,0.749772,0.204726
tracking_cdrone3_20260822_205237_900_milestone4,milestone4,35.300199747,target_map,51,0,detected,2.590709,-0.222730,0.265571,2.406942,-0.164835,0.224544,0.551603,0.156558
tracking_cdrone3_20260822_205237_900_milestone4,milestone4,35.399970293,target_map,51,0,detected,2.660689,-0.249698,0.291250,2.505498,-0.206453,0.253307,0.537779,0.191480
tracking_cdrone3_20260822_205237_900_milestone4,milestone4,35.500488281,target_map,51,0,detected,2.731181,-0.276862,0.317116,2.624262,-0.255426,0.285921,0.523854,0.226657
tracking_cdrone3_20260822_205237_900_milestone4,milestone4,35.600040674,target_map,51,0,detected,2.556171,-0.254736,0.271325,2.627897,-0.269165,0.292272,0.716983,0.158169
tracking_cdrone3_20260822_205237_900_milestone4,milestone4,35.700137138,target_map,51,0,detected,2.582559,-0.273104,0.284343,2.485862,-0.354777,0.254099,0.698936,0.193203
tracking_cdrone3_20260822_205237_900_milestone4,milestone4,35.799987555,target_map,51,0,detected,2.608882,-0.291427,0.297328,2.309131,-0.452478,0.205413,0.680934,0.228149
tracking_cdrone3_20260822_205237_900_milestone4,milestone4,35.900320292,target_map,51,0,detected,1.950516,-0.677755,0.100381,2.330767,-0.459942,0.189539,0.510357,0.177302
tracking_cdrone3_20260822_205237_900_milestone4,milestone4,36.000051260,target_map,51,0,detected,1.847528,-0.765371,0.073687,2.364441,-0.458140,0.171694,0.497378,0.212211
tracking_cdrone3_20260822_205237_900_milestone4,milestone4,36.100169897,target_map,51,0,detected,2.664348,-0.292053,0.191954,2.410189,-0.447075,0.151888,0.777754,0.158873
tracking_cdrone3_20260822_205237_900_milestone4,milestone4,36.200159073,target_map,51,0,detected,2.750932,-0.264095,0.195122,2.559817,-0.340949,0.188031,0.758188,0.193870
tracking_cdrone3_20260822_205237_900_milestone4,milestone4,36.300290346,target_map,51,0,detected,2.837623,-0.236103,0.198294,2.739046,-0.209388,0.233128,0.738597,0.228911
tracking_cdrone3_20260822_205237_900_milestone4,milestone4,36.399991035,target_map,51,0,detected,2.698653,-0.147125,0.281097,2.639296,-0.262179,0.225156,0.732816,0.171305
tracking_cdrone3_20260822_205237_900_milestone4,milestone4,36.499929190,target_map,51,0,detected,2.743675,-0.107564,0.299174,2.506072,-0.332395,0.213440,0.714225,0.206281
tracking_cdrone3_20260822_205237_900_milestone4,milestone4,36.602995872,target_map,51,0,detected,2.165596,-0.556008,0.152096,2.338867,-0.420402,0.197884,0.753506,0.150743
tracking_cdrone3_20260822_205237_900_milestone4,milestone4,36.700027704,target_map,51,0,detected,2.084816,-0.615177,0.136539,2.240387,-0.426516,0.162823,0.735220,0.184700
tracking_cdrone3_20260822_205237_900_milestone4,milestone4,36.799966097,target_map,51,0,detected,2.001593,-0.676134,0.120512,2.127708,-0.431232,0.121110,0.716381,0.219684
tracking_cdrone3_20260822_205237_900_milestone4,milestone4,36.903753042,target_map,51,0,detected,2.206256,-0.177699,0.105795,2.125243,-0.336577,0.105654,0.671544,0.163785
tracking_cdrone3_20260822_205237_900_milestone4,milestone4,37.000025988,target_map,51,0,detected,2.180279,-0.131141,0.090607,2.203828,-0.210696,0.086551,0.655220,0.197482
tracking_cdrone3_20260822_205237_900_milestone4,milestone4,37.100127697,target_map,51,0,detected,2.153272,-0.082736,0.074816,2.306848,-0.061072,0.066804,0.638249,0.232515
tracking_cdrone3_20260822_205237_900_milestone4,milestone4,37.200165033,target_map,51,0,detected,2.477740,0.014228,0.041025,2.406472,-0.037329,0.070818,0.702542,0.181570
tracking_cdrone3_20260822_205237_900_milestone4,milestone4,37.300274134,target_map,51,0,detected,2.516695,0.071988,0.021776,2.524684,-0.018743,0.078806,0.684557,0.216602
tracking_cdrone3_20260822_205237_900_milestone4,milestone4,37.399969578,target_map,51,0,detected,2.704371,-0.058982,0.125868,2.661763,-0.005661,0.090892,0.404954,0.157812
tracking_cdrone3_20260822_205237_900_milestone4,milestone4,37.499869108,target_map,51,0,detected,2.771342,-0.038211,0.130545,2.698554,0.010241,0.073249,0.394784,0.192777
tracking_cdrone3_20260822_205237_900_milestone4,milestone4,37.600323677,target_map,51,0,detected,2.838666,-0.017330,0.135247,2.731988,0.022195,0.053383,0.384559,0.227927
tracking_cdrone3_20260822_205237_900_milestone4,milestone4,37.700194359,target_map,51,0,detected,2.661695,0.093741,-0.047189,2.732320,0.067948,0.006624,0.617221,0.167425
tracking_cdrone3_20260822_205237_900_milestone4,milestone4,37.800275803,target_map,51,0,detected,2.683863,0.131759,-0.077557,2.732823,0.093977,0.008636,0.601585,0.202449
tracking_cdrone3_20260822_205237_900_milestone4,milestone4,37.900348425,target_map,51,0,detected,2.706032,0.169779,-0.107927,2.725765,0.119496,0.012977,0.585949,0.237474
tracking_cdrone3_20260822_205237_900_milestone4,milestone4,38.000146627,target_map,51,0,detected,2.773860,0.091936,0.140605,2.760037,0.126488,0.057092,0.725689,0.169313
tracking_cdrone3_20260822_205237_900_milestone4,milestone4,38.099894047,target_map,51,0,detected,2.803375,0.110266,0.156951,2.658322,0.040506,0.102928,0.707339,0.204226
tracking_cdrone3_20260822_205237_900_milestone4,milestone4,38.200210333,target_map,51,2,predicted,2.833053,0.128699,0.173387,2.534197,-0.064884,0.156838,0.688887,0.239332
tracking_cdrone3_20260822_205237_900_milestone4,milestone4,38.299806595,target_map,51,0,detected,2.175290,-0.298149,0.151623,2.509848,-0.129704,0.144776,0.701356,0.174537
tracking_cdrone3_20260822_205237_900_milestone4,milestone4,38.400227308,target_map,51,0,detected,2.085407,-0.357172,0.161623,2.489279,-0.202123,0.127606,0.683442,0.209668
tracking_cdrone3_20260822_205237_900_milestone4,milestone4,38.500103712,target_map,51,0,detected,2.652113,-0.232165,0.080294,2.472435,-0.282153,0.105314,0.738470,0.160669
tracking_cdrone3_20260822_205237_900_milestone4,milestone4,38.600275993,target_map,51,0,detected,2.700530,-0.251830,0.071101,2.536271,-0.274008,0.100432,0.719839,0.195721
tracking_cdrone3_20260822_205237_900_milestone4,milestone4,38.700180531,target_map,51,0,detected,2.748834,-0.271450,0.061929,2.616430,-0.256724,0.094499,0.701251,0.230691
tracking_cdrone3_20260822_205237_900_milestone4,milestone4,38.800181389,target_map,51,0,detected,2.494470,-0.257422,0.127212,2.581554,-0.267175,0.105804,0.517590,0.178436
tracking_cdrone3_20260822_205237_900_milestone4,milestone4,38.900169611,target_map,51,0,detected,2.486203,-0.270755,0.131957,2.554554,-0.214100,0.118106,0.504383,0.213431
tracking_cdrone3_20260822_205237_900_milestone4,milestone4,39.002606392,target_map,51,2,predicted,2.477732,-0.284417,0.136819,2.519448,-0.149281,0.132919,0.490852,0.249287
tracking_cdrone3_20260822_205237_900_milestone4,milestone4,39.100165129,target_map,51,0,detected,2.565529,0.013546,0.132614,2.500627,-0.153507,0.139683,0.608441,0.181747
tracking_cdrone3_20260822_205237_900_milestone4,milestone4,39.200197458,target_map,51,0,detected,2.573306,0.052644,0.135993,2.477914,-0.161878,0.147009,0.592872,0.216759
tracking_cdrone3_20260822_205237_900_milestone4,milestone4,39.300128698,target_map,51,0,detected,2.400367,-0.278551,0.161030,2.512292,-0.137817,0.144432,0.718033,0.164573
tracking_cdrone3_20260822_205237_900_milestone4,milestone4,39.400244713,target_map,51,0,detected,2.372639,-0.312611,0.168589,2.537210,-0.171897,0.141856,0.699879,0.199602
tracking_cdrone3_20260822_205237_900_milestone4,milestone4,39.500896692,target_map,51,0,detected,2.649621,-0.164112,0.123936,2.568734,-0.212333,0.137757,0.729156,0.152516
tracking_cdrone3_20260822_205237_900_milestone4,milestone4,39.600169182,target_map,51,0,detected,2.690115,-0.156853,0.119733,2.643001,-0.185069,0.127804,0.711029,0.187258
tracking_cdrone3_20260822_205237_900_milestone4,milestone4,39.700214863,target_map,51,0,detected,2.730926,-0.149538,0.115497,2.689670,-0.255122,0.462087,0.692760,0.222271
tracking_cdrone3_20260822_205237_900_milestone4,milestone4,39.800160885,target_map,51,2,predicted,2.771704,-0.142228,0.111265,2.682870,-0.369329,0.856693,0.674506,0.257256
tracking_cdrone3_20260822_205237_900_milestone4,milestone4,39.900182247,target_map,51,0,detected,2.605983,-0.662880,1.840005,2.570003,-0.526765,0.755026,0.697587,0.182863
tracking_cdrone3_20260822_205237_900_milestone4,milestone4,40.000261307,target_map,51,0,detected,2.615621,-0.735147,2.096965,2.432221,-0.704834,0.601959,0.679715,0.217888
tracking_cdrone3_20260822_205237_900_milestone4,milestone4,40.102526188,target_map,51,0,detected,2.125781,-0.944029,-0.388603,2.269188,-0.903927,0.396425,0.699365,0.155549
tracking_cdrone3_20260822_205237_900_milestone4,milestone4,40.200197458,target_map,51,0,detected,2.042016,-1.039883,-0.649837,2.155300,-0.935604,0.076186,0.682223,0.189730
tracking_cdrone3_20260822_205237_900_milestone4,milestone4,40.299839497,target_map,51,0,detected,1.956541,-1.137695,-0.916405,2.028463,-0.957223,-0.296727,0.664730,0.224609
tracking_cdrone3_20260822_205237_900_milestone4,milestone4,40.400176287,target_map,51,0,detected,2.036539,-0.821263,0.238812,1.988554,-0.941469,-0.173813,0.542503,0.161192
tracking_cdrone3_20260822_205237_900_milestone4,milestone4,40.500132561,target_map,51,0,detected,1.981437,-0.843243,0.232397,2.134757,-0.774941,-0.076917,0.528840,0.196169
tracking_cdrone3_20260822_205237_900_milestone4,milestone4,40.600236416,target_map,51,0,detected,1.926237,-0.865261,0.225971,2.319850,-0.568497,0.057992,0.515153,0.231209
tracking_cdrone3_20260822_205237_900_milestone4,milestone4,40.700149775,target_map,51,0,detected,2.773032,-0.207241,-0.165361,2.510876,-0.404857,-0.053538,0.736809,0.172831
tracking_cdrone3_20260822_205237_900_milestone4,milestone4,40.800241232,target_map,51,0,detected,2.882006,-0.105475,-0.241858,2.591259,-0.243703,-0.047428,0.718068,0.207859
tracking_cdrone3_20260822_205237_900_milestone4,milestone4,40.900945663,target_map,51,2,predicted,2.991669,-0.003067,-0.318837,2.679738,-0.062055,-0.032502,0.699209,0.243109
tracking_cdrone3_20260822_205237_900_milestone4,milestone4,41.000194550,target_map,51,0,detected,2.383353,-0.037472,0.262947,2.622195,-0.001309,0.026762,0.600428,0.180432
tracking_cdrone3_20260822_205237_900_milestone4,milestone4,41.100301027,target_map,51,0,detected,2.368630,0.042981,0.300601,2.545061,0.053648,0.100646,0.585069,0.215466
tracking_cdrone3_20260822_205237_900_milestone4,milestone4,41.200206995,target_map,51,0,detected,2.485316,0.096490,0.130958,2.448210,0.102755,0.189243,0.722922,0.162610
tracking_cdrone3_20260822_205237_900_milestone4,milestone4,41.299969435,target_map,51,0,detected,2.496338,0.169307,0.127561,2.252224,0.119139,0.152494,0.704727,0.197529
tracking_cdrone3_20260822_205237_900_milestone4,milestone4,41.400222063,target_map,51,0,detected,2.507411,0.242469,0.124148,2.021116,0.124311,0.106028,0.686445,0.232613
tracking_cdrone3_20260822_205237_900_milestone4,milestone4,41.500002384,target_map,51,0,detected,1.403422,0.044450,0.079200,1.728841,0.123629,0.091320,0.716899,0.173246
tracking_cdrone3_20260822_205237_900_milestone4,milestone4,41.600512505,target_map,51,0,detected,1.213094,0.068840,0.068274,1.853035,0.151647,0.106684,0.698597,0.208394
tracking_cdrone3_20260822_205237_900_milestone4,milestone4,41.700241089,target_map,51,2,predicted,1.023939,0.093080,0.057415,2.012461,0.176218,0.125764,0.680408,0.243324
tracking_cdrone3_20260822_205237_900_milestone4,milestone4,41.800208330,target_map,51,0,detected,3.117308,0.309393,0.204382,2.178914,0.125349,0.173203,0.704010,0.175911
tracking_cdrone3_20260822_205237_900_milestone4,milestone4,41.899968863,target_map,51,0,detected,3.304543,0.365325,0.219549,2.369226,0.054822,0.229230,0.686117,0.210835
tracking_cdrone3_20260822_205237_900_milestone4,milestone4,42.000282526,target_map,51,0,detected,2.235685,-0.209893,0.316396,2.583168,-0.035331,0.293828,0.722052,0.154941
tracking_cdrone3_20260822_205237_900_milestone4,milestone4,42.100151300,target_map,51,0,detected,2.164657,-0.283797,0.348406,2.276503,-0.156357,0.218164,0.703960,0.189896
tracking_cdrone3_20260822_205237_900_milestone4,milestone4,42.200004339,target_map,51,0,detected,2.093648,-0.357683,0.380408,1.901804,-0.298347,0.124062,0.685873,0.224842
tracking_cdrone3_20260822_205237_900_milestone4,milestone4,42.299928665,target_map,51,0,detected,1.583984,-0.295737,-0.173941,1.710369,-0.335046,-0.004773,0.711885,0.163373
tracking_cdrone3_20260822_205237_900_milestone4,milestone4,42.400033474,target_map,51,0,detected,1.431048,-0.344626,-0.250959,1.633943,-0.384318,-0.031918,0.693898,0.198408
tracking_cdrone3_20260822_205237_900_milestone4,milestone4,42.499869347,target_map,51,0,detected,1.278506,-0.393388,-0.327778,1.563448,-0.431499,-0.059966,0.675957,0.233353
tracking_cdrone3_20260822_205237_900_milestone4,milestone4,42.600043058,target_map,51,0,detected,1.782531,-0.530157,0.212682,1.586607,-0.503764,0.028355,0.620848,0.161469
tracking_cdrone3_20260822_205237_900_milestone4,milestone4,42.700087070,target_map,51,0,detected,1.741171,-0.593587,0.240165,1.814225,-0.511623,0.120011,0.605192,0.196485
tracking_cdrone3_20260822_205237_900_milestone4,milestone4,42.800214767,target_map,51,0,detected,1.699781,-0.657061,0.267667,2.097161,-0.510211,0.229347,0.589525,0.231525
tracking_cdrone3_20260822_205237_900_milestone4,milestone4,42.900138378,target_map,51,0,detected,2.569137,-0.383925,0.207320,2.304130,-0.481926,0.232909,0.638472,0.172552
tracking_cdrone3_20260822_205237_900_milestone4,milestone4,43.000182152,target_map,51,0,detected,2.693186,-0.386327,0.218900,2.408895,-0.440624,0.228162,0.622243,0.207565
tracking_cdrone3_20260822_205237_900_milestone4,milestone4,43.100339174,target_map,51,2,predicted,2.817375,-0.388732,0.230493,2.524262,-0.386974,0.219383,0.605996,0.242617
tracking_cdrone3_20260822_205237_900_milestone4,milestone4,43.200181723,target_map,51,0,detected,2.264998,-0.387077,0.216429,2.326109,-0.484205,0.234790,0.637199,0.175301
tracking_cdrone3_20260822_205237_900_milestone4,milestone4,43.300137043,target_map,51,0,detected,2.276615,-0.388811,0.223774,2.075558,-0.601522,0.251605,0.620981,0.210288
tracking_cdrone3_20260822_205237_900_milestone4,milestone4,43.400238752,target_map,51,0,detected,1.578372,-0.870078,0.284356,1.773136,-0.738509,0.269749,0.528147,0.158177
tracking_cdrone3_20260822_205237_900_milestone4,milestone4,43.501296282,target_map,51,0,detected,1.440427,-0.972912,0.302973,1.943118,-0.729880,0.201089,0.514725,0.193547
tracking_cdrone3_20260822_205237_900_milestone4,milestone4,43.600328207,target_map,51,0,detected,1.305269,-1.073667,0.321214,2.156073,-0.710303,0.117220,0.501575,0.228202
tracking_cdrone3_20260822_205237_900_milestone4,milestone4,43.700099230,target_map,51,0,detected,3.114907,-0.343929,-0.126872,2.553850,-0.583902,0.007533,0.614687,0.169866
tracking_cdrone3_20260822_205237_900_milestone4,milestone4,43.800198793,target_map,51,0,detected,3.341392,-0.290929,-0.195570,2.889747,-0.337392,-0.026168,0.599086,0.204896
tracking_cdrone3_20260822_205237_900_milestone4,milestone4,43.899998903,target_map,51,2,predicted,3.567254,-0.238075,-0.264079,3.274686,-0.044226,-0.060876,0.583527,0.239829
tracking_cdrone3_20260822_205237_900_milestone4,milestone4,44.000115633,target_map,51,0,detected,3.119911,0.259642,0.134469,3.255970,0.070001,-0.011583,0.680317,0.180192
tracking_cdrone3_20260822_205237_900_milestone4,milestone4,44.100268126,target_map,51,0,detected,3.229966,0.392161,0.147674,3.201481,0.188378,0.052475,0.662910,0.215241
tracking_cdrone3_20260822_205237_900_milestone4,milestone4,44.199992180,target_map,51,0,detected,3.021326,0.227206,0.119589,3.111341,0.310928,0.131262,0.617652,0.154466
tracking_cdrone3_20260822_205237_900_milestone4,milestone4,44.300168991,target_map,51,0,detected,3.068950,0.300958,0.124723,3.182301,0.229956,0.091516,0.602134,0.189528
tracking_cdrone3_20260822_205237_900_milestone4,milestone4,44.400306463,target_map,51,0,detected,3.116553,0.374675,0.129855,3.252197,0.115265,0.042798,0.586623,0.224573
tracking_cdrone3_20260822_205237_900_milestone4,milestone4,44.500211477,target_map,51,0,detected,3.474711,-0.145218,-0.064263,3.384755,0.026352,-0.006630,0.509941,0.162805
tracking_cdrone3_20260822_205237_900_milestone4,milestone4,44.600252628,target_map,51,0,detected,3.579443,-0.181297,-0.095915,3.332785,-0.208377,0.158050,0.497070,0.197818
tracking_cdrone3_20260822_205237_900_milestone4,milestone4,44.700239420,target_map,51,0,detected,3.684116,-0.217355,-0.127548,3.256927,-0.487351,0.355254,0.484206,0.232811
tracking_cdrone3_20260822_205237_900_milestone4,milestone4,44.800206184,target_map,51,0,detected,2.809100,-0.872692,0.948120,3.095014,-0.691963,0.624965,0.651018,0.174467
tracking_cdrone3_20260822_205237_900_milestone4,milestone4,44.900030613,target_map,51,0,detected,2.737264,-1.020194,1.115877,2.920481,-0.821923,0.654607,0.634482,0.209406
tracking_cdrone3_20260822_205237_900_milestone4,milestone4,45.000254154,target_map,51,2,predicted,2.665146,-1.168275,1.284292,2.714183,-0.958522,0.678057,0.617881,0.244482
tracking_cdrone3_20260822_205237_900_milestone4,milestone4,45.100187540,target_map,51,0,detected,2.706777,-0.831098,0.052296,2.672057,-0.977908,0.473852,0.683449,0.173886
tracking_cdrone3_20260822_205237_900_milestone4,milestone4,45.200247526,target_map,51,0,detected,2.652628,-0.900352,-0.010298,2.748263,-0.798379,0.298176,0.666056,0.208908
tracking_cdrone3_20260822_205237_900_milestone4,milestone4,45.300340414,target_map,51,2,predicted,2.598470,-0.969619,-0.072905,2.846761,-0.573289,0.088537,0.648659,0.243937
tracking_cdrone3_20260822_205237_900_milestone4,milestone4,45.400162697,target_map,51,0,detected,3.118292,-0.122552,0.237498,2.834388,-0.294731,0.031061,0.666502,0.179129
tracking_cdrone3_20260822_205237_900_milestone4,milestone4,45.500289440,target_map,51,0,detected,3.157636,-0.042822,0.236095,2.818827,0.034524,-0.032829,0.649464,0.214172
tracking_cdrone3_20260822_205237_900_milestone4,milestone4,45.600235939,target_map,51,0,detected,2.644915,0.561689,-0.235083,2.800160,0.414268,-0.103024,0.619205,0.153160
tracking_cdrone3_20260822_205237_900_milestone4,milestone4,45.700347424,target_map,51,0,detected,2.574824,0.745922,-0.329750,2.667780,0.524399,-0.087752,0.603668,0.188208
tracking_cdrone3_20260822_205237_900_milestone4,milestone4,45.799913883,target_map,51,0,detected,2.505133,0.929104,-0.423878,2.514362,0.629633,-0.059887,0.588221,0.223056
tracking_cdrone3_20260822_205237_900_milestone4,milestone4,45.900188208,target_map,51,0,detected,2.456393,0.428099,0.313858,2.450328,0.625008,0.074518,0.561722,0.162773
tracking_cdrone3_20260822_205237_900_milestone4,milestone4,46.000230312,target_map,51,0,detected,2.390548,0.483349,0.375419,2.678658,0.445840,0.233891,0.547546,0.197784
tracking_cdrone3_20260822_205237_900_milestone4,milestone4,46.100198269,target_map,51,0,detected,2.324741,0.538568,0.436944,2.959349,0.214770,0.423320,0.533377,0.232774
tracking_cdrone3_20260822_205237_900_milestone4,milestone4,46.200414181,target_map,51,0,detected,3.716475,-0.149922,0.467113,3.287755,0.068819,0.476300,0.558822,0.169937
tracking_cdrone3_20260822_205237_900_milestone4,milestone4,46.300907135,target_map,51,0,detected,3.908588,-0.226243,0.523268,3.553462,-0.150176,0.457422,0.544579,0.205110
tracking_cdrone3_20260822_205237_900_milestone4,milestone4,46.400205374,target_map,51,2,predicted,4.098423,-0.301659,0.578756,3.851147,-0.403630,0.425273,0.530506,0.239866
tracking_cdrone3_20260822_205237_900_milestone4,milestone4,46.500260592,target_map,51,0,detected,3.719083,-0.611622,0.281028,3.889240,-0.542723,0.386129,0.556197,0.176419
tracking_cdrone3_20260822_205237_900_milestone4,milestone4,46.600247622,target_map,51,0,detected,3.813168,-0.728701,0.276202,3.705557,-0.664984,0.254856,0.542024,0.211420
tracking_cdrone3_20260822_205237_900_milestone4,milestone4,46.699894667,target_map,51,2,predicted,3.906939,-0.845389,0.271392,3.469429,-0.791433,0.098369,0.527899,0.246304
tracking_cdrone3_20260822_205237_900_milestone4,milestone4,46.800345659,target_map,51,0,detected,2.990173,-0.837548,-0.133096,3.241877,-0.781957,0.026488,0.503671,0.182456
tracking_cdrone3_20260822_205237_900_milestone4,milestone4,46.900343895,target_map,51,0,detected,2.917784,-0.933906,-0.203682,2.970971,-0.750300,-0.050925,0.490782,0.217453
tracking_cdrone3_20260822_205237_900_milestone4,milestone4,47.000108957,target_map,51,0,detected,2.581320,-0.564244,-0.078377,2.656702,-0.696544,-0.133892,0.493384,0.157646
tracking_cdrone3_20260822_205237_900_milestone4,milestone4,47.100054741,target_map,51,0,detected,2.458640,-0.570417,-0.110861,2.903336,-0.532839,-0.091065,0.480988,0.192630
tracking_cdrone3_20260822_205237_900_milestone4,milestone4,47.200312614,target_map,51,0,detected,2.335591,-0.576608,-0.143443,3.213078,-0.330577,-0.031267,0.468554,0.227720
tracking_cdrone3_20260822_205237_900_milestone4,milestone4,47.300138474,target_map,51,0,detected,4.223347,-0.019019,0.081038,3.638579,-0.183027,0.006313,0.626699,0.165662
tracking_cdrone3_20260822_205237_900_milestone4,milestone4,47.400303364,target_map,51,0,detected,4.466491,0.077404,0.095305,3.803119,-0.025411,0.074058,0.610833,0.200708
tracking_cdrone3_20260822_205237_900_milestone4,milestone4,47.500065804,target_map,51,0,detected,4.708826,0.173505,0.109524,3.984497,0.150952,0.154684,0.595021,0.235637
tracking_cdrone3_20260822_205237_900_milestone4,milestone4,47.600186586,target_map,51,0,detected,3.281338,0.217665,0.227868,3.780547,0.233317,0.196780,0.627284,0.164370
tracking_cdrone3_20260822_205237_900_milestone4,milestone4,47.700191021,target_map,51,0,detected,3.242480,0.305206,0.259683,3.270091,0.114603,0.270820,0.611435,0.199378
tracking_cdrone3_20260822_205237_900_milestone4,milestone4,47.800294399,target_map,51,0,detected,3.203597,0.392804,0.291520,2.658731,-0.041387,0.353463,0.595577,0.234409
tracking_cdrone3_20260822_205237_900_milestone4,milestone4,47.899990559,target_map,51,0,detected,1.914213,-0.516165,0.465503,2.280692,-0.224175,0.423828,0.520618,0.175492
tracking_cdrone3_20260822_205237_900_milestone4,milestone4,48.000168562,target_map,51,0,detected,1.652028,-0.606444,0.522740,1.993950,-0.473700,0.380393,0.507339,0.210552
tracking_cdrone3_20260822_205237_900_milestone4,milestone4,48.099828005,target_map,51,2,predicted,1.391143,-0.696276,0.579694,1.684833,-0.763808,0.322668,0.494125,0.245437
tracking_cdrone3_20260822_205237_900_milestone4,milestone4,48.200107336,target_map,51,0,detected,1.808768,-0.942421,0.042507,1.603227,-0.895350,0.222168,0.567387,0.177163
tracking_cdrone3_20260822_205237_900_milestone4,milestone4,48.299840450,target_map,51,0,detected,1.658012,-1.057736,0.002896,1.927370,-0.815890,0.114110,0.552959,0.212072
tracking_cdrone3_20260822_205237_900_milestone4,milestone4,48.400301695,target_map,51,2,predicted,1.506181,-1.173874,-0.036996,2.335353,-0.706761,-0.011420,0.538428,0.247230
tracking_cdrone3_20260822_205237_900_milestone4,milestone4,48.500226498,target_map,51,0,detected,3.272747,-0.209141,-0.017549,2.691286,-0.536772,-0.035559,0.668647,0.176688
tracking_cdrone3_20260822_205237_900_milestone4,milestone4,48.600381136,target_map,51,0,detected,3.431056,-0.150635,-0.047958,3.003146,-0.344287,0.018052,0.651577,0.211748
tracking_cdrone3_20260822_205237_900_milestone4,milestone4,48.699948311,target_map,51,2,predicted,3.588433,-0.092473,-0.078189,3.359986,-0.118890,0.085694,0.634607,0.246601
tracking_cdrone3_20260822_205237_900_milestone4,milestone4,48.800169945,target_map,51,0,detected,3.217311,-0.095311,0.270952,3.378103,-0.076773,0.155488,0.654497,0.176227
tracking_cdrone3_20260822_205237_900_milestone4,milestone4,48.900294304,target_map,51,0,detected,3.290385,-0.046890,0.301214,3.266731,-0.062828,0.145023,0.637804,0.211266
tracking_cdrone3_20260822_205237_900_milestone4,milestone4,49.000216722,target_map,51,2,predicted,3.363327,0.001444,0.331421,3.120401,-0.055017,0.131764,0.621141,0.246241
tracking_cdrone3_20260822_205237_900_milestone4,milestone4,49.099826097,target_map,51,0,detected,2.874198,-0.080909,-0.100281,3.044841,-0.041187,0.039911,0.666874,0.175406
tracking_cdrone3_20260822_205237_900_milestone4,milestone4,49.200299263,target_map,51,0,detected,2.856781,-0.053418,-0.144487,3.010165,-0.119432,0.036794,0.649816,0.210566
tracking_cdrone3_20260822_205237_900_milestone4,milestone4,49.299883842,target_map,51,2,predicted,2.839514,-0.026163,-0.188314,2.967169,-0.216378,0.035931,0.632905,0.245425
tracking_cdrone3_20260822_205237_900_milestone4,milestone4,49.400141716,target_map,51,0,detected,3.117005,-0.438115,0.285630,3.028278,-0.305900,0.129717,0.718828,0.179638
tracking_cdrone3_20260822_205237_900_milestone4,milestone4,49.500117302,target_map,51,0,detected,3.148349,-0.483283,0.327107,3.049169,-0.327174,0.222314,0.700473,0.214631
tracking_cdrone3_20260822_205237_900_milestone4,milestone4,49.600290775,target_map,51,2,predicted,3.179741,-0.528522,0.368650,3.071894,-0.349859,0.329100,0.682088,0.249678
tracking_cdrone3_20260822_205237_900_milestone4,milestone4,49.700056314,target_map,51,0,detected,2.961238,-0.159789,0.318497,2.957003,-0.279583,0.302067,0.682892,0.177899
tracking_cdrone3_20260822_205237_900_milestone4,milestone4,49.800299644,target_map,51,0,detected,2.953137,-0.139588,0.345614,2.817973,-0.194906,0.263203,0.665437,0.212971
tracking_cdrone3_20260822_205237_900_milestone4,milestone4,49.900171995,target_map,51,0,detected,2.542549,-0.086732,0.150468,2.654812,-0.095819,0.212497,0.665973,0.154184
tracking_cdrone3_20260822_205237_900_milestone4,milestone4,50.000102520,target_map,51,0,detected,2.453200,-0.059897,0.132786,2.596515,-0.054617,0.165489,0.649283,0.189163
tracking_cdrone3_20260822_205237_900_milestone4,milestone4,50.099967003,target_map,51,0,detected,2.363936,-0.033088,0.115121,2.536926,-0.010330,0.109114,0.632610,0.224108
tracking_cdrone3_20260822_205237_900_milestone4,milestone4,50.201766968,target_map,51,0,detected,2.669752,0.046220,0.083456,2.556488,0.030644,0.087752,0.643170,0.167618
tracking_cdrone3_20260822_205237_900_milestone4,milestone4,50.300017357,target_map,51,0,detected,2.655193,0.081847,0.063741,2.647863,0.052964,0.083599,0.627168,0.202012
tracking_cdrone3_20260822_205237_900_milestone4,milestone4,50.400115967,target_map,51,0,detected,2.640362,0.118139,0.043658,2.764102,0.073567,0.082069,0.610868,0.237047
tracking_cdrone3_20260822_205237_900_milestone4,milestone4,50.500182629,target_map,51,0,detected,2.910071,0.051701,0.112019,2.898095,0.078555,0.073735,0.691727,0.177461
tracking_cdrone3_20260822_205237_900_milestone4,milestone4,50.600152016,target_map,51,0,detected,2.945133,0.069928,0.107470,3.056647,0.079376,0.065947,0.674091,0.212454
tracking_cdrone3_20260822_205237_900_milestone4,milestone4,50.700199842,target_map,51,0,detected,3.339718,0.071158,0.041788,3.239828,0.075901,0.058775,0.711468,0.155659
tracking_cdrone3_20260822_205237_900_milestone4,milestone4,50.800162077,target_map,51,0,detected,3.447949,0.085955,0.024799,3.390724,0.088675,0.034531,0.693617,0.190644
tracking_cdrone3_20260822_205237_900_milestone4,milestone4,50.900206804,target_map,51,0,detected,3.556267,0.100764,0.007797,3.480337,0.059033,0.047687,0.675751,0.225658
tracking_cdrone3_20260822_205237_900_milestone4,milestone4,51.000203371,target_map,51,2,predicted,3.664551,0.115569,-0.009200,3.501556,0.025919,0.076488,0.657890,0.260661
tracking_cdrone3_20260822_205237_900_milestone4,milestone4,51.100146770,target_map,51,0,detected,3.393200,-0.078285,0.173248,3.333878,-0.021657,0.089594,0.530523,0.182091
tracking_cdrone3_20260822_205237_900_milestone4,milestone4,51.200103760,target_map,51,0,detected,3.445814,-0.094408,0.185793,3.121610,-0.076907,0.104521,0.516955,0.217074
tracking_cdrone3_20260822_205237_900_milestone4,milestone4,51.301474333,target_map,51,0,detected,2.609559,-0.151927,0.090331,2.864408,-0.139901,0.121245,0.618992,0.153639
tracking_cdrone3_20260822_205237_900_milestone4,milestone4,51.400084734,target_map,51,0,detected,2.494923,-0.175484,0.082434,2.756424,-0.159433,0.130620,0.603692,0.188154
tracking_cdrone3_20260822_205237_900_milestone4,milestone4,51.500206232,target_map,51,0,detected,2.378542,-0.199400,0.074418,2.636210,-0.178766,0.141447,0.588159,0.223195
tracking_cdrone3_20260822_205237_900_milestone4,milestone4,51.600141764,target_map,51,0,detected,2.853281,-0.175947,0.220124,2.681543,-0.189617,0.175323,0.710627,0.157307
tracking_cdrone3_20260822_205237_900_milestone4,milestone4,51.700124502,target_map,51,0,detected,2.844747,-0.191072,0.239927,2.862947,-0.269792,0.176523,0.692772,0.192300
tracking_cdrone3_20260822_205237_900_milestone4,milestone4,51.800006866,target_map,51,0,detected,2.836223,-0.206181,0.259711,3.086908,-0.361189,0.176306,0.674934,0.227258
tracking_cdrone3_20260822_205237_900_milestone4,milestone4,51.900412798,target_map,51,0,detected,3.401942,-0.576359,0.088433,3.235209,-0.473288,0.143928,0.643599,0.164619
tracking_cdrone3_20260822_205237_900_milestone4,milestone4,52.000185728,target_map,51,0,detected,3.498345,-0.656384,0.073335,3.312145,-0.630985,0.110536,0.627376,0.199540
tracking_cdrone3_20260822_205237_900_milestone4,milestone4,52.099994421,target_map,51,0,detected,3.594788,-0.736442,0.058231,3.393447,-0.807504,0.071244,0.611147,0.234475
tracking_cdrone3_20260822_205237_900_milestone4,milestone4,52.200037479,target_map,51,0,detected,3.229427,-0.979557,0.072969,3.227123,-0.803600,0.064646,0.507037,0.178514
tracking_cdrone3_20260822_205237_900_milestone4,milestone4,52.299890757,target_map,51,0,detected,3.242732,-1.088776,0.063253,3.016487,-0.779664,0.059198,0.494117,0.213461
tracking_cdrone3_20260822_205237_900_milestone4,milestone4,52.400503397,target_map,51,0,detected,2.570323,-0.556843,0.055440,2.761388,-0.735666,0.054892,0.649518,0.156064
tracking_cdrone3_20260822_205237_900_milestone4,milestone4,52.499981403,target_map,51,0,detected,2.445167,-0.536704,0.046097,2.596624,-0.605413,0.079217,0.633299,0.190872
tracking_cdrone3_20260822_205237_900_milestone4,milestone4,52.599989176,target_map,51,0,detected,2.319291,-0.516450,0.036700,2.411782,-0.443295,0.109597,0.616987,0.225880
tracking_cdrone3_20260822_205237_900_milestone4,milestone4,52.700103998,target_map,51,0,detected,2.405607,-0.328293,0.194594,2.343932,-0.377498,0.145668,0.635762,0.159567
tracking_cdrone3_20260822_205237_900_milestone4,milestone4,52.799910069,target_map,51,0,detected,2.318525,-0.278183,0.215152,2.409474,-0.299898,0.169742,0.619789,0.194500
tracking_cdrone3_20260822_205237_900_milestone4,milestone4,52.900153399,target_map,51,0,detected,2.231071,-0.227858,0.235799,2.505460,-0.215322,0.196557,0.603748,0.229583
tracking_cdrone3_20260822_205237_900_milestone4,milestone4,53.000171185,target_map,51,0,detected,2.772878,-0.148707,0.166463,2.589492,-0.157266,0.192663,0.671241,0.168390
tracking_cdrone3_20260822_205237_900_milestone4,milestone4,53.099799871,target_map,51,0,detected,2.799222,-0.093570,0.170776,2.600588,-0.140643,0.164949,0.654298,0.203263
tracking_cdrone3_20260822_205237_900_milestone4,milestone4,53.200237751,target_map,51,2,predicted,2.825767,-0.038013,0.175122,2.618261,-0.130224,0.130488,0.637227,0.238402
tracking_cdrone3_20260822_205237_900_milestone4,milestone4,53.300242901,target_map,51,0,detected,2.374004,-0.195069,0.076586,2.516589,-0.131749,0.107257,0.748120,0.171459
tracking_cdrone3_20260822_205237_900_milestone4,milestone4,53.399884939,target_map,51,0,detected,2.319435,-0.175761,0.063491,2.662937,-0.131509,0.089921,0.729188,0.206345
tracking_cdrone3_20260822_205237_900_milestone4,milestone4,53.500205517,target_map,51,2,predicted,2.264519,-0.156330,0.050312,2.837857,-0.136981,0.070674,0.710135,0.241453
tracking_cdrone3_20260822_205237_900_milestone4,milestone4,53.599958420,target_map,51,0,detected,3.530959,-0.092370,0.084095,3.137057,-0.105637,0.070091,0.489857,0.178401
tracking_cdrone3_20260822_205237_900_milestone4,milestone4,53.700271606,target_map,51,0,detected,3.700369,-0.065376,0.078887,3.425767,-0.043206,0.158428,0.477319,0.213506
tracking_cdrone3_20260822_205237_900_milestone4,milestone4,53.800688505,target_map,51,2,predicted,3.870003,-0.038346,0.073672,3.750949,0.025819,0.262948,0.464765,0.248657
tracking_cdrone3_20260822_205237_900_milestone4,milestone4,53.900203705,target_map,51,0,detected,3.762983,0.136394,0.505174,3.937162,0.060135,0.226858,0.667804,0.178418
tracking_cdrone3_20260822_205237_900_milestone4,milestone4,54.000217676,target_map,51,0,detected,3.890429,0.188795,0.572912,4.131376,0.092887,0.176278,0.650762,0.213420
tracking_cdrone3_20260822_205237_900_milestone4,milestone4,54.100168943,target_map,51,0,detected,4.462027,0.079206,-0.096352,4.333802,0.124094,0.111112,0.726459,0.161399
tracking_cdrone3_20260822_205237_900_milestone4,milestone4,54.199898243,target_map,51,0,detected,4.671440,0.098387,-0.174016,4.196373,0.006502,0.019502,0.708198,0.196304
tracking_cdrone3_20260822_205237_900_milestone4,milestone4,54.300257444,target_map,51,0,detected,4.882133,0.117686,-0.252156,4.001739,-0.139246,-0.087452,0.689825,0.231423
tracking_cdrone3_20260822_205237_900_milestone4,milestone4,54.400120020,target_map,51,0,detected,3.075838,-0.451563,0.047120,4.093386,-0.212404,0.047236,0.643363,0.174422
tracking_cdrone3_20260822_205237_900_milestone4,milestone4,54.500147820,target_map,51,0,detected,2.917259,-0.539947,0.038142,4.198320,-0.293070,0.217554,0.626989,0.209432
tracking_cdrone3_20260822_205237_900_milestone4,milestone4,54.602157116,target_map,51,0,detected,4.920261,-0.286583,0.577090,4.316782,-0.381300,0.423776,0.654415,0.150791
tracking_cdrone3_20260822_205237_900_milestone4,milestone4,54.700610638,target_map,51,0,detected,5.196107,-0.304941,0.677571,4.316401,-0.340415,0.432517,0.638301,0.185245
tracking_cdrone3_20260822_205237_900_milestone4,milestone4,54.799927473,target_map,51,0,detected,5.474445,-0.323464,0.778958,4.301289,-0.281949,0.433251,0.622041,0.220010
tracking_cdrone3_20260822_205237_900_milestone4,milestone4,54.900218487,target_map,51,0,detected,3.073935,-0.247138,0.090826,3.839141,-0.274252,0.316395,0.516763,0.160072
tracking_cdrone3_20260822_205237_900_milestone4,milestone4,55.000267744,target_map,51,0,detected,2.841699,-0.247618,0.041812,3.521055,-0.236061,0.170623,0.503746,0.195085
tracking_cdrone3_20260822_205237_900_milestone4,milestone4,55.100280285,target_map,51,0,detected,2.609517,-0.248098,-0.007191,3.144511,-0.189455,-0.005101,0.490731,0.230090
tracking_cdrone3_20260822_205237_900_milestone4,milestone4,55.199982643,target_map,51,0,detected,3.605680,-0.113987,-0.051291,3.245287,-0.153420,-0.052836,0.771642,0.164620
tracking_cdrone3_20260822_205237_900_milestone4,milestone4,55.300276279,target_map,51,0,detected,3.591723,-0.090433,-0.099659,3.231290,-0.130505,-0.085842,0.752089,0.199726
tracking_cdrone3_20260822_205237_900_milestone4,milestone4,55.400192976,target_map,51,0,detected,3.577816,-0.066965,-0.147849,3.232655,-0.106026,-0.116033,0.732607,0.234702
tracking_cdrone3_20260822_205237_900_milestone4,milestone4,55.500334740,target_map,51,0,detected,2.771714,-0.133044,-0.123222,3.003506,-0.106891,-0.144434,0.792697,0.178351
tracking_cdrone3_20260822_205237_900_milestone4,milestone4,55.599886656,target_map,51,0,detected,2.616340,-0.125701,-0.158143,2.814552,-0.127450,-0.108705,0.772554,0.213207
tracking_cdrone3_20260822_205237_900_milestone4,milestone4,55.700140715,target_map,51,2,predicted,2.459937,-0.118311,-0.193296,2.607492,-0.153910,-0.060385,0.752277,0.248294
tracking_cdrone3_20260822_205237_900_milestone4,milestone4,55.800176144,target_map,51,0,detected,2.646953,-0.193227,0.078987,2.542206,-0.168278,-0.014241,0.796567,0.179924
tracking_cdrone3_20260822_205237_900_milestone4,milestone4,55.903719664,target_map,51,0,detected,2.542515,-0.199265,0.093751,2.576144,-0.207837,0.028300,0.775495,0.216167
tracking_cdrone3_20260822_205237_900_milestone4,milestone4,56.000125170,target_map,51,2,predicted,2.445287,-0.204887,0.107495,2.635299,-0.253722,0.078574,0.755878,0.249907
tracking_cdrone3_20260822_205237_900_milestone4,milestone4,56.099893808,target_map,51,0,detected,2.786029,-0.323493,0.054563,2.671958,-0.294846,0.085319,0.742651,0.180656
tracking_cdrone3_20260822_205237_900_milestone4,milestone4,56.199882269,target_map,51,0,detected,2.755711,-0.347739,0.058074,2.727501,-0.340570,0.091747,0.723673,0.215650
tracking_cdrone3_20260822_205237_900_milestone4,milestone4,56.300485611,target_map,51,0,detected,2.830250,-0.398847,0.112715,2.800497,-0.390945,0.098047,0.818034,0.153889
tracking_cdrone3_20260822_205237_900_milestone4,milestone4,56.400613308,target_map,51,0,detected,2.820230,-0.427885,0.125890,2.807465,-0.359656,0.087802,0.797502,0.188930
tracking_cdrone3_20260822_205237_900_milestone4,milestone4,56.500181437,target_map,51,0,detected,2.810266,-0.456762,0.138993,2.819296,-0.317699,0.074065,0.777084,0.223776
tracking_cdrone3_20260822_205237_900_milestone4,milestone4,56.602447510,target_map,51,0,detected,2.820867,-0.167046,0.003340,2.814983,-0.259523,0.046523,0.804697,0.161777
tracking_cdrone3_20260822_205237_900_milestone4,milestone4,56.699842930,target_map,51,0,detected,2.814868,-0.137954,-0.010614,2.791724,-0.207002,0.065997,0.784936,0.195868
tracking_cdrone3_20260822_205237_900_milestone4,milestone4,56.800253868,target_map,51,0,detected,2.808686,-0.107969,-0.024995,2.765644,-0.145854,0.089486,0.764569,0.231004
tracking_cdrone3_20260822_205237_900_milestone4,milestone4,56.899899721,target_map,51,0,detected,2.703933,-0.165277,0.223259,2.732629,-0.139797,0.146742,0.800454,0.169096
tracking_cdrone3_20260822_205237_900_milestone4,milestone4,56.999924660,target_map,51,0,detected,2.679865,-0.151022,0.256437,2.692193,-0.161579,0.137480,0.780164,0.204100
tracking_cdrone3_20260822_205237_900_milestone4,milestone4,57.099942923,target_map,51,2,predicted,2.655793,-0.136764,0.289621,2.647522,-0.190857,0.124447,0.759870,0.239110
tracking_cdrone3_20260822_205237_900_milestone4,milestone4,57.200134754,target_map,51,0,detected,2.612685,-0.246861,-0.056924,2.664961,-0.192029,0.097040,0.712373,0.181939
tracking_cdrone3_20260822_205237_900_milestone4,milestone4,57.300240517,target_map,51,0,detected,2.585333,-0.254361,-0.090158,2.690952,-0.193970,0.064637,0.694130,0.216973
tracking_cdrone3_20260822_205237_900_milestone4,milestone4,57.399856329,target_map,51,0,detected,2.791130,-0.171135,0.086224,2.725520,-0.196669,0.027247,0.806287,0.160706
tracking_cdrone3_20260822_205237_900_milestone4,milestone4,57.499842167,target_map,51,0,detected,2.809822,-0.160730,0.094421,2.737555,-0.173597,0.013610,0.785978,0.195700
tracking_cdrone3_20260822_205237_900_milestone4,milestone4,57.600479603,target_map,51,0,detected,2.828633,-0.150258,0.102669,2.752478,-0.146633,-0.000302,0.765540,0.230916
tracking_cdrone3_20260822_205237_900_milestone4,milestone4,57.700246334,target_map,51,0,detected,2.672858,-0.131503,-0.125107,2.723645,-0.133908,-0.056453,0.800169,0.169588
tracking_cdrone3_20260822_205237_900_milestone4,milestone4,57.799844980,target_map,51,0,detected,2.659949,-0.119541,-0.159720,2.720029,-0.140780,-0.031123,0.779961,0.204450
tracking_cdrone3_20260822_205237_900_milestone4,milestone4,57.900017023,target_map,51,2,predicted,2.646966,-0.107511,-0.194528,2.715480,-0.150770,0.001084,0.759639,0.239509
tracking_cdrone3_20260822_205237_900_milestone4,milestone4,58.000020027,target_map,51,0,detected,2.791740,-0.195087,0.221073,2.755862,-0.182390,0.032311,0.792356,0.179768
tracking_cdrone3_20260822_205237_900_milestone4,milestone4,58.100158215,target_map,51,0,detected,2.805885,-0.200211,0.263701,2.803834,-0.220784,0.068006,0.772091,0.214813
tracking_cdrone3_20260822_205237_900_milestone4,milestone4,58.200135469,target_map,51,0,detected,2.874771,-0.289603,0.031032,2.859430,-0.265985,0.108194,0.817261,0.156867
tracking_cdrone3_20260822_205237_900_milestone4,milestone4,58.299937010,target_map,51,0,detected,2.899805,-0.311510,0.018751,2.901097,-0.272756,0.062352,0.796770,0.191796
tracking_cdrone3_20260822_205237_900_milestone4,milestone4,58.400176764,target_map,51,0,detected,2.924949,-0.333514,0.006416,2.946824,-0.278228,0.005430,0.776188,0.226880
tracking_cdrone3_20260822_205237_900_milestone4,milestone4,58.500172853,target_map,51,0,detected,3.000073,-0.228940,-0.008138,2.985707,-0.265546,-0.007530,0.846688,0.165160
tracking_cdrone3_20260822_205237_900_milestone4,milestone4,58.599900484,target_map,51,0,detected,3.034522,-0.227571,-0.020912,3.146572,-0.232217,0.020850,0.825347,0.200066
tracking_cdrone3_20260822_205237_900_milestone4,milestone4,58.700275660,target_map,51,0,detected,3.069187,-0.226195,-0.033766,3.329823,-0.191477,0.056249,0.803871,0.235191
tracking_cdrone3_20260822_205237_900_milestone4,milestone4,58.800146818,target_map,51,0,detected,3.704130,-0.144865,0.160651,3.525621,-0.168625,0.099136,0.837019,0.169954
tracking_cdrone3_20260822_205237_900_milestone4,milestone4,58.899888992,target_map,51,0,detected,3.841205,-0.129816,0.183410,3.460254,-0.163774,0.105897,0.815845,0.204865
tracking_cdrone3_20260822_205237_900_milestone4,milestone4,59.000214815,target_map,51,2,predicted,3.979062,-0.114680,0.206298,3.367165,-0.159733,0.112383,0.794549,0.239976
tracking_cdrone3_20260822_205237_900_milestone4,milestone4,59.099812031,target_map,51,0,detected,2.707684,-0.203315,0.012891,3.173471,-0.191795,0.092945,0.789735,0.178511
tracking_cdrone3_20260822_205237_900_milestone4,milestone4,59.200315714,target_map,51,0,detected,2.603745,-0.205990,-0.001334,2.940835,-0.231263,0.069245,0.769485,0.213678
tracking_cdrone3_20260822_205237_900_milestone4,milestone4,59.299957037,target_map,51,0,detected,2.735661,-0.305177,0.063459,2.669082,-0.278160,0.041257,0.799512,0.150513
tracking_cdrone3_20260822_205237_900_milestone4,milestone4,59.399926901,target_map,51,0,detected,2.678026,-0.327153,0.064909,2.721062,-0.298574,0.027502,0.779528,0.185494
tracking_cdrone3_20260822_205237_900_milestone4,milestone4,59.500055075,target_map,51,0,detected,2.620294,-0.349166,0.066361,2.796940,-0.320446,0.012443,0.759510,0.220533
tracking_cdrone3_20260822_205237_900_milestone4,milestone4,59.600065231,target_map,51,0,detected,2.967586,-0.305383,-0.055884,2.849547,-0.324477,-0.019731,0.839040,0.150526
tracking_cdrone3_20260822_205237_900_milestone4,milestone4,59.700132132,target_map,51,0,detected,2.983131,-0.315351,-0.076631,2.916776,-0.326098,-0.056324,0.818045,0.185545
tracking_cdrone3_20260822_205237_900_milestone4,milestone4,59.800353527,target_map,51,0,detected,2.998700,-0.325334,-0.097408,2.996460,-0.290835,-0.085797,0.797019,0.220616
tracking_cdrone3_20260822_205237_900_milestone4,milestone4,59.899899483,target_map,51,2,predicted,3.014170,-0.335254,-0.118055,3.009470,-0.261069,-0.093223,0.776125,0.255465
tracking_cdrone3_20260822_205237_900_milestone4,milestone4,60.000124693,target_map,51,0,detected,3.018711,-0.172852,-0.081005,3.022155,-0.226054,-0.098899,0.821005,0.179811
tracking_cdrone3_20260822_205237_900_milestone4,milestone4,60.100241423,target_map,51,0,detected,3.032639,-0.156556,-0.093014,2.962123,-0.178328,-0.047835,0.800012,0.214846
tracking_cdrone3_20260822_205237_900_milestone4,milestone4,60.200244427,target_map,51,2,predicted,3.046552,-0.140277,-0.105011,2.890317,-0.124131,0.013662,0.779039,0.249848
tracking_cdrone3_20260822_205237_900_milestone4,milestone4,60.299847126,target_map,51,0,detected,2.698542,-0.086703,0.157912,2.903187,-0.129824,0.049865,0.842558,0.174270
tracking_cdrone3_20260822_205237_900_milestone4,milestone4,60.400201321,target_map,51,0,detected,2.655142,-0.064268,0.189430,2.923260,-0.140656,0.089851,0.821050,0.209389
tracking_cdrone3_20260822_205237_900_milestone4,milestone4,60.501261711,target_map,51,0,detected,3.083059,-0.201314,0.100010,2.950654,-0.156646,0.133631,0.839602,0.150402
tracking_cdrone3_20260822_205237_900_milestone4,milestone4,60.600164652,target_map,51,0,detected,3.133005,-0.210717,0.106912,3.118711,-0.154208,0.102404,0.818839,0.185015
tracking_cdrone3_20260822_205237_900_milestone4,milestone4,60.700195312,target_map,51,0,detected,3.183523,-0.220227,0.113893,3.315995,-0.152379,0.061839,0.797837,0.220024
tracking_cdrone3_20260822_205237_900_milestone4,milestone4,60.805609226,target_map,51,0,detected,3.538828,-0.074512,0.001775,3.449488,-0.119028,0.035939,0.841011,0.165760
tracking_cdrone3_20260822_205237_900_milestone4,milestone4,60.900066376,target_map,51,0,detected,3.641557,-0.055124,-0.013396,3.508428,-0.070375,0.042581,0.820927,0.198816
tracking_cdrone3_20260822_205237_900_milestone4,milestone4,61.000256300,target_map,51,0,detected,3.750525,-0.034558,-0.029488,3.563564,-0.014018,0.051290,0.799624,0.233880
tracking_cdrone3_20260822_205237_900_milestone4,milestone4,61.099962234,target_map,51,0,detected,3.427708,0.032547,0.140122,3.577159,0.009004,0.058371,0.830186,0.175688
tracking_cdrone3_20260822_205237_900_milestone4,milestone4,61.200402021,target_map,51,0,detected,3.459202,0.061557,0.157439,3.580197,0.031552,0.066536,0.808950,0.210843
tracking_cdrone3_20260822_205237_900_milestone4,milestone4,61.308751822,target_map,51,0,detected,3.606801,0.040601,0.037179,3.572360,0.053707,0.075787,0.843379,0.153847
tracking_cdrone3_20260822_205237_900_milestone4,milestone4,61.400119066,target_map,51,0,detected,3.656749,0.057616,0.027427,3.439726,0.006038,0.050882,0.824063,0.185824
tracking_cdrone3_20260822_205237_900_milestone4,milestone4,61.499965668,target_map,51,0,detected,3.711340,0.076213,0.016768,3.273928,-0.055059,0.020758,0.802951,0.220773
tracking_cdrone3_20260822_205237_900_milestone4,milestone4,61.600174904,target_map,51,0,detected,2.764539,-0.205796,0.015599,3.051739,-0.119593,0.012929,0.843889,0.161819
tracking_cdrone3_20260822_205237_900_milestone4,milestone4,61.700232744,target_map,51,0,detected,2.630210,-0.243930,0.006817,2.959767,-0.151573,0.016387,0.822607,0.196828
tracking_cdrone3_20260822_205237_900_milestone4,milestone4,61.800303936,target_map,51,0,detected,2.495858,-0.282070,-0.001966,2.860363,-0.186983,0.022237,0.801321,0.231843
tracking_cdrone3_20260822_205237_900_milestone4,milestone4,61.899986267,target_map,51,0,detected,3.196888,-0.102284,0.044719,2.953802,-0.165701,0.028579,0.853810,0.173921
tracking_cdrone3_20260822_205237_900_milestone4,milestone4,62.000177383,target_map,51,0,detected,3.214322,-0.100835,0.046015,3.045143,-0.152326,0.004272,0.832054,0.208985
tracking_cdrone3_20260822_205237_900_milestone4,milestone4,62.100214481,target_map,51,2,predicted,3.231732,-0.099387,0.047308,3.161413,-0.133668,-0.023457,0.810330,0.243998
tracking_cdrone3_20260822_205237_900_milestone4,milestone4,62.200419664,target_map,51,0,detected,3.086914,-0.177052,-0.114716,3.135527,-0.153325,-0.065729,0.812374,0.181470
tracking_cdrone3_20260822_205237_900_milestone4,milestone4,62.299875021,target_map,51,0,detected,3.077211,-0.188780,-0.140609,3.107461,-0.169998,-0.068808,0.791706,0.216287
tracking_cdrone3_20260822_205237_900_milestone4,milestone4,62.399888039,target_map,51,2,predicted,3.067456,-0.200570,-0.166641,3.074471,-0.188433,-0.070219,0.770927,0.251291
tracking_cdrone3_20260822_205237_900_milestone4,milestone4,62.500079870,target_map,51,0,detected,3.073995,-0.184199,0.030616,3.069005,-0.192801,-0.037304,0.764354,0.182841
tracking_cdrone3_20260822_205237_900_milestone4,milestone4,62.600190878,target_map,51,0,detected,3.066777,-0.191562,0.040256,3.041936,-0.208064,-0.007297,0.744767,0.217876
tracking_cdrone3_20260822_205237_900_milestone4,milestone4,62.699874401,target_map,51,2,predicted,3.059588,-0.198895,0.049858,3.011995,-0.224237,0.028306,0.725258,0.252770
tracking_cdrone3_20260822_205237_900_milestone4,milestone4,62.799920321,target_map,51,0,detected,2.941863,-0.265092,0.009427,2.945265,-0.223816,0.028457,0.843856,0.179176
tracking_cdrone3_20260822_205237_900_milestone4,milestone4,62.900504589,target_map,51,0,detected,2.917751,-0.281438,0.011372,2.868969,-0.220535,0.027797,0.822189,0.214373
tracking_cdrone3_20260822_205237_900_milestone4,milestone4,63.000124216,target_map,51,0,detected,2.740345,-0.182090,0.031371,2.783210,-0.214416,0.026323,0.880114,0.156591
tracking_cdrone3_20260822_205237_900_milestone4,milestone4,63.100485563,target_map,51,0,detected,2.685299,-0.175161,0.036958,2.734668,-0.199000,0.035494,0.857928,0.191717
tracking_cdrone3_20260822_205237_900_milestone4,milestone4,63.199857712,target_map,51,0,detected,2.630792,-0.168299,0.042489,2.684572,-0.179925,0.045655,0.835959,0.226498
tracking_cdrone3_20260822_205237_900_milestone4,milestone4,63.299852371,target_map,51,0,detected,2.699156,-0.188013,0.055280,2.663571,-0.180327,0.053197,0.892238,0.167923
tracking_cdrone3_20260822_205237_900_milestone4,milestone4,63.399824858,target_map,51,0,detected,2.667269,-0.186060,0.062176,2.669434,-0.180075,0.057711,0.869651,0.202911
tracking_cdrone3_20260822_205237_900_milestone4,milestone4,63.499936104,target_map,51,2,predicted,2.635337,-0.184103,0.069081,2.683778,-0.180507,0.061915,0.847030,0.237949
tracking_cdrone3_20260822_205237_900_milestone4,milestone4,63.599905729,target_map,51,1,held,2.714614,-0.173899,0.059530,2.701981,-0.189166,0.068354,0.824867,0.182931
tracking_cdrone3_20260822_205237_900_milestone4,milestone4,63.699967623,target_map,51,1,held,2.702515,-0.170459,0.063508,2.728109,-0.200086,0.075004,0.802257,0.217954
tracking_cdrone3_20260822_205237_900_milestone4,milestone4,63.799933910,target_map,51,0,detected,2.790170,-0.231311,0.087474,2.762169,-0.213261,0.081860,0.898665,0.163958
tracking_cdrone3_20260822_205237_900_milestone4,milestone4,63.900184870,target_map,51,0,detected,2.797910,-0.240656,0.095425,2.778606,-0.224008,0.082500,0.875918,0.199042
tracking_cdrone3_20260822_205237_900_milestone4,milestone4,64.000228882,target_map,51,0,detected,2.805634,-0.249982,0.103361,2.798420,-0.236173,0.082180,0.853215,0.234057
tracking_cdrone3_20260822_205237_900_milestone4,milestone4,64.099807501,target_map,51,0,detected,2.796801,-0.227632,0.062730,2.802648,-0.241354,0.081077,0.886259,0.175700
tracking_cdrone3_20260822_205237_900_milestone4,milestone4,64.200050592,target_map,51,0,detected,2.801584,-0.231284,0.061909,2.806472,-0.246281,0.079061,0.863641,0.210773
tracking_cdrone3_20260822_205237_900_milestone4,milestone4,64.300157785,target_map,51,0,detected,2.811311,-0.257214,0.081961,2.809899,-0.250966,0.076135,0.901563,0.153479
tracking_cdrone3_20260822_205237_900_milestone4,milestone4,64.400008917,target_map,51,0,detected,2.817029,-0.265295,0.085341,2.819024,-0.244957,0.069300,0.879000,0.188428
tracking_cdrone3_20260822_205237_900_milestone4,milestone4,64.500254393,target_map,51,0,detected,2.822769,-0.273405,0.088733,2.828866,-0.236681,0.060915,0.856353,0.223508
tracking_cdrone3_20260822_205237_900_milestone4,milestone4,64.599878311,target_map,51,0,detected,2.842425,-0.197586,0.028558,2.838437,-0.221685,0.046807,0.886782,0.162885
tracking_cdrone3_20260822_205237_900_milestone4,milestone4,64.700305939,target_map,51,0,detected,2.850798,-0.189905,0.019984,2.845773,-0.205164,0.037688,0.864349,0.197975
tracking_cdrone3_20260822_205237_900_milestone4,milestone4,64.800343990,target_map,51,0,detected,2.859163,-0.182231,0.011418,2.853140,-0.185778,0.027487,0.841938,0.233031
tracking_cdrone3_20260822_205237_900_milestone4,milestone4,64.900157213,target_map,51,0,detected,2.853708,-0.182691,0.039744,2.857759,-0.180309,0.028919,0.862857,0.170967
tracking_cdrone3_20260822_205237_900_milestone4,milestone4,65.000058651,target_map,51,0,detected,2.859607,-0.176475,0.037732,2.870268,-0.171681,0.024376,0.840981,0.205931
tracking_cdrone3_20260822_205237_900_milestone4,milestone4,65.100212574,target_map,51,2,predicted,2.865520,-0.170243,0.035714,2.883731,-0.162747,0.019888,0.819049,0.240983
tracking_cdrone3_20260822_205237_900_milestone4,milestone4,65.200178385,target_map,51,0,detected,2.913342,-0.146768,-0.002731,2.903711,-0.178605,0.014733,0.866581,0.180287
tracking_cdrone3_20260822_205237_900_milestone4,milestone4,65.300265074,target_map,51,0,detected,2.926478,-0.137558,-0.011022,2.925679,-0.199353,0.009704,0.844418,0.215316
tracking_cdrone3_20260822_205237_900_milestone4,milestone4,65.401273489,target_map,51,0,detected,2.953608,-0.261980,0.013970,2.949683,-0.225052,0.004797,0.868765,0.166155
tracking_cdrone3_20260822_205237_900_milestone4,milestone4,65.500152349,target_map,51,0,detected,2.969450,-0.280218,0.012587,2.958707,-0.243866,0.014058,0.847040,0.200759
tracking_cdrone3_20260822_205237_900_milestone4,milestone4,65.600548744,target_map,51,0,detected,2.985538,-0.298737,0.011182,2.966790,-0.265522,0.025886,0.824981,0.235897
tracking_cdrone3_20260822_205237_900_milestone4,milestone4,65.700100183,target_map,51,0,detected,2.958464,-0.240839,0.043574,2.980712,-0.299784,0.028428,0.869554,0.175587
tracking_cdrone3_20260822_205237_900_milestone4,milestone4,65.799925089,target_map,51,0,detected,2.966889,-0.245839,0.048118,2.995063,-0.338704,0.031108,0.847450,0.210524
tracking_cdrone3_20260822_205237_900_milestone4,milestone4,65.900167465,target_map,51,0,detected,3.023221,-0.433287,0.026678,3.009810,-0.382269,0.033932,0.885104,0.151009
tracking_cdrone3_20260822_205237_900_milestone4,milestone4,65.999948740,target_map,51,0,detected,3.041202,-0.474818,0.025991,2.978739,-0.375935,0.031443,0.863008,0.185933
tracking_cdrone3_20260822_205237_900_milestone4,milestone4,66.100252390,target_map,51,0,detected,3.059273,-0.516560,0.025301,2.939047,-0.363517,0.028158,0.840800,0.221035
tracking_cdrone3_20260822_205237_900_milestone4,milestone4,66.200049400,target_map,51,0,detected,2.803112,-0.209171,0.031129,2.881162,-0.308534,0.029273,0.884082,0.162566
tracking_cdrone3_20260822_205237_900_milestone4,milestone4,66.300222158,target_map,51,0,detected,2.768425,-0.183750,0.031692,2.865054,-0.263264,0.044141,0.861743,0.197625
tracking_cdrone3_20260822_205237_900_milestone4,milestone4,66.400226593,target_map,51,0,detected,2.733797,-0.158371,0.032255,2.847611,-0.208639,0.061634,0.839440,0.232625
tracking_cdrone3_20260822_205237_900_milestone4,milestone4,66.500151873,target_map,51,0,detected,2.960662,-0.248471,0.100331,2.883696,-0.214476,0.080464,0.863689,0.168097
tracking_cdrone3_20260822_205237_900_milestone4,milestone4,66.599877119,target_map,51,0,detected,2.972061,-0.243431,0.112765,2.886667,-0.204400,0.069251,0.841878,0.202995
tracking_cdrone3_20260822_205237_900_milestone4,milestone4,66.700200796,target_map,51,2,predicted,2.983532,-0.238359,0.125278,2.891651,-0.194995,0.054904,0.819929,0.238113
tracking_cdrone3_20260822_205237_900_milestone4,milestone4,66.800033331,target_map,51,0,detected,2.783283,-0.133369,-0.024372,2.846340,-0.163157,0.023915,0.866123,0.172658
tracking_cdrone3_20260822_205237_900_milestone4,milestone4,66.899883986,target_map,51,0,detected,2.758716,-0.111344,-0.039481,2.817686,-0.153665,0.030454,0.844146,0.207606
tracking_cdrone3_20260822_205237_900_milestone4,milestone4,66.999905109,target_map,51,2,predicted,2.734107,-0.089282,-0.054616,2.785826,-0.145103,0.038695,0.822133,0.242613
tracking_cdrone3_20260822_205237_900_milestone4,milestone4,67.100077152,target_map,51,0,detected,2.828791,-0.195970,0.145460,2.809808,-0.165412,0.033647,0.868851,0.178965
tracking_cdrone3_20260822_205237_900_milestone4,milestone4,67.199987888,target_map,51,0,detected,2.824236,-0.195550,0.166486,2.841105,-0.191619,0.026418,0.846691,0.213934
tracking_cdrone3_20260822_205237_900_milestone4,milestone4,67.300100803,target_map,51,0,detected,2.903192,-0.234911,-0.049616,2.879730,-0.223735,0.017005,0.902185,0.154776
tracking_cdrone3_20260822_205237_900_milestone4,milestone4,67.400208950,target_map,51,0,detected,2.915200,-0.242380,-0.075625,2.886803,-0.219937,-0.000389,0.879531,0.189811
tracking_cdrone3_20260822_205237_900_milestone4,milestone4,67.500496149,target_map,51,0,detected,2.927230,-0.249862,-0.101680,2.894337,-0.214664,-0.020119,0.856836,0.224908
tracking_cdrone3_20260822_205237_900_milestone4,milestone4,67.599903107,target_map,51,0,detected,2.864157,-0.176979,0.058488,2.880934,-0.206334,-0.001273,0.887994,0.168526
tracking_cdrone3_20260822_205237_900_milestone4,milestone4,67.699948072,target_map,51,0,detected,2.861906,-0.169184,0.067840,2.863666,-0.196346,0.023217,0.865494,0.203531
tracking_cdrone3_20260822_205237_900_milestone4,milestone4,67.800670624,target_map,51,0,detected,2.836174,-0.193265,0.044610,2.842522,-0.184694,0.053365,0.887947,0.151142
tracking_cdrone3_20260822_205237_900_milestone4,milestone4,67.900023937,target_map,51,0,detected,2.828863,-0.192437,0.046828,2.831649,-0.184342,0.061543,0.865878,0.185909
tracking_cdrone3_20260822_205237_900_milestone4,milestone4,67.999962807,target_map,51,0,detected,2.821508,-0.191604,0.049059,2.819746,-0.184844,0.069968,0.843675,0.220887
tracking_cdrone3_20260822_205237_900_milestone4,milestone4,68.108741999,target_map,51,0,detected,2.809792,-0.175219,0.099377,2.826144,-0.190648,0.067641,0.886822,0.172591
tracking_cdrone3_20260822_205237_900_milestone4,milestone4,68.200217485,target_map,51,0,detected,2.802393,-0.171694,0.109966,2.835649,-0.198253,0.063272,0.866210,0.204605
tracking_cdrone3_20260822_205237_900_milestone4,milestone4,68.300164700,target_map,51,0,detected,2.868162,-0.222288,0.032977,2.848275,-0.207661,0.056854,0.888395,0.155799
tracking_cdrone3_20260822_205237_900_milestone4,milestone4,68.399940491,target_map,51,0,detected,2.876391,-0.230459,0.024982,2.864405,-0.215494,0.033407,0.866140,0.190724
tracking_cdrone3_20260822_205237_900_milestone4,milestone4,68.499957323,target_map,51,0,detected,2.884638,-0.238648,0.016969,2.883568,-0.224425,0.005216,0.843836,0.225728
tracking_cdrone3_20260822_205237_900_milestone4,milestone4,68.600188971,target_map,51,0,detected,2.890441,-0.214381,-0.017859,2.891135,-0.223633,-0.010209,0.878102,0.172705
tracking_cdrone3_20260822_205237_900_milestone4,milestone4,68.700038433,target_map,51,0,detected,2.898207,-0.216350,-0.030987,2.883679,-0.226574,0.003683,0.855820,0.207655
tracking_cdrone3_20260822_205237_900_milestone4,milestone4,68.800176144,target_map,51,2,predicted,2.905996,-0.218325,-0.044152,2.873608,-0.229117,0.021678,0.833475,0.242702
tracking_cdrone3_20260822_205237_900_milestone4,milestone4,68.900140762,target_map,51,0,detected,2.839115,-0.245168,0.094445,2.866938,-0.234305,0.035238,0.880153,0.179237
tracking_cdrone3_20260822_205237_900_milestone4,milestone4,69.000119686,target_map,51,0,detected,2.834281,-0.251361,0.106943,2.858839,-0.239657,0.051178,0.857684,0.214230
tracking_cdrone3_20260822_205237_900_milestone4,milestone4,69.099950075,target_map,51,0,detected,2.857089,-0.240322,0.049939,2.849306,-0.245171,0.069507,0.846409,0.154471
tracking_cdrone3_20260822_205237_900_milestone4,milestone4,69.200240374,target_map,51,0,detected,2.857713,-0.243111,0.048714,2.853488,-0.247840,0.058674,0.825121,0.189571
tracking_cdrone3_20260822_205237_900_milestone4,milestone4,69.300226212,target_map,51,0,detected,2.858335,-0.245892,0.047492,2.858800,-0.250194,0.044874,0.803897,0.224564
tracking_cdrone3_20260822_205237_900_milestone4,milestone4,69.399849653,target_map,51,0,detected,2.860021,-0.258517,0.040280,2.859714,-0.255682,0.042005,0.878007,0.163754
tracking_cdrone3_20260822_205237_900_milestone4,milestone4,69.499879360,target_map,51,0,detected,2.860841,-0.263130,0.037943,2.859223,-0.253546,0.040224,0.855833,0.198764
tracking_cdrone3_20260822_205237_900_milestone4,milestone4,69.600305080,target_map,51,0,detected,2.861664,-0.267759,0.035598,2.858509,-0.250330,0.038452,0.833577,0.233903
tracking_cdrone3_20260822_205237_900_milestone4,milestone4,69.700091839,target_map,51,0,detected,2.855256,-0.232434,0.039805,2.861598,-0.237103,0.043213,0.874747,0.174959
tracking_cdrone3_20260822_205237_900_milestone4,milestone4,69.800322771,target_map,51,0,detected,2.854766,-0.229808,0.038634,2.865290,-0.221010,0.049293,0.852434,0.210034
tracking_cdrone3_20260822_205237_900_milestone4,milestone4,69.899929762,target_map,51,0,detected,2.875466,-0.192382,0.064083,2.869580,-0.202058,0.056690,0.886751,0.152258
tracking_cdrone3_20260822_205237_900_milestone4,milestone4,70.000159979,target_map,51,0,detected,2.879298,-0.182667,0.068344,2.875853,-0.195977,0.054906,0.864498,0.187334
tracking_cdrone3_20260822_205237_900_milestone4,milestone4,70.099911451,target_map,51,0,detected,2.883113,-0.172997,0.072585,2.882970,-0.189967,0.052460,0.842348,0.222249
tracking_cdrone3_20260822_205237_900_milestone4,milestone4,70.200153112,target_map,51,0,detected,2.886622,-0.202032,0.030885,2.886695,-0.190986,0.044024,0.881060,0.165795
tracking_cdrone3_20260822_205237_900_milestone4,milestone4,70.299943209,target_map,51,0,detected,2.890350,-0.199758,0.026403,2.872773,-0.194154,0.036674,0.858827,0.200724
tracking_cdrone3_20260822_205237_900_milestone4,milestone4,70.400098085,target_map,51,0,detected,2.894090,-0.197476,0.021905,2.855854,-0.198911,0.028054,0.836516,0.235777
tracking_cdrone3_20260822_205237_900_milestone4,milestone4,70.499869823,target_map,51,0,detected,2.809692,-0.198509,0.031592,2.836008,-0.197518,0.027354,0.855491,0.164984
tracking_cdrone3_20260822_205237_900_milestone4,milestone4,70.600344419,target_map,51,0,detected,2.798515,-0.196782,0.029484,2.849419,-0.209063,0.035061,0.833773,0.200144
tracking_cdrone3_20260822_205237_900_milestone4,milestone4,70.700297356,target_map,51,0,detected,2.787395,-0.195065,0.027388,2.866220,-0.222975,0.044641,0.812166,0.235126
tracking_cdrone3_20260822_205237_900_milestone4,milestone4,70.800123692,target_map,51,0,detected,2.957403,-0.257483,0.064938,2.904048,-0.238593,0.053260,0.655001,0.173154
tracking_cdrone3_20260822_205237_900_milestone4,milestone4,70.900180101,target_map,51,0,detected,2.978096,-0.267033,0.069805,2.942048,-0.254983,0.041686,0.638344,0.208167
tracking_cdrone3_20260822_205237_900_milestone4,milestone4,71.000402927,target_map,51,2,predicted,2.998832,-0.276604,0.074683,2.985375,-0.273387,0.027789,0.621653,0.243253
tracking_cdrone3_20260822_205237_900_milestone4,milestone4,71.100243092,target_map,51,0,detected,2.988514,-0.278731,-0.028384,2.958131,-0.266883,0.028714,0.854290,0.183136
tracking_cdrone3_20260822_205237_900_milestone4,milestone4,71.200287104,target_map,51,0,detected,3.004031,-0.287081,-0.042095,2.922105,-0.257386,0.030823,0.832411,0.218143
tracking_cdrone3_20260822_205237_900_milestone4,milestone4,71.300069571,target_map,51,0,detected,2.821183,-0.224967,0.069560,2.877297,-0.244891,0.034109,0.864702,0.161829
tracking_cdrone3_20260822_205237_900_milestone4,milestone4,71.400168896,target_map,51,0,detected,2.797965,-0.219544,0.080349,2.884892,-0.260427,0.046160,0.842871,0.196876
tracking_cdrone3_20260822_205237_900_milestone4,milestone4,71.500103235,target_map,51,0,detected,2.774793,-0.214132,0.091116,2.894932,-0.278692,0.060519,0.821084,0.231853
tracking_cdrone3_20260822_205237_900_milestone4,milestone4,71.600190401,target_map,51,0,detected,3.026489,-0.356412,0.031868,2.947090,-0.313780,0.052114,0.855480,0.176634
tracking_cdrone3_20260822_205237_900_milestone4,milestone4,71.700170755,target_map,51,0,detected,3.054229,-0.378407,0.029702,2.989155,-0.352080,0.042534,0.833681,0.211629
tracking_cdrone3_20260822_205237_900_milestone4,milestone4,71.800174952,target_map,51,2,predicted,3.081975,-0.400406,0.027536,3.038077,-0.395514,0.030600,0.811877,0.246632
tracking_cdrone3_20260822_205237_900_milestone4,milestone4,71.900094986,target_map,51,0,detected,3.008290,-0.411046,0.032450,3.024713,-0.405129,0.027633,0.852457,0.181488
tracking_cdrone3_20260822_205237_900_milestone4,milestone4,72.000150681,target_map,51,0,detected,3.019403,-0.431302,0.031444,3.005214,-0.412487,0.024376,0.830643,0.216506
tracking_cdrone3_20260822_205237_900_milestone4,milestone4,72.099899054,target_map,51,0,detected,2.959670,-0.404487,0.017031,2.979575,-0.417594,0.020827,0.863708,0.163425
tracking_cdrone3_20260822_205237_900_milestone4,milestone4,72.199909210,target_map,51,0,detected,2.956731,-0.415195,0.013417,2.955026,-0.411794,0.021025,0.841906,0.198425
tracking_cdrone3_20260822_205237_900_milestone4,milestone4,72.300265312,target_map,51,0,detected,2.953782,-0.425940,0.009790,2.925416,-0.402192,0.021645,0.820029,0.233546
tracking_cdrone3_20260822_205237_900_milestone4,milestone4,72.400218964,target_map,51,0,detected,2.885543,-0.382046,0.033440,2.904897,-0.398204,0.025369,0.861845,0.166416
tracking_cdrone3_20260822_205237_900_milestone4,milestone4,72.499792814,target_map,51,0,detected,2.871352,-0.383293,0.034544,2.873219,-0.357035,0.027648,0.840132,0.201272
tracking_cdrone3_20260822_205237_900_milestone4,milestone4,72.599989176,target_map,51,0,detected,2.857075,-0.384547,0.035654,2.837692,-0.307655,0.030447,0.818291,0.236337
tracking_cdrone3_20260822_205237_900_milestone4,milestone4,72.700133801,target_map,51,0,detected,2.798342,-0.209347,0.024814,2.826644,-0.272225,0.040085,0.864783,0.180863
tracking_cdrone3_20260822_205237_900_milestone4,milestone4,72.800167799,target_map,51,0,detected,2.776149,-0.179041,0.023784,2.817111,-0.232774,0.051702,0.842674,0.215867
tracking_cdrone3_20260822_205237_900_milestone4,milestone4,72.900130272,target_map,51,0,detected,2.830301,-0.204897,0.081628,2.809110,-0.189297,0.065298,0.858700,0.164482
tracking_cdrone3_20260822_205237_900_milestone4,milestone4,73.000190258,target_map,51,0,detected,2.823688,-0.186036,0.092629,2.812125,-0.194848,0.054868,0.836997,0.199501
tracking_cdrone3_20260822_205237_900_milestone4,milestone4,73.100302458,target_map,51,0,detected,2.817070,-0.167165,0.103636,2.818353,-0.205923,0.041639,0.815281,0.234540
tracking_cdrone3_20260822_205237_900_milestone4,milestone4,73.199959278,target_map,51,0,detected,2.813416,-0.237100,-0.027339,2.849198,-0.222737,0.039546,0.863035,0.179848
tracking_cdrone3_20260822_205237_900_milestone4,milestone4,73.300226688,target_map,51,0,detected,2.807292,-0.234415,-0.042358,2.887475,-0.245077,0.037404,0.840935,0.214935
tracking_cdrone3_20260822_205237_900_milestone4,milestone4,73.399980307,target_map,51,0,detected,2.984527,-0.288970,0.071162,2.933214,-0.272954,0.035224,0.870966,0.159558
tracking_cdrone3_20260822_205237_900_milestone4,milestone4,73.499838829,target_map,51,0,detected,3.015069,-0.297736,0.081920,2.930805,-0.267419,0.041483,0.849070,0.194513
tracking_cdrone3_20260822_205237_900_milestone4,milestone4,73.600235462,target_map,51,0,detected,3.045765,-0.306546,0.092732,2.925631,-0.260279,0.049241,0.827065,0.229643
tracking_cdrone3_20260822_205237_900_milestone4,milestone4,73.699893951,target_map,51,0,detected,2.801373,-0.209428,0.003959,2.881011,-0.240082,0.032787,0.862814,0.169497
tracking_cdrone3_20260822_205237_900_milestone4,milestone4,73.799951792,target_map,51,0,detected,2.781420,-0.198716,-0.003567,2.853178,-0.213348,0.029381,0.840927,0.204517
tracking_cdrone3_20260822_205237_900_milestone4,milestone4,73.900213718,target_map,51,2,predicted,2.761427,-0.187983,-0.011108,2.819800,-0.182277,0.025148,0.818997,0.239605
tracking_cdrone3_20260822_205237_900_milestone4,milestone4,74.000137329,target_map,51,0,detected,2.875906,-0.164068,0.064888,2.852232,-0.198806,0.027388,0.637462,0.176799
tracking_cdrone3_20260822_205237_900_milestone4,milestone4,74.099885941,target_map,51,0,detected,2.878872,-0.151187,0.071570,2.892627,-0.221270,0.029854,0.621255,0.211710
tracking_cdrone3_20260822_205237_900_milestone4,milestone4,74.199864149,target_map,51,0,detected,2.963535,-0.292074,0.015155,2.940996,-0.249678,0.032550,0.870762,0.159884
tracking_cdrone3_20260822_205237_900_milestone4,milestone4,74.299864531,target_map,51,0,detected,2.983394,-0.311038,0.008766,2.956793,-0.271296,0.021261,0.848839,0.194882
tracking_cdrone3_20260822_205237_900_milestone4,milestone4,74.399962187,target_map,51,0,detected,3.003272,-0.330021,0.002371,2.973521,-0.296527,0.007804,0.826895,0.229915
tracking_cdrone3_20260822_205237_900_milestone4,milestone4,74.499827623,target_map,51,0,detected,2.954894,-0.272162,0.008443,2.974839,-0.294615,0.004800,0.828393,0.167481
tracking_cdrone3_20260822_205237_900_milestone4,milestone4,74.600147486,target_map,51,0,detected,2.962510,-0.277339,0.004286,2.936197,-0.271038,0.014006,0.807356,0.202589
tracking_cdrone3_20260822_205237_900_milestone4,milestone4,74.700415373,target_map,51,2,predicted,2.970123,-0.282513,0.000131,2.888669,-0.241458,0.025679,0.786331,0.237678
tracking_cdrone3_20260822_205237_900_milestone4,milestone4,74.800177574,target_map,51,0,detected,2.790184,-0.193157,0.054798,2.845898,-0.221237,0.037326,0.833964,0.172614
tracking_cdrone3_20260822_205237_900_milestone4,milestone4,74.900038719,target_map,51,0,detected,2.765632,-0.182117,0.060734,2.836941,-0.216876,0.046127,0.812801,0.207568
tracking_cdrone3_20260822_205237_900_milestone4,milestone4,75.000080347,target_map,51,2,predicted,2.741038,-0.171059,0.066680,2.828397,-0.212522,0.056119,0.791601,0.242582
tracking_cdrone3_20260822_205237_900_milestone4,milestone4,75.100148916,target_map,51,0,detected,2.917726,-0.255534,0.048290,2.866584,-0.234989,0.059960,0.841615,0.182041
tracking_cdrone3_20260822_205237_900_milestone4,milestone4,75.200178623,target_map,51,0,detected,2.927403,-0.260741,0.050094,2.913343,-0.262249,0.063834,0.820076,0.217051
tracking_cdrone3_20260822_205237_900_milestone4,milestone4,75.300213575,target_map,51,0,detected,2.981118,-0.305495,0.074002,2.968680,-0.294301,0.067737,0.843957,0.150466
tracking_cdrone3_20260822_205237_900_milestone4,milestone4,75.400126696,target_map,51,0,detected,2.999432,-0.318416,0.080103,2.992356,-0.312052,0.076543,0.822875,0.185427
tracking_cdrone3_20260822_205237_900_milestone4,milestone4,75.499857187,target_map,51,0,detected,3.017719,-0.331317,0.086196,3.054881,-0.217308,0.062780,0.801824,0.220335
tracking_cdrone3_20260822_205237_900_milestone4,milestone4,75.600169182,target_map,51,2,predicted,3.036108,-0.344292,0.092323,3.115648,-0.099712,0.042061,0.780655,0.255440
tracking_cdrone3_20260822_205237_900_milestone4,milestone4,75.700146437,target_map,51,0,detected,3.240029,0.212981,-0.018724,3.181714,0.034336,0.017954,0.831160,0.171687
tracking_cdrone3_20260822_205237_900_milestone4,milestone4,75.800215244,target_map,51,0,detected,3.284950,0.282485,-0.029591,3.159479,0.004444,0.008778,0.810043,0.206706
tracking_cdrone3_20260822_205237_900_milestone4,milestone4,75.900012970,target_map,51,2,predicted,3.329764,0.351821,-0.040432,3.127878,-0.037231,-0.000926,0.788976,0.241641
tracking_cdrone3_20260822_205237_900_milestone4,milestone4,75.999966621,target_map,51,0,detected,2.906543,-0.480777,0.040314,3.049811,-0.204721,0.012275,0.850025,0.158114
tracking_cdrone3_20260822_205237_900_milestone4,milestone4,76.100152969,target_map,51,0,detected,2.878102,-0.552667,0.043801,2.962825,-0.328338,0.022825,0.828614,0.193175
tracking_cdrone3_20260822_205237_900_milestone4,milestone4,76.200206757,target_map,51,0,detected,2.849697,-0.624467,0.047283,2.862234,-0.467846,0.035301,0.807229,0.228192
tracking_cdrone3_20260822_205237_900_milestone4,milestone4,76.300889015,target_map,51,0,detected,2.850022,-0.335602,0.023161,2.841600,-0.442875,0.031382,0.862550,0.151185
tracking_cdrone3_20260822_205237_900_milestone4,milestone4,76.399887323,target_map,51,0,detected,2.826808,-0.345715,0.021947,2.821845,-0.405623,0.026515,0.841186,0.185832
tracking_cdrone3_20260822_205237_900_milestone4,milestone4,76.499837399,target_map,51,0,detected,2.803372,-0.355926,0.020720,2.824697,-0.352144,0.022143,0.819616,0.220812
tracking_cdrone3_20260822_205237_900_milestone4,milestone4,76.602375507,target_map,51,2,predicted,2.779327,-0.366402,0.019463,2.826025,-0.357911,0.022566,0.797487,0.256700
tracking_cdrone3_20260822_205237_900_milestone4,milestone4,76.699896574,target_map,51,0,detected,2.863956,-0.357077,0.025426,2.830543,-0.363118,0.023203,0.833200,0.178616
tracking_cdrone3_20260822_205237_900_milestone4,milestone4,76.800374985,target_map,51,0,detected,2.856660,-0.364434,0.025277,2.838299,-0.367746,0.024055,0.811842,0.213769
tracking_cdrone3_20260822_205237_900_milestone4,milestone4,76.900264263,target_map,51,2,predicted,2.849401,-0.371753,0.025129,2.812411,-0.363432,0.024800,0.790596,0.248738
tracking_cdrone3_20260822_205237_900_milestone4,milestone4,77.000077486,target_map,51,2,predicted,2.842149,-0.379065,0.024981,2.763533,-0.361417,0.024281,0.769368,0.283678
tracking_cdrone3_20260822_205237_900_milestone4,milestone4,77.099846125,target_map,51,0,detected,2.649888,-0.344833,0.023186,2.710079,-0.358362,0.023721,0.831700,0.181085
tracking_cdrone3_20260822_205237_900_milestone4,milestone4,77.200309515,target_map,51,0,detected,2.619569,-0.347001,0.022832,2.651728,-0.354297,0.023118,0.810343,0.216237
tracking_cdrone3_20260822_205237_900_milestone4,milestone4,77.300272942,target_map,51,2,predicted,2.589391,-0.349158,0.022480,2.580718,-0.348011,0.043969,0.789085,0.251226
tracking_cdrone3_20260822_205237_900_milestone4,milestone4,77.405426979,target_map,51,2,predicted,2.557643,-0.351427,0.022110,2.540991,-0.348862,0.067808,0.766722,0.288034
tracking_cdrone3_20260822_205237_900_milestone4,milestone4,77.500188589,target_map,51,1,held,2.487100,-0.347636,0.129237,2.500142,-0.349571,0.094353,0.748987,0.181620
tracking_cdrone3_20260822_205237_900_milestone4,milestone4,77.600038052,target_map,51,1,held,2.451254,-0.349089,0.142382,2.458170,-0.350138,0.123594,0.727752,0.216572
tracking_cdrone3_20260822_205237_900_milestone4,milestone4,77.700148106,target_map,51,2,predicted,2.415322,-0.350545,0.155559,2.415343,-0.350544,0.155552,0.706466,0.251607
tracking_cdrone3_20260822_205237_900_milestone4,milestone4,77.799839258,target_map,51,2,predicted,2.379533,-0.351995,0.168684,2.379447,-0.351998,0.168715,0.685264,0.286504
tracking_cdrone3_20260822_205237_900_milestone4,milestone4,77.900222778,target_map,51,2,predicted,2.343504,-0.353455,0.181896,2.343524,-0.353454,0.181889,0.663921,0.321633
tracking_cdrone3_20260822_205237_900_milestone4,milestone4,78.000187635,target_map,51,2,predicted,2.307619,-0.354909,0.195056,2.307643,-0.354908,0.195047,0.642662,0.356623
tracking_cdrone3_20260822_205237_900_milestone4,milestone4,78.100467205,target_map,51,2,predicted,2.271641,-0.356366,0.208250,2.271723,-0.356363,0.208220,0.621349,0.391703
tracking_cdrone3_20260822_205237_900_milestone4,milestone4,78.199938774,target_map,51,2,predicted,2.235917,-0.357814,0.221351,2.235828,-0.357818,0.221383,0.600186,0.426536
tracking_cdrone3_20260822_205237_900_milestone4,milestone4,78.300184250,target_map,51,2,predicted,2.199934,-0.359272,0.234546,2.199935,-0.359272,0.234546,0.578870,0.461620
tracking_cdrone3_20260822_205237_900_milestone4,milestone4,78.400213957,target_map,51,2,predicted,2.164030,-0.360727,0.247713,2.164074,-0.360725,0.247697,0.557600,0.496628
tracking_cdrone3_20260822_205237_900_milestone4,milestone4,78.500151634,target_map,51,2,predicted,2.128154,-0.362180,0.260869,2.128164,-0.362180,0.260866,0.536347,0.531609
tracking_cdrone3_20260822_205237_900_milestone4,milestone4,78.599938393,target_map,51,2,predicted,2.092332,-0.363632,0.274006,2.092286,-0.363634,0.274023,0.515126,0.566537
tracking_cdrone3_20260822_205237_900_milestone4,milestone4,78.700137854,target_map,51,2,predicted,2.056366,-0.365089,0.287195,2.056374,-0.365089,0.287192,0.493820,0.601606
tracking_cdrone3_20260822_205237_900_milestone4,milestone4,78.799930334,target_map,51,2,predicted,2.020547,-0.366541,0.300331,2.020473,-0.366544,0.300358,0.472601,0.636531
tracking_cdrone3_20260822_205237_900_milestone4,milestone4,78.900424480,target_map,51,2,predicted,1.984471,-0.368002,0.313561,1.984554,-0.367999,0.313530,0.451229,0.671707
tracking_cdrone3_20260822_205237_900_milestone4,milestone4,79.000229120,target_map,51,2,predicted,1.948649,-0.369454,0.326697,1.948672,-0.369453,0.326689,0.430008,0.706635
tracking_cdrone3_20260822_205237_900_milestone4,milestone4,79.100283623,target_map,51,2,predicted,1.912737,-0.370909,0.339867,1.912764,-0.370908,0.339857,0.408734,0.741651
tracking_cdrone3_20260822_205237_900_milestone4,milestone4,79.199948311,target_map,51,2,predicted,1.876954,-0.372359,0.352989,1.876890,-0.372361,0.353013,0.387536,0.776541
tracking_cdrone3_20260822_205237_900_milestone4,milestone4,79.300081730,target_map,51,2,predicted,1.841011,-0.373815,0.366170,1.841001,-0.373816,0.366174,0.366243,0.811587
tracking_cdrone3_20260822_205237_900_milestone4,milestone4,79.400129557,target_map,51,2,predicted,1.805100,-0.375270,0.379340,1.805130,-0.375269,0.379328,0.344970,0.846602
tracking_cdrone3_20260822_205237_900_milestone4,milestone4,79.500128984,target_map,51,2,predicted,1.769204,-0.376725,0.392503,1.769215,-0.376724,0.392499,0.323705,0.881602
tracking_cdrone3_20260822_205237_900_milestone4,milestone4,79.599920034,target_map,51,2,predicted,1.733383,-0.378176,0.405640,1.733334,-0.378178,0.405658,0.302485,0.916529
tracking_cdrone3_20260822_205237_900_milestone4,milestone4,79.700245380,target_map,51,2,predicted,1.697376,-0.379635,0.418844,1.697447,-0.379632,0.418818,0.281154,0.951638
tracking_cdrone3_20260822_205237_900_milestone4,milestone4,79.799875259,target_map,51,2,predicted,1.661606,-0.381085,0.431962,1.661564,-0.381086,0.431977,0.259964,0.986515
tracking_cdrone3_20260822_205237_900_milestone4,milestone4,79.900000572,target_map,51,2,predicted,1.625666,-0.382541,0.445142,1.625650,-0.382541,0.445147,0.238673,1.021559
tracking_cdrone3_20260822_205237_900_milestone4,milestone4,79.999948502,target_map,51,2,predicted,1.589788,-0.383995,0.458299,1.589764,-0.383996,0.458308,0.217419,1.056541
tracking_cdrone3_20260822_205237_900_milestone4,milestone4,80.100172520,target_map,51,2,predicted,1.553816,-0.385452,0.471491,1.553829,-0.385452,0.471486,0.196109,1.091616
tracking_cdrone3_20260822_205237_900_milestone4,milestone4,80.200102091,target_map,51,2,predicted,1.517944,-0.386906,0.484645,1.517939,-0.386906,0.484647,0.174858,1.126592
tracking_cdrone3_20260822_205237_900_milestone4,milestone4,80.300435066,target_map,51,2,predicted,1.481931,-0.388365,0.497852,1.482023,-0.388361,0.497818,0.153524,1.161706
tracking_cdrone3_20260822_205237_900_milestone4,milestone4,80.399922371,target_map,51,2,predicted,1.446214,-0.389812,0.510950,1.446106,-0.389816,0.510990,0.132366,1.196532
tracking_cdrone3_20260822_205237_900_milestone4,milestone4,80.500509024,target_map,51,2,predicted,1.410209,-0.391271,0.524154,1.410212,-0.391271,0.524153,0.111036,1.231639
tracking_cdrone3_20260822_205237_900_milestone4,milestone4,80.600463629,target_map,51,2,predicted,1.374233,-0.392729,0.537347,1.374347,-0.392724,0.537305,0.089724,1.266717
tracking_cdrone3_20260822_205237_900_milestone4,milestone4,80.700073481,target_map,51,2,predicted,1.338474,-0.394178,0.550461,1.338434,-0.394179,0.550475,0.068540,1.301584
tracking_cdrone3_20260822_205237_900_milestone4,milestone4,80.800002337,target_map,51,2,predicted,1.302607,-0.395631,0.563613,1.302498,-0.395635,0.563654,0.047293,1.336555
tracking_cdrone3_20260822_205237_900_milestone4,milestone4,80.900171995,target_map,51,2,predicted,1.266649,-0.397088,0.576800,1.266642,-0.397088,0.576803,0.025991,1.371616
tracking_cdrone3_20260822_205237_900_milestone4,milestone4,81.000806808,target_map,51,2,predicted,1.230528,-0.398552,0.590047,1.230737,-0.398543,0.589970,0.004593,1.406837
tracking_cdrone3_20260822_205237_900_milestone4,milestone4,81.099895716,target_map,51,2,predicted,1.194954,-0.399993,0.603092,1.194822,-0.399998,0.603140,0.000000,1.441523
tracking_cdrone3_20260822_205237_900_milestone4,milestone4,81.200229406,target_map,51,2,predicted,1.158945,-0.401452,0.616297,1.158952,-0.401452,0.616295,0.000000,1.476633
tracking_cdrone3_20260822_205237_900_milestone4,milestone4,81.300266981,target_map,51,2,predicted,1.123035,-0.402907,0.629466,1.123098,-0.402904,0.629443,0.000000,1.511647
tracking_cdrone3_20260822_205237_900_milestone4,milestone4,81.399794579,target_map,51,2,predicted,1.087301,-0.404355,0.642571,1.087175,-0.404360,0.642617,0.000000,1.546489
tracking_cdrone3_20260822_205237_900_milestone4,milestone4,81.500226259,target_map,51,2,predicted,1.051258,-0.405815,0.655788,1.051283,-0.405814,0.655779,0.000000,1.581633
tracking_cdrone3_20260822_205237_900_milestone4,milestone4,81.600298643,target_map,51,2,predicted,1.015339,-0.407271,0.668961,1.015404,-0.407268,0.668937,0.000000,1.616655
tracking_cdrone3_20260822_205237_900_milestone4,milestone4,81.700173378,target_map,51,2,predicted,0.979482,-0.408724,0.682110,0.979500,-0.408723,0.682103,0.000000,1.651617
tracking_cdrone3_20260822_205237_900_milestone4,milestone4,81.800024748,target_map,51,2,predicted,0.943640,-0.410176,0.695254,0.943552,-0.410180,0.695286,0.000000,1.686565
tracking_cdrone3_20260822_205237_900_milestone4,milestone4,81.899909258,target_map,51,2,predicted,0.907783,-0.411629,0.708403,0.925606,-0.410907,0.701867,0.000000,1.721527
tracking_cdrone3_20260822_205237_900_milestone4,milestone4,82.000934839,target_map,51,2,predicted,0.871517,-0.413098,0.721703,0.907647,-0.411634,0.708453,0.000000,1.756888
