run_id,experiment_tag,timestamp_s,state,raw_tracks_count,target_map_tracks_count,raw_has_track,target_map_has_track,target_map_predicted_count,target_map_has_predicted,active_raw_track_id,active_target_map_track_id,raw_dropout,target_map_bridge_active,raw_dropout_duration_s,target_map_bridge_duration_s,longest_raw_dropout_s,longest_target_map_bridge_s
tracking_cdrone3_20260822_205237_900_milestone4,milestone4,1787457157.965717793,SYNC_TAKEOFF_PARAM,1,1,1,1,0,0,164,47,0,0,0.000000,0.000000,0.000000,0.000000
tracking_cdrone3_20260822_205237_900_milestone4,milestone4,1787457158.066076517,SYNC_PRE_TAKEOFF_PROFILE,1,1,1,1,0,0,164,47,0,0,0.000000,0.000000,0.000000,0.000000
tracking_cdrone3_20260822_205237_900_milestone4,milestone4,1787457158.165645838,SYNC_PRE_TAKEOFF_PROFILE,1,1,1,1,0,0,164,47,0,0,0.000000,0.000000,0.000000,0.000000
tracking_cdrone3_20260822_205237_900_milestone4,milestone4,1787457158.266268492,SYNC_PRE_TAKEOFF_PROFILE,1,1,1,1,0,0,164,47,0,0,0.000000,0.000000,0.000000,0.000000
tracking_cdrone3_20260822_205237_900_milestone4,milestone4,1787457158.366592407,SYNC_PRE_TAKEOFF_PROFILE,1,1,1,1,0,0,164,47,0,0,0.000000,0.000000,0.000000,0.000000
tracking_cdrone3_20260822_205237_900_milestone4,milestone4,1787457158.467007637,SYNC_PRE_TAKEOFF_PROFILE,1,1,1,1,0,0,164,47,0,0,0.000000,0.000000,0.000000,0.000000
tracking_cdrone3_20260822_205237_900_milestone4,milestone4,1787457158.570737839,SYNC_PRE_TAKEOFF_PROFILE,1,1,1,1,0,0,164,47,0,0,0.000000,0.000000,0.000000,0.000000
tracking_cdrone3_20260822_205237_900_milestone4,milestone4,1787457158.665911913,SYNC_PRE_TAKEOFF_PROFILE,1,1,1,1,0,0,164,47,0,0,0.000000,0.000000,0.000000,0.000000
tracking_cdrone3_20260822_205237_900_milestone4,milestone4,1787457158.765815258,SYNC_PRE_TAKEOFF_PROFILE,1,1,1,1,0,0,164,47,0,0,0.000000,0.000000,0.000000,0.000000
tracking_cdrone3_20260822_205237_900_milestone4,milestone4,1787457158.866413832,SYNC_PRE_TAKEOFF_PROFILE,1,1,1,1,0,0,164,47,0,0,0.000000,0.000000,0.000000,0.000000
tracking_cdrone3_20260822_205237_900_milestone4,milestone4,1787457158.965728045,SYNC_PRE_TAKEOFF_PROFILE,1,1,1,1,0,0,164,47,0,0,0.000000,0.000000,0.000000,0.000000
tracking_cdrone3_20260822_205237_900_milestone4,milestone4,1787457159.065890551,SYNC_PRE_TAKEOFF_PROFILE,1,1,1,1,0,0,164,47,0,0,0.000000,0.000000,0.000000,0.000000
tracking_cdrone3_20260822_205237_900_milestone4,milestone4,1787457159.165983200,SYNC_PRE_TAKEOFF_PROFILE,1,1,1,1,0,0,164,47,0,0,0.000000,0.000000,0.000000,0.000000
tracking_cdrone3_20260822_205237_900_milestone4,milestone4,1787457159.266247988,SYNC_PRE_TAKEOFF_PROFILE,1,1,1,1,0,0,164,47,0,0,0.000000,0.000000,0.000000,0.000000
tracking_cdrone3_20260822_205237_900_milestone4,milestone4,1787457159.366062641,SYNC_PRE_TAKEOFF_PROFILE,1,1,1,1,0,0,164,47,0,0,0.000000,0.000000,0.000000,0.000000
tracking_cdrone3_20260822_205237_900_milestone4,milestone4,1787457159.465939999,SYNC_PRE_TAKEOFF_PROFILE,1,1,1,1,0,0,164,47,0,0,0.000000,0.000000,0.000000,0.000000
tracking_cdrone3_20260822_205237_900_milestone4,milestone4,1787457159.565887451,SYNC_PRE_TAKEOFF_PROFILE,1,1,1,1,0,0,164,47,0,0,0.000000,0.000000,0.000000,0.000000
tracking_cdrone3_20260822_205237_900_milestone4,milestone4,1787457159.665904045,SYNC_PRE_TAKEOFF_PROFILE,1,1,1,1,0,0,164,47,0,0,0.000000,0.000000,0.000000,0.000000
tracking_cdrone3_20260822_205237_900_milestone4,milestone4,1787457159.765902996,SYNC_PRE_TAKEOFF_PROFILE,1,1,1,1,0,0,164,47,0,0,0.000000,0.000000,0.000000,0.000000
tracking_cdrone3_20260822_205237_900_milestone4,milestone4,1787457159.866060972,SYNC_PRE_TAKEOFF_PROFILE,1,1,1,1,0,0,164,47,0,0,0.000000,0.000000,0.000000,0.000000
tracking_cdrone3_20260822_205237_900_milestone4,milestone4,1787457159.965916157,SYNC_PRE_TAKEOFF_PROFILE,1,1,1,1,0,0,164,47,0,0,0.000000,0.000000,0.000000,0.000000
tracking_cdrone3_20260822_205237_900_milestone4,milestone4,1787457160.065840721,SYNC_PRE_TAKEOFF_PROFILE,1,1,1,1,0,0,164,47,0,0,0.000000,0.000000,0.000000,0.000000
tracking_cdrone3_20260822_205237_900_milestone4,milestone4,1787457160.165769100,SYNC_PRE_TAKEOFF_PROFILE,1,1,1,1,0,0,164,47,0,0,0.000000,0.000000,0.000000,0.000000
tracking_cdrone3_20260822_205237_900_milestone4,milestone4,1787457160.266569376,SYNC_PRE_TAKEOFF_PROFILE,1,1,1,1,0,0,164,47,0,0,0.000000,0.000000,0.000000,0.000000
tracking_cdrone3_20260822_205237_900_milestone4,milestone4,1787457160.365957022,SYNC_PRE_TAKEOFF_PROFILE,1,1,1,1,0,0,164,47,0,0,0.000000,0.000000,0.000000,0.000000
tracking_cdrone3_20260822_205237_900_milestone4,milestone4,1787457160.465719461,SYNC_PRE_TAKEOFF_PROFILE,1,1,1,1,0,0,164,47,0,0,0.000000,0.000000,0.000000,0.000000
tracking_cdrone3_20260822_205237_900_milestone4,milestone4,1787457160.565748453,SYNC_PRE_TAKEOFF_PROFILE,1,1,1,1,0,0,164,47,0,0,0.000000,0.000000,0.000000,0.000000
tracking_cdrone3_20260822_205237_900_milestone4,milestone4,1787457160.665775061,SYNC_PRE_TAKEOFF_PROFILE,1,1,1,1,0,0,164,47,0,0,0.000000,0.000000,0.000000,0.000000
tracking_cdrone3_20260822_205237_900_milestone4,milestone4,1787457160.765886068,SYNC_PRE_TAKEOFF_PROFILE,1,1,1,1,0,0,164,47,0,0,0.000000,0.000000,0.000000,0.000000
tracking_cdrone3_20260822_205237_900_milestone4,milestone4,1787457160.865921259,SYNC_PRE_TAKEOFF_PROFILE,1,1,1,1,0,0,164,47,0,0,0.000000,0.000000,0.000000,0.000000
tracking_cdrone3_20260822_205237_900_milestone4,milestone4,1787457160.965814590,SYNC_PRE_TAKEOFF_PROFILE,1,1,1,1,0,0,164,47,0,0,0.000000,0.000000,0.000000,0.000000
tracking_cdrone3_20260822_205237_900_milestone4,milestone4,1787457161.065783262,SYNC_PRE_TAKEOFF_PROFILE,1,1,1,1,0,0,164,47,0,0,0.000000,0.000000,0.000000,0.000000
tracking_cdrone3_20260822_205237_900_milestone4,milestone4,1787457161.165930033,SYNC_PRE_TAKEOFF_PROFILE,1,1,1,1,0,0,164,47,0,0,0.000000,0.000000,0.000000,0.000000
tracking_cdrone3_20260822_205237_900_milestone4,milestone4,1787457161.266811848,SYNC_PRE_TAKEOFF_PROFILE,1,1,1,1,0,0,164,47,0,0,0.000000,0.000000,0.000000,0.000000
tracking_cdrone3_20260822_205237_900_milestone4,milestone4,1787457161.365767241,SYNC_PRE_TAKEOFF_PROFILE,1,1,1,1,0,0,164,47,0,0,0.000000,0.000000,0.000000,0.000000
tracking_cdrone3_20260822_205237_900_milestone4,milestone4,1787457161.465760231,SYNC_PRE_TAKEOFF_PROFILE,1,1,1,1,0,0,164,47,0,0,0.000000,0.000000,0.000000,0.000000
tracking_cdrone3_20260822_205237_900_milestone4,milestone4,1787457161.565807104,SYNC_PRE_TAKEOFF_PROFILE,1,1,1,1,0,0,164,47,0,0,0.000000,0.000000,0.000000,0.000000
tracking_cdrone3_20260822_205237_900_milestone4,milestone4,1787457161.665763140,SYNC_PRE_TAKEOFF_PROFILE,1,1,1,1,1,1,164,47,0,0,0.000000,0.000000,0.000000,0.000000
tracking_cdrone3_20260822_205237_900_milestone4,milestone4,1787457161.765751123,SYNC_PRE_TAKEOFF_PROFILE,1,1,1,1,0,0,164,47,0,0,0.000000,0.000000,0.000000,0.000000
tracking_cdrone3_20260822_205237_900_milestone4,milestone4,1787457161.865873814,SYNC_PRE_TAKEOFF_PROFILE,1,1,1,1,0,0,164,47,0,0,0.000000,0.000000,0.000000,0.000000
tracking_cdrone3_20260822_205237_900_milestone4,milestone4,1787457161.965712070,SYNC_PRE_TAKEOFF_PROFILE,1,1,1,1,0,0,164,47,0,0,0.000000,0.000000,0.000000,0.000000
tracking_cdrone3_20260822_205237_900_milestone4,milestone4,1787457162.065840483,SYNC_PRE_TAKEOFF_PROFILE,1,1,1,1,0,0,164,47,0,0,0.000000,0.000000,0.000000,0.000000
tracking_cdrone3_20260822_205237_900_milestone4,milestone4,1787457162.166983843,SYNC_PRE_TAKEOFF_PROFILE,1,1,1,1,0,0,164,47,0,0,0.000000,0.000000,0.000000,0.000000
tracking_cdrone3_20260822_205237_900_milestone4,milestone4,1787457162.265876532,SYNC_PRE_TAKEOFF_PROFILE,1,1,1,1,0,0,164,47,0,0,0.000000,0.000000,0.000000,0.000000
tracking_cdrone3_20260822_205237_900_milestone4,milestone4,1787457162.365898609,SYNC_PRE_TAKEOFF_PROFILE,1,1,1,1,0,0,164,47,0,0,0.000000,0.000000,0.000000,0.000000
tracking_cdrone3_20260822_205237_900_milestone4,milestone4,1787457162.465673685,SYNC_PRE_TAKEOFF_PROFILE,1,1,1,1,0,0,164,47,0,0,0.000000,0.000000,0.000000,0.000000
tracking_cdrone3_20260822_205237_900_milestone4,milestone4,1787457162.565921068,SYNC_PRE_TAKEOFF_PROFILE,1,1,1,1,0,0,164,47,0,0,0.000000,0.000000,0.000000,0.000000
tracking_cdrone3_20260822_205237_900_milestone4,milestone4,1787457162.665721178,SYNC_PRE_TAKEOFF_PROFILE,1,1,1,1,0,0,164,47,0,0,0.000000,0.000000,0.000000,0.000000
tracking_cdrone3_20260822_205237_900_milestone4,milestone4,1787457162.766098261,SYNC_PRE_TAKEOFF_PROFILE,1,1,1,1,0,0,164,47,0,0,0.000000,0.000000,0.000000,0.000000
tracking_cdrone3_20260822_205237_900_milestone4,milestone4,1787457162.865662575,SYNC_PRE_TAKEOFF_PROFILE,1,1,1,1,0,0,164,47,0,0,0.000000,0.000000,0.000000,0.000000
tracking_cdrone3_20260822_205237_900_milestone4,milestone4,1787457162.965861559,SYNC_PRE_TAKEOFF_PROFILE,1,1,1,1,0,0,164,47,0,0,0.000000,0.000000,0.000000,0.000000
tracking_cdrone3_20260822_205237_900_milestone4,milestone4,1787457163.065756083,SYNC_PRE_TAKEOFF_PROFILE,1,1,1,1,0,0,164,47,0,0,0.000000,0.000000,0.000000,0.000000
tracking_cdrone3_20260822_205237_900_milestone4,milestone4,1787457163.165729046,SYNC_PRE_TAKEOFF_PROFILE,1,1,1,1,0,0,164,47,0,0,0.000000,0.000000,0.000000,0.000000
tracking_cdrone3_20260822_205237_900_milestone4,milestone4,1787457163.266514540,SYNC_PRE_TAKEOFF_PROFILE,1,1,1,1,0,0,164,47,0,0,0.000000,0.000000,0.000000,0.000000
tracking_cdrone3_20260822_205237_900_milestone4,milestone4,1787457163.365932226,SYNC_PRE_TAKEOFF_PROFILE,1,1,1,1,0,0,164,47,0,0,0.000000,0.000000,0.000000,0.000000
tracking_cdrone3_20260822_205237_900_milestone4,milestone4,1787457163.468374014,SYNC_PRE_TAKEOFF_PROFILE,1,1,1,1,0,0,164,47,0,0,0.000000,0.000000,0.000000,0.000000
tracking_cdrone3_20260822_205237_900_milestone4,milestone4,1787457163.565717936,SYNC_PRE_TAKEOFF_PROFILE,1,1,1,1,0,0,164,47,0,0,0.000000,0.000000,0.000000,0.000000
tracking_cdrone3_20260822_205237_900_milestone4,milestone4,1787457163.665826797,SYNC_PRE_TAKEOFF_PROFILE,1,1,1,1,0,0,164,47,0,0,0.000000,0.000000,0.000000,0.000000
tracking_cdrone3_20260822_205237_900_milestone4,milestone4,1787457163.765988588,SYNC_PRE_TAKEOFF_PROFILE,1,1,1,1,0,0,164,47,0,0,0.000000,0.000000,0.000000,0.000000
tracking_cdrone3_20260822_205237_900_milestone4,milestone4,1787457163.867874384,SYNC_PRE_TAKEOFF_PROFILE,1,1,1,1,0,0,164,47,0,0,0.000000,0.000000,0.000000,0.000000
tracking_cdrone3_20260822_205237_900_milestone4,milestone4,1787457163.965812922,SYNC_PRE_TAKEOFF_PROFILE,1,1,1,1,0,0,164,47,0,0,0.000000,0.000000,0.000000,0.000000
tracking_cdrone3_20260822_205237_900_milestone4,milestone4,1787457164.065760374,SYNC_PRE_TAKEOFF_PROFILE,1,1,1,1,0,0,164,47,0,0,0.000000,0.000000,0.000000,0.000000
tracking_cdrone3_20260822_205237_900_milestone4,milestone4,1787457164.165962696,SYNC_PRE_TAKEOFF_PROFILE,1,1,1,1,0,0,164,47,0,0,0.000000,0.000000,0.000000,0.000000
tracking_cdrone3_20260822_205237_900_milestone4,milestone4,1787457164.265677452,SYNC_PRE_TAKEOFF_PROFILE,1,1,1,1,0,0,164,47,0,0,0.000000,0.000000,0.000000,0.000000
tracking_cdrone3_20260822_205237_900_milestone4,milestone4,1787457164.365666389,SYNC_PRE_TAKEOFF_PROFILE,2,2,1,1,0,0,164,47,0,0,0.000000,0.000000,0.000000,0.000000
tracking_cdrone3_20260822_205237_900_milestone4,milestone4,1787457164.466109991,SYNC_PRE_TAKEOFF_PROFILE,2,2,1,1,0,0,164,47,0,0,0.000000,0.000000,0.000000,0.000000
tracking_cdrone3_20260822_205237_900_milestone4,milestone4,1787457164.565850258,SYNC_PRE_TAKEOFF_PROFILE,2,2,1,1,0,0,192,49,0,0,0.000000,0.000000,0.000000,0.000000
tracking_cdrone3_20260822_205237_900_milestone4,milestone4,1787457164.665660381,SYNC_PRE_TAKEOFF_PROFILE,2,2,1,1,0,0,192,49,0,0,0.000000,0.000000,0.000000,0.000000
tracking_cdrone3_20260822_205237_900_milestone4,milestone4,1787457164.765937328,SYNC_PRE_TAKEOFF_PROFILE,2,2,1,1,0,0,192,49,0,0,0.000000,0.000000,0.000000,0.000000
tracking_cdrone3_20260822_205237_900_milestone4,milestone4,1787457164.865575790,SYNC_PRE_TAKEOFF_PROFILE,2,2,1,1,0,0,192,49,0,0,0.000000,0.000000,0.000000,0.000000
tracking_cdrone3_20260822_205237_900_milestone4,milestone4,1787457164.966879606,SYNC_PRE_TAKEOFF_PROFILE,2,2,1,1,0,0,192,49,0,0,0.000000,0.000000,0.000000,0.000000
tracking_cdrone3_20260822_205237_900_milestone4,milestone4,1787457165.065706968,SYNC_PRE_TAKEOFF_PROFILE,2,2,1,1,0,0,192,49,0,0,0.000000,0.000000,0.000000,0.000000
tracking_cdrone3_20260822_205237_900_milestone4,milestone4,1787457165.165996313,SYNC_PRE_TAKEOFF_PROFILE,2,2,1,1,0,0,164,49,0,0,0.000000,0.000000,0.000000,0.000000
tracking_cdrone3_20260822_205237_900_milestone4,milestone4,1787457165.265895367,SYNC_PRE_TAKEOFF_PROFILE,2,2,1,1,0,0,164,47,0,0,0.000000,0.000000,0.000000,0.000000
tracking_cdrone3_20260822_205237_900_milestone4,milestone4,1787457165.365635872,SYNC_PRE_TAKEOFF_PROFILE,2,2,1,1,0,0,164,47,0,0,0.000000,0.000000,0.000000,0.000000
tracking_cdrone3_20260822_205237_900_milestone4,milestone4,1787457165.465920448,SYNC_PRE_TAKEOFF_PROFILE,2,2,1,1,0,0,192,49,0,0,0.000000,0.000000,0.000000,0.000000
tracking_cdrone3_20260822_205237_900_milestone4,milestone4,1787457165.566281796,SYNC_PRE_TAKEOFF_PROFILE,2,2,1,1,0,0,192,49,0,0,0.000000,0.000000,0.000000,0.000000
tracking_cdrone3_20260822_205237_900_milestone4,milestone4,1787457165.665883064,SYNC_PRE_TAKEOFF_PROFILE,2,2,1,1,0,0,164,47,0,0,0.000000,0.000000,0.000000,0.000000
tracking_cdrone3_20260822_205237_900_milestone4,milestone4,1787457165.765695572,SYNC_PRE_TAKEOFF_PROFILE,2,2,1,1,0,0,164,47,0,0,0.000000,0.000000,0.000000,0.000000
tracking_cdrone3_20260822_205237_900_milestone4,milestone4,1787457165.865931511,SYNC_PRE_TAKEOFF_PROFILE,2,2,1,1,0,0,164,47,0,0,0.000000,0.000000,0.000000,0.000000
tracking_cdrone3_20260822_205237_900_milestone4,milestone4,1787457165.965603113,SYNC_PRE_TAKEOFF_PROFILE,2,2,1,1,0,0,192,49,0,0,0.000000,0.000000,0.000000,0.000000
tracking_cdrone3_20260822_205237_900_milestone4,milestone4,1787457166.066668510,SYNC_PRE_TAKEOFF_PROFILE,2,2,1,1,0,0,192,49,0,0,0.000000,0.000000,0.000000,0.000000
tracking_cdrone3_20260822_205237_900_milestone4,milestone4,1787457166.165895700,SYNC_PRE_TAKEOFF_PROFILE,2,2,1,1,0,0,164,47,0,0,0.000000,0.000000,0.000000,0.000000
tracking_cdrone3_20260822_205237_900_milestone4,milestone4,1787457166.265942812,SYNC_PRE_TAKEOFF_PROFILE,2,2,1,1,0,0,164,47,0,0,0.000000,0.000000,0.000000,0.000000
tracking_cdrone3_20260822_205237_900_milestone4,milestone4,1787457166.365784168,SYNC_PRE_TAKEOFF_PROFILE,2,2,1,1,0,0,164,47,0,0,0.000000,0.000000,0.000000,0.000000
tracking_cdrone3_20260822_205237_900_milestone4,milestone4,1787457166.465719223,SYNC_PRE_TAKEOFF_PROFILE,2,2,1,1,0,0,164,47,0,0,0.000000,0.000000,0.000000,0.000000
tracking_cdrone3_20260822_205237_900_milestone4,milestone4,1787457166.569998741,SYNC_PRE_TAKEOFF_PROFILE,3,2,1,1,0,0,164,47,0,0,0.000000,0.000000,0.000000,0.000000
tracking_cdrone3_20260822_205237_900_milestone4,milestone4,1787457166.665789843,SYNC_PRE_TAKEOFF_PROFILE,3,3,1,1,0,0,164,47,0,0,0.000000,0.000000,0.000000,0.000000
tracking_cdrone3_20260822_205237_900_milestone4,milestone4,1787457166.766497374,SYNC_PRE_TAKEOFF_PROFILE,3,3,1,1,0,0,164,47,0,0,0.000000,0.000000,0.000000,0.000000
tracking_cdrone3_20260822_205237_900_milestone4,milestone4,1787457166.865855217,SYNC_PRE_TAKEOFF_PROFILE,3,3,1,1,0,0,193,50,0,0,0.000000,0.000000,0.000000,0.000000
tracking_cdrone3_20260822_205237_900_milestone4,milestone4,1787457166.965657234,SYNC_PRE_TAKEOFF_PROFILE,3,3,1,1,0,0,193,50,0,0,0.000000,0.000000,0.000000,0.000000
tracking_cdrone3_20260822_205237_900_milestone4,milestone4,1787457167.065878153,SYNC_PRE_TAKEOFF_PROFILE,3,3,1,1,0,0,193,50,0,0,0.000000,0.000000,0.000000,0.000000
tracking_cdrone3_20260822_205237_900_milestone4,milestone4,1787457167.165757895,SYNC_PRE_TAKEOFF_PROFILE,3,3,1,1,0,0,193,50,0,0,0.000000,0.000000,0.000000,0.000000
tracking_cdrone3_20260822_205237_900_milestone4,milestone4,1787457167.267211676,SYNC_PRE_TAKEOFF_PROFILE,3,3,1,1,0,0,192,50,0,0,0.000000,0.000000,0.000000,0.000000
tracking_cdrone3_20260822_205237_900_milestone4,milestone4,1787457167.365716219,SYNC_PRE_TAKEOFF_PROFILE,3,3,1,1,0,0,192,49,0,0,0.000000,0.000000,0.000000,0.000000
tracking_cdrone3_20260822_205237_900_milestone4,milestone4,1787457167.465799093,SYNC_PRE_TAKEOFF_PROFILE,3,3,1,1,0,0,192,49,0,0,0.000000,0.000000,0.000000,0.000000
tracking_cdrone3_20260822_205237_900_milestone4,milestone4,1787457167.565866947,SYNC_PRE_TAKEOFF_PROFILE,3,3,1,1,0,0,164,47,0,0,0.000000,0.000000,0.000000,0.000000
tracking_cdrone3_20260822_205237_900_milestone4,milestone4,1787457167.665809870,SYNC_PRE_TAKEOFF_PROFILE,3,3,1,1,0,0,164,47,0,0,0.000000,0.000000,0.000000,0.000000
tracking_cdrone3_20260822_205237_900_milestone4,milestone4,1787457167.765709162,SYNC_PRE_TAKEOFF_PROFILE,3,3,1,1,0,0,164,47,0,0,0.000000,0.000000,0.000000,0.000000
tracking_cdrone3_20260822_205237_900_milestone4,milestone4,1787457167.865860462,SYNC_PRE_TAKEOFF_PROFILE,2,3,1,1,1,1,164,47,0,0,0.000000,0.000000,0.000000,0.000000
tracking_cdrone3_20260822_205237_900_milestone4,milestone4,1787457167.966035128,SYNC_PRE_TAKEOFF_PROFILE,2,3,1,1,1,1,164,47,0,0,0.000000,0.000000,0.000000,0.000000
tracking_cdrone3_20260822_205237_900_milestone4,milestone4,1787457168.065898418,SYNC_PRE_TAKEOFF_PROFILE,2,3,1,1,1,1,164,47,0,0,0.000000,0.000000,0.000000,0.000000
tracking_cdrone3_20260822_205237_900_milestone4,milestone4,1787457168.165702581,SYNC_PRE_TAKEOFF_PROFILE,2,3,1,1,1,1,164,47,0,0,0.000000,0.000000,0.000000,0.000000
tracking_cdrone3_20260822_205237_900_milestone4,milestone4,1787457168.268283606,SYNC_PRE_TAKEOFF_PROFILE,2,3,1,1,1,1,164,47,0,0,0.000000,0.000000,0.000000,0.000000
tracking_cdrone3_20260822_205237_900_milestone4,milestone4,1787457168.365818262,SYNC_PRE_TAKEOFF_PROFILE,2,3,1,1,1,1,164,47,0,0,0.000000,0.000000,0.000000,0.000000
tracking_cdrone3_20260822_205237_900_milestone4,milestone4,1787457168.469409227,SYNC_PRE_TAKEOFF_PROFILE,2,3,1,1,1,1,164,47,0,0,0.000000,0.000000,0.000000,0.000000
tracking_cdrone3_20260822_205237_900_milestone4,milestone4,1787457168.565850258,SYNC_PRE_TAKEOFF_PROFILE,2,3,1,1,1,1,164,47,0,0,0.000000,0.000000,0.000000,0.000000
tracking_cdrone3_20260822_205237_900_milestone4,milestone4,1787457168.665878534,SYNC_PRE_TAKEOFF_PROFILE,3,3,1,1,1,1,164,47,0,0,0.000000,0.000000,0.000000,0.000000
tracking_cdrone3_20260822_205237_900_milestone4,milestone4,1787457168.765876770,SYNC_PRE_TAKEOFF_PROFILE,3,3,1,1,0,0,164,47,0,0,0.000000,0.000000,0.000000,0.000000
tracking_cdrone3_20260822_205237_900_milestone4,milestone4,1787457168.866089821,SYNC_PRE_TAKEOFF_PROFILE,3,3,1,1,0,0,164,47,0,0,0.000000,0.000000,0.000000,0.000000
tracking_cdrone3_20260822_205237_900_milestone4,milestone4,1787457168.965748787,SYNC_PRE_TAKEOFF_PROFILE,3,3,1,1,0,0,164,47,0,0,0.000000,0.000000,0.000000,0.000000
tracking_cdrone3_20260822_205237_900_milestone4,milestone4,1787457169.065693140,SYNC_PRE_TAKEOFF_PROFILE,3,3,1,1,0,0,164,47,0,0,0.000000,0.000000,0.000000,0.000000
tracking_cdrone3_20260822_205237_900_milestone4,milestone4,1787457169.165657043,SYNC_PRE_TAKEOFF_PROFILE,3,3,1,1,0,0,164,47,0,0,0.000000,0.000000,0.000000,0.000000
tracking_cdrone3_20260822_205237_900_milestone4,milestone4,1787457169.265887976,SYNC_PRE_TAKEOFF_PROFILE,3,3,1,1,0,0,164,47,0,0,0.000000,0.000000,0.000000,0.000000
tracking_cdrone3_20260822_205237_900_milestone4,milestone4,1787457169.365909338,SYNC_PRE_TAKEOFF_PROFILE,2,3,1,1,0,0,164,47,0,0,0.000000,0.000000,0.000000,0.000000
tracking_cdrone3_20260822_205237_900_milestone4,milestone4,1787457169.465687513,SYNC_PRE_TAKEOFF_PROFILE,2,3,1,1,1,1,164,47,0,0,0.000000,0.000000,0.000000,0.000000
tracking_cdrone3_20260822_205237_900_milestone4,milestone4,1787457169.565749407,SYNC_PRE_TAKEOFF_PROFILE,2,3,1,1,1,1,164,47,0,0,0.000000,0.000000,0.000000,0.000000
tracking_cdrone3_20260822_205237_900_milestone4,milestone4,1787457169.665862799,SYNC_PRE_TAKEOFF_PROFILE,2,3,1,1,1,1,164,47,0,0,0.000000,0.000000,0.000000,0.000000
tracking_cdrone3_20260822_205237_900_milestone4,milestone4,1787457169.765800238,SYNC_PRE_TAKEOFF_PROFILE,2,3,1,1,1,1,164,47,0,0,0.000000,0.000000,0.000000,0.000000
tracking_cdrone3_20260822_205237_900_milestone4,milestone4,1787457169.865755320,SYNC_PRE_TAKEOFF_PROFILE,3,3,1,1,0,0,192,49,0,0,0.000000,0.000000,0.000000,0.000000
tracking_cdrone3_20260822_205237_900_milestone4,milestone4,1787457169.966198444,SYNC_PRE_TAKEOFF_PROFILE,3,3,1,1,0,0,192,49,0,0,0.000000,0.000000,0.000000,0.000000
tracking_cdrone3_20260822_205237_900_milestone4,milestone4,1787457170.066919088,SYNC_PRE_TAKEOFF_PROFILE,3,3,1,1,0,0,192,49,0,0,0.000000,0.000000,0.000000,0.000000
tracking_cdrone3_20260822_205237_900_milestone4,milestone4,1787457170.165668011,SYNC_PRE_TAKEOFF_PROFILE,3,3,1,1,0,0,192,49,0,0,0.000000,0.000000,0.000000,0.000000
tracking_cdrone3_20260822_205237_900_milestone4,milestone4,1787457170.266155005,SYNC_PRE_TAKEOFF_PROFILE,3,3,1,1,0,0,192,49,0,0,0.000000,0.000000,0.000000,0.000000
tracking_cdrone3_20260822_205237_900_milestone4,milestone4,1787457170.365899801,SYNC_PRE_TAKEOFF_PROFILE,3,3,1,1,0,0,192,49,0,0,0.000000,0.000000,0.000000,0.000000
tracking_cdrone3_20260822_205237_900_milestone4,milestone4,1787457170.465705633,SYNC_PRE_TAKEOFF_PROFILE,3,3,1,1,0,0,192,49,0,0,0.000000,0.000000,0.000000,0.000000
tracking_cdrone3_20260822_205237_900_milestone4,milestone4,1787457170.568804979,SYNC_PRE_TAKEOFF_PROFILE,3,3,1,1,0,0,192,49,0,0,0.000000,0.000000,0.000000,0.000000
tracking_cdrone3_20260822_205237_900_milestone4,milestone4,1787457170.665890932,SYNC_PRE_TAKEOFF_PROFILE,2,3,1,1,1,1,192,49,0,0,0.000000,0.000000,0.000000,0.000000
tracking_cdrone3_20260822_205237_900_milestone4,milestone4,1787457170.766051769,SYNC_PRE_TAKEOFF_PROFILE,2,3,1,1,1,1,192,49,0,0,0.000000,0.000000,0.000000,0.000000
tracking_cdrone3_20260822_205237_900_milestone4,milestone4,1787457170.866610527,SYNC_PRE_TAKEOFF_PROFILE,2,3,1,1,1,1,193,50,0,0,0.000000,0.000000,0.000000,0.000000
tracking_cdrone3_20260822_205237_900_milestone4,milestone4,1787457170.965674162,SYNC_PRE_TAKEOFF_PROFILE,2,3,1,1,1,1,193,50,0,0,0.000000,0.000000,0.000000,0.000000
tracking_cdrone3_20260822_205237_900_milestone4,milestone4,1787457171.065904856,SYNC_PRE_TAKEOFF_PROFILE,2,3,1,1,1,1,193,50,0,0,0.000000,0.000000,0.000000,0.000000
tracking_cdrone3_20260822_205237_900_milestone4,milestone4,1787457171.165687084,SYNC_PRE_TAKEOFF_PROFILE,2,3,1,1,1,1,193,50,0,0,0.000000,0.000000,0.000000,0.000000
tracking_cdrone3_20260822_205237_900_milestone4,milestone4,1787457171.267367363,SYNC_PRE_TAKEOFF_PROFILE,2,3,1,1,1,1,193,50,0,0,0.000000,0.000000,0.000000,0.000000
tracking_cdrone3_20260822_205237_900_milestone4,milestone4,1787457171.365934134,SYNC_PRE_TAKEOFF_PROFILE,2,4,1,1,2,1,198,51,0,0,0.000000,0.000000,0.000000,0.000000
tracking_cdrone3_20260822_205237_900_milestone4,milestone4,1787457171.466061831,SYNC_PRE_TAKEOFF_PROFILE,2,4,1,1,2,1,198,51,0,0,0.000000,0.000000,0.000000,0.000000
tracking_cdrone3_20260822_205237_900_milestone4,milestone4,1787457171.565602779,SYNC_PRE_TAKEOFF_PROFILE,2,4,1,1,2,1,198,51,0,0,0.000000,0.000000,0.000000,0.000000
tracking_cdrone3_20260822_205237_900_milestone4,milestone4,1787457171.665890932,SYNC_PRE_TAKEOFF_PROFILE,2,4,1,1,2,1,198,51,0,0,0.000000,0.000000,0.000000,0.000000
tracking_cdrone3_20260822_205237_900_milestone4,milestone4,1787457171.765872717,SYNC_PRE_TAKEOFF_PROFILE,2,4,1,1,2,1,198,51,0,0,0.000000,0.000000,0.000000,0.000000
tracking_cdrone3_20260822_205237_900_milestone4,milestone4,1787457171.865977049,SYNC_PRE_TAKEOFF_PROFILE,2,4,1,1,2,1,198,51,0,0,0.000000,0.000000,0.000000,0.000000
tracking_cdrone3_20260822_205237_900_milestone4,milestone4,1787457171.967145443,SYNC_PRE_TAKEOFF_PROFILE,1,4,1,1,3,1,198,51,0,0,0.000000,0.000000,0.000000,0.000000
tracking_cdrone3_20260822_205237_900_milestone4,milestone4,1787457172.067913294,SYNC_PRE_TAKEOFF_PROFILE,1,4,1,1,3,1,198,51,0,0,0.000000,0.000000,0.000000,0.000000
tracking_cdrone3_20260822_205237_900_milestone4,milestone4,1787457172.165884256,SYNC_PRE_TAKEOFF_PROFILE,1,4,1,1,3,1,198,51,0,0,0.000000,0.000000,0.000000,0.000000
tracking_cdrone3_20260822_205237_900_milestone4,milestone4,1787457172.265595436,SYNC_PRE_TAKEOFF_PROFILE,1,4,1,1,3,1,198,51,0,0,0.000000,0.000000,0.000000,0.000000
tracking_cdrone3_20260822_205237_900_milestone4,milestone4,1787457172.365612507,SYNC_PRE_TAKEOFF_PROFILE,1,4,1,1,3,1,198,51,0,0,0.000000,0.000000,0.000000,0.000000
tracking_cdrone3_20260822_205237_900_milestone4,milestone4,1787457172.466766119,SYNC_PRE_TAKEOFF_PROFILE,1,4,1,1,3,1,198,51,0,0,0.000000,0.000000,0.000000,0.000000
tracking_cdrone3_20260822_205237_900_milestone4,milestone4,1787457172.566137791,SYNC_PRE_TAKEOFF_PROFILE,1,4,1,1,3,1,198,51,0,0,0.000000,0.000000,0.000000,0.000000
tracking_cdrone3_20260822_205237_900_milestone4,milestone4,1787457172.666087389,SYNC_PRE_TAKEOFF_PROFILE,1,4,1,1,3,1,198,51,0,0,0.000000,0.000000,0.000000,0.000000
tracking_cdrone3_20260822_205237_900_milestone4,milestone4,1787457172.765959024,SYNC_PRE_TAKEOFF_PROFILE,1,4,1,1,3,1,198,51,0,0,0.000000,0.000000,0.000000,0.000000
tracking_cdrone3_20260822_205237_900_milestone4,milestone4,1787457172.866017342,SYNC_PRE_TAKEOFF_PROFILE,1,4,1,1,3,1,198,51,0,0,0.000000,0.000000,0.000000,0.000000
tracking_cdrone3_20260822_205237_900_milestone4,milestone4,1787457172.965613365,SYNC_PRE_TAKEOFF_PROFILE,1,4,1,1,3,1,198,51,0,0,0.000000,0.000000,0.000000,0.000000
tracking_cdrone3_20260822_205237_900_milestone4,milestone4,1787457173.065825462,SYNC_PRE_TAKEOFF_PROFILE,1,4,1,1,3,1,198,51,0,0,0.000000,0.000000,0.000000,0.000000
tracking_cdrone3_20260822_205237_900_milestone4,milestone4,1787457173.175265312,SYNC_PRE_TAKEOFF_PROFILE,1,4,1,1,4,1,198,51,0,0,0.000000,0.000000,0.000000,0.000000
tracking_cdrone3_20260822_205237_900_milestone4,milestone4,1787457173.265865564,SYNC_PRE_TAKEOFF_PROFILE,1,4,1,1,3,1,198,51,0,0,0.000000,0.000000,0.000000,0.000000
tracking_cdrone3_20260822_205237_900_milestone4,milestone4,1787457173.365725517,SYNC_PRE_TAKEOFF_PROFILE,1,4,1,1,3,1,198,51,0,0,0.000000,0.000000,0.000000,0.000000
tracking_cdrone3_20260822_205237_900_milestone4,milestone4,1787457173.465828180,SYNC_PRE_TAKEOFF_PROFILE,1,4,1,1,3,1,198,51,0,0,0.000000,0.000000,0.000000,0.000000
tracking_cdrone3_20260822_205237_900_milestone4,milestone4,1787457173.565870047,SYNC_PRE_TAKEOFF_PROFILE,1,4,1,1,3,1,198,51,0,0,0.000000,0.000000,0.000000,0.000000
tracking_cdrone3_20260822_205237_900_milestone4,milestone4,1787457173.666009426,SYNC_PRE_TAKEOFF_PROFILE,1,4,1,1,3,1,198,51,0,0,0.000000,0.000000,0.000000,0.000000
tracking_cdrone3_20260822_205237_900_milestone4,milestone4,1787457173.765673399,SYNC_PRE_TAKEOFF_PROFILE,1,4,1,1,3,1,198,51,0,0,0.000000,0.000000,0.000000,0.000000
tracking_cdrone3_20260822_205237_900_milestone4,milestone4,1787457173.866015434,SYNC_PRE_TAKEOFF_PROFILE,1,4,1,1,3,1,198,51,0,0,0.000000,0.000000,0.000000,0.000000
tracking_cdrone3_20260822_205237_900_milestone4,milestone4,1787457173.965635777,SYNC_PRE_TAKEOFF_PROFILE,1,4,1,1,3,1,198,51,0,0,0.000000,0.000000,0.000000,0.000000
tracking_cdrone3_20260822_205237_900_milestone4,milestone4,1787457174.065873384,SYNC_PRE_TAKEOFF_PROFILE,1,4,1,1,3,1,198,51,0,0,0.000000,0.000000,0.000000,0.000000
tracking_cdrone3_20260822_205237_900_milestone4,milestone4,1787457174.165661097,SYNC_PRE_TAKEOFF_PROFILE,1,4,1,1,3,1,198,51,0,0,0.000000,0.000000,0.000000,0.000000
tracking_cdrone3_20260822_205237_900_milestone4,milestone4,1787457174.265892267,SYNC_PRE_TAKEOFF_PROFILE,1,4,1,1,3,1,198,51,0,0,0.000000,0.000000,0.000000,0.000000
tracking_cdrone3_20260822_205237_900_milestone4,milestone4,1787457174.365646124,SYNC_PRE_TAKEOFF_PROFILE,1,4,1,1,3,1,198,51,0,0,0.000000,0.000000,0.000000,0.000000
tracking_cdrone3_20260822_205237_900_milestone4,milestone4,1787457174.465929747,SYNC_PRE_TAKEOFF_PROFILE,1,4,1,1,3,1,198,51,0,0,0.000000,0.000000,0.000000,0.000000
tracking_cdrone3_20260822_205237_900_milestone4,milestone4,1787457174.566903830,SYNC_PRE_TAKEOFF_PROFILE,1,4,1,1,3,1,198,51,0,0,0.000000,0.000000,0.000000,0.000000
tracking_cdrone3_20260822_205237_900_milestone4,milestone4,1787457174.665617228,SYNC_PRE_TAKEOFF_PROFILE,1,4,1,1,3,1,198,51,0,0,0.000000,0.000000,0.000000,0.000000
tracking_cdrone3_20260822_205237_900_milestone4,milestone4,1787457174.765834093,SYNC_PRE_TAKEOFF_PROFILE,1,4,1,1,3,1,198,51,0,0,0.000000,0.000000,0.000000,0.000000
tracking_cdrone3_20260822_205237_900_milestone4,milestone4,1787457174.865825653,SYNC_PRE_TAKEOFF_PROFILE,1,4,1,1,3,1,198,51,0,0,0.000000,0.000000,0.000000,0.000000
tracking_cdrone3_20260822_205237_900_milestone4,milestone4,1787457174.966160059,SYNC_PRE_TAKEOFF_PROFILE,1,4,1,1,3,1,198,51,0,0,0.000000,0.000000,0.000000,0.000000
tracking_cdrone3_20260822_205237_900_milestone4,milestone4,1787457175.065883398,SYNC_PRE_TAKEOFF_PROFILE,1,4,1,1,3,1,198,51,0,0,0.000000,0.000000,0.000000,0.000000
tracking_cdrone3_20260822_205237_900_milestone4,milestone4,1787457175.165783405,SYNC_PRE_TAKEOFF_PROFILE,1,4,1,1,3,1,198,51,0,0,0.000000,0.000000,0.000000,0.000000
tracking_cdrone3_20260822_205237_900_milestone4,milestone4,1787457175.266084909,SYNC_PRE_TAKEOFF_PROFILE,1,4,1,1,3,1,198,51,0,0,0.000000,0.000000,0.000000,0.000000
tracking_cdrone3_20260822_205237_900_milestone4,milestone4,1787457175.365905523,SYNC_PRE_TAKEOFF_PROFILE,1,3,1,1,2,1,198,51,0,0,0.000000,0.000000,0.000000,0.000000
tracking_cdrone3_20260822_205237_900_milestone4,milestone4,1787457175.465931416,SYNC_PRE_TAKEOFF_PROFILE,1,3,1,1,3,1,198,51,0,0,0.000000,0.000000,0.000000,0.000000
tracking_cdrone3_20260822_205237_900_milestone4,milestone4,1787457175.565924406,SYNC_PRE_TAKEOFF_PROFILE,1,3,1,1,2,1,198,51,0,0,0.000000,0.000000,0.000000,0.000000
tracking_cdrone3_20260822_205237_900_milestone4,milestone4,1787457175.665895224,SYNC_PRE_TAKEOFF_PROFILE,1,3,1,1,2,1,198,51,0,0,0.000000,0.000000,0.000000,0.000000
tracking_cdrone3_20260822_205237_900_milestone4,milestone4,1787457175.765871286,SYNC_PRE_TAKEOFF_PROFILE,1,3,1,1,2,1,198,51,0,0,0.000000,0.000000,0.000000,0.000000
tracking_cdrone3_20260822_205237_900_milestone4,milestone4,1787457175.866025209,SYNC_PRE_TAKEOFF_PROFILE,1,3,1,1,2,1,198,51,0,0,0.000000,0.000000,0.000000,0.000000
tracking_cdrone3_20260822_205237_900_milestone4,milestone4,1787457175.970476627,SYNC_PRE_TAKEOFF_PROFILE,1,3,1,1,2,1,198,51,0,0,0.000000,0.000000,0.000000,0.000000
tracking_cdrone3_20260822_205237_900_milestone4,milestone4,1787457176.065700531,SYNC_PRE_TAKEOFF_PROFILE,1,3,1,1,2,1,198,51,0,0,0.000000,0.000000,0.000000,0.000000
tracking_cdrone3_20260822_205237_900_milestone4,milestone4,1787457176.165708065,SYNC_PRE_TAKEOFF_PROFILE,1,2,1,1,1,1,198,51,0,0,0.000000,0.000000,0.000000,0.000000
tracking_cdrone3_20260822_205237_900_milestone4,milestone4,1787457176.265843391,SYNC_PRE_TAKEOFF_PROFILE,1,2,1,1,1,1,198,51,0,0,0.000000,0.000000,0.000000,0.000000
tracking_cdrone3_20260822_205237_900_milestone4,milestone4,1787457176.365636587,SYNC_PRE_TAKEOFF_PROFILE,1,2,1,1,1,1,198,51,0,0,0.000000,0.000000,0.000000,0.000000
tracking_cdrone3_20260822_205237_900_milestone4,milestone4,1787457176.465756655,SYNC_PRE_TAKEOFF_PROFILE,1,2,1,1,2,1,198,51,0,0,0.000000,0.000000,0.000000,0.000000
tracking_cdrone3_20260822_205237_900_milestone4,milestone4,1787457176.565869808,SYNC_PRE_TAKEOFF_PROFILE,1,2,1,1,1,1,198,51,0,0,0.000000,0.000000,0.000000,0.000000
tracking_cdrone3_20260822_205237_900_milestone4,milestone4,1787457176.665823221,SYNC_PRE_TAKEOFF_PROFILE,1,2,1,1,1,1,198,51,0,0,0.000000,0.000000,0.000000,0.000000
tracking_cdrone3_20260822_205237_900_milestone4,milestone4,1787457176.765913486,SYNC_PRE_TAKEOFF_PROFILE,1,1,1,1,0,0,198,51,0,0,0.000000,0.000000,0.000000,0.000000
tracking_cdrone3_20260822_205237_900_milestone4,milestone4,1787457176.865791082,SYNC_PRE_TAKEOFF_PROFILE,1,1,1,1,0,0,198,51,0,0,0.000000,0.000000,0.000000,0.000000
tracking_cdrone3_20260822_205237_900_milestone4,milestone4,1787457176.965924263,SYNC_PRE_TAKEOFF_PROFILE,1,1,1,1,1,1,198,51,0,0,0.000000,0.000000,0.000000,0.000000
tracking_cdrone3_20260822_205237_900_milestone4,milestone4,1787457177.066008568,SYNC_PRE_TAKEOFF_PROFILE,1,1,1,1,0,0,198,51,0,0,0.000000,0.000000,0.000000,0.000000
tracking_cdrone3_20260822_205237_900_milestone4,milestone4,1787457177.165810347,SYNC_PRE_TAKEOFF_PROFILE,1,1,1,1,0,0,198,51,0,0,0.000000,0.000000,0.000000,0.000000
tracking_cdrone3_20260822_205237_900_milestone4,milestone4,1787457177.266908169,SYNC_PRE_TAKEOFF_PROFILE,1,1,1,1,0,0,198,51,0,0,0.000000,0.000000,0.000000,0.000000
tracking_cdrone3_20260822_205237_900_milestone4,milestone4,1787457177.365698576,SYNC_PRE_TAKEOFF_PROFILE,1,1,1,1,0,0,198,51,0,0,0.000000,0.000000,0.000000,0.000000
tracking_cdrone3_20260822_205237_900_milestone4,milestone4,1787457177.468744516,SYNC_PRE_TAKEOFF_PROFILE,1,1,1,1,0,0,198,51,0,0,0.000000,0.000000,0.000000,0.000000
tracking_cdrone3_20260822_205237_900_milestone4,milestone4,1787457177.565757513,SYNC_PRE_TAKEOFF_PROFILE,1,1,1,1,0,0,198,51,0,0,0.000000,0.000000,0.000000,0.000000
tracking_cdrone3_20260822_205237_900_milestone4,milestone4,1787457177.665944099,SYNC_PRE_TAKEOFF_PROFILE,1,1,1,1,0,0,198,51,0,0,0.000000,0.000000,0.000000,0.000000
tracking_cdrone3_20260822_205237_900_milestone4,milestone4,1787457177.765915394,SYNC_PRE_TAKEOFF_PROFILE,1,1,1,1,0,0,198,51,0,0,0.000000,0.000000,0.000000,0.000000
tracking_cdrone3_20260822_205237_900_milestone4,milestone4,1787457177.866136789,SYNC_PRE_TAKEOFF_PROFILE,1,1,1,1,0,0,198,51,0,0,0.000000,0.000000,0.000000,0.000000
tracking_cdrone3_20260822_205237_900_milestone4,milestone4,1787457177.966178894,SYNC_PRE_TAKEOFF_PROFILE,1,1,1,1,0,0,198,51,0,0,0.000000,0.000000,0.000000,0.000000
tracking_cdrone3_20260822_205237_900_milestone4,milestone4,1787457178.065644741,SYNC_PRE_TAKEOFF_PROFILE,1,1,1,1,0,0,198,51,0,0,0.000000,0.000000,0.000000,0.000000
tracking_cdrone3_20260822_205237_900_milestone4,milestone4,1787457178.167318821,SYNC_PRE_TAKEOFF_PROFILE,1,1,1,1,0,0,198,51,0,0,0.000000,0.000000,0.000000,0.000000
tracking_cdrone3_20260822_205237_900_milestone4,milestone4,1787457178.265772343,SYNC_PRE_TAKEOFF_PROFILE,1,1,1,1,0,0,198,51,0,0,0.000000,0.000000,0.000000,0.000000
tracking_cdrone3_20260822_205237_900_milestone4,milestone4,1787457178.366113901,SYNC_PRE_TAKEOFF_PROFILE,1,1,1,1,0,0,198,51,0,0,0.000000,0.000000,0.000000,0.000000
tracking_cdrone3_20260822_205237_900_milestone4,milestone4,1787457178.465924978,SYNC_PRE_TAKEOFF_PROFILE,1,1,1,1,0,0,198,51,0,0,0.000000,0.000000,0.000000,0.000000
tracking_cdrone3_20260822_205237_900_milestone4,milestone4,1787457178.565751791,SYNC_PRE_TAKEOFF_PROFILE,1,1,1,1,0,0,198,51,0,0,0.000000,0.000000,0.000000,0.000000
tracking_cdrone3_20260822_205237_900_milestone4,milestone4,1787457178.666012049,SYNC_PRE_TAKEOFF_PROFILE,1,1,1,1,0,0,198,51,0,0,0.000000,0.000000,0.000000,0.000000
tracking_cdrone3_20260822_205237_900_milestone4,milestone4,1787457178.765884638,SYNC_PRE_TAKEOFF_PROFILE,1,1,1,1,0,0,198,51,0,0,0.000000,0.000000,0.000000,0.000000
tracking_cdrone3_20260822_205237_900_milestone4,milestone4,1787457178.866209984,SYNC_PRE_TAKEOFF_PROFILE,1,1,1,1,0,0,198,51,0,0,0.000000,0.000000,0.000000,0.000000
tracking_cdrone3_20260822_205237_900_milestone4,milestone4,1787457178.965663195,SYNC_PRE_TAKEOFF_PROFILE,1,1,1,1,0,0,198,51,0,0,0.000000,0.000000,0.000000,0.000000
tracking_cdrone3_20260822_205237_900_milestone4,milestone4,1787457179.065834761,SYNC_PRE_TAKEOFF_PROFILE,1,1,1,1,0,0,198,51,0,0,0.000000,0.000000,0.000000,0.000000
tracking_cdrone3_20260822_205237_900_milestone4,milestone4,1787457179.165629148,SYNC_PRE_TAKEOFF_PROFILE,1,1,1,1,0,0,198,51,0,0,0.000000,0.000000,0.000000,0.000000
tracking_cdrone3_20260822_205237_900_milestone4,milestone4,1787457179.266530275,SYNC_PRE_TAKEOFF_PROFILE,1,1,1,1,0,0,198,51,0,0,0.000000,0.000000,0.000000,0.000000
tracking_cdrone3_20260822_205237_900_milestone4,milestone4,1787457179.365556002,SYNC_PRE_TAKEOFF_PROFILE,1,1,1,1,0,0,198,51,0,0,0.000000,0.000000,0.000000,0.000000
tracking_cdrone3_20260822_205237_900_milestone4,milestone4,1787457179.465852976,SYNC_PRE_TAKEOFF_PROFILE,1,1,1,1,0,0,198,51,0,0,0.000000,0.000000,0.000000,0.000000
tracking_cdrone3_20260822_205237_900_milestone4,milestone4,1787457179.565871000,SYNC_PRE_TAKEOFF_PROFILE,1,1,1,1,0,0,198,51,0,0,0.000000,0.000000,0.000000,0.000000
tracking_cdrone3_20260822_205237_900_milestone4,milestone4,1787457179.665911198,SYNC_PRE_TAKEOFF_PROFILE,1,1,1,1,0,0,198,51,0,0,0.000000,0.000000,0.000000,0.000000
tracking_cdrone3_20260822_205237_900_milestone4,milestone4,1787457179.765567064,SYNC_PRE_TAKEOFF_PROFILE,1,1,1,1,0,0,198,51,0,0,0.000000,0.000000,0.000000,0.000000
tracking_cdrone3_20260822_205237_900_milestone4,milestone4,1787457179.865900755,SYNC_PRE_TAKEOFF_PROFILE,1,1,1,1,0,0,198,51,0,0,0.000000,0.000000,0.000000,0.000000
tracking_cdrone3_20260822_205237_900_milestone4,milestone4,1787457179.966296434,SYNC_PRE_TAKEOFF_PROFILE,1,1,1,1,0,0,198,51,0,0,0.000000,0.000000,0.000000,0.000000
tracking_cdrone3_20260822_205237_900_milestone4,milestone4,1787457180.065835714,SYNC_PRE_TAKEOFF_PROFILE,1,1,1,1,0,0,198,51,0,0,0.000000,0.000000,0.000000,0.000000
tracking_cdrone3_20260822_205237_900_milestone4,milestone4,1787457180.172961712,SYNC_PRE_TAKEOFF_PROFILE,1,1,1,1,0,0,198,51,0,0,0.000000,0.000000,0.000000,0.000000
tracking_cdrone3_20260822_205237_900_milestone4,milestone4,1787457180.265930176,SYNC_PRE_TAKEOFF_PROFILE,1,1,1,1,0,0,198,51,0,0,0.000000,0.000000,0.000000,0.000000
tracking_cdrone3_20260822_205237_900_milestone4,milestone4,1787457180.366260767,SYNC_PRE_TAKEOFF_PROFILE,1,1,1,1,0,0,198,51,0,0,0.000000,0.000000,0.000000,0.000000
tracking_cdrone3_20260822_205237_900_milestone4,milestone4,1787457180.467162132,SYNC_PRE_TAKEOFF_PROFILE,1,1,1,1,0,0,198,51,0,0,0.000000,0.000000,0.000000,0.000000
tracking_cdrone3_20260822_205237_900_milestone4,milestone4,1787457180.565891504,SYNC_PRE_TAKEOFF_PROFILE,1,1,1,1,0,0,198,51,0,0,0.000000,0.000000,0.000000,0.000000
tracking_cdrone3_20260822_205237_900_milestone4,milestone4,1787457180.665903330,SYNC_PRE_TAKEOFF_PROFILE,1,1,1,1,0,0,198,51,0,0,0.000000,0.000000,0.000000,0.000000
tracking_cdrone3_20260822_205237_900_milestone4,milestone4,1787457180.765741348,SYNC_PRE_TAKEOFF_PROFILE,1,1,1,1,0,0,198,51,0,0,0.000000,0.000000,0.000000,0.000000
tracking_cdrone3_20260822_205237_900_milestone4,milestone4,1787457180.866032362,SYNC_PRE_TAKEOFF_PROFILE,1,1,1,1,0,0,198,51,0,0,0.000000,0.000000,0.000000,0.000000
tracking_cdrone3_20260822_205237_900_milestone4,milestone4,1787457180.965835333,SYNC_PRE_TAKEOFF_PROFILE,1,1,1,1,0,0,198,51,0,0,0.000000,0.000000,0.000000,0.000000
tracking_cdrone3_20260822_205237_900_milestone4,milestone4,1787457181.065964937,SYNC_PRE_TAKEOFF_PROFILE,1,1,1,1,0,0,198,51,0,0,0.000000,0.000000,0.000000,0.000000
tracking_cdrone3_20260822_205237_900_milestone4,milestone4,1787457181.165681839,SYNC_PRE_TAKEOFF_PROFILE,1,1,1,1,0,0,198,51,0,0,0.000000,0.000000,0.000000,0.000000
tracking_cdrone3_20260822_205237_900_milestone4,milestone4,1787457181.266040087,SYNC_PRE_TAKEOFF_PROFILE,1,1,1,1,0,0,198,51,0,0,0.000000,0.000000,0.000000,0.000000
tracking_cdrone3_20260822_205237_900_milestone4,milestone4,1787457181.365581512,SYNC_PRE_TAKEOFF_PROFILE,1,1,1,1,0,0,198,51,0,0,0.000000,0.000000,0.000000,0.000000
tracking_cdrone3_20260822_205237_900_milestone4,milestone4,1787457181.465968609,SYNC_PRE_TAKEOFF_PROFILE,1,1,1,1,0,0,198,51,0,0,0.000000,0.000000,0.000000,0.000000
tracking_cdrone3_20260822_205237_900_milestone4,milestone4,1787457181.566114902,SYNC_PRE_TAKEOFF_PROFILE,1,1,1,1,0,0,198,51,0,0,0.000000,0.000000,0.000000,0.000000
tracking_cdrone3_20260822_205237_900_milestone4,milestone4,1787457181.665817738,SYNC_PRE_TAKEOFF_PROFILE,1,1,1,1,0,0,198,51,0,0,0.000000,0.000000,0.000000,0.000000
tracking_cdrone3_20260822_205237_900_milestone4,milestone4,1787457181.765661955,SYNC_PRE_TAKEOFF_PROFILE,1,1,1,1,0,0,198,51,0,0,0.000000,0.000000,0.000000,0.000000
tracking_cdrone3_20260822_205237_900_milestone4,milestone4,1787457181.865967989,SYNC_PRE_TAKEOFF_PROFILE,1,1,1,1,0,0,198,51,0,0,0.000000,0.000000,0.000000,0.000000
tracking_cdrone3_20260822_205237_900_milestone4,milestone4,1787457181.965753794,SYNC_PRE_TAKEOFF_PROFILE,1,1,1,1,0,0,198,51,0,0,0.000000,0.000000,0.000000,0.000000
tracking_cdrone3_20260822_205237_900_milestone4,milestone4,1787457182.065893412,SYNC_PRE_TAKEOFF_PROFILE,1,1,1,1,0,0,198,51,0,0,0.000000,0.000000,0.000000,0.000000
tracking_cdrone3_20260822_205237_900_milestone4,milestone4,1787457182.165758610,SYNC_PRE_TAKEOFF_PROFILE,1,1,1,1,0,0,198,51,0,0,0.000000,0.000000,0.000000,0.000000
tracking_cdrone3_20260822_205237_900_milestone4,milestone4,1787457182.265899420,SYNC_PRE_TAKEOFF_PROFILE,1,1,1,1,0,0,198,51,0,0,0.000000,0.000000,0.000000,0.000000
tracking_cdrone3_20260822_205237_900_milestone4,milestone4,1787457182.365616083,SYNC_PRE_TAKEOFF_PROFILE,1,1,1,1,0,0,198,51,0,0,0.000000,0.000000,0.000000,0.000000
tracking_cdrone3_20260822_205237_900_milestone4,milestone4,1787457182.465731859,SYNC_PRE_TAKEOFF_PROFILE,1,1,1,1,0,0,198,51,0,0,0.000000,0.000000,0.000000,0.000000
tracking_cdrone3_20260822_205237_900_milestone4,milestone4,1787457182.566091776,SYNC_PRE_TAKEOFF_PROFILE,1,1,1,1,0,0,198,51,0,0,0.000000,0.000000,0.000000,0.000000
tracking_cdrone3_20260822_205237_900_milestone4,milestone4,1787457182.665855646,SYNC_PRE_TAKEOFF_PROFILE,1,1,1,1,0,0,198,51,0,0,0.000000,0.000000,0.000000,0.000000
tracking_cdrone3_20260822_205237_900_milestone4,milestone4,1787457182.765707254,SYNC_PRE_TAKEOFF_PROFILE,1,1,1,1,0,0,198,51,0,0,0.000000,0.000000,0.000000,0.000000
tracking_cdrone3_20260822_205237_900_milestone4,milestone4,1787457182.867960215,SYNC_PRE_TAKEOFF_PROFILE,1,1,1,1,0,0,198,51,0,0,0.000000,0.000000,0.000000,0.000000
tracking_cdrone3_20260822_205237_900_milestone4,milestone4,1787457182.965996504,SYNC_PRE_TAKEOFF_PROFILE,1,1,1,1,0,0,198,51,0,0,0.000000,0.000000,0.000000,0.000000
tracking_cdrone3_20260822_205237_900_milestone4,milestone4,1787457183.065890312,SYNC_PRE_TAKEOFF_PROFILE,1,1,1,1,0,0,198,51,0,0,0.000000,0.000000,0.000000,0.000000
tracking_cdrone3_20260822_205237_900_milestone4,milestone4,1787457183.165898800,SYNC_PRE_TAKEOFF_PROFILE,1,1,1,1,0,0,198,51,0,0,0.000000,0.000000,0.000000,0.000000
tracking_cdrone3_20260822_205237_900_milestone4,milestone4,1787457183.265901804,SYNC_PRE_TAKEOFF_PROFILE,1,1,1,1,0,0,198,51,0,0,0.000000,0.000000,0.000000,0.000000
tracking_cdrone3_20260822_205237_900_milestone4,milestone4,1787457183.365890026,SYNC_PRE_TAKEOFF_PROFILE,1,1,1,1,0,0,198,51,0,0,0.000000,0.000000,0.000000,0.000000
tracking_cdrone3_20260822_205237_900_milestone4,milestone4,1787457183.465936184,SYNC_PRE_TAKEOFF_PROFILE,1,1,1,1,0,0,198,51,0,0,0.000000,0.000000,0.000000,0.000000
tracking_cdrone3_20260822_205237_900_milestone4,milestone4,1787457183.565864086,SYNC_PRE_TAKEOFF_PROFILE,1,1,1,1,0,0,198,51,0,0,0.000000,0.000000,0.000000,0.000000
tracking_cdrone3_20260822_205237_900_milestone4,milestone4,1787457183.666010380,SYNC_PRE_TAKEOFF_PROFILE,1,1,1,1,0,0,198,51,0,0,0.000000,0.000000,0.000000,0.000000
tracking_cdrone3_20260822_205237_900_milestone4,milestone4,1787457183.765788078,SYNC_PRE_TAKEOFF_PROFILE,1,1,1,1,0,0,198,51,0,0,0.000000,0.000000,0.000000,0.000000
tracking_cdrone3_20260822_205237_900_milestone4,milestone4,1787457183.865917683,SYNC_PRE_TAKEOFF_PROFILE,1,1,1,1,0,0,198,51,0,0,0.000000,0.000000,0.000000,0.000000
tracking_cdrone3_20260822_205237_900_milestone4,milestone4,1787457183.966022730,SYNC_PRE_TAKEOFF_PROFILE,1,1,1,1,0,0,198,51,0,0,0.000000,0.000000,0.000000,0.000000
tracking_cdrone3_20260822_205237_900_milestone4,milestone4,1787457184.065779924,SYNC_PRE_TAKEOFF_PROFILE,1,1,1,1,0,0,198,51,0,0,0.000000,0.000000,0.000000,0.000000
tracking_cdrone3_20260822_205237_900_milestone4,milestone4,1787457184.165622711,SYNC_PRE_TAKEOFF_PROFILE,1,1,1,1,0,0,198,51,0,0,0.000000,0.000000,0.000000,0.000000
tracking_cdrone3_20260822_205237_900_milestone4,milestone4,1787457184.269439936,SYNC_PRE_TAKEOFF_PROFILE,1,1,1,1,0,0,198,51,0,0,0.000000,0.000000,0.000000,0.000000
tracking_cdrone3_20260822_205237_900_milestone4,milestone4,1787457184.366928577,SYNC_PRE_TAKEOFF_PROFILE,1,1,1,1,0,0,198,51,0,0,0.000000,0.000000,0.000000,0.000000
tracking_cdrone3_20260822_205237_900_milestone4,milestone4,1787457184.465992212,SYNC_PRE_TAKEOFF_PROFILE,1,1,1,1,0,0,198,51,0,0,0.000000,0.000000,0.000000,0.000000
tracking_cdrone3_20260822_205237_900_milestone4,milestone4,1787457184.565729141,SYNC_PRE_TAKEOFF_PROFILE,1,1,1,1,0,0,198,51,0,0,0.000000,0.000000,0.000000,0.000000
tracking_cdrone3_20260822_205237_900_milestone4,milestone4,1787457184.666043043,SYNC_PRE_TAKEOFF_PROFILE,1,1,1,1,0,0,198,51,0,0,0.000000,0.000000,0.000000,0.000000
tracking_cdrone3_20260822_205237_900_milestone4,milestone4,1787457184.765933752,SYNC_PRE_TAKEOFF_PROFILE,1,1,1,1,0,0,198,51,0,0,0.000000,0.000000,0.000000,0.000000
tracking_cdrone3_20260822_205237_900_milestone4,milestone4,1787457184.866013527,SYNC_PRE_TAKEOFF_PROFILE,1,1,1,1,0,0,198,51,0,0,0.000000,0.000000,0.000000,0.000000
tracking_cdrone3_20260822_205237_900_milestone4,milestone4,1787457184.966617346,SYNC_PRE_TAKEOFF_PROFILE,1,1,1,1,0,0,198,51,0,0,0.000000,0.000000,0.000000,0.000000
tracking_cdrone3_20260822_205237_900_milestone4,milestone4,1787457185.065575600,SYNC_PRE_TAKEOFF_PROFILE,1,1,1,1,0,0,198,51,0,0,0.000000,0.000000,0.000000,0.000000
tracking_cdrone3_20260822_205237_900_milestone4,milestone4,1787457185.166218281,SYNC_PRE_TAKEOFF_PROFILE,1,1,1,1,0,0,198,51,0,0,0.000000,0.000000,0.000000,0.000000
tracking_cdrone3_20260822_205237_900_milestone4,milestone4,1787457185.265867472,SYNC_PRE_TAKEOFF_PROFILE,1,1,1,1,0,0,198,51,0,0,0.000000,0.000000,0.000000,0.000000
tracking_cdrone3_20260822_205237_900_milestone4,milestone4,1787457185.365854979,SYNC_PRE_TAKEOFF_PROFILE,1,1,1,1,0,0,198,51,0,0,0.000000,0.000000,0.000000,0.000000
tracking_cdrone3_20260822_205237_900_milestone4,milestone4,1787457185.465895891,SYNC_PRE_TAKEOFF_PROFILE,1,1,1,1,0,0,198,51,0,0,0.000000,0.000000,0.000000,0.000000
tracking_cdrone3_20260822_205237_900_milestone4,milestone4,1787457185.565905333,SYNC_PRE_TAKEOFF_PROFILE,1,1,1,1,0,0,198,51,0,0,0.000000,0.000000,0.000000,0.000000
tracking_cdrone3_20260822_205237_900_milestone4,milestone4,1787457185.665936232,SYNC_PRE_TAKEOFF_PROFILE,1,1,1,1,0,0,198,51,0,0,0.000000,0.000000,0.000000,0.000000
tracking_cdrone3_20260822_205237_900_milestone4,milestone4,1787457185.765631199,SYNC_PRE_TAKEOFF_PROFILE,1,1,1,1,0,0,198,51,0,0,0.000000,0.000000,0.000000,0.000000
tracking_cdrone3_20260822_205237_900_milestone4,milestone4,1787457185.865650415,SYNC_PRE_TAKEOFF_PROFILE,1,1,1,1,0,0,198,51,0,0,0.000000,0.000000,0.000000,0.000000
tracking_cdrone3_20260822_205237_900_milestone4,milestone4,1787457185.967473984,SYNC_PRE_TAKEOFF_PROFILE,1,1,1,1,0,0,198,51,0,0,0.000000,0.000000,0.000000,0.000000
tracking_cdrone3_20260822_205237_900_milestone4,milestone4,1787457186.066135645,SYNC_PRE_TAKEOFF_PROFILE,1,1,1,1,0,0,198,51,0,0,0.000000,0.000000,0.000000,0.000000
tracking_cdrone3_20260822_205237_900_milestone4,milestone4,1787457186.165647507,SYNC_PRE_TAKEOFF_PROFILE,1,1,1,1,0,0,198,51,0,0,0.000000,0.000000,0.000000,0.000000
tracking_cdrone3_20260822_205237_900_milestone4,milestone4,1787457186.265828848,SYNC_PRE_TAKEOFF_PROFILE,1,1,1,1,0,0,198,51,0,0,0.000000,0.000000,0.000000,0.000000
tracking_cdrone3_20260822_205237_900_milestone4,milestone4,1787457186.366519451,SYNC_PRE_TAKEOFF_PROFILE,1,1,1,1,0,0,198,51,0,0,0.000000,0.000000,0.000000,0.000000
tracking_cdrone3_20260822_205237_900_milestone4,milestone4,1787457186.465765953,SYNC_PRE_TAKEOFF_PROFILE,1,1,1,1,0,0,198,51,0,0,0.000000,0.000000,0.000000,0.000000
tracking_cdrone3_20260822_205237_900_milestone4,milestone4,1787457186.565877438,SYNC_PRE_TAKEOFF_PROFILE,1,1,1,1,0,0,198,51,0,0,0.000000,0.000000,0.000000,0.000000
tracking_cdrone3_20260822_205237_900_milestone4,milestone4,1787457186.665706635,SYNC_PRE_TAKEOFF_PROFILE,1,1,1,1,0,0,198,51,0,0,0.000000,0.000000,0.000000,0.000000
tracking_cdrone3_20260822_205237_900_milestone4,milestone4,1787457186.765653133,SYNC_PRE_TAKEOFF_PROFILE,1,1,1,1,0,0,198,51,0,0,0.000000,0.000000,0.000000,0.000000
tracking_cdrone3_20260822_205237_900_milestone4,milestone4,1787457186.865575790,SYNC_PRE_TAKEOFF_PROFILE,1,1,1,1,0,0,198,51,0,0,0.000000,0.000000,0.000000,0.000000
tracking_cdrone3_20260822_205237_900_milestone4,milestone4,1787457186.965759039,SYNC_PRE_TAKEOFF_PROFILE,1,1,1,1,0,0,198,51,0,0,0.000000,0.000000,0.000000,0.000000
tracking_cdrone3_20260822_205237_900_milestone4,milestone4,1787457187.066107035,SYNC_PRE_TAKEOFF_PROFILE,1,1,1,1,0,0,198,51,0,0,0.000000,0.000000,0.000000,0.000000
tracking_cdrone3_20260822_205237_900_milestone4,milestone4,1787457187.166148901,SYNC_PRE_TAKEOFF_PROFILE,1,1,1,1,0,0,198,51,0,0,0.000000,0.000000,0.000000,0.000000
tracking_cdrone3_20260822_205237_900_milestone4,milestone4,1787457187.265777826,SYNC_PRE_TAKEOFF_PROFILE,1,1,1,1,0,0,198,51,0,0,0.000000,0.000000,0.000000,0.000000
tracking_cdrone3_20260822_205237_900_milestone4,milestone4,1787457187.365719557,SYNC_PRE_TAKEOFF_PROFILE,1,1,1,1,0,0,198,51,0,0,0.000000,0.000000,0.000000,0.000000
tracking_cdrone3_20260822_205237_900_milestone4,milestone4,1787457187.465988636,SYNC_PRE_TAKEOFF_PROFILE,1,1,1,1,0,0,198,51,0,0,0.000000,0.000000,0.000000,0.000000
tracking_cdrone3_20260822_205237_900_milestone4,milestone4,1787457187.565984249,SYNC_PRE_TAKEOFF_PROFILE,1,1,1,1,0,0,198,51,0,0,0.000000,0.000000,0.000000,0.000000
tracking_cdrone3_20260822_205237_900_milestone4,milestone4,1787457187.665754080,SYNC_PRE_TAKEOFF_PROFILE,1,1,1,1,0,0,198,51,0,0,0.000000,0.000000,0.000000,0.000000
tracking_cdrone3_20260822_205237_900_milestone4,milestone4,1787457187.765936375,SYNC_PRE_TAKEOFF_PROFILE,1,1,1,1,0,0,198,51,0,0,0.000000,0.000000,0.000000,0.000000
tracking_cdrone3_20260822_205237_900_milestone4,milestone4,1787457187.865852833,SYNC_PRE_TAKEOFF_PROFILE,1,1,1,1,0,0,198,51,0,0,0.000000,0.000000,0.000000,0.000000
tracking_cdrone3_20260822_205237_900_milestone4,milestone4,1787457187.967553139,SYNC_PRE_TAKEOFF_PROFILE,1,1,1,1,0,0,198,51,0,0,0.000000,0.000000,0.000000,0.000000
tracking_cdrone3_20260822_205237_900_milestone4,milestone4,1787457188.065620184,SYNC_PRE_TAKEOFF_PROFILE,1,1,1,1,0,0,198,51,0,0,0.000000,0.000000,0.000000,0.000000
tracking_cdrone3_20260822_205237_900_milestone4,milestone4,1787457188.165950060,SYNC_PRE_TAKEOFF_PROFILE,1,1,1,1,0,0,198,51,0,0,0.000000,0.000000,0.000000,0.000000
tracking_cdrone3_20260822_205237_900_milestone4,milestone4,1787457188.265986204,SYNC_PRE_TAKEOFF_PROFILE,1,1,1,1,0,0,198,51,0,0,0.000000,0.000000,0.000000,0.000000
tracking_cdrone3_20260822_205237_900_milestone4,milestone4,1787457188.365922213,SYNC_PRE_TAKEOFF_PROFILE,1,1,1,1,0,0,198,51,0,0,0.000000,0.000000,0.000000,0.000000
tracking_cdrone3_20260822_205237_900_milestone4,milestone4,1787457188.466812849,SET_TAKEOFF_MODE,1,1,1,1,0,0,198,51,0,0,0.000000,0.000000,0.000000,0.000000
tracking_cdrone3_20260822_205237_900_milestone4,milestone4,1787457188.565937519,ARMING,1,1,1,1,0,0,198,51,0,0,0.000000,0.000000,0.000000,0.000000
tracking_cdrone3_20260822_205237_900_milestone4,milestone4,1787457188.665663481,ARMING,1,1,1,1,0,0,198,51,0,0,0.000000,0.000000,0.000000,0.000000
tracking_cdrone3_20260822_205237_900_milestone4,milestone4,1787457188.765914679,ARMING,1,1,1,1,0,0,198,51,0,0,0.000000,0.000000,0.000000,0.000000
tracking_cdrone3_20260822_205237_900_milestone4,milestone4,1787457188.865933418,ARMING,1,1,1,1,0,0,198,51,0,0,0.000000,0.000000,0.000000,0.000000
tracking_cdrone3_20260822_205237_900_milestone4,milestone4,1787457188.965966940,ARMING,1,1,1,1,0,0,198,51,0,0,0.000000,0.000000,0.000000,0.000000
tracking_cdrone3_20260822_205237_900_milestone4,milestone4,1787457189.067276716,ARMING,1,1,1,1,0,0,198,51,0,0,0.000000,0.000000,0.000000,0.000000
tracking_cdrone3_20260822_205237_900_milestone4,milestone4,1787457189.165652514,ARMING,1,1,1,1,0,0,198,51,0,0,0.000000,0.000000,0.000000,0.000000
tracking_cdrone3_20260822_205237_900_milestone4,milestone4,1787457189.265881538,ARMING,1,1,1,1,0,0,198,51,0,0,0.000000,0.000000,0.000000,0.000000
tracking_cdrone3_20260822_205237_900_milestone4,milestone4,1787457189.365948200,ARMING,1,1,1,1,0,0,198,51,0,0,0.000000,0.000000,0.000000,0.000000
tracking_cdrone3_20260822_205237_900_milestone4,milestone4,1787457189.465954065,ARMING,1,1,1,1,0,0,198,51,0,0,0.000000,0.000000,0.000000,0.000000
tracking_cdrone3_20260822_205237_900_milestone4,milestone4,1787457189.565890551,ARMING,1,1,1,1,0,0,198,51,0,0,0.000000,0.000000,0.000000,0.000000
tracking_cdrone3_20260822_205237_900_milestone4,milestone4,1787457189.665875196,ARMING,1,1,1,1,0,0,198,51,0,0,0.000000,0.000000,0.000000,0.000000
tracking_cdrone3_20260822_205237_900_milestone4,milestone4,1787457189.765632868,ARMING,1,1,1,1,0,0,198,51,0,0,0.000000,0.000000,0.000000,0.000000
tracking_cdrone3_20260822_205237_900_milestone4,milestone4,1787457189.865925312,ARMING,1,1,1,1,0,0,198,51,0,0,0.000000,0.000000,0.000000,0.000000
tracking_cdrone3_20260822_205237_900_milestone4,milestone4,1787457189.965895891,ARMING,1,1,1,1,0,0,198,51,0,0,0.000000,0.000000,0.000000,0.000000
tracking_cdrone3_20260822_205237_900_milestone4,milestone4,1787457190.066030264,ARMING,1,1,1,1,0,0,198,51,0,0,0.000000,0.000000,0.000000,0.000000
tracking_cdrone3_20260822_205237_900_milestone4,milestone4,1787457190.166273117,ARMING,1,1,1,1,0,0,198,51,0,0,0.000000,0.000000,0.000000,0.000000
tracking_cdrone3_20260822_205237_900_milestone4,milestone4,1787457190.265558958,ARMING,1,1,1,1,0,0,198,51,0,0,0.000000,0.000000,0.000000,0.000000
tracking_cdrone3_20260822_205237_900_milestone4,milestone4,1787457190.366021633,ARMING,1,1,1,1,0,0,198,51,0,0,0.000000,0.000000,0.000000,0.000000
tracking_cdrone3_20260822_205237_900_milestone4,milestone4,1787457190.465593576,ARMING,1,1,1,1,0,0,198,51,0,0,0.000000,0.000000,0.000000,0.000000
tracking_cdrone3_20260822_205237_900_milestone4,milestone4,1787457190.565675497,TAKEOFF,1,1,1,1,0,0,198,51,0,0,0.000000,0.000000,0.000000,0.000000
tracking_cdrone3_20260822_205237_900_milestone4,milestone4,1787457190.665683270,TAKEOFF,1,1,1,1,0,0,198,51,0,0,0.000000,0.000000,0.000000,0.000000
tracking_cdrone3_20260822_205237_900_milestone4,milestone4,1787457190.765661001,TAKEOFF,1,1,1,1,0,0,198,51,0,0,0.000000,0.000000,0.000000,0.000000
tracking_cdrone3_20260822_205237_900_milestone4,milestone4,1787457190.865714550,TAKEOFF,1,1,1,1,0,0,198,51,0,0,0.000000,0.000000,0.000000,0.000000
tracking_cdrone3_20260822_205237_900_milestone4,milestone4,1787457190.965934515,TAKEOFF,1,1,1,1,0,0,198,51,0,0,0.000000,0.000000,0.000000,0.000000
tracking_cdrone3_20260822_205237_900_milestone4,milestone4,1787457191.066288233,TAKEOFF,1,1,1,1,0,0,198,51,0,0,0.000000,0.000000,0.000000,0.000000
tracking_cdrone3_20260822_205237_900_milestone4,milestone4,1787457191.165598392,TAKEOFF,1,1,1,1,0,0,198,51,0,0,0.000000,0.000000,0.000000,0.000000
tracking_cdrone3_20260822_205237_900_milestone4,milestone4,1787457191.265887737,TAKEOFF,1,1,1,1,0,0,198,51,0,0,0.000000,0.000000,0.000000,0.000000
tracking_cdrone3_20260822_205237_900_milestone4,milestone4,1787457191.365720034,TAKEOFF,1,1,1,1,0,0,198,51,0,0,0.000000,0.000000,0.000000,0.000000
tracking_cdrone3_20260822_205237_900_milestone4,milestone4,1787457191.465781212,TAKEOFF,1,1,1,1,0,0,198,51,0,0,0.000000,0.000000,0.000000,0.000000
tracking_cdrone3_20260822_205237_900_milestone4,milestone4,1787457191.566347837,TAKEOFF,1,1,1,1,0,0,198,51,0,0,0.000000,0.000000,0.000000,0.000000
tracking_cdrone3_20260822_205237_900_milestone4,milestone4,1787457191.665637493,TAKEOFF,1,1,1,1,0,0,198,51,0,0,0.000000,0.000000,0.000000,0.000000
tracking_cdrone3_20260822_205237_900_milestone4,milestone4,1787457191.765856981,TAKEOFF,1,1,1,1,0,0,198,51,0,0,0.000000,0.000000,0.000000,0.000000
tracking_cdrone3_20260822_205237_900_milestone4,milestone4,1787457191.865915537,TAKEOFF,1,1,1,1,0,0,198,51,0,0,0.000000,0.000000,0.000000,0.000000
tracking_cdrone3_20260822_205237_900_milestone4,milestone4,1787457191.965893269,TAKEOFF,1,1,1,1,0,0,198,51,0,0,0.000000,0.000000,0.000000,0.000000
tracking_cdrone3_20260822_205237_900_milestone4,milestone4,1787457192.065611839,TAKEOFF,1,1,1,1,0,0,198,51,0,0,0.000000,0.000000,0.000000,0.000000
tracking_cdrone3_20260822_205237_900_milestone4,milestone4,1787457192.166000843,TAKEOFF,1,1,1,1,0,0,198,51,0,0,0.000000,0.000000,0.000000,0.000000
tracking_cdrone3_20260822_205237_900_milestone4,milestone4,1787457192.265907288,TAKEOFF,1,1,1,1,0,0,198,51,0,0,0.000000,0.000000,0.000000,0.000000
tracking_cdrone3_20260822_205237_900_milestone4,milestone4,1787457192.365993977,TAKEOFF,1,1,1,1,0,0,198,51,0,0,0.000000,0.000000,0.000000,0.000000
tracking_cdrone3_20260822_205237_900_milestone4,milestone4,1787457192.465741873,TAKEOFF,1,1,1,1,0,0,198,51,0,0,0.000000,0.000000,0.000000,0.000000
tracking_cdrone3_20260822_205237_900_milestone4,milestone4,1787457192.565933228,TAKEOFF,1,1,1,1,0,0,198,51,0,0,0.000000,0.000000,0.000000,0.000000
tracking_cdrone3_20260822_205237_900_milestone4,milestone4,1787457192.665567636,TAKEOFF,1,1,1,1,0,0,198,51,0,0,0.000000,0.000000,0.000000,0.000000
tracking_cdrone3_20260822_205237_900_milestone4,milestone4,1787457192.765721798,TAKEOFF,1,1,1,1,0,0,198,51,0,0,0.000000,0.000000,0.000000,0.000000
tracking_cdrone3_20260822_205237_900_milestone4,milestone4,1787457192.865583420,TAKEOFF,1,1,1,1,0,0,198,51,0,0,0.000000,0.000000,0.000000,0.000000
tracking_cdrone3_20260822_205237_900_milestone4,milestone4,1787457192.965759516,TAKEOFF,1,1,1,1,0,0,198,51,0,0,0.000000,0.000000,0.000000,0.000000
tracking_cdrone3_20260822_205237_900_milestone4,milestone4,1787457193.065593958,TAKEOFF,1,1,1,1,0,0,198,51,0,0,0.000000,0.000000,0.000000,0.000000
tracking_cdrone3_20260822_205237_900_milestone4,milestone4,1787457193.166046143,TAKEOFF,1,1,1,1,0,0,198,51,0,0,0.000000,0.000000,0.000000,0.000000
tracking_cdrone3_20260822_205237_900_milestone4,milestone4,1787457193.265828848,TAKEOFF,1,1,1,1,0,0,198,51,0,0,0.000000,0.000000,0.000000,0.000000
tracking_cdrone3_20260822_205237_900_milestone4,milestone4,1787457193.365959644,TAKEOFF,1,1,1,1,0,0,198,51,0,0,0.000000,0.000000,0.000000,0.000000
tracking_cdrone3_20260822_205237_900_milestone4,milestone4,1787457193.465575218,TAKEOFF,1,1,1,1,0,0,198,51,0,0,0.000000,0.000000,0.000000,0.000000
tracking_cdrone3_20260822_205237_900_milestone4,milestone4,1787457193.565618277,TAKEOFF,1,1,1,1,0,0,198,51,0,0,0.000000,0.000000,0.000000,0.000000
tracking_cdrone3_20260822_205237_900_milestone4,milestone4,1787457193.665674925,TAKEOFF,1,1,1,1,0,0,198,51,0,0,0.000000,0.000000,0.000000,0.000000
tracking_cdrone3_20260822_205237_900_milestone4,milestone4,1787457193.765894175,TAKEOFF,1,1,1,1,0,0,198,51,0,0,0.000000,0.000000,0.000000,0.000000
tracking_cdrone3_20260822_205237_900_milestone4,milestone4,1787457193.865721703,TAKEOFF,2,2,1,1,0,0,198,51,0,0,0.000000,0.000000,0.000000,0.000000
tracking_cdrone3_20260822_205237_900_milestone4,milestone4,1787457193.966221094,TAKEOFF,2,2,1,1,0,0,198,51,0,0,0.000000,0.000000,0.000000,0.000000
tracking_cdrone3_20260822_205237_900_milestone4,milestone4,1787457194.065939903,TAKEOFF,2,2,1,1,0,0,211,52,0,0,0.000000,0.000000,0.000000,0.000000
tracking_cdrone3_20260822_205237_900_milestone4,milestone4,1787457194.165656090,TAKEOFF,2,2,1,1,0,0,211,52,0,0,0.000000,0.000000,0.000000,0.000000
tracking_cdrone3_20260822_205237_900_milestone4,milestone4,1787457194.265971661,TAKEOFF,2,2,1,1,0,0,211,52,0,0,0.000000,0.000000,0.000000,0.000000
tracking_cdrone3_20260822_205237_900_milestone4,milestone4,1787457194.365924120,TAKEOFF,2,2,1,1,0,0,211,52,0,0,0.000000,0.000000,0.000000,0.000000
tracking_cdrone3_20260822_205237_900_milestone4,milestone4,1787457194.465953112,TAKEOFF,2,2,1,1,0,0,211,52,0,0,0.000000,0.000000,0.000000,0.000000
tracking_cdrone3_20260822_205237_900_milestone4,milestone4,1787457194.565645933,TAKEOFF,2,2,1,1,0,0,211,52,0,0,0.000000,0.000000,0.000000,0.000000
tracking_cdrone3_20260822_205237_900_milestone4,milestone4,1787457194.665858269,TAKEOFF,2,2,1,1,0,0,211,52,0,0,0.000000,0.000000,0.000000,0.000000
tracking_cdrone3_20260822_205237_900_milestone4,milestone4,1787457194.766051054,TAKEOFF,2,2,1,1,0,0,211,52,0,0,0.000000,0.000000,0.000000,0.000000
tracking_cdrone3_20260822_205237_900_milestone4,milestone4,1787457194.865918398,TAKEOFF,3,3,1,1,0,0,211,52,0,0,0.000000,0.000000,0.000000,0.000000
tracking_cdrone3_20260822_205237_900_milestone4,milestone4,1787457194.965687037,TAKEOFF,3,3,1,1,0,0,211,52,0,0,0.000000,0.000000,0.000000,0.000000
tracking_cdrone3_20260822_205237_900_milestone4,milestone4,1787457195.065881252,TAKEOFF,3,3,1,1,0,0,211,52,0,0,0.000000,0.000000,0.000000,0.000000
tracking_cdrone3_20260822_205237_900_milestone4,milestone4,1787457195.165578842,TAKEOFF,2,3,1,1,1,1,198,52,0,0,0.000000,0.000000,0.000000,0.000000
tracking_cdrone3_20260822_205237_900_milestone4,milestone4,1787457195.265941620,TAKEOFF,2,3,1,1,1,1,198,52,0,0,0.000000,0.000000,0.000000,0.000000
tracking_cdrone3_20260822_205237_900_milestone4,milestone4,1787457195.368551254,TAKEOFF,2,3,1,1,1,1,198,52,0,0,0.000000,0.000000,0.000000,0.000000
tracking_cdrone3_20260822_205237_900_milestone4,milestone4,1787457195.465862513,TAKEOFF,2,3,1,1,1,1,198,51,0,0,0.000000,0.000000,0.000000,0.000000
tracking_cdrone3_20260822_205237_900_milestone4,milestone4,1787457195.566478014,TAKEOFF,2,3,1,1,1,1,198,51,0,0,0.000000,0.000000,0.000000,0.000000
tracking_cdrone3_20260822_205237_900_milestone4,milestone4,1787457195.665761948,TAKEOFF,2,3,1,1,1,1,198,52,0,0,0.000000,0.000000,0.000000,0.000000
tracking_cdrone3_20260822_205237_900_milestone4,milestone4,1787457195.766015530,TAKEOFF,2,3,1,1,1,1,198,52,0,0,0.000000,0.000000,0.000000,0.000000
tracking_cdrone3_20260822_205237_900_milestone4,milestone4,1787457195.866492271,TAKEOFF,2,3,1,1,1,1,198,51,0,0,0.000000,0.000000,0.000000,0.000000
tracking_cdrone3_20260822_205237_900_milestone4,milestone4,1787457195.965589046,TAKEOFF,2,3,1,1,1,1,212,53,0,0,0.000000,0.000000,0.000000,0.000000
tracking_cdrone3_20260822_205237_900_milestone4,milestone4,1787457196.065830946,TAKEOFF,2,3,1,1,1,1,212,53,0,0,0.000000,0.000000,0.000000,0.000000
tracking_cdrone3_20260822_205237_900_milestone4,milestone4,1787457196.165724754,TAKEOFF,2,3,1,1,3,1,212,53,0,0,0.000000,0.000000,0.000000,0.000000
tracking_cdrone3_20260822_205237_900_milestone4,milestone4,1787457196.265872240,TAKEOFF,2,3,1,1,1,1,198,51,0,0,0.000000,0.000000,0.000000,0.000000
tracking_cdrone3_20260822_205237_900_milestone4,milestone4,1787457196.365720272,TAKEOFF,2,3,1,1,1,1,198,51,0,0,0.000000,0.000000,0.000000,0.000000
tracking_cdrone3_20260822_205237_900_milestone4,milestone4,1787457196.466005325,TAKEOFF,2,3,1,1,3,1,198,51,0,0,0.000000,0.000000,0.000000,0.000000
tracking_cdrone3_20260822_205237_900_milestone4,milestone4,1787457196.565652847,TAKEOFF,2,3,1,1,1,1,212,53,0,0,0.000000,0.000000,0.000000,0.000000
tracking_cdrone3_20260822_205237_900_milestone4,milestone4,1787457196.665949345,TAKEOFF,2,3,1,1,1,1,212,53,0,0,0.000000,0.000000,0.000000,0.000000
tracking_cdrone3_20260822_205237_900_milestone4,milestone4,1787457196.766105890,TAKEOFF,2,3,1,1,3,1,198,53,0,0,0.000000,0.000000,0.000000,0.000000
tracking_cdrone3_20260822_205237_900_milestone4,milestone4,1787457196.865929365,TAKEOFF,2,3,1,1,1,1,198,51,0,0,0.000000,0.000000,0.000000,0.000000
tracking_cdrone3_20260822_205237_900_milestone4,milestone4,1787457196.966313839,TAKEOFF,2,3,1,1,1,1,198,51,0,0,0.000000,0.000000,0.000000,0.000000
tracking_cdrone3_20260822_205237_900_milestone4,milestone4,1787457197.068911076,TAKEOFF,2,3,1,1,1,1,198,51,0,0,0.000000,0.000000,0.000000,0.000000
tracking_cdrone3_20260822_205237_900_milestone4,milestone4,1787457197.166297436,TAKEOFF,2,3,1,1,1,1,198,51,0,0,0.000000,0.000000,0.000000,0.000000
tracking_cdrone3_20260822_205237_900_milestone4,milestone4,1787457197.266094923,TAKEOFF,2,3,1,1,1,1,198,51,0,0,0.000000,0.000000,0.000000,0.000000
tracking_cdrone3_20260822_205237_900_milestone4,milestone4,1787457197.365578651,TAKEOFF,2,3,1,1,1,1,198,51,0,0,0.000000,0.000000,0.000000,0.000000
tracking_cdrone3_20260822_205237_900_milestone4,milestone4,1787457197.465885639,TAKEOFF,2,3,1,1,1,1,198,51,0,0,0.000000,0.000000,0.000000,0.000000
tracking_cdrone3_20260822_205237_900_milestone4,milestone4,1787457197.570694685,WARMUP_OFFBOARD,2,3,1,1,1,1,198,51,0,0,0.000000,0.000000,0.000000,0.000000
tracking_cdrone3_20260822_205237_900_milestone4,milestone4,1787457197.665620804,WARMUP_OFFBOARD,2,3,1,1,1,1,198,51,0,0,0.000000,0.000000,0.000000,0.000000
tracking_cdrone3_20260822_205237_900_milestone4,milestone4,1787457197.765609503,WARMUP_OFFBOARD,2,3,1,1,1,1,198,51,0,0,0.000000,0.000000,0.000000,0.000000
tracking_cdrone3_20260822_205237_900_milestone4,milestone4,1787457197.866180658,WARMUP_OFFBOARD,2,3,1,1,1,1,198,51,0,0,0.000000,0.000000,0.000000,0.000000
tracking_cdrone3_20260822_205237_900_milestone4,milestone4,1787457197.965837002,WARMUP_OFFBOARD,2,3,1,1,1,1,198,51,0,0,0.000000,0.000000,0.000000,0.000000
tracking_cdrone3_20260822_205237_900_milestone4,milestone4,1787457198.065794230,WARMUP_OFFBOARD,2,3,1,1,3,1,198,51,0,0,0.000000,0.000000,0.000000,0.000000
tracking_cdrone3_20260822_205237_900_milestone4,milestone4,1787457198.165939093,WARMUP_OFFBOARD,2,3,1,1,1,1,198,51,0,0,0.000000,0.000000,0.000000,0.000000
tracking_cdrone3_20260822_205237_900_milestone4,milestone4,1787457198.265973806,WARMUP_OFFBOARD,2,3,1,1,1,1,198,51,0,0,0.000000,0.000000,0.000000,0.000000
tracking_cdrone3_20260822_205237_900_milestone4,milestone4,1787457198.366002798,WARMUP_OFFBOARD,2,3,1,1,1,1,198,51,0,0,0.000000,0.000000,0.000000,0.000000
tracking_cdrone3_20260822_205237_900_milestone4,milestone4,1787457198.465676785,WARMUP_OFFBOARD,2,3,1,1,1,1,198,51,0,0,0.000000,0.000000,0.000000,0.000000
tracking_cdrone3_20260822_205237_900_milestone4,milestone4,1787457198.566286564,WARMUP_OFFBOARD,2,3,1,1,1,1,198,51,0,0,0.000000,0.000000,0.000000,0.000000
tracking_cdrone3_20260822_205237_900_milestone4,milestone4,1787457198.665857792,WARMUP_OFFBOARD,2,3,1,1,1,1,212,53,0,0,0.000000,0.000000,0.000000,0.000000
tracking_cdrone3_20260822_205237_900_milestone4,milestone4,1787457198.765828371,WARMUP_OFFBOARD,2,3,1,1,1,1,212,53,0,0,0.000000,0.000000,0.000000,0.000000
tracking_cdrone3_20260822_205237_900_milestone4,milestone4,1787457198.865856886,WARMUP_OFFBOARD,2,3,1,1,1,1,198,53,0,0,0.000000,0.000000,0.000000,0.000000
tracking_cdrone3_20260822_205237_900_milestone4,milestone4,1787457198.966005325,WARMUP_OFFBOARD,2,3,1,1,1,1,198,51,0,0,0.000000,0.000000,0.000000,0.000000
tracking_cdrone3_20260822_205237_900_milestone4,milestone4,1787457199.065822124,WARMUP_OFFBOARD,2,3,1,1,1,1,198,51,0,0,0.000000,0.000000,0.000000,0.000000
tracking_cdrone3_20260822_205237_900_milestone4,milestone4,1787457199.165913820,SET_OFFBOARD_MODE,2,3,1,1,1,1,198,51,0,0,0.000000,0.000000,0.000000,0.000000
tracking_cdrone3_20260822_205237_900_milestone4,milestone4,1787457199.265903950,SET_OFFBOARD_MODE,2,3,1,1,1,1,198,51,0,0,0.000000,0.000000,0.000000,0.000000
tracking_cdrone3_20260822_205237_900_milestone4,milestone4,1787457199.366482496,SET_OFFBOARD_MODE,2,3,1,1,1,1,198,51,0,0,0.000000,0.000000,0.000000,0.000000
tracking_cdrone3_20260822_205237_900_milestone4,milestone4,1787457199.465615988,SET_OFFBOARD_MODE,2,3,1,1,1,1,198,51,0,0,0.000000,0.000000,0.000000,0.000000
tracking_cdrone3_20260822_205237_900_milestone4,milestone4,1787457199.565778971,SYNC_SPEED_PROFILE,2,3,1,1,1,1,198,51,0,0,0.000000,0.000000,0.000000,0.000000
tracking_cdrone3_20260822_205237_900_milestone4,milestone4,1787457199.669230700,SYNC_SPEED_PROFILE,3,4,1,1,1,1,198,51,0,0,0.000000,0.000000,0.000000,0.000000
tracking_cdrone3_20260822_205237_900_milestone4,milestone4,1787457199.765902042,SYNC_SPEED_PROFILE,3,4,1,1,1,1,198,51,0,0,0.000000,0.000000,0.000000,0.000000
tracking_cdrone3_20260822_205237_900_milestone4,milestone4,1787457199.865769625,SYNC_SPEED_PROFILE,3,3,1,1,0,0,198,51,0,0,0.000000,0.000000,0.000000,0.000000
tracking_cdrone3_20260822_205237_900_milestone4,milestone4,1787457199.965893269,SYNC_SPEED_PROFILE,3,3,1,1,0,0,212,53,0,0,0.000000,0.000000,0.000000,0.000000
tracking_cdrone3_20260822_205237_900_milestone4,milestone4,1787457200.065676689,SYNC_SPEED_PROFILE,3,3,1,1,0,0,212,53,0,0,0.000000,0.000000,0.000000,0.000000
tracking_cdrone3_20260822_205237_900_milestone4,milestone4,1787457200.165921211,SYNC_SPEED_PROFILE,3,3,1,1,0,0,212,53,0,0,0.000000,0.000000,0.000000,0.000000
tracking_cdrone3_20260822_205237_900_milestone4,milestone4,1787457200.265740395,SYNC_SPEED_PROFILE,3,3,1,1,0,0,198,51,0,0,0.000000,0.000000,0.000000,0.000000
tracking_cdrone3_20260822_205237_900_milestone4,milestone4,1787457200.365866184,SYNC_SPEED_PROFILE,3,3,1,1,0,0,198,51,0,0,0.000000,0.000000,0.000000,0.000000
tracking_cdrone3_20260822_205237_900_milestone4,milestone4,1787457200.465789795,CLIMB_TO_TAKEOFF_ALTITUDE,3,3,1,1,0,0,198,51,0,0,0.000000,0.000000,0.000000,0.000000
tracking_cdrone3_20260822_205237_900_milestone4,milestone4,1787457200.565587044,CLIMB_TO_TAKEOFF_ALTITUDE,3,3,1,1,0,0,198,51,0,0,0.000000,0.000000,0.000000,0.000000
tracking_cdrone3_20260822_205237_900_milestone4,milestone4,1787457200.665902853,CLIMB_TO_TAKEOFF_ALTITUDE,3,3,1,1,0,0,198,51,0,0,0.000000,0.000000,0.000000,0.000000
tracking_cdrone3_20260822_205237_900_milestone4,milestone4,1787457200.765909433,CLIMB_TO_TAKEOFF_ALTITUDE,3,3,1,1,0,0,198,51,0,0,0.000000,0.000000,0.000000,0.000000
tracking_cdrone3_20260822_205237_900_milestone4,milestone4,1787457200.865862131,CLIMB_TO_TAKEOFF_ALTITUDE,3,3,1,1,0,0,198,51,0,0,0.000000,0.000000,0.000000,0.000000
tracking_cdrone3_20260822_205237_900_milestone4,milestone4,1787457200.965660334,CLIMB_TO_TAKEOFF_ALTITUDE,3,3,1,1,0,0,198,51,0,0,0.000000,0.000000,0.000000,0.000000
tracking_cdrone3_20260822_205237_900_milestone4,milestone4,1787457201.065866470,CLIMB_TO_TAKEOFF_ALTITUDE,3,3,1,1,0,0,212,53,0,0,0.000000,0.000000,0.000000,0.000000
tracking_cdrone3_20260822_205237_900_milestone4,milestone4,1787457201.165621758,CLIMB_TO_TAKEOFF_ALTITUDE,3,3,1,1,0,0,212,53,0,0,0.000000,0.000000,0.000000,0.000000
tracking_cdrone3_20260822_205237_900_milestone4,milestone4,1787457201.267629623,CLIMB_TO_TAKEOFF_ALTITUDE,3,3,1,1,0,0,212,53,0,0,0.000000,0.000000,0.000000,0.000000
tracking_cdrone3_20260822_205237_900_milestone4,milestone4,1787457201.365571022,CLIMB_TO_TAKEOFF_ALTITUDE,2,3,1,1,1,1,212,53,0,0,0.000000,0.000000,0.000000,0.000000
tracking_cdrone3_20260822_205237_900_milestone4,milestone4,1787457201.465898514,CLIMB_TO_TAKEOFF_ALTITUDE,2,3,1,1,1,1,212,53,0,0,0.000000,0.000000,0.000000,0.000000
tracking_cdrone3_20260822_205237_900_milestone4,milestone4,1787457201.565891504,CLIMB_TO_TAKEOFF_ALTITUDE,3,3,1,1,0,0,213,54,0,0,0.000000,0.000000,0.000000,0.000000
tracking_cdrone3_20260822_205237_900_milestone4,milestone4,1787457201.665827036,CLIMB_TO_TAKEOFF_ALTITUDE,3,3,1,1,0,0,213,54,0,0,0.000000,0.000000,0.000000,0.000000
tracking_cdrone3_20260822_205237_900_milestone4,milestone4,1787457201.765620232,CLIMB_TO_TAKEOFF_ALTITUDE,3,3,1,1,0,0,213,54,0,0,0.000000,0.000000,0.000000,0.000000
tracking_cdrone3_20260822_205237_900_milestone4,milestone4,1787457201.865696907,CLIMB_TO_TAKEOFF_ALTITUDE,3,3,1,1,0,0,213,54,0,0,0.000000,0.000000,0.000000,0.000000
tracking_cdrone3_20260822_205237_900_milestone4,milestone4,1787457201.965911150,CLIMB_TO_TAKEOFF_ALTITUDE,3,3,1,1,0,0,213,54,0,0,0.000000,0.000000,0.000000,0.000000
tracking_cdrone3_20260822_205237_900_milestone4,milestone4,1787457202.066377163,CLIMB_TO_TAKEOFF_ALTITUDE,3,3,1,1,3,1,213,54,0,0,0.000000,0.000000,0.000000,0.000000
tracking_cdrone3_20260822_205237_900_milestone4,milestone4,1787457202.165718555,CLIMB_TO_TAKEOFF_ALTITUDE,3,3,1,1,0,0,213,54,0,0,0.000000,0.000000,0.000000,0.000000
tracking_cdrone3_20260822_205237_900_milestone4,milestone4,1787457202.265730619,CLIMB_TO_TAKEOFF_ALTITUDE,3,3,1,1,0,0,213,54,0,0,0.000000,0.000000,0.000000,0.000000
tracking_cdrone3_20260822_205237_900_milestone4,milestone4,1787457202.365805864,CLIMB_TO_TAKEOFF_ALTITUDE,3,3,1,1,0,0,213,53,0,0,0.000000,0.000000,0.000000,0.000000
tracking_cdrone3_20260822_205237_900_milestone4,milestone4,1787457202.465890646,CLIMB_TO_TAKEOFF_ALTITUDE,3,3,1,1,0,0,213,53,0,0,0.000000,0.000000,0.000000,0.000000
tracking_cdrone3_20260822_205237_900_milestone4,milestone4,1787457202.565614939,CLIMB_TO_TAKEOFF_ALTITUDE,3,3,1,1,0,0,213,53,0,0,0.000000,0.000000,0.000000,0.000000
tracking_cdrone3_20260822_205237_900_milestone4,milestone4,1787457202.665768385,CLIMB_TO_TAKEOFF_ALTITUDE,2,3,1,1,1,1,198,51,0,0,0.000000,0.000000,0.000000,0.000000
tracking_cdrone3_20260822_205237_900_milestone4,milestone4,1787457202.765809774,CLIMB_TO_TAKEOFF_ALTITUDE,2,3,1,1,1,1,198,51,0,0,0.000000,0.000000,0.000000,0.000000
tracking_cdrone3_20260822_205237_900_milestone4,milestone4,1787457202.865619898,CLIMB_TO_TAKEOFF_ALTITUDE,2,3,1,1,1,1,198,51,0,0,0.000000,0.000000,0.000000,0.000000
tracking_cdrone3_20260822_205237_900_milestone4,milestone4,1787457202.965551615,CLIMB_TO_TAKEOFF_ALTITUDE,2,3,1,1,1,1,198,51,0,0,0.000000,0.000000,0.000000,0.000000
tracking_cdrone3_20260822_205237_900_milestone4,milestone4,1787457203.065896511,CLIMB_TO_TAKEOFF_ALTITUDE,2,3,1,1,1,1,198,51,0,0,0.000000,0.000000,0.000000,0.000000
tracking_cdrone3_20260822_205237_900_milestone4,milestone4,1787457203.165843248,CLIMB_TO_TAKEOFF_ALTITUDE,2,3,1,1,1,1,198,51,0,0,0.000000,0.000000,0.000000,0.000000
tracking_cdrone3_20260822_205237_900_milestone4,milestone4,1787457203.265909910,CLIMB_TO_TAKEOFF_ALTITUDE,2,3,1,1,1,1,198,51,0,0,0.000000,0.000000,0.000000,0.000000
tracking_cdrone3_20260822_205237_900_milestone4,milestone4,1787457203.365567207,CLIMB_TO_TAKEOFF_ALTITUDE,2,3,1,1,1,1,198,51,0,0,0.000000,0.000000,0.000000,0.000000
tracking_cdrone3_20260822_205237_900_milestone4,milestone4,1787457203.465853453,CLIMB_TO_TAKEOFF_ALTITUDE,2,3,1,1,1,1,198,51,0,0,0.000000,0.000000,0.000000,0.000000
tracking_cdrone3_20260822_205237_900_milestone4,milestone4,1787457203.565703630,CLIMB_TO_TAKEOFF_ALTITUDE,2,3,1,1,1,1,198,51,0,0,0.000000,0.000000,0.000000,0.000000
tracking_cdrone3_20260822_205237_900_milestone4,milestone4,1787457203.665881395,CLIMB_TO_TAKEOFF_ALTITUDE,3,3,1,1,0,0,213,54,0,0,0.000000,0.000000,0.000000,0.000000
tracking_cdrone3_20260822_205237_900_milestone4,milestone4,1787457203.765623331,CLIMB_TO_TAKEOFF_ALTITUDE,3,3,1,1,0,0,213,54,0,0,0.000000,0.000000,0.000000,0.000000
tracking_cdrone3_20260822_205237_900_milestone4,milestone4,1787457203.865630150,CLIMB_TO_TAKEOFF_ALTITUDE,3,3,1,1,0,0,213,54,0,0,0.000000,0.000000,0.000000,0.000000
tracking_cdrone3_20260822_205237_900_milestone4,milestone4,1787457203.965793371,CLIMB_TO_TAKEOFF_ALTITUDE,3,3,1,1,0,0,213,54,0,0,0.000000,0.000000,0.000000,0.000000
tracking_cdrone3_20260822_205237_900_milestone4,milestone4,1787457204.066150904,CLIMB_TO_TAKEOFF_ALTITUDE,3,3,1,1,0,0,213,54,0,0,0.000000,0.000000,0.000000,0.000000
tracking_cdrone3_20260822_205237_900_milestone4,milestone4,1787457204.165699959,CLIMB_TO_TAKEOFF_ALTITUDE,3,3,1,1,0,0,213,54,0,0,0.000000,0.000000,0.000000,0.000000
tracking_cdrone3_20260822_205237_900_milestone4,milestone4,1787457204.265622616,CLIMB_TO_TAKEOFF_ALTITUDE,3,3,1,1,0,0,213,54,0,0,0.000000,0.000000,0.000000,0.000000
tracking_cdrone3_20260822_205237_900_milestone4,milestone4,1787457204.365829468,CLIMB_TO_TAKEOFF_ALTITUDE,2,3,1,1,0,0,212,54,0,0,0.000000,0.000000,0.000000,0.000000
tracking_cdrone3_20260822_205237_900_milestone4,milestone4,1787457204.465642214,CLIMB_TO_TAKEOFF_ALTITUDE,2,3,1,1,1,1,212,54,0,0,0.000000,0.000000,0.000000,0.000000
tracking_cdrone3_20260822_205237_900_milestone4,milestone4,1787457204.565682173,CLIMB_TO_TAKEOFF_ALTITUDE,2,3,1,1,1,1,212,54,0,0,0.000000,0.000000,0.000000,0.000000
tracking_cdrone3_20260822_205237_900_milestone4,milestone4,1787457204.665637493,CLIMB_TO_TAKEOFF_ALTITUDE,3,4,1,1,1,1,218,55,0,0,0.000000,0.000000,0.000000,0.000000
tracking_cdrone3_20260822_205237_900_milestone4,milestone4,1787457204.765590191,CLIMB_TO_TAKEOFF_ALTITUDE,3,4,1,1,1,1,218,55,0,0,0.000000,0.000000,0.000000,0.000000
tracking_cdrone3_20260822_205237_900_milestone4,milestone4,1787457204.865929127,CLIMB_TO_TAKEOFF_ALTITUDE,3,4,1,1,1,1,218,55,0,0,0.000000,0.000000,0.000000,0.000000
tracking_cdrone3_20260822_205237_900_milestone4,milestone4,1787457204.965609550,CLIMB_TO_TAKEOFF_ALTITUDE,3,4,1,1,1,1,218,55,0,0,0.000000,0.000000,0.000000,0.000000
tracking_cdrone3_20260822_205237_900_milestone4,milestone4,1787457205.066030264,CLIMB_TO_TAKEOFF_ALTITUDE,3,4,1,1,1,1,218,55,0,0,0.000000,0.000000,0.000000,0.000000
tracking_cdrone3_20260822_205237_900_milestone4,milestone4,1787457205.165770054,CLIMB_TO_TAKEOFF_ALTITUDE,2,4,1,1,2,1,198,55,0,0,0.000000,0.000000,0.000000,0.000000
tracking_cdrone3_20260822_205237_900_milestone4,milestone4,1787457205.265873194,CLIMB_TO_TAKEOFF_ALTITUDE,2,4,1,1,2,1,198,55,0,0,0.000000,0.000000,0.000000,0.000000
tracking_cdrone3_20260822_205237_900_milestone4,milestone4,1787457205.365978718,CLIMB_TO_TAKEOFF_ALTITUDE,2,4,1,1,2,1,198,55,0,0,0.000000,0.000000,0.000000,0.000000
tracking_cdrone3_20260822_205237_900_milestone4,milestone4,1787457205.465577126,CLIMB_TO_TAKEOFF_ALTITUDE,2,4,1,1,2,1,198,55,0,0,0.000000,0.000000,0.000000,0.000000
tracking_cdrone3_20260822_205237_900_milestone4,milestone4,1787457205.565827608,CLIMB_TO_TAKEOFF_ALTITUDE,2,4,1,1,2,1,198,55,0,0,0.000000,0.000000,0.000000,0.000000
tracking_cdrone3_20260822_205237_900_milestone4,milestone4,1787457205.666216373,CLIMB_TO_TAKEOFF_ALTITUDE,2,4,1,1,2,1,198,55,0,0,0.000000,0.000000,0.000000,0.000000
tracking_cdrone3_20260822_205237_900_milestone4,milestone4,1787457205.765771151,CLIMB_TO_TAKEOFF_ALTITUDE,2,4,1,1,2,1,198,55,0,0,0.000000,0.000000,0.000000,0.000000
tracking_cdrone3_20260822_205237_900_milestone4,milestone4,1787457205.865614414,CLIMB_TO_TAKEOFF_ALTITUDE,2,4,1,1,2,1,198,55,0,0,0.000000,0.000000,0.000000,0.000000
tracking_cdrone3_20260822_205237_900_milestone4,milestone4,1787457205.965791225,CLIMB_TO_TAKEOFF_ALTITUDE,2,4,1,1,2,1,198,55,0,0,0.000000,0.000000,0.000000,0.000000
tracking_cdrone3_20260822_205237_900_milestone4,milestone4,1787457206.066969872,CLIMB_TO_TAKEOFF_ALTITUDE,2,4,1,1,2,1,198,55,0,0,0.000000,0.000000,0.000000,0.000000
tracking_cdrone3_20260822_205237_900_milestone4,milestone4,1787457206.165929079,CLIMB_TO_TAKEOFF_ALTITUDE,3,4,1,1,1,1,221,55,0,0,0.000000,0.000000,0.000000,0.000000
tracking_cdrone3_20260822_205237_900_milestone4,milestone4,1787457206.265563965,CLIMB_TO_TAKEOFF_ALTITUDE,3,4,1,1,1,1,221,55,0,0,0.000000,0.000000,0.000000,0.000000
tracking_cdrone3_20260822_205237_900_milestone4,milestone4,1787457206.366544724,CLIMB_TO_TAKEOFF_ALTITUDE,3,4,1,1,1,1,221,55,0,0,0.000000,0.000000,0.000000,0.000000
tracking_cdrone3_20260822_205237_900_milestone4,milestone4,1787457206.465864658,CLIMB_TO_TAKEOFF_ALTITUDE,3,4,1,1,1,1,198,51,0,0,0.000000,0.000000,0.000000,0.000000
tracking_cdrone3_20260822_205237_900_milestone4,milestone4,1787457206.565994978,CLIMB_TO_TAKEOFF_ALTITUDE,3,4,1,1,1,1,198,51,0,0,0.000000,0.000000,0.000000,0.000000
tracking_cdrone3_20260822_205237_900_milestone4,milestone4,1787457206.665911198,CLIMB_TO_TAKEOFF_ALTITUDE,3,4,1,1,1,1,221,55,0,0,0.000000,0.000000,0.000000,0.000000
tracking_cdrone3_20260822_205237_900_milestone4,milestone4,1787457206.765703678,CLIMB_TO_TAKEOFF_ALTITUDE,3,4,1,1,1,1,221,55,0,0,0.000000,0.000000,0.000000,0.000000
tracking_cdrone3_20260822_205237_900_milestone4,milestone4,1787457206.865588665,CLIMB_TO_TAKEOFF_ALTITUDE,3,4,1,1,1,1,221,55,0,0,0.000000,0.000000,0.000000,0.000000
tracking_cdrone3_20260822_205237_900_milestone4,milestone4,1787457206.965875864,CLIMB_TO_TAKEOFF_ALTITUDE,3,4,1,1,1,1,198,51,0,0,0.000000,0.000000,0.000000,0.000000
tracking_cdrone3_20260822_205237_900_milestone4,milestone4,1787457207.065599442,CLIMB_TO_TAKEOFF_ALTITUDE,3,4,1,1,1,1,198,51,0,0,0.000000,0.000000,0.000000,0.000000
tracking_cdrone3_20260822_205237_900_milestone4,milestone4,1787457207.165747643,CLIMB_TO_TAKEOFF_ALTITUDE,3,4,1,1,1,1,198,51,0,0,0.000000,0.000000,0.000000,0.000000
tracking_cdrone3_20260822_205237_900_milestone4,milestone4,1787457207.265921831,CLIMB_TO_TAKEOFF_ALTITUDE,3,4,1,1,1,1,221,55,0,0,0.000000,0.000000,0.000000,0.000000
tracking_cdrone3_20260822_205237_900_milestone4,milestone4,1787457207.365928650,CLIMB_TO_TAKEOFF_ALTITUDE,3,4,1,1,1,1,221,55,0,0,0.000000,0.000000,0.000000,0.000000
tracking_cdrone3_20260822_205237_900_milestone4,milestone4,1787457207.465815306,CLIMB_TO_TAKEOFF_ALTITUDE,3,4,1,1,1,1,198,51,0,0,0.000000,0.000000,0.000000,0.000000
tracking_cdrone3_20260822_205237_900_milestone4,milestone4,1787457207.565601826,CLIMB_TO_TAKEOFF_ALTITUDE,3,4,1,1,1,1,198,51,0,0,0.000000,0.000000,0.000000,0.000000
tracking_cdrone3_20260822_205237_900_milestone4,milestone4,1787457207.665860176,CLIMB_TO_TAKEOFF_ALTITUDE,3,4,1,1,1,1,198,51,0,0,0.000000,0.000000,0.000000,0.000000
tracking_cdrone3_20260822_205237_900_milestone4,milestone4,1787457207.765876293,CLIMB_TO_TAKEOFF_ALTITUDE,3,4,1,1,1,1,198,51,0,0,0.000000,0.000000,0.000000,0.000000
tracking_cdrone3_20260822_205237_900_milestone4,milestone4,1787457207.865823269,CLIMB_TO_TAKEOFF_ALTITUDE,3,4,1,1,1,1,198,51,0,0,0.000000,0.000000,0.000000,0.000000
tracking_cdrone3_20260822_205237_900_milestone4,milestone4,1787457207.965604305,CLIMB_TO_TAKEOFF_ALTITUDE,3,4,1,1,1,1,198,51,0,0,0.000000,0.000000,0.000000,0.000000
tracking_cdrone3_20260822_205237_900_milestone4,milestone4,1787457208.065857649,CLIMB_TO_TAKEOFF_ALTITUDE,3,4,1,1,1,1,198,51,0,0,0.000000,0.000000,0.000000,0.000000
tracking_cdrone3_20260822_205237_900_milestone4,milestone4,1787457208.165868759,CLIMB_TO_TAKEOFF_ALTITUDE,3,4,1,1,1,1,198,51,0,0,0.000000,0.000000,0.000000,0.000000
tracking_cdrone3_20260822_205237_900_milestone4,milestone4,1787457208.265892267,CLIMB_TO_TAKEOFF_ALTITUDE,3,4,1,1,1,1,212,53,0,0,0.000000,0.000000,0.000000,0.000000
tracking_cdrone3_20260822_205237_900_milestone4,milestone4,1787457208.365702391,CLIMB_TO_TAKEOFF_ALTITUDE,3,4,1,1,1,1,212,53,0,0,0.000000,0.000000,0.000000,0.000000
tracking_cdrone3_20260822_205237_900_milestone4,milestone4,1787457208.465934038,CLIMB_TO_TAKEOFF_ALTITUDE,3,4,1,1,1,1,198,53,0,0,0.000000,0.000000,0.000000,0.000000
tracking_cdrone3_20260822_205237_900_milestone4,milestone4,1787457208.565619707,STAGE_HOVER,3,4,1,1,1,1,198,51,0,0,0.000000,0.000000,0.000000,0.000000
tracking_cdrone3_20260822_205237_900_milestone4,milestone4,1787457208.666012049,STAGE_HOVER,3,4,1,1,1,1,198,51,0,0,0.000000,0.000000,0.000000,0.000000
tracking_cdrone3_20260822_205237_900_milestone4,milestone4,1787457208.765899181,STAGE_HOVER,3,4,1,1,1,1,221,55,0,0,0.000000,0.000000,0.000000,0.000000
tracking_cdrone3_20260822_205237_900_milestone4,milestone4,1787457208.865869522,STAGE_HOVER,3,4,1,1,1,1,221,55,0,0,0.000000,0.000000,0.000000,0.000000
tracking_cdrone3_20260822_205237_900_milestone4,milestone4,1787457208.965681076,STAGE_HOVER,3,4,1,1,1,1,221,55,0,0,0.000000,0.000000,0.000000,0.000000
tracking_cdrone3_20260822_205237_900_milestone4,milestone4,1787457209.065886974,STAGE_HOVER,3,4,1,1,1,1,212,53,0,0,0.000000,0.000000,0.000000,0.000000
tracking_cdrone3_20260822_205237_900_milestone4,milestone4,1787457209.165628910,STAGE_HOVER,3,3,1,1,0,0,212,53,0,0,0.000000,0.000000,0.000000,0.000000
tracking_cdrone3_20260822_205237_900_milestone4,milestone4,1787457209.266264439,STAGE_HOVER,3,3,1,1,0,0,212,53,0,0,0.000000,0.000000,0.000000,0.000000
tracking_cdrone3_20260822_205237_900_milestone4,milestone4,1787457209.365647554,STAGE_HOVER,3,3,1,1,0,0,198,51,0,0,0.000000,0.000000,0.000000,0.000000
tracking_cdrone3_20260822_205237_900_milestone4,milestone4,1787457209.465715408,STAGE_HOVER,3,3,1,1,0,0,198,51,0,0,0.000000,0.000000,0.000000,0.000000
tracking_cdrone3_20260822_205237_900_milestone4,milestone4,1787457209.575507164,STAGE_HOVER,3,3,1,1,3,1,198,51,0,0,0.000000,0.000000,0.000000,0.000000
tracking_cdrone3_20260822_205237_900_milestone4,milestone4,1787457209.665916443,STAGE_HOVER,3,3,1,1,0,0,198,51,0,0,0.000000,0.000000,0.000000,0.000000
tracking_cdrone3_20260822_205237_900_milestone4,milestone4,1787457209.765631199,STAGE_HOVER,3,3,1,1,0,0,198,51,0,0,0.000000,0.000000,0.000000,0.000000
tracking_cdrone3_20260822_205237_900_milestone4,milestone4,1787457209.865819931,STAGE_HOVER,3,3,1,1,0,0,198,51,0,0,0.000000,0.000000,0.000000,0.000000
tracking_cdrone3_20260822_205237_900_milestone4,milestone4,1787457209.966003656,STAGE_HOVER,3,3,1,1,0,0,198,51,0,0,0.000000,0.000000,0.000000,0.000000
tracking_cdrone3_20260822_205237_900_milestone4,milestone4,1787457210.066870213,STAGE_HOVER,3,3,1,1,0,0,198,51,0,0,0.000000,0.000000,0.000000,0.000000
tracking_cdrone3_20260822_205237_900_milestone4,milestone4,1787457210.165862560,STAGE_HOVER,3,3,1,1,0,0,221,55,0,0,0.000000,0.000000,0.000000,0.000000
tracking_cdrone3_20260822_205237_900_milestone4,milestone4,1787457210.265607357,STAGE_HOVER,3,3,1,1,0,0,221,55,0,0,0.000000,0.000000,0.000000,0.000000
tracking_cdrone3_20260822_205237_900_milestone4,milestone4,1787457210.365824461,STAGE_HOVER,3,3,1,1,3,1,198,55,0,0,0.000000,0.000000,0.000000,0.000000
tracking_cdrone3_20260822_205237_900_milestone4,milestone4,1787457210.465659618,STAGE_HOVER,3,3,1,1,0,0,198,51,0,0,0.000000,0.000000,0.000000,0.000000
tracking_cdrone3_20260822_205237_900_milestone4,milestone4,1787457210.565798044,SEARCH,3,3,1,1,0,0,198,51,0,0,0.000000,0.000000,0.000000,0.000000
tracking_cdrone3_20260822_205237_900_milestone4,milestone4,1787457210.665808439,FOLLOW,3,3,1,1,0,0,198,51,0,0,0.000000,0.000000,0.000000,0.000000
tracking_cdrone3_20260822_205237_900_milestone4,milestone4,1787457210.765803576,FOLLOW,3,3,1,1,0,0,198,51,0,0,0.000000,0.000000,0.000000,0.000000
tracking_cdrone3_20260822_205237_900_milestone4,milestone4,1787457210.865761518,FOLLOW,3,3,1,1,0,0,198,51,0,0,0.000000,0.000000,0.000000,0.000000
tracking_cdrone3_20260822_205237_900_milestone4,milestone4,1787457210.965947866,FOLLOW,3,3,1,1,0,0,198,51,0,0,0.000000,0.000000,0.000000,0.000000
tracking_cdrone3_20260822_205237_900_milestone4,milestone4,1787457211.065993547,FOLLOW,3,3,1,1,0,0,198,51,0,0,0.000000,0.000000,0.000000,0.000000
tracking_cdrone3_20260822_205237_900_milestone4,milestone4,1787457211.165971994,FOLLOW,2,3,1,1,3,1,198,51,0,0,0.000000,0.000000,0.000000,0.000000
tracking_cdrone3_20260822_205237_900_milestone4,milestone4,1787457211.265954971,FOLLOW,2,3,1,1,1,1,198,51,0,0,0.000000,0.000000,0.000000,0.000000
tracking_cdrone3_20260822_205237_900_milestone4,milestone4,1787457211.365968704,FOLLOW,2,3,1,1,1,1,198,51,0,0,0.000000,0.000000,0.000000,0.000000
tracking_cdrone3_20260822_205237_900_milestone4,milestone4,1787457211.469019175,FOLLOW,3,3,1,1,0,0,222,55,0,0,0.000000,0.000000,0.000000,0.000000
tracking_cdrone3_20260822_205237_900_milestone4,milestone4,1787457211.565585613,FOLLOW,3,3,1,1,0,0,222,55,0,0,0.000000,0.000000,0.000000,0.000000
tracking_cdrone3_20260822_205237_900_milestone4,milestone4,1787457211.666219950,FOLLOW,3,3,1,1,0,0,222,55,0,0,0.000000,0.000000,0.000000,0.000000
tracking_cdrone3_20260822_205237_900_milestone4,milestone4,1787457211.766153812,FOLLOW,3,3,1,1,0,0,222,55,0,0,0.000000,0.000000,0.000000,0.000000
tracking_cdrone3_20260822_205237_900_milestone4,milestone4,1787457211.865911484,FOLLOW,3,3,1,1,0,0,222,55,0,0,0.000000,0.000000,0.000000,0.000000
tracking_cdrone3_20260822_205237_900_milestone4,milestone4,1787457211.966050863,FOLLOW,3,3,1,1,0,0,222,55,0,0,0.000000,0.000000,0.000000,0.000000
tracking_cdrone3_20260822_205237_900_milestone4,milestone4,1787457212.065571785,FOLLOW,3,3,1,1,0,0,198,51,0,0,0.000000,0.000000,0.000000,0.000000
tracking_cdrone3_20260822_205237_900_milestone4,milestone4,1787457212.166331291,FOLLOW,3,3,1,1,0,0,198,51,0,0,0.000000,0.000000,0.000000,0.000000
tracking_cdrone3_20260822_205237_900_milestone4,milestone4,1787457212.265903473,FOLLOW,3,3,1,1,3,1,222,51,0,0,0.000000,0.000000,0.000000,0.000000
tracking_cdrone3_20260822_205237_900_milestone4,milestone4,1787457212.365892410,FOLLOW,3,3,1,1,0,0,222,55,0,0,0.000000,0.000000,0.000000,0.000000
tracking_cdrone3_20260822_205237_900_milestone4,milestone4,1787457212.465859890,FOLLOW,3,3,1,1,0,0,222,55,0,0,0.000000,0.000000,0.000000,0.000000
tracking_cdrone3_20260822_205237_900_milestone4,milestone4,1787457212.565587759,FOLLOW,3,3,1,1,0,0,222,55,0,0,0.000000,0.000000,0.000000,0.000000
tracking_cdrone3_20260822_205237_900_milestone4,milestone4,1787457212.665590763,FOLLOW,3,3,1,1,0,0,222,55,0,0,0.000000,0.000000,0.000000,0.000000
tracking_cdrone3_20260822_205237_900_milestone4,milestone4,1787457212.765993357,FOLLOW,3,3,1,1,0,0,222,55,0,0,0.000000,0.000000,0.000000,0.000000
tracking_cdrone3_20260822_205237_900_milestone4,milestone4,1787457212.865907431,FOLLOW,3,3,1,1,0,0,222,55,0,0,0.000000,0.000000,0.000000,0.000000
tracking_cdrone3_20260822_205237_900_milestone4,milestone4,1787457212.966135263,FOLLOW,3,3,1,1,0,0,222,55,0,0,0.000000,0.000000,0.000000,0.000000
tracking_cdrone3_20260822_205237_900_milestone4,milestone4,1787457213.066288710,FOLLOW,3,3,1,1,3,1,222,55,0,0,0.000000,0.000000,0.000000,0.000000
tracking_cdrone3_20260822_205237_900_milestone4,milestone4,1787457213.165775299,FOLLOW,3,3,1,1,0,0,222,55,0,0,0.000000,0.000000,0.000000,0.000000
tracking_cdrone3_20260822_205237_900_milestone4,milestone4,1787457213.266150713,FOLLOW,3,3,1,1,0,0,222,55,0,0,0.000000,0.000000,0.000000,0.000000
tracking_cdrone3_20260822_205237_900_milestone4,milestone4,1787457213.365914822,FOLLOW,3,3,1,1,0,0,198,51,0,0,0.000000,0.000000,0.000000,0.000000
tracking_cdrone3_20260822_205237_900_milestone4,milestone4,1787457213.465686560,FOLLOW,3,3,1,1,0,0,198,51,0,0,0.000000,0.000000,0.000000,0.000000
tracking_cdrone3_20260822_205237_900_milestone4,milestone4,1787457213.566036701,FOLLOW,3,3,1,1,0,0,198,51,0,0,0.000000,0.000000,0.000000,0.000000
tracking_cdrone3_20260822_205237_900_milestone4,milestone4,1787457213.665599823,FOLLOW,3,3,1,1,0,0,198,51,0,0,0.000000,0.000000,0.000000,0.000000
tracking_cdrone3_20260822_205237_900_milestone4,milestone4,1787457213.765739679,FOLLOW,3,3,1,1,0,0,198,51,0,0,0.000000,0.000000,0.000000,0.000000
tracking_cdrone3_20260822_205237_900_milestone4,milestone4,1787457213.865734100,FOLLOW,3,3,1,1,0,0,198,51,0,0,0.000000,0.000000,0.000000,0.000000
tracking_cdrone3_20260822_205237_900_milestone4,milestone4,1787457213.965808630,FOLLOW,3,3,1,1,0,0,222,55,0,0,0.000000,0.000000,0.000000,0.000000
tracking_cdrone3_20260822_205237_900_milestone4,milestone4,1787457214.065560341,FOLLOW,3,3,1,1,0,0,222,55,0,0,0.000000,0.000000,0.000000,0.000000
tracking_cdrone3_20260822_205237_900_milestone4,milestone4,1787457214.165972471,FOLLOW,3,3,1,1,0,0,222,55,0,0,0.000000,0.000000,0.000000,0.000000
tracking_cdrone3_20260822_205237_900_milestone4,milestone4,1787457214.265968323,FOLLOW,3,3,1,1,0,0,222,55,0,0,0.000000,0.000000,0.000000,0.000000
tracking_cdrone3_20260822_205237_900_milestone4,milestone4,1787457214.365910769,FOLLOW,3,3,1,1,0,0,222,55,0,0,0.000000,0.000000,0.000000,0.000000
tracking_cdrone3_20260822_205237_900_milestone4,milestone4,1787457214.465616226,FOLLOW,3,3,1,1,3,1,222,55,0,0,0.000000,0.000000,0.000000,0.000000
tracking_cdrone3_20260822_205237_900_milestone4,milestone4,1787457214.565932512,FOLLOW,3,3,1,1,0,0,222,51,0,0,0.000000,0.000000,0.000000,0.000000
tracking_cdrone3_20260822_205237_900_milestone4,milestone4,1787457214.665871143,FOLLOW,3,3,1,1,0,0,222,51,0,0,0.000000,0.000000,0.000000,0.000000
tracking_cdrone3_20260822_205237_900_milestone4,milestone4,1787457214.765848637,FOLLOW,3,4,1,1,1,1,212,53,0,0,0.000000,0.000000,0.000000,0.000000
tracking_cdrone3_20260822_205237_900_milestone4,milestone4,1787457214.865759850,FOLLOW,3,4,1,1,1,1,212,53,0,0,0.000000,0.000000,0.000000,0.000000
tracking_cdrone3_20260822_205237_900_milestone4,milestone4,1787457214.965970278,FOLLOW,3,4,1,1,1,1,212,53,0,0,0.000000,0.000000,0.000000,0.000000
tracking_cdrone3_20260822_205237_900_milestone4,milestone4,1787457215.068193674,FOLLOW,3,4,1,1,1,1,212,53,0,0,0.000000,0.000000,0.000000,0.000000
tracking_cdrone3_20260822_205237_900_milestone4,milestone4,1787457215.165930033,FOLLOW,3,4,1,1,1,1,212,53,0,0,0.000000,0.000000,0.000000,0.000000
tracking_cdrone3_20260822_205237_900_milestone4,milestone4,1787457215.265799999,FOLLOW,3,4,1,1,4,1,198,53,0,0,0.000000,0.000000,0.000000,0.000000
tracking_cdrone3_20260822_205237_900_milestone4,milestone4,1787457215.365871191,FOLLOW,3,4,1,1,1,1,198,51,0,0,0.000000,0.000000,0.000000,0.000000
tracking_cdrone3_20260822_205237_900_milestone4,milestone4,1787457215.465869427,FOLLOW,3,4,1,1,1,1,198,51,0,0,0.000000,0.000000,0.000000,0.000000
tracking_cdrone3_20260822_205237_900_milestone4,milestone4,1787457215.565867186,FOLLOW,2,4,1,1,2,1,212,53,0,0,0.000000,0.000000,0.000000,0.000000
tracking_cdrone3_20260822_205237_900_milestone4,milestone4,1787457215.665912867,FOLLOW,2,4,1,1,2,1,212,53,0,0,0.000000,0.000000,0.000000,0.000000
tracking_cdrone3_20260822_205237_900_milestone4,milestone4,1787457215.765838146,FOLLOW,2,4,1,1,2,1,212,53,0,0,0.000000,0.000000,0.000000,0.000000
tracking_cdrone3_20260822_205237_900_milestone4,milestone4,1787457215.866061449,FOLLOW,2,4,1,1,2,1,212,53,0,0,0.000000,0.000000,0.000000,0.000000
tracking_cdrone3_20260822_205237_900_milestone4,milestone4,1787457215.965875626,FOLLOW,2,4,1,1,2,1,212,53,0,0,0.000000,0.000000,0.000000,0.000000
tracking_cdrone3_20260822_205237_900_milestone4,milestone4,1787457216.065969467,FOLLOW,2,4,1,1,2,1,212,53,0,0,0.000000,0.000000,0.000000,0.000000
tracking_cdrone3_20260822_205237_900_milestone4,milestone4,1787457216.165906906,FOLLOW,2,4,1,1,2,1,212,53,0,0,0.000000,0.000000,0.000000,0.000000
tracking_cdrone3_20260822_205237_900_milestone4,milestone4,1787457216.265928745,FOLLOW,2,4,1,1,2,1,212,53,0,0,0.000000,0.000000,0.000000,0.000000
tracking_cdrone3_20260822_205237_900_milestone4,milestone4,1787457216.365784883,FOLLOW,2,4,1,1,4,1,212,53,0,0,0.000000,0.000000,0.000000,0.000000
tracking_cdrone3_20260822_205237_900_milestone4,milestone4,1787457216.466099977,FOLLOW,2,4,1,1,2,1,212,53,0,0,0.000000,0.000000,0.000000,0.000000
tracking_cdrone3_20260822_205237_900_milestone4,milestone4,1787457216.565918446,FOLLOW,2,4,1,1,2,1,212,53,0,0,0.000000,0.000000,0.000000,0.000000
tracking_cdrone3_20260822_205237_900_milestone4,milestone4,1787457216.665968180,FOLLOW,2,4,1,1,4,1,212,53,0,0,0.000000,0.000000,0.000000,0.000000
tracking_cdrone3_20260822_205237_900_milestone4,milestone4,1787457216.765954971,FOLLOW,2,4,1,1,2,1,212,53,0,0,0.000000,0.000000,0.000000,0.000000
tracking_cdrone3_20260822_205237_900_milestone4,milestone4,1787457216.866662741,FOLLOW,2,4,1,1,2,1,212,53,0,0,0.000000,0.000000,0.000000,0.000000
tracking_cdrone3_20260822_205237_900_milestone4,milestone4,1787457216.965832472,FOLLOW,2,4,1,1,2,1,212,53,0,0,0.000000,0.000000,0.000000,0.000000
tracking_cdrone3_20260822_205237_900_milestone4,milestone4,1787457217.065870047,FOLLOW,2,4,1,1,2,1,212,53,0,0,0.000000,0.000000,0.000000,0.000000
tracking_cdrone3_20260822_205237_900_milestone4,milestone4,1787457217.165601492,FOLLOW,2,4,1,1,2,1,212,53,0,0,0.000000,0.000000,0.000000,0.000000
tracking_cdrone3_20260822_205237_900_milestone4,milestone4,1787457217.265887260,FOLLOW,2,4,1,1,2,1,212,53,0,0,0.000000,0.000000,0.000000,0.000000
tracking_cdrone3_20260822_205237_900_milestone4,milestone4,1787457217.366297960,FOLLOW,2,4,1,1,2,1,212,53,0,0,0.000000,0.000000,0.000000,0.000000
tracking_cdrone3_20260822_205237_900_milestone4,milestone4,1787457217.465932369,FOLLOW,2,4,1,1,2,1,212,53,0,0,0.000000,0.000000,0.000000,0.000000
tracking_cdrone3_20260822_205237_900_milestone4,milestone4,1787457217.565805197,FOLLOW,2,4,1,1,2,1,212,53,0,0,0.000000,0.000000,0.000000,0.000000
tracking_cdrone3_20260822_205237_900_milestone4,milestone4,1787457217.665865421,FOLLOW,2,4,1,1,2,1,212,53,0,0,0.000000,0.000000,0.000000,0.000000
tracking_cdrone3_20260822_205237_900_milestone4,milestone4,1787457217.769296646,FOLLOW,2,4,1,1,4,1,212,53,0,0,0.000000,0.000000,0.000000,0.000000
tracking_cdrone3_20260822_205237_900_milestone4,milestone4,1787457217.865755320,FOLLOW,2,4,1,1,2,1,212,53,0,0,0.000000,0.000000,0.000000,0.000000
tracking_cdrone3_20260822_205237_900_milestone4,milestone4,1787457217.965984106,FOLLOW,2,4,1,1,2,1,212,53,0,0,0.000000,0.000000,0.000000,0.000000
tracking_cdrone3_20260822_205237_900_milestone4,milestone4,1787457218.066224575,FOLLOW,3,4,1,1,4,1,212,53,0,0,0.000000,0.000000,0.000000,0.000000
tracking_cdrone3_20260822_205237_900_milestone4,milestone4,1787457218.166043758,FOLLOW,3,4,1,1,1,1,212,53,0,0,0.000000,0.000000,0.000000,0.000000
tracking_cdrone3_20260822_205237_900_milestone4,milestone4,1787457218.265793085,FOLLOW,3,4,1,1,1,1,212,53,0,0,0.000000,0.000000,0.000000,0.000000
tracking_cdrone3_20260822_205237_900_milestone4,milestone4,1787457218.366612434,FOLLOW,3,4,1,1,1,1,212,53,0,0,0.000000,0.000000,0.000000,0.000000
tracking_cdrone3_20260822_205237_900_milestone4,milestone4,1787457218.465567350,FOLLOW,3,4,1,1,1,1,212,53,0,0,0.000000,0.000000,0.000000,0.000000
tracking_cdrone3_20260822_205237_900_milestone4,milestone4,1787457218.565911531,FOLLOW,3,4,1,1,1,1,212,53,0,0,0.000000,0.000000,0.000000,0.000000
tracking_cdrone3_20260822_205237_900_milestone4,milestone4,1787457218.665779352,FOLLOW,3,4,1,1,1,1,212,53,0,0,0.000000,0.000000,0.000000,0.000000
tracking_cdrone3_20260822_205237_900_milestone4,milestone4,1787457218.766084671,FOLLOW,3,4,1,1,1,1,212,53,0,0,0.000000,0.000000,0.000000,0.000000
tracking_cdrone3_20260822_205237_900_milestone4,milestone4,1787457218.866414785,FOLLOW,3,4,1,1,1,1,212,53,0,0,0.000000,0.000000,0.000000,0.000000
tracking_cdrone3_20260822_205237_900_milestone4,milestone4,1787457218.965623856,FOLLOW,2,4,1,1,2,1,198,51,0,0,0.000000,0.000000,0.000000,0.000000
tracking_cdrone3_20260822_205237_900_milestone4,milestone4,1787457219.065726519,FOLLOW,2,4,1,1,2,1,198,51,0,0,0.000000,0.000000,0.000000,0.000000
tracking_cdrone3_20260822_205237_900_milestone4,milestone4,1787457219.165898800,FOLLOW,2,4,1,1,2,1,198,51,0,0,0.000000,0.000000,0.000000,0.000000
tracking_cdrone3_20260822_205237_900_milestone4,milestone4,1787457219.265870333,FOLLOW,2,3,1,1,1,1,198,51,0,0,0.000000,0.000000,0.000000,0.000000
tracking_cdrone3_20260822_205237_900_milestone4,milestone4,1787457219.365884781,FOLLOW,2,3,1,1,1,1,198,51,0,0,0.000000,0.000000,0.000000,0.000000
tracking_cdrone3_20260822_205237_900_milestone4,milestone4,1787457219.465648651,FOLLOW,2,3,1,1,3,1,198,51,0,0,0.000000,0.000000,0.000000,0.000000
tracking_cdrone3_20260822_205237_900_milestone4,milestone4,1787457219.565828562,FOLLOW,2,3,1,1,1,1,198,51,0,0,0.000000,0.000000,0.000000,0.000000
tracking_cdrone3_20260822_205237_900_milestone4,milestone4,1787457219.665607929,FOLLOW,2,3,1,1,1,1,198,51,0,0,0.000000,0.000000,0.000000,0.000000
tracking_cdrone3_20260822_205237_900_milestone4,milestone4,1787457219.766120911,FOLLOW,2,3,1,1,3,1,198,51,0,0,0.000000,0.000000,0.000000,0.000000
tracking_cdrone3_20260822_205237_900_milestone4,milestone4,1787457219.865579367,FOLLOW,2,3,1,1,1,1,212,53,0,0,0.000000,0.000000,0.000000,0.000000
tracking_cdrone3_20260822_205237_900_milestone4,milestone4,1787457219.965902090,FOLLOW,2,3,1,1,1,1,212,53,0,0,0.000000,0.000000,0.000000,0.000000
tracking_cdrone3_20260822_205237_900_milestone4,milestone4,1787457220.066234112,FOLLOW,2,3,1,1,3,1,212,53,0,0,0.000000,0.000000,0.000000,0.000000
tracking_cdrone3_20260822_205237_900_milestone4,milestone4,1787457220.165574074,FOLLOW,2,3,1,1,1,1,198,51,0,0,0.000000,0.000000,0.000000,0.000000
tracking_cdrone3_20260822_205237_900_milestone4,milestone4,1787457220.265702963,FOLLOW,2,3,1,1,1,1,198,51,0,0,0.000000,0.000000,0.000000,0.000000
tracking_cdrone3_20260822_205237_900_milestone4,milestone4,1787457220.365725756,FOLLOW,2,3,1,1,3,1,198,51,0,0,0.000000,0.000000,0.000000,0.000000
tracking_cdrone3_20260822_205237_900_milestone4,milestone4,1787457220.465573549,FOLLOW,2,3,1,1,1,1,198,51,0,0,0.000000,0.000000,0.000000,0.000000
tracking_cdrone3_20260822_205237_900_milestone4,milestone4,1787457220.565913916,FOLLOW,2,3,1,1,1,1,198,51,0,0,0.000000,0.000000,0.000000,0.000000
tracking_cdrone3_20260822_205237_900_milestone4,milestone4,1787457220.666653872,FOLLOW,2,3,1,1,3,1,198,51,0,0,0.000000,0.000000,0.000000,0.000000
tracking_cdrone3_20260822_205237_900_milestone4,milestone4,1787457220.765856504,FOLLOW,2,3,1,1,1,1,198,51,0,0,0.000000,0.000000,0.000000,0.000000
tracking_cdrone3_20260822_205237_900_milestone4,milestone4,1787457220.865581512,FOLLOW,2,3,1,1,1,1,198,51,0,0,0.000000,0.000000,0.000000,0.000000
tracking_cdrone3_20260822_205237_900_milestone4,milestone4,1787457220.966008902,FOLLOW,2,3,1,1,3,1,198,51,0,0,0.000000,0.000000,0.000000,0.000000
tracking_cdrone3_20260822_205237_900_milestone4,milestone4,1787457221.065911293,FOLLOW,2,3,1,1,1,1,198,51,0,0,0.000000,0.000000,0.000000,0.000000
tracking_cdrone3_20260822_205237_900_milestone4,milestone4,1787457221.165694714,FOLLOW,2,3,1,1,1,1,198,51,0,0,0.000000,0.000000,0.000000,0.000000
tracking_cdrone3_20260822_205237_900_milestone4,milestone4,1787457221.265627384,FOLLOW,2,3,1,1,1,1,212,53,0,0,0.000000,0.000000,0.000000,0.000000
tracking_cdrone3_20260822_205237_900_milestone4,milestone4,1787457221.365792036,FOLLOW,2,3,1,1,1,1,212,53,0,0,0.000000,0.000000,0.000000,0.000000
tracking_cdrone3_20260822_205237_900_milestone4,milestone4,1787457221.466047287,FOLLOW,2,3,1,1,1,1,212,53,0,0,0.000000,0.000000,0.000000,0.000000
tracking_cdrone3_20260822_205237_900_milestone4,milestone4,1787457221.566872358,FOLLOW,2,3,1,1,1,1,212,53,0,0,0.000000,0.000000,0.000000,0.000000
tracking_cdrone3_20260822_205237_900_milestone4,milestone4,1787457221.666654825,FOLLOW,2,3,1,1,1,1,212,53,0,0,0.000000,0.000000,0.000000,0.000000
tracking_cdrone3_20260822_205237_900_milestone4,milestone4,1787457221.765658140,FOLLOW,2,3,1,1,1,1,212,53,0,0,0.000000,0.000000,0.000000,0.000000
tracking_cdrone3_20260822_205237_900_milestone4,milestone4,1787457221.865619898,FOLLOW,2,3,1,1,1,1,198,51,0,0,0.000000,0.000000,0.000000,0.000000
tracking_cdrone3_20260822_205237_900_milestone4,milestone4,1787457221.966057777,FOLLOW,2,3,1,1,1,1,198,51,0,0,0.000000,0.000000,0.000000,0.000000
tracking_cdrone3_20260822_205237_900_milestone4,milestone4,1787457222.066076517,FOLLOW,2,3,1,1,1,1,212,53,0,0,0.000000,0.000000,0.000000,0.000000
tracking_cdrone3_20260822_205237_900_milestone4,milestone4,1787457222.165611744,FOLLOW,2,3,1,1,1,1,212,53,0,0,0.000000,0.000000,0.000000,0.000000
tracking_cdrone3_20260822_205237_900_milestone4,milestone4,1787457222.266445160,FOLLOW,2,3,1,1,1,1,212,53,0,0,0.000000,0.000000,0.000000,0.000000
tracking_cdrone3_20260822_205237_900_milestone4,milestone4,1787457222.370605230,FOLLOW,2,3,1,1,3,1,212,53,0,0,0.000000,0.000000,0.000000,0.000000
tracking_cdrone3_20260822_205237_900_milestone4,milestone4,1787457222.465907812,FOLLOW,2,3,1,1,1,1,212,53,0,0,0.000000,0.000000,0.000000,0.000000
tracking_cdrone3_20260822_205237_900_milestone4,milestone4,1787457222.565808058,FOLLOW,2,3,1,1,1,1,212,53,0,0,0.000000,0.000000,0.000000,0.000000
tracking_cdrone3_20260822_205237_900_milestone4,milestone4,1787457222.666956663,FOLLOW,2,3,1,1,1,1,212,53,0,0,0.000000,0.000000,0.000000,0.000000
tracking_cdrone3_20260822_205237_900_milestone4,milestone4,1787457222.765594721,FOLLOW,2,3,1,1,1,1,212,53,0,0,0.000000,0.000000,0.000000,0.000000
tracking_cdrone3_20260822_205237_900_milestone4,milestone4,1787457222.865819454,FOLLOW,2,3,1,1,1,1,212,53,0,0,0.000000,0.000000,0.000000,0.000000
tracking_cdrone3_20260822_205237_900_milestone4,milestone4,1787457222.965935469,FOLLOW,2,3,1,1,1,1,198,51,0,0,0.000000,0.000000,0.000000,0.000000
tracking_cdrone3_20260822_205237_900_milestone4,milestone4,1787457223.065583706,FOLLOW,2,3,1,1,1,1,198,51,0,0,0.000000,0.000000,0.000000,0.000000
tracking_cdrone3_20260822_205237_900_milestone4,milestone4,1787457223.165934324,FOLLOW,2,3,1,1,1,1,198,51,0,0,0.000000,0.000000,0.000000,0.000000
tracking_cdrone3_20260822_205237_900_milestone4,milestone4,1787457223.269302607,FOLLOW,2,3,1,1,1,1,198,51,0,0,0.000000,0.000000,0.000000,0.000000
tracking_cdrone3_20260822_205237_900_milestone4,milestone4,1787457223.366147757,FOLLOW,2,2,1,1,0,0,198,51,0,0,0.000000,0.000000,0.000000,0.000000
tracking_cdrone3_20260822_205237_900_milestone4,milestone4,1787457223.465883970,FOLLOW,2,2,1,1,0,0,198,51,0,0,0.000000,0.000000,0.000000,0.000000
tracking_cdrone3_20260822_205237_900_milestone4,milestone4,1787457223.565859556,FOLLOW,3,3,1,1,0,0,212,53,0,0,0.000000,0.000000,0.000000,0.000000
tracking_cdrone3_20260822_205237_900_milestone4,milestone4,1787457223.665612698,FOLLOW,3,3,1,1,0,0,212,53,0,0,0.000000,0.000000,0.000000,0.000000
tracking_cdrone3_20260822_205237_900_milestone4,milestone4,1787457223.766088963,FOLLOW,3,3,1,1,0,0,212,53,0,0,0.000000,0.000000,0.000000,0.000000
tracking_cdrone3_20260822_205237_900_milestone4,milestone4,1787457223.865940571,FOLLOW,3,3,1,1,0,0,212,53,0,0,0.000000,0.000000,0.000000,0.000000
tracking_cdrone3_20260822_205237_900_milestone4,milestone4,1787457223.965851545,FOLLOW,3,3,1,1,0,0,212,53,0,0,0.000000,0.000000,0.000000,0.000000
tracking_cdrone3_20260822_205237_900_milestone4,milestone4,1787457224.065819502,FOLLOW,3,3,1,1,0,0,212,53,0,0,0.000000,0.000000,0.000000,0.000000
tracking_cdrone3_20260822_205237_900_milestone4,milestone4,1787457224.165782928,FOLLOW,3,3,1,1,0,0,212,53,0,0,0.000000,0.000000,0.000000,0.000000
tracking_cdrone3_20260822_205237_900_milestone4,milestone4,1787457224.266000271,FOLLOW,3,3,1,1,0,0,212,53,0,0,0.000000,0.000000,0.000000,0.000000
tracking_cdrone3_20260822_205237_900_milestone4,milestone4,1787457224.365877151,FOLLOW,2,3,1,1,1,1,198,51,0,0,0.000000,0.000000,0.000000,0.000000
tracking_cdrone3_20260822_205237_900_milestone4,milestone4,1787457224.465912342,FOLLOW,2,3,1,1,1,1,198,51,0,0,0.000000,0.000000,0.000000,0.000000
tracking_cdrone3_20260822_205237_900_milestone4,milestone4,1787457224.565947294,FOLLOW,2,3,1,1,3,1,198,51,0,0,0.000000,0.000000,0.000000,0.000000
tracking_cdrone3_20260822_205237_900_milestone4,milestone4,1787457224.665599585,FOLLOW,2,3,1,1,1,1,212,53,0,0,0.000000,0.000000,0.000000,0.000000
tracking_cdrone3_20260822_205237_900_milestone4,milestone4,1787457224.765721321,FOLLOW,2,3,1,1,1,1,212,53,0,0,0.000000,0.000000,0.000000,0.000000
tracking_cdrone3_20260822_205237_900_milestone4,milestone4,1787457224.866370678,FOLLOW,2,3,1,1,3,1,212,53,0,0,0.000000,0.000000,0.000000,0.000000
tracking_cdrone3_20260822_205237_900_milestone4,milestone4,1787457224.966059208,FOLLOW,2,3,1,1,1,1,212,53,0,0,0.000000,0.000000,0.000000,0.000000
tracking_cdrone3_20260822_205237_900_milestone4,milestone4,1787457225.066027164,FOLLOW,2,3,1,1,1,1,212,53,0,0,0.000000,0.000000,0.000000,0.000000
tracking_cdrone3_20260822_205237_900_milestone4,milestone4,1787457225.165693045,FOLLOW,2,3,1,1,3,1,212,53,0,0,0.000000,0.000000,0.000000,0.000000
tracking_cdrone3_20260822_205237_900_milestone4,milestone4,1787457225.265570879,FOLLOW,2,3,1,1,1,1,212,53,0,0,0.000000,0.000000,0.000000,0.000000
tracking_cdrone3_20260822_205237_900_milestone4,milestone4,1787457225.366008282,FOLLOW,2,3,1,1,1,1,212,53,0,0,0.000000,0.000000,0.000000,0.000000
tracking_cdrone3_20260822_205237_900_milestone4,milestone4,1787457225.465891361,FOLLOW,2,3,1,1,1,1,212,53,0,0,0.000000,0.000000,0.000000,0.000000
tracking_cdrone3_20260822_205237_900_milestone4,milestone4,1787457225.565902710,FOLLOW,2,3,1,1,1,1,212,53,0,0,0.000000,0.000000,0.000000,0.000000
tracking_cdrone3_20260822_205237_900_milestone4,milestone4,1787457225.665712357,FOLLOW,2,3,1,1,1,1,212,53,0,0,0.000000,0.000000,0.000000,0.000000
tracking_cdrone3_20260822_205237_900_milestone4,milestone4,1787457225.766144276,FOLLOW,2,3,1,1,1,1,212,53,0,0,0.000000,0.000000,0.000000,0.000000
tracking_cdrone3_20260822_205237_900_milestone4,milestone4,1787457225.865968943,FOLLOW,2,3,1,1,1,1,212,53,0,0,0.000000,0.000000,0.000000,0.000000
tracking_cdrone3_20260822_205237_900_milestone4,milestone4,1787457225.966093540,FOLLOW,2,3,1,1,1,1,198,51,0,0,0.000000,0.000000,0.000000,0.000000
tracking_cdrone3_20260822_205237_900_milestone4,milestone4,1787457226.065723419,FOLLOW,2,3,1,1,1,1,198,51,0,0,0.000000,0.000000,0.000000,0.000000
tracking_cdrone3_20260822_205237_900_milestone4,milestone4,1787457226.166921377,FOLLOW,2,3,1,1,1,1,198,51,0,0,0.000000,0.000000,0.000000,0.000000
tracking_cdrone3_20260822_205237_900_milestone4,milestone4,1787457226.265809059,FOLLOW,2,3,1,1,1,1,212,53,0,0,0.000000,0.000000,0.000000,0.000000
tracking_cdrone3_20260822_205237_900_milestone4,milestone4,1787457226.365557194,FOLLOW,2,3,1,1,1,1,212,53,0,0,0.000000,0.000000,0.000000,0.000000
tracking_cdrone3_20260822_205237_900_milestone4,milestone4,1787457226.465901613,FOLLOW,2,3,1,1,1,1,212,53,0,0,0.000000,0.000000,0.000000,0.000000
tracking_cdrone3_20260822_205237_900_milestone4,milestone4,1787457226.565941811,FOLLOW,2,3,1,1,1,1,198,51,0,0,0.000000,0.000000,0.000000,0.000000
tracking_cdrone3_20260822_205237_900_milestone4,milestone4,1787457226.666445494,FOLLOW,2,3,1,1,1,1,198,51,0,0,0.000000,0.000000,0.000000,0.000000
tracking_cdrone3_20260822_205237_900_milestone4,milestone4,1787457226.765612125,FOLLOW,2,3,1,1,1,1,198,51,0,0,0.000000,0.000000,0.000000,0.000000
tracking_cdrone3_20260822_205237_900_milestone4,milestone4,1787457226.865890503,FOLLOW,2,3,1,1,1,1,198,51,0,0,0.000000,0.000000,0.000000,0.000000
tracking_cdrone3_20260822_205237_900_milestone4,milestone4,1787457226.965910673,FOLLOW,2,3,1,1,1,1,198,51,0,0,0.000000,0.000000,0.000000,0.000000
tracking_cdrone3_20260822_205237_900_milestone4,milestone4,1787457227.070166588,FOLLOW,2,3,1,1,3,1,198,51,0,0,0.000000,0.000000,0.000000,0.000000
tracking_cdrone3_20260822_205237_900_milestone4,milestone4,1787457227.167552710,FOLLOW,2,3,1,1,1,1,198,51,0,0,0.000000,0.000000,0.000000,0.000000
tracking_cdrone3_20260822_205237_900_milestone4,milestone4,1787457227.265929937,FOLLOW,2,3,1,1,1,1,198,51,0,0,0.000000,0.000000,0.000000,0.000000
tracking_cdrone3_20260822_205237_900_milestone4,milestone4,1787457227.366096497,FOLLOW,2,3,1,1,3,1,198,51,0,0,0.000000,0.000000,0.000000,0.000000
tracking_cdrone3_20260822_205237_900_milestone4,milestone4,1787457227.465912104,FOLLOW,2,3,1,1,1,1,198,51,0,0,0.000000,0.000000,0.000000,0.000000
tracking_cdrone3_20260822_205237_900_milestone4,milestone4,1787457227.565850973,FOLLOW,2,3,1,1,1,1,198,51,0,0,0.000000,0.000000,0.000000,0.000000
tracking_cdrone3_20260822_205237_900_milestone4,milestone4,1787457227.665881634,FOLLOW,2,3,1,1,1,1,198,51,0,0,0.000000,0.000000,0.000000,0.000000
tracking_cdrone3_20260822_205237_900_milestone4,milestone4,1787457227.765576601,FOLLOW,2,3,1,1,1,1,198,51,0,0,0.000000,0.000000,0.000000,0.000000
tracking_cdrone3_20260822_205237_900_milestone4,milestone4,1787457227.865755320,FOLLOW,2,3,1,1,1,1,198,51,0,0,0.000000,0.000000,0.000000,0.000000
tracking_cdrone3_20260822_205237_900_milestone4,milestone4,1787457227.965809584,FOLLOW,2,3,1,1,1,1,198,51,0,0,0.000000,0.000000,0.000000,0.000000
tracking_cdrone3_20260822_205237_900_milestone4,milestone4,1787457228.065876007,FOLLOW,2,3,1,1,1,1,198,51,0,0,0.000000,0.000000,0.000000,0.000000
tracking_cdrone3_20260822_205237_900_milestone4,milestone4,1787457228.165539980,FOLLOW,2,3,1,1,1,1,198,51,0,0,0.000000,0.000000,0.000000,0.000000
tracking_cdrone3_20260822_205237_900_milestone4,milestone4,1787457228.265734911,FOLLOW,2,3,1,1,1,1,212,53,0,0,0.000000,0.000000,0.000000,0.000000
tracking_cdrone3_20260822_205237_900_milestone4,milestone4,1787457228.365556955,FOLLOW,2,3,1,1,1,1,212,53,0,0,0.000000,0.000000,0.000000,0.000000
tracking_cdrone3_20260822_205237_900_milestone4,milestone4,1787457228.466867447,FOLLOW,2,3,1,1,3,1,198,53,0,0,0.000000,0.000000,0.000000,0.000000
tracking_cdrone3_20260822_205237_900_milestone4,milestone4,1787457228.565685749,FOLLOW,2,3,1,1,1,1,198,51,0,0,0.000000,0.000000,0.000000,0.000000
tracking_cdrone3_20260822_205237_900_milestone4,milestone4,1787457228.665790796,FOLLOW,2,3,1,1,1,1,198,51,0,0,0.000000,0.000000,0.000000,0.000000
tracking_cdrone3_20260822_205237_900_milestone4,milestone4,1787457228.765975714,FOLLOW,2,3,1,1,1,1,212,53,0,0,0.000000,0.000000,0.000000,0.000000
tracking_cdrone3_20260822_205237_900_milestone4,milestone4,1787457228.865909576,FOLLOW,2,3,1,1,1,1,212,53,0,0,0.000000,0.000000,0.000000,0.000000
tracking_cdrone3_20260822_205237_900_milestone4,milestone4,1787457228.965740442,FOLLOW,2,3,1,1,1,1,212,53,0,0,0.000000,0.000000,0.000000,0.000000
tracking_cdrone3_20260822_205237_900_milestone4,milestone4,1787457229.065842628,FOLLOW,2,2,1,1,0,0,212,53,0,0,0.000000,0.000000,0.000000,0.000000
tracking_cdrone3_20260822_205237_900_milestone4,milestone4,1787457229.165885687,FOLLOW,2,2,1,1,0,0,212,53,0,0,0.000000,0.000000,0.000000,0.000000
tracking_cdrone3_20260822_205237_900_milestone4,milestone4,1787457229.265570879,FOLLOW,2,2,1,1,2,1,212,53,0,0,0.000000,0.000000,0.000000,0.000000
tracking_cdrone3_20260822_205237_900_milestone4,milestone4,1787457229.365839243,FOLLOW,3,3,1,1,0,0,198,51,0,0,0.000000,0.000000,0.000000,0.000000
tracking_cdrone3_20260822_205237_900_milestone4,milestone4,1787457229.466034889,FOLLOW,3,3,1,1,0,0,198,51,0,0,0.000000,0.000000,0.000000,0.000000
tracking_cdrone3_20260822_205237_900_milestone4,milestone4,1787457229.565570593,FOLLOW,3,3,1,1,0,0,198,51,0,0,0.000000,0.000000,0.000000,0.000000
tracking_cdrone3_20260822_205237_900_milestone4,milestone4,1787457229.665818214,FOLLOW,3,3,1,1,0,0,198,51,0,0,0.000000,0.000000,0.000000,0.000000
tracking_cdrone3_20260822_205237_900_milestone4,milestone4,1787457229.766709805,FOLLOW,3,3,1,1,0,0,198,51,0,0,0.000000,0.000000,0.000000,0.000000
tracking_cdrone3_20260822_205237_900_milestone4,milestone4,1787457229.865795135,FOLLOW,3,3,1,1,0,0,198,51,0,0,0.000000,0.000000,0.000000,0.000000
tracking_cdrone3_20260822_205237_900_milestone4,milestone4,1787457229.965860605,FOLLOW,3,3,1,1,0,0,198,51,0,0,0.000000,0.000000,0.000000,0.000000
tracking_cdrone3_20260822_205237_900_milestone4,milestone4,1787457230.066004515,FOLLOW,3,3,1,1,0,0,198,51,0,0,0.000000,0.000000,0.000000,0.000000
tracking_cdrone3_20260822_205237_900_milestone4,milestone4,1787457230.165558100,FOLLOW,3,3,1,1,0,0,198,51,0,0,0.000000,0.000000,0.000000,0.000000
tracking_cdrone3_20260822_205237_900_milestone4,milestone4,1787457230.265812874,FOLLOW,3,3,1,1,0,0,198,51,0,0,0.000000,0.000000,0.000000,0.000000
tracking_cdrone3_20260822_205237_900_milestone4,milestone4,1787457230.365581036,FOLLOW,3,3,1,1,3,1,198,51,0,0,0.000000,0.000000,0.000000,0.000000
tracking_cdrone3_20260822_205237_900_milestone4,milestone4,1787457230.465738773,FOLLOW,1,3,1,1,2,1,198,51,0,0,0.000000,0.000000,0.000000,0.000000
tracking_cdrone3_20260822_205237_900_milestone4,milestone4,1787457230.565561056,FOLLOW,1,3,1,1,2,1,198,51,0,0,0.000000,0.000000,0.000000,0.000000
tracking_cdrone3_20260822_205237_900_milestone4,milestone4,1787457230.665799856,FOLLOW,1,3,1,1,2,1,198,51,0,0,0.000000,0.000000,0.000000,0.000000
tracking_cdrone3_20260822_205237_900_milestone4,milestone4,1787457230.766008139,FOLLOW,1,3,1,1,2,1,198,51,0,0,0.000000,0.000000,0.000000,0.000000
tracking_cdrone3_20260822_205237_900_milestone4,milestone4,1787457230.865918636,FOLLOW,1,3,1,1,2,1,198,51,0,0,0.000000,0.000000,0.000000,0.000000
tracking_cdrone3_20260822_205237_900_milestone4,milestone4,1787457230.965616465,FOLLOW,1,3,1,1,2,1,198,51,0,0,0.000000,0.000000,0.000000,0.000000
tracking_cdrone3_20260822_205237_900_milestone4,milestone4,1787457231.065899372,FOLLOW,1,3,1,1,2,1,198,51,0,0,0.000000,0.000000,0.000000,0.000000
tracking_cdrone3_20260822_205237_900_milestone4,milestone4,1787457231.165985823,FOLLOW,1,3,1,1,2,1,198,51,0,0,0.000000,0.000000,0.000000,0.000000
tracking_cdrone3_20260822_205237_900_milestone4,milestone4,1787457231.265697718,FOLLOW,1,3,1,1,3,1,198,51,0,0,0.000000,0.000000,0.000000,0.000000
tracking_cdrone3_20260822_205237_900_milestone4,milestone4,1787457231.365872860,FOLLOW,1,3,1,1,2,1,198,51,0,0,0.000000,0.000000,0.000000,0.000000
tracking_cdrone3_20260822_205237_900_milestone4,milestone4,1787457231.466802835,FOLLOW,1,3,1,1,2,1,198,51,0,0,0.000000,0.000000,0.000000,0.000000
tracking_cdrone3_20260822_205237_900_milestone4,milestone4,1787457231.567092419,FOLLOW,1,3,1,1,3,1,198,51,0,0,0.000000,0.000000,0.000000,0.000000
tracking_cdrone3_20260822_205237_900_milestone4,milestone4,1787457231.666927576,FOLLOW,1,3,1,1,2,1,198,51,0,0,0.000000,0.000000,0.000000,0.000000
tracking_cdrone3_20260822_205237_900_milestone4,milestone4,1787457231.765770912,FOLLOW,1,3,1,1,2,1,198,51,0,0,0.000000,0.000000,0.000000,0.000000
tracking_cdrone3_20260822_205237_900_milestone4,milestone4,1787457231.865906954,FOLLOW,1,3,1,1,2,1,198,51,0,0,0.000000,0.000000,0.000000,0.000000
tracking_cdrone3_20260822_205237_900_milestone4,milestone4,1787457231.965917349,FOLLOW,1,3,1,1,2,1,198,51,0,0,0.000000,0.000000,0.000000,0.000000
tracking_cdrone3_20260822_205237_900_milestone4,milestone4,1787457232.065763474,FOLLOW,1,3,1,1,2,1,198,51,0,0,0.000000,0.000000,0.000000,0.000000
tracking_cdrone3_20260822_205237_900_milestone4,milestone4,1787457232.165891647,FOLLOW,1,3,1,1,2,1,198,51,0,0,0.000000,0.000000,0.000000,0.000000
tracking_cdrone3_20260822_205237_900_milestone4,milestone4,1787457232.266008615,FOLLOW,1,3,1,1,2,1,198,51,0,0,0.000000,0.000000,0.000000,0.000000
tracking_cdrone3_20260822_205237_900_milestone4,milestone4,1787457232.365923882,FOLLOW,1,3,1,1,2,1,198,51,0,0,0.000000,0.000000,0.000000,0.000000
tracking_cdrone3_20260822_205237_900_milestone4,milestone4,1787457232.466613531,FOLLOW,1,3,1,1,2,1,198,51,0,0,0.000000,0.000000,0.000000,0.000000
tracking_cdrone3_20260822_205237_900_milestone4,milestone4,1787457232.565614223,FOLLOW,1,3,1,1,2,1,198,51,0,0,0.000000,0.000000,0.000000,0.000000
tracking_cdrone3_20260822_205237_900_milestone4,milestone4,1787457232.665673971,FOLLOW,1,3,1,1,2,1,198,51,0,0,0.000000,0.000000,0.000000,0.000000
tracking_cdrone3_20260822_205237_900_milestone4,milestone4,1787457232.765612841,FOLLOW,1,3,1,1,2,1,198,51,0,0,0.000000,0.000000,0.000000,0.000000
tracking_cdrone3_20260822_205237_900_milestone4,milestone4,1787457232.865850687,FOLLOW,1,3,1,1,2,1,198,51,0,0,0.000000,0.000000,0.000000,0.000000
tracking_cdrone3_20260822_205237_900_milestone4,milestone4,1787457232.966474533,FOLLOW,1,3,1,1,2,1,198,51,0,0,0.000000,0.000000,0.000000,0.000000
tracking_cdrone3_20260822_205237_900_milestone4,milestone4,1787457233.065624475,FOLLOW,1,3,1,1,2,1,198,51,0,0,0.000000,0.000000,0.000000,0.000000
tracking_cdrone3_20260822_205237_900_milestone4,milestone4,1787457233.165817261,FOLLOW,1,3,1,1,2,1,198,51,0,0,0.000000,0.000000,0.000000,0.000000
tracking_cdrone3_20260822_205237_900_milestone4,milestone4,1787457233.265954733,FOLLOW,1,3,1,1,2,1,198,51,0,0,0.000000,0.000000,0.000000,0.000000
tracking_cdrone3_20260822_205237_900_milestone4,milestone4,1787457233.365959167,FOLLOW,1,3,1,1,2,1,198,51,0,0,0.000000,0.000000,0.000000,0.000000
tracking_cdrone3_20260822_205237_900_milestone4,milestone4,1787457233.468549013,FOLLOW,1,3,1,1,3,1,198,51,0,0,0.000000,0.000000,0.000000,0.000000
tracking_cdrone3_20260822_205237_900_milestone4,milestone4,1787457233.566119909,FOLLOW,1,3,1,1,2,1,198,51,0,0,0.000000,0.000000,0.000000,0.000000
tracking_cdrone3_20260822_205237_900_milestone4,milestone4,1787457233.665556431,FOLLOW,1,3,1,1,2,1,198,51,0,0,0.000000,0.000000,0.000000,0.000000
tracking_cdrone3_20260822_205237_900_milestone4,milestone4,1787457233.765966654,FOLLOW,1,3,1,1,3,1,198,51,0,0,0.000000,0.000000,0.000000,0.000000
tracking_cdrone3_20260822_205237_900_milestone4,milestone4,1787457233.865737200,FOLLOW,1,3,1,1,2,1,198,51,0,0,0.000000,0.000000,0.000000,0.000000
tracking_cdrone3_20260822_205237_900_milestone4,milestone4,1787457233.965698957,FOLLOW,1,3,1,1,2,1,198,51,0,0,0.000000,0.000000,0.000000,0.000000
tracking_cdrone3_20260822_205237_900_milestone4,milestone4,1787457234.065731287,FOLLOW,1,3,1,1,3,1,198,51,0,0,0.000000,0.000000,0.000000,0.000000
tracking_cdrone3_20260822_205237_900_milestone4,milestone4,1787457234.165911913,FOLLOW,1,3,1,1,2,1,198,51,0,0,0.000000,0.000000,0.000000,0.000000
tracking_cdrone3_20260822_205237_900_milestone4,milestone4,1787457234.265757322,FOLLOW,1,3,1,1,2,1,198,51,0,0,0.000000,0.000000,0.000000,0.000000
tracking_cdrone3_20260822_205237_900_milestone4,milestone4,1787457234.367151499,FOLLOW,1,3,1,1,2,1,198,51,0,0,0.000000,0.000000,0.000000,0.000000
tracking_cdrone3_20260822_205237_900_milestone4,milestone4,1787457234.466309786,FOLLOW,1,3,1,1,2,1,198,51,0,0,0.000000,0.000000,0.000000,0.000000
tracking_cdrone3_20260822_205237_900_milestone4,milestone4,1787457234.565930605,DWELL,1,3,1,1,2,1,198,51,0,0,0.000000,0.000000,0.000000,0.000000
tracking_cdrone3_20260822_205237_900_milestone4,milestone4,1787457234.665899038,DWELL,1,3,1,1,2,1,198,51,0,0,0.000000,0.000000,0.000000,0.000000
tracking_cdrone3_20260822_205237_900_milestone4,milestone4,1787457234.765961885,DWELL,1,3,1,1,2,1,198,51,0,0,0.000000,0.000000,0.000000,0.000000
tracking_cdrone3_20260822_205237_900_milestone4,milestone4,1787457234.866142035,DWELL,1,1,1,1,1,1,198,51,0,0,0.000000,0.000000,0.000000,0.000000
tracking_cdrone3_20260822_205237_900_milestone4,milestone4,1787457234.965808153,DWELL,1,1,1,1,0,0,198,51,0,0,0.000000,0.000000,0.000000,0.000000
tracking_cdrone3_20260822_205237_900_milestone4,milestone4,1787457235.066011190,DWELL,1,1,1,1,0,0,198,51,0,0,0.000000,0.000000,0.000000,0.000000
tracking_cdrone3_20260822_205237_900_milestone4,milestone4,1787457235.165910721,DWELL,1,1,1,1,0,0,198,51,0,0,0.000000,0.000000,0.000000,0.000000
tracking_cdrone3_20260822_205237_900_milestone4,milestone4,1787457235.266089439,DWELL,1,1,1,1,0,0,198,51,0,0,0.000000,0.000000,0.000000,0.000000
tracking_cdrone3_20260822_205237_900_milestone4,milestone4,1787457235.365957737,DWELL,1,1,1,1,0,0,198,51,0,0,0.000000,0.000000,0.000000,0.000000
tracking_cdrone3_20260822_205237_900_milestone4,milestone4,1787457235.465941429,DWELL,1,1,1,1,0,0,198,51,0,0,0.000000,0.000000,0.000000,0.000000
tracking_cdrone3_20260822_205237_900_milestone4,milestone4,1787457235.565928459,DWELL,1,1,1,1,0,0,198,51,0,0,0.000000,0.000000,0.000000,0.000000
tracking_cdrone3_20260822_205237_900_milestone4,milestone4,1787457235.665557146,DWELL,1,1,1,1,0,0,198,51,0,0,0.000000,0.000000,0.000000,0.000000
tracking_cdrone3_20260822_205237_900_milestone4,milestone4,1787457235.765801430,DWELL,1,1,1,1,0,0,198,51,0,0,0.000000,0.000000,0.000000,0.000000
tracking_cdrone3_20260822_205237_900_milestone4,milestone4,1787457235.866010904,DWELL,1,1,1,1,0,0,198,51,0,0,0.000000,0.000000,0.000000,0.000000
tracking_cdrone3_20260822_205237_900_milestone4,milestone4,1787457235.966103792,DWELL,1,1,1,1,0,0,198,51,0,0,0.000000,0.000000,0.000000,0.000000
tracking_cdrone3_20260822_205237_900_milestone4,milestone4,1787457236.065762520,DWELL,1,1,1,1,0,0,198,51,0,0,0.000000,0.000000,0.000000,0.000000
tracking_cdrone3_20260822_205237_900_milestone4,milestone4,1787457236.166102171,DWELL,1,1,1,1,0,0,198,51,0,0,0.000000,0.000000,0.000000,0.000000
tracking_cdrone3_20260822_205237_900_milestone4,milestone4,1787457236.265827417,DWELL,1,1,1,1,0,0,198,51,0,0,0.000000,0.000000,0.000000,0.000000
tracking_cdrone3_20260822_205237_900_milestone4,milestone4,1787457236.365986109,DWELL,1,1,1,1,0,0,198,51,0,0,0.000000,0.000000,0.000000,0.000000
tracking_cdrone3_20260822_205237_900_milestone4,milestone4,1787457236.466807842,DWELL,1,1,1,1,1,1,198,51,0,0,0.000000,0.000000,0.000000,0.000000
tracking_cdrone3_20260822_205237_900_milestone4,milestone4,1787457236.565762520,DWELL,1,1,1,1,0,0,198,51,0,0,0.000000,0.000000,0.000000,0.000000
tracking_cdrone3_20260822_205237_900_milestone4,milestone4,1787457236.666032076,DWELL,1,1,1,1,0,0,198,51,0,0,0.000000,0.000000,0.000000,0.000000
tracking_cdrone3_20260822_205237_900_milestone4,milestone4,1787457236.765997410,FOLLOW,1,1,1,1,0,0,198,51,0,0,0.000000,0.000000,0.000000,0.000000
tracking_cdrone3_20260822_205237_900_milestone4,milestone4,1787457236.866111755,FOLLOW,1,1,1,1,0,0,198,51,0,0,0.000000,0.000000,0.000000,0.000000
tracking_cdrone3_20260822_205237_900_milestone4,milestone4,1787457236.965949774,FOLLOW,1,1,1,1,0,0,198,51,0,0,0.000000,0.000000,0.000000,0.000000
tracking_cdrone3_20260822_205237_900_milestone4,milestone4,1787457237.066000223,FOLLOW,1,1,1,1,0,0,198,51,0,0,0.000000,0.000000,0.000000,0.000000
tracking_cdrone3_20260822_205237_900_milestone4,milestone4,1787457237.165830851,FOLLOW,1,1,1,1,0,0,198,51,0,0,0.000000,0.000000,0.000000,0.000000
tracking_cdrone3_20260822_205237_900_milestone4,milestone4,1787457237.266390562,FOLLOW,1,1,1,1,0,0,198,51,0,0,0.000000,0.000000,0.000000,0.000000
tracking_cdrone3_20260822_205237_900_milestone4,milestone4,1787457237.365620375,FOLLOW,1,1,1,1,0,0,198,51,0,0,0.000000,0.000000,0.000000,0.000000
tracking_cdrone3_20260822_205237_900_milestone4,milestone4,1787457237.465983391,FOLLOW,1,1,1,1,0,0,198,51,0,0,0.000000,0.000000,0.000000,0.000000
tracking_cdrone3_20260822_205237_900_milestone4,milestone4,1787457237.565964222,FOLLOW,1,1,1,1,0,0,198,51,0,0,0.000000,0.000000,0.000000,0.000000
tracking_cdrone3_20260822_205237_900_milestone4,milestone4,1787457237.665752172,DWELL,1,1,1,1,0,0,198,51,0,0,0.000000,0.000000,0.000000,0.000000
tracking_cdrone3_20260822_205237_900_milestone4,milestone4,1787457237.765593767,DWELL,1,1,1,1,0,0,198,51,0,0,0.000000,0.000000,0.000000,0.000000
tracking_cdrone3_20260822_205237_900_milestone4,milestone4,1787457237.865812302,DWELL,1,1,1,1,0,0,198,51,0,0,0.000000,0.000000,0.000000,0.000000
tracking_cdrone3_20260822_205237_900_milestone4,milestone4,1787457237.965858459,FOLLOW,1,1,1,1,0,0,198,51,0,0,0.000000,0.000000,0.000000,0.000000
tracking_cdrone3_20260822_205237_900_milestone4,milestone4,1787457238.065746546,FOLLOW,1,1,1,1,1,1,198,51,0,0,0.000000,0.000000,0.000000,0.000000
tracking_cdrone3_20260822_205237_900_milestone4,milestone4,1787457238.165494204,FOLLOW,1,1,1,1,0,0,198,51,0,0,0.000000,0.000000,0.000000,0.000000
tracking_cdrone3_20260822_205237_900_milestone4,milestone4,1787457238.265924454,DWELL,1,1,1,1,0,0,198,51,0,0,0.000000,0.000000,0.000000,0.000000
tracking_cdrone3_20260822_205237_900_milestone4,milestone4,1787457238.365927935,DWELL,1,1,1,1,1,1,198,51,0,0,0.000000,0.000000,0.000000,0.000000
tracking_cdrone3_20260822_205237_900_milestone4,milestone4,1787457238.465634823,DWELL,1,1,1,1,0,0,198,51,0,0,0.000000,0.000000,0.000000,0.000000
tracking_cdrone3_20260822_205237_900_milestone4,milestone4,1787457238.565979719,DWELL,1,1,1,1,0,0,198,51,0,0,0.000000,0.000000,0.000000,0.000000
tracking_cdrone3_20260822_205237_900_milestone4,milestone4,1787457238.665850163,DWELL,1,1,1,1,0,0,198,51,0,0,0.000000,0.000000,0.000000,0.000000
tracking_cdrone3_20260822_205237_900_milestone4,milestone4,1787457238.766325712,FOLLOW,1,1,1,1,0,0,198,51,0,0,0.000000,0.000000,0.000000,0.000000
tracking_cdrone3_20260822_205237_900_milestone4,milestone4,1787457238.866482735,FOLLOW,1,1,1,1,0,0,198,51,0,0,0.000000,0.000000,0.000000,0.000000
tracking_cdrone3_20260822_205237_900_milestone4,milestone4,1787457238.967436790,FOLLOW,1,1,1,1,0,0,198,51,0,0,0.000000,0.000000,0.000000,0.000000
tracking_cdrone3_20260822_205237_900_milestone4,milestone4,1787457239.065932035,DWELL,1,1,1,1,0,0,198,51,0,0,0.000000,0.000000,0.000000,0.000000
tracking_cdrone3_20260822_205237_900_milestone4,milestone4,1787457239.171111584,DWELL,1,1,1,1,0,0,198,51,0,0,0.000000,0.000000,0.000000,0.000000
tracking_cdrone3_20260822_205237_900_milestone4,milestone4,1787457239.265834570,DWELL,1,1,1,1,0,0,198,51,0,0,0.000000,0.000000,0.000000,0.000000
tracking_cdrone3_20260822_205237_900_milestone4,milestone4,1787457239.366871119,DWELL,1,1,1,1,0,0,198,51,0,0,0.000000,0.000000,0.000000,0.000000
tracking_cdrone3_20260822_205237_900_milestone4,milestone4,1787457239.465858698,DWELL,1,1,1,1,0,0,198,51,0,0,0.000000,0.000000,0.000000,0.000000
tracking_cdrone3_20260822_205237_900_milestone4,milestone4,1787457239.565668344,DWELL,1,1,1,1,0,0,198,51,0,0,0.000000,0.000000,0.000000,0.000000
tracking_cdrone3_20260822_205237_900_milestone4,milestone4,1787457239.665872335,DWELL,1,1,1,1,0,0,198,51,0,0,0.000000,0.000000,0.000000,0.000000
tracking_cdrone3_20260822_205237_900_milestone4,milestone4,1787457239.765924692,DWELL,1,1,1,1,0,0,198,51,0,0,0.000000,0.000000,0.000000,0.000000
tracking_cdrone3_20260822_205237_900_milestone4,milestone4,1787457239.865938425,DWELL,1,1,1,1,0,0,198,51,0,0,0.000000,0.000000,0.000000,0.000000
tracking_cdrone3_20260822_205237_900_milestone4,milestone4,1787457239.965562820,DWELL,1,1,1,1,0,0,198,51,0,0,0.000000,0.000000,0.000000,0.000000
tracking_cdrone3_20260822_205237_900_milestone4,milestone4,1787457240.065794468,DWELL,1,1,1,1,0,0,198,51,0,0,0.000000,0.000000,0.000000,0.000000
tracking_cdrone3_20260822_205237_900_milestone4,milestone4,1787457240.165619135,DWELL,1,1,1,1,1,1,198,51,0,0,0.000000,0.000000,0.000000,0.000000
tracking_cdrone3_20260822_205237_900_milestone4,milestone4,1787457240.265763521,DWELL,1,1,1,1,0,0,198,51,0,0,0.000000,0.000000,0.000000,0.000000
tracking_cdrone3_20260822_205237_900_milestone4,milestone4,1787457240.365756750,DWELL,1,1,1,1,0,0,198,51,0,0,0.000000,0.000000,0.000000,0.000000
tracking_cdrone3_20260822_205237_900_milestone4,milestone4,1787457240.466645241,DWELL,1,1,1,1,0,0,198,51,0,0,0.000000,0.000000,0.000000,0.000000
tracking_cdrone3_20260822_205237_900_milestone4,milestone4,1787457240.565878630,DWELL,1,1,1,1,0,0,198,51,0,0,0.000000,0.000000,0.000000,0.000000
tracking_cdrone3_20260822_205237_900_milestone4,milestone4,1787457240.665803432,DWELL,1,1,1,1,0,0,198,51,0,0,0.000000,0.000000,0.000000,0.000000
tracking_cdrone3_20260822_205237_900_milestone4,milestone4,1787457240.765982628,DWELL,1,1,1,1,0,0,198,51,0,0,0.000000,0.000000,0.000000,0.000000
tracking_cdrone3_20260822_205237_900_milestone4,milestone4,1787457240.866208076,DWELL,1,1,1,1,0,0,198,51,0,0,0.000000,0.000000,0.000000,0.000000
tracking_cdrone3_20260822_205237_900_milestone4,milestone4,1787457240.966248035,DWELL,1,1,1,1,0,0,198,51,0,0,0.000000,0.000000,0.000000,0.000000
tracking_cdrone3_20260822_205237_900_milestone4,milestone4,1787457241.065901279,DWELL,1,1,1,1,0,0,198,51,0,0,0.000000,0.000000,0.000000,0.000000
tracking_cdrone3_20260822_205237_900_milestone4,milestone4,1787457241.166052580,DWELL,1,1,1,1,0,0,198,51,0,0,0.000000,0.000000,0.000000,0.000000
tracking_cdrone3_20260822_205237_900_milestone4,milestone4,1787457241.265957594,DWELL,1,1,1,1,0,0,198,51,0,0,0.000000,0.000000,0.000000,0.000000
tracking_cdrone3_20260822_205237_900_milestone4,milestone4,1787457241.367053986,DWELL,1,1,1,1,0,0,198,51,0,0,0.000000,0.000000,0.000000,0.000000
tracking_cdrone3_20260822_205237_900_milestone4,milestone4,1787457241.465960264,DWELL,1,1,1,1,0,0,198,51,0,0,0.000000,0.000000,0.000000,0.000000
tracking_cdrone3_20260822_205237_900_milestone4,milestone4,1787457241.565646887,DWELL,1,1,1,1,0,0,198,51,0,0,0.000000,0.000000,0.000000,0.000000
tracking_cdrone3_20260822_205237_900_milestone4,milestone4,1787457241.666080952,DWELL,1,1,1,1,0,0,198,51,0,0,0.000000,0.000000,0.000000,0.000000
tracking_cdrone3_20260822_205237_900_milestone4,milestone4,1787457241.765953779,DWELL,1,1,1,1,0,0,198,51,0,0,0.000000,0.000000,0.000000,0.000000
tracking_cdrone3_20260822_205237_900_milestone4,milestone4,1787457241.865912437,DWELL,1,1,1,1,0,0,198,51,0,0,0.000000,0.000000,0.000000,0.000000
tracking_cdrone3_20260822_205237_900_milestone4,milestone4,1787457241.965986252,DWELL,1,1,1,1,0,0,198,51,0,0,0.000000,0.000000,0.000000,0.000000
tracking_cdrone3_20260822_205237_900_milestone4,milestone4,1787457242.066464186,SEARCH,1,1,1,1,0,0,198,51,0,0,0.000000,0.000000,0.000000,0.000000
tracking_cdrone3_20260822_205237_900_milestone4,milestone4,1787457242.165890932,SEARCH,1,1,1,1,0,0,198,51,0,0,0.000000,0.000000,0.000000,0.000000
tracking_cdrone3_20260822_205237_900_milestone4,milestone4,1787457242.265907764,SEARCH,1,1,1,1,0,0,198,51,0,0,0.000000,0.000000,0.000000,0.000000
tracking_cdrone3_20260822_205237_900_milestone4,milestone4,1787457242.366133690,SEARCH,1,1,1,1,1,1,198,51,0,0,0.000000,0.000000,0.000000,0.000000
tracking_cdrone3_20260822_205237_900_milestone4,milestone4,1787457242.466056347,SEARCH,1,1,1,1,0,0,198,51,0,0,0.000000,0.000000,0.000000,0.000000
tracking_cdrone3_20260822_205237_900_milestone4,milestone4,1787457242.565878868,SEARCH,1,1,1,1,0,0,198,51,0,0,0.000000,0.000000,0.000000,0.000000
tracking_cdrone3_20260822_205237_900_milestone4,milestone4,1787457242.666866779,SEARCH,1,1,1,1,0,0,198,51,0,0,0.000000,0.000000,0.000000,0.000000
tracking_cdrone3_20260822_205237_900_milestone4,milestone4,1787457242.765857935,SEARCH,1,1,1,1,0,0,198,51,0,0,0.000000,0.000000,0.000000,0.000000
tracking_cdrone3_20260822_205237_900_milestone4,milestone4,1787457242.866490364,SEARCH,1,1,1,1,0,0,198,51,0,0,0.000000,0.000000,0.000000,0.000000
tracking_cdrone3_20260822_205237_900_milestone4,milestone4,1787457242.965831995,SEARCH,1,1,1,1,0,0,198,51,0,0,0.000000,0.000000,0.000000,0.000000
tracking_cdrone3_20260822_205237_900_milestone4,milestone4,1787457243.065911531,SEARCH,1,1,1,1,0,0,198,51,0,0,0.000000,0.000000,0.000000,0.000000
tracking_cdrone3_20260822_205237_900_milestone4,milestone4,1787457243.165851831,SEARCH,1,1,1,1,1,1,198,51,0,0,0.000000,0.000000,0.000000,0.000000
tracking_cdrone3_20260822_205237_900_milestone4,milestone4,1787457243.265800953,SEARCH,1,1,1,1,0,0,198,51,0,0,0.000000,0.000000,0.000000,0.000000
tracking_cdrone3_20260822_205237_900_milestone4,milestone4,1787457243.365894794,SEARCH,1,1,1,1,0,0,198,51,0,0,0.000000,0.000000,0.000000,0.000000
tracking_cdrone3_20260822_205237_900_milestone4,milestone4,1787457243.465786457,SEARCH,1,1,1,1,0,0,198,51,0,0,0.000000,0.000000,0.000000,0.000000
tracking_cdrone3_20260822_205237_900_milestone4,milestone4,1787457243.565942764,SEARCH,1,1,1,1,0,0,198,51,0,0,0.000000,0.000000,0.000000,0.000000
tracking_cdrone3_20260822_205237_900_milestone4,milestone4,1787457243.667004585,SEARCH,1,1,1,1,0,0,198,51,0,0,0.000000,0.000000,0.000000,0.000000
tracking_cdrone3_20260822_205237_900_milestone4,milestone4,1787457243.766182423,SEARCH,1,1,1,1,0,0,198,51,0,0,0.000000,0.000000,0.000000,0.000000
tracking_cdrone3_20260822_205237_900_milestone4,milestone4,1787457243.865532875,SEARCH,1,1,1,1,0,0,198,51,0,0,0.000000,0.000000,0.000000,0.000000
tracking_cdrone3_20260822_205237_900_milestone4,milestone4,1787457243.965748310,SEARCH,1,1,1,1,0,0,198,51,0,0,0.000000,0.000000,0.000000,0.000000
tracking_cdrone3_20260822_205237_900_milestone4,milestone4,1787457244.065611362,SEARCH,1,1,1,1,0,0,198,51,0,0,0.000000,0.000000,0.000000,0.000000
tracking_cdrone3_20260822_205237_900_milestone4,milestone4,1787457244.165870905,SEARCH,1,1,1,1,0,0,198,51,0,0,0.000000,0.000000,0.000000,0.000000
tracking_cdrone3_20260822_205237_900_milestone4,milestone4,1787457244.265554428,SEARCH,1,1,1,1,0,0,198,51,0,0,0.000000,0.000000,0.000000,0.000000
tracking_cdrone3_20260822_205237_900_milestone4,milestone4,1787457244.365833044,SEARCH,1,1,1,1,0,0,198,51,0,0,0.000000,0.000000,0.000000,0.000000
tracking_cdrone3_20260822_205237_900_milestone4,milestone4,1787457244.466120720,SEARCH,1,1,1,1,0,0,198,51,0,0,0.000000,0.000000,0.000000,0.000000
tracking_cdrone3_20260822_205237_900_milestone4,milestone4,1787457244.565971613,SEARCH,1,1,1,1,0,0,198,51,0,0,0.000000,0.000000,0.000000,0.000000
tracking_cdrone3_20260822_205237_900_milestone4,milestone4,1787457244.665508747,SEARCH,1,1,1,1,0,0,198,51,0,0,0.000000,0.000000,0.000000,0.000000
tracking_cdrone3_20260822_205237_900_milestone4,milestone4,1787457244.765949965,SEARCH,1,1,1,1,0,0,198,51,0,0,0.000000,0.000000,0.000000,0.000000
tracking_cdrone3_20260822_205237_900_milestone4,milestone4,1787457244.865559578,SEARCH,1,1,1,1,0,0,198,51,0,0,0.000000,0.000000,0.000000,0.000000
tracking_cdrone3_20260822_205237_900_milestone4,milestone4,1787457244.966018915,SEARCH,1,1,1,1,0,0,198,51,0,0,0.000000,0.000000,0.000000,0.000000
tracking_cdrone3_20260822_205237_900_milestone4,milestone4,1787457245.065868616,SEARCH,1,1,1,1,0,0,198,51,0,0,0.000000,0.000000,0.000000,0.000000
tracking_cdrone3_20260822_205237_900_milestone4,milestone4,1787457245.165848017,SEARCH,1,1,1,1,0,0,198,51,0,0,0.000000,0.000000,0.000000,0.000000
tracking_cdrone3_20260822_205237_900_milestone4,milestone4,1787457245.266988039,SEARCH,1,1,1,1,1,1,198,51,0,0,0.000000,0.000000,0.000000,0.000000
tracking_cdrone3_20260822_205237_900_milestone4,milestone4,1787457245.365777493,SEARCH,1,1,1,1,0,0,198,51,0,0,0.000000,0.000000,0.000000,0.000000
tracking_cdrone3_20260822_205237_900_milestone4,milestone4,1787457245.465983629,SEARCH,1,1,1,1,0,0,198,51,0,0,0.000000,0.000000,0.000000,0.000000
tracking_cdrone3_20260822_205237_900_milestone4,milestone4,1787457245.565807581,SEARCH,1,1,1,1,0,0,198,51,0,0,0.000000,0.000000,0.000000,0.000000
tracking_cdrone3_20260822_205237_900_milestone4,milestone4,1787457245.665610552,SEARCH,1,1,1,1,0,0,198,51,0,0,0.000000,0.000000,0.000000,0.000000
tracking_cdrone3_20260822_205237_900_milestone4,milestone4,1787457245.765969753,SEARCH,1,1,1,1,0,0,198,51,0,0,0.000000,0.000000,0.000000,0.000000
tracking_cdrone3_20260822_205237_900_milestone4,milestone4,1787457245.865675926,SEARCH,1,1,1,1,0,0,198,51,0,0,0.000000,0.000000,0.000000,0.000000
tracking_cdrone3_20260822_205237_900_milestone4,milestone4,1787457245.965775728,SEARCH,1,1,1,1,0,0,198,51,0,0,0.000000,0.000000,0.000000,0.000000
tracking_cdrone3_20260822_205237_900_milestone4,milestone4,1787457246.066457272,SEARCH,1,1,1,1,1,1,198,51,0,0,0.000000,0.000000,0.000000,0.000000
tracking_cdrone3_20260822_205237_900_milestone4,milestone4,1787457246.165833950,SEARCH,2,2,1,1,0,0,198,51,0,0,0.000000,0.000000,0.000000,0.000000
tracking_cdrone3_20260822_205237_900_milestone4,milestone4,1787457246.266089916,FOLLOW,2,2,1,1,0,0,198,51,0,0,0.000000,0.000000,0.000000,0.000000
tracking_cdrone3_20260822_205237_900_milestone4,milestone4,1787457246.365882397,FOLLOW,2,2,1,1,2,1,198,51,0,0,0.000000,0.000000,0.000000,0.000000
tracking_cdrone3_20260822_205237_900_milestone4,milestone4,1787457246.466315508,FOLLOW,2,2,1,1,0,0,198,51,0,0,0.000000,0.000000,0.000000,0.000000
tracking_cdrone3_20260822_205237_900_milestone4,milestone4,1787457246.565988779,FOLLOW,2,2,1,1,0,0,198,51,0,0,0.000000,0.000000,0.000000,0.000000
tracking_cdrone3_20260822_205237_900_milestone4,milestone4,1787457246.669084311,FOLLOW,2,2,1,1,0,0,198,51,0,0,0.000000,0.000000,0.000000,0.000000
tracking_cdrone3_20260822_205237_900_milestone4,milestone4,1787457246.765697718,FOLLOW,2,2,1,1,0,0,198,51,0,0,0.000000,0.000000,0.000000,0.000000
tracking_cdrone3_20260822_205237_900_milestone4,milestone4,1787457246.866159916,FOLLOW,2,2,1,1,0,0,198,51,0,0,0.000000,0.000000,0.000000,0.000000
tracking_cdrone3_20260822_205237_900_milestone4,milestone4,1787457246.965813875,FOLLOW,2,2,1,1,2,1,198,51,0,0,0.000000,0.000000,0.000000,0.000000
tracking_cdrone3_20260822_205237_900_milestone4,milestone4,1787457247.066056967,FOLLOW,2,2,1,1,0,0,198,51,0,0,0.000000,0.000000,0.000000,0.000000
tracking_cdrone3_20260822_205237_900_milestone4,milestone4,1787457247.165802956,FOLLOW,2,2,1,1,0,0,198,51,0,0,0.000000,0.000000,0.000000,0.000000
tracking_cdrone3_20260822_205237_900_milestone4,milestone4,1787457247.265878677,FOLLOW,2,2,1,1,2,1,198,51,0,0,0.000000,0.000000,0.000000,0.000000
tracking_cdrone3_20260822_205237_900_milestone4,milestone4,1787457247.365921497,FOLLOW,2,2,1,1,0,0,198,51,0,0,0.000000,0.000000,0.000000,0.000000
tracking_cdrone3_20260822_205237_900_milestone4,milestone4,1787457247.465659857,FOLLOW,2,2,1,1,0,0,198,51,0,0,0.000000,0.000000,0.000000,0.000000
tracking_cdrone3_20260822_205237_900_milestone4,milestone4,1787457247.565755129,FOLLOW,2,2,1,1,0,0,198,51,0,0,0.000000,0.000000,0.000000,0.000000
tracking_cdrone3_20260822_205237_900_milestone4,milestone4,1787457247.665885448,FOLLOW,2,2,1,1,0,0,198,51,0,0,0.000000,0.000000,0.000000,0.000000
tracking_cdrone3_20260822_205237_900_milestone4,milestone4,1787457247.765688658,FOLLOW,2,2,1,1,0,0,198,51,0,0,0.000000,0.000000,0.000000,0.000000
tracking_cdrone3_20260822_205237_900_milestone4,milestone4,1787457247.866255283,FOLLOW,2,2,1,1,0,0,198,51,0,0,0.000000,0.000000,0.000000,0.000000
tracking_cdrone3_20260822_205237_900_milestone4,milestone4,1787457247.965996027,FOLLOW,2,2,1,1,2,1,198,51,0,0,0.000000,0.000000,0.000000,0.000000
tracking_cdrone3_20260822_205237_900_milestone4,milestone4,1787457248.066775322,FOLLOW,2,2,1,1,0,0,198,51,0,0,0.000000,0.000000,0.000000,0.000000
tracking_cdrone3_20260822_205237_900_milestone4,milestone4,1787457248.166249037,FOLLOW,2,2,1,1,0,0,198,51,0,0,0.000000,0.000000,0.000000,0.000000
tracking_cdrone3_20260822_205237_900_milestone4,milestone4,1787457248.265508652,FOLLOW,2,2,1,1,2,1,198,51,0,0,0.000000,0.000000,0.000000,0.000000
tracking_cdrone3_20260822_205237_900_milestone4,milestone4,1787457248.365796328,FOLLOW,1,2,1,1,2,1,198,51,0,0,0.000000,0.000000,0.000000,0.000000
tracking_cdrone3_20260822_205237_900_milestone4,milestone4,1787457248.466085672,FOLLOW,1,2,1,1,1,1,198,51,0,0,0.000000,0.000000,0.000000,0.000000
tracking_cdrone3_20260822_205237_900_milestone4,milestone4,1787457248.565863609,FOLLOW,1,2,1,1,1,1,198,51,0,0,0.000000,0.000000,0.000000,0.000000
tracking_cdrone3_20260822_205237_900_milestone4,milestone4,1787457248.665882587,FOLLOW,1,2,1,1,2,1,198,51,0,0,0.000000,0.000000,0.000000,0.000000
tracking_cdrone3_20260822_205237_900_milestone4,milestone4,1787457248.765957832,FOLLOW,2,2,1,1,2,1,198,51,0,0,0.000000,0.000000,0.000000,0.000000
tracking_cdrone3_20260822_205237_900_milestone4,milestone4,1787457248.865542650,FOLLOW,2,2,1,1,0,0,198,59,0,0,0.000000,0.000000,0.000000,0.000000
tracking_cdrone3_20260822_205237_900_milestone4,milestone4,1787457248.966374397,DWELL,2,2,1,1,0,0,198,59,0,0,0.000000,0.000000,0.000000,0.000000
tracking_cdrone3_20260822_205237_900_milestone4,milestone4,1787457249.065919161,FOLLOW,2,2,1,1,2,1,198,59,0,0,0.000000,0.000000,0.000000,0.000000
tracking_cdrone3_20260822_205237_900_milestone4,milestone4,1787457249.165845871,SEARCH,1,2,1,1,1,1,237,59,0,0,0.000000,0.000000,0.000000,0.000000
tracking_cdrone3_20260822_205237_900_milestone4,milestone4,1787457249.266054392,DWELL,1,2,1,1,1,1,237,59,0,0,0.000000,0.000000,0.000000,0.000000
tracking_cdrone3_20260822_205237_900_milestone4,milestone4,1787457249.365824223,DWELL,1,2,1,1,1,1,237,59,0,0,0.000000,0.000000,0.000000,0.000000
tracking_cdrone3_20260822_205237_900_milestone4,milestone4,1787457249.465839148,DWELL,1,2,1,1,2,1,237,59,0,0,0.000000,0.000000,0.000000,0.000000
tracking_cdrone3_20260822_205237_900_milestone4,milestone4,1787457249.567902803,FOLLOW,1,2,1,1,1,1,237,59,0,0,0.000000,0.000000,0.000000,0.000000
tracking_cdrone3_20260822_205237_900_milestone4,milestone4,1787457249.665661812,FOLLOW,1,2,1,1,1,1,237,59,0,0,0.000000,0.000000,0.000000,0.000000
tracking_cdrone3_20260822_205237_900_milestone4,milestone4,1787457249.765736341,DWELL,1,2,1,1,1,1,237,59,0,0,0.000000,0.000000,0.000000,0.000000
tracking_cdrone3_20260822_205237_900_milestone4,milestone4,1787457249.866277218,DWELL,1,2,1,1,2,1,237,59,0,0,0.000000,0.000000,0.000000,0.000000
tracking_cdrone3_20260822_205237_900_milestone4,milestone4,1787457249.965836287,DWELL,1,2,1,1,1,1,237,59,0,0,0.000000,0.000000,0.000000,0.000000
tracking_cdrone3_20260822_205237_900_milestone4,milestone4,1787457250.065608025,FOLLOW,1,2,1,1,1,1,237,59,0,0,0.000000,0.000000,0.000000,0.000000
tracking_cdrone3_20260822_205237_900_milestone4,milestone4,1787457250.166753531,FOLLOW,1,2,1,1,1,1,237,59,0,0,0.000000,0.000000,0.000000,0.000000
tracking_cdrone3_20260822_205237_900_milestone4,milestone4,1787457250.269298792,FOLLOW,1,2,1,1,1,1,237,59,0,0,0.000000,0.000000,0.000000,0.000000
tracking_cdrone3_20260822_205237_900_milestone4,milestone4,1787457250.366261482,FOLLOW,1,2,1,1,1,1,237,59,0,0,0.000000,0.000000,0.000000,0.000000
tracking_cdrone3_20260822_205237_900_milestone4,milestone4,1787457250.465929270,FOLLOW,1,2,1,1,1,1,237,59,0,0,0.000000,0.000000,0.000000,0.000000
tracking_cdrone3_20260822_205237_900_milestone4,milestone4,1787457250.565956593,FOLLOW,1,2,1,1,1,1,237,59,0,0,0.000000,0.000000,0.000000,0.000000
tracking_cdrone3_20260822_205237_900_milestone4,milestone4,1787457250.665643454,FOLLOW,1,2,1,1,1,1,237,59,0,0,0.000000,0.000000,0.000000,0.000000
tracking_cdrone3_20260822_205237_900_milestone4,milestone4,1787457250.766084433,FOLLOW,1,2,1,1,1,1,237,59,0,0,0.000000,0.000000,0.000000,0.000000
tracking_cdrone3_20260822_205237_900_milestone4,milestone4,1787457250.865692616,FOLLOW,1,2,1,1,2,1,237,59,0,0,0.000000,0.000000,0.000000,0.000000
tracking_cdrone3_20260822_205237_900_milestone4,milestone4,1787457250.965742350,FOLLOW,1,2,1,1,1,1,237,59,0,0,0.000000,0.000000,0.000000,0.000000
tracking_cdrone3_20260822_205237_900_milestone4,milestone4,1787457251.066242456,FOLLOW,1,2,1,1,1,1,237,59,0,0,0.000000,0.000000,0.000000,0.000000
tracking_cdrone3_20260822_205237_900_milestone4,milestone4,1787457251.165895700,FOLLOW,1,2,1,1,2,1,237,59,0,0,0.000000,0.000000,0.000000,0.000000
tracking_cdrone3_20260822_205237_900_milestone4,milestone4,1787457251.265724897,FOLLOW,0,2,0,1,2,1,,59,1,1,0.000000,0.000000,0.000000,0.000000
tracking_cdrone3_20260822_205237_900_milestone4,milestone4,1787457251.365951061,FOLLOW,0,2,0,1,2,1,,59,1,1,0.100226,0.100226,0.100226,0.100226
tracking_cdrone3_20260822_205237_900_milestone4,milestone4,1787457251.466838598,FOLLOW,0,2,0,1,2,1,,59,1,1,0.201114,0.201114,0.201114,0.201114
tracking_cdrone3_20260822_205237_900_milestone4,milestone4,1787457251.566393137,FOLLOW,0,2,0,1,2,1,,59,1,1,0.300668,0.300668,0.300668,0.300668
tracking_cdrone3_20260822_205237_900_milestone4,milestone4,1787457251.665733337,FOLLOW,0,2,0,1,2,1,,59,1,1,0.400008,0.400008,0.400008,0.400008
tracking_cdrone3_20260822_205237_900_milestone4,milestone4,1787457251.765914679,FOLLOW,0,2,0,1,2,1,,59,1,1,0.500190,0.500190,0.500190,0.500190
tracking_cdrone3_20260822_205237_900_milestone4,milestone4,1787457251.865911722,FOLLOW,0,2,0,1,2,1,,59,1,1,0.600187,0.600187,0.600187,0.600187
tracking_cdrone3_20260822_205237_900_milestone4,milestone4,1787457251.966230154,FOLLOW,0,2,0,1,2,1,,59,1,1,0.700505,0.700505,0.700505,0.700505
tracking_cdrone3_20260822_205237_900_milestone4,milestone4,1787457252.066047668,SEARCH,0,2,0,1,2,1,,59,1,1,0.800323,0.800323,0.800323,0.800323
tracking_cdrone3_20260822_205237_900_milestone4,milestone4,1787457252.165663481,SEARCH,0,2,0,1,2,1,,59,1,1,0.899939,0.899939,0.899939,0.899939
tracking_cdrone3_20260822_205237_900_milestone4,milestone4,1787457252.265880585,SEARCH,0,2,0,1,2,1,,59,1,1,1.000156,1.000156,1.000156,1.000156
tracking_cdrone3_20260822_205237_900_milestone4,milestone4,1787457252.366198063,SEARCH,0,2,0,1,2,1,,59,1,1,1.100473,1.100473,1.100473,1.100473
tracking_cdrone3_20260822_205237_900_milestone4,milestone4,1787457252.466168642,SEARCH,0,2,0,1,2,1,,59,1,1,1.200444,1.200444,1.200444,1.200444
tracking_cdrone3_20260822_205237_900_milestone4,milestone4,1787457252.565923691,SEARCH,0,2,0,1,2,1,,59,1,1,1.300199,1.300199,1.300199,1.300199
tracking_cdrone3_20260822_205237_900_milestone4,milestone4,1787457252.665784359,SEARCH,0,2,0,1,2,1,,59,1,1,1.400059,1.400059,1.400059,1.400059
tracking_cdrone3_20260822_205237_900_milestone4,milestone4,1787457252.765779495,SEARCH,0,2,0,1,2,1,,59,1,1,1.500055,1.500055,1.500055,1.500055
tracking_cdrone3_20260822_205237_900_milestone4,milestone4,1787457252.865715027,SEARCH,0,2,0,1,2,1,,59,1,1,1.599990,1.599990,1.599990,1.599990
tracking_cdrone3_20260822_205237_900_milestone4,milestone4,1787457252.967339277,SEARCH,0,2,0,1,2,1,,59,1,1,1.701614,1.701614,1.701614,1.701614
tracking_cdrone3_20260822_205237_900_milestone4,milestone4,1787457253.065916300,SEARCH,0,2,0,1,2,1,,59,1,1,1.800191,1.800191,1.800191,1.800191
tracking_cdrone3_20260822_205237_900_milestone4,milestone4,1787457253.165938139,SEARCH,0,2,0,1,2,1,,59,1,1,1.900213,1.900213,1.900213,1.900213
tracking_cdrone3_20260822_205237_900_milestone4,milestone4,1787457253.267558336,SEARCH,0,2,0,1,2,1,,59,1,1,2.001833,2.001833,2.001833,2.001833
tracking_cdrone3_20260822_205237_900_milestone4,milestone4,1787457253.366495848,SEARCH,0,2,0,1,2,1,,59,1,1,2.100771,2.100771,2.100771,2.100771
tracking_cdrone3_20260822_205237_900_milestone4,milestone4,1787457253.465770721,SEARCH,0,1,0,1,1,1,,59,1,1,2.200046,2.200046,2.200046,2.200046
tracking_cdrone3_20260822_205237_900_milestone4,milestone4,1787457253.566289425,SEARCH,0,1,0,1,1,1,,59,1,1,2.300565,2.300565,2.300565,2.300565
tracking_cdrone3_20260822_205237_900_milestone4,milestone4,1787457253.665874958,SEARCH,1,2,1,1,1,1,198,60,0,0,0.000000,0.000000,2.300565,2.300565
tracking_cdrone3_20260822_205237_900_milestone4,milestone4,1787457253.766292334,FOLLOW,1,2,1,1,1,1,198,60,0,0,0.000000,0.000000,2.300565,2.300565
tracking_cdrone3_20260822_205237_900_milestone4,milestone4,1787457253.865910292,FOLLOW,1,2,1,1,2,1,198,60,0,0,0.000000,0.000000,2.300565,2.300565
tracking_cdrone3_20260822_205237_900_milestone4,milestone4,1787457253.965957880,FOLLOW,1,2,1,1,1,1,198,60,0,0,0.000000,0.000000,2.300565,2.300565
tracking_cdrone3_20260822_205237_900_milestone4,milestone4,1787457254.065841198,FOLLOW,1,2,1,1,1,1,198,60,0,0,0.000000,0.000000,2.300565,2.300565
tracking_cdrone3_20260822_205237_900_milestone4,milestone4,1787457254.166150808,FOLLOW,1,2,1,1,2,1,198,60,0,0,0.000000,0.000000,2.300565,2.300565
tracking_cdrone3_20260822_205237_900_milestone4,milestone4,1787457254.265796185,FOLLOW,0,2,0,1,2,1,,60,1,1,0.000000,0.000000,2.300565,2.300565
tracking_cdrone3_20260822_205237_900_milestone4,milestone4,1787457254.366300821,FOLLOW,0,2,0,1,2,1,,60,1,1,0.100505,0.100505,2.300565,2.300565
tracking_cdrone3_20260822_205237_900_milestone4,milestone4,1787457254.465882063,FOLLOW,0,2,0,1,2,1,,60,1,1,0.200086,0.200086,2.300565,2.300565
tracking_cdrone3_20260822_205237_900_milestone4,milestone4,1787457254.569501638,FOLLOW,0,2,0,1,2,1,,60,1,1,0.303705,0.303705,2.300565,2.300565
tracking_cdrone3_20260822_205237_900_milestone4,milestone4,1787457254.665876627,FOLLOW,0,2,0,1,2,1,,60,1,1,0.400080,0.400080,2.300565,2.300565
tracking_cdrone3_20260822_205237_900_milestone4,milestone4,1787457254.765928030,SEARCH,0,2,0,1,2,1,,60,1,1,0.500132,0.500132,2.300565,2.300565
tracking_cdrone3_20260822_205237_900_milestone4,milestone4,1787457254.865864277,SEARCH,0,2,0,1,2,1,,60,1,1,0.600068,0.600068,2.300565,2.300565
tracking_cdrone3_20260822_205237_900_milestone4,milestone4,1787457254.966790199,SEARCH,0,2,0,1,2,1,,60,1,1,0.700994,0.700994,2.300565,2.300565
tracking_cdrone3_20260822_205237_900_milestone4,milestone4,1787457255.065717697,SEARCH,0,2,0,1,2,1,,60,1,1,0.799922,0.799922,2.300565,2.300565
tracking_cdrone3_20260822_205237_900_milestone4,milestone4,1787457255.165997028,SEARCH,0,2,0,1,2,1,,60,1,1,0.900201,0.900201,2.300565,2.300565
tracking_cdrone3_20260822_205237_900_milestone4,milestone4,1787457255.265791893,SEARCH,0,2,0,1,2,1,,60,1,1,0.999996,0.999996,2.300565,2.300565
tracking_cdrone3_20260822_205237_900_milestone4,milestone4,1787457255.366190195,SEARCH,0,2,0,1,2,1,,60,1,1,1.100394,1.100394,2.300565,2.300565
tracking_cdrone3_20260822_205237_900_milestone4,milestone4,1787457255.465720177,SEARCH,0,2,0,1,2,1,,60,1,1,1.199924,1.199924,2.300565,2.300565
tracking_cdrone3_20260822_205237_900_milestone4,milestone4,1787457255.565950155,SEARCH,0,2,0,1,2,1,,60,1,1,1.300154,1.300154,2.300565,2.300565
tracking_cdrone3_20260822_205237_900_milestone4,milestone4,1787457255.665849447,SEARCH,0,2,0,1,2,1,,60,1,1,1.400053,1.400053,2.300565,2.300565
tracking_cdrone3_20260822_205237_900_milestone4,milestone4,1787457255.766338110,SEARCH,0,2,0,1,2,1,,60,1,1,1.500542,1.500542,2.300565,2.300565
tracking_cdrone3_20260822_205237_900_milestone4,milestone4,1787457255.865891933,SEARCH,0,2,0,1,2,1,,60,1,1,1.600096,1.600096,2.300565,2.300565
tracking_cdrone3_20260822_205237_900_milestone4,milestone4,1787457255.965742350,SEARCH,0,1,0,1,1,1,,60,1,1,1.699946,1.699946,2.300565,2.300565
tracking_cdrone3_20260822_205237_900_milestone4,milestone4,1787457256.065974474,SEARCH,0,1,0,1,1,1,,60,1,1,1.800178,1.800178,2.300565,2.300565
tracking_cdrone3_20260822_205237_900_milestone4,milestone4,1787457256.166291475,SEARCH,0,1,0,1,1,1,,60,1,1,1.900495,1.900495,2.300565,2.300565
tracking_cdrone3_20260822_205237_900_milestone4,milestone4,1787457256.265839815,SEARCH,0,1,0,1,1,1,,60,1,1,2.000044,2.000044,2.300565,2.300565
tracking_cdrone3_20260822_205237_900_milestone4,milestone4,1787457256.368052721,SEARCH,0,1,0,1,1,1,,60,1,1,2.102257,2.102257,2.300565,2.300565
tracking_cdrone3_20260822_205237_900_milestone4,milestone4,1787457256.466330528,SEARCH,0,1,0,1,1,1,,60,1,1,2.200534,2.200534,2.300565,2.300565
tracking_cdrone3_20260822_205237_900_milestone4,milestone4,1787457256.566005707,SEARCH,0,1,0,1,1,1,,60,1,1,2.300210,2.300210,2.300565,2.300565
tracking_cdrone3_20260822_205237_900_milestone4,milestone4,1787457256.665913343,SEARCH,0,1,0,1,1,1,,60,1,1,2.400117,2.400117,2.400117,2.400117
tracking_cdrone3_20260822_205237_900_milestone4,milestone4,1787457256.766440868,SEARCH,0,1,0,1,1,1,,60,1,1,2.500645,2.500645,2.500645,2.500645
tracking_cdrone3_20260822_205237_900_milestone4,milestone4,1787457256.865821362,SEARCH,0,1,0,1,1,1,,60,1,1,2.600025,2.600025,2.600025,2.600025
tracking_cdrone3_20260822_205237_900_milestone4,milestone4,1787457256.965778351,SEARCH,0,1,0,1,1,1,,60,1,1,2.699982,2.699982,2.699982,2.699982
tracking_cdrone3_20260822_205237_900_milestone4,milestone4,1787457257.065959930,SEARCH,0,1,0,1,1,1,,60,1,1,2.800164,2.800164,2.800164,2.800164
tracking_cdrone3_20260822_205237_900_milestone4,milestone4,1787457257.166743517,SEARCH,0,1,0,1,1,1,,60,1,1,2.900947,2.900947,2.900947,2.900947
tracking_cdrone3_20260822_205237_900_milestone4,milestone4,1787457257.266220331,SEARCH,0,1,0,1,1,1,,60,1,1,3.000424,3.000424,3.000424,3.000424
tracking_cdrone3_20260822_205237_900_milestone4,milestone4,1787457257.365795612,SEARCH,0,1,0,1,1,1,,60,1,1,3.099999,3.099999,3.099999,3.099999
tracking_cdrone3_20260822_205237_900_milestone4,milestone4,1787457257.466245651,SEARCH,0,1,0,1,1,1,,60,1,1,3.200449,3.200449,3.200449,3.200449
tracking_cdrone3_20260822_205237_900_milestone4,milestone4,1787457257.565967083,SEARCH,0,1,0,1,1,1,,60,1,1,3.300171,3.300171,3.300171,3.300171
tracking_cdrone3_20260822_205237_900_milestone4,milestone4,1787457257.666852713,SEARCH,0,1,0,1,1,1,,60,1,1,3.401057,3.401057,3.401057,3.401057
tracking_cdrone3_20260822_205237_900_milestone4,milestone4,1787457257.765786409,SEARCH,0,1,0,1,1,1,,60,1,1,3.499990,3.499990,3.499990,3.499990
tracking_cdrone3_20260822_205237_900_milestone4,milestone4,1787457257.865920782,SEARCH,0,1,0,1,1,1,,60,1,1,3.600125,3.600125,3.600125,3.600125
tracking_cdrone3_20260822_205237_900_milestone4,milestone4,1787457257.965912342,SEARCH,0,1,0,1,1,1,,60,1,1,3.700116,3.700116,3.700116,3.700116
tracking_cdrone3_20260822_205237_900_milestone4,milestone4,1787457258.066522121,SEARCH,0,1,0,1,1,1,,60,1,1,3.800726,3.800726,3.800726,3.800726
tracking_cdrone3_20260822_205237_900_milestone4,milestone4,1787457258.166032076,SEARCH,0,1,0,1,1,1,,60,1,1,3.900236,3.900236,3.900236,3.900236
tracking_cdrone3_20260822_205237_900_milestone4,milestone4,1787457258.265960693,SEARCH,0,1,0,1,1,1,,60,1,1,4.000165,4.000165,4.000165,4.000165
tracking_cdrone3_20260822_205237_900_milestone4,milestone4,1787457258.365772963,SEARCH,0,1,0,1,1,1,,60,1,1,4.099977,4.099977,4.099977,4.099977
tracking_cdrone3_20260822_205237_900_milestone4,milestone4,1787457258.468988657,SEARCH,0,1,0,1,1,1,,60,1,1,4.203192,4.203192,4.203192,4.203192
tracking_cdrone3_20260822_205237_900_milestone4,milestone4,1787457258.565896511,SEARCH,0,1,0,1,1,1,,60,1,1,4.300100,4.300100,4.300100,4.300100
tracking_cdrone3_20260822_205237_900_milestone4,milestone4,1787457258.666338921,SEARCH,0,0,0,0,0,0,,,1,0,4.400543,0.000000,4.400543,4.300100
tracking_cdrone3_20260822_205237_900_milestone4,milestone4,1787457258.765967131,SEARCH,0,0,0,0,0,0,,,1,0,4.500171,0.000000,4.500171,4.300100
tracking_cdrone3_20260822_205237_900_milestone4,milestone4,1787457258.866532803,SEARCH,0,0,0,0,0,0,,,1,0,4.600737,0.000000,4.600737,4.300100
tracking_cdrone3_20260822_205237_900_milestone4,milestone4,1787457258.965706825,SEARCH,0,0,0,0,0,0,,,1,0,4.699911,0.000000,4.699911,4.300100
tracking_cdrone3_20260822_205237_900_milestone4,milestone4,1787457259.065899849,SEARCH,0,0,0,0,0,0,,,1,0,4.800104,0.000000,4.800104,4.300100
tracking_cdrone3_20260822_205237_900_milestone4,milestone4,1787457259.166475773,SEARCH,0,0,0,0,0,0,,,1,0,4.900680,0.000000,4.900680,4.300100
tracking_cdrone3_20260822_205237_900_milestone4,milestone4,1787457259.265960932,SEARCH,0,0,0,0,0,0,,,1,0,5.000165,0.000000,5.000165,4.300100
tracking_cdrone3_20260822_205237_900_milestone4,milestone4,1787457259.365864754,SEARCH,0,0,0,0,0,0,,,1,0,5.100069,0.000000,5.100069,4.300100
tracking_cdrone3_20260822_205237_900_milestone4,milestone4,1787457259.465805531,SEARCH,0,0,0,0,0,0,,,1,0,5.200009,0.000000,5.200009,4.300100
tracking_cdrone3_20260822_205237_900_milestone4,milestone4,1787457259.565943718,SEARCH,0,0,0,0,0,0,,,1,0,5.300148,0.000000,5.300148,4.300100
tracking_cdrone3_20260822_205237_900_milestone4,milestone4,1787457259.666684866,SEARCH,0,0,0,0,0,0,,,1,0,5.400889,0.000000,5.400889,4.300100
tracking_cdrone3_20260822_205237_900_milestone4,milestone4,1787457259.770141125,SEARCH,0,0,0,0,0,0,,,1,0,5.504345,0.000000,5.504345,4.300100
tracking_cdrone3_20260822_205237_900_milestone4,milestone4,1787457259.866206646,SEARCH,0,0,0,0,0,0,,,1,0,5.600410,0.000000,5.600410,4.300100
tracking_cdrone3_20260822_205237_900_milestone4,milestone4,1787457259.966058254,SEARCH,0,0,0,0,0,0,,,1,0,5.700262,0.000000,5.700262,4.300100
tracking_cdrone3_20260822_205237_900_milestone4,milestone4,1787457260.065898895,SEARCH,0,0,0,0,0,0,,,1,0,5.800103,0.000000,5.800103,4.300100
tracking_cdrone3_20260822_205237_900_milestone4,milestone4,1787457260.165980577,SEARCH,0,0,0,0,0,0,,,1,0,5.900184,0.000000,5.900184,4.300100
tracking_cdrone3_20260822_205237_900_milestone4,milestone4,1787457260.266443253,SEARCH,0,0,0,0,0,0,,,1,0,6.000647,0.000000,6.000647,4.300100
tracking_cdrone3_20260822_205237_900_milestone4,milestone4,1787457260.365797997,SEARCH,0,0,0,0,0,0,,,1,0,6.100002,0.000000,6.100002,4.300100
tracking_cdrone3_20260822_205237_900_milestone4,milestone4,1787457260.465972662,SEARCH,0,0,0,0,0,0,,,1,0,6.200176,0.000000,6.200176,4.300100
tracking_cdrone3_20260822_205237_900_milestone4,milestone4,1787457260.565898895,SEARCH,0,0,0,0,0,0,,,1,0,6.300103,0.000000,6.300103,4.300100
tracking_cdrone3_20260822_205237_900_milestone4,milestone4,1787457260.666780472,SEARCH,0,0,0,0,0,0,,,1,0,6.400984,0.000000,6.400984,4.300100
tracking_cdrone3_20260822_205237_900_milestone4,milestone4,1787457260.765804768,SEARCH,0,0,0,0,0,0,,,1,0,6.500009,0.000000,6.500009,4.300100
tracking_cdrone3_20260822_205237_900_milestone4,milestone4,1787457260.866098166,SEARCH,0,0,0,0,0,0,,,1,0,6.600302,0.000000,6.600302,4.300100
tracking_cdrone3_20260822_205237_900_milestone4,milestone4,1787457260.966751337,SEARCH,0,0,0,0,0,0,,,1,0,6.700955,0.000000,6.700955,4.300100
tracking_cdrone3_20260822_205237_900_milestone4,milestone4,1787457261.066362381,SEARCH,0,0,0,0,0,0,,,1,0,6.800566,0.000000,6.800566,4.300100
tracking_cdrone3_20260822_205237_900_milestone4,milestone4,1787457261.165821791,SEARCH,0,0,0,0,0,0,,,1,0,6.900026,0.000000,6.900026,4.300100
tracking_cdrone3_20260822_205237_900_milestone4,milestone4,1787457261.265744209,SEARCH,0,0,0,0,0,0,,,1,0,6.999948,0.000000,6.999948,4.300100
tracking_cdrone3_20260822_205237_900_milestone4,milestone4,1787457261.365916252,SEARCH,0,0,0,0,0,0,,,1,0,7.100120,0.000000,7.100120,4.300100
tracking_cdrone3_20260822_205237_900_milestone4,milestone4,1787457261.469687223,SEARCH,0,0,0,0,0,0,,,1,0,7.203891,0.000000,7.203891,4.300100
tracking_cdrone3_20260822_205237_900_milestone4,milestone4,1787457261.565834284,SEARCH,0,0,0,0,0,0,,,1,0,7.300038,0.000000,7.300038,4.300100
tracking_cdrone3_20260822_205237_900_milestone4,milestone4,1787457261.665813923,SEARCH,0,0,0,0,0,0,,,1,0,7.400018,0.000000,7.400018,4.300100
tracking_cdrone3_20260822_205237_900_milestone4,milestone4,1787457261.765782356,SEARCH,0,0,0,0,0,0,,,1,0,7.499986,0.000000,7.499986,4.300100
tracking_cdrone3_20260822_205237_900_milestone4,milestone4,1787457261.866068363,SEARCH,0,0,0,0,0,0,,,1,0,7.600272,0.000000,7.600272,4.300100
tracking_cdrone3_20260822_205237_900_milestone4,milestone4,1787457261.965798616,SEARCH,0,0,0,0,0,0,,,1,0,7.700002,0.000000,7.700002,4.300100
tracking_cdrone3_20260822_205237_900_milestone4,milestone4,1787457262.066941977,SEARCH,0,0,0,0,0,0,,,1,0,7.801146,0.000000,7.801146,4.300100
tracking_cdrone3_20260822_205237_900_milestone4,milestone4,1787457262.166938066,SEARCH,0,0,0,0,0,0,,,1,0,7.901142,0.000000,7.901142,4.300100
tracking_cdrone3_20260822_205237_900_milestone4,milestone4,1787457262.265772581,SEARCH,0,0,0,0,0,0,,,1,0,7.999976,0.000000,7.999976,4.300100
tracking_cdrone3_20260822_205237_900_milestone4,milestone4,1787457262.365877151,SEARCH,0,0,0,0,0,0,,,1,0,8.100081,0.000000,8.100081,4.300100
tracking_cdrone3_20260822_205237_900_milestone4,milestone4,1787457262.466721296,SEARCH,0,0,0,0,0,0,,,1,0,8.200925,0.000000,8.200925,4.300100
tracking_cdrone3_20260822_205237_900_milestone4,milestone4,1787457262.565959930,SEARCH,0,0,0,0,0,0,,,1,0,8.300164,0.000000,8.300164,4.300100
tracking_cdrone3_20260822_205237_900_milestone4,milestone4,1787457262.665921211,SEARCH,0,0,0,0,0,0,,,1,0,8.400125,0.000000,8.400125,4.300100
tracking_cdrone3_20260822_205237_900_milestone4,milestone4,1787457262.765799761,SEARCH,0,0,0,0,0,0,,,1,0,8.500004,0.000000,8.500004,4.300100
tracking_cdrone3_20260822_205237_900_milestone4,milestone4,1787457262.866188288,SEARCH,0,0,0,0,0,0,,,1,0,8.600392,0.000000,8.600392,4.300100
tracking_cdrone3_20260822_205237_900_milestone4,milestone4,1787457262.965926170,SEARCH,0,0,0,0,0,0,,,1,0,8.700130,0.000000,8.700130,4.300100
tracking_cdrone3_20260822_205237_900_milestone4,milestone4,1787457263.066186428,SEARCH,0,0,0,0,0,0,,,1,0,8.800390,0.000000,8.800390,4.300100
tracking_cdrone3_20260822_205237_900_milestone4,milestone4,1787457263.165914536,SEARCH,0,0,0,0,0,0,,,1,0,8.900118,0.000000,8.900118,4.300100
tracking_cdrone3_20260822_205237_900_milestone4,milestone4,1787457263.265943289,SEARCH,0,0,0,0,0,0,,,1,0,9.000147,0.000000,9.000147,4.300100
tracking_cdrone3_20260822_205237_900_milestone4,milestone4,1787457263.365935326,SEARCH,0,0,0,0,0,0,,,1,0,9.100139,0.000000,9.100139,4.300100
tracking_cdrone3_20260822_205237_900_milestone4,milestone4,1787457263.466656923,SEARCH,0,0,0,0,0,0,,,1,0,9.200861,0.000000,9.200861,4.300100
tracking_cdrone3_20260822_205237_900_milestone4,milestone4,1787457263.566564798,SEARCH,0,0,0,0,0,0,,,1,0,9.300769,0.000000,9.300769,4.300100
tracking_cdrone3_20260822_205237_900_milestone4,milestone4,1787457263.665888309,SEARCH,0,0,0,0,0,0,,,1,0,9.400092,0.000000,9.400092,4.300100
tracking_cdrone3_20260822_205237_900_milestone4,milestone4,1787457263.766717434,SEARCH,0,0,0,0,0,0,,,1,0,9.500921,0.000000,9.500921,4.300100
tracking_cdrone3_20260822_205237_900_milestone4,milestone4,1787457263.865958452,SEARCH,0,0,0,0,0,0,,,1,0,9.600162,0.000000,9.600162,4.300100
tracking_cdrone3_20260822_205237_900_milestone4,milestone4,1787457263.965948582,SEARCH,0,0,0,0,0,0,,,1,0,9.700152,0.000000,9.700152,4.300100
tracking_cdrone3_20260822_205237_900_milestone4,milestone4,1787457264.065749168,SEARCH,0,0,0,0,0,0,,,1,0,9.799953,0.000000,9.799953,4.300100
tracking_cdrone3_20260822_205237_900_milestone4,milestone4,1787457264.165942430,SEARCH,0,0,0,0,0,0,,,1,0,9.900146,0.000000,9.900146,4.300100
tracking_cdrone3_20260822_205237_900_milestone4,milestone4,1787457264.265803337,SEARCH,0,0,0,0,0,0,,,1,0,10.000007,0.000000,10.000007,4.300100
tracking_cdrone3_20260822_205237_900_milestone4,milestone4,1787457264.366659164,SEARCH,0,0,0,0,0,0,,,1,0,10.100863,0.000000,10.100863,4.300100
tracking_cdrone3_20260822_205237_900_milestone4,milestone4,1787457264.465887785,SEARCH,0,0,0,0,0,0,,,1,0,10.200092,0.000000,10.200092,4.300100
tracking_cdrone3_20260822_205237_900_milestone4,milestone4,1787457264.566446066,SEARCH,0,0,0,0,0,0,,,1,0,10.300650,0.000000,10.300650,4.300100
tracking_cdrone3_20260822_205237_900_milestone4,milestone4,1787457264.666124582,SEARCH,0,0,0,0,0,0,,,1,0,10.400328,0.000000,10.400328,4.300100
tracking_cdrone3_20260822_205237_900_milestone4,milestone4,1787457264.765918016,SEARCH,0,0,0,0,0,0,,,1,0,10.500122,0.000000,10.500122,4.300100
tracking_cdrone3_20260822_205237_900_milestone4,milestone4,1787457264.866004944,SEARCH,0,0,0,0,0,0,,,1,0,10.600209,0.000000,10.600209,4.300100
tracking_cdrone3_20260822_205237_900_milestone4,milestone4,1787457264.966872692,SEARCH,0,0,0,0,0,0,,,1,0,10.701077,0.000000,10.701077,4.300100
tracking_cdrone3_20260822_205237_900_milestone4,milestone4,1787457265.065857172,SEARCH,0,0,0,0,0,0,,,1,0,10.800061,0.000000,10.800061,4.300100
tracking_cdrone3_20260822_205237_900_milestone4,milestone4,1787457265.165828943,SEARCH,0,0,0,0,0,0,,,1,0,10.900033,0.000000,10.900033,4.300100
tracking_cdrone3_20260822_205237_900_milestone4,milestone4,1787457265.266005993,SEARCH,0,0,0,0,0,0,,,1,0,11.000210,0.000000,11.000210,4.300100
tracking_cdrone3_20260822_205237_900_milestone4,milestone4,1787457265.366450787,SEARCH,0,0,0,0,0,0,,,1,0,11.100655,0.000000,11.100655,4.300100
tracking_cdrone3_20260822_205237_900_milestone4,milestone4,1787457265.466965437,SEARCH,0,0,0,0,0,0,,,1,0,11.201169,0.000000,11.201169,4.300100
tracking_cdrone3_20260822_205237_900_milestone4,milestone4,1787457265.566389799,SEARCH,0,0,0,0,0,0,,,1,0,11.300594,0.000000,11.300594,4.300100
tracking_cdrone3_20260822_205237_900_milestone4,milestone4,1787457265.666658163,SEARCH,0,0,0,0,0,0,,,1,0,11.400862,0.000000,11.400862,4.300100
tracking_cdrone3_20260822_205237_900_milestone4,milestone4,1787457265.765944004,SEARCH,0,0,0,0,0,0,,,1,0,11.500148,0.000000,11.500148,4.300100
tracking_cdrone3_20260822_205237_900_milestone4,milestone4,1787457265.865918636,SEARCH,0,0,0,0,0,0,,,1,0,11.600122,0.000000,11.600122,4.300100
tracking_cdrone3_20260822_205237_900_milestone4,milestone4,1787457265.966446161,SEARCH,0,0,0,0,0,0,,,1,0,11.700650,0.000000,11.700650,4.300100
tracking_cdrone3_20260822_205237_900_milestone4,milestone4,1787457266.066679716,SEARCH,0,0,0,0,0,0,,,1,0,11.800884,0.000000,11.800884,4.300100
tracking_cdrone3_20260822_205237_900_milestone4,milestone4,1787457266.165718079,SEARCH,0,0,0,0,0,0,,,1,0,11.899922,0.000000,11.899922,4.300100
tracking_cdrone3_20260822_205237_900_milestone4,milestone4,1787457266.265952349,SEARCH,0,0,0,0,0,0,,,1,0,12.000156,0.000000,12.000156,4.300100
tracking_cdrone3_20260822_205237_900_milestone4,milestone4,1787457266.365907192,SEARCH,0,0,0,0,0,0,,,1,0,12.100111,0.000000,12.100111,4.300100
tracking_cdrone3_20260822_205237_900_milestone4,milestone4,1787457266.466232538,SEARCH,0,0,0,0,0,0,,,1,0,12.200436,0.000000,12.200436,4.300100
tracking_cdrone3_20260822_205237_900_milestone4,milestone4,1787457266.565747499,SEARCH,0,0,0,0,0,0,,,1,0,12.299951,0.000000,12.299951,4.300100
tracking_cdrone3_20260822_205237_900_milestone4,milestone4,1787457266.666510344,SEARCH,0,0,0,0,0,0,,,1,0,12.400714,0.000000,12.400714,4.300100
tracking_cdrone3_20260822_205237_900_milestone4,milestone4,1787457266.766028643,SEARCH,0,0,0,0,0,0,,,1,0,12.500232,0.000000,12.500232,4.300100
tracking_cdrone3_20260822_205237_900_milestone4,milestone4,1787457266.867169619,SEARCH,0,0,0,0,0,0,,,1,0,12.601373,0.000000,12.601373,4.300100
tracking_cdrone3_20260822_205237_900_milestone4,milestone4,1787457266.965891123,SEARCH,0,0,0,0,0,0,,,1,0,12.700095,0.000000,12.700095,4.300100
tracking_cdrone3_20260822_205237_900_milestone4,milestone4,1787457267.066129446,SEARCH,0,0,0,0,0,0,,,1,0,12.800333,0.000000,12.800333,4.300100
tracking_cdrone3_20260822_205237_900_milestone4,milestone4,1787457267.165826559,SEARCH,0,0,0,0,0,0,,,1,0,12.900030,0.000000,12.900030,4.300100
tracking_cdrone3_20260822_205237_900_milestone4,milestone4,1787457267.266199827,SEARCH,0,0,0,0,0,0,,,1,0,13.000404,0.000000,13.000404,4.300100
tracking_cdrone3_20260822_205237_900_milestone4,milestone4,1787457267.368891716,SEARCH,0,0,0,0,0,0,,,1,0,13.103096,0.000000,13.103096,4.300100
tracking_cdrone3_20260822_205237_900_milestone4,milestone4,1787457267.466721058,SEARCH,0,0,0,0,0,0,,,1,0,13.200925,0.000000,13.200925,4.300100
tracking_cdrone3_20260822_205237_900_milestone4,milestone4,1787457267.565926552,SEARCH,0,0,0,0,0,0,,,1,0,13.300130,0.000000,13.300130,4.300100
tracking_cdrone3_20260822_205237_900_milestone4,milestone4,1787457267.665885448,SEARCH,0,0,0,0,0,0,,,1,0,13.400089,0.000000,13.400089,4.300100
tracking_cdrone3_20260822_205237_900_milestone4,milestone4,1787457267.765840292,SEARCH,0,0,0,0,0,0,,,1,0,13.500044,0.000000,13.500044,4.300100
tracking_cdrone3_20260822_205237_900_milestone4,milestone4,1787457267.866027117,SEARCH,0,0,0,0,0,0,,,1,0,13.600231,0.000000,13.600231,4.300100
tracking_cdrone3_20260822_205237_900_milestone4,milestone4,1787457267.966293573,SEARCH,0,0,0,0,0,0,,,1,0,13.700497,0.000000,13.700497,4.300100
tracking_cdrone3_20260822_205237_900_milestone4,milestone4,1787457268.065898657,SEARCH,0,0,0,0,0,0,,,1,0,13.800102,0.000000,13.800102,4.300100
tracking_cdrone3_20260822_205237_900_milestone4,milestone4,1787457268.165765524,SEARCH,0,0,0,0,0,0,,,1,0,13.899969,0.000000,13.899969,4.300100
tracking_cdrone3_20260822_205237_900_milestone4,milestone4,1787457268.265834093,SEARCH,0,0,0,0,0,0,,,1,0,14.000038,0.000000,14.000038,4.300100
tracking_cdrone3_20260822_205237_900_milestone4,milestone4,1787457268.366911650,SEARCH,0,0,0,0,0,0,,,1,0,14.101115,0.000000,14.101115,4.300100
tracking_cdrone3_20260822_205237_900_milestone4,milestone4,1787457268.465782642,SEARCH,1,1,1,1,0,0,243,61,0,0,0.000000,0.000000,14.101115,4.300100
tracking_cdrone3_20260822_205237_900_milestone4,milestone4,1787457268.566575289,DWELL,1,1,1,1,0,0,243,61,0,0,0.000000,0.000000,14.101115,4.300100
tracking_cdrone3_20260822_205237_900_milestone4,milestone4,1787457268.665915251,DWELL,1,1,1,1,0,0,243,61,0,0,0.000000,0.000000,14.101115,4.300100
tracking_cdrone3_20260822_205237_900_milestone4,milestone4,1787457268.765772820,DWELL,1,1,1,1,0,0,243,61,0,0,0.000000,0.000000,14.101115,4.300100
tracking_cdrone3_20260822_205237_900_milestone4,milestone4,1787457268.865899324,DWELL,1,1,1,1,0,0,243,61,0,0,0.000000,0.000000,14.101115,4.300100
tracking_cdrone3_20260822_205237_900_milestone4,milestone4,1787457268.968189478,DWELL,1,1,1,1,0,0,243,61,0,0,0.000000,0.000000,14.101115,4.300100
tracking_cdrone3_20260822_205237_900_milestone4,milestone4,1787457269.065850735,DWELL,1,1,1,1,0,0,243,61,0,0,0.000000,0.000000,14.101115,4.300100
tracking_cdrone3_20260822_205237_900_milestone4,milestone4,1787457269.165764570,DWELL,1,1,1,1,0,0,243,61,0,0,0.000000,0.000000,14.101115,4.300100
tracking_cdrone3_20260822_205237_900_milestone4,milestone4,1787457269.266392231,DWELL,1,1,1,1,1,1,243,61,0,0,0.000000,0.000000,14.101115,4.300100
tracking_cdrone3_20260822_205237_900_milestone4,milestone4,1787457269.366677284,DWELL,1,1,1,1,0,0,243,61,0,0,0.000000,0.000000,14.101115,4.300100
tracking_cdrone3_20260822_205237_900_milestone4,milestone4,1787457269.465963364,SEARCH,1,1,1,1,0,0,243,61,0,0,0.000000,0.000000,14.101115,4.300100
tracking_cdrone3_20260822_205237_900_milestone4,milestone4,1787457269.565872192,SEARCH,1,1,1,1,0,0,243,61,0,0,0.000000,0.000000,14.101115,4.300100
tracking_cdrone3_20260822_205237_900_milestone4,milestone4,1787457269.667183638,SEARCH,1,1,1,1,0,0,243,61,0,0,0.000000,0.000000,14.101115,4.300100
tracking_cdrone3_20260822_205237_900_milestone4,milestone4,1787457269.766034365,SEARCH,1,1,1,1,0,0,243,61,0,0,0.000000,0.000000,14.101115,4.300100
tracking_cdrone3_20260822_205237_900_milestone4,milestone4,1787457269.869272947,SEARCH,1,1,1,1,0,0,243,61,0,0,0.000000,0.000000,14.101115,4.300100
tracking_cdrone3_20260822_205237_900_milestone4,milestone4,1787457269.966673374,SEARCH,1,1,1,1,0,0,243,61,0,0,0.000000,0.000000,14.101115,4.300100
tracking_cdrone3_20260822_205237_900_milestone4,milestone4,1787457270.066102743,SEARCH,1,1,1,1,0,0,243,61,0,0,0.000000,0.000000,14.101115,4.300100
tracking_cdrone3_20260822_205237_900_milestone4,milestone4,1787457270.165964127,SEARCH,1,1,1,1,0,0,243,61,0,0,0.000000,0.000000,14.101115,4.300100
tracking_cdrone3_20260822_205237_900_milestone4,milestone4,1787457270.265887260,SEARCH,1,1,1,1,0,0,243,61,0,0,0.000000,0.000000,14.101115,4.300100
tracking_cdrone3_20260822_205237_900_milestone4,milestone4,1787457270.365885496,SEARCH,1,1,1,1,1,1,243,61,0,0,0.000000,0.000000,14.101115,4.300100
tracking_cdrone3_20260822_205237_900_milestone4,milestone4,1787457270.466773510,SEARCH,1,1,1,1,0,0,243,61,0,0,0.000000,0.000000,14.101115,4.300100
tracking_cdrone3_20260822_205237_900_milestone4,milestone4,1787457270.565891027,SEARCH,1,1,1,1,0,0,243,61,0,0,0.000000,0.000000,14.101115,4.300100
tracking_cdrone3_20260822_205237_900_milestone4,milestone4,1787457270.665907621,SEARCH,1,1,1,1,0,0,243,61,0,0,0.000000,0.000000,14.101115,4.300100
tracking_cdrone3_20260822_205237_900_milestone4,milestone4,1787457270.765903473,SEARCH,1,1,1,1,0,0,243,61,0,0,0.000000,0.000000,14.101115,4.300100
tracking_cdrone3_20260822_205237_900_milestone4,milestone4,1787457270.865995407,SEARCH,1,1,1,1,0,0,243,61,0,0,0.000000,0.000000,14.101115,4.300100
tracking_cdrone3_20260822_205237_900_milestone4,milestone4,1787457270.965917587,SEARCH,1,1,1,1,0,0,243,61,0,0,0.000000,0.000000,14.101115,4.300100
tracking_cdrone3_20260822_205237_900_milestone4,milestone4,1787457271.066821575,SEARCH,1,1,1,1,0,0,243,61,0,0,0.000000,0.000000,14.101115,4.300100
tracking_cdrone3_20260822_205237_900_milestone4,milestone4,1787457271.165777922,SEARCH,1,1,1,1,0,0,243,61,0,0,0.000000,0.000000,14.101115,4.300100
tracking_cdrone3_20260822_205237_900_milestone4,milestone4,1787457271.265855312,SEARCH,1,1,1,1,0,0,243,61,0,0,0.000000,0.000000,14.101115,4.300100
tracking_cdrone3_20260822_205237_900_milestone4,milestone4,1787457271.365668297,SEARCH,1,1,1,1,0,0,243,61,0,0,0.000000,0.000000,14.101115,4.300100
tracking_cdrone3_20260822_205237_900_milestone4,milestone4,1787457271.465973616,SEARCH,1,1,1,1,0,0,243,61,0,0,0.000000,0.000000,14.101115,4.300100
tracking_cdrone3_20260822_205237_900_milestone4,milestone4,1787457271.565886974,SEARCH,1,1,1,1,0,0,243,61,0,0,0.000000,0.000000,14.101115,4.300100
tracking_cdrone3_20260822_205237_900_milestone4,milestone4,1787457271.666615725,SEARCH,1,1,1,1,0,0,243,61,0,0,0.000000,0.000000,14.101115,4.300100
tracking_cdrone3_20260822_205237_900_milestone4,milestone4,1787457271.765865564,SEARCH,1,1,1,1,0,0,243,61,0,0,0.000000,0.000000,14.101115,4.300100
tracking_cdrone3_20260822_205237_900_milestone4,milestone4,1787457271.865832329,SEARCH,1,1,1,1,0,0,243,61,0,0,0.000000,0.000000,14.101115,4.300100
tracking_cdrone3_20260822_205237_900_milestone4,milestone4,1787457271.965917110,SEARCH,0,1,0,1,1,1,,61,1,1,0.000000,0.000000,14.101115,4.300100
tracking_cdrone3_20260822_205237_900_milestone4,milestone4,1787457272.065979958,SEARCH,0,1,0,1,1,1,,61,1,1,0.100063,0.100063,14.101115,4.300100
tracking_cdrone3_20260822_205237_900_milestone4,milestone4,1787457272.165865898,SEARCH,0,1,0,1,1,1,,61,1,1,0.199949,0.199949,14.101115,4.300100
tracking_cdrone3_20260822_205237_900_milestone4,milestone4,1787457272.265840530,SEARCH,0,1,0,1,1,1,,61,1,1,0.299923,0.299923,14.101115,4.300100
tracking_cdrone3_20260822_205237_900_milestone4,milestone4,1787457272.366105080,SEARCH,0,1,0,1,1,1,,61,1,1,0.400188,0.400188,14.101115,4.300100
tracking_cdrone3_20260822_205237_900_milestone4,milestone4,1787457272.465724945,SEARCH,0,1,0,1,1,1,,61,1,1,0.499808,0.499808,14.101115,4.300100
tracking_cdrone3_20260822_205237_900_milestone4,milestone4,1787457272.565883160,SEARCH,0,1,0,1,1,1,,61,1,1,0.599966,0.599966,14.101115,4.300100
tracking_cdrone3_20260822_205237_900_milestone4,milestone4,1787457272.666077375,SEARCH,0,1,0,1,1,1,,61,1,1,0.700160,0.700160,14.101115,4.300100
tracking_cdrone3_20260822_205237_900_milestone4,milestone4,1787457272.766572714,SEARCH,0,1,0,1,1,1,,61,1,1,0.800656,0.800656,14.101115,4.300100
tracking_cdrone3_20260822_205237_900_milestone4,milestone4,1787457272.865926981,SEARCH,0,1,0,1,1,1,,61,1,1,0.900010,0.900010,14.101115,4.300100
tracking_cdrone3_20260822_205237_900_milestone4,milestone4,1787457272.965892076,SEARCH,0,1,0,1,1,1,,61,1,1,0.999975,0.999975,14.101115,4.300100
tracking_cdrone3_20260822_205237_900_milestone4,milestone4,1787457273.065949678,SEARCH,0,1,0,1,1,1,,61,1,1,1.100033,1.100033,14.101115,4.300100
tracking_cdrone3_20260822_205237_900_milestone4,milestone4,1787457273.165958643,SEARCH,0,1,0,1,1,1,,61,1,1,1.200042,1.200042,14.101115,4.300100
tracking_cdrone3_20260822_205237_900_milestone4,milestone4,1787457273.266408205,SEARCH,0,1,0,1,1,1,,61,1,1,1.300491,1.300491,14.101115,4.300100
tracking_cdrone3_20260822_205237_900_milestone4,milestone4,1787457273.366438627,SEARCH,0,1,0,1,1,1,,61,1,1,1.400522,1.400522,14.101115,4.300100
tracking_cdrone3_20260822_205237_900_milestone4,milestone4,1787457273.465967894,SEARCH,0,1,0,1,1,1,,61,1,1,1.500051,1.500051,14.101115,4.300100
tracking_cdrone3_20260822_205237_900_milestone4,milestone4,1787457273.566032648,SEARCH,0,1,0,1,1,1,,61,1,1,1.600116,1.600116,14.101115,4.300100
tracking_cdrone3_20260822_205237_900_milestone4,milestone4,1787457273.665787220,SEARCH,0,1,0,1,1,1,,61,1,1,1.699870,1.699870,14.101115,4.300100
tracking_cdrone3_20260822_205237_900_milestone4,milestone4,1787457273.765743971,SEARCH,0,1,0,1,1,1,,61,1,1,1.799827,1.799827,14.101115,4.300100
tracking_cdrone3_20260822_205237_900_milestone4,milestone4,1787457273.865949869,SEARCH,0,1,0,1,1,1,,61,1,1,1.900033,1.900033,14.101115,4.300100
tracking_cdrone3_20260822_205237_900_milestone4,milestone4,1787457273.966028214,SEARCH,0,1,0,1,1,1,,61,1,1,2.000111,2.000111,14.101115,4.300100
tracking_cdrone3_20260822_205237_900_milestone4,milestone4,1787457274.065556288,SEARCH,0,1,0,1,1,1,,61,1,1,2.099639,2.099639,14.101115,4.300100
tracking_cdrone3_20260822_205237_900_milestone4,milestone4,1787457274.165836334,SEARCH,0,1,0,1,1,1,,61,1,1,2.199919,2.199919,14.101115,4.300100
tracking_cdrone3_20260822_205237_900_milestone4,milestone4,1787457274.265966415,SEARCH,0,1,0,1,1,1,,61,1,1,2.300049,2.300049,14.101115,4.300100
tracking_cdrone3_20260822_205237_900_milestone4,milestone4,1787457274.366523981,SEARCH,0,1,0,1,1,1,,61,1,1,2.400607,2.400607,14.101115,4.300100
tracking_cdrone3_20260822_205237_900_milestone4,milestone4,1787457274.466013193,SEARCH,0,1,0,1,1,1,,61,1,1,2.500096,2.500096,14.101115,4.300100
tracking_cdrone3_20260822_205237_900_milestone4,milestone4,1787457274.567330837,SEARCH,0,1,0,1,1,1,,61,1,1,2.601414,2.601414,14.101115,4.300100
tracking_cdrone3_20260822_205237_900_milestone4,milestone4,1787457274.666009188,SEARCH,0,1,0,1,1,1,,61,1,1,2.700092,2.700092,14.101115,4.300100
tracking_cdrone3_20260822_205237_900_milestone4,milestone4,1787457274.767035723,SEARCH,0,1,0,1,1,1,,61,1,1,2.801119,2.801119,14.101115,4.300100
tracking_cdrone3_20260822_205237_900_milestone4,milestone4,1787457274.865789890,SEARCH,0,1,0,1,1,1,,61,1,1,2.899873,2.899873,14.101115,4.300100
tracking_cdrone3_20260822_205237_900_milestone4,milestone4,1787457274.965877056,SEARCH,0,1,0,1,1,1,,61,1,1,2.999960,2.999960,14.101115,4.300100
tracking_cdrone3_20260822_205237_900_milestone4,milestone4,1787457275.065935373,SEARCH,0,1,0,1,1,1,,61,1,1,3.100018,3.100018,14.101115,4.300100
tracking_cdrone3_20260822_205237_900_milestone4,milestone4,1787457275.167757273,SEARCH,0,1,0,1,1,1,,61,1,1,3.201840,3.201840,14.101115,4.300100
tracking_cdrone3_20260822_205237_900_milestone4,milestone4,1787457275.266726971,SEARCH,0,1,0,1,1,1,,61,1,1,3.300810,3.300810,14.101115,4.300100
tracking_cdrone3_20260822_205237_900_milestone4,milestone4,1787457275.365976810,SEARCH,0,1,0,1,1,1,,61,1,1,3.400060,3.400060,14.101115,4.300100
tracking_cdrone3_20260822_205237_900_milestone4,milestone4,1787457275.465949774,SEARCH,0,1,0,1,1,1,,61,1,1,3.500033,3.500033,14.101115,4.300100
tracking_cdrone3_20260822_205237_900_milestone4,milestone4,1787457275.567452908,SEARCH,0,1,0,1,1,1,,61,1,1,3.601536,3.601536,14.101115,4.300100
tracking_cdrone3_20260822_205237_900_milestone4,milestone4,1787457275.665786982,SEARCH,0,1,0,1,1,1,,61,1,1,3.699870,3.699870,14.101115,4.300100
tracking_cdrone3_20260822_205237_900_milestone4,milestone4,1787457275.766432285,SEARCH,0,1,0,1,1,1,,61,1,1,3.800515,3.800515,14.101115,4.300100
tracking_cdrone3_20260822_205237_900_milestone4,milestone4,1787457275.866338491,SEARCH,0,1,0,1,1,1,,61,1,1,3.900421,3.900421,14.101115,4.300100
tracking_cdrone3_20260822_205237_900_milestone4,milestone4,1787457275.965750217,SEARCH,0,1,0,1,1,1,,61,1,1,3.999833,3.999833,14.101115,4.300100
tracking_cdrone3_20260822_205237_900_milestone4,milestone4,1787457276.065786362,SEARCH,0,1,0,1,1,1,,61,1,1,4.099869,4.099869,14.101115,4.300100
tracking_cdrone3_20260822_205237_900_milestone4,milestone4,1787457276.165992498,SEARCH,0,1,0,1,1,1,,61,1,1,4.200075,4.200075,14.101115,4.300100
tracking_cdrone3_20260822_205237_900_milestone4,milestone4,1787457276.266482830,SEARCH,0,1,0,1,1,1,,61,1,1,4.300566,4.300566,14.101115,4.300566
tracking_cdrone3_20260822_205237_900_milestone4,milestone4,1787457276.365883827,SEARCH,0,1,0,1,1,1,,61,1,1,4.399967,4.399967,14.101115,4.399967
tracking_cdrone3_20260822_205237_900_milestone4,milestone4,1787457276.465946436,SEARCH,0,1,0,1,1,1,,61,1,1,4.500029,4.500029,14.101115,4.500029
tracking_cdrone3_20260822_205237_900_milestone4,milestone4,1787457276.566820145,SEARCH,0,1,0,1,1,1,,61,1,1,4.600903,4.600903,14.101115,4.600903
tracking_cdrone3_20260822_205237_900_milestone4,milestone4,1787457276.667825699,SEARCH,0,1,0,1,1,1,,61,1,1,4.701909,4.701909,14.101115,4.701909
tracking_cdrone3_20260822_205237_900_milestone4,milestone4,1787457276.766349077,SEARCH,0,0,0,0,0,0,,,1,0,4.800432,0.000000,14.101115,4.701909
tracking_cdrone3_20260822_205237_900_milestone4,milestone4,1787457276.865996361,SEARCH,0,0,0,0,0,0,,,1,0,4.900079,0.000000,14.101115,4.701909
tracking_cdrone3_20260822_205237_900_milestone4,milestone4,1787457276.965725183,SEARCH,0,0,0,0,0,0,,,1,0,4.999808,0.000000,14.101115,4.701909
tracking_cdrone3_20260822_205237_900_milestone4,milestone4,1787457277.065890312,SEARCH,0,0,0,0,0,0,,,1,0,5.099973,0.000000,14.101115,4.701909
tracking_cdrone3_20260822_205237_900_milestone4,milestone4,1787457277.165959597,SEARCH,0,0,0,0,0,0,,,1,0,5.200042,0.000000,14.101115,4.701909
tracking_cdrone3_20260822_205237_900_milestone4,milestone4,1787457277.265955687,SEARCH,0,0,0,0,0,0,,,1,0,5.300039,0.000000,14.101115,4.701909
tracking_cdrone3_20260822_205237_900_milestone4,milestone4,1787457277.366048574,SEARCH,0,0,0,0,0,0,,,1,0,5.400131,0.000000,14.101115,4.701909
tracking_cdrone3_20260822_205237_900_milestone4,milestone4,1787457277.465761185,SEARCH,0,0,0,0,0,0,,,1,0,5.499844,0.000000,14.101115,4.701909
tracking_cdrone3_20260822_205237_900_milestone4,milestone4,1787457277.565760612,SEARCH,0,0,0,0,0,0,,,1,0,5.599844,0.000000,14.101115,4.701909
tracking_cdrone3_20260822_205237_900_milestone4,milestone4,1787457277.666015387,SEARCH,0,0,0,0,0,0,,,1,0,5.700098,0.000000,14.101115,4.701909
tracking_cdrone3_20260822_205237_900_milestone4,milestone4,1787457277.765752792,SEARCH,0,0,0,0,0,0,,,1,0,5.799836,0.000000,14.101115,4.701909
tracking_cdrone3_20260822_205237_900_milestone4,milestone4,1787457277.865798235,SEARCH,0,0,0,0,0,0,,,1,0,5.899881,0.000000,14.101115,4.701909
tracking_cdrone3_20260822_205237_900_milestone4,milestone4,1787457277.965824366,SEARCH,0,0,0,0,0,0,,,1,0,5.999907,0.000000,14.101115,4.701909
tracking_cdrone3_20260822_205237_900_milestone4,milestone4,1787457278.067764521,SEARCH,0,0,0,0,0,0,,,1,0,6.101847,0.000000,14.101115,4.701909
tracking_cdrone3_20260822_205237_900_milestone4,milestone4,1787457278.165773630,SEARCH,0,0,0,0,0,0,,,1,0,6.199857,0.000000,14.101115,4.701909
tracking_cdrone3_20260822_205237_900_milestone4,milestone4,1787457278.266048670,SEARCH,0,0,0,0,0,0,,,1,0,6.300132,0.000000,14.101115,4.701909
tracking_cdrone3_20260822_205237_900_milestone4,milestone4,1787457278.365961313,SEARCH,0,0,0,0,0,0,,,1,0,6.400044,0.000000,14.101115,4.701909
tracking_cdrone3_20260822_205237_900_milestone4,milestone4,1787457278.465942621,SEARCH,0,0,0,0,0,0,,,1,0,6.500026,0.000000,14.101115,4.701909
tracking_cdrone3_20260822_205237_900_milestone4,milestone4,1787457278.565732002,SEARCH,0,0,0,0,0,0,,,1,0,6.599815,0.000000,14.101115,4.701909
tracking_cdrone3_20260822_205237_900_milestone4,milestone4,1787457278.666098833,SEARCH,0,0,0,0,0,0,,,1,0,6.700182,0.000000,14.101115,4.701909
tracking_cdrone3_20260822_205237_900_milestone4,milestone4,1787457278.765841007,SEARCH,0,0,0,0,0,0,,,1,0,6.799924,0.000000,14.101115,4.701909
tracking_cdrone3_20260822_205237_900_milestone4,milestone4,1787457278.865982056,SEARCH,0,0,0,0,0,0,,,1,0,6.900065,0.000000,14.101115,4.701909
tracking_cdrone3_20260822_205237_900_milestone4,milestone4,1787457278.966067314,SEARCH,0,0,0,0,0,0,,,1,0,7.000150,0.000000,14.101115,4.701909
tracking_cdrone3_20260822_205237_900_milestone4,milestone4,1787457279.065996647,SEARCH,0,0,0,0,0,0,,,1,0,7.100080,0.000000,14.101115,4.701909
tracking_cdrone3_20260822_205237_900_milestone4,milestone4,1787457279.165843010,SEARCH,0,0,0,0,0,0,,,1,0,7.199926,0.000000,14.101115,4.701909
tracking_cdrone3_20260822_205237_900_milestone4,milestone4,1787457279.265883207,SEARCH,0,0,0,0,0,0,,,1,0,7.299966,0.000000,14.101115,4.701909
tracking_cdrone3_20260822_205237_900_milestone4,milestone4,1787457279.365677357,SEARCH,0,0,0,0,0,0,,,1,0,7.399760,0.000000,14.101115,4.701909
tracking_cdrone3_20260822_205237_900_milestone4,milestone4,1787457279.466100454,SEARCH,0,0,0,0,0,0,,,1,0,7.500183,0.000000,14.101115,4.701909
tracking_cdrone3_20260822_205237_900_milestone4,milestone4,1787457279.565940142,SEARCH,0,0,0,0,0,0,,,1,0,7.600023,0.000000,14.101115,4.701909
tracking_cdrone3_20260822_205237_900_milestone4,milestone4,1787457279.667929173,SEARCH,0,0,0,0,0,0,,,1,0,7.702012,0.000000,14.101115,4.701909
tracking_cdrone3_20260822_205237_900_milestone4,milestone4,1787457279.765807629,SEARCH,0,0,0,0,0,0,,,1,0,7.799891,0.000000,14.101115,4.701909
tracking_cdrone3_20260822_205237_900_milestone4,milestone4,1787457279.865888357,SEARCH,0,0,0,0,0,0,,,1,0,7.899971,0.000000,14.101115,4.701909
tracking_cdrone3_20260822_205237_900_milestone4,milestone4,1787457279.965876818,SEARCH,0,0,0,0,0,0,,,1,0,7.999960,0.000000,14.101115,4.701909
tracking_cdrone3_20260822_205237_900_milestone4,milestone4,1787457280.065997601,SEARCH,0,0,0,0,0,0,,,1,0,8.100080,0.000000,14.101115,4.701909
tracking_cdrone3_20260822_205237_900_milestone4,milestone4,1787457280.165872097,SEARCH,0,0,0,0,0,0,,,1,0,8.199955,0.000000,14.101115,4.701909
tracking_cdrone3_20260822_205237_900_milestone4,milestone4,1787457280.265980005,SEARCH,0,0,0,0,0,0,,,1,0,8.300063,0.000000,14.101115,4.701909
tracking_cdrone3_20260822_205237_900_milestone4,milestone4,1787457280.365906715,SEARCH,0,0,0,0,0,0,,,1,0,8.399990,0.000000,14.101115,4.701909
tracking_cdrone3_20260822_205237_900_milestone4,milestone4,1787457280.466167927,SEARCH,0,0,0,0,0,0,,,1,0,8.500251,0.000000,14.101115,4.701909
tracking_cdrone3_20260822_205237_900_milestone4,milestone4,1787457280.566129208,SEARCH,0,0,0,0,0,0,,,1,0,8.600212,0.000000,14.101115,4.701909
tracking_cdrone3_20260822_205237_900_milestone4,milestone4,1787457280.665850163,SEARCH,0,0,0,0,0,0,,,1,0,8.699933,0.000000,14.101115,4.701909
tracking_cdrone3_20260822_205237_900_milestone4,milestone4,1787457280.765922070,SEARCH,0,0,0,0,0,0,,,1,0,8.800005,0.000000,14.101115,4.701909
tracking_cdrone3_20260822_205237_900_milestone4,milestone4,1787457280.866175413,SEARCH,0,0,0,0,0,0,,,1,0,8.900258,0.000000,14.101115,4.701909
tracking_cdrone3_20260822_205237_900_milestone4,milestone4,1787457280.965934038,SEARCH,0,0,0,0,0,0,,,1,0,9.000017,0.000000,14.101115,4.701909
tracking_cdrone3_20260822_205237_900_milestone4,milestone4,1787457281.065784931,SEARCH,0,0,0,0,0,0,,,1,0,9.099868,0.000000,14.101115,4.701909
tracking_cdrone3_20260822_205237_900_milestone4,milestone4,1787457281.165944815,SEARCH,0,0,0,0,0,0,,,1,0,9.200028,0.000000,14.101115,4.701909
tracking_cdrone3_20260822_205237_900_milestone4,milestone4,1787457281.265748739,SEARCH,0,0,0,0,0,0,,,1,0,9.299832,0.000000,14.101115,4.701909
tracking_cdrone3_20260822_205237_900_milestone4,milestone4,1787457281.366577625,SEARCH,0,0,0,0,0,0,,,1,0,9.400661,0.000000,14.101115,4.701909
tracking_cdrone3_20260822_205237_900_milestone4,milestone4,1787457281.465811014,SEARCH,0,0,0,0,0,0,,,1,0,9.499894,0.000000,14.101115,4.701909
tracking_cdrone3_20260822_205237_900_milestone4,milestone4,1787457281.565760374,SEARCH,0,0,0,0,0,0,,,1,0,9.599843,0.000000,14.101115,4.701909
tracking_cdrone3_20260822_205237_900_milestone4,milestone4,1787457281.665723085,SEARCH,0,0,0,0,0,0,,,1,0,9.699806,0.000000,14.101115,4.701909
tracking_cdrone3_20260822_205237_900_milestone4,milestone4,1787457281.765897751,SEARCH,0,0,0,0,0,0,,,1,0,9.799981,0.000000,14.101115,4.701909
tracking_cdrone3_20260822_205237_900_milestone4,milestone4,1787457281.865959883,SEARCH,0,0,0,0,0,0,,,1,0,9.900043,0.000000,14.101115,4.701909
tracking_cdrone3_20260822_205237_900_milestone4,milestone4,1787457281.965905428,SEARCH,0,0,0,0,0,0,,,1,0,9.999988,0.000000,14.101115,4.701909
tracking_cdrone3_20260822_205237_900_milestone4,milestone4,1787457282.066048622,SEARCH,0,0,0,0,0,0,,,1,0,10.100132,0.000000,14.101115,4.701909
tracking_cdrone3_20260822_205237_900_milestone4,milestone4,1787457282.166514158,SEARCH,0,0,0,0,0,0,,,1,0,10.200597,0.000000,14.101115,4.701909
tracking_cdrone3_20260822_205237_900_milestone4,milestone4,1787457282.265825510,SEARCH,0,0,0,0,0,0,,,1,0,10.299908,0.000000,14.101115,4.701909
tracking_cdrone3_20260822_205237_900_milestone4,milestone4,1787457282.365894079,SEARCH,0,0,0,0,0,0,,,1,0,10.399977,0.000000,14.101115,4.701909
tracking_cdrone3_20260822_205237_900_milestone4,milestone4,1787457282.465905905,SEARCH,0,0,0,0,0,0,,,1,0,10.499989,0.000000,14.101115,4.701909
tracking_cdrone3_20260822_205237_900_milestone4,milestone4,1787457282.566055536,SEARCH,0,0,0,0,0,0,,,1,0,10.600138,0.000000,14.101115,4.701909
tracking_cdrone3_20260822_205237_900_milestone4,milestone4,1787457282.665715694,SEARCH,0,0,0,0,0,0,,,1,0,10.699799,0.000000,14.101115,4.701909
tracking_cdrone3_20260822_205237_900_milestone4,milestone4,1787457282.766026974,SEARCH,0,0,0,0,0,0,,,1,0,10.800110,0.000000,14.101115,4.701909
tracking_cdrone3_20260822_205237_900_milestone4,milestone4,1787457282.865761042,SEARCH,0,0,0,0,0,0,,,1,0,10.899844,0.000000,14.101115,4.701909
tracking_cdrone3_20260822_205237_900_milestone4,milestone4,1787457282.965899229,SEARCH,0,0,0,0,0,0,,,1,0,10.999982,0.000000,14.101115,4.701909
tracking_cdrone3_20260822_205237_900_milestone4,milestone4,1787457283.065803766,SEARCH,0,0,0,0,0,0,,,1,0,11.099887,0.000000,14.101115,4.701909
tracking_cdrone3_20260822_205237_900_milestone4,milestone4,1787457283.166477203,SEARCH,0,0,0,0,0,0,,,1,0,11.200560,0.000000,14.101115,4.701909
tracking_cdrone3_20260822_205237_900_milestone4,milestone4,1787457283.265774250,SEARCH,0,0,0,0,0,0,,,1,0,11.299857,0.000000,14.101115,4.701909
tracking_cdrone3_20260822_205237_900_milestone4,milestone4,1787457283.366170883,SEARCH,0,0,0,0,0,0,,,1,0,11.400254,0.000000,14.101115,4.701909
tracking_cdrone3_20260822_205237_900_milestone4,milestone4,1787457283.465705395,SEARCH,0,0,0,0,0,0,,,1,0,11.499788,0.000000,14.101115,4.701909
tracking_cdrone3_20260822_205237_900_milestone4,milestone4,1787457283.565801382,SEARCH,0,0,0,0,0,0,,,1,0,11.599884,0.000000,14.101115,4.701909
tracking_cdrone3_20260822_205237_900_milestone4,milestone4,1787457283.665940523,SEARCH,0,0,0,0,0,0,,,1,0,11.700023,0.000000,14.101115,4.701909
tracking_cdrone3_20260822_205237_900_milestone4,milestone4,1787457283.765901804,SEARCH,0,0,0,0,0,0,,,1,0,11.799985,0.000000,14.101115,4.701909
tracking_cdrone3_20260822_205237_900_milestone4,milestone4,1787457283.865763426,SEARCH,0,0,0,0,0,0,,,1,0,11.899846,0.000000,14.101115,4.701909
tracking_cdrone3_20260822_205237_900_milestone4,milestone4,1787457283.966057777,SEARCH,0,0,0,0,0,0,,,1,0,12.000141,0.000000,14.101115,4.701909
tracking_cdrone3_20260822_205237_900_milestone4,milestone4,1787457284.065838337,SEARCH,0,0,0,0,0,0,,,1,0,12.099921,0.000000,14.101115,4.701909
tracking_cdrone3_20260822_205237_900_milestone4,milestone4,1787457284.166073322,SEARCH,0,0,0,0,0,0,,,1,0,12.200156,0.000000,14.101115,4.701909
tracking_cdrone3_20260822_205237_900_milestone4,milestone4,1787457284.265825272,SEARCH,0,0,0,0,0,0,,,1,0,12.299908,0.000000,14.101115,4.701909
tracking_cdrone3_20260822_205237_900_milestone4,milestone4,1787457284.367372513,SEARCH,0,0,0,0,0,0,,,1,0,12.401455,0.000000,14.101115,4.701909
tracking_cdrone3_20260822_205237_900_milestone4,milestone4,1787457284.465734005,SEARCH,0,0,0,0,0,0,,,1,0,12.499817,0.000000,14.101115,4.701909
tracking_cdrone3_20260822_205237_900_milestone4,milestone4,1787457284.565977097,SEARCH,0,0,0,0,0,0,,,1,0,12.600060,0.000000,14.101115,4.701909
tracking_cdrone3_20260822_205237_900_milestone4,milestone4,1787457284.666091204,SEARCH,0,0,0,0,0,0,,,1,0,12.700174,0.000000,14.101115,4.701909
tracking_cdrone3_20260822_205237_900_milestone4,milestone4,1787457284.767117262,SEARCH,0,0,0,0,0,0,,,1,0,12.801200,0.000000,14.101115,4.701909
tracking_cdrone3_20260822_205237_900_milestone4,milestone4,1787457284.865894318,SEARCH,0,0,0,0,0,0,,,1,0,12.899977,0.000000,14.101115,4.701909
tracking_cdrone3_20260822_205237_900_milestone4,milestone4,1787457284.965722084,SEARCH,0,0,0,0,0,0,,,1,0,12.999805,0.000000,14.101115,4.701909
tracking_cdrone3_20260822_205237_900_milestone4,milestone4,1787457285.065875769,SEARCH,0,0,0,0,0,0,,,1,0,13.099959,0.000000,14.101115,4.701909
tracking_cdrone3_20260822_205237_900_milestone4,milestone4,1787457285.165910721,SEARCH,0,0,0,0,0,0,,,1,0,13.199994,0.000000,14.101115,4.701909
tracking_cdrone3_20260822_205237_900_milestone4,milestone4,1787457285.265884876,SEARCH,0,0,0,0,0,0,,,1,0,13.299968,0.000000,14.101115,4.701909
tracking_cdrone3_20260822_205237_900_milestone4,milestone4,1787457285.365726471,SEARCH,0,0,0,0,0,0,,,1,0,13.399809,0.000000,14.101115,4.701909
tracking_cdrone3_20260822_205237_900_milestone4,milestone4,1787457285.466235399,SEARCH,0,0,0,0,0,0,,,1,0,13.500318,0.000000,14.101115,4.701909
tracking_cdrone3_20260822_205237_900_milestone4,milestone4,1787457285.565765858,SEARCH,0,0,0,0,0,0,,,1,0,13.599849,0.000000,14.101115,4.701909
tracking_cdrone3_20260822_205237_900_milestone4,milestone4,1787457285.666004658,SEARCH,0,0,0,0,0,0,,,1,0,13.700088,0.000000,14.101115,4.701909
tracking_cdrone3_20260822_205237_900_milestone4,milestone4,1787457285.765954971,SEARCH,0,0,0,0,0,0,,,1,0,13.800038,0.000000,14.101115,4.701909
tracking_cdrone3_20260822_205237_900_milestone4,milestone4,1787457285.866437912,SEARCH,0,0,0,0,0,0,,,1,0,13.900521,0.000000,14.101115,4.701909
tracking_cdrone3_20260822_205237_900_milestone4,milestone4,1787457285.965687037,SEARCH,0,0,0,0,0,0,,,1,0,13.999770,0.000000,14.101115,4.701909
tracking_cdrone3_20260822_205237_900_milestone4,milestone4,1787457286.065917492,SEARCH,0,0,0,0,0,0,,,1,0,14.100000,0.000000,14.101115,4.701909
tracking_cdrone3_20260822_205237_900_milestone4,milestone4,1787457286.166109085,SEARCH,0,0,0,0,0,0,,,1,0,14.200192,0.000000,14.200192,4.701909
tracking_cdrone3_20260822_205237_900_milestone4,milestone4,1787457286.266185999,SEARCH,0,0,0,0,0,0,,,1,0,14.300269,0.000000,14.300269,4.701909
