run_id,experiment_tag,timestamp_s,state,raw_tracks_count,target_map_tracks_count,raw_has_track,target_map_has_track,target_map_predicted_count,target_map_has_predicted,active_raw_track_id,active_target_map_track_id,raw_dropout,target_map_bridge_active,raw_dropout_duration_s,target_map_bridge_duration_s,longest_raw_dropout_s,longest_target_map_bridge_s
tracking_cdrone3_20260822_113614_463_milestone4,milestone4,1787423774.493231297,SYNC_TAKEOFF_PARAM,1,1,1,1,0,0,1,1,0,0,0.000000,0.000000,0.000000,0.000000
tracking_cdrone3_20260822_113614_463_milestone4,milestone4,1787423774.592911720,SYNC_PRE_TAKEOFF_PROFILE,1,1,1,1,0,0,1,1,0,0,0.000000,0.000000,0.000000,0.000000
tracking_cdrone3_20260822_113614_463_milestone4,milestone4,1787423774.693231344,SYNC_PRE_TAKEOFF_PROFILE,1,1,1,1,0,0,1,1,0,0,0.000000,0.000000,0.000000,0.000000
tracking_cdrone3_20260822_113614_463_milestone4,milestone4,1787423774.793514252,SYNC_PRE_TAKEOFF_PROFILE,1,1,1,1,0,0,1,1,0,0,0.000000,0.000000,0.000000,0.000000
tracking_cdrone3_20260822_113614_463_milestone4,milestone4,1787423774.893316746,SYNC_PRE_TAKEOFF_PROFILE,1,1,1,1,0,0,1,1,0,0,0.000000,0.000000,0.000000,0.000000
tracking_cdrone3_20260822_113614_463_milestone4,milestone4,1787423774.993089676,SYNC_PRE_TAKEOFF_PROFILE,1,1,1,1,0,0,1,1,0,0,0.000000,0.000000,0.000000,0.000000
tracking_cdrone3_20260822_113614_463_milestone4,milestone4,1787423775.093266487,SYNC_PRE_TAKEOFF_PROFILE,1,1,1,1,0,0,1,1,0,0,0.000000,0.000000,0.000000,0.000000
tracking_cdrone3_20260822_113614_463_milestone4,milestone4,1787423775.193287373,SET_TAKEOFF_MODE,1,1,1,1,0,0,1,1,0,0,0.000000,0.000000,0.000000,0.000000
tracking_cdrone3_20260822_113614_463_milestone4,milestone4,1787423775.293287992,SET_TAKEOFF_MODE,1,1,1,1,0,0,1,1,0,0,0.000000,0.000000,0.000000,0.000000
tracking_cdrone3_20260822_113614_463_milestone4,milestone4,1787423775.392977715,SET_TAKEOFF_MODE,1,1,1,1,0,0,1,1,0,0,0.000000,0.000000,0.000000,0.000000
tracking_cdrone3_20260822_113614_463_milestone4,milestone4,1787423775.493249178,SET_TAKEOFF_MODE,1,1,1,1,0,0,1,1,0,0,0.000000,0.000000,0.000000,0.000000
tracking_cdrone3_20260822_113614_463_milestone4,milestone4,1787423775.592926741,SET_TAKEOFF_MODE,1,1,1,1,0,0,1,1,0,0,0.000000,0.000000,0.000000,0.000000
tracking_cdrone3_20260822_113614_463_milestone4,milestone4,1787423775.693226576,SET_TAKEOFF_MODE,1,1,1,1,0,0,1,1,0,0,0.000000,0.000000,0.000000,0.000000
tracking_cdrone3_20260822_113614_463_milestone4,milestone4,1787423775.793234110,ARMING,1,1,1,1,0,0,1,1,0,0,0.000000,0.000000,0.000000,0.000000
tracking_cdrone3_20260822_113614_463_milestone4,milestone4,1787423775.893246412,ARMING,1,1,1,1,0,0,1,1,0,0,0.000000,0.000000,0.000000,0.000000
tracking_cdrone3_20260822_113614_463_milestone4,milestone4,1787423775.993022919,ARMING,1,1,1,1,0,0,1,1,0,0,0.000000,0.000000,0.000000,0.000000
tracking_cdrone3_20260822_113614_463_milestone4,milestone4,1787423776.093175888,ARMING,1,1,1,1,0,0,1,1,0,0,0.000000,0.000000,0.000000,0.000000
tracking_cdrone3_20260822_113614_463_milestone4,milestone4,1787423776.193303347,ARMING,1,1,1,1,0,0,1,1,0,0,0.000000,0.000000,0.000000,0.000000
tracking_cdrone3_20260822_113614_463_milestone4,milestone4,1787423776.293469906,ARMING,1,1,1,1,0,0,1,1,0,0,0.000000,0.000000,0.000000,0.000000
tracking_cdrone3_20260822_113614_463_milestone4,milestone4,1787423776.392963886,ARMING,1,1,1,1,0,0,1,1,0,0,0.000000,0.000000,0.000000,0.000000
tracking_cdrone3_20260822_113614_463_milestone4,milestone4,1787423776.493094206,ARMING,1,1,1,1,0,0,1,1,0,0,0.000000,0.000000,0.000000,0.000000
tracking_cdrone3_20260822_113614_463_milestone4,milestone4,1787423776.593030453,ARMING,1,1,1,1,0,0,1,1,0,0,0.000000,0.000000,0.000000,0.000000
tracking_cdrone3_20260822_113614_463_milestone4,milestone4,1787423776.696058035,ARMING,1,1,1,1,0,0,1,1,0,0,0.000000,0.000000,0.000000,0.000000
tracking_cdrone3_20260822_113614_463_milestone4,milestone4,1787423776.793057442,ARMING,1,1,1,1,0,0,1,1,0,0,0.000000,0.000000,0.000000,0.000000
tracking_cdrone3_20260822_113614_463_milestone4,milestone4,1787423776.893353701,ARMING,1,1,1,1,0,0,1,1,0,0,0.000000,0.000000,0.000000,0.000000
tracking_cdrone3_20260822_113614_463_milestone4,milestone4,1787423776.993252277,ARMING,1,1,1,1,0,0,1,1,0,0,0.000000,0.000000,0.000000,0.000000
tracking_cdrone3_20260822_113614_463_milestone4,milestone4,1787423777.093269348,ARMING,1,1,1,1,0,0,1,1,0,0,0.000000,0.000000,0.000000,0.000000
tracking_cdrone3_20260822_113614_463_milestone4,milestone4,1787423777.192992449,ARMING,1,1,1,1,0,0,1,1,0,0,0.000000,0.000000,0.000000,0.000000
tracking_cdrone3_20260822_113614_463_milestone4,milestone4,1787423777.293288946,ARMING,1,1,1,1,0,0,1,1,0,0,0.000000,0.000000,0.000000,0.000000
tracking_cdrone3_20260822_113614_463_milestone4,milestone4,1787423777.393228054,ARMING,1,1,1,1,0,0,1,1,0,0,0.000000,0.000000,0.000000,0.000000
tracking_cdrone3_20260822_113614_463_milestone4,milestone4,1787423777.493263960,ARMING,1,1,1,1,0,0,1,1,0,0,0.000000,0.000000,0.000000,0.000000
tracking_cdrone3_20260822_113614_463_milestone4,milestone4,1787423777.592926502,ARMING,1,1,1,1,0,0,1,1,0,0,0.000000,0.000000,0.000000,0.000000
tracking_cdrone3_20260822_113614_463_milestone4,milestone4,1787423777.693099976,ARMING,1,1,1,1,0,0,1,1,0,0,0.000000,0.000000,0.000000,0.000000
tracking_cdrone3_20260822_113614_463_milestone4,milestone4,1787423777.793754101,TAKEOFF,1,1,1,1,0,0,1,1,0,0,0.000000,0.000000,0.000000,0.000000
tracking_cdrone3_20260822_113614_463_milestone4,milestone4,1787423777.893049002,TAKEOFF,1,1,1,1,0,0,1,1,0,0,0.000000,0.000000,0.000000,0.000000
tracking_cdrone3_20260822_113614_463_milestone4,milestone4,1787423777.993598700,TAKEOFF,1,1,1,1,0,0,1,1,0,0,0.000000,0.000000,0.000000,0.000000
tracking_cdrone3_20260822_113614_463_milestone4,milestone4,1787423778.093214035,TAKEOFF,1,1,1,1,0,0,1,1,0,0,0.000000,0.000000,0.000000,0.000000
tracking_cdrone3_20260822_113614_463_milestone4,milestone4,1787423778.192933321,TAKEOFF,1,1,1,1,0,0,1,1,0,0,0.000000,0.000000,0.000000,0.000000
tracking_cdrone3_20260822_113614_463_milestone4,milestone4,1787423778.292890310,TAKEOFF,1,1,1,1,0,0,1,1,0,0,0.000000,0.000000,0.000000,0.000000
tracking_cdrone3_20260822_113614_463_milestone4,milestone4,1787423778.393297195,TAKEOFF,1,1,1,1,0,0,1,1,0,0,0.000000,0.000000,0.000000,0.000000
tracking_cdrone3_20260822_113614_463_milestone4,milestone4,1787423778.493211508,TAKEOFF,1,1,1,1,0,0,1,1,0,0,0.000000,0.000000,0.000000,0.000000
tracking_cdrone3_20260822_113614_463_milestone4,milestone4,1787423778.593573570,TAKEOFF,1,1,1,1,0,0,1,1,0,0,0.000000,0.000000,0.000000,0.000000
tracking_cdrone3_20260822_113614_463_milestone4,milestone4,1787423778.693372965,TAKEOFF,1,1,1,1,0,0,1,1,0,0,0.000000,0.000000,0.000000,0.000000
tracking_cdrone3_20260822_113614_463_milestone4,milestone4,1787423778.793247700,TAKEOFF,1,1,1,1,0,0,1,1,0,0,0.000000,0.000000,0.000000,0.000000
tracking_cdrone3_20260822_113614_463_milestone4,milestone4,1787423778.893203735,TAKEOFF,1,1,1,1,0,0,1,1,0,0,0.000000,0.000000,0.000000,0.000000
tracking_cdrone3_20260822_113614_463_milestone4,milestone4,1787423778.993429184,TAKEOFF,1,1,1,1,0,0,1,1,0,0,0.000000,0.000000,0.000000,0.000000
tracking_cdrone3_20260822_113614_463_milestone4,milestone4,1787423779.092969418,TAKEOFF,1,1,1,1,0,0,1,1,0,0,0.000000,0.000000,0.000000,0.000000
tracking_cdrone3_20260822_113614_463_milestone4,milestone4,1787423779.193030119,TAKEOFF,1,1,1,1,0,0,1,1,0,0,0.000000,0.000000,0.000000,0.000000
tracking_cdrone3_20260822_113614_463_milestone4,milestone4,1787423779.293305159,TAKEOFF,1,1,1,1,0,0,1,1,0,0,0.000000,0.000000,0.000000,0.000000
tracking_cdrone3_20260822_113614_463_milestone4,milestone4,1787423779.392960787,TAKEOFF,1,1,1,1,0,0,1,1,0,0,0.000000,0.000000,0.000000,0.000000
tracking_cdrone3_20260822_113614_463_milestone4,milestone4,1787423779.493126154,TAKEOFF,1,1,1,1,0,0,1,1,0,0,0.000000,0.000000,0.000000,0.000000
tracking_cdrone3_20260822_113614_463_milestone4,milestone4,1787423779.593048573,TAKEOFF,1,1,1,1,0,0,1,1,0,0,0.000000,0.000000,0.000000,0.000000
tracking_cdrone3_20260822_113614_463_milestone4,milestone4,1787423779.693228006,TAKEOFF,1,1,1,1,0,0,1,1,0,0,0.000000,0.000000,0.000000,0.000000
tracking_cdrone3_20260822_113614_463_milestone4,milestone4,1787423779.793239594,TAKEOFF,1,1,1,1,0,0,1,1,0,0,0.000000,0.000000,0.000000,0.000000
tracking_cdrone3_20260822_113614_463_milestone4,milestone4,1787423779.893277884,TAKEOFF,1,1,1,1,0,0,1,1,0,0,0.000000,0.000000,0.000000,0.000000
tracking_cdrone3_20260822_113614_463_milestone4,milestone4,1787423779.993520498,TAKEOFF,1,1,1,1,0,0,1,1,0,0,0.000000,0.000000,0.000000,0.000000
tracking_cdrone3_20260822_113614_463_milestone4,milestone4,1787423780.093354940,TAKEOFF,1,1,1,1,0,0,1,1,0,0,0.000000,0.000000,0.000000,0.000000
tracking_cdrone3_20260822_113614_463_milestone4,milestone4,1787423780.193278551,TAKEOFF,1,1,1,1,0,0,1,1,0,0,0.000000,0.000000,0.000000,0.000000
tracking_cdrone3_20260822_113614_463_milestone4,milestone4,1787423780.293257475,TAKEOFF,1,1,1,1,0,0,1,1,0,0,0.000000,0.000000,0.000000,0.000000
tracking_cdrone3_20260822_113614_463_milestone4,milestone4,1787423780.393339396,TAKEOFF,1,1,1,1,0,0,1,1,0,0,0.000000,0.000000,0.000000,0.000000
tracking_cdrone3_20260822_113614_463_milestone4,milestone4,1787423780.493331194,TAKEOFF,1,1,1,1,0,0,1,1,0,0,0.000000,0.000000,0.000000,0.000000
tracking_cdrone3_20260822_113614_463_milestone4,milestone4,1787423780.592990637,TAKEOFF,1,1,1,1,0,0,1,1,0,0,0.000000,0.000000,0.000000,0.000000
tracking_cdrone3_20260822_113614_463_milestone4,milestone4,1787423780.693227053,TAKEOFF,1,1,1,1,0,0,1,1,0,0,0.000000,0.000000,0.000000,0.000000
tracking_cdrone3_20260822_113614_463_milestone4,milestone4,1787423780.792954445,TAKEOFF,1,1,1,1,0,0,1,1,0,0,0.000000,0.000000,0.000000,0.000000
tracking_cdrone3_20260822_113614_463_milestone4,milestone4,1787423780.893277407,TAKEOFF,1,1,1,1,0,0,1,1,0,0,0.000000,0.000000,0.000000,0.000000
tracking_cdrone3_20260822_113614_463_milestone4,milestone4,1787423780.993220329,TAKEOFF,1,1,1,1,0,0,1,1,0,0,0.000000,0.000000,0.000000,0.000000
tracking_cdrone3_20260822_113614_463_milestone4,milestone4,1787423781.093414068,TAKEOFF,1,1,1,1,0,0,1,1,0,0,0.000000,0.000000,0.000000,0.000000
tracking_cdrone3_20260822_113614_463_milestone4,milestone4,1787423781.205865145,TAKEOFF,1,1,1,1,0,0,1,1,0,0,0.000000,0.000000,0.000000,0.000000
tracking_cdrone3_20260822_113614_463_milestone4,milestone4,1787423781.293177128,TAKEOFF,1,1,1,1,0,0,1,1,0,0,0.000000,0.000000,0.000000,0.000000
tracking_cdrone3_20260822_113614_463_milestone4,milestone4,1787423781.393325329,TAKEOFF,1,1,1,1,0,0,1,1,0,0,0.000000,0.000000,0.000000,0.000000
tracking_cdrone3_20260822_113614_463_milestone4,milestone4,1787423781.493294001,TAKEOFF,1,1,1,1,0,0,1,1,0,0,0.000000,0.000000,0.000000,0.000000
tracking_cdrone3_20260822_113614_463_milestone4,milestone4,1787423781.592979908,TAKEOFF,1,1,1,1,0,0,1,1,0,0,0.000000,0.000000,0.000000,0.000000
tracking_cdrone3_20260822_113614_463_milestone4,milestone4,1787423781.693275690,TAKEOFF,1,1,1,1,0,0,1,1,0,0,0.000000,0.000000,0.000000,0.000000
tracking_cdrone3_20260822_113614_463_milestone4,milestone4,1787423781.792912245,TAKEOFF,1,1,1,1,0,0,1,1,0,0,0.000000,0.000000,0.000000,0.000000
tracking_cdrone3_20260822_113614_463_milestone4,milestone4,1787423781.893414736,TAKEOFF,1,1,1,1,0,0,1,1,0,0,0.000000,0.000000,0.000000,0.000000
tracking_cdrone3_20260822_113614_463_milestone4,milestone4,1787423781.993352175,TAKEOFF,1,1,1,1,0,0,1,1,0,0,0.000000,0.000000,0.000000,0.000000
tracking_cdrone3_20260822_113614_463_milestone4,milestone4,1787423782.093183994,TAKEOFF,1,1,1,1,0,0,1,1,0,0,0.000000,0.000000,0.000000,0.000000
tracking_cdrone3_20260822_113614_463_milestone4,milestone4,1787423782.193212509,TAKEOFF,1,1,1,1,0,0,1,1,0,0,0.000000,0.000000,0.000000,0.000000
tracking_cdrone3_20260822_113614_463_milestone4,milestone4,1787423782.293255091,TAKEOFF,1,1,1,1,0,0,1,1,0,0,0.000000,0.000000,0.000000,0.000000
tracking_cdrone3_20260822_113614_463_milestone4,milestone4,1787423782.393316507,TAKEOFF,1,1,1,1,0,0,1,1,0,0,0.000000,0.000000,0.000000,0.000000
tracking_cdrone3_20260822_113614_463_milestone4,milestone4,1787423782.493271828,TAKEOFF,1,1,1,1,0,0,1,1,0,0,0.000000,0.000000,0.000000,0.000000
tracking_cdrone3_20260822_113614_463_milestone4,milestone4,1787423782.593099117,TAKEOFF,1,1,1,1,0,0,1,1,0,0,0.000000,0.000000,0.000000,0.000000
tracking_cdrone3_20260822_113614_463_milestone4,milestone4,1787423782.693047523,TAKEOFF,1,1,1,1,0,0,1,1,0,0,0.000000,0.000000,0.000000,0.000000
tracking_cdrone3_20260822_113614_463_milestone4,milestone4,1787423782.792997837,TAKEOFF,1,1,1,1,0,0,1,1,0,0,0.000000,0.000000,0.000000,0.000000
tracking_cdrone3_20260822_113614_463_milestone4,milestone4,1787423782.892990112,TAKEOFF,1,1,1,1,0,0,1,1,0,0,0.000000,0.000000,0.000000,0.000000
tracking_cdrone3_20260822_113614_463_milestone4,milestone4,1787423782.992971659,TAKEOFF,1,1,1,1,0,0,1,1,0,0,0.000000,0.000000,0.000000,0.000000
tracking_cdrone3_20260822_113614_463_milestone4,milestone4,1787423783.092917442,TAKEOFF,1,1,1,1,1,1,1,1,0,0,0.000000,0.000000,0.000000,0.000000
tracking_cdrone3_20260822_113614_463_milestone4,milestone4,1787423783.193293333,TAKEOFF,1,1,1,1,0,0,1,1,0,0,0.000000,0.000000,0.000000,0.000000
tracking_cdrone3_20260822_113614_463_milestone4,milestone4,1787423783.293272734,TAKEOFF,1,1,1,1,0,0,1,1,0,0,0.000000,0.000000,0.000000,0.000000
tracking_cdrone3_20260822_113614_463_milestone4,milestone4,1787423783.392990351,TAKEOFF,1,1,1,1,0,0,1,1,0,0,0.000000,0.000000,0.000000,0.000000
tracking_cdrone3_20260822_113614_463_milestone4,milestone4,1787423783.493099689,TAKEOFF,1,1,1,1,0,0,1,1,0,0,0.000000,0.000000,0.000000,0.000000
tracking_cdrone3_20260822_113614_463_milestone4,milestone4,1787423783.593228102,TAKEOFF,1,1,1,1,0,0,1,1,0,0,0.000000,0.000000,0.000000,0.000000
tracking_cdrone3_20260822_113614_463_milestone4,milestone4,1787423783.693064690,TAKEOFF,1,1,1,1,0,0,1,1,0,0,0.000000,0.000000,0.000000,0.000000
tracking_cdrone3_20260822_113614_463_milestone4,milestone4,1787423783.793298960,TAKEOFF,1,1,1,1,0,0,1,1,0,0,0.000000,0.000000,0.000000,0.000000
tracking_cdrone3_20260822_113614_463_milestone4,milestone4,1787423783.892963886,TAKEOFF,1,1,1,1,0,0,1,1,0,0,0.000000,0.000000,0.000000,0.000000
tracking_cdrone3_20260822_113614_463_milestone4,milestone4,1787423783.993118286,TAKEOFF,1,1,1,1,0,0,1,1,0,0,0.000000,0.000000,0.000000,0.000000
tracking_cdrone3_20260822_113614_463_milestone4,milestone4,1787423784.092927456,TAKEOFF,1,1,1,1,0,0,1,1,0,0,0.000000,0.000000,0.000000,0.000000
tracking_cdrone3_20260822_113614_463_milestone4,milestone4,1787423784.193246603,TAKEOFF,1,1,1,1,0,0,1,1,0,0,0.000000,0.000000,0.000000,0.000000
tracking_cdrone3_20260822_113614_463_milestone4,milestone4,1787423784.293037891,TAKEOFF,1,1,1,1,0,0,1,1,0,0,0.000000,0.000000,0.000000,0.000000
tracking_cdrone3_20260822_113614_463_milestone4,milestone4,1787423784.393227339,TAKEOFF,1,1,1,1,0,0,1,1,0,0,0.000000,0.000000,0.000000,0.000000
tracking_cdrone3_20260822_113614_463_milestone4,milestone4,1787423784.493938923,TAKEOFF,1,1,1,1,0,0,1,1,0,0,0.000000,0.000000,0.000000,0.000000
tracking_cdrone3_20260822_113614_463_milestone4,milestone4,1787423784.593218803,TAKEOFF,1,1,1,1,0,0,1,1,0,0,0.000000,0.000000,0.000000,0.000000
tracking_cdrone3_20260822_113614_463_milestone4,milestone4,1787423784.693279743,TAKEOFF,1,1,1,1,0,0,1,1,0,0,0.000000,0.000000,0.000000,0.000000
tracking_cdrone3_20260822_113614_463_milestone4,milestone4,1787423784.793573141,WARMUP_OFFBOARD,2,1,1,1,0,0,1,1,0,0,0.000000,0.000000,0.000000,0.000000
tracking_cdrone3_20260822_113614_463_milestone4,milestone4,1787423784.892954350,WARMUP_OFFBOARD,2,2,1,1,0,0,1,1,0,0,0.000000,0.000000,0.000000,0.000000
tracking_cdrone3_20260822_113614_463_milestone4,milestone4,1787423784.992897272,WARMUP_OFFBOARD,2,2,1,1,0,0,1,1,0,0,0.000000,0.000000,0.000000,0.000000
tracking_cdrone3_20260822_113614_463_milestone4,milestone4,1787423785.092898607,WARMUP_OFFBOARD,2,2,1,1,0,0,3,1,0,0,0.000000,0.000000,0.000000,0.000000
tracking_cdrone3_20260822_113614_463_milestone4,milestone4,1787423785.193236589,WARMUP_OFFBOARD,2,2,1,1,0,0,3,3,0,0,0.000000,0.000000,0.000000,0.000000
tracking_cdrone3_20260822_113614_463_milestone4,milestone4,1787423785.293226957,WARMUP_OFFBOARD,2,2,1,1,0,0,3,3,0,0,0.000000,0.000000,0.000000,0.000000
tracking_cdrone3_20260822_113614_463_milestone4,milestone4,1787423785.393245220,WARMUP_OFFBOARD,2,2,1,1,0,0,3,3,0,0,0.000000,0.000000,0.000000,0.000000
tracking_cdrone3_20260822_113614_463_milestone4,milestone4,1787423785.493170261,WARMUP_OFFBOARD,2,2,1,1,0,0,3,3,0,0,0.000000,0.000000,0.000000,0.000000
tracking_cdrone3_20260822_113614_463_milestone4,milestone4,1787423785.593221664,WARMUP_OFFBOARD,2,2,1,1,0,0,1,3,0,0,0.000000,0.000000,0.000000,0.000000
tracking_cdrone3_20260822_113614_463_milestone4,milestone4,1787423785.693268299,WARMUP_OFFBOARD,2,2,1,1,0,0,1,1,0,0,0.000000,0.000000,0.000000,0.000000
tracking_cdrone3_20260822_113614_463_milestone4,milestone4,1787423785.793221474,WARMUP_OFFBOARD,2,2,1,1,0,0,1,1,0,0,0.000000,0.000000,0.000000,0.000000
tracking_cdrone3_20260822_113614_463_milestone4,milestone4,1787423785.893049002,WARMUP_OFFBOARD,2,2,1,1,0,0,1,1,0,0,0.000000,0.000000,0.000000,0.000000
tracking_cdrone3_20260822_113614_463_milestone4,milestone4,1787423785.993275881,WARMUP_OFFBOARD,2,2,1,1,0,0,1,1,0,0,0.000000,0.000000,0.000000,0.000000
tracking_cdrone3_20260822_113614_463_milestone4,milestone4,1787423786.093069553,WARMUP_OFFBOARD,2,2,1,1,0,0,3,3,0,0,0.000000,0.000000,0.000000,0.000000
tracking_cdrone3_20260822_113614_463_milestone4,milestone4,1787423786.193381071,WARMUP_OFFBOARD,2,2,1,1,0,0,3,3,0,0,0.000000,0.000000,0.000000,0.000000
tracking_cdrone3_20260822_113614_463_milestone4,milestone4,1787423786.293412209,WARMUP_OFFBOARD,2,2,1,1,0,0,3,3,0,0,0.000000,0.000000,0.000000,0.000000
tracking_cdrone3_20260822_113614_463_milestone4,milestone4,1787423786.393275499,SET_OFFBOARD_MODE,2,2,1,1,0,0,3,3,0,0,0.000000,0.000000,0.000000,0.000000
tracking_cdrone3_20260822_113614_463_milestone4,milestone4,1787423786.493161678,SET_OFFBOARD_MODE,2,2,1,1,0,0,3,3,0,0,0.000000,0.000000,0.000000,0.000000
tracking_cdrone3_20260822_113614_463_milestone4,milestone4,1787423786.593276978,SET_OFFBOARD_MODE,2,2,1,1,0,0,3,3,0,0,0.000000,0.000000,0.000000,0.000000
tracking_cdrone3_20260822_113614_463_milestone4,milestone4,1787423786.693293810,SET_OFFBOARD_MODE,2,2,1,1,0,0,3,3,0,0,0.000000,0.000000,0.000000,0.000000
tracking_cdrone3_20260822_113614_463_milestone4,milestone4,1787423786.793888569,SYNC_SPEED_PROFILE,1,2,1,1,0,0,3,3,0,0,0.000000,0.000000,0.000000,0.000000
tracking_cdrone3_20260822_113614_463_milestone4,milestone4,1787423786.894179344,SYNC_SPEED_PROFILE,1,2,1,1,1,1,3,3,0,0,0.000000,0.000000,0.000000,0.000000
tracking_cdrone3_20260822_113614_463_milestone4,milestone4,1787423786.993217230,SYNC_SPEED_PROFILE,1,2,1,1,1,1,3,3,0,0,0.000000,0.000000,0.000000,0.000000
tracking_cdrone3_20260822_113614_463_milestone4,milestone4,1787423787.093240738,SYNC_SPEED_PROFILE,1,2,1,1,1,1,3,3,0,0,0.000000,0.000000,0.000000,0.000000
tracking_cdrone3_20260822_113614_463_milestone4,milestone4,1787423787.192926168,SYNC_SPEED_PROFILE,1,2,1,1,1,1,3,3,0,0,0.000000,0.000000,0.000000,0.000000
tracking_cdrone3_20260822_113614_463_milestone4,milestone4,1787423787.293360949,SYNC_SPEED_PROFILE,1,2,1,1,1,1,3,3,0,0,0.000000,0.000000,0.000000,0.000000
tracking_cdrone3_20260822_113614_463_milestone4,milestone4,1787423787.393338919,SYNC_SPEED_PROFILE,1,2,1,1,1,1,3,3,0,0,0.000000,0.000000,0.000000,0.000000
tracking_cdrone3_20260822_113614_463_milestone4,milestone4,1787423787.493391991,SYNC_SPEED_PROFILE,1,2,1,1,1,1,3,3,0,0,0.000000,0.000000,0.000000,0.000000
tracking_cdrone3_20260822_113614_463_milestone4,milestone4,1787423787.593275070,SYNC_SPEED_PROFILE,1,2,1,1,1,1,3,3,0,0,0.000000,0.000000,0.000000,0.000000
tracking_cdrone3_20260822_113614_463_milestone4,milestone4,1787423787.693188667,SYNC_SPEED_PROFILE,1,2,1,1,1,1,3,3,0,0,0.000000,0.000000,0.000000,0.000000
tracking_cdrone3_20260822_113614_463_milestone4,milestone4,1787423787.793299913,CLIMB_TO_TAKEOFF_ALTITUDE,1,2,1,1,1,1,3,3,0,0,0.000000,0.000000,0.000000,0.000000
tracking_cdrone3_20260822_113614_463_milestone4,milestone4,1787423787.893341780,CLIMB_TO_TAKEOFF_ALTITUDE,1,2,1,1,1,1,3,3,0,0,0.000000,0.000000,0.000000,0.000000
tracking_cdrone3_20260822_113614_463_milestone4,milestone4,1787423787.995802879,CLIMB_TO_TAKEOFF_ALTITUDE,1,2,1,1,1,1,3,3,0,0,0.000000,0.000000,0.000000,0.000000
tracking_cdrone3_20260822_113614_463_milestone4,milestone4,1787423788.093319893,CLIMB_TO_TAKEOFF_ALTITUDE,1,2,1,1,1,1,3,3,0,0,0.000000,0.000000,0.000000,0.000000
tracking_cdrone3_20260822_113614_463_milestone4,milestone4,1787423788.193024397,CLIMB_TO_TAKEOFF_ALTITUDE,1,2,1,1,1,1,3,3,0,0,0.000000,0.000000,0.000000,0.000000
tracking_cdrone3_20260822_113614_463_milestone4,milestone4,1787423788.293171883,CLIMB_TO_TAKEOFF_ALTITUDE,1,2,1,1,1,1,3,3,0,0,0.000000,0.000000,0.000000,0.000000
tracking_cdrone3_20260822_113614_463_milestone4,milestone4,1787423788.393008947,CLIMB_TO_TAKEOFF_ALTITUDE,1,2,1,1,1,1,3,3,0,0,0.000000,0.000000,0.000000,0.000000
tracking_cdrone3_20260822_113614_463_milestone4,milestone4,1787423788.493956566,CLIMB_TO_TAKEOFF_ALTITUDE,1,2,1,1,1,1,3,3,0,0,0.000000,0.000000,0.000000,0.000000
tracking_cdrone3_20260822_113614_463_milestone4,milestone4,1787423788.593085289,CLIMB_TO_TAKEOFF_ALTITUDE,1,2,1,1,1,1,3,3,0,0,0.000000,0.000000,0.000000,0.000000
tracking_cdrone3_20260822_113614_463_milestone4,milestone4,1787423788.693171024,CLIMB_TO_TAKEOFF_ALTITUDE,1,2,1,1,1,1,3,3,0,0,0.000000,0.000000,0.000000,0.000000
tracking_cdrone3_20260822_113614_463_milestone4,milestone4,1787423788.793392181,CLIMB_TO_TAKEOFF_ALTITUDE,1,2,1,1,1,1,3,3,0,0,0.000000,0.000000,0.000000,0.000000
tracking_cdrone3_20260822_113614_463_milestone4,milestone4,1787423788.893326521,CLIMB_TO_TAKEOFF_ALTITUDE,1,2,1,1,1,1,3,3,0,0,0.000000,0.000000,0.000000,0.000000
tracking_cdrone3_20260822_113614_463_milestone4,milestone4,1787423788.992981195,CLIMB_TO_TAKEOFF_ALTITUDE,1,2,1,1,1,1,3,3,0,0,0.000000,0.000000,0.000000,0.000000
tracking_cdrone3_20260822_113614_463_milestone4,milestone4,1787423789.093344212,CLIMB_TO_TAKEOFF_ALTITUDE,1,2,1,1,1,1,3,3,0,0,0.000000,0.000000,0.000000,0.000000
tracking_cdrone3_20260822_113614_463_milestone4,milestone4,1787423789.193363905,CLIMB_TO_TAKEOFF_ALTITUDE,1,2,1,1,1,1,3,3,0,0,0.000000,0.000000,0.000000,0.000000
tracking_cdrone3_20260822_113614_463_milestone4,milestone4,1787423789.293277502,CLIMB_TO_TAKEOFF_ALTITUDE,1,2,1,1,2,1,3,3,0,0,0.000000,0.000000,0.000000,0.000000
tracking_cdrone3_20260822_113614_463_milestone4,milestone4,1787423789.393010855,CLIMB_TO_TAKEOFF_ALTITUDE,1,2,1,1,1,1,3,3,0,0,0.000000,0.000000,0.000000,0.000000
tracking_cdrone3_20260822_113614_463_milestone4,milestone4,1787423789.493174553,CLIMB_TO_TAKEOFF_ALTITUDE,1,2,1,1,1,1,3,3,0,0,0.000000,0.000000,0.000000,0.000000
tracking_cdrone3_20260822_113614_463_milestone4,milestone4,1787423789.592934847,CLIMB_TO_TAKEOFF_ALTITUDE,1,2,1,1,1,1,3,3,0,0,0.000000,0.000000,0.000000,0.000000
tracking_cdrone3_20260822_113614_463_milestone4,milestone4,1787423789.693259954,CLIMB_TO_TAKEOFF_ALTITUDE,1,2,1,1,1,1,3,3,0,0,0.000000,0.000000,0.000000,0.000000
tracking_cdrone3_20260822_113614_463_milestone4,milestone4,1787423789.793360472,CLIMB_TO_TAKEOFF_ALTITUDE,1,2,1,1,1,1,3,3,0,0,0.000000,0.000000,0.000000,0.000000
tracking_cdrone3_20260822_113614_463_milestone4,milestone4,1787423789.893369675,CLIMB_TO_TAKEOFF_ALTITUDE,1,2,1,1,1,1,3,3,0,0,0.000000,0.000000,0.000000,0.000000
tracking_cdrone3_20260822_113614_463_milestone4,milestone4,1787423789.993481159,CLIMB_TO_TAKEOFF_ALTITUDE,1,2,1,1,1,1,3,3,0,0,0.000000,0.000000,0.000000,0.000000
tracking_cdrone3_20260822_113614_463_milestone4,milestone4,1787423790.093349695,CLIMB_TO_TAKEOFF_ALTITUDE,1,2,1,1,1,1,3,3,0,0,0.000000,0.000000,0.000000,0.000000
tracking_cdrone3_20260822_113614_463_milestone4,milestone4,1787423790.193105698,CLIMB_TO_TAKEOFF_ALTITUDE,1,2,1,1,1,1,3,3,0,0,0.000000,0.000000,0.000000,0.000000
tracking_cdrone3_20260822_113614_463_milestone4,milestone4,1787423790.293254614,CLIMB_TO_TAKEOFF_ALTITUDE,1,2,1,1,1,1,3,3,0,0,0.000000,0.000000,0.000000,0.000000
tracking_cdrone3_20260822_113614_463_milestone4,milestone4,1787423790.393416882,CLIMB_TO_TAKEOFF_ALTITUDE,1,2,1,1,1,1,3,3,0,0,0.000000,0.000000,0.000000,0.000000
tracking_cdrone3_20260822_113614_463_milestone4,milestone4,1787423790.493237019,CLIMB_TO_TAKEOFF_ALTITUDE,1,2,1,1,1,1,3,3,0,0,0.000000,0.000000,0.000000,0.000000
tracking_cdrone3_20260822_113614_463_milestone4,milestone4,1787423790.592948437,CLIMB_TO_TAKEOFF_ALTITUDE,1,2,1,1,1,1,3,3,0,0,0.000000,0.000000,0.000000,0.000000
tracking_cdrone3_20260822_113614_463_milestone4,milestone4,1787423790.693292141,CLIMB_TO_TAKEOFF_ALTITUDE,1,2,1,1,1,1,3,3,0,0,0.000000,0.000000,0.000000,0.000000
tracking_cdrone3_20260822_113614_463_milestone4,milestone4,1787423790.793006182,CLIMB_TO_TAKEOFF_ALTITUDE,1,2,1,1,2,1,3,3,0,0,0.000000,0.000000,0.000000,0.000000
tracking_cdrone3_20260822_113614_463_milestone4,milestone4,1787423790.893271446,CLIMB_TO_TAKEOFF_ALTITUDE,1,2,1,1,1,1,3,3,0,0,0.000000,0.000000,0.000000,0.000000
tracking_cdrone3_20260822_113614_463_milestone4,milestone4,1787423790.993299484,CLIMB_TO_TAKEOFF_ALTITUDE,1,2,1,1,1,1,3,3,0,0,0.000000,0.000000,0.000000,0.000000
tracking_cdrone3_20260822_113614_463_milestone4,milestone4,1787423791.093345881,CLIMB_TO_TAKEOFF_ALTITUDE,1,2,1,1,1,1,3,3,0,0,0.000000,0.000000,0.000000,0.000000
tracking_cdrone3_20260822_113614_463_milestone4,milestone4,1787423791.193046093,CLIMB_TO_TAKEOFF_ALTITUDE,1,2,1,1,1,1,3,3,0,0,0.000000,0.000000,0.000000,0.000000
tracking_cdrone3_20260822_113614_463_milestone4,milestone4,1787423791.293210983,CLIMB_TO_TAKEOFF_ALTITUDE,1,2,1,1,1,1,3,3,0,0,0.000000,0.000000,0.000000,0.000000
tracking_cdrone3_20260822_113614_463_milestone4,milestone4,1787423791.393552780,CLIMB_TO_TAKEOFF_ALTITUDE,1,1,1,1,0,0,3,3,0,0,0.000000,0.000000,0.000000,0.000000
tracking_cdrone3_20260822_113614_463_milestone4,milestone4,1787423791.493520975,CLIMB_TO_TAKEOFF_ALTITUDE,1,1,1,1,0,0,3,3,0,0,0.000000,0.000000,0.000000,0.000000
tracking_cdrone3_20260822_113614_463_milestone4,milestone4,1787423791.592929363,CLIMB_TO_TAKEOFF_ALTITUDE,1,1,1,1,0,0,3,3,0,0,0.000000,0.000000,0.000000,0.000000
tracking_cdrone3_20260822_113614_463_milestone4,milestone4,1787423791.693244457,CLIMB_TO_TAKEOFF_ALTITUDE,1,1,1,1,0,0,3,3,0,0,0.000000,0.000000,0.000000,0.000000
tracking_cdrone3_20260822_113614_463_milestone4,milestone4,1787423791.793376684,CLIMB_TO_TAKEOFF_ALTITUDE,1,1,1,1,0,0,3,3,0,0,0.000000,0.000000,0.000000,0.000000
tracking_cdrone3_20260822_113614_463_milestone4,milestone4,1787423791.893356800,CLIMB_TO_TAKEOFF_ALTITUDE,1,1,1,1,0,0,3,3,0,0,0.000000,0.000000,0.000000,0.000000
tracking_cdrone3_20260822_113614_463_milestone4,milestone4,1787423791.996212006,CLIMB_TO_TAKEOFF_ALTITUDE,1,1,1,1,0,0,3,3,0,0,0.000000,0.000000,0.000000,0.000000
tracking_cdrone3_20260822_113614_463_milestone4,milestone4,1787423792.093435049,CLIMB_TO_TAKEOFF_ALTITUDE,1,1,1,1,0,0,3,3,0,0,0.000000,0.000000,0.000000,0.000000
tracking_cdrone3_20260822_113614_463_milestone4,milestone4,1787423792.193321705,CLIMB_TO_TAKEOFF_ALTITUDE,1,1,1,1,0,0,3,3,0,0,0.000000,0.000000,0.000000,0.000000
tracking_cdrone3_20260822_113614_463_milestone4,milestone4,1787423792.293301821,CLIMB_TO_TAKEOFF_ALTITUDE,1,1,1,1,0,0,3,3,0,0,0.000000,0.000000,0.000000,0.000000
tracking_cdrone3_20260822_113614_463_milestone4,milestone4,1787423792.393393755,CLIMB_TO_TAKEOFF_ALTITUDE,1,1,1,1,0,0,3,3,0,0,0.000000,0.000000,0.000000,0.000000
tracking_cdrone3_20260822_113614_463_milestone4,milestone4,1787423792.493362904,CLIMB_TO_TAKEOFF_ALTITUDE,1,1,1,1,0,0,3,3,0,0,0.000000,0.000000,0.000000,0.000000
tracking_cdrone3_20260822_113614_463_milestone4,milestone4,1787423792.593014002,CLIMB_TO_TAKEOFF_ALTITUDE,1,1,1,1,1,1,3,3,0,0,0.000000,0.000000,0.000000,0.000000
tracking_cdrone3_20260822_113614_463_milestone4,milestone4,1787423792.694626808,CLIMB_TO_TAKEOFF_ALTITUDE,1,1,1,1,0,0,3,3,0,0,0.000000,0.000000,0.000000,0.000000
tracking_cdrone3_20260822_113614_463_milestone4,milestone4,1787423792.793358326,CLIMB_TO_TAKEOFF_ALTITUDE,1,1,1,1,0,0,3,3,0,0,0.000000,0.000000,0.000000,0.000000
tracking_cdrone3_20260822_113614_463_milestone4,milestone4,1787423792.893380880,CLIMB_TO_TAKEOFF_ALTITUDE,1,1,1,1,0,0,3,3,0,0,0.000000,0.000000,0.000000,0.000000
tracking_cdrone3_20260822_113614_463_milestone4,milestone4,1787423792.994405270,CLIMB_TO_TAKEOFF_ALTITUDE,1,1,1,1,0,0,3,3,0,0,0.000000,0.000000,0.000000,0.000000
tracking_cdrone3_20260822_113614_463_milestone4,milestone4,1787423793.093216419,CLIMB_TO_TAKEOFF_ALTITUDE,1,1,1,1,0,0,3,3,0,0,0.000000,0.000000,0.000000,0.000000
tracking_cdrone3_20260822_113614_463_milestone4,milestone4,1787423793.193378210,CLIMB_TO_TAKEOFF_ALTITUDE,1,1,1,1,0,0,3,3,0,0,0.000000,0.000000,0.000000,0.000000
tracking_cdrone3_20260822_113614_463_milestone4,milestone4,1787423793.293317318,CLIMB_TO_TAKEOFF_ALTITUDE,1,1,1,1,0,0,3,3,0,0,0.000000,0.000000,0.000000,0.000000
tracking_cdrone3_20260822_113614_463_milestone4,milestone4,1787423793.393032551,CLIMB_TO_TAKEOFF_ALTITUDE,1,1,1,1,0,0,3,3,0,0,0.000000,0.000000,0.000000,0.000000
tracking_cdrone3_20260822_113614_463_milestone4,milestone4,1787423793.493288755,CLIMB_TO_TAKEOFF_ALTITUDE,1,1,1,1,0,0,3,3,0,0,0.000000,0.000000,0.000000,0.000000
tracking_cdrone3_20260822_113614_463_milestone4,milestone4,1787423793.593935251,CLIMB_TO_TAKEOFF_ALTITUDE,1,1,1,1,0,0,3,3,0,0,0.000000,0.000000,0.000000,0.000000
tracking_cdrone3_20260822_113614_463_milestone4,milestone4,1787423793.693198442,CLIMB_TO_TAKEOFF_ALTITUDE,1,1,1,1,0,0,3,3,0,0,0.000000,0.000000,0.000000,0.000000
tracking_cdrone3_20260822_113614_463_milestone4,milestone4,1787423793.793022871,CLIMB_TO_TAKEOFF_ALTITUDE,1,1,1,1,0,0,3,3,0,0,0.000000,0.000000,0.000000,0.000000
tracking_cdrone3_20260822_113614_463_milestone4,milestone4,1787423793.893230438,CLIMB_TO_TAKEOFF_ALTITUDE,1,1,1,1,0,0,3,3,0,0,0.000000,0.000000,0.000000,0.000000
tracking_cdrone3_20260822_113614_463_milestone4,milestone4,1787423793.993004322,CLIMB_TO_TAKEOFF_ALTITUDE,1,1,1,1,0,0,3,3,0,0,0.000000,0.000000,0.000000,0.000000
tracking_cdrone3_20260822_113614_463_milestone4,milestone4,1787423794.093374491,CLIMB_TO_TAKEOFF_ALTITUDE,1,1,1,1,0,0,3,3,0,0,0.000000,0.000000,0.000000,0.000000
tracking_cdrone3_20260822_113614_463_milestone4,milestone4,1787423794.193102837,CLIMB_TO_TAKEOFF_ALTITUDE,1,1,1,1,0,0,3,3,0,0,0.000000,0.000000,0.000000,0.000000
tracking_cdrone3_20260822_113614_463_milestone4,milestone4,1787423794.293624640,CLIMB_TO_TAKEOFF_ALTITUDE,0,1,0,1,0,0,,3,1,0,0.000000,0.000000,0.000000,0.000000
tracking_cdrone3_20260822_113614_463_milestone4,milestone4,1787423794.393347263,CLIMB_TO_TAKEOFF_ALTITUDE,0,1,0,1,1,1,,3,1,1,0.099723,0.000000,0.099723,0.000000
tracking_cdrone3_20260822_113614_463_milestone4,milestone4,1787423794.493376732,CLIMB_TO_TAKEOFF_ALTITUDE,0,1,0,1,1,1,,3,1,1,0.199752,0.100029,0.199752,0.100029
tracking_cdrone3_20260822_113614_463_milestone4,milestone4,1787423794.593572617,CLIMB_TO_TAKEOFF_ALTITUDE,1,1,1,1,1,1,3,3,0,0,0.000000,0.000000,0.199752,0.100029
tracking_cdrone3_20260822_113614_463_milestone4,milestone4,1787423794.692969322,CLIMB_TO_TAKEOFF_ALTITUDE,1,1,1,1,0,0,3,3,0,0,0.000000,0.000000,0.199752,0.100029
tracking_cdrone3_20260822_113614_463_milestone4,milestone4,1787423794.793141842,CLIMB_TO_TAKEOFF_ALTITUDE,1,1,1,1,0,0,3,3,0,0,0.000000,0.000000,0.199752,0.100029
tracking_cdrone3_20260822_113614_463_milestone4,milestone4,1787423794.893296242,CLIMB_TO_TAKEOFF_ALTITUDE,1,1,1,1,0,0,3,3,0,0,0.000000,0.000000,0.199752,0.100029
tracking_cdrone3_20260822_113614_463_milestone4,milestone4,1787423794.993305206,CLIMB_TO_TAKEOFF_ALTITUDE,1,1,1,1,0,0,3,3,0,0,0.000000,0.000000,0.199752,0.100029
tracking_cdrone3_20260822_113614_463_milestone4,milestone4,1787423795.093100548,CLIMB_TO_TAKEOFF_ALTITUDE,1,1,1,1,0,0,3,3,0,0,0.000000,0.000000,0.199752,0.100029
tracking_cdrone3_20260822_113614_463_milestone4,milestone4,1787423795.193282843,CLIMB_TO_TAKEOFF_ALTITUDE,1,1,1,1,0,0,3,3,0,0,0.000000,0.000000,0.199752,0.100029
tracking_cdrone3_20260822_113614_463_milestone4,milestone4,1787423795.292934895,CLIMB_TO_TAKEOFF_ALTITUDE,1,1,1,1,0,0,3,3,0,0,0.000000,0.000000,0.199752,0.100029
tracking_cdrone3_20260822_113614_463_milestone4,milestone4,1787423795.393270254,CLIMB_TO_TAKEOFF_ALTITUDE,1,1,1,1,0,0,3,3,0,0,0.000000,0.000000,0.199752,0.100029
tracking_cdrone3_20260822_113614_463_milestone4,milestone4,1787423795.493418932,CLIMB_TO_TAKEOFF_ALTITUDE,1,1,1,1,0,0,3,3,0,0,0.000000,0.000000,0.199752,0.100029
tracking_cdrone3_20260822_113614_463_milestone4,milestone4,1787423795.593297482,CLIMB_TO_TAKEOFF_ALTITUDE,1,1,1,1,0,0,3,3,0,0,0.000000,0.000000,0.199752,0.100029
tracking_cdrone3_20260822_113614_463_milestone4,milestone4,1787423795.693072796,CLIMB_TO_TAKEOFF_ALTITUDE,1,1,1,1,0,0,3,3,0,0,0.000000,0.000000,0.199752,0.100029
tracking_cdrone3_20260822_113614_463_milestone4,milestone4,1787423795.793103218,STAGE_HOVER,1,1,1,1,0,0,3,3,0,0,0.000000,0.000000,0.199752,0.100029
tracking_cdrone3_20260822_113614_463_milestone4,milestone4,1787423795.892961502,STAGE_HOVER,1,1,1,1,0,0,3,3,0,0,0.000000,0.000000,0.199752,0.100029
tracking_cdrone3_20260822_113614_463_milestone4,milestone4,1787423795.993173838,STAGE_HOVER,1,1,1,1,0,0,3,3,0,0,0.000000,0.000000,0.199752,0.100029
tracking_cdrone3_20260822_113614_463_milestone4,milestone4,1787423796.092882633,STAGE_HOVER,1,1,1,1,0,0,3,3,0,0,0.000000,0.000000,0.199752,0.100029
tracking_cdrone3_20260822_113614_463_milestone4,milestone4,1787423796.192934513,STAGE_HOVER,1,1,1,1,0,0,3,3,0,0,0.000000,0.000000,0.199752,0.100029
tracking_cdrone3_20260822_113614_463_milestone4,milestone4,1787423796.293153048,STAGE_HOVER,1,1,1,1,0,0,3,3,0,0,0.000000,0.000000,0.199752,0.100029
tracking_cdrone3_20260822_113614_463_milestone4,milestone4,1787423796.393267155,STAGE_HOVER,1,1,1,1,0,0,3,3,0,0,0.000000,0.000000,0.199752,0.100029
tracking_cdrone3_20260822_113614_463_milestone4,milestone4,1787423796.493210316,STAGE_HOVER,1,1,1,1,0,0,3,3,0,0,0.000000,0.000000,0.199752,0.100029
tracking_cdrone3_20260822_113614_463_milestone4,milestone4,1787423796.593252897,STAGE_HOVER,1,1,1,1,0,0,3,3,0,0,0.000000,0.000000,0.199752,0.100029
tracking_cdrone3_20260822_113614_463_milestone4,milestone4,1787423796.693346739,STAGE_HOVER,1,1,1,1,0,0,3,3,0,0,0.000000,0.000000,0.199752,0.100029
tracking_cdrone3_20260822_113614_463_milestone4,milestone4,1787423796.793208838,STAGE_HOVER,1,1,1,1,0,0,3,3,0,0,0.000000,0.000000,0.199752,0.100029
tracking_cdrone3_20260822_113614_463_milestone4,milestone4,1787423796.892919779,STAGE_HOVER,1,1,1,1,0,0,3,3,0,0,0.000000,0.000000,0.199752,0.100029
tracking_cdrone3_20260822_113614_463_milestone4,milestone4,1787423796.993329763,STAGE_HOVER,1,1,1,1,0,0,3,3,0,0,0.000000,0.000000,0.199752,0.100029
tracking_cdrone3_20260822_113614_463_milestone4,milestone4,1787423797.093771219,STAGE_HOVER,1,1,1,1,0,0,3,3,0,0,0.000000,0.000000,0.199752,0.100029
tracking_cdrone3_20260822_113614_463_milestone4,milestone4,1787423797.193207979,STAGE_HOVER,1,1,1,1,0,0,3,3,0,0,0.000000,0.000000,0.199752,0.100029
tracking_cdrone3_20260822_113614_463_milestone4,milestone4,1787423797.292919874,STAGE_HOVER,1,1,1,1,0,0,3,3,0,0,0.000000,0.000000,0.199752,0.100029
tracking_cdrone3_20260822_113614_463_milestone4,milestone4,1787423797.393234491,STAGE_HOVER,1,1,1,1,0,0,3,3,0,0,0.000000,0.000000,0.199752,0.100029
tracking_cdrone3_20260822_113614_463_milestone4,milestone4,1787423797.493000746,STAGE_HOVER,1,1,1,1,0,0,3,3,0,0,0.000000,0.000000,0.199752,0.100029
tracking_cdrone3_20260822_113614_463_milestone4,milestone4,1787423797.593099356,STAGE_HOVER,1,1,1,1,0,0,3,3,0,0,0.000000,0.000000,0.199752,0.100029
tracking_cdrone3_20260822_113614_463_milestone4,milestone4,1787423797.695731163,STAGE_HOVER,1,1,1,1,0,0,3,3,0,0,0.000000,0.000000,0.199752,0.100029
tracking_cdrone3_20260822_113614_463_milestone4,milestone4,1787423797.793305159,STAGE_HOVER,1,1,1,1,0,0,3,3,0,0,0.000000,0.000000,0.199752,0.100029
tracking_cdrone3_20260822_113614_463_milestone4,milestone4,1787423797.893651247,SEARCH,1,1,1,1,0,0,3,3,0,0,0.000000,0.000000,0.199752,0.100029
tracking_cdrone3_20260822_113614_463_milestone4,milestone4,1787423797.993876457,SEARCH,1,1,1,1,0,0,3,3,0,0,0.000000,0.000000,0.199752,0.100029
tracking_cdrone3_20260822_113614_463_milestone4,milestone4,1787423798.095416784,SEARCH,1,1,1,1,0,0,3,3,0,0,0.000000,0.000000,0.199752,0.100029
tracking_cdrone3_20260822_113614_463_milestone4,milestone4,1787423798.193349838,SEARCH,1,1,1,1,0,0,3,3,0,0,0.000000,0.000000,0.199752,0.100029
tracking_cdrone3_20260822_113614_463_milestone4,milestone4,1787423798.292968750,SEARCH,1,1,1,1,1,1,3,3,0,0,0.000000,0.000000,0.199752,0.100029
tracking_cdrone3_20260822_113614_463_milestone4,milestone4,1787423798.393442154,SEARCH,1,1,1,1,0,0,3,3,0,0,0.000000,0.000000,0.199752,0.100029
tracking_cdrone3_20260822_113614_463_milestone4,milestone4,1787423798.493616819,SEARCH,1,1,1,1,0,0,3,3,0,0,0.000000,0.000000,0.199752,0.100029
tracking_cdrone3_20260822_113614_463_milestone4,milestone4,1787423798.593211651,SEARCH,1,1,1,1,0,0,3,3,0,0,0.000000,0.000000,0.199752,0.100029
tracking_cdrone3_20260822_113614_463_milestone4,milestone4,1787423798.693257809,SEARCH,1,1,1,1,0,0,3,3,0,0,0.000000,0.000000,0.199752,0.100029
tracking_cdrone3_20260822_113614_463_milestone4,milestone4,1787423798.793313026,SEARCH,1,1,1,1,0,0,3,3,0,0,0.000000,0.000000,0.199752,0.100029
tracking_cdrone3_20260822_113614_463_milestone4,milestone4,1787423798.893343925,SEARCH,1,1,1,1,0,0,3,3,0,0,0.000000,0.000000,0.199752,0.100029
tracking_cdrone3_20260822_113614_463_milestone4,milestone4,1787423798.992893219,SEARCH,1,1,1,1,0,0,3,3,0,0,0.000000,0.000000,0.199752,0.100029
tracking_cdrone3_20260822_113614_463_milestone4,milestone4,1787423799.093712091,SEARCH,1,1,1,1,0,0,3,3,0,0,0.000000,0.000000,0.199752,0.100029
tracking_cdrone3_20260822_113614_463_milestone4,milestone4,1787423799.195688963,SEARCH,1,1,1,1,0,0,3,3,0,0,0.000000,0.000000,0.199752,0.100029
tracking_cdrone3_20260822_113614_463_milestone4,milestone4,1787423799.293482780,SEARCH,1,1,1,1,0,0,3,3,0,0,0.000000,0.000000,0.199752,0.100029
tracking_cdrone3_20260822_113614_463_milestone4,milestone4,1787423799.393046379,SEARCH,1,1,1,1,0,0,3,3,0,0,0.000000,0.000000,0.199752,0.100029
tracking_cdrone3_20260822_113614_463_milestone4,milestone4,1787423799.493505239,SEARCH,1,1,1,1,0,0,3,3,0,0,0.000000,0.000000,0.199752,0.100029
tracking_cdrone3_20260822_113614_463_milestone4,milestone4,1787423799.593000412,SEARCH,1,1,1,1,0,0,3,3,0,0,0.000000,0.000000,0.199752,0.100029
tracking_cdrone3_20260822_113614_463_milestone4,milestone4,1787423799.693006992,SEARCH,1,1,1,1,0,0,3,3,0,0,0.000000,0.000000,0.199752,0.100029
tracking_cdrone3_20260822_113614_463_milestone4,milestone4,1787423799.792916059,SEARCH,1,1,1,1,0,0,3,3,0,0,0.000000,0.000000,0.199752,0.100029
tracking_cdrone3_20260822_113614_463_milestone4,milestone4,1787423799.893170118,SEARCH,1,1,1,1,0,0,3,3,0,0,0.000000,0.000000,0.199752,0.100029
tracking_cdrone3_20260822_113614_463_milestone4,milestone4,1787423799.993319750,SEARCH,1,1,1,1,0,0,3,3,0,0,0.000000,0.000000,0.199752,0.100029
tracking_cdrone3_20260822_113614_463_milestone4,milestone4,1787423800.092936754,SEARCH,1,1,1,1,0,0,3,3,0,0,0.000000,0.000000,0.199752,0.100029
tracking_cdrone3_20260822_113614_463_milestone4,milestone4,1787423800.193258047,SEARCH,1,1,1,1,0,0,3,3,0,0,0.000000,0.000000,0.199752,0.100029
tracking_cdrone3_20260822_113614_463_milestone4,milestone4,1787423800.293214560,SEARCH,1,1,1,1,0,0,3,3,0,0,0.000000,0.000000,0.199752,0.100029
tracking_cdrone3_20260822_113614_463_milestone4,milestone4,1787423800.392995596,SEARCH,1,1,1,1,0,0,3,3,0,0,0.000000,0.000000,0.199752,0.100029
tracking_cdrone3_20260822_113614_463_milestone4,milestone4,1787423800.493099689,SEARCH,1,1,1,1,0,0,3,3,0,0,0.000000,0.000000,0.199752,0.100029
tracking_cdrone3_20260822_113614_463_milestone4,milestone4,1787423800.593069553,SEARCH,1,1,1,1,0,0,3,3,0,0,0.000000,0.000000,0.199752,0.100029
tracking_cdrone3_20260822_113614_463_milestone4,milestone4,1787423800.693150759,SEARCH,1,1,1,1,0,0,3,3,0,0,0.000000,0.000000,0.199752,0.100029
tracking_cdrone3_20260822_113614_463_milestone4,milestone4,1787423800.793612719,SEARCH,1,1,1,1,0,0,3,3,0,0,0.000000,0.000000,0.199752,0.100029
tracking_cdrone3_20260822_113614_463_milestone4,milestone4,1787423800.893215656,SEARCH,1,1,1,1,0,0,3,3,0,0,0.000000,0.000000,0.199752,0.100029
tracking_cdrone3_20260822_113614_463_milestone4,milestone4,1787423800.992892742,SEARCH,1,1,1,1,0,0,3,3,0,0,0.000000,0.000000,0.199752,0.100029
tracking_cdrone3_20260822_113614_463_milestone4,milestone4,1787423801.093250036,SEARCH,1,1,1,1,0,0,3,3,0,0,0.000000,0.000000,0.199752,0.100029
tracking_cdrone3_20260822_113614_463_milestone4,milestone4,1787423801.193276644,SEARCH,1,1,1,1,0,0,3,3,0,0,0.000000,0.000000,0.199752,0.100029
tracking_cdrone3_20260822_113614_463_milestone4,milestone4,1787423801.293001652,SEARCH,1,1,1,1,0,0,3,3,0,0,0.000000,0.000000,0.199752,0.100029
tracking_cdrone3_20260822_113614_463_milestone4,milestone4,1787423801.392979860,SEARCH,1,1,1,1,0,0,3,3,0,0,0.000000,0.000000,0.199752,0.100029
tracking_cdrone3_20260822_113614_463_milestone4,milestone4,1787423801.493303061,SEARCH,1,1,1,1,0,0,3,3,0,0,0.000000,0.000000,0.199752,0.100029
tracking_cdrone3_20260822_113614_463_milestone4,milestone4,1787423801.592970133,SEARCH,1,1,1,1,0,0,3,3,0,0,0.000000,0.000000,0.199752,0.100029
tracking_cdrone3_20260822_113614_463_milestone4,milestone4,1787423801.693225145,SEARCH,1,1,1,1,0,0,3,3,0,0,0.000000,0.000000,0.199752,0.100029
tracking_cdrone3_20260822_113614_463_milestone4,milestone4,1787423801.793243647,SEARCH,1,1,1,1,0,0,3,3,0,0,0.000000,0.000000,0.199752,0.100029
tracking_cdrone3_20260822_113614_463_milestone4,milestone4,1787423801.893294096,SEARCH,1,1,1,1,0,0,3,3,0,0,0.000000,0.000000,0.199752,0.100029
tracking_cdrone3_20260822_113614_463_milestone4,milestone4,1787423801.992902040,SEARCH,1,1,1,1,0,0,3,3,0,0,0.000000,0.000000,0.199752,0.100029
tracking_cdrone3_20260822_113614_463_milestone4,milestone4,1787423802.093147993,SEARCH,1,1,1,1,0,0,3,3,0,0,0.000000,0.000000,0.199752,0.100029
tracking_cdrone3_20260822_113614_463_milestone4,milestone4,1787423802.193245649,SEARCH,1,1,1,1,0,0,3,3,0,0,0.000000,0.000000,0.199752,0.100029
tracking_cdrone3_20260822_113614_463_milestone4,milestone4,1787423802.293269157,SEARCH,1,1,1,1,0,0,3,3,0,0,0.000000,0.000000,0.199752,0.100029
tracking_cdrone3_20260822_113614_463_milestone4,milestone4,1787423802.393550158,SEARCH,1,1,1,1,0,0,3,3,0,0,0.000000,0.000000,0.199752,0.100029
tracking_cdrone3_20260822_113614_463_milestone4,milestone4,1787423802.493251324,SEARCH,1,1,1,1,0,0,3,3,0,0,0.000000,0.000000,0.199752,0.100029
tracking_cdrone3_20260822_113614_463_milestone4,milestone4,1787423802.593116760,SEARCH,1,1,1,1,0,0,3,3,0,0,0.000000,0.000000,0.199752,0.100029
tracking_cdrone3_20260822_113614_463_milestone4,milestone4,1787423802.693454742,SEARCH,1,1,1,1,0,0,3,3,0,0,0.000000,0.000000,0.199752,0.100029
tracking_cdrone3_20260822_113614_463_milestone4,milestone4,1787423802.792975903,SEARCH,1,1,1,1,0,0,3,3,0,0,0.000000,0.000000,0.199752,0.100029
tracking_cdrone3_20260822_113614_463_milestone4,milestone4,1787423802.895539999,SEARCH,1,1,1,1,0,0,3,3,0,0,0.000000,0.000000,0.199752,0.100029
tracking_cdrone3_20260822_113614_463_milestone4,milestone4,1787423802.993302345,SEARCH,1,1,1,1,0,0,3,3,0,0,0.000000,0.000000,0.199752,0.100029
tracking_cdrone3_20260822_113614_463_milestone4,milestone4,1787423803.093020678,SEARCH,1,1,1,1,0,0,3,3,0,0,0.000000,0.000000,0.199752,0.100029
tracking_cdrone3_20260822_113614_463_milestone4,milestone4,1787423803.193834066,SEARCH,1,1,1,1,0,0,3,3,0,0,0.000000,0.000000,0.199752,0.100029
tracking_cdrone3_20260822_113614_463_milestone4,milestone4,1787423803.293380976,SEARCH,1,1,1,1,0,0,3,3,0,0,0.000000,0.000000,0.199752,0.100029
tracking_cdrone3_20260822_113614_463_milestone4,milestone4,1787423803.393451929,SEARCH,1,1,1,1,0,0,3,3,0,0,0.000000,0.000000,0.199752,0.100029
tracking_cdrone3_20260822_113614_463_milestone4,milestone4,1787423803.493052244,SEARCH,1,1,1,1,1,1,3,3,0,0,0.000000,0.000000,0.199752,0.100029
tracking_cdrone3_20260822_113614_463_milestone4,milestone4,1787423803.592926264,SEARCH,1,1,1,1,0,0,3,3,0,0,0.000000,0.000000,0.199752,0.100029
tracking_cdrone3_20260822_113614_463_milestone4,milestone4,1787423803.695476532,SEARCH,1,1,1,1,0,0,3,3,0,0,0.000000,0.000000,0.199752,0.100029
tracking_cdrone3_20260822_113614_463_milestone4,milestone4,1787423803.793047905,SEARCH,1,1,1,1,0,0,3,3,0,0,0.000000,0.000000,0.199752,0.100029
tracking_cdrone3_20260822_113614_463_milestone4,milestone4,1787423803.893328190,SEARCH,1,1,1,1,0,0,3,3,0,0,0.000000,0.000000,0.199752,0.100029
tracking_cdrone3_20260822_113614_463_milestone4,milestone4,1787423803.993149757,SEARCH,1,1,1,1,0,0,3,3,0,0,0.000000,0.000000,0.199752,0.100029
tracking_cdrone3_20260822_113614_463_milestone4,milestone4,1787423804.093636274,SEARCH,1,1,1,1,0,0,3,3,0,0,0.000000,0.000000,0.199752,0.100029
tracking_cdrone3_20260822_113614_463_milestone4,milestone4,1787423804.192939043,SEARCH,1,1,1,1,0,0,3,3,0,0,0.000000,0.000000,0.199752,0.100029
tracking_cdrone3_20260822_113614_463_milestone4,milestone4,1787423804.293406010,SEARCH,1,1,1,1,0,0,3,3,0,0,0.000000,0.000000,0.199752,0.100029
tracking_cdrone3_20260822_113614_463_milestone4,milestone4,1787423804.393943071,SEARCH,1,1,1,1,0,0,3,3,0,0,0.000000,0.000000,0.199752,0.100029
tracking_cdrone3_20260822_113614_463_milestone4,milestone4,1787423804.493376493,SEARCH,1,1,1,1,0,0,3,3,0,0,0.000000,0.000000,0.199752,0.100029
tracking_cdrone3_20260822_113614_463_milestone4,milestone4,1787423804.592945099,SEARCH,1,1,1,1,0,0,3,3,0,0,0.000000,0.000000,0.199752,0.100029
tracking_cdrone3_20260822_113614_463_milestone4,milestone4,1787423804.692923546,SEARCH,1,1,1,1,0,0,3,3,0,0,0.000000,0.000000,0.199752,0.100029
tracking_cdrone3_20260822_113614_463_milestone4,milestone4,1787423804.792972326,SEARCH,1,1,1,1,0,0,3,3,0,0,0.000000,0.000000,0.199752,0.100029
tracking_cdrone3_20260822_113614_463_milestone4,milestone4,1787423804.893009186,SEARCH,1,1,1,1,0,0,3,3,0,0,0.000000,0.000000,0.199752,0.100029
tracking_cdrone3_20260822_113614_463_milestone4,milestone4,1787423804.992922068,SEARCH,1,1,1,1,0,0,3,3,0,0,0.000000,0.000000,0.199752,0.100029
tracking_cdrone3_20260822_113614_463_milestone4,milestone4,1787423805.093825340,SEARCH,1,1,1,1,0,0,3,3,0,0,0.000000,0.000000,0.199752,0.100029
tracking_cdrone3_20260822_113614_463_milestone4,milestone4,1787423805.194058657,SEARCH,1,1,1,1,0,0,3,3,0,0,0.000000,0.000000,0.199752,0.100029
tracking_cdrone3_20260822_113614_463_milestone4,milestone4,1787423805.293656826,SEARCH,1,1,1,1,0,0,3,3,0,0,0.000000,0.000000,0.199752,0.100029
tracking_cdrone3_20260822_113614_463_milestone4,milestone4,1787423805.392991543,SEARCH,1,1,1,1,0,0,3,3,0,0,0.000000,0.000000,0.199752,0.100029
tracking_cdrone3_20260822_113614_463_milestone4,milestone4,1787423805.493911266,SEARCH,1,1,1,1,0,0,3,3,0,0,0.000000,0.000000,0.199752,0.100029
tracking_cdrone3_20260822_113614_463_milestone4,milestone4,1787423805.592945576,SEARCH,1,1,1,1,0,0,3,3,0,0,0.000000,0.000000,0.199752,0.100029
tracking_cdrone3_20260822_113614_463_milestone4,milestone4,1787423805.693980455,SEARCH,1,1,1,1,0,0,3,3,0,0,0.000000,0.000000,0.199752,0.100029
tracking_cdrone3_20260822_113614_463_milestone4,milestone4,1787423805.792936087,SEARCH,1,1,1,1,0,0,3,3,0,0,0.000000,0.000000,0.199752,0.100029
tracking_cdrone3_20260822_113614_463_milestone4,milestone4,1787423805.893279552,SEARCH,1,1,1,1,0,0,3,3,0,0,0.000000,0.000000,0.199752,0.100029
tracking_cdrone3_20260822_113614_463_milestone4,milestone4,1787423805.993299961,SEARCH,1,1,1,1,0,0,3,3,0,0,0.000000,0.000000,0.199752,0.100029
tracking_cdrone3_20260822_113614_463_milestone4,milestone4,1787423806.093691826,SEARCH,1,1,1,1,0,0,3,3,0,0,0.000000,0.000000,0.199752,0.100029
tracking_cdrone3_20260822_113614_463_milestone4,milestone4,1787423806.193016052,SEARCH,1,1,1,1,0,0,3,3,0,0,0.000000,0.000000,0.199752,0.100029
tracking_cdrone3_20260822_113614_463_milestone4,milestone4,1787423806.292949677,SEARCH,1,1,1,1,1,1,3,3,0,0,0.000000,0.000000,0.199752,0.100029
tracking_cdrone3_20260822_113614_463_milestone4,milestone4,1787423806.393169165,SEARCH,1,1,1,1,0,0,3,3,0,0,0.000000,0.000000,0.199752,0.100029
tracking_cdrone3_20260822_113614_463_milestone4,milestone4,1787423806.493199348,SEARCH,1,1,1,1,0,0,3,3,0,0,0.000000,0.000000,0.199752,0.100029
tracking_cdrone3_20260822_113614_463_milestone4,milestone4,1787423806.594916821,SEARCH,1,1,1,1,0,0,3,3,0,0,0.000000,0.000000,0.199752,0.100029
tracking_cdrone3_20260822_113614_463_milestone4,milestone4,1787423806.692999125,SEARCH,1,1,1,1,0,0,3,3,0,0,0.000000,0.000000,0.199752,0.100029
tracking_cdrone3_20260822_113614_463_milestone4,milestone4,1787423806.792948484,SEARCH,1,1,1,1,0,0,3,3,0,0,0.000000,0.000000,0.199752,0.100029
tracking_cdrone3_20260822_113614_463_milestone4,milestone4,1787423806.893084526,SEARCH,1,1,1,1,0,0,3,3,0,0,0.000000,0.000000,0.199752,0.100029
tracking_cdrone3_20260822_113614_463_milestone4,milestone4,1787423806.993062496,SEARCH,1,1,1,1,0,0,3,3,0,0,0.000000,0.000000,0.199752,0.100029
tracking_cdrone3_20260822_113614_463_milestone4,milestone4,1787423807.093002558,SEARCH,1,1,1,1,0,0,3,3,0,0,0.000000,0.000000,0.199752,0.100029
tracking_cdrone3_20260822_113614_463_milestone4,milestone4,1787423807.193369627,SEARCH,1,1,1,1,0,0,3,3,0,0,0.000000,0.000000,0.199752,0.100029
tracking_cdrone3_20260822_113614_463_milestone4,milestone4,1787423807.294332981,SEARCH,1,1,1,1,0,0,3,3,0,0,0.000000,0.000000,0.199752,0.100029
tracking_cdrone3_20260822_113614_463_milestone4,milestone4,1787423807.392958403,SEARCH,1,1,1,1,0,0,3,3,0,0,0.000000,0.000000,0.199752,0.100029
tracking_cdrone3_20260822_113614_463_milestone4,milestone4,1787423807.493011236,SEARCH,1,1,1,1,0,0,3,3,0,0,0.000000,0.000000,0.199752,0.100029
tracking_cdrone3_20260822_113614_463_milestone4,milestone4,1787423807.593290329,SEARCH,1,1,1,1,0,0,3,3,0,0,0.000000,0.000000,0.199752,0.100029
tracking_cdrone3_20260822_113614_463_milestone4,milestone4,1787423807.693234444,SEARCH,1,1,1,1,0,0,3,3,0,0,0.000000,0.000000,0.199752,0.100029
tracking_cdrone3_20260822_113614_463_milestone4,milestone4,1787423807.794339180,SEARCH,1,1,1,1,0,0,3,3,0,0,0.000000,0.000000,0.199752,0.100029
tracking_cdrone3_20260822_113614_463_milestone4,milestone4,1787423807.892878532,SEARCH,1,1,1,1,0,0,3,3,0,0,0.000000,0.000000,0.199752,0.100029
tracking_cdrone3_20260822_113614_463_milestone4,milestone4,1787423807.993268490,SEARCH,1,1,1,1,0,0,3,3,0,0,0.000000,0.000000,0.199752,0.100029
tracking_cdrone3_20260822_113614_463_milestone4,milestone4,1787423808.092867136,SEARCH,1,1,1,1,0,0,3,3,0,0,0.000000,0.000000,0.199752,0.100029
tracking_cdrone3_20260822_113614_463_milestone4,milestone4,1787423808.193508863,SEARCH,1,1,1,1,0,0,3,3,0,0,0.000000,0.000000,0.199752,0.100029
tracking_cdrone3_20260822_113614_463_milestone4,milestone4,1787423808.293973207,SEARCH,1,1,1,1,0,0,3,3,0,0,0.000000,0.000000,0.199752,0.100029
tracking_cdrone3_20260822_113614_463_milestone4,milestone4,1787423808.392905951,SEARCH,1,1,1,1,0,0,3,3,0,0,0.000000,0.000000,0.199752,0.100029
tracking_cdrone3_20260822_113614_463_milestone4,milestone4,1787423808.493166924,SEARCH,1,1,1,1,0,0,3,3,0,0,0.000000,0.000000,0.199752,0.100029
tracking_cdrone3_20260822_113614_463_milestone4,milestone4,1787423808.593181372,SEARCH,1,1,1,1,0,0,3,3,0,0,0.000000,0.000000,0.199752,0.100029
tracking_cdrone3_20260822_113614_463_milestone4,milestone4,1787423808.693264723,SEARCH,1,1,1,1,0,0,3,3,0,0,0.000000,0.000000,0.199752,0.100029
tracking_cdrone3_20260822_113614_463_milestone4,milestone4,1787423808.793376923,SEARCH,1,1,1,1,0,0,3,3,0,0,0.000000,0.000000,0.199752,0.100029
tracking_cdrone3_20260822_113614_463_milestone4,milestone4,1787423808.893000126,SEARCH,1,1,1,1,1,1,3,3,0,0,0.000000,0.000000,0.199752,0.100029
tracking_cdrone3_20260822_113614_463_milestone4,milestone4,1787423808.992960215,SEARCH,1,1,1,1,0,0,3,3,0,0,0.000000,0.000000,0.199752,0.100029
tracking_cdrone3_20260822_113614_463_milestone4,milestone4,1787423809.092957973,SEARCH,1,1,1,1,0,0,3,3,0,0,0.000000,0.000000,0.199752,0.100029
tracking_cdrone3_20260822_113614_463_milestone4,milestone4,1787423809.193223715,SEARCH,1,1,1,1,0,0,3,3,0,0,0.000000,0.000000,0.199752,0.100029
tracking_cdrone3_20260822_113614_463_milestone4,milestone4,1787423809.293004751,SEARCH,1,1,1,1,0,0,3,3,0,0,0.000000,0.000000,0.199752,0.100029
tracking_cdrone3_20260822_113614_463_milestone4,milestone4,1787423809.393316507,SEARCH,1,1,1,1,0,0,3,3,0,0,0.000000,0.000000,0.199752,0.100029
tracking_cdrone3_20260822_113614_463_milestone4,milestone4,1787423809.493467808,SEARCH,1,1,1,1,0,0,3,3,0,0,0.000000,0.000000,0.199752,0.100029
tracking_cdrone3_20260822_113614_463_milestone4,milestone4,1787423809.593550444,SEARCH,1,1,1,1,0,0,3,3,0,0,0.000000,0.000000,0.199752,0.100029
tracking_cdrone3_20260822_113614_463_milestone4,milestone4,1787423809.692990541,SEARCH,1,1,1,1,0,0,3,3,0,0,0.000000,0.000000,0.199752,0.100029
tracking_cdrone3_20260822_113614_463_milestone4,milestone4,1787423809.793240786,SEARCH,1,1,1,1,0,0,3,3,0,0,0.000000,0.000000,0.199752,0.100029
tracking_cdrone3_20260822_113614_463_milestone4,milestone4,1787423809.893129110,SEARCH,1,1,1,1,0,0,3,3,0,0,0.000000,0.000000,0.199752,0.100029
tracking_cdrone3_20260822_113614_463_milestone4,milestone4,1787423809.993495226,SEARCH,1,1,1,1,0,0,3,3,0,0,0.000000,0.000000,0.199752,0.100029
tracking_cdrone3_20260822_113614_463_milestone4,milestone4,1787423810.093188763,SEARCH,1,1,1,1,0,0,3,3,0,0,0.000000,0.000000,0.199752,0.100029
tracking_cdrone3_20260822_113614_463_milestone4,milestone4,1787423810.193160295,SEARCH,1,1,1,1,0,0,3,3,0,0,0.000000,0.000000,0.199752,0.100029
tracking_cdrone3_20260822_113614_463_milestone4,milestone4,1787423810.292964697,SEARCH,1,1,1,1,0,0,3,3,0,0,0.000000,0.000000,0.199752,0.100029
tracking_cdrone3_20260822_113614_463_milestone4,milestone4,1787423810.393115759,SEARCH,1,1,1,1,0,0,3,3,0,0,0.000000,0.000000,0.199752,0.100029
tracking_cdrone3_20260822_113614_463_milestone4,milestone4,1787423810.493191242,SEARCH,1,1,1,1,0,0,3,3,0,0,0.000000,0.000000,0.199752,0.100029
tracking_cdrone3_20260822_113614_463_milestone4,milestone4,1787423810.593267918,SEARCH,1,1,1,1,0,0,3,3,0,0,0.000000,0.000000,0.199752,0.100029
tracking_cdrone3_20260822_113614_463_milestone4,milestone4,1787423810.693283319,SEARCH,1,1,1,1,0,0,3,3,0,0,0.000000,0.000000,0.199752,0.100029
tracking_cdrone3_20260822_113614_463_milestone4,milestone4,1787423810.793219566,SEARCH,1,1,1,1,0,0,3,3,0,0,0.000000,0.000000,0.199752,0.100029
tracking_cdrone3_20260822_113614_463_milestone4,milestone4,1787423810.893276930,SEARCH,1,1,1,1,0,0,3,3,0,0,0.000000,0.000000,0.199752,0.100029
tracking_cdrone3_20260822_113614_463_milestone4,milestone4,1787423810.993328571,SEARCH,1,1,1,1,0,0,3,3,0,0,0.000000,0.000000,0.199752,0.100029
tracking_cdrone3_20260822_113614_463_milestone4,milestone4,1787423811.092958450,SEARCH,1,1,1,1,0,0,3,3,0,0,0.000000,0.000000,0.199752,0.100029
tracking_cdrone3_20260822_113614_463_milestone4,milestone4,1787423811.192904711,SEARCH,1,1,1,1,0,0,3,3,0,0,0.000000,0.000000,0.199752,0.100029
tracking_cdrone3_20260822_113614_463_milestone4,milestone4,1787423811.293226004,SEARCH,1,1,1,1,0,0,3,3,0,0,0.000000,0.000000,0.199752,0.100029
tracking_cdrone3_20260822_113614_463_milestone4,milestone4,1787423811.392927885,SEARCH,1,1,1,1,0,0,3,3,0,0,0.000000,0.000000,0.199752,0.100029
tracking_cdrone3_20260822_113614_463_milestone4,milestone4,1787423811.492957115,SEARCH,1,1,1,1,0,0,3,3,0,0,0.000000,0.000000,0.199752,0.100029
tracking_cdrone3_20260822_113614_463_milestone4,milestone4,1787423811.594356775,SEARCH,1,1,1,1,0,0,3,3,0,0,0.000000,0.000000,0.199752,0.100029
tracking_cdrone3_20260822_113614_463_milestone4,milestone4,1787423811.693124294,SEARCH,1,1,1,1,0,0,3,3,0,0,0.000000,0.000000,0.199752,0.100029
tracking_cdrone3_20260822_113614_463_milestone4,milestone4,1787423811.793375969,SEARCH,1,1,1,1,0,0,3,3,0,0,0.000000,0.000000,0.199752,0.100029
tracking_cdrone3_20260822_113614_463_milestone4,milestone4,1787423811.892950535,SEARCH,1,1,1,1,0,0,3,3,0,0,0.000000,0.000000,0.199752,0.100029
tracking_cdrone3_20260822_113614_463_milestone4,milestone4,1787423811.993233204,SEARCH,1,1,1,1,0,0,3,3,0,0,0.000000,0.000000,0.199752,0.100029
tracking_cdrone3_20260822_113614_463_milestone4,milestone4,1787423812.093193769,SEARCH,1,1,1,1,0,0,3,3,0,0,0.000000,0.000000,0.199752,0.100029
tracking_cdrone3_20260822_113614_463_milestone4,milestone4,1787423812.193196774,SEARCH,1,1,1,1,0,0,3,3,0,0,0.000000,0.000000,0.199752,0.100029
tracking_cdrone3_20260822_113614_463_milestone4,milestone4,1787423812.293273449,SEARCH,1,1,1,1,0,0,3,3,0,0,0.000000,0.000000,0.199752,0.100029
tracking_cdrone3_20260822_113614_463_milestone4,milestone4,1787423812.393032789,SEARCH,1,1,1,1,0,0,3,3,0,0,0.000000,0.000000,0.199752,0.100029
tracking_cdrone3_20260822_113614_463_milestone4,milestone4,1787423812.493327856,SEARCH,1,1,1,1,0,0,3,3,0,0,0.000000,0.000000,0.199752,0.100029
tracking_cdrone3_20260822_113614_463_milestone4,milestone4,1787423812.593076944,SEARCH,1,1,1,1,0,0,3,3,0,0,0.000000,0.000000,0.199752,0.100029
tracking_cdrone3_20260822_113614_463_milestone4,milestone4,1787423812.693232536,SEARCH,1,1,1,1,1,1,3,3,0,0,0.000000,0.000000,0.199752,0.100029
tracking_cdrone3_20260822_113614_463_milestone4,milestone4,1787423812.793200493,SEARCH,1,1,1,1,0,0,3,3,0,0,0.000000,0.000000,0.199752,0.100029
tracking_cdrone3_20260822_113614_463_milestone4,milestone4,1787423812.893354177,SEARCH,1,1,1,1,0,0,3,3,0,0,0.000000,0.000000,0.199752,0.100029
tracking_cdrone3_20260822_113614_463_milestone4,milestone4,1787423812.993235111,SEARCH,1,1,1,1,0,0,3,3,0,0,0.000000,0.000000,0.199752,0.100029
tracking_cdrone3_20260822_113614_463_milestone4,milestone4,1787423813.093014002,SEARCH,1,1,1,1,0,0,3,3,0,0,0.000000,0.000000,0.199752,0.100029
tracking_cdrone3_20260822_113614_463_milestone4,milestone4,1787423813.193226337,SEARCH,1,1,1,1,0,0,3,3,0,0,0.000000,0.000000,0.199752,0.100029
tracking_cdrone3_20260822_113614_463_milestone4,milestone4,1787423813.293299437,SEARCH,1,1,1,1,0,0,3,3,0,0,0.000000,0.000000,0.199752,0.100029
tracking_cdrone3_20260822_113614_463_milestone4,milestone4,1787423813.393292189,SEARCH,1,1,1,1,0,0,3,3,0,0,0.000000,0.000000,0.199752,0.100029
tracking_cdrone3_20260822_113614_463_milestone4,milestone4,1787423813.493313313,SEARCH,1,1,1,1,0,0,3,3,0,0,0.000000,0.000000,0.199752,0.100029
tracking_cdrone3_20260822_113614_463_milestone4,milestone4,1787423813.593053102,SEARCH,1,1,1,1,0,0,3,3,0,0,0.000000,0.000000,0.199752,0.100029
tracking_cdrone3_20260822_113614_463_milestone4,milestone4,1787423813.693149090,SEARCH,1,1,1,1,0,0,3,3,0,0,0.000000,0.000000,0.199752,0.100029
tracking_cdrone3_20260822_113614_463_milestone4,milestone4,1787423813.793243170,SEARCH,1,1,1,1,0,0,3,3,0,0,0.000000,0.000000,0.199752,0.100029
tracking_cdrone3_20260822_113614_463_milestone4,milestone4,1787423813.893306971,SEARCH,1,1,1,1,0,0,3,3,0,0,0.000000,0.000000,0.199752,0.100029
tracking_cdrone3_20260822_113614_463_milestone4,milestone4,1787423813.992932796,SEARCH,1,1,1,1,0,0,3,3,0,0,0.000000,0.000000,0.199752,0.100029
tracking_cdrone3_20260822_113614_463_milestone4,milestone4,1787423814.093273878,SEARCH,1,1,1,1,0,0,3,3,0,0,0.000000,0.000000,0.199752,0.100029
tracking_cdrone3_20260822_113614_463_milestone4,milestone4,1787423814.193215847,SEARCH,1,1,1,1,0,0,3,3,0,0,0.000000,0.000000,0.199752,0.100029
tracking_cdrone3_20260822_113614_463_milestone4,milestone4,1787423814.293269157,SEARCH,1,1,1,1,0,0,3,3,0,0,0.000000,0.000000,0.199752,0.100029
tracking_cdrone3_20260822_113614_463_milestone4,milestone4,1787423814.393798113,SEARCH,1,1,1,1,0,0,3,3,0,0,0.000000,0.000000,0.199752,0.100029
tracking_cdrone3_20260822_113614_463_milestone4,milestone4,1787423814.493149757,SEARCH,1,1,1,1,0,0,3,3,0,0,0.000000,0.000000,0.199752,0.100029
tracking_cdrone3_20260822_113614_463_milestone4,milestone4,1787423814.592984915,SEARCH,1,1,1,1,0,0,3,3,0,0,0.000000,0.000000,0.199752,0.100029
tracking_cdrone3_20260822_113614_463_milestone4,milestone4,1787423814.692897797,SEARCH,1,1,1,1,0,0,3,3,0,0,0.000000,0.000000,0.199752,0.100029
tracking_cdrone3_20260822_113614_463_milestone4,milestone4,1787423814.792886257,SEARCH,1,1,1,1,0,0,3,3,0,0,0.000000,0.000000,0.199752,0.100029
tracking_cdrone3_20260822_113614_463_milestone4,milestone4,1787423814.893168926,SEARCH,1,1,1,1,0,0,3,3,0,0,0.000000,0.000000,0.199752,0.100029
tracking_cdrone3_20260822_113614_463_milestone4,milestone4,1787423814.992973804,SEARCH,1,1,1,1,0,0,3,3,0,0,0.000000,0.000000,0.199752,0.100029
tracking_cdrone3_20260822_113614_463_milestone4,milestone4,1787423815.093312025,SEARCH,1,1,1,1,0,0,3,3,0,0,0.000000,0.000000,0.199752,0.100029
tracking_cdrone3_20260822_113614_463_milestone4,milestone4,1787423815.193253517,SEARCH,1,1,1,1,0,0,3,3,0,0,0.000000,0.000000,0.199752,0.100029
tracking_cdrone3_20260822_113614_463_milestone4,milestone4,1787423815.293448687,SEARCH,1,1,1,1,0,0,3,3,0,0,0.000000,0.000000,0.199752,0.100029
tracking_cdrone3_20260822_113614_463_milestone4,milestone4,1787423815.393007278,SEARCH,1,1,1,1,0,0,3,3,0,0,0.000000,0.000000,0.199752,0.100029
tracking_cdrone3_20260822_113614_463_milestone4,milestone4,1787423815.493225574,SEARCH,1,1,1,1,0,0,3,3,0,0,0.000000,0.000000,0.199752,0.100029
tracking_cdrone3_20260822_113614_463_milestone4,milestone4,1787423815.592927217,SEARCH,1,1,1,1,0,0,3,3,0,0,0.000000,0.000000,0.199752,0.100029
tracking_cdrone3_20260822_113614_463_milestone4,milestone4,1787423815.693322897,SEARCH,1,1,1,1,0,0,3,3,0,0,0.000000,0.000000,0.199752,0.100029
tracking_cdrone3_20260822_113614_463_milestone4,milestone4,1787423815.794613600,SEARCH,1,1,1,1,0,0,3,3,0,0,0.000000,0.000000,0.199752,0.100029
tracking_cdrone3_20260822_113614_463_milestone4,milestone4,1787423815.893751144,SEARCH,1,1,1,1,0,0,3,3,0,0,0.000000,0.000000,0.199752,0.100029
tracking_cdrone3_20260822_113614_463_milestone4,milestone4,1787423815.993119478,SEARCH,1,1,1,1,0,0,3,3,0,0,0.000000,0.000000,0.199752,0.100029
tracking_cdrone3_20260822_113614_463_milestone4,milestone4,1787423816.094771147,SEARCH,1,1,1,1,0,0,3,3,0,0,0.000000,0.000000,0.199752,0.100029
tracking_cdrone3_20260822_113614_463_milestone4,milestone4,1787423816.193239450,SEARCH,1,1,1,1,1,1,3,3,0,0,0.000000,0.000000,0.199752,0.100029
tracking_cdrone3_20260822_113614_463_milestone4,milestone4,1787423816.294329882,SEARCH,1,1,1,1,0,0,3,3,0,0,0.000000,0.000000,0.199752,0.100029
tracking_cdrone3_20260822_113614_463_milestone4,milestone4,1787423816.393060207,SEARCH,1,1,1,1,0,0,3,3,0,0,0.000000,0.000000,0.199752,0.100029
tracking_cdrone3_20260822_113614_463_milestone4,milestone4,1787423816.493288994,SEARCH,1,1,1,1,0,0,3,3,0,0,0.000000,0.000000,0.199752,0.100029
tracking_cdrone3_20260822_113614_463_milestone4,milestone4,1787423816.593264103,SEARCH,1,1,1,1,0,0,3,3,0,0,0.000000,0.000000,0.199752,0.100029
tracking_cdrone3_20260822_113614_463_milestone4,milestone4,1787423816.693479061,SEARCH,1,1,1,1,0,0,3,3,0,0,0.000000,0.000000,0.199752,0.100029
tracking_cdrone3_20260822_113614_463_milestone4,milestone4,1787423816.792945385,SEARCH,1,1,1,1,0,0,3,3,0,0,0.000000,0.000000,0.199752,0.100029
tracking_cdrone3_20260822_113614_463_milestone4,milestone4,1787423816.900024176,SEARCH,1,1,1,1,0,0,3,3,0,0,0.000000,0.000000,0.199752,0.100029
tracking_cdrone3_20260822_113614_463_milestone4,milestone4,1787423816.993212938,SEARCH,1,1,1,1,0,0,3,3,0,0,0.000000,0.000000,0.199752,0.100029
tracking_cdrone3_20260822_113614_463_milestone4,milestone4,1787423817.093068838,SEARCH,1,1,1,1,0,0,3,3,0,0,0.000000,0.000000,0.199752,0.100029
tracking_cdrone3_20260822_113614_463_milestone4,milestone4,1787423817.193911076,SEARCH,1,1,1,1,0,0,3,3,0,0,0.000000,0.000000,0.199752,0.100029
tracking_cdrone3_20260822_113614_463_milestone4,milestone4,1787423817.293226242,SEARCH,1,1,1,1,0,0,3,3,0,0,0.000000,0.000000,0.199752,0.100029
tracking_cdrone3_20260822_113614_463_milestone4,milestone4,1787423817.393398762,SEARCH,1,1,1,1,0,0,3,3,0,0,0.000000,0.000000,0.199752,0.100029
tracking_cdrone3_20260822_113614_463_milestone4,milestone4,1787423817.493508339,SEARCH,1,1,1,1,0,0,3,3,0,0,0.000000,0.000000,0.199752,0.100029
tracking_cdrone3_20260822_113614_463_milestone4,milestone4,1787423817.592976093,SEARCH,1,1,1,1,0,0,3,3,0,0,0.000000,0.000000,0.199752,0.100029
tracking_cdrone3_20260822_113614_463_milestone4,milestone4,1787423817.694978714,SEARCH,1,1,1,1,0,0,3,3,0,0,0.000000,0.000000,0.199752,0.100029
tracking_cdrone3_20260822_113614_463_milestone4,milestone4,1787423817.792904615,SEARCH,1,1,1,1,0,0,3,3,0,0,0.000000,0.000000,0.199752,0.100029
tracking_cdrone3_20260822_113614_463_milestone4,milestone4,1787423817.893008471,SEARCH,1,1,1,1,0,0,3,3,0,0,0.000000,0.000000,0.199752,0.100029
tracking_cdrone3_20260822_113614_463_milestone4,milestone4,1787423817.993225813,SEARCH,1,1,1,1,0,0,3,3,0,0,0.000000,0.000000,0.199752,0.100029
tracking_cdrone3_20260822_113614_463_milestone4,milestone4,1787423818.092927933,SEARCH,1,1,1,1,0,0,3,3,0,0,0.000000,0.000000,0.199752,0.100029
tracking_cdrone3_20260822_113614_463_milestone4,milestone4,1787423818.194610834,SEARCH,1,1,1,1,0,0,3,3,0,0,0.000000,0.000000,0.199752,0.100029
tracking_cdrone3_20260822_113614_463_milestone4,milestone4,1787423818.293234825,SEARCH,1,1,1,1,1,1,3,3,0,0,0.000000,0.000000,0.199752,0.100029
tracking_cdrone3_20260822_113614_463_milestone4,milestone4,1787423818.392982244,SEARCH,1,1,1,1,0,0,3,3,0,0,0.000000,0.000000,0.199752,0.100029
tracking_cdrone3_20260822_113614_463_milestone4,milestone4,1787423818.492924213,SEARCH,1,1,1,1,0,0,3,3,0,0,0.000000,0.000000,0.199752,0.100029
tracking_cdrone3_20260822_113614_463_milestone4,milestone4,1787423818.593295336,SEARCH,1,1,1,1,0,0,3,3,0,0,0.000000,0.000000,0.199752,0.100029
tracking_cdrone3_20260822_113614_463_milestone4,milestone4,1787423818.693573713,SEARCH,1,1,1,1,0,0,3,3,0,0,0.000000,0.000000,0.199752,0.100029
tracking_cdrone3_20260822_113614_463_milestone4,milestone4,1787423818.792913198,SEARCH,1,1,1,1,0,0,3,3,0,0,0.000000,0.000000,0.199752,0.100029
tracking_cdrone3_20260822_113614_463_milestone4,milestone4,1787423818.893609762,SEARCH,1,1,1,1,0,0,3,3,0,0,0.000000,0.000000,0.199752,0.100029
tracking_cdrone3_20260822_113614_463_milestone4,milestone4,1787423818.993036985,SEARCH,2,1,1,1,0,0,6,3,0,0,0.000000,0.000000,0.199752,0.100029
tracking_cdrone3_20260822_113614_463_milestone4,milestone4,1787423819.093003511,SEARCH,2,2,1,1,0,0,6,4,0,0,0.000000,0.000000,0.199752,0.100029
tracking_cdrone3_20260822_113614_463_milestone4,milestone4,1787423819.193000793,SEARCH,2,2,1,1,0,0,6,4,0,0,0.000000,0.000000,0.199752,0.100029
tracking_cdrone3_20260822_113614_463_milestone4,milestone4,1787423819.293270111,SEARCH,2,2,1,1,0,0,6,4,0,0,0.000000,0.000000,0.199752,0.100029
tracking_cdrone3_20260822_113614_463_milestone4,milestone4,1787423819.393648148,SEARCH,2,2,1,1,0,0,6,4,0,0,0.000000,0.000000,0.199752,0.100029
tracking_cdrone3_20260822_113614_463_milestone4,milestone4,1787423819.493046999,SEARCH,2,2,1,1,0,0,6,4,0,0,0.000000,0.000000,0.199752,0.100029
tracking_cdrone3_20260822_113614_463_milestone4,milestone4,1787423819.593189955,SEARCH,2,2,1,1,2,1,3,4,0,0,0.000000,0.000000,0.199752,0.100029
tracking_cdrone3_20260822_113614_463_milestone4,milestone4,1787423819.693409681,SEARCH,2,2,1,1,0,0,3,3,0,0,0.000000,0.000000,0.199752,0.100029
tracking_cdrone3_20260822_113614_463_milestone4,milestone4,1787423819.793311596,SEARCH,2,2,1,1,0,0,3,3,0,0,0.000000,0.000000,0.199752,0.100029
tracking_cdrone3_20260822_113614_463_milestone4,milestone4,1787423819.893007517,SEARCH,2,2,1,1,0,0,3,3,0,0,0.000000,0.000000,0.199752,0.100029
tracking_cdrone3_20260822_113614_463_milestone4,milestone4,1787423819.993130922,SEARCH,2,2,1,1,0,0,3,3,0,0,0.000000,0.000000,0.199752,0.100029
tracking_cdrone3_20260822_113614_463_milestone4,milestone4,1787423820.092924595,SEARCH,2,2,1,1,0,0,3,3,0,0,0.000000,0.000000,0.199752,0.100029
tracking_cdrone3_20260822_113614_463_milestone4,milestone4,1787423820.193322897,SEARCH,2,2,1,1,0,0,3,3,0,0,0.000000,0.000000,0.199752,0.100029
tracking_cdrone3_20260822_113614_463_milestone4,milestone4,1787423820.292972565,SEARCH,2,2,1,1,0,0,6,3,0,0,0.000000,0.000000,0.199752,0.100029
tracking_cdrone3_20260822_113614_463_milestone4,milestone4,1787423820.393142939,SEARCH,2,2,1,1,0,0,6,4,0,0,0.000000,0.000000,0.199752,0.100029
tracking_cdrone3_20260822_113614_463_milestone4,milestone4,1787423820.493288517,SEARCH,2,2,1,1,0,0,6,4,0,0,0.000000,0.000000,0.199752,0.100029
tracking_cdrone3_20260822_113614_463_milestone4,milestone4,1787423820.593084812,SEARCH,2,2,1,1,0,0,6,4,0,0,0.000000,0.000000,0.199752,0.100029
tracking_cdrone3_20260822_113614_463_milestone4,milestone4,1787423820.692975283,SEARCH,2,2,1,1,0,0,6,4,0,0,0.000000,0.000000,0.199752,0.100029
tracking_cdrone3_20260822_113614_463_milestone4,milestone4,1787423820.803410292,SEARCH,2,2,1,1,0,0,6,4,0,0,0.000000,0.000000,0.199752,0.100029
tracking_cdrone3_20260822_113614_463_milestone4,milestone4,1787423820.892917156,SEARCH,2,2,1,1,0,0,6,4,0,0,0.000000,0.000000,0.199752,0.100029
tracking_cdrone3_20260822_113614_463_milestone4,milestone4,1787423820.993570805,SEARCH,2,2,1,1,0,0,6,4,0,0,0.000000,0.000000,0.199752,0.100029
tracking_cdrone3_20260822_113614_463_milestone4,milestone4,1787423821.092920542,SEARCH,2,2,1,1,0,0,3,4,0,0,0.000000,0.000000,0.199752,0.100029
tracking_cdrone3_20260822_113614_463_milestone4,milestone4,1787423821.193270206,SEARCH,2,2,1,1,0,0,3,4,0,0,0.000000,0.000000,0.199752,0.100029
tracking_cdrone3_20260822_113614_463_milestone4,milestone4,1787423821.293231010,SEARCH,1,2,1,1,0,0,6,4,0,0,0.000000,0.000000,0.199752,0.100029
tracking_cdrone3_20260822_113614_463_milestone4,milestone4,1787423821.392991304,SEARCH,1,2,1,1,1,1,6,4,0,0,0.000000,0.000000,0.199752,0.100029
tracking_cdrone3_20260822_113614_463_milestone4,milestone4,1787423821.493626356,SEARCH,1,2,1,1,1,1,6,4,0,0,0.000000,0.000000,0.199752,0.100029
tracking_cdrone3_20260822_113614_463_milestone4,milestone4,1787423821.593166828,SEARCH,1,2,1,1,1,1,6,4,0,0,0.000000,0.000000,0.199752,0.100029
tracking_cdrone3_20260822_113614_463_milestone4,milestone4,1787423821.693284035,SEARCH,1,2,1,1,1,1,6,4,0,0,0.000000,0.000000,0.199752,0.100029
tracking_cdrone3_20260822_113614_463_milestone4,milestone4,1787423821.793195486,SEARCH,1,2,1,1,1,1,6,4,0,0,0.000000,0.000000,0.199752,0.100029
tracking_cdrone3_20260822_113614_463_milestone4,milestone4,1787423821.892909288,SEARCH,1,2,1,1,2,1,6,4,0,0,0.000000,0.000000,0.199752,0.100029
tracking_cdrone3_20260822_113614_463_milestone4,milestone4,1787423821.993257761,SEARCH,1,2,1,1,1,1,6,4,0,0,0.000000,0.000000,0.199752,0.100029
tracking_cdrone3_20260822_113614_463_milestone4,milestone4,1787423822.092960358,SEARCH,1,2,1,1,1,1,6,4,0,0,0.000000,0.000000,0.199752,0.100029
tracking_cdrone3_20260822_113614_463_milestone4,milestone4,1787423822.193131685,SEARCH,1,2,1,1,1,1,6,4,0,0,0.000000,0.000000,0.199752,0.100029
tracking_cdrone3_20260822_113614_463_milestone4,milestone4,1787423822.293405771,SEARCH,1,2,1,1,1,1,6,4,0,0,0.000000,0.000000,0.199752,0.100029
tracking_cdrone3_20260822_113614_463_milestone4,milestone4,1787423822.393258810,SEARCH,1,2,1,1,1,1,6,4,0,0,0.000000,0.000000,0.199752,0.100029
tracking_cdrone3_20260822_113614_463_milestone4,milestone4,1787423822.492971182,SEARCH,1,2,1,1,1,1,6,4,0,0,0.000000,0.000000,0.199752,0.100029
tracking_cdrone3_20260822_113614_463_milestone4,milestone4,1787423822.593135834,SEARCH,1,2,1,1,1,1,6,4,0,0,0.000000,0.000000,0.199752,0.100029
tracking_cdrone3_20260822_113614_463_milestone4,milestone4,1787423822.693332672,SEARCH,1,2,1,1,1,1,6,4,0,0,0.000000,0.000000,0.199752,0.100029
tracking_cdrone3_20260822_113614_463_milestone4,milestone4,1787423822.793401003,SEARCH,1,2,1,1,1,1,6,4,0,0,0.000000,0.000000,0.199752,0.100029
tracking_cdrone3_20260822_113614_463_milestone4,milestone4,1787423822.892939329,SEARCH,1,2,1,1,2,1,6,4,0,0,0.000000,0.000000,0.199752,0.100029
tracking_cdrone3_20260822_113614_463_milestone4,milestone4,1787423822.992986202,SEARCH,1,2,1,1,1,1,6,4,0,0,0.000000,0.000000,0.199752,0.100029
tracking_cdrone3_20260822_113614_463_milestone4,milestone4,1787423823.092962027,SEARCH,1,2,1,1,1,1,6,4,0,0,0.000000,0.000000,0.199752,0.100029
tracking_cdrone3_20260822_113614_463_milestone4,milestone4,1787423823.193214417,SEARCH,1,2,1,1,1,1,6,4,0,0,0.000000,0.000000,0.199752,0.100029
tracking_cdrone3_20260822_113614_463_milestone4,milestone4,1787423823.293066740,SEARCH,1,2,1,1,1,1,6,4,0,0,0.000000,0.000000,0.199752,0.100029
tracking_cdrone3_20260822_113614_463_milestone4,milestone4,1787423823.393204927,SEARCH,1,2,1,1,1,1,6,4,0,0,0.000000,0.000000,0.199752,0.100029
tracking_cdrone3_20260822_113614_463_milestone4,milestone4,1787423823.493268251,SEARCH,1,2,1,1,1,1,6,4,0,0,0.000000,0.000000,0.199752,0.100029
tracking_cdrone3_20260822_113614_463_milestone4,milestone4,1787423823.593277931,SEARCH,1,2,1,1,1,1,6,4,0,0,0.000000,0.000000,0.199752,0.100029
tracking_cdrone3_20260822_113614_463_milestone4,milestone4,1787423823.692914963,SEARCH,1,2,1,1,1,1,6,4,0,0,0.000000,0.000000,0.199752,0.100029
tracking_cdrone3_20260822_113614_463_milestone4,milestone4,1787423823.793308496,SEARCH,1,2,1,1,1,1,6,4,0,0,0.000000,0.000000,0.199752,0.100029
tracking_cdrone3_20260822_113614_463_milestone4,milestone4,1787423823.893130541,SEARCH,1,2,1,1,1,1,6,4,0,0,0.000000,0.000000,0.199752,0.100029
tracking_cdrone3_20260822_113614_463_milestone4,milestone4,1787423823.993448257,SEARCH,1,2,1,1,1,1,6,4,0,0,0.000000,0.000000,0.199752,0.100029
tracking_cdrone3_20260822_113614_463_milestone4,milestone4,1787423824.092961550,SEARCH,1,2,1,1,1,1,6,4,0,0,0.000000,0.000000,0.199752,0.100029
tracking_cdrone3_20260822_113614_463_milestone4,milestone4,1787423824.193329334,SEARCH,1,2,1,1,1,1,6,4,0,0,0.000000,0.000000,0.199752,0.100029
tracking_cdrone3_20260822_113614_463_milestone4,milestone4,1787423824.296947956,SEARCH,1,2,1,1,1,1,6,4,0,0,0.000000,0.000000,0.199752,0.100029
tracking_cdrone3_20260822_113614_463_milestone4,milestone4,1787423824.393208265,SEARCH,1,2,1,1,1,1,6,4,0,0,0.000000,0.000000,0.199752,0.100029
tracking_cdrone3_20260822_113614_463_milestone4,milestone4,1787423824.493108988,SEARCH,1,2,1,1,1,1,6,4,0,0,0.000000,0.000000,0.199752,0.100029
tracking_cdrone3_20260822_113614_463_milestone4,milestone4,1787423824.593203306,SEARCH,1,2,1,1,1,1,6,4,0,0,0.000000,0.000000,0.199752,0.100029
tracking_cdrone3_20260822_113614_463_milestone4,milestone4,1787423824.695219994,SEARCH,1,2,1,1,1,1,6,4,0,0,0.000000,0.000000,0.199752,0.100029
tracking_cdrone3_20260822_113614_463_milestone4,milestone4,1787423824.793522358,SEARCH,1,2,1,1,1,1,6,4,0,0,0.000000,0.000000,0.199752,0.100029
tracking_cdrone3_20260822_113614_463_milestone4,milestone4,1787423824.893513203,SEARCH,1,2,1,1,1,1,6,4,0,0,0.000000,0.000000,0.199752,0.100029
tracking_cdrone3_20260822_113614_463_milestone4,milestone4,1787423824.993275166,SEARCH,1,2,1,1,1,1,6,4,0,0,0.000000,0.000000,0.199752,0.100029
tracking_cdrone3_20260822_113614_463_milestone4,milestone4,1787423825.093168974,SEARCH,1,2,1,1,1,1,6,4,0,0,0.000000,0.000000,0.199752,0.100029
tracking_cdrone3_20260822_113614_463_milestone4,milestone4,1787423825.192974567,SEARCH,1,2,1,1,1,1,6,4,0,0,0.000000,0.000000,0.199752,0.100029
tracking_cdrone3_20260822_113614_463_milestone4,milestone4,1787423825.293243885,SEARCH,1,2,1,1,1,1,6,4,0,0,0.000000,0.000000,0.199752,0.100029
tracking_cdrone3_20260822_113614_463_milestone4,milestone4,1787423825.393258095,SEARCH,1,2,1,1,1,1,6,4,0,0,0.000000,0.000000,0.199752,0.100029
tracking_cdrone3_20260822_113614_463_milestone4,milestone4,1787423825.493186474,SEARCH,1,2,1,1,1,1,6,4,0,0,0.000000,0.000000,0.199752,0.100029
tracking_cdrone3_20260822_113614_463_milestone4,milestone4,1787423825.592865467,SEARCH,1,2,1,1,1,1,6,4,0,0,0.000000,0.000000,0.199752,0.100029
tracking_cdrone3_20260822_113614_463_milestone4,milestone4,1787423825.693163157,SEARCH,1,1,1,1,0,0,6,4,0,0,0.000000,0.000000,0.199752,0.100029
tracking_cdrone3_20260822_113614_463_milestone4,milestone4,1787423825.793352127,SEARCH,1,1,1,1,0,0,6,4,0,0,0.000000,0.000000,0.199752,0.100029
tracking_cdrone3_20260822_113614_463_milestone4,milestone4,1787423825.893445492,SEARCH,1,1,1,1,1,1,6,4,0,0,0.000000,0.000000,0.199752,0.100029
tracking_cdrone3_20260822_113614_463_milestone4,milestone4,1787423825.993376732,SEARCH,1,1,1,1,0,0,6,4,0,0,0.000000,0.000000,0.199752,0.100029
tracking_cdrone3_20260822_113614_463_milestone4,milestone4,1787423826.093323708,SEARCH,1,1,1,1,0,0,6,4,0,0,0.000000,0.000000,0.199752,0.100029
tracking_cdrone3_20260822_113614_463_milestone4,milestone4,1787423826.192949295,SEARCH,1,1,1,1,0,0,6,4,0,0,0.000000,0.000000,0.199752,0.100029
tracking_cdrone3_20260822_113614_463_milestone4,milestone4,1787423826.293020248,SEARCH,1,1,1,1,0,0,6,4,0,0,0.000000,0.000000,0.199752,0.100029
tracking_cdrone3_20260822_113614_463_milestone4,milestone4,1787423826.393432140,SEARCH,1,1,1,1,0,0,6,4,0,0,0.000000,0.000000,0.199752,0.100029
tracking_cdrone3_20260822_113614_463_milestone4,milestone4,1787423826.493359566,SEARCH,1,1,1,1,0,0,6,4,0,0,0.000000,0.000000,0.199752,0.100029
tracking_cdrone3_20260822_113614_463_milestone4,milestone4,1787423826.593265295,SEARCH,1,1,1,1,0,0,6,4,0,0,0.000000,0.000000,0.199752,0.100029
tracking_cdrone3_20260822_113614_463_milestone4,milestone4,1787423826.693308592,SEARCH,1,1,1,1,0,0,6,4,0,0,0.000000,0.000000,0.199752,0.100029
tracking_cdrone3_20260822_113614_463_milestone4,milestone4,1787423826.793505907,SEARCH,1,1,1,1,0,0,6,4,0,0,0.000000,0.000000,0.199752,0.100029
tracking_cdrone3_20260822_113614_463_milestone4,milestone4,1787423826.892923594,SEARCH,1,1,1,1,0,0,6,4,0,0,0.000000,0.000000,0.199752,0.100029
tracking_cdrone3_20260822_113614_463_milestone4,milestone4,1787423826.992982626,SEARCH,1,1,1,1,0,0,6,4,0,0,0.000000,0.000000,0.199752,0.100029
tracking_cdrone3_20260822_113614_463_milestone4,milestone4,1787423827.093263865,SEARCH,1,1,1,1,0,0,6,4,0,0,0.000000,0.000000,0.199752,0.100029
tracking_cdrone3_20260822_113614_463_milestone4,milestone4,1787423827.193100691,SEARCH,1,1,1,1,0,0,6,4,0,0,0.000000,0.000000,0.199752,0.100029
tracking_cdrone3_20260822_113614_463_milestone4,milestone4,1787423827.293230057,SEARCH,1,1,1,1,0,0,6,4,0,0,0.000000,0.000000,0.199752,0.100029
tracking_cdrone3_20260822_113614_463_milestone4,milestone4,1787423827.393738985,SEARCH,1,1,1,1,0,0,6,4,0,0,0.000000,0.000000,0.199752,0.100029
tracking_cdrone3_20260822_113614_463_milestone4,milestone4,1787423827.492919922,SEARCH,1,1,1,1,0,0,6,4,0,0,0.000000,0.000000,0.199752,0.100029
tracking_cdrone3_20260822_113614_463_milestone4,milestone4,1787423827.593149662,SEARCH,1,1,1,1,0,0,6,4,0,0,0.000000,0.000000,0.199752,0.100029
tracking_cdrone3_20260822_113614_463_milestone4,milestone4,1787423827.693236113,SEARCH,1,1,1,1,0,0,6,4,0,0,0.000000,0.000000,0.199752,0.100029
tracking_cdrone3_20260822_113614_463_milestone4,milestone4,1787423827.793004036,SEARCH,1,1,1,1,0,0,6,4,0,0,0.000000,0.000000,0.199752,0.100029
tracking_cdrone3_20260822_113614_463_milestone4,milestone4,1787423827.892951488,SEARCH,2,1,1,1,0,0,6,4,0,0,0.000000,0.000000,0.199752,0.100029
tracking_cdrone3_20260822_113614_463_milestone4,milestone4,1787423827.992889643,SEARCH,2,2,1,1,0,0,6,4,0,0,0.000000,0.000000,0.199752,0.100029
tracking_cdrone3_20260822_113614_463_milestone4,milestone4,1787423828.093103647,SEARCH,2,2,1,1,0,0,6,4,0,0,0.000000,0.000000,0.199752,0.100029
tracking_cdrone3_20260822_113614_463_milestone4,milestone4,1787423828.193158388,SEARCH,2,2,1,1,0,0,6,4,0,0,0.000000,0.000000,0.199752,0.100029
tracking_cdrone3_20260822_113614_463_milestone4,milestone4,1787423828.293201685,SEARCH,2,2,1,1,0,0,6,5,0,0,0.000000,0.000000,0.199752,0.100029
tracking_cdrone3_20260822_113614_463_milestone4,milestone4,1787423828.393036127,SEARCH,1,2,1,1,0,0,7,5,0,0,0.000000,0.000000,0.199752,0.100029
tracking_cdrone3_20260822_113614_463_milestone4,milestone4,1787423828.492923498,SEARCH,1,2,1,1,1,1,7,5,0,0,0.000000,0.000000,0.199752,0.100029
tracking_cdrone3_20260822_113614_463_milestone4,milestone4,1787423828.593224287,SEARCH,1,2,1,1,1,1,7,5,0,0,0.000000,0.000000,0.199752,0.100029
tracking_cdrone3_20260822_113614_463_milestone4,milestone4,1787423828.693253040,SEARCH,1,2,1,1,1,1,7,5,0,0,0.000000,0.000000,0.199752,0.100029
tracking_cdrone3_20260822_113614_463_milestone4,milestone4,1787423828.793331146,SEARCH,1,2,1,1,1,1,7,4,0,0,0.000000,0.000000,0.199752,0.100029
tracking_cdrone3_20260822_113614_463_milestone4,milestone4,1787423828.893579483,SEARCH,1,2,1,1,1,1,7,4,0,0,0.000000,0.000000,0.199752,0.100029
tracking_cdrone3_20260822_113614_463_milestone4,milestone4,1787423828.992898464,SEARCH,1,2,1,1,1,1,7,5,0,0,0.000000,0.000000,0.199752,0.100029
tracking_cdrone3_20260822_113614_463_milestone4,milestone4,1787423829.093292475,SEARCH,1,2,1,1,1,1,7,5,0,0,0.000000,0.000000,0.199752,0.100029
tracking_cdrone3_20260822_113614_463_milestone4,milestone4,1787423829.192893505,SEARCH,1,2,1,1,1,1,7,5,0,0,0.000000,0.000000,0.199752,0.100029
tracking_cdrone3_20260822_113614_463_milestone4,milestone4,1787423829.292977571,SEARCH,1,2,1,1,1,1,7,5,0,0,0.000000,0.000000,0.199752,0.100029
tracking_cdrone3_20260822_113614_463_milestone4,milestone4,1787423829.393029213,SEARCH,1,2,1,1,1,1,7,5,0,0,0.000000,0.000000,0.199752,0.100029
tracking_cdrone3_20260822_113614_463_milestone4,milestone4,1787423829.493324995,SEARCH,1,2,1,1,1,1,7,4,0,0,0.000000,0.000000,0.199752,0.100029
tracking_cdrone3_20260822_113614_463_milestone4,milestone4,1787423829.593093872,SEARCH,1,2,1,1,1,1,7,5,0,0,0.000000,0.000000,0.199752,0.100029
tracking_cdrone3_20260822_113614_463_milestone4,milestone4,1787423829.692988157,SEARCH,1,2,1,1,1,1,7,5,0,0,0.000000,0.000000,0.199752,0.100029
tracking_cdrone3_20260822_113614_463_milestone4,milestone4,1787423829.792937040,SEARCH,1,2,1,1,1,1,7,5,0,0,0.000000,0.000000,0.199752,0.100029
tracking_cdrone3_20260822_113614_463_milestone4,milestone4,1787423829.893008947,SEARCH,1,2,1,1,1,1,7,5,0,0,0.000000,0.000000,0.199752,0.100029
tracking_cdrone3_20260822_113614_463_milestone4,milestone4,1787423829.992939711,SEARCH,1,2,1,1,1,1,7,5,0,0,0.000000,0.000000,0.199752,0.100029
tracking_cdrone3_20260822_113614_463_milestone4,milestone4,1787423830.092946291,SEARCH,1,2,1,1,1,1,7,5,0,0,0.000000,0.000000,0.199752,0.100029
tracking_cdrone3_20260822_113614_463_milestone4,milestone4,1787423830.192905664,SEARCH,1,2,1,1,1,1,7,5,0,0,0.000000,0.000000,0.199752,0.100029
tracking_cdrone3_20260822_113614_463_milestone4,milestone4,1787423830.293011189,SEARCH,1,2,1,1,1,1,7,5,0,0,0.000000,0.000000,0.199752,0.100029
tracking_cdrone3_20260822_113614_463_milestone4,milestone4,1787423830.392998934,SEARCH,1,2,1,1,1,1,7,5,0,0,0.000000,0.000000,0.199752,0.100029
tracking_cdrone3_20260822_113614_463_milestone4,milestone4,1787423830.493316412,SEARCH,1,2,1,1,1,1,7,5,0,0,0.000000,0.000000,0.199752,0.100029
tracking_cdrone3_20260822_113614_463_milestone4,milestone4,1787423830.593273640,SEARCH,1,2,1,1,1,1,7,5,0,0,0.000000,0.000000,0.199752,0.100029
tracking_cdrone3_20260822_113614_463_milestone4,milestone4,1787423830.693337202,SEARCH,1,2,1,1,1,1,7,5,0,0,0.000000,0.000000,0.199752,0.100029
tracking_cdrone3_20260822_113614_463_milestone4,milestone4,1787423830.793160915,SEARCH,1,2,1,1,1,1,7,5,0,0,0.000000,0.000000,0.199752,0.100029
tracking_cdrone3_20260822_113614_463_milestone4,milestone4,1787423830.893305302,SEARCH,1,2,1,1,1,1,7,5,0,0,0.000000,0.000000,0.199752,0.100029
tracking_cdrone3_20260822_113614_463_milestone4,milestone4,1787423830.993121624,SEARCH,1,2,1,1,1,1,7,5,0,0,0.000000,0.000000,0.199752,0.100029
tracking_cdrone3_20260822_113614_463_milestone4,milestone4,1787423831.093027115,SEARCH,1,2,1,1,1,1,7,5,0,0,0.000000,0.000000,0.199752,0.100029
tracking_cdrone3_20260822_113614_463_milestone4,milestone4,1787423831.195321083,SEARCH,1,2,1,1,1,1,7,5,0,0,0.000000,0.000000,0.199752,0.100029
tracking_cdrone3_20260822_113614_463_milestone4,milestone4,1787423831.292944193,SEARCH,1,2,1,1,1,1,7,5,0,0,0.000000,0.000000,0.199752,0.100029
tracking_cdrone3_20260822_113614_463_milestone4,milestone4,1787423831.393279552,SEARCH,1,2,1,1,1,1,7,5,0,0,0.000000,0.000000,0.199752,0.100029
tracking_cdrone3_20260822_113614_463_milestone4,milestone4,1787423831.494053125,SEARCH,1,2,1,1,1,1,7,5,0,0,0.000000,0.000000,0.199752,0.100029
tracking_cdrone3_20260822_113614_463_milestone4,milestone4,1787423831.593149662,SEARCH,1,2,1,1,1,1,7,5,0,0,0.000000,0.000000,0.199752,0.100029
tracking_cdrone3_20260822_113614_463_milestone4,milestone4,1787423831.693358183,SEARCH,1,2,1,1,1,1,7,5,0,0,0.000000,0.000000,0.199752,0.100029
tracking_cdrone3_20260822_113614_463_milestone4,milestone4,1787423831.793267250,SEARCH,1,2,1,1,1,1,7,5,0,0,0.000000,0.000000,0.199752,0.100029
tracking_cdrone3_20260822_113614_463_milestone4,milestone4,1787423831.892930031,SEARCH,1,2,1,1,1,1,7,5,0,0,0.000000,0.000000,0.199752,0.100029
tracking_cdrone3_20260822_113614_463_milestone4,milestone4,1787423831.993074179,SEARCH,1,2,1,1,1,1,7,5,0,0,0.000000,0.000000,0.199752,0.100029
tracking_cdrone3_20260822_113614_463_milestone4,milestone4,1787423832.092890978,SEARCH,1,2,1,1,1,1,7,5,0,0,0.000000,0.000000,0.199752,0.100029
tracking_cdrone3_20260822_113614_463_milestone4,milestone4,1787423832.193044424,SEARCH,1,2,1,1,1,1,7,5,0,0,0.000000,0.000000,0.199752,0.100029
tracking_cdrone3_20260822_113614_463_milestone4,milestone4,1787423832.293767452,SEARCH,1,2,1,1,1,1,7,5,0,0,0.000000,0.000000,0.199752,0.100029
tracking_cdrone3_20260822_113614_463_milestone4,milestone4,1787423832.393136740,SEARCH,1,2,1,1,1,1,7,5,0,0,0.000000,0.000000,0.199752,0.100029
tracking_cdrone3_20260822_113614_463_milestone4,milestone4,1787423832.493595362,SEARCH,1,2,1,1,1,1,7,5,0,0,0.000000,0.000000,0.199752,0.100029
tracking_cdrone3_20260822_113614_463_milestone4,milestone4,1787423832.593214273,SEARCH,1,2,1,1,1,1,7,5,0,0,0.000000,0.000000,0.199752,0.100029
tracking_cdrone3_20260822_113614_463_milestone4,milestone4,1787423832.693308592,SEARCH,1,2,1,1,1,1,7,5,0,0,0.000000,0.000000,0.199752,0.100029
tracking_cdrone3_20260822_113614_463_milestone4,milestone4,1787423832.793332338,SEARCH,1,2,1,1,1,1,7,5,0,0,0.000000,0.000000,0.199752,0.100029
tracking_cdrone3_20260822_113614_463_milestone4,milestone4,1787423832.892913818,SEARCH,1,2,1,1,1,1,7,5,0,0,0.000000,0.000000,0.199752,0.100029
tracking_cdrone3_20260822_113614_463_milestone4,milestone4,1787423832.993190289,SEARCH,1,1,1,1,0,0,7,5,0,0,0.000000,0.000000,0.199752,0.100029
tracking_cdrone3_20260822_113614_463_milestone4,milestone4,1787423833.093004704,SEARCH,1,1,1,1,0,0,7,5,0,0,0.000000,0.000000,0.199752,0.100029
tracking_cdrone3_20260822_113614_463_milestone4,milestone4,1787423833.193184853,SEARCH,1,1,1,1,0,0,7,5,0,0,0.000000,0.000000,0.199752,0.100029
tracking_cdrone3_20260822_113614_463_milestone4,milestone4,1787423833.293233633,SEARCH,1,1,1,1,0,0,7,5,0,0,0.000000,0.000000,0.199752,0.100029
tracking_cdrone3_20260822_113614_463_milestone4,milestone4,1787423833.393074751,SEARCH,1,1,1,1,0,0,7,5,0,0,0.000000,0.000000,0.199752,0.100029
tracking_cdrone3_20260822_113614_463_milestone4,milestone4,1787423833.493071795,SEARCH,1,1,1,1,0,0,7,5,0,0,0.000000,0.000000,0.199752,0.100029
tracking_cdrone3_20260822_113614_463_milestone4,milestone4,1787423833.593228817,SEARCH,1,1,1,1,0,0,7,5,0,0,0.000000,0.000000,0.199752,0.100029
tracking_cdrone3_20260822_113614_463_milestone4,milestone4,1787423833.693379641,SEARCH,1,1,1,1,0,0,7,5,0,0,0.000000,0.000000,0.199752,0.100029
tracking_cdrone3_20260822_113614_463_milestone4,milestone4,1787423833.793138027,SEARCH,1,1,1,1,0,0,7,5,0,0,0.000000,0.000000,0.199752,0.100029
tracking_cdrone3_20260822_113614_463_milestone4,milestone4,1787423833.893030882,SEARCH,1,1,1,1,0,0,7,5,0,0,0.000000,0.000000,0.199752,0.100029
tracking_cdrone3_20260822_113614_463_milestone4,milestone4,1787423833.992917776,SEARCH,1,1,1,1,0,0,7,5,0,0,0.000000,0.000000,0.199752,0.100029
tracking_cdrone3_20260822_113614_463_milestone4,milestone4,1787423834.093062401,SEARCH,1,1,1,1,0,0,7,5,0,0,0.000000,0.000000,0.199752,0.100029
tracking_cdrone3_20260822_113614_463_milestone4,milestone4,1787423834.193917274,SEARCH,1,1,1,1,0,0,7,5,0,0,0.000000,0.000000,0.199752,0.100029
tracking_cdrone3_20260822_113614_463_milestone4,milestone4,1787423834.294798374,FOLLOW,1,1,1,1,0,0,7,5,0,0,0.000000,0.000000,0.199752,0.100029
tracking_cdrone3_20260822_113614_463_milestone4,milestone4,1787423834.393215656,SEARCH,1,1,1,1,0,0,7,5,0,0,0.000000,0.000000,0.199752,0.100029
tracking_cdrone3_20260822_113614_463_milestone4,milestone4,1787423834.493161440,SEARCH,1,1,1,1,0,0,7,5,0,0,0.000000,0.000000,0.199752,0.100029
tracking_cdrone3_20260822_113614_463_milestone4,milestone4,1787423834.593003511,SEARCH,1,1,1,1,0,0,7,5,0,0,0.000000,0.000000,0.199752,0.100029
tracking_cdrone3_20260822_113614_463_milestone4,milestone4,1787423834.693211555,SEARCH,1,1,1,1,0,0,7,5,0,0,0.000000,0.000000,0.199752,0.100029
tracking_cdrone3_20260822_113614_463_milestone4,milestone4,1787423834.793241262,SEARCH,1,1,1,1,0,0,7,5,0,0,0.000000,0.000000,0.199752,0.100029
tracking_cdrone3_20260822_113614_463_milestone4,milestone4,1787423834.893385410,SEARCH,1,1,1,1,0,0,7,5,0,0,0.000000,0.000000,0.199752,0.100029
tracking_cdrone3_20260822_113614_463_milestone4,milestone4,1787423834.992995024,SEARCH,1,1,1,1,0,0,7,5,0,0,0.000000,0.000000,0.199752,0.100029
tracking_cdrone3_20260822_113614_463_milestone4,milestone4,1787423835.093239546,SEARCH,1,1,1,1,0,0,7,5,0,0,0.000000,0.000000,0.199752,0.100029
tracking_cdrone3_20260822_113614_463_milestone4,milestone4,1787423835.193264961,SEARCH,1,1,1,1,1,1,7,5,0,0,0.000000,0.000000,0.199752,0.100029
tracking_cdrone3_20260822_113614_463_milestone4,milestone4,1787423835.293354034,SEARCH,1,1,1,1,0,0,7,5,0,0,0.000000,0.000000,0.199752,0.100029
tracking_cdrone3_20260822_113614_463_milestone4,milestone4,1787423835.393326759,SEARCH,1,1,1,1,0,0,7,5,0,0,0.000000,0.000000,0.199752,0.100029
tracking_cdrone3_20260822_113614_463_milestone4,milestone4,1787423835.492886782,SEARCH,1,1,1,1,0,0,7,5,0,0,0.000000,0.000000,0.199752,0.100029
tracking_cdrone3_20260822_113614_463_milestone4,milestone4,1787423835.593074799,SEARCH,1,1,1,1,0,0,7,5,0,0,0.000000,0.000000,0.199752,0.100029
tracking_cdrone3_20260822_113614_463_milestone4,milestone4,1787423835.693280935,SEARCH,1,1,1,1,0,0,7,5,0,0,0.000000,0.000000,0.199752,0.100029
tracking_cdrone3_20260822_113614_463_milestone4,milestone4,1787423835.793273687,SEARCH,1,1,1,1,0,0,7,5,0,0,0.000000,0.000000,0.199752,0.100029
tracking_cdrone3_20260822_113614_463_milestone4,milestone4,1787423835.892973661,SEARCH,1,1,1,1,0,0,7,5,0,0,0.000000,0.000000,0.199752,0.100029
tracking_cdrone3_20260822_113614_463_milestone4,milestone4,1787423835.992913723,SEARCH,1,1,1,1,0,0,7,5,0,0,0.000000,0.000000,0.199752,0.100029
tracking_cdrone3_20260822_113614_463_milestone4,milestone4,1787423836.093652010,SEARCH,1,1,1,1,0,0,7,5,0,0,0.000000,0.000000,0.199752,0.100029
tracking_cdrone3_20260822_113614_463_milestone4,milestone4,1787423836.193173409,SEARCH,1,1,1,1,0,0,7,5,0,0,0.000000,0.000000,0.199752,0.100029
tracking_cdrone3_20260822_113614_463_milestone4,milestone4,1787423836.293286085,SEARCH,1,1,1,1,0,0,7,5,0,0,0.000000,0.000000,0.199752,0.100029
tracking_cdrone3_20260822_113614_463_milestone4,milestone4,1787423836.393129587,SEARCH,1,1,1,1,0,0,7,5,0,0,0.000000,0.000000,0.199752,0.100029
tracking_cdrone3_20260822_113614_463_milestone4,milestone4,1787423836.493200064,SEARCH,1,1,1,1,1,1,7,5,0,0,0.000000,0.000000,0.199752,0.100029
tracking_cdrone3_20260822_113614_463_milestone4,milestone4,1787423836.592976809,SEARCH,1,1,1,1,0,0,7,5,0,0,0.000000,0.000000,0.199752,0.100029
tracking_cdrone3_20260822_113614_463_milestone4,milestone4,1787423836.693174839,SEARCH,1,1,1,1,0,0,7,5,0,0,0.000000,0.000000,0.199752,0.100029
tracking_cdrone3_20260822_113614_463_milestone4,milestone4,1787423836.793008327,SEARCH,1,1,1,1,0,0,7,5,0,0,0.000000,0.000000,0.199752,0.100029
tracking_cdrone3_20260822_113614_463_milestone4,milestone4,1787423836.893217802,SEARCH,1,1,1,1,0,0,7,5,0,0,0.000000,0.000000,0.199752,0.100029
tracking_cdrone3_20260822_113614_463_milestone4,milestone4,1787423836.993238211,SEARCH,1,1,1,1,0,0,7,5,0,0,0.000000,0.000000,0.199752,0.100029
tracking_cdrone3_20260822_113614_463_milestone4,milestone4,1787423837.093277931,SEARCH,1,1,1,1,0,0,7,5,0,0,0.000000,0.000000,0.199752,0.100029
tracking_cdrone3_20260822_113614_463_milestone4,milestone4,1787423837.192893744,SEARCH,1,1,1,1,0,0,7,5,0,0,0.000000,0.000000,0.199752,0.100029
tracking_cdrone3_20260822_113614_463_milestone4,milestone4,1787423837.293221951,SEARCH,1,1,1,1,0,0,7,5,0,0,0.000000,0.000000,0.199752,0.100029
tracking_cdrone3_20260822_113614_463_milestone4,milestone4,1787423837.393436670,SEARCH,1,1,1,1,0,0,7,5,0,0,0.000000,0.000000,0.199752,0.100029
tracking_cdrone3_20260822_113614_463_milestone4,milestone4,1787423837.493150949,SEARCH,1,1,1,1,0,0,7,5,0,0,0.000000,0.000000,0.199752,0.100029
tracking_cdrone3_20260822_113614_463_milestone4,milestone4,1787423837.593001366,SEARCH,1,1,1,1,0,0,7,5,0,0,0.000000,0.000000,0.199752,0.100029
tracking_cdrone3_20260822_113614_463_milestone4,milestone4,1787423837.693273306,SEARCH,1,1,1,1,0,0,7,5,0,0,0.000000,0.000000,0.199752,0.100029
tracking_cdrone3_20260822_113614_463_milestone4,milestone4,1787423837.793020487,SEARCH,1,1,1,1,0,0,7,5,0,0,0.000000,0.000000,0.199752,0.100029
tracking_cdrone3_20260822_113614_463_milestone4,milestone4,1787423837.893251181,SEARCH,1,1,1,1,0,0,7,5,0,0,0.000000,0.000000,0.199752,0.100029
tracking_cdrone3_20260822_113614_463_milestone4,milestone4,1787423837.993294954,SEARCH,1,1,1,1,0,0,7,5,0,0,0.000000,0.000000,0.199752,0.100029
tracking_cdrone3_20260822_113614_463_milestone4,milestone4,1787423838.093245745,SEARCH,1,1,1,1,0,0,7,5,0,0,0.000000,0.000000,0.199752,0.100029
tracking_cdrone3_20260822_113614_463_milestone4,milestone4,1787423838.193249226,SEARCH,1,1,1,1,0,0,7,5,0,0,0.000000,0.000000,0.199752,0.100029
tracking_cdrone3_20260822_113614_463_milestone4,milestone4,1787423838.293319702,SEARCH,1,1,1,1,0,0,7,5,0,0,0.000000,0.000000,0.199752,0.100029
tracking_cdrone3_20260822_113614_463_milestone4,milestone4,1787423838.392934084,SEARCH,1,1,1,1,0,0,7,5,0,0,0.000000,0.000000,0.199752,0.100029
tracking_cdrone3_20260822_113614_463_milestone4,milestone4,1787423838.492894888,SEARCH,1,1,1,1,0,0,7,5,0,0,0.000000,0.000000,0.199752,0.100029
tracking_cdrone3_20260822_113614_463_milestone4,milestone4,1787423838.593186140,SEARCH,1,1,1,1,0,0,7,5,0,0,0.000000,0.000000,0.199752,0.100029
tracking_cdrone3_20260822_113614_463_milestone4,milestone4,1787423838.693051815,SEARCH,1,1,1,1,1,1,7,5,0,0,0.000000,0.000000,0.199752,0.100029
tracking_cdrone3_20260822_113614_463_milestone4,milestone4,1787423838.793527603,SEARCH,1,1,1,1,0,0,7,5,0,0,0.000000,0.000000,0.199752,0.100029
tracking_cdrone3_20260822_113614_463_milestone4,milestone4,1787423838.893067598,SEARCH,1,1,1,1,0,0,7,5,0,0,0.000000,0.000000,0.199752,0.100029
tracking_cdrone3_20260822_113614_463_milestone4,milestone4,1787423838.992933035,SEARCH,1,1,1,1,0,0,7,5,0,0,0.000000,0.000000,0.199752,0.100029
tracking_cdrone3_20260822_113614_463_milestone4,milestone4,1787423839.093158245,SEARCH,0,1,0,1,0,0,,5,1,0,0.000000,0.000000,0.199752,0.100029
tracking_cdrone3_20260822_113614_463_milestone4,milestone4,1787423839.193214893,SEARCH,0,1,0,1,1,1,,5,1,1,0.100057,0.000000,0.199752,0.100029
tracking_cdrone3_20260822_113614_463_milestone4,milestone4,1787423839.293297291,SEARCH,0,1,0,1,1,1,,5,1,1,0.200139,0.100082,0.200139,0.100082
tracking_cdrone3_20260822_113614_463_milestone4,milestone4,1787423839.392946482,SEARCH,0,1,0,1,1,1,,5,1,1,0.299788,0.199732,0.299788,0.199732
tracking_cdrone3_20260822_113614_463_milestone4,milestone4,1787423839.493216991,SEARCH,0,1,0,1,1,1,,5,1,1,0.400059,0.300002,0.400059,0.300002
tracking_cdrone3_20260822_113614_463_milestone4,milestone4,1787423839.592926264,SEARCH,0,1,0,1,1,1,,5,1,1,0.499768,0.399711,0.499768,0.399711
tracking_cdrone3_20260822_113614_463_milestone4,milestone4,1787423839.692989588,SEARCH,0,1,0,1,1,1,,5,1,1,0.599831,0.499775,0.599831,0.499775
tracking_cdrone3_20260822_113614_463_milestone4,milestone4,1787423839.793298721,SEARCH,0,1,0,1,1,1,,5,1,1,0.700140,0.600084,0.700140,0.600084
tracking_cdrone3_20260822_113614_463_milestone4,milestone4,1787423839.892956257,SEARCH,0,1,0,1,1,1,,5,1,1,0.799798,0.699741,0.799798,0.699741
tracking_cdrone3_20260822_113614_463_milestone4,milestone4,1787423839.993205547,SEARCH,0,1,0,1,1,1,,5,1,1,0.900047,0.799991,0.900047,0.799991
tracking_cdrone3_20260822_113614_463_milestone4,milestone4,1787423840.093184710,SEARCH,0,1,0,1,1,1,,5,1,1,1.000026,0.899970,1.000026,0.899970
tracking_cdrone3_20260822_113614_463_milestone4,milestone4,1787423840.193307877,SEARCH,0,1,0,1,1,1,,5,1,1,1.100150,1.000093,1.100150,1.000093
tracking_cdrone3_20260822_113614_463_milestone4,milestone4,1787423840.293451071,SEARCH,0,1,0,1,1,1,,5,1,1,1.200293,1.100236,1.200293,1.100236
tracking_cdrone3_20260822_113614_463_milestone4,milestone4,1787423840.392938614,SEARCH,0,1,0,1,1,1,,5,1,1,1.299780,1.199724,1.299780,1.199724
tracking_cdrone3_20260822_113614_463_milestone4,milestone4,1787423840.493182182,SEARCH,0,1,0,1,1,1,,5,1,1,1.400024,1.299967,1.400024,1.299967
tracking_cdrone3_20260822_113614_463_milestone4,milestone4,1787423840.593054295,SEARCH,0,1,0,1,1,1,,5,1,1,1.499896,1.399839,1.499896,1.399839
tracking_cdrone3_20260822_113614_463_milestone4,milestone4,1787423840.693425894,SEARCH,0,1,0,1,1,1,,5,1,1,1.600268,1.500211,1.600268,1.500211
tracking_cdrone3_20260822_113614_463_milestone4,milestone4,1787423840.792955160,SEARCH,0,1,0,1,1,1,,5,1,1,1.699797,1.599740,1.699797,1.599740
tracking_cdrone3_20260822_113614_463_milestone4,milestone4,1787423840.893125772,SEARCH,0,1,0,1,1,1,,5,1,1,1.799968,1.699911,1.799968,1.699911
tracking_cdrone3_20260822_113614_463_milestone4,milestone4,1787423840.993098974,SEARCH,0,1,0,1,1,1,,5,1,1,1.899941,1.799884,1.899941,1.799884
tracking_cdrone3_20260822_113614_463_milestone4,milestone4,1787423841.093485355,SEARCH,0,1,0,1,1,1,,5,1,1,2.000327,1.900270,2.000327,1.900270
tracking_cdrone3_20260822_113614_463_milestone4,milestone4,1787423841.193312883,SEARCH,0,1,0,1,1,1,,5,1,1,2.100155,2.000098,2.100155,2.000098
tracking_cdrone3_20260822_113614_463_milestone4,milestone4,1787423841.293231249,SEARCH,0,1,0,1,1,1,,5,1,1,2.200073,2.100016,2.200073,2.100016
tracking_cdrone3_20260822_113614_463_milestone4,milestone4,1787423841.393015385,SEARCH,0,1,0,1,1,1,,5,1,1,2.299857,2.199800,2.299857,2.199800
tracking_cdrone3_20260822_113614_463_milestone4,milestone4,1787423841.493061543,SEARCH,1,1,1,1,1,1,7,5,0,0,0.000000,0.000000,2.299857,2.199800
tracking_cdrone3_20260822_113614_463_milestone4,milestone4,1787423841.592932701,SEARCH,1,1,1,1,0,0,7,5,0,0,0.000000,0.000000,2.299857,2.199800
tracking_cdrone3_20260822_113614_463_milestone4,milestone4,1787423841.693304300,SEARCH,1,1,1,1,0,0,7,5,0,0,0.000000,0.000000,2.299857,2.199800
tracking_cdrone3_20260822_113614_463_milestone4,milestone4,1787423841.792975664,SEARCH,1,1,1,1,1,1,7,5,0,0,0.000000,0.000000,2.299857,2.199800
tracking_cdrone3_20260822_113614_463_milestone4,milestone4,1787423841.893249750,SEARCH,1,1,1,1,0,0,7,5,0,0,0.000000,0.000000,2.299857,2.199800
tracking_cdrone3_20260822_113614_463_milestone4,milestone4,1787423841.993260860,SEARCH,1,1,1,1,0,0,7,5,0,0,0.000000,0.000000,2.299857,2.199800
tracking_cdrone3_20260822_113614_463_milestone4,milestone4,1787423842.093243837,SEARCH,1,1,1,1,0,0,7,5,0,0,0.000000,0.000000,2.299857,2.199800
tracking_cdrone3_20260822_113614_463_milestone4,milestone4,1787423842.192994595,SEARCH,1,1,1,1,0,0,7,5,0,0,0.000000,0.000000,2.299857,2.199800
tracking_cdrone3_20260822_113614_463_milestone4,milestone4,1787423842.293216228,SEARCH,1,1,1,1,0,0,7,5,0,0,0.000000,0.000000,2.299857,2.199800
tracking_cdrone3_20260822_113614_463_milestone4,milestone4,1787423842.393380165,SEARCH,1,1,1,1,0,0,7,5,0,0,0.000000,0.000000,2.299857,2.199800
tracking_cdrone3_20260822_113614_463_milestone4,milestone4,1787423842.493287325,SEARCH,1,1,1,1,0,0,7,5,0,0,0.000000,0.000000,2.299857,2.199800
tracking_cdrone3_20260822_113614_463_milestone4,milestone4,1787423842.593291283,SEARCH,1,1,1,1,0,0,7,5,0,0,0.000000,0.000000,2.299857,2.199800
tracking_cdrone3_20260822_113614_463_milestone4,milestone4,1787423842.693529844,SEARCH,1,1,1,1,0,0,7,5,0,0,0.000000,0.000000,2.299857,2.199800
tracking_cdrone3_20260822_113614_463_milestone4,milestone4,1787423842.793126822,SEARCH,1,1,1,1,0,0,7,5,0,0,0.000000,0.000000,2.299857,2.199800
tracking_cdrone3_20260822_113614_463_milestone4,milestone4,1787423842.892894268,SEARCH,1,1,1,1,0,0,7,5,0,0,0.000000,0.000000,2.299857,2.199800
tracking_cdrone3_20260822_113614_463_milestone4,milestone4,1787423842.993702173,SEARCH,1,1,1,1,0,0,7,5,0,0,0.000000,0.000000,2.299857,2.199800
tracking_cdrone3_20260822_113614_463_milestone4,milestone4,1787423843.093807220,SEARCH,1,1,1,1,0,0,7,5,0,0,0.000000,0.000000,2.299857,2.199800
tracking_cdrone3_20260822_113614_463_milestone4,milestone4,1787423843.192980289,SEARCH,1,1,1,1,0,0,7,5,0,0,0.000000,0.000000,2.299857,2.199800
tracking_cdrone3_20260822_113614_463_milestone4,milestone4,1787423843.293294430,SEARCH,1,1,1,1,0,0,7,5,0,0,0.000000,0.000000,2.299857,2.199800
tracking_cdrone3_20260822_113614_463_milestone4,milestone4,1787423843.393081188,SEARCH,1,1,1,1,0,0,7,5,0,0,0.000000,0.000000,2.299857,2.199800
tracking_cdrone3_20260822_113614_463_milestone4,milestone4,1787423843.495659351,SEARCH,1,1,1,1,0,0,7,5,0,0,0.000000,0.000000,2.299857,2.199800
tracking_cdrone3_20260822_113614_463_milestone4,milestone4,1787423843.593132257,SEARCH,1,1,1,1,0,0,7,5,0,0,0.000000,0.000000,2.299857,2.199800
tracking_cdrone3_20260822_113614_463_milestone4,milestone4,1787423843.695667028,SEARCH,1,1,1,1,0,0,7,5,0,0,0.000000,0.000000,2.299857,2.199800
tracking_cdrone3_20260822_113614_463_milestone4,milestone4,1787423843.793224335,SEARCH,1,1,1,1,0,0,7,5,0,0,0.000000,0.000000,2.299857,2.199800
tracking_cdrone3_20260822_113614_463_milestone4,milestone4,1787423843.893022060,SEARCH,1,1,1,1,0,0,7,5,0,0,0.000000,0.000000,2.299857,2.199800
tracking_cdrone3_20260822_113614_463_milestone4,milestone4,1787423843.993053675,SEARCH,1,1,1,1,0,0,7,5,0,0,0.000000,0.000000,2.299857,2.199800
tracking_cdrone3_20260822_113614_463_milestone4,milestone4,1787423844.093023300,SEARCH,1,1,1,1,0,0,7,5,0,0,0.000000,0.000000,2.299857,2.199800
tracking_cdrone3_20260822_113614_463_milestone4,milestone4,1787423844.193674803,SEARCH,1,1,1,1,0,0,7,5,0,0,0.000000,0.000000,2.299857,2.199800
tracking_cdrone3_20260822_113614_463_milestone4,milestone4,1787423844.293056011,SEARCH,1,1,1,1,0,0,7,5,0,0,0.000000,0.000000,2.299857,2.199800
tracking_cdrone3_20260822_113614_463_milestone4,milestone4,1787423844.393234491,SEARCH,1,1,1,1,0,0,7,5,0,0,0.000000,0.000000,2.299857,2.199800
tracking_cdrone3_20260822_113614_463_milestone4,milestone4,1787423844.493218660,SEARCH,1,1,1,1,0,0,7,5,0,0,0.000000,0.000000,2.299857,2.199800
tracking_cdrone3_20260822_113614_463_milestone4,milestone4,1787423844.593252182,SEARCH,1,1,1,1,0,0,7,5,0,0,0.000000,0.000000,2.299857,2.199800
tracking_cdrone3_20260822_113614_463_milestone4,milestone4,1787423844.692893505,SEARCH,1,1,1,1,0,0,7,5,0,0,0.000000,0.000000,2.299857,2.199800
tracking_cdrone3_20260822_113614_463_milestone4,milestone4,1787423844.793216228,SEARCH,1,1,1,1,0,0,7,5,0,0,0.000000,0.000000,2.299857,2.199800
tracking_cdrone3_20260822_113614_463_milestone4,milestone4,1787423844.893332005,SEARCH,1,1,1,1,0,0,7,5,0,0,0.000000,0.000000,2.299857,2.199800
tracking_cdrone3_20260822_113614_463_milestone4,milestone4,1787423844.993234396,SEARCH,1,1,1,1,0,0,7,5,0,0,0.000000,0.000000,2.299857,2.199800
tracking_cdrone3_20260822_113614_463_milestone4,milestone4,1787423845.093063116,SEARCH,1,1,1,1,0,0,7,5,0,0,0.000000,0.000000,2.299857,2.199800
tracking_cdrone3_20260822_113614_463_milestone4,milestone4,1787423845.193279743,SEARCH,1,1,1,1,0,0,7,5,0,0,0.000000,0.000000,2.299857,2.199800
tracking_cdrone3_20260822_113614_463_milestone4,milestone4,1787423845.293038607,SEARCH,1,1,1,1,0,0,7,5,0,0,0.000000,0.000000,2.299857,2.199800
tracking_cdrone3_20260822_113614_463_milestone4,milestone4,1787423845.393047094,SEARCH,1,1,1,1,0,0,7,5,0,0,0.000000,0.000000,2.299857,2.199800
tracking_cdrone3_20260822_113614_463_milestone4,milestone4,1787423845.493744850,SEARCH,1,1,1,1,1,1,7,5,0,0,0.000000,0.000000,2.299857,2.199800
tracking_cdrone3_20260822_113614_463_milestone4,milestone4,1787423845.593532562,SEARCH,1,1,1,1,0,0,7,5,0,0,0.000000,0.000000,2.299857,2.199800
tracking_cdrone3_20260822_113614_463_milestone4,milestone4,1787423845.692957878,SEARCH,1,1,1,1,0,0,7,5,0,0,0.000000,0.000000,2.299857,2.199800
tracking_cdrone3_20260822_113614_463_milestone4,milestone4,1787423845.792967319,SEARCH,1,1,1,1,0,0,7,5,0,0,0.000000,0.000000,2.299857,2.199800
tracking_cdrone3_20260822_113614_463_milestone4,milestone4,1787423845.893251419,SEARCH,1,1,1,1,1,1,7,5,0,0,0.000000,0.000000,2.299857,2.199800
tracking_cdrone3_20260822_113614_463_milestone4,milestone4,1787423845.993039608,SEARCH,1,1,1,1,0,0,7,5,0,0,0.000000,0.000000,2.299857,2.199800
tracking_cdrone3_20260822_113614_463_milestone4,milestone4,1787423846.093197823,SEARCH,1,1,1,1,0,0,7,5,0,0,0.000000,0.000000,2.299857,2.199800
tracking_cdrone3_20260822_113614_463_milestone4,milestone4,1787423846.193338394,SEARCH,1,1,1,1,1,1,7,5,0,0,0.000000,0.000000,2.299857,2.199800
tracking_cdrone3_20260822_113614_463_milestone4,milestone4,1787423846.293605804,SEARCH,1,1,1,1,0,0,7,5,0,0,0.000000,0.000000,2.299857,2.199800
tracking_cdrone3_20260822_113614_463_milestone4,milestone4,1787423846.392909765,SEARCH,1,1,1,1,0,0,7,5,0,0,0.000000,0.000000,2.299857,2.199800
tracking_cdrone3_20260822_113614_463_milestone4,milestone4,1787423846.493245363,SEARCH,1,1,1,1,0,0,7,5,0,0,0.000000,0.000000,2.299857,2.199800
tracking_cdrone3_20260822_113614_463_milestone4,milestone4,1787423846.593056917,SEARCH,1,1,1,1,0,0,7,5,0,0,0.000000,0.000000,2.299857,2.199800
tracking_cdrone3_20260822_113614_463_milestone4,milestone4,1787423846.693226814,SEARCH,1,1,1,1,0,0,7,5,0,0,0.000000,0.000000,2.299857,2.199800
tracking_cdrone3_20260822_113614_463_milestone4,milestone4,1787423846.792996645,SEARCH,1,1,1,1,0,0,7,5,0,0,0.000000,0.000000,2.299857,2.199800
tracking_cdrone3_20260822_113614_463_milestone4,milestone4,1787423846.893509150,SEARCH,1,1,1,1,0,0,7,5,0,0,0.000000,0.000000,2.299857,2.199800
tracking_cdrone3_20260822_113614_463_milestone4,milestone4,1787423846.992953062,SEARCH,1,1,1,1,0,0,7,5,0,0,0.000000,0.000000,2.299857,2.199800
tracking_cdrone3_20260822_113614_463_milestone4,milestone4,1787423847.093217850,SEARCH,1,1,1,1,0,0,7,5,0,0,0.000000,0.000000,2.299857,2.199800
tracking_cdrone3_20260822_113614_463_milestone4,milestone4,1787423847.193165541,SEARCH,1,1,1,1,0,0,7,5,0,0,0.000000,0.000000,2.299857,2.199800
tracking_cdrone3_20260822_113614_463_milestone4,milestone4,1787423847.293226004,SEARCH,1,1,1,1,0,0,7,5,0,0,0.000000,0.000000,2.299857,2.199800
tracking_cdrone3_20260822_113614_463_milestone4,milestone4,1787423847.395588160,SEARCH,1,1,1,1,0,0,7,5,0,0,0.000000,0.000000,2.299857,2.199800
tracking_cdrone3_20260822_113614_463_milestone4,milestone4,1787423847.493206263,SEARCH,1,1,1,1,0,0,7,5,0,0,0.000000,0.000000,2.299857,2.199800
tracking_cdrone3_20260822_113614_463_milestone4,milestone4,1787423847.593056440,SEARCH,1,1,1,1,0,0,7,5,0,0,0.000000,0.000000,2.299857,2.199800
tracking_cdrone3_20260822_113614_463_milestone4,milestone4,1787423847.693185568,SEARCH,1,1,1,1,0,0,7,5,0,0,0.000000,0.000000,2.299857,2.199800
tracking_cdrone3_20260822_113614_463_milestone4,milestone4,1787423847.793048382,SEARCH,1,1,1,1,0,0,7,5,0,0,0.000000,0.000000,2.299857,2.199800
tracking_cdrone3_20260822_113614_463_milestone4,milestone4,1787423847.893106699,SEARCH,1,1,1,1,0,0,7,5,0,0,0.000000,0.000000,2.299857,2.199800
tracking_cdrone3_20260822_113614_463_milestone4,milestone4,1787423847.992905378,SEARCH,1,1,1,1,0,0,7,5,0,0,0.000000,0.000000,2.299857,2.199800
tracking_cdrone3_20260822_113614_463_milestone4,milestone4,1787423848.093271017,SEARCH,1,1,1,1,0,0,7,5,0,0,0.000000,0.000000,2.299857,2.199800
tracking_cdrone3_20260822_113614_463_milestone4,milestone4,1787423848.193204403,SEARCH,1,1,1,1,0,0,7,5,0,0,0.000000,0.000000,2.299857,2.199800
tracking_cdrone3_20260822_113614_463_milestone4,milestone4,1787423848.293212175,SEARCH,1,1,1,1,0,0,7,5,0,0,0.000000,0.000000,2.299857,2.199800
tracking_cdrone3_20260822_113614_463_milestone4,milestone4,1787423848.392958164,SEARCH,1,1,1,1,0,0,7,5,0,0,0.000000,0.000000,2.299857,2.199800
tracking_cdrone3_20260822_113614_463_milestone4,milestone4,1787423848.493519068,SEARCH,1,1,1,1,1,1,7,5,0,0,0.000000,0.000000,2.299857,2.199800
tracking_cdrone3_20260822_113614_463_milestone4,milestone4,1787423848.593134880,SEARCH,1,1,1,1,0,0,7,5,0,0,0.000000,0.000000,2.299857,2.199800
tracking_cdrone3_20260822_113614_463_milestone4,milestone4,1787423848.692911148,SEARCH,1,1,1,1,0,0,7,5,0,0,0.000000,0.000000,2.299857,2.199800
tracking_cdrone3_20260822_113614_463_milestone4,milestone4,1787423848.793040991,SEARCH,1,1,1,1,0,0,7,5,0,0,0.000000,0.000000,2.299857,2.199800
tracking_cdrone3_20260822_113614_463_milestone4,milestone4,1787423848.894816160,SEARCH,1,1,1,1,0,0,7,5,0,0,0.000000,0.000000,2.299857,2.199800
tracking_cdrone3_20260822_113614_463_milestone4,milestone4,1787423848.993749619,SEARCH,1,1,1,1,0,0,7,5,0,0,0.000000,0.000000,2.299857,2.199800
tracking_cdrone3_20260822_113614_463_milestone4,milestone4,1787423849.093224049,SEARCH,1,1,1,1,0,0,7,5,0,0,0.000000,0.000000,2.299857,2.199800
tracking_cdrone3_20260822_113614_463_milestone4,milestone4,1787423849.193955421,SEARCH,1,1,1,1,0,0,7,5,0,0,0.000000,0.000000,2.299857,2.199800
tracking_cdrone3_20260822_113614_463_milestone4,milestone4,1787423849.293135881,SEARCH,1,1,1,1,0,0,7,5,0,0,0.000000,0.000000,2.299857,2.199800
tracking_cdrone3_20260822_113614_463_milestone4,milestone4,1787423849.394507170,SEARCH,1,1,1,1,0,0,7,5,0,0,0.000000,0.000000,2.299857,2.199800
tracking_cdrone3_20260822_113614_463_milestone4,milestone4,1787423849.493324518,SEARCH,1,1,1,1,0,0,7,5,0,0,0.000000,0.000000,2.299857,2.199800
tracking_cdrone3_20260822_113614_463_milestone4,milestone4,1787423849.593060970,SEARCH,1,1,1,1,0,0,7,5,0,0,0.000000,0.000000,2.299857,2.199800
tracking_cdrone3_20260822_113614_463_milestone4,milestone4,1787423849.692957401,SEARCH,1,1,1,1,0,0,7,5,0,0,0.000000,0.000000,2.299857,2.199800
tracking_cdrone3_20260822_113614_463_milestone4,milestone4,1787423849.793236256,SEARCH,1,1,1,1,0,0,7,5,0,0,0.000000,0.000000,2.299857,2.199800
tracking_cdrone3_20260822_113614_463_milestone4,milestone4,1787423849.893099308,SEARCH,1,1,1,1,0,0,7,5,0,0,0.000000,0.000000,2.299857,2.199800
tracking_cdrone3_20260822_113614_463_milestone4,milestone4,1787423849.992981434,SEARCH,1,1,1,1,0,0,7,5,0,0,0.000000,0.000000,2.299857,2.199800
tracking_cdrone3_20260822_113614_463_milestone4,milestone4,1787423850.093238115,SEARCH,1,1,1,1,0,0,7,5,0,0,0.000000,0.000000,2.299857,2.199800
tracking_cdrone3_20260822_113614_463_milestone4,milestone4,1787423850.193135262,SEARCH,1,1,1,1,0,0,7,5,0,0,0.000000,0.000000,2.299857,2.199800
tracking_cdrone3_20260822_113614_463_milestone4,milestone4,1787423850.293236256,SEARCH,1,1,1,1,0,0,7,5,0,0,0.000000,0.000000,2.299857,2.199800
tracking_cdrone3_20260822_113614_463_milestone4,milestone4,1787423850.393494368,SEARCH,1,1,1,1,0,0,7,5,0,0,0.000000,0.000000,2.299857,2.199800
tracking_cdrone3_20260822_113614_463_milestone4,milestone4,1787423850.494477510,SEARCH,1,1,1,1,0,0,7,5,0,0,0.000000,0.000000,2.299857,2.199800
tracking_cdrone3_20260822_113614_463_milestone4,milestone4,1787423850.593250751,SEARCH,1,1,1,1,0,0,7,5,0,0,0.000000,0.000000,2.299857,2.199800
tracking_cdrone3_20260822_113614_463_milestone4,milestone4,1787423850.693349361,SEARCH,1,1,1,1,0,0,7,5,0,0,0.000000,0.000000,2.299857,2.199800
tracking_cdrone3_20260822_113614_463_milestone4,milestone4,1787423850.793240309,SEARCH,1,1,1,1,0,0,7,5,0,0,0.000000,0.000000,2.299857,2.199800
tracking_cdrone3_20260822_113614_463_milestone4,milestone4,1787423850.892946482,SEARCH,1,1,1,1,0,0,7,5,0,0,0.000000,0.000000,2.299857,2.199800
tracking_cdrone3_20260822_113614_463_milestone4,milestone4,1787423850.993026733,SEARCH,1,1,1,1,0,0,7,5,0,0,0.000000,0.000000,2.299857,2.199800
tracking_cdrone3_20260822_113614_463_milestone4,milestone4,1787423851.092984915,SEARCH,1,1,1,1,0,0,7,5,0,0,0.000000,0.000000,2.299857,2.199800
tracking_cdrone3_20260822_113614_463_milestone4,milestone4,1787423851.192939758,SEARCH,1,1,1,1,0,0,7,5,0,0,0.000000,0.000000,2.299857,2.199800
tracking_cdrone3_20260822_113614_463_milestone4,milestone4,1787423851.292893171,FOLLOW,1,1,1,1,0,0,7,5,0,0,0.000000,0.000000,2.299857,2.199800
tracking_cdrone3_20260822_113614_463_milestone4,milestone4,1787423851.393224001,SEARCH,1,1,1,1,0,0,7,5,0,0,0.000000,0.000000,2.299857,2.199800
tracking_cdrone3_20260822_113614_463_milestone4,milestone4,1787423851.493258715,SEARCH,1,1,1,1,0,0,7,5,0,0,0.000000,0.000000,2.299857,2.199800
tracking_cdrone3_20260822_113614_463_milestone4,milestone4,1787423851.592888832,SEARCH,1,1,1,1,0,0,7,5,0,0,0.000000,0.000000,2.299857,2.199800
tracking_cdrone3_20260822_113614_463_milestone4,milestone4,1787423851.692953110,SEARCH,1,1,1,1,0,0,7,5,0,0,0.000000,0.000000,2.299857,2.199800
tracking_cdrone3_20260822_113614_463_milestone4,milestone4,1787423851.793223858,SEARCH,1,1,1,1,0,0,7,5,0,0,0.000000,0.000000,2.299857,2.199800
tracking_cdrone3_20260822_113614_463_milestone4,milestone4,1787423851.893285036,SEARCH,1,1,1,1,0,0,7,5,0,0,0.000000,0.000000,2.299857,2.199800
tracking_cdrone3_20260822_113614_463_milestone4,milestone4,1787423851.993752003,SEARCH,1,1,1,1,0,0,7,5,0,0,0.000000,0.000000,2.299857,2.199800
tracking_cdrone3_20260822_113614_463_milestone4,milestone4,1787423852.093103886,SEARCH,1,1,1,1,1,1,7,5,0,0,0.000000,0.000000,2.299857,2.199800
tracking_cdrone3_20260822_113614_463_milestone4,milestone4,1787423852.193245888,SEARCH,1,1,1,1,0,0,7,5,0,0,0.000000,0.000000,2.299857,2.199800
tracking_cdrone3_20260822_113614_463_milestone4,milestone4,1787423852.293170929,SEARCH,1,1,1,1,0,0,7,5,0,0,0.000000,0.000000,2.299857,2.199800
tracking_cdrone3_20260822_113614_463_milestone4,milestone4,1787423852.393645287,SEARCH,1,1,1,1,0,0,7,5,0,0,0.000000,0.000000,2.299857,2.199800
tracking_cdrone3_20260822_113614_463_milestone4,milestone4,1787423852.492915630,SEARCH,1,1,1,1,0,0,7,5,0,0,0.000000,0.000000,2.299857,2.199800
tracking_cdrone3_20260822_113614_463_milestone4,milestone4,1787423852.593186617,SEARCH,1,1,1,1,0,0,7,5,0,0,0.000000,0.000000,2.299857,2.199800
tracking_cdrone3_20260822_113614_463_milestone4,milestone4,1787423852.693321466,SEARCH,1,1,1,1,0,0,7,5,0,0,0.000000,0.000000,2.299857,2.199800
tracking_cdrone3_20260822_113614_463_milestone4,milestone4,1787423852.793239117,SEARCH,1,1,1,1,0,0,7,5,0,0,0.000000,0.000000,2.299857,2.199800
tracking_cdrone3_20260822_113614_463_milestone4,milestone4,1787423852.892924309,SEARCH,1,1,1,1,1,1,7,5,0,0,0.000000,0.000000,2.299857,2.199800
tracking_cdrone3_20260822_113614_463_milestone4,milestone4,1787423852.993185043,SEARCH,1,1,1,1,0,0,7,5,0,0,0.000000,0.000000,2.299857,2.199800
tracking_cdrone3_20260822_113614_463_milestone4,milestone4,1787423853.092972040,SEARCH,1,1,1,1,0,0,7,5,0,0,0.000000,0.000000,2.299857,2.199800
tracking_cdrone3_20260822_113614_463_milestone4,milestone4,1787423853.193283558,SEARCH,1,1,1,1,0,0,7,5,0,0,0.000000,0.000000,2.299857,2.199800
tracking_cdrone3_20260822_113614_463_milestone4,milestone4,1787423853.294857264,SEARCH,1,1,1,1,0,0,7,5,0,0,0.000000,0.000000,2.299857,2.199800
tracking_cdrone3_20260822_113614_463_milestone4,milestone4,1787423853.393147230,SEARCH,1,1,1,1,0,0,7,5,0,0,0.000000,0.000000,2.299857,2.199800
tracking_cdrone3_20260822_113614_463_milestone4,milestone4,1787423853.493478775,SEARCH,1,1,1,1,0,0,7,5,0,0,0.000000,0.000000,2.299857,2.199800
tracking_cdrone3_20260822_113614_463_milestone4,milestone4,1787423853.593273878,SEARCH,1,1,1,1,0,0,7,5,0,0,0.000000,0.000000,2.299857,2.199800
tracking_cdrone3_20260822_113614_463_milestone4,milestone4,1787423853.692978621,SEARCH,1,1,1,1,0,0,7,5,0,0,0.000000,0.000000,2.299857,2.199800
tracking_cdrone3_20260822_113614_463_milestone4,milestone4,1787423853.793223858,SEARCH,1,1,1,1,0,0,7,5,0,0,0.000000,0.000000,2.299857,2.199800
tracking_cdrone3_20260822_113614_463_milestone4,milestone4,1787423853.893245459,SEARCH,1,1,1,1,0,0,7,5,0,0,0.000000,0.000000,2.299857,2.199800
tracking_cdrone3_20260822_113614_463_milestone4,milestone4,1787423853.993242979,SEARCH,1,1,1,1,0,0,7,5,0,0,0.000000,0.000000,2.299857,2.199800
tracking_cdrone3_20260822_113614_463_milestone4,milestone4,1787423854.092908144,SEARCH,1,1,1,1,0,0,7,5,0,0,0.000000,0.000000,2.299857,2.199800
tracking_cdrone3_20260822_113614_463_milestone4,milestone4,1787423854.193223715,SEARCH,1,1,1,1,0,0,7,5,0,0,0.000000,0.000000,2.299857,2.199800
tracking_cdrone3_20260822_113614_463_milestone4,milestone4,1787423854.292967319,SEARCH,1,1,1,1,0,0,7,5,0,0,0.000000,0.000000,2.299857,2.199800
tracking_cdrone3_20260822_113614_463_milestone4,milestone4,1787423854.393179655,SEARCH,1,1,1,1,0,0,7,5,0,0,0.000000,0.000000,2.299857,2.199800
tracking_cdrone3_20260822_113614_463_milestone4,milestone4,1787423854.493186235,SEARCH,1,1,1,1,0,0,7,5,0,0,0.000000,0.000000,2.299857,2.199800
tracking_cdrone3_20260822_113614_463_milestone4,milestone4,1787423854.593141317,SEARCH,1,1,1,1,0,0,7,5,0,0,0.000000,0.000000,2.299857,2.199800
tracking_cdrone3_20260822_113614_463_milestone4,milestone4,1787423854.693214893,SEARCH,1,1,1,1,0,0,7,5,0,0,0.000000,0.000000,2.299857,2.199800
tracking_cdrone3_20260822_113614_463_milestone4,milestone4,1787423854.793429136,SEARCH,1,1,1,1,0,0,7,5,0,0,0.000000,0.000000,2.299857,2.199800
tracking_cdrone3_20260822_113614_463_milestone4,milestone4,1787423854.893076897,SEARCH,1,1,1,1,0,0,7,5,0,0,0.000000,0.000000,2.299857,2.199800
tracking_cdrone3_20260822_113614_463_milestone4,milestone4,1787423854.992942572,SEARCH,1,1,1,1,0,0,7,5,0,0,0.000000,0.000000,2.299857,2.199800
tracking_cdrone3_20260822_113614_463_milestone4,milestone4,1787423855.093207598,SEARCH,1,1,1,1,0,0,7,5,0,0,0.000000,0.000000,2.299857,2.199800
tracking_cdrone3_20260822_113614_463_milestone4,milestone4,1787423855.193258524,SEARCH,1,1,1,1,0,0,7,5,0,0,0.000000,0.000000,2.299857,2.199800
tracking_cdrone3_20260822_113614_463_milestone4,milestone4,1787423855.292998075,SEARCH,1,1,1,1,0,0,7,5,0,0,0.000000,0.000000,2.299857,2.199800
tracking_cdrone3_20260822_113614_463_milestone4,milestone4,1787423855.392961740,SEARCH,1,1,1,1,0,0,7,5,0,0,0.000000,0.000000,2.299857,2.199800
tracking_cdrone3_20260822_113614_463_milestone4,milestone4,1787423855.493927240,SEARCH,1,1,1,1,0,0,7,5,0,0,0.000000,0.000000,2.299857,2.199800
tracking_cdrone3_20260822_113614_463_milestone4,milestone4,1787423855.593212843,SEARCH,1,1,1,1,0,0,7,5,0,0,0.000000,0.000000,2.299857,2.199800
tracking_cdrone3_20260822_113614_463_milestone4,milestone4,1787423855.693267107,SEARCH,1,1,1,1,0,0,7,5,0,0,0.000000,0.000000,2.299857,2.199800
tracking_cdrone3_20260822_113614_463_milestone4,milestone4,1787423855.792884111,SEARCH,1,1,1,1,0,0,7,5,0,0,0.000000,0.000000,2.299857,2.199800
tracking_cdrone3_20260822_113614_463_milestone4,milestone4,1787423855.892940998,SEARCH,1,1,1,1,0,0,7,5,0,0,0.000000,0.000000,2.299857,2.199800
tracking_cdrone3_20260822_113614_463_milestone4,milestone4,1787423855.994044065,SEARCH,1,1,1,1,0,0,7,5,0,0,0.000000,0.000000,2.299857,2.199800
tracking_cdrone3_20260822_113614_463_milestone4,milestone4,1787423856.093310118,SEARCH,1,1,1,1,0,0,7,5,0,0,0.000000,0.000000,2.299857,2.199800
tracking_cdrone3_20260822_113614_463_milestone4,milestone4,1787423856.193805456,SEARCH,1,1,1,1,0,0,7,5,0,0,0.000000,0.000000,2.299857,2.199800
tracking_cdrone3_20260822_113614_463_milestone4,milestone4,1787423856.293229818,SEARCH,1,1,1,1,0,0,7,5,0,0,0.000000,0.000000,2.299857,2.199800
tracking_cdrone3_20260822_113614_463_milestone4,milestone4,1787423856.393408537,SEARCH,1,1,1,1,0,0,7,5,0,0,0.000000,0.000000,2.299857,2.199800
tracking_cdrone3_20260822_113614_463_milestone4,milestone4,1787423856.493193150,SEARCH,1,1,1,1,0,0,7,5,0,0,0.000000,0.000000,2.299857,2.199800
tracking_cdrone3_20260822_113614_463_milestone4,milestone4,1787423856.593260765,SEARCH,1,1,1,1,0,0,7,5,0,0,0.000000,0.000000,2.299857,2.199800
tracking_cdrone3_20260822_113614_463_milestone4,milestone4,1787423856.696934223,SEARCH,1,1,1,1,0,0,7,5,0,0,0.000000,0.000000,2.299857,2.199800
tracking_cdrone3_20260822_113614_463_milestone4,milestone4,1787423856.792959452,SEARCH,1,1,1,1,0,0,7,5,0,0,0.000000,0.000000,2.299857,2.199800
tracking_cdrone3_20260822_113614_463_milestone4,milestone4,1787423856.893671989,SEARCH,1,1,1,1,0,0,7,5,0,0,0.000000,0.000000,2.299857,2.199800
tracking_cdrone3_20260822_113614_463_milestone4,milestone4,1787423856.992939234,SEARCH,1,1,1,1,0,0,7,5,0,0,0.000000,0.000000,2.299857,2.199800
tracking_cdrone3_20260822_113614_463_milestone4,milestone4,1787423857.093849897,SEARCH,1,1,1,1,1,1,7,5,0,0,0.000000,0.000000,2.299857,2.199800
tracking_cdrone3_20260822_113614_463_milestone4,milestone4,1787423857.193197012,SEARCH,1,1,1,1,0,0,7,5,0,0,0.000000,0.000000,2.299857,2.199800
tracking_cdrone3_20260822_113614_463_milestone4,milestone4,1787423857.293602228,SEARCH,1,1,1,1,0,0,7,5,0,0,0.000000,0.000000,2.299857,2.199800
tracking_cdrone3_20260822_113614_463_milestone4,milestone4,1787423857.392913580,SEARCH,1,1,1,1,0,0,7,5,0,0,0.000000,0.000000,2.299857,2.199800
tracking_cdrone3_20260822_113614_463_milestone4,milestone4,1787423857.493351936,SEARCH,1,1,1,1,0,0,7,5,0,0,0.000000,0.000000,2.299857,2.199800
tracking_cdrone3_20260822_113614_463_milestone4,milestone4,1787423857.593185902,SEARCH,1,1,1,1,0,0,7,5,0,0,0.000000,0.000000,2.299857,2.199800
tracking_cdrone3_20260822_113614_463_milestone4,milestone4,1787423857.693181515,SEARCH,1,1,1,1,0,0,7,5,0,0,0.000000,0.000000,2.299857,2.199800
tracking_cdrone3_20260822_113614_463_milestone4,milestone4,1787423857.792930365,SEARCH,1,1,1,1,0,0,7,5,0,0,0.000000,0.000000,2.299857,2.199800
tracking_cdrone3_20260822_113614_463_milestone4,milestone4,1787423857.893272638,SEARCH,1,1,1,1,0,0,7,5,0,0,0.000000,0.000000,2.299857,2.199800
tracking_cdrone3_20260822_113614_463_milestone4,milestone4,1787423857.993001461,SEARCH,1,1,1,1,0,0,7,5,0,0,0.000000,0.000000,2.299857,2.199800
tracking_cdrone3_20260822_113614_463_milestone4,milestone4,1787423858.093168497,SEARCH,1,1,1,1,0,0,7,5,0,0,0.000000,0.000000,2.299857,2.199800
tracking_cdrone3_20260822_113614_463_milestone4,milestone4,1787423858.193290472,SEARCH,1,1,1,1,0,0,7,5,0,0,0.000000,0.000000,2.299857,2.199800
tracking_cdrone3_20260822_113614_463_milestone4,milestone4,1787423858.293256283,SEARCH,1,1,1,1,0,0,7,5,0,0,0.000000,0.000000,2.299857,2.199800
tracking_cdrone3_20260822_113614_463_milestone4,milestone4,1787423858.393311262,SEARCH,1,1,1,1,0,0,7,5,0,0,0.000000,0.000000,2.299857,2.199800
tracking_cdrone3_20260822_113614_463_milestone4,milestone4,1787423858.493265390,SEARCH,1,1,1,1,0,0,7,5,0,0,0.000000,0.000000,2.299857,2.199800
tracking_cdrone3_20260822_113614_463_milestone4,milestone4,1787423858.593247414,SEARCH,1,1,1,1,0,0,7,5,0,0,0.000000,0.000000,2.299857,2.199800
tracking_cdrone3_20260822_113614_463_milestone4,milestone4,1787423858.693271875,SEARCH,1,1,1,1,0,0,7,5,0,0,0.000000,0.000000,2.299857,2.199800
tracking_cdrone3_20260822_113614_463_milestone4,milestone4,1787423858.793016672,SEARCH,1,1,1,1,0,0,7,5,0,0,0.000000,0.000000,2.299857,2.199800
tracking_cdrone3_20260822_113614_463_milestone4,milestone4,1787423858.894130707,SEARCH,1,1,1,1,0,0,7,5,0,0,0.000000,0.000000,2.299857,2.199800
tracking_cdrone3_20260822_113614_463_milestone4,milestone4,1787423858.993149996,SEARCH,1,1,1,1,0,0,7,5,0,0,0.000000,0.000000,2.299857,2.199800
tracking_cdrone3_20260822_113614_463_milestone4,milestone4,1787423859.093269587,SEARCH,1,1,1,1,0,0,7,5,0,0,0.000000,0.000000,2.299857,2.199800
tracking_cdrone3_20260822_113614_463_milestone4,milestone4,1787423859.196181059,SEARCH,1,1,1,1,0,0,7,5,0,0,0.000000,0.000000,2.299857,2.199800
tracking_cdrone3_20260822_113614_463_milestone4,milestone4,1787423859.293519258,SEARCH,1,1,1,1,0,0,7,5,0,0,0.000000,0.000000,2.299857,2.199800
tracking_cdrone3_20260822_113614_463_milestone4,milestone4,1787423859.393173456,SEARCH,1,1,1,1,0,0,7,5,0,0,0.000000,0.000000,2.299857,2.199800
tracking_cdrone3_20260822_113614_463_milestone4,milestone4,1787423859.493285418,SEARCH,1,1,1,1,0,0,7,5,0,0,0.000000,0.000000,2.299857,2.199800
tracking_cdrone3_20260822_113614_463_milestone4,milestone4,1787423859.593162537,SEARCH,1,1,1,1,0,0,7,5,0,0,0.000000,0.000000,2.299857,2.199800
tracking_cdrone3_20260822_113614_463_milestone4,milestone4,1787423859.692955017,SEARCH,1,1,1,1,0,0,7,5,0,0,0.000000,0.000000,2.299857,2.199800
tracking_cdrone3_20260822_113614_463_milestone4,milestone4,1787423859.793179035,SEARCH,1,1,1,1,0,0,7,5,0,0,0.000000,0.000000,2.299857,2.199800
tracking_cdrone3_20260822_113614_463_milestone4,milestone4,1787423859.893289328,SEARCH,1,1,1,1,0,0,7,5,0,0,0.000000,0.000000,2.299857,2.199800
tracking_cdrone3_20260822_113614_463_milestone4,milestone4,1787423859.993133307,SEARCH,1,1,1,1,0,0,7,5,0,0,0.000000,0.000000,2.299857,2.199800
tracking_cdrone3_20260822_113614_463_milestone4,milestone4,1787423860.092915297,SEARCH,1,1,1,1,0,0,7,5,0,0,0.000000,0.000000,2.299857,2.199800
tracking_cdrone3_20260822_113614_463_milestone4,milestone4,1787423860.196297407,SEARCH,1,1,1,1,0,0,7,5,0,0,0.000000,0.000000,2.299857,2.199800
tracking_cdrone3_20260822_113614_463_milestone4,milestone4,1787423860.292952299,SEARCH,1,1,1,1,0,0,7,5,0,0,0.000000,0.000000,2.299857,2.199800
tracking_cdrone3_20260822_113614_463_milestone4,milestone4,1787423860.393292189,SEARCH,1,1,1,1,0,0,7,5,0,0,0.000000,0.000000,2.299857,2.199800
tracking_cdrone3_20260822_113614_463_milestone4,milestone4,1787423860.492988586,SEARCH,1,1,1,1,0,0,7,5,0,0,0.000000,0.000000,2.299857,2.199800
tracking_cdrone3_20260822_113614_463_milestone4,milestone4,1787423860.593240976,SEARCH,1,1,1,1,0,0,7,5,0,0,0.000000,0.000000,2.299857,2.199800
tracking_cdrone3_20260822_113614_463_milestone4,milestone4,1787423860.693446159,SEARCH,1,1,1,1,0,0,7,5,0,0,0.000000,0.000000,2.299857,2.199800
tracking_cdrone3_20260822_113614_463_milestone4,milestone4,1787423860.793360233,SEARCH,1,1,1,1,0,0,7,5,0,0,0.000000,0.000000,2.299857,2.199800
tracking_cdrone3_20260822_113614_463_milestone4,milestone4,1787423860.893080235,SEARCH,1,1,1,1,0,0,7,5,0,0,0.000000,0.000000,2.299857,2.199800
tracking_cdrone3_20260822_113614_463_milestone4,milestone4,1787423860.993152618,SEARCH,1,1,1,1,0,0,7,5,0,0,0.000000,0.000000,2.299857,2.199800
tracking_cdrone3_20260822_113614_463_milestone4,milestone4,1787423861.092944622,SEARCH,1,1,1,1,0,0,7,5,0,0,0.000000,0.000000,2.299857,2.199800
tracking_cdrone3_20260822_113614_463_milestone4,milestone4,1787423861.192935228,SEARCH,1,1,1,1,0,0,7,5,0,0,0.000000,0.000000,2.299857,2.199800
tracking_cdrone3_20260822_113614_463_milestone4,milestone4,1787423861.293027163,SEARCH,1,1,1,1,0,0,7,5,0,0,0.000000,0.000000,2.299857,2.199800
tracking_cdrone3_20260822_113614_463_milestone4,milestone4,1787423861.393338919,SEARCH,1,1,1,1,0,0,7,5,0,0,0.000000,0.000000,2.299857,2.199800
tracking_cdrone3_20260822_113614_463_milestone4,milestone4,1787423861.493538380,SEARCH,1,1,1,1,0,0,7,5,0,0,0.000000,0.000000,2.299857,2.199800
tracking_cdrone3_20260822_113614_463_milestone4,milestone4,1787423861.593294144,SEARCH,1,1,1,1,0,0,7,5,0,0,0.000000,0.000000,2.299857,2.199800
tracking_cdrone3_20260822_113614_463_milestone4,milestone4,1787423861.693238497,SEARCH,1,1,1,1,0,0,7,5,0,0,0.000000,0.000000,2.299857,2.199800
tracking_cdrone3_20260822_113614_463_milestone4,milestone4,1787423861.793254375,SEARCH,1,1,1,1,0,0,7,5,0,0,0.000000,0.000000,2.299857,2.199800
tracking_cdrone3_20260822_113614_463_milestone4,milestone4,1787423861.892988682,SEARCH,1,1,1,1,0,0,7,5,0,0,0.000000,0.000000,2.299857,2.199800
tracking_cdrone3_20260822_113614_463_milestone4,milestone4,1787423861.993102074,SEARCH,1,1,1,1,0,0,7,5,0,0,0.000000,0.000000,2.299857,2.199800
tracking_cdrone3_20260822_113614_463_milestone4,milestone4,1787423862.092898369,SEARCH,1,1,1,1,0,0,7,5,0,0,0.000000,0.000000,2.299857,2.199800
tracking_cdrone3_20260822_113614_463_milestone4,milestone4,1787423862.193274260,SEARCH,1,1,1,1,0,0,7,5,0,0,0.000000,0.000000,2.299857,2.199800
tracking_cdrone3_20260822_113614_463_milestone4,milestone4,1787423862.293044329,SEARCH,1,1,1,1,1,1,7,5,0,0,0.000000,0.000000,2.299857,2.199800
tracking_cdrone3_20260822_113614_463_milestone4,milestone4,1787423862.393483639,SEARCH,1,1,1,1,0,0,7,5,0,0,0.000000,0.000000,2.299857,2.199800
tracking_cdrone3_20260822_113614_463_milestone4,milestone4,1787423862.493360281,SEARCH,1,1,1,1,0,0,7,5,0,0,0.000000,0.000000,2.299857,2.199800
tracking_cdrone3_20260822_113614_463_milestone4,milestone4,1787423862.593157530,SEARCH,1,1,1,1,0,0,7,5,0,0,0.000000,0.000000,2.299857,2.199800
tracking_cdrone3_20260822_113614_463_milestone4,milestone4,1787423862.693327427,SEARCH,1,1,1,1,0,0,7,5,0,0,0.000000,0.000000,2.299857,2.199800
tracking_cdrone3_20260822_113614_463_milestone4,milestone4,1787423862.793244362,SEARCH,1,1,1,1,0,0,7,5,0,0,0.000000,0.000000,2.299857,2.199800
tracking_cdrone3_20260822_113614_463_milestone4,milestone4,1787423862.893015623,SEARCH,1,1,1,1,0,0,7,5,0,0,0.000000,0.000000,2.299857,2.199800
tracking_cdrone3_20260822_113614_463_milestone4,milestone4,1787423862.993237972,SEARCH,1,1,1,1,0,0,7,5,0,0,0.000000,0.000000,2.299857,2.199800
tracking_cdrone3_20260822_113614_463_milestone4,milestone4,1787423863.093327522,SEARCH,1,1,1,1,0,0,7,5,0,0,0.000000,0.000000,2.299857,2.199800
tracking_cdrone3_20260822_113614_463_milestone4,milestone4,1787423863.193195581,SEARCH,1,1,1,1,0,0,7,5,0,0,0.000000,0.000000,2.299857,2.199800
tracking_cdrone3_20260822_113614_463_milestone4,milestone4,1787423863.292925119,SEARCH,1,1,1,1,0,0,7,5,0,0,0.000000,0.000000,2.299857,2.199800
tracking_cdrone3_20260822_113614_463_milestone4,milestone4,1787423863.393220901,SEARCH,1,1,1,1,0,0,7,5,0,0,0.000000,0.000000,2.299857,2.199800
tracking_cdrone3_20260822_113614_463_milestone4,milestone4,1787423863.492935658,SEARCH,1,1,1,1,0,0,7,5,0,0,0.000000,0.000000,2.299857,2.199800
tracking_cdrone3_20260822_113614_463_milestone4,milestone4,1787423863.593100548,SEARCH,1,1,1,1,0,0,7,5,0,0,0.000000,0.000000,2.299857,2.199800
tracking_cdrone3_20260822_113614_463_milestone4,milestone4,1787423863.693864107,SEARCH,1,1,1,1,0,0,7,5,0,0,0.000000,0.000000,2.299857,2.199800
tracking_cdrone3_20260822_113614_463_milestone4,milestone4,1787423863.793181658,SEARCH,1,1,1,1,0,0,7,5,0,0,0.000000,0.000000,2.299857,2.199800
tracking_cdrone3_20260822_113614_463_milestone4,milestone4,1787423863.893033504,SEARCH,1,1,1,1,0,0,7,5,0,0,0.000000,0.000000,2.299857,2.199800
tracking_cdrone3_20260822_113614_463_milestone4,milestone4,1787423863.993121862,SEARCH,1,1,1,1,0,0,7,5,0,0,0.000000,0.000000,2.299857,2.199800
tracking_cdrone3_20260822_113614_463_milestone4,milestone4,1787423864.093130589,SEARCH,1,1,1,1,0,0,7,5,0,0,0.000000,0.000000,2.299857,2.199800
tracking_cdrone3_20260822_113614_463_milestone4,milestone4,1787423864.193223953,SEARCH,1,1,1,1,0,0,7,5,0,0,0.000000,0.000000,2.299857,2.199800
tracking_cdrone3_20260822_113614_463_milestone4,milestone4,1787423864.293148756,SEARCH,1,1,1,1,0,0,7,5,0,0,0.000000,0.000000,2.299857,2.199800
tracking_cdrone3_20260822_113614_463_milestone4,milestone4,1787423864.393298388,SEARCH,1,1,1,1,0,0,7,5,0,0,0.000000,0.000000,2.299857,2.199800
tracking_cdrone3_20260822_113614_463_milestone4,milestone4,1787423864.492999792,SEARCH,1,1,1,1,0,0,7,5,0,0,0.000000,0.000000,2.299857,2.199800
tracking_cdrone3_20260822_113614_463_milestone4,milestone4,1787423864.593022346,SEARCH,1,1,1,1,0,0,7,5,0,0,0.000000,0.000000,2.299857,2.199800
tracking_cdrone3_20260822_113614_463_milestone4,milestone4,1787423864.694254637,SEARCH,1,1,1,1,0,0,7,5,0,0,0.000000,0.000000,2.299857,2.199800
tracking_cdrone3_20260822_113614_463_milestone4,milestone4,1787423864.793169737,SEARCH,1,1,1,1,0,0,7,5,0,0,0.000000,0.000000,2.299857,2.199800
tracking_cdrone3_20260822_113614_463_milestone4,milestone4,1787423864.893503666,SEARCH,1,1,1,1,0,0,7,5,0,0,0.000000,0.000000,2.299857,2.199800
tracking_cdrone3_20260822_113614_463_milestone4,milestone4,1787423864.993061543,SEARCH,1,1,1,1,0,0,7,5,0,0,0.000000,0.000000,2.299857,2.199800
tracking_cdrone3_20260822_113614_463_milestone4,milestone4,1787423865.093183994,SEARCH,1,1,1,1,0,0,7,5,0,0,0.000000,0.000000,2.299857,2.199800
tracking_cdrone3_20260822_113614_463_milestone4,milestone4,1787423865.193307161,SEARCH,1,1,1,1,0,0,7,5,0,0,0.000000,0.000000,2.299857,2.199800
tracking_cdrone3_20260822_113614_463_milestone4,milestone4,1787423865.292979002,SEARCH,1,1,1,1,0,0,7,5,0,0,0.000000,0.000000,2.299857,2.199800
tracking_cdrone3_20260822_113614_463_milestone4,milestone4,1787423865.393444777,SEARCH,1,1,1,1,0,0,7,5,0,0,0.000000,0.000000,2.299857,2.199800
tracking_cdrone3_20260822_113614_463_milestone4,milestone4,1787423865.493218899,SEARCH,1,1,1,1,0,0,7,5,0,0,0.000000,0.000000,2.299857,2.199800
tracking_cdrone3_20260822_113614_463_milestone4,milestone4,1787423865.592980623,SEARCH,1,1,1,1,0,0,7,5,0,0,0.000000,0.000000,2.299857,2.199800
tracking_cdrone3_20260822_113614_463_milestone4,milestone4,1787423865.694252014,SEARCH,1,1,1,1,0,0,7,5,0,0,0.000000,0.000000,2.299857,2.199800
tracking_cdrone3_20260822_113614_463_milestone4,milestone4,1787423865.792936563,SEARCH,1,1,1,1,0,0,7,5,0,0,0.000000,0.000000,2.299857,2.199800
tracking_cdrone3_20260822_113614_463_milestone4,milestone4,1787423865.893255472,SEARCH,1,1,1,1,0,0,7,5,0,0,0.000000,0.000000,2.299857,2.199800
tracking_cdrone3_20260822_113614_463_milestone4,milestone4,1787423865.993241787,SEARCH,1,1,1,1,0,0,7,5,0,0,0.000000,0.000000,2.299857,2.199800
tracking_cdrone3_20260822_113614_463_milestone4,milestone4,1787423866.093357086,SEARCH,1,1,1,1,0,0,7,5,0,0,0.000000,0.000000,2.299857,2.199800
tracking_cdrone3_20260822_113614_463_milestone4,milestone4,1787423866.193301678,SEARCH,1,1,1,1,0,0,7,5,0,0,0.000000,0.000000,2.299857,2.199800
tracking_cdrone3_20260822_113614_463_milestone4,milestone4,1787423866.293279171,SEARCH,1,1,1,1,0,0,7,5,0,0,0.000000,0.000000,2.299857,2.199800
tracking_cdrone3_20260822_113614_463_milestone4,milestone4,1787423866.393209934,SEARCH,1,1,1,1,0,0,7,5,0,0,0.000000,0.000000,2.299857,2.199800
tracking_cdrone3_20260822_113614_463_milestone4,milestone4,1787423866.493261099,SEARCH,1,1,1,1,0,0,7,5,0,0,0.000000,0.000000,2.299857,2.199800
tracking_cdrone3_20260822_113614_463_milestone4,milestone4,1787423866.593253851,SEARCH,1,1,1,1,0,0,7,5,0,0,0.000000,0.000000,2.299857,2.199800
tracking_cdrone3_20260822_113614_463_milestone4,milestone4,1787423866.693322420,SEARCH,1,1,1,1,0,0,7,5,0,0,0.000000,0.000000,2.299857,2.199800
tracking_cdrone3_20260822_113614_463_milestone4,milestone4,1787423866.792964458,SEARCH,1,1,1,1,0,0,7,5,0,0,0.000000,0.000000,2.299857,2.199800
tracking_cdrone3_20260822_113614_463_milestone4,milestone4,1787423866.893192053,SEARCH,1,1,1,1,0,0,7,5,0,0,0.000000,0.000000,2.299857,2.199800
tracking_cdrone3_20260822_113614_463_milestone4,milestone4,1787423866.993348837,SEARCH,1,1,1,1,0,0,7,5,0,0,0.000000,0.000000,2.299857,2.199800
tracking_cdrone3_20260822_113614_463_milestone4,milestone4,1787423867.093167543,SEARCH,1,1,1,1,0,0,7,5,0,0,0.000000,0.000000,2.299857,2.199800
tracking_cdrone3_20260822_113614_463_milestone4,milestone4,1787423867.193006039,SEARCH,1,1,1,1,0,0,7,5,0,0,0.000000,0.000000,2.299857,2.199800
tracking_cdrone3_20260822_113614_463_milestone4,milestone4,1787423867.292958736,SEARCH,1,1,1,1,0,0,7,5,0,0,0.000000,0.000000,2.299857,2.199800
tracking_cdrone3_20260822_113614_463_milestone4,milestone4,1787423867.393207788,SEARCH,1,1,1,1,0,0,7,5,0,0,0.000000,0.000000,2.299857,2.199800
tracking_cdrone3_20260822_113614_463_milestone4,milestone4,1787423867.493265152,SEARCH,1,1,1,1,0,0,7,5,0,0,0.000000,0.000000,2.299857,2.199800
tracking_cdrone3_20260822_113614_463_milestone4,milestone4,1787423867.601222038,SEARCH,1,1,1,1,0,0,7,5,0,0,0.000000,0.000000,2.299857,2.199800
tracking_cdrone3_20260822_113614_463_milestone4,milestone4,1787423867.692944050,SEARCH,1,1,1,1,0,0,7,5,0,0,0.000000,0.000000,2.299857,2.199800
tracking_cdrone3_20260822_113614_463_milestone4,milestone4,1787423867.793702364,SEARCH,1,1,1,1,0,0,7,5,0,0,0.000000,0.000000,2.299857,2.199800
tracking_cdrone3_20260822_113614_463_milestone4,milestone4,1787423867.892944813,SEARCH,1,1,1,1,0,0,7,5,0,0,0.000000,0.000000,2.299857,2.199800
tracking_cdrone3_20260822_113614_463_milestone4,milestone4,1787423867.993160963,SEARCH,1,1,1,1,0,0,7,5,0,0,0.000000,0.000000,2.299857,2.199800
tracking_cdrone3_20260822_113614_463_milestone4,milestone4,1787423868.093100786,SEARCH,1,1,1,1,0,0,7,5,0,0,0.000000,0.000000,2.299857,2.199800
tracking_cdrone3_20260822_113614_463_milestone4,milestone4,1787423868.193251848,SEARCH,1,1,1,1,1,1,7,5,0,0,0.000000,0.000000,2.299857,2.199800
tracking_cdrone3_20260822_113614_463_milestone4,milestone4,1787423868.292910099,SEARCH,1,1,1,1,0,0,7,5,0,0,0.000000,0.000000,2.299857,2.199800
tracking_cdrone3_20260822_113614_463_milestone4,milestone4,1787423868.392832518,SEARCH,1,1,1,1,0,0,7,5,0,0,0.000000,0.000000,2.299857,2.199800
tracking_cdrone3_20260822_113614_463_milestone4,milestone4,1787423868.492925167,SEARCH,1,1,1,1,0,0,7,5,0,0,0.000000,0.000000,2.299857,2.199800
tracking_cdrone3_20260822_113614_463_milestone4,milestone4,1787423868.593124866,SEARCH,1,1,1,1,0,0,7,5,0,0,0.000000,0.000000,2.299857,2.199800
tracking_cdrone3_20260822_113614_463_milestone4,milestone4,1787423868.693298101,SEARCH,1,1,1,1,0,0,7,5,0,0,0.000000,0.000000,2.299857,2.199800
tracking_cdrone3_20260822_113614_463_milestone4,milestone4,1787423868.793065310,SEARCH,1,1,1,1,0,0,7,5,0,0,0.000000,0.000000,2.299857,2.199800
tracking_cdrone3_20260822_113614_463_milestone4,milestone4,1787423868.894580364,SEARCH,1,1,1,1,0,0,7,5,0,0,0.000000,0.000000,2.299857,2.199800
tracking_cdrone3_20260822_113614_463_milestone4,milestone4,1787423868.993171215,SEARCH,1,1,1,1,0,0,7,5,0,0,0.000000,0.000000,2.299857,2.199800
tracking_cdrone3_20260822_113614_463_milestone4,milestone4,1787423869.093297243,SEARCH,1,1,1,1,0,0,7,5,0,0,0.000000,0.000000,2.299857,2.199800
tracking_cdrone3_20260822_113614_463_milestone4,milestone4,1787423869.193187952,SEARCH,1,1,1,1,0,0,7,5,0,0,0.000000,0.000000,2.299857,2.199800
tracking_cdrone3_20260822_113614_463_milestone4,milestone4,1787423869.292998075,SEARCH,1,1,1,1,0,0,7,5,0,0,0.000000,0.000000,2.299857,2.199800
tracking_cdrone3_20260822_113614_463_milestone4,milestone4,1787423869.393284321,SEARCH,1,1,1,1,0,0,7,5,0,0,0.000000,0.000000,2.299857,2.199800
tracking_cdrone3_20260822_113614_463_milestone4,milestone4,1787423869.493250132,SEARCH,1,1,1,1,0,0,7,5,0,0,0.000000,0.000000,2.299857,2.199800
tracking_cdrone3_20260822_113614_463_milestone4,milestone4,1787423869.593218565,SEARCH,1,1,1,1,0,0,7,5,0,0,0.000000,0.000000,2.299857,2.199800
tracking_cdrone3_20260822_113614_463_milestone4,milestone4,1787423869.692988157,SEARCH,1,1,1,1,0,0,7,5,0,0,0.000000,0.000000,2.299857,2.199800
tracking_cdrone3_20260822_113614_463_milestone4,milestone4,1787423869.793328285,SEARCH,1,1,1,1,0,0,7,5,0,0,0.000000,0.000000,2.299857,2.199800
tracking_cdrone3_20260822_113614_463_milestone4,milestone4,1787423869.893335104,SEARCH,1,1,1,1,0,0,7,5,0,0,0.000000,0.000000,2.299857,2.199800
tracking_cdrone3_20260822_113614_463_milestone4,milestone4,1787423869.993343592,SEARCH,1,1,1,1,0,0,7,5,0,0,0.000000,0.000000,2.299857,2.199800
tracking_cdrone3_20260822_113614_463_milestone4,milestone4,1787423870.093995094,SEARCH,1,1,1,1,0,0,7,5,0,0,0.000000,0.000000,2.299857,2.199800
tracking_cdrone3_20260822_113614_463_milestone4,milestone4,1787423870.193233967,SEARCH,1,1,1,1,0,0,7,5,0,0,0.000000,0.000000,2.299857,2.199800
tracking_cdrone3_20260822_113614_463_milestone4,milestone4,1787423870.293081045,SEARCH,1,1,1,1,0,0,7,5,0,0,0.000000,0.000000,2.299857,2.199800
tracking_cdrone3_20260822_113614_463_milestone4,milestone4,1787423870.393179417,SEARCH,1,1,1,1,0,0,7,5,0,0,0.000000,0.000000,2.299857,2.199800
tracking_cdrone3_20260822_113614_463_milestone4,milestone4,1787423870.493226290,SEARCH,1,1,1,1,0,0,7,5,0,0,0.000000,0.000000,2.299857,2.199800
tracking_cdrone3_20260822_113614_463_milestone4,milestone4,1787423870.593274355,SEARCH,1,1,1,1,0,0,7,5,0,0,0.000000,0.000000,2.299857,2.199800
tracking_cdrone3_20260822_113614_463_milestone4,milestone4,1787423870.692941427,SEARCH,1,1,1,1,0,0,7,5,0,0,0.000000,0.000000,2.299857,2.199800
tracking_cdrone3_20260822_113614_463_milestone4,milestone4,1787423870.793268204,SEARCH,1,1,1,1,0,0,7,5,0,0,0.000000,0.000000,2.299857,2.199800
tracking_cdrone3_20260822_113614_463_milestone4,milestone4,1787423870.893751383,SEARCH,1,1,1,1,0,0,7,5,0,0,0.000000,0.000000,2.299857,2.199800
tracking_cdrone3_20260822_113614_463_milestone4,milestone4,1787423870.993310928,SEARCH,1,1,1,1,0,0,7,5,0,0,0.000000,0.000000,2.299857,2.199800
tracking_cdrone3_20260822_113614_463_milestone4,milestone4,1787423871.096834421,SEARCH,1,1,1,1,0,0,7,5,0,0,0.000000,0.000000,2.299857,2.199800
tracking_cdrone3_20260822_113614_463_milestone4,milestone4,1787423871.193259001,SEARCH,1,1,1,1,0,0,7,5,0,0,0.000000,0.000000,2.299857,2.199800
tracking_cdrone3_20260822_113614_463_milestone4,milestone4,1787423871.293292522,SEARCH,1,1,1,1,0,0,7,5,0,0,0.000000,0.000000,2.299857,2.199800
tracking_cdrone3_20260822_113614_463_milestone4,milestone4,1787423871.393218279,SEARCH,1,1,1,1,0,0,7,5,0,0,0.000000,0.000000,2.299857,2.199800
tracking_cdrone3_20260822_113614_463_milestone4,milestone4,1787423871.493421316,SEARCH,1,1,1,1,0,0,7,5,0,0,0.000000,0.000000,2.299857,2.199800
tracking_cdrone3_20260822_113614_463_milestone4,milestone4,1787423871.596451521,SEARCH,1,1,1,1,0,0,7,5,0,0,0.000000,0.000000,2.299857,2.199800
tracking_cdrone3_20260822_113614_463_milestone4,milestone4,1787423871.693176508,SEARCH,1,1,1,1,0,0,7,5,0,0,0.000000,0.000000,2.299857,2.199800
