run_id,experiment_tag,timestamp_s,sample_kind,track_id,detector_track_id,source,source_label,x_m,y_m,z_m,vx_mps,vy_mps,vz_mps,confidence,distance_m,bbox_area_px,inbound,last_observed_age_s,prediction_horizon_s,position_uncertainty_m,velocity_uncertainty_mps
tracking_cdrone3_20260820_202954_533_milestone4,milestone4,1787282994.615244389,target_map,1,1,0,detected,-3.528214,-0.615799,0.127132,-0.030157,0.000597,-0.014298,0.813418,8.324744,1552.000,0,0.084887,0.000000,0.179710,0.371222
tracking_cdrone3_20260820_202954_533_milestone4,milestone4,1787282994.717171431,target_map,1,1,0,detected,-3.531288,-0.615739,0.125674,-0.030157,0.000597,-0.014298,0.792241,8.324744,1552.000,0,0.186815,0.000000,0.215385,0.396704
tracking_cdrone3_20260820_202954_533_milestone4,milestone4,1787282994.731523514,raw,1,1,0,detected,-3.529960,-0.613595,0.127447,-0.019745,0.010339,-0.004119,0.830566,8.320414,1608.750,0,0.000000,0.000000,0.000000,0.000000
tracking_cdrone3_20260820_202954_533_milestone4,milestone4,1787282994.822251797,target_map,1,1,0,detected,-3.532001,-0.613098,0.126721,-0.024430,0.005955,-0.008700,0.813222,8.320414,1608.750,0,0.083531,0.000000,0.179236,0.370883
tracking_cdrone3_20260820_202954_533_milestone4,milestone4,1787282994.916079283,target_map,1,1,0,detected,-3.534314,-0.612534,0.125897,-0.024430,0.005955,-0.008700,0.793561,8.320414,1608.750,0,0.178220,0.000000,0.212377,0.394555
tracking_cdrone3_20260820_202954_533_milestone4,milestone4,1787282994.988193274,raw,1,1,0,detected,-3.528563,-0.616835,0.130675,0.005447,-0.012627,0.012582,0.832520,8.321849,1576.250,0,0.000000,0.000000,0.000000,0.000000
tracking_cdrone3_20260820_202954_533_milestone4,milestone4,1787282995.016707897,target_map,1,1,0,detected,-3.528751,-0.616935,0.130746,-0.007998,-0.004265,0.003005,0.827621,8.321849,1576.250,0,0.023537,0.000000,0.158238,0.355884
tracking_cdrone3_20260820_202954_533_milestone4,milestone4,1787282995.114910841,target_map,1,1,0,detected,-3.529536,-0.617354,0.131041,-0.007998,-0.004265,0.003005,0.807182,8.321849,1576.250,0,0.121740,0.000000,0.192609,0.380435
tracking_cdrone3_20260820_202954_533_milestone4,milestone4,1787282995.153014898,raw,1,1,0,detected,-3.540855,-0.614905,0.124777,-0.074578,0.011707,-0.035785,0.832031,8.309533,1552.000,1,0.000000,0.000000,0.000000,0.000000
tracking_cdrone3_20260820_202954_533_milestone4,milestone4,1787282995.214955330,target_map,1,1,0,detected,-3.543483,-0.614639,0.123697,-0.044617,0.004519,-0.018329,0.819777,8.309533,1552.000,1,0.058913,0.000000,0.170619,0.364728
tracking_cdrone3_20260820_202954_533_milestone4,milestone4,1787282995.314876080,target_map,1,1,0,detected,-3.547941,-0.614187,0.121866,-0.044617,0.004519,-0.018329,0.798996,8.309533,1552.000,1,0.158818,0.000000,0.205586,0.389705
tracking_cdrone3_20260820_202954_533_milestone4,milestone4,1787282995.385985851,raw,1,1,0,detected,-3.537380,-0.615809,0.129411,0.014915,-0.003879,0.019891,0.835449,8.313040,1608.750,0,0.000000,0.000000,0.000000,0.000000
tracking_cdrone3_20260820_202954_533_milestone4,milestone4,1787282995.415236235,target_map,1,1,0,detected,-3.537686,-0.615811,0.129480,-0.011875,-0.000100,0.002692,0.830071,8.313040,1608.750,0,0.025749,0.000000,0.159012,0.356437
tracking_cdrone3_20260820_202954_533_milestone4,milestone4,1787282995.514837980,target_map,1,1,0,detected,-3.538869,-0.615821,0.129748,-0.011875,-0.000100,0.002692,0.809268,8.313040,1608.750,0,0.125354,0.000000,0.193874,0.381338
tracking_cdrone3_20260820_202954_533_milestone4,milestone4,1787282995.591300726,raw,1,1,0,detected,-3.544583,-0.615240,0.131299,-0.035081,0.002769,0.009195,0.830566,8.305835,1552.000,0,0.000000,0.000000,0.000000,0.000000
tracking_cdrone3_20260820_202954_533_milestone4,milestone4,1787282995.615344763,target_map,1,1,0,detected,-3.545109,-0.615209,0.131433,-0.024638,0.001478,0.006269,0.826135,8.305835,1552.000,0,0.021342,0.000000,0.157470,0.355336
tracking_cdrone3_20260820_202954_533_milestone4,milestone4,1787282995.715240240,target_map,1,1,0,detected,-3.547570,-0.615061,0.132059,-0.024638,0.001478,0.006269,0.805394,8.305835,1552.000,0,0.121230,0.000000,0.192431,0.380308
tracking_cdrone3_20260820_202954_533_milestone4,milestone4,1787282995.794660091,raw,1,1,0,detected,-3.540349,-0.614327,0.130229,0.020824,0.004492,-0.005259,0.833008,8.310056,1584.000,0,0.000000,0.000000,0.000000,0.000000
tracking_cdrone3_20260820_202954_533_milestone4,milestone4,1787282995.815181017,target_map,1,1,0,detected,-3.540342,-0.614273,0.130228,0.000366,0.003136,-0.000072,0.829460,8.310056,1584.000,0,0.017037,0.000000,0.155963,0.354259
tracking_cdrone3_20260820_202954_533_milestone4,milestone4,1787282995.915053844,target_map,1,1,0,detected,-3.540306,-0.613960,0.130221,0.000366,0.003136,-0.000072,0.808661,8.310056,1584.000,0,0.116909,0.000000,0.190918,0.379227
tracking_cdrone3_20260820_202954_533_milestone4,milestone4,1787282996.014976263,raw,1,1,0,detected,-3.541225,-0.616296,0.127061,-0.003978,-0.008935,-0.014377,0.831055,8.309175,1568.000,0,0.000000,0.000000,0.000000,0.000000
tracking_cdrone3_20260820_202954_533_milestone4,milestone4,1787282996.015127659,target_map,1,1,0,detected,-3.540269,-0.613647,0.130214,0.000366,0.003136,-0.000072,0.787820,8.310056,1584.000,0,0.216984,0.000000,0.225944,0.404246
tracking_cdrone3_20260820_202954_533_milestone4,milestone4,1787282996.114949942,target_map,1,1,0,detected,-3.541419,-0.616631,0.126301,-0.002023,-0.003503,-0.007940,0.811144,8.309175,1568.000,0,0.095832,0.000000,0.183541,0.373958
tracking_cdrone3_20260820_202954_533_milestone4,milestone4,1787282996.215362787,target_map,1,1,0,detected,-3.541622,-0.616983,0.125503,-0.002023,-0.003503,-0.007940,0.790284,8.309175,1568.000,0,0.196237,0.000000,0.218683,0.399059
tracking_cdrone3_20260820_202954_533_milestone4,milestone4,1787282996.231980562,raw,1,1,0,detected,-3.550487,-0.612091,0.129377,-0.042684,0.019375,0.010670,0.831055,8.299872,1592.500,0,0.000000,0.000000,0.000000,0.000000
tracking_cdrone3_20260820_202954_533_milestone4,milestone4,1787282996.315118551,target_map,1,1,0,detected,-3.552373,-0.611389,0.129554,-0.024387,0.009080,0.002295,0.814991,8.299872,1592.500,0,0.077319,0.000000,0.177062,0.369330
tracking_cdrone3_20260820_202954_533_milestone4,milestone4,1787282996.415199757,target_map,1,1,0,detected,-3.554813,-0.610481,0.129784,-0.024387,0.009080,0.002295,0.794197,8.299872,1592.500,0,0.177402,0.000000,0.212091,0.394350
tracking_cdrone3_20260820_202954_533_milestone4,milestone4,1787282996.456228495,raw,1,1,0,detected,-3.546205,-0.613561,0.130797,0.019097,-0.006552,0.006333,0.827148,8.304178,1527.750,0,0.000000,0.000000,0.000000,0.000000
tracking_cdrone3_20260820_202954_533_milestone4,milestone4,1787282996.515623093,target_map,1,1,0,detected,-3.546231,-0.613533,0.131052,-0.000471,0.000482,0.004516,0.815480,8.304178,1527.750,0,0.056427,0.000000,0.169749,0.364107
tracking_cdrone3_20260820_202954_533_milestone4,milestone4,1787282996.615458012,target_map,1,1,0,detected,-3.546278,-0.613485,0.131503,-0.000471,0.000482,0.004516,0.794836,8.304178,1527.750,0,0.156259,0.000000,0.204691,0.389065
tracking_cdrone3_20260820_202954_533_milestone4,milestone4,1787282996.685820580,raw,1,1,0,detected,-3.543410,-0.615565,0.126220,0.012173,-0.008731,-0.019936,0.833008,8.306972,1527.750,0,0.000000,0.000000,0.000000,0.000000
tracking_cdrone3_20260820_202954_533_milestone4,milestone4,1787282996.714934826,target_map,1,1,0,detected,-3.543285,-0.615654,0.126047,0.006483,-0.004585,-0.008933,0.828976,8.306972,1527.750,0,0.019358,0.000000,0.156775,0.354840
tracking_cdrone3_20260820_202954_533_milestone4,milestone4,1787282996.815209866,target_map,1,1,0,detected,-3.542634,-0.616114,0.125151,0.006483,-0.004585,-0.008933,0.808097,8.306972,1527.750,0,0.119617,0.000000,0.191866,0.379904
tracking_cdrone3_20260820_202954_533_milestone4,milestone4,1787282996.911521912,raw,1,1,0,detected,-3.540052,-0.612882,0.129612,0.014879,0.011889,0.015032,0.832520,8.310331,1568.000,0,0.000000,0.000000,0.000000,0.000000
tracking_cdrone3_20260820_202954_533_milestone4,milestone4,1787282996.915164948,target_map,1,1,0,detected,-3.541986,-0.616572,0.124258,0.006483,-0.004585,-0.008933,0.787279,8.306972,1527.750,0,0.219586,0.000000,0.226855,0.404896
tracking_cdrone3_20260820_202954_533_milestone4,milestone4,1787282997.015077829,target_map,1,1,0,detected,-3.538975,-0.612448,0.130025,0.011101,0.004476,0.004248,0.812326,8.310331,1568.000,0,0.097022,0.000000,0.183958,0.374255
tracking_cdrone3_20260820_202954_533_milestone4,milestone4,1787282997.115219593,target_map,1,1,0,detected,-3.537863,-0.611999,0.130450,0.011101,0.004476,0.004248,0.791487,8.310331,1568.000,0,0.197147,0.000000,0.219001,0.399287
tracking_cdrone3_20260820_202954_533_milestone4,milestone4,1787282997.117130041,raw,1,1,0,detected,-3.538708,-0.617911,0.131506,0.006533,-0.024461,0.009210,0.827148,8.311713,1552.000,0,0.000000,0.000000,0.000000,0.000000
tracking_cdrone3_20260820_202954_533_milestone4,milestone4,1787282997.215320349,target_map,1,1,0,detected,-3.538085,-0.618742,0.132013,0.008589,-0.011439,0.006977,0.812132,8.311713,1552.000,0,0.072619,0.000000,0.175417,0.368155
tracking_cdrone3_20260820_202954_533_milestone4,milestone4,1787282997.314912319,target_map,1,1,0,detected,-3.537229,-0.619881,0.132708,0.008589,-0.011439,0.006977,0.791534,8.311713,1552.000,0,0.172229,0.000000,0.210280,0.393057
tracking_cdrone3_20260820_202954_533_milestone4,milestone4,1787282997.323930740,raw,1,1,0,detected,-3.532281,-0.615206,0.130775,0.031078,0.013081,-0.003532,0.832031,8.318109,1527.750,0,0.000000,0.000000,0.000000,0.000000
tracking_cdrone3_20260820_202954_533_milestone4,milestone4,1787282997.415361404,target_map,1,1,0,detected,-3.530467,-0.615029,0.130879,0.020958,0.002047,0.001197,0.814025,8.318109,1527.750,0,0.086564,0.000000,0.180297,0.371641
tracking_cdrone3_20260820_202954_533_milestone4,milestone4,1787282997.515165806,target_map,1,1,0,detected,-3.528375,-0.614824,0.130999,0.020958,0.002047,0.001197,0.793264,8.318109,1527.750,0,0.186373,0.000000,0.215231,0.396593
tracking_cdrone3_20260820_202954_533_milestone4,milestone4,1787282997.515514374,raw,1,1,0,detected,-3.531669,-0.618582,0.131864,0.003198,-0.017624,0.005684,0.834473,8.318782,1641.250,0,0.000000,0.000000,0.000000,0.000000
tracking_cdrone3_20260820_202954_533_milestone4,milestone4,1787282997.615283966,target_map,1,1,0,detected,-3.530593,-0.619425,0.132217,0.011190,-0.008772,0.003665,0.814423,8.318782,1641.250,0,0.096108,0.000000,0.183638,0.374027
tracking_cdrone3_20260820_202954_533_milestone4,milestone4,1787282997.712003231,raw,1,1,0,detected,-3.528214,-0.608868,0.129273,0.017583,0.049439,-0.013188,0.832520,8.322107,1552.000,0,0.000000,0.000000,0.000000,0.000000
tracking_cdrone3_20260820_202954_533_milestone4,milestone4,1787282997.716610909,target_map,1,1,0,detected,-3.528190,-0.608831,0.129264,0.014706,0.023244,-0.005605,0.832189,8.322107,1552.000,0,0.001589,0.000000,0.150556,0.350397
tracking_cdrone3_20260820_202954_533_milestone4,milestone4,1787282997.815190792,target_map,1,1,0,detected,-3.526741,-0.606540,0.128712,0.014706,0.023244,-0.005605,0.811675,8.322107,1552.000,0,0.100152,0.000000,0.185053,0.375038
tracking_cdrone3_20260820_202954_533_milestone4,milestone4,1787282997.915042400,target_map,1,1,0,detected,-3.525273,-0.604219,0.128152,0.014706,0.023244,-0.005605,0.790893,8.322107,1552.000,0,0.200000,0.000000,0.220000,0.400000
tracking_cdrone3_20260820_202954_533_milestone4,milestone4,1787282997.930448294,raw,1,1,0,detected,-3.546438,-0.614430,0.127911,-0.083416,-0.025457,-0.006233,0.833984,8.303983,1527.750,1,0.000000,0.000000,0.000000,0.000000
tracking_cdrone3_20260820_202954_533_milestone4,milestone4,1787282998.015089035,target_map,1,1,0,detected,-3.549392,-0.614696,0.127464,-0.039261,-0.003542,-0.005950,0.818301,8.303983,1527.750,1,0.075223,0.000000,0.176328,0.368806
tracking_cdrone3_20260820_202954_533_milestone4,milestone4,1787282998.115240812,target_map,1,1,0,detected,-3.553324,-0.615051,0.126868,-0.039261,-0.003542,-0.005950,0.797421,8.303983,1527.750,1,0.175369,0.000000,0.211379,0.393842
tracking_cdrone3_20260820_202954_533_milestone4,milestone4,1787282998.172588825,raw,1,1,0,detected,-3.544648,-0.616190,0.119332,0.007394,-0.007271,-0.035434,0.836426,8.305783,1488.000,0,0.000000,0.000000,0.000000,0.000000
tracking_cdrone3_20260820_202954_533_milestone4,milestone4,1787282998.215049982,target_map,1,1,0,detected,-3.545185,-0.616411,0.118457,-0.013601,-0.005593,-0.022166,0.828171,8.305783,1488.000,0,0.039477,0.000000,0.163817,0.359869
tracking_cdrone3_20260820_202954_533_milestone4,milestone4,1787282998.314957619,target_map,1,1,0,detected,-3.546544,-0.616970,0.116242,-0.013601,-0.005593,-0.022166,0.807278,8.305783,1488.000,0,0.139391,0.000000,0.198787,0.384848
tracking_cdrone3_20260820_202954_533_milestone4,milestone4,1787282998.410898209,raw,1,1,0,detected,-3.543198,-0.618633,0.124942,0.006087,-0.010252,0.023543,0.832520,8.307199,1527.750,0,0.000000,0.000000,0.000000,0.000000
tracking_cdrone3_20260820_202954_533_milestone4,milestone4,1787282998.414778471,target_map,1,1,0,detected,-3.543202,-0.618644,0.124946,-0.002773,-0.008156,0.002974,0.832227,8.307199,1527.750,0,0.001404,0.000000,0.150492,0.350351
tracking_cdrone3_20260820_202954_533_milestone4,milestone4,1787282998.514875889,target_map,1,1,0,detected,-3.543479,-0.619461,0.125243,-0.002773,-0.008156,0.002974,0.811398,8.307199,1527.750,0,0.101482,0.000000,0.185519,0.375371
tracking_cdrone3_20260820_202954_533_milestone4,milestone4,1787282998.616661549,target_map,1,1,0,detected,-3.543762,-0.620291,0.125546,-0.002773,-0.008156,0.002974,0.790215,8.307199,1527.750,0,0.203259,0.000000,0.221140,0.400815
tracking_cdrone3_20260820_202954_533_milestone4,milestone4,1787282998.644639492,raw,1,1,0,detected,-3.548921,-0.611071,0.090993,-0.024487,0.032354,-0.145247,0.832031,8.301492,1560.000,0,0.000000,0.000000,0.000000,0.000000
tracking_cdrone3_20260820_202954_533_milestone4,milestone4,1787282998.715033770,target_map,1,1,0,detected,-3.549873,-0.610158,0.085915,-0.014715,0.014125,-0.078548,0.818583,8.301492,1560.000,0,0.064650,0.000000,0.172628,0.366163
tracking_cdrone3_20260820_202954_533_milestone4,milestone4,1787282998.815216064,target_map,1,1,0,detected,-3.551346,-0.608743,0.078048,-0.014715,0.014125,-0.078548,0.797752,8.301492,1560.000,0,0.164798,0.000000,0.207679,0.391200
tracking_cdrone3_20260820_202954_533_milestone4,milestone4,1787282998.909577370,raw,1,1,0,detected,-3.567490,-0.613952,0.117103,-0.070084,-0.010877,0.098550,0.833008,8.282862,1433.500,1,0.000000,0.000000,0.000000,0.000000
tracking_cdrone3_20260820_202954_533_milestone4,milestone4,1787282998.914759159,target_map,1,1,0,detected,-3.567577,-0.613952,0.117139,-0.045168,0.000374,0.018856,0.832605,8.282862,1433.500,1,0.001935,0.000000,0.150677,0.350484
tracking_cdrone3_20260820_202954_533_milestone4,milestone4,1787282999.015183926,target_map,1,1,0,detected,-3.572112,-0.613914,0.119032,-0.045168,0.000374,0.018856,0.811698,8.282862,1433.500,1,0.102327,0.000000,0.185815,0.375582
tracking_cdrone3_20260820_202954_533_milestone4,milestone4,1787282999.115454912,target_map,1,1,0,detected,-3.576638,-0.613877,0.120922,-0.045168,0.000374,0.018856,0.790827,8.282862,1433.500,1,0.202549,0.000000,0.220892,0.400637
tracking_cdrone3_20260820_202954_533_milestone4,milestone4,1787282999.142875671,raw,1,1,0,detected,-3.604952,-0.621865,0.122100,-0.160575,-0.033915,0.021419,0.840820,8.245516,1464.750,1,0.000000,0.000000,0.000000,0.000000
tracking_cdrone3_20260820_202954_533_milestone4,milestone4,1787282999.215438843,target_map,1,1,0,detected,-3.612391,-0.623131,0.123487,-0.108642,-0.018485,0.020265,0.826426,8.245516,1464.750,1,0.068478,0.000000,0.173967,0.367120
tracking_cdrone3_20260820_202954_533_milestone4,milestone4,1787282999.315133095,target_map,1,1,0,detected,-3.623222,-0.624973,0.125508,-0.108642,-0.018485,0.020265,0.805469,8.245516,1464.750,1,0.168173,0.000000,0.208861,0.392043
tracking_cdrone3_20260820_202954_533_milestone4,milestone4,1787282999.378483534,raw,1,1,0,detected,-3.620079,-0.613844,0.127997,-0.064199,0.034040,0.025029,0.832031,8.230288,1433.250,1,0.000000,0.000000,0.000000,0.000000
tracking_cdrone3_20260820_202954_533_milestone4,milestone4,1787282999.415122986,target_map,1,1,0,detected,-3.622754,-0.613513,0.128724,-0.084198,0.010404,0.022885,0.825423,8.230288,1433.250,1,0.031772,0.000000,0.161120,0.357943
tracking_cdrone3_20260820_202954_533_milestone4,milestone4,1787282999.514829397,target_map,1,1,0,detected,-3.631150,-0.612476,0.131006,-0.084198,0.010404,0.022885,0.804681,8.230288,1433.250,1,0.131488,0.000000,0.196021,0.382872
tracking_cdrone3_20260820_202954_533_milestone4,milestone4,1787282999.604176044,raw,1,1,0,detected,-3.814068,-0.616555,0.121847,-0.859557,-0.012012,-0.027254,0.811523,8.036293,1260.000,1,0.000000,0.000000,0.000000,0.000000
tracking_cdrone3_20260820_202954_533_milestone4,milestone4,1787282999.615436554,target_map,1,1,0,detected,-3.818402,-0.616571,0.121807,-0.510646,-0.001925,-0.004691,0.809801,8.036293,1260.000,1,0.008488,0.000000,0.152971,0.352122
tracking_cdrone3_20260820_202954_533_milestone4,milestone4,1787282999.715362072,target_map,1,1,0,detected,-3.869461,-0.616764,0.121338,-0.510646,-0.001925,-0.004691,0.789516,8.036293,1260.000,1,0.108476,0.000000,0.187967,0.377119
tracking_cdrone3_20260820_202954_533_milestone4,milestone4,1787282999.799284697,raw,1,1,0,detected,-3.981972,-0.609855,0.110416,-0.860606,0.034343,-0.058588,0.821289,7.868416,1342.250,1,0.000000,0.000000,0.000000,0.000000
tracking_cdrone3_20260820_202954_533_milestone4,milestone4,1787282999.815159559,target_map,1,1,0,detected,-3.989674,-0.609657,0.110040,-0.703124,0.018022,-0.034334,0.819040,7.868416,1342.250,1,0.010953,0.000000,0.153833,0.352738
tracking_cdrone3_20260820_202954_533_milestone4,milestone4,1787282999.915089369,target_map,1,1,0,detected,-4.059947,-0.607856,0.106609,-0.703124,0.018022,-0.034334,0.798519,7.868416,1342.250,1,0.110897,0.000000,0.188814,0.377724
tracking_cdrone3_20260820_202954_533_milestone4,milestone4,1787283000.015158176,target_map,1,1,0,detected,-4.130307,-0.606052,0.103173,-0.703124,0.018022,-0.034334,0.777973,7.868416,1342.250,1,0.210964,0.000000,0.223838,0.402741
tracking_cdrone3_20260820_202954_533_milestone4,milestone4,1787283000.022459030,raw,1,1,0,detected,-3.874178,-0.617114,0.117507,0.482918,-0.032521,0.031768,0.821777,7.976264,1144.000,0,0.000000,0.000000,0.000000,0.000000
tracking_cdrone3_20260820_202954_533_milestone4,milestone4,1787283000.114821911,target_map,1,1,0,detected,-3.878754,-0.617994,0.117689,-0.050801,-0.009776,0.002022,0.803270,7.976264,1144.000,0,0.090083,0.000000,0.181529,0.372521
tracking_cdrone3_20260820_202954_533_milestone4,milestone4,1787283000.215017557,target_map,1,1,0,detected,-3.883844,-0.618974,0.117892,-0.050801,-0.009776,0.002022,0.782688,7.976264,1144.000,0,0.190265,0.000000,0.216593,0.397566
tracking_cdrone3_20260820_202954_533_milestone4,milestone4,1787283000.226836681,raw,1,1,0,detected,-2.961597,-0.626543,0.122809,4.465806,-0.046142,0.025944,0.821777,8.888885,1144.000,0,0.000000,0.000000,0.000000,0.000000
tracking_cdrone3_20260820_202954_533_milestone4,milestone4,1787283000.315089703,target_map,1,1,0,detected,-2.754863,-0.629072,0.124098,2.433333,-0.029777,0.015179,0.804323,8.888885,1144.000,0,0.084959,0.000000,0.179736,0.371240
tracking_cdrone3_20260820_202954_533_milestone4,milestone4,1787283000.415196419,target_map,1,1,0,detected,-2.511307,-0.632053,0.125618,2.433333,-0.029777,0.015179,0.783760,8.888885,1144.000,0,0.185051,0.000000,0.214768,0.396263
tracking_cdrone3_20260820_202954_533_milestone4,milestone4,1787283000.436374426,raw,1,1,0,detected,-1.864322,-0.664092,0.122763,5.237182,-0.179219,-0.000220,0.821777,9.986652,1144.000,0,0.000000,0.000000,0.000000,0.000000
tracking_cdrone3_20260820_202954_533_milestone4,milestone4,1787283000.515439034,target_map,1,1,0,detected,-1.560370,-0.672653,0.123276,3.975450,-0.111970,0.006710,0.806070,9.986652,1144.000,0,0.076457,0.000000,0.176760,0.369114
tracking_cdrone3_20260820_202954_533_milestone4,milestone4,1787283000.616054535,target_map,1,1,0,detected,-1.160379,-0.683919,0.123951,3.975450,-0.111970,0.006710,0.785399,9.986652,1144.000,0,0.177073,0.000000,0.211975,0.394268
tracking_cdrone3_20260820_202954_533_milestone4,milestone4,1787283000.651164055,raw,1,1,0,detected,-1.923339,-0.653224,0.119093,-0.274759,0.050594,-0.017086,0.821777,9.927081,1144.000,1,0.000000,0.000000,0.000000,0.000000
tracking_cdrone3_20260820_202954_533_milestone4,milestone4,1787283000.714766741,target_map,1,1,0,detected,-1.827842,-0.654540,0.118721,1.637835,-0.022560,-0.006378,0.809799,9.927081,1144.000,1,0.058307,0.000000,0.170407,0.364577
tracking_cdrone3_20260820_202954_533_milestone4,milestone4,1787283000.815227747,target_map,1,1,0,detected,-1.663334,-0.656806,0.118080,1.637835,-0.022560,-0.006378,0.789163,9.927081,1144.000,1,0.158750,0.000000,0.205562,0.389687
tracking_cdrone3_20260820_202954_533_milestone4,milestone4,1787283000.859071732,raw,1,1,0,detected,-1.465918,-0.649759,0.134277,2.200147,0.016670,0.073034,0.821777,10.383922,1144.000,0,0.000000,0.000000,0.000000,0.000000
tracking_cdrone3_20260820_202954_533_milestone4,milestone4,1787283000.859071732,raw,2,2,0,detected,-11.831787,-0.511920,0.094408,0.000000,0.000000,0.000000,0.709961,0.017140,1120.500,0,0.000000,0.000000,0.000000,0.000000
tracking_cdrone3_20260820_202954_533_milestone4,milestone4,1787283000.914982557,target_map,1,1,0,detected,-1.366169,-0.649809,0.136188,1.947107,-0.000983,0.037299,0.811253,10.383922,1144.000,0,0.051229,0.000000,0.167930,0.362807
tracking_cdrone3_20260820_202954_533_milestone4,milestone4,1787283000.914982557,target_map,2,2,0,detected,-11.831787,-0.511920,0.094408,0.000000,0.000000,0.000000,0.700868,0.017140,1120.500,0,0.051229,0.000000,0.167930,0.362807
tracking_cdrone3_20260820_202954_533_milestone4,milestone4,1787283001.015127659,target_map,1,1,0,detected,-1.171206,-0.649907,0.139923,1.947107,-0.000983,0.037299,0.790681,10.383922,1144.000,0,0.151359,0.000000,0.202976,0.387840
tracking_cdrone3_20260820_202954_533_milestone4,milestone4,1787283001.015127659,target_map,2,2,0,detected,-11.831787,-0.511920,0.094408,0.000000,0.000000,0.000000,0.683096,0.017140,1120.500,0,0.151359,0.000000,0.202976,0.387840
tracking_cdrone3_20260820_202954_533_milestone4,milestone4,1787283001.098301888,raw,1,1,0,detected,-1.423080,-0.633382,0.128630,0.179059,0.068454,-0.023604,0.821777,10.425930,1144.000,0,0.000000,0.000000,0.000000,0.000000
tracking_cdrone3_20260820_202954_533_milestone4,milestone4,1787283001.098301888,raw,2,2,0,detected,4.023343,-0.860705,1.870458,66.272919,-1.457886,7.423720,0.739258,15.974645,1281.250,0,0.000000,0.000000,0.000000,0.000000
tracking_cdrone3_20260820_202954_533_milestone4,milestone4,1787283001.115106344,target_map,1,1,0,detected,-1.410173,-0.632889,0.128680,0.974681,0.037207,0.003803,0.819057,10.425930,1144.000,0,0.013242,0.000000,0.154635,0.353311
tracking_cdrone3_20260820_202954_533_milestone4,milestone4,1787283001.115106344,target_map,2,2,0,detected,4.081233,-0.861978,1.876943,4.371607,-0.096168,0.489696,0.736810,15.974645,1281.250,0,0.013242,0.000000,0.154635,0.353311
tracking_cdrone3_20260820_202954_533_milestone4,milestone4,1787283001.215104818,target_map,1,1,0,detected,-1.312715,-0.629169,0.129061,0.974681,0.037207,0.003803,0.798514,10.425930,1144.000,0,0.113232,0.000000,0.189631,0.378308
tracking_cdrone3_20260820_202954_533_milestone4,milestone4,1787283001.215104818,target_map,2,2,0,detected,4.518348,-0.871594,1.925907,4.371607,-0.096168,0.489696,0.718331,15.974645,1281.250,0,0.113232,0.000000,0.189631,0.378308
tracking_cdrone3_20260820_202954_533_milestone4,milestone4,1787283001.314972639,target_map,1,1,0,detected,-1.215374,-0.625453,0.129440,0.974681,0.037207,0.003803,0.777997,10.425930,1144.000,0,0.213102,0.000000,0.224586,0.403276
tracking_cdrone3_20260820_202954_533_milestone4,milestone4,1787283001.314972639,target_map,2,2,0,detected,4.954942,-0.881198,1.974814,4.371607,-0.096168,0.489696,0.699873,15.974645,1281.250,0,0.213102,0.000000,0.224586,0.403276
tracking_cdrone3_20260820_202954_533_milestone4,milestone4,1787283001.336560249,raw,1,1,0,detected,-1.517793,-0.623068,0.168593,-0.397532,0.043289,0.167733,0.821777,10.330772,1144.000,1,0.000000,0.000000,0.000000,0.000000
tracking_cdrone3_20260820_202954_533_milestone4,milestone4,1787283001.336560249,raw,2,2,0,detected,-11.832036,-0.512052,0.094944,-66.548729,1.463378,-7.452250,0.773926,0.015783,1406.250,1,0.000000,0.000000,0.000000,0.000000
tracking_cdrone3_20260820_202954_533_milestone4,milestone4,1787283001.415053844,target_map,1,1,0,detected,-1.501338,-0.620034,0.175622,0.219964,0.040552,0.093964,0.806408,10.330772,1144.000,1,0.074810,0.000000,0.176184,0.368703
tracking_cdrone3_20260820_202954_533_milestone4,milestone4,1787283001.415053844,target_map,2,2,0,detected,-12.011909,-0.508098,0.074806,-2.404402,0.052855,-0.269179,0.759451,0.015783,1406.250,1,0.074810,0.000000,0.176184,0.368703
tracking_cdrone3_20260820_202954_533_milestone4,milestone4,1787283001.514929771,target_map,1,1,0,detected,-1.479368,-0.615984,0.185007,0.219964,0.040552,0.093964,0.785888,10.330772,1144.000,1,0.174689,0.000000,0.211141,0.393672
tracking_cdrone3_20260820_202954_533_milestone4,milestone4,1787283001.514929771,target_map,2,2,0,detected,-12.252059,-0.502819,0.047921,-2.404402,0.052855,-0.269179,0.740127,0.015783,1406.250,1,0.174689,0.000000,0.211141,0.393672
tracking_cdrone3_20260820_202954_533_milestone4,milestone4,1787283001.559864521,raw,1,1,0,detected,-1.816726,-0.688182,0.282479,-1.338679,-0.291592,0.510004,0.821777,10.033349,1144.000,1,0.000000,0.000000,0.000000,0.000000
tracking_cdrone3_20260820_202954_533_milestone4,milestone4,1787283001.559864521,raw,2,2,0,detected,-11.837489,-0.511991,0.094460,-0.024420,0.000272,-0.002166,0.827148,0.009354,1620.000,0,0.000000,0.000000,0.000000,0.000000
tracking_cdrone3_20260820_202954_533_milestone4,milestone4,1787283001.615899801,target_map,1,1,0,detected,-1.848530,-0.695275,0.298588,-0.637290,-0.142127,0.322786,0.811525,10.033349,1144.000,1,0.049904,0.000000,0.167467,0.362476
tracking_cdrone3_20260820_202954_533_milestone4,milestone4,1787283001.615899801,target_map,2,2,0,detected,-11.892155,-0.510797,0.088356,-1.095412,0.023934,-0.122322,0.816829,0.009354,1620.000,0,0.049904,0.000000,0.167467,0.362476
tracking_cdrone3_20260820_202954_533_milestone4,milestone4,1787283001.714873075,target_map,1,1,0,detected,-1.911605,-0.709342,0.330535,-0.637290,-0.142127,0.322786,0.791191,10.033349,1144.000,1,0.148879,0.000000,0.202108,0.387220
tracking_cdrone3_20260820_202954_533_milestone4,milestone4,1787283001.714873075,target_map,2,2,0,detected,-12.000573,-0.508428,0.076249,-1.095412,0.023934,-0.122322,0.796362,0.009354,1620.000,0,0.148879,0.000000,0.202108,0.387220
tracking_cdrone3_20260820_202954_533_milestone4,milestone4,1787283001.815139771,target_map,1,1,0,detected,-1.975495,-0.723590,0.362895,-0.637290,-0.142127,0.322786,0.770595,10.033349,1144.000,1,0.249131,0.000000,0.237196,0.412283
tracking_cdrone3_20260820_202954_533_milestone4,milestone4,1787283001.815139771,target_map,2,2,0,detected,-12.110391,-0.506029,0.063986,-1.095412,0.023934,-0.122322,0.775631,0.009354,1620.000,0,0.249131,0.000000,0.237196,0.412283
tracking_cdrone3_20260820_202954_533_milestone4,milestone4,1787283001.817972422,raw,1,1,0,detected,-0.397007,-0.706029,-0.046082,5.500540,-0.069145,-1.272974,0.821777,11.443139,1144.000,0,0.000000,0.000000,0.000000,0.000000
tracking_cdrone3_20260820_202954_533_milestone4,milestone4,1787283001.817972422,raw,2,2,0,detected,-11.828989,-0.503353,0.114710,0.032933,0.033468,0.078456,0.693359,0.008306,1450.875,0,0.000000,0.000000,0.000000,0.000000
tracking_cdrone3_20260820_202954_533_milestone4,milestone4,1787283001.915094852,target_map,1,1,0,detected,-0.145854,-0.715382,-0.096971,2.738517,-0.101987,-0.554882,0.802936,11.443139,1144.000,0,0.091711,0.000000,0.182099,0.372928
tracking_cdrone3_20260820_202954_533_milestone4,milestone4,1787283001.915094852,target_map,2,2,0,detected,-11.872536,-0.500677,0.113619,-0.474822,0.029178,-0.011894,0.677462,0.008306,1450.875,0,0.091711,0.000000,0.182099,0.372928
tracking_cdrone3_20260820_202954_533_milestone4,milestone4,1787283002.015272617,target_map,1,1,0,detected,0.128420,-0.725596,-0.152545,2.738517,-0.101987,-0.554882,0.782360,11.443139,1144.000,0,0.191865,0.000000,0.217153,0.397966
tracking_cdrone3_20260820_202954_533_milestone4,milestone4,1787283002.015272617,target_map,2,2,0,detected,-11.920091,-0.497755,0.112428,-0.474822,0.029178,-0.011894,0.660101,0.008306,1450.875,0,0.191865,0.000000,0.217153,0.397966
tracking_cdrone3_20260820_202954_533_milestone4,milestone4,1787283002.080024719,raw,1,1,0,detected,-0.424207,-0.704705,0.260811,-0.103673,0.005046,1.169717,0.821777,11.398596,1144.000,1,0.000000,0.000000,0.000000,0.000000
tracking_cdrone3_20260820_202954_533_milestone4,milestone4,1787283002.080024719,raw,2,2,0,detected,-11.802568,-0.479815,0.167614,0.100702,0.089715,0.201643,0.798828,0.017801,1742.250,0,0.000000,0.000000,0.000000,0.000000
tracking_cdrone3_20260820_202954_533_milestone4,milestone4,1787283002.114982367,target_map,1,1,0,detected,-0.388866,-0.706001,0.272648,1.175313,-0.043119,0.393648,0.815600,11.398596,1144.000,1,0.030069,0.000000,0.160524,0.357517
tracking_cdrone3_20260820_202954_533_milestone4,milestone4,1787283002.114982367,target_map,2,2,0,detected,-11.807328,-0.477936,0.170788,-0.158284,0.062473,0.105551,0.792823,0.017801,1742.250,0,0.030069,0.000000,0.160524,0.357517
tracking_cdrone3_20260820_202954_533_milestone4,milestone4,1787283002.214899540,target_map,1,1,0,detected,-0.271451,-0.710309,0.311974,1.175313,-0.043119,0.393648,0.795076,11.398596,1144.000,1,0.129970,0.000000,0.195490,0.382493
tracking_cdrone3_20260820_202954_533_milestone4,milestone4,1787283002.214899540,target_map,2,2,0,detected,-11.823141,-0.471695,0.181333,-0.158284,0.062473,0.105551,0.772872,0.017801,1742.250,0,0.129970,0.000000,0.195490,0.382493
tracking_cdrone3_20260820_202954_533_milestone4,milestone4,1787283002.315158129,target_map,1,1,0,detected,-0.153615,-0.714632,0.351441,1.175313,-0.043119,0.393648,0.774478,11.398596,1144.000,1,0.230230,0.000000,0.230581,0.407558
tracking_cdrone3_20260820_202954_533_milestone4,milestone4,1787283002.315158129,target_map,2,2,0,detected,-11.839010,-0.465432,0.191915,-0.158284,0.062473,0.105551,0.752850,0.017801,1742.250,0,0.230230,0.000000,0.230581,0.407558
tracking_cdrone3_20260820_202954_533_milestone4,milestone4,1787283002.336657047,raw,1,1,0,detected,1.756840,-0.689306,0.074495,8.509086,0.060075,-0.726890,0.821777,13.572150,1144.000,0,0.000000,0.000000,0.000000,0.000000
tracking_cdrone3_20260820_202954_533_milestone4,milestone4,1787283002.336657047,raw,2,2,0,detected,-11.793503,-0.460658,0.202811,0.035369,0.074739,0.137315,0.736816,0.019446,1743.750,0,0.000000,0.000000,0.000000,0.000000
tracking_cdrone3_20260820_202954_533_milestone4,milestone4,1787283002.415093899,target_map,1,1,0,detected,2.123875,-0.688443,0.059751,4.912815,0.011548,-0.197356,0.806429,13.572150,1144.000,0,0.074710,0.000000,0.176148,0.368677
tracking_cdrone3_20260820_202954_533_milestone4,milestone4,1787283002.415093899,target_map,2,2,0,detected,-11.797371,-0.455486,0.212002,-0.051775,0.069220,0.123021,0.723055,0.019446,1743.750,0,0.074710,0.000000,0.176148,0.368677
tracking_cdrone3_20260820_202954_533_milestone4,milestone4,1787283002.514918804,target_map,1,1,0,detected,2.614235,-0.687291,0.040052,4.912815,0.011548,-0.197356,0.785923,13.572150,1144.000,0,0.174522,0.000000,0.211083,0.393631
tracking_cdrone3_20260820_202954_533_milestone4,milestone4,1787283002.514918804,target_map,2,2,0,detected,-11.802539,-0.448577,0.224281,-0.051775,0.069220,0.123021,0.704669,0.019446,1743.750,0,0.174522,0.000000,0.211083,0.393631
tracking_cdrone3_20260820_202954_533_milestone4,milestone4,1787283002.591861725,raw,1,1,0,detected,2.881277,-0.680114,0.004713,4.406065,0.036018,-0.273438,0.821777,14.681692,1144.000,0,0.000000,0.000000,0.000000,0.000000
tracking_cdrone3_20260820_202954_533_milestone4,milestone4,1787283002.591861725,raw,2,2,0,detected,-11.777675,-0.413751,0.329039,0.062023,0.183804,0.494620,0.687012,0.016868,1268.250,0,0.000000,0.000000,0.000000,0.000000
tracking_cdrone3_20260820_202954_533_milestone4,milestone4,1787283002.614871740,target_map,1,1,0,detected,2.966144,-0.679656,0.000332,4.634103,0.025006,-0.239201,0.818015,14.681692,1144.000,0,0.018314,0.000000,0.156410,0.354578
tracking_cdrone3_20260820_202954_533_milestone4,milestone4,1787283002.614871740,target_map,2,2,0,detected,-11.777476,-0.411329,0.335035,0.010814,0.132241,0.327401,0.683866,0.016868,1268.250,0,0.018314,0.000000,0.156410,0.354578
tracking_cdrone3_20260820_202954_533_milestone4,milestone4,1787283002.715324402,target_map,1,1,0,detected,3.431520,-0.677145,-0.023689,4.634103,0.025006,-0.239201,0.797383,14.681692,1144.000,0,0.118738,0.000000,0.191558,0.379684
tracking_cdrone3_20260820_202954_533_milestone4,milestone4,1787283002.715324402,target_map,2,2,0,detected,-11.776391,-0.398049,0.367913,0.010814,0.132241,0.327401,0.666618,0.016868,1268.250,0,0.118738,0.000000,0.191558,0.379684
tracking_cdrone3_20260820_202954_533_milestone4,milestone4,1787283002.814876556,target_map,1,1,0,detected,3.892957,-0.674655,-0.047507,4.634103,0.025006,-0.239201,0.776926,14.681692,1144.000,0,0.218312,0.000000,0.226409,0.404578
tracking_cdrone3_20260820_202954_533_milestone4,milestone4,1787283002.814876556,target_map,2,2,0,detected,-11.775314,-0.384881,0.400514,0.010814,0.132241,0.327401,0.649516,0.016868,1268.250,0,0.218312,0.000000,0.226409,0.404578
tracking_cdrone3_20260820_202954_533_milestone4,milestone4,1787283002.876977921,raw,1,1,0,detected,3.332944,-0.770018,0.186567,1.584153,-0.315322,0.637823,0.821777,15.113751,1144.000,0,0.000000,0.000000,0.000000,0.000000
tracking_cdrone3_20260820_202954_533_milestone4,milestone4,1787283002.876977921,raw,2,2,0,detected,-11.753484,-0.377822,0.553293,0.084845,0.126015,0.786538,0.687012,0.017915,1268.250,0,0.000000,0.000000,0.000000,0.000000
tracking_cdrone3_20260820_202954_533_milestone4,milestone4,1787283002.915797710,target_map,1,1,0,detected,3.413969,-0.774462,0.193230,2.956630,-0.162175,0.243162,0.816147,15.113751,1144.000,0,0.027404,0.000000,0.159592,0.356851
tracking_cdrone3_20260820_202954_533_milestone4,milestone4,1787283002.915797710,target_map,2,2,0,detected,-11.752071,-0.374291,0.569186,0.051531,0.128817,0.579926,0.682305,0.017915,1268.250,0,0.027404,0.000000,0.159592,0.356851
tracking_cdrone3_20260820_202954_533_milestone4,milestone4,1787283003.014870405,target_map,1,1,0,detected,3.706879,-0.790529,0.217320,2.956630,-0.162175,0.243162,0.795794,15.113751,1144.000,0,0.126473,0.000000,0.194266,0.381618
tracking_cdrone3_20260820_202954_533_milestone4,milestone4,1787283003.014870405,target_map,2,2,0,detected,-11.746966,-0.361530,0.626639,0.051531,0.128817,0.579926,0.665290,0.017915,1268.250,0,0.126473,0.000000,0.194266,0.381618
tracking_cdrone3_20260820_202954_533_milestone4,milestone4,1787283003.115089893,target_map,1,1,0,detected,4.003193,-0.806782,0.241690,2.956630,-0.162175,0.243162,0.775204,15.113751,1144.000,0,0.226693,0.000000,0.229343,0.406673
tracking_cdrone3_20260820_202954_533_milestone4,milestone4,1787283003.115089893,target_map,2,2,0,detected,-11.741802,-0.348620,0.684759,0.051531,0.128817,0.579926,0.648076,0.017915,1268.250,0,0.226693,0.000000,0.229343,0.406673
tracking_cdrone3_20260820_202954_533_milestone4,milestone4,1787283003.198246241,raw,2,2,0,detected,-11.747065,-0.369992,0.713310,0.019980,0.024369,0.498062,0.687012,0.017552,1268.250,0,0.000000,0.000000,0.000000,0.000000
tracking_cdrone3_20260820_202954_533_milestone4,milestone4,1787283003.215448380,target_map,1,1,2,predicted,4.299929,-0.823058,0.266095,2.956630,-0.162175,0.243162,0.754585,15.113751,1144.000,0,0.327056,0.327056,0.264470,0.431764
tracking_cdrone3_20260820_202954_533_milestone4,milestone4,1787283003.215448380,target_map,2,2,0,detected,-11.746575,-0.368971,0.720967,0.034178,0.071371,0.534901,0.684553,0.017552,1268.250,0,0.014314,0.000000,0.155010,0.353579
tracking_cdrone3_20260820_202954_533_milestone4,milestone4,1787283003.315193415,target_map,1,1,2,predicted,4.594820,-0.839233,0.290347,2.956630,-0.162175,0.243162,0.734095,15.113751,1144.000,0,0.426795,0.426795,0.299378,0.456699
tracking_cdrone3_20260820_202954_533_milestone4,milestone4,1787283003.315193415,target_map,2,2,0,detected,-11.743167,-0.361852,0.774317,0.034178,0.071371,0.534901,0.667423,0.017552,1268.250,0,0.114053,0.000000,0.189919,0.378513
tracking_cdrone3_20260820_202954_533_milestone4,milestone4,1787283003.415421724,target_map,1,1,2,predicted,4.891064,-0.855483,0.314711,2.956630,-0.162175,0.243162,0.713510,15.113751,1144.000,0,0.526992,0.526992,0.334447,0.481748
tracking_cdrone3_20260820_202954_533_milestone4,milestone4,1787283003.415421724,target_map,2,2,0,detected,-11.739742,-0.354701,0.827913,0.034178,0.071371,0.534901,0.650214,0.017552,1268.250,0,0.214250,0.000000,0.224987,0.403562
tracking_cdrone3_20260820_202954_533_milestone4,milestone4,1787283003.459484577,raw,2,2,0,detected,-11.748151,-0.371199,0.787173,-0.004157,-0.004621,0.282742,0.687012,0.017207,1268.250,0,0.000000,0.000000,0.000000,0.000000
tracking_cdrone3_20260820_202954_533_milestone4,milestone4,1787283003.514893293,target_map,1,1,2,predicted,5.185263,-0.871620,0.338907,2.956630,-0.162175,0.243162,0.693067,15.113751,1144.000,0,0.626497,0.626497,0.369274,0.506624
tracking_cdrone3_20260820_202954_533_milestone4,milestone4,1787283003.514893293,target_map,2,2,0,detected,-11.747478,-0.369679,0.807546,0.013094,0.029575,0.396213,0.678180,0.017207,1268.250,0,0.051419,0.000000,0.167996,0.362855
tracking_cdrone3_20260820_202954_533_milestone4,milestone4,1787283003.614866972,target_map,1,1,2,predicted,5.480867,-0.887834,0.363218,2.956630,-0.162175,0.243162,0.672527,15.113751,1144.000,0,0.726477,0.726477,0.404267,0.531619
tracking_cdrone3_20260820_202954_533_milestone4,milestone4,1787283003.614866972,target_map,2,2,0,detected,-11.746168,-0.366722,0.847159,0.013094,0.029575,0.396213,0.661009,0.017207,1268.250,0,0.151399,0.000000,0.202990,0.387850
tracking_cdrone3_20260820_202954_533_milestone4,milestone4,1787283003.715320110,target_map,1,1,2,predicted,5.777864,-0.904125,0.387644,2.956630,-0.162175,0.243162,0.651890,15.113751,1144.000,0,0.826928,0.826928,0.439425,0.556732
tracking_cdrone3_20260820_202954_533_milestone4,milestone4,1787283003.715320110,target_map,2,2,2,predicted,-11.744853,-0.363751,0.886959,0.013094,0.029575,0.396213,0.643756,0.017207,1268.250,0,0.251850,0.251850,0.238147,0.412962
tracking_cdrone3_20260820_202954_533_milestone4,milestone4,1787283003.736088753,raw,2,2,0,detected,-11.761233,-0.384103,0.968388,-0.047299,-0.046652,0.655163,0.687012,0.017422,1268.250,0,0.000000,0.000000,0.000000,0.000000
tracking_cdrone3_20260820_202954_533_milestone4,milestone4,1787283003.814837217,target_map,1,1,2,predicted,6.072098,-0.920264,0.411843,2.956630,-0.162175,0.243162,0.631445,15.113751,1144.000,0,0.926444,0.926444,0.474256,0.581611
tracking_cdrone3_20260820_202954_533_milestone4,milestone4,1787283003.814837217,target_map,2,2,0,detected,-11.762762,-0.385042,1.009314,-0.020122,-0.012350,0.538636,0.673962,0.017422,1268.250,0,0.075980,0.000000,0.176593,0.368995
tracking_cdrone3_20260820_202954_533_milestone4,milestone4,1787283003.915219545,target_map,1,1,2,predicted,6.368854,-0.936541,0.436249,2.956630,-0.162175,0.243162,0.610824,15.113751,1144.000,0,1.026814,1.026814,0.509385,0.606704
tracking_cdrone3_20260820_202954_533_milestone4,milestone4,1787283003.915219545,target_map,2,2,0,detected,-11.764782,-0.386281,1.063377,-0.020122,-0.012350,0.538636,0.656723,0.017422,1268.250,0,0.176350,0.000000,0.211723,0.394088
tracking_cdrone3_20260820_202954_533_milestone4,milestone4,1787283003.989120483,raw,2,2,1,held,-11.781494,-0.403595,1.145536,-0.080077,-0.077036,0.700119,0.687012,0.017623,1268.250,0,0.253025,0.253025,0.000000,0.000000
tracking_cdrone3_20260820_202954_533_milestone4,milestone4,1787283004.015187740,target_map,1,1,2,predicted,6.664425,-0.952753,0.460558,2.956630,-0.162175,0.243162,0.590286,15.113751,1144.000,0,1.126783,1.126783,0.544374,0.631696
tracking_cdrone3_20260820_202954_533_milestone4,milestone4,1787283004.015187740,target_map,2,2,1,held,-11.782753,-0.404731,1.160408,-0.053097,-0.047927,0.627451,0.639483,0.017623,1268.250,0,0.276727,0.000000,0.158296,0.355926
tracking_cdrone3_20260820_202954_533_milestone4,milestone4,1787283004.114874363,target_map,1,1,2,predicted,6.959191,-0.968922,0.484800,2.956630,-0.162175,0.243162,0.569804,15.113751,1144.000,0,1.226480,1.226480,0.579268,0.656620
tracking_cdrone3_20260820_202954_533_milestone4,milestone4,1787283004.114874363,target_map,2,2,1,held,-11.788046,-0.409509,1.222963,-0.053097,-0.047927,0.627451,0.622360,0.017623,1268.250,0,0.376424,0.000000,0.193190,0.380850
tracking_cdrone3_20260820_202954_533_milestone4,milestone4,1787283004.215004683,target_map,1,1,2,predicted,7.255219,-0.985159,0.509147,2.956630,-0.162175,0.243162,0.549234,15.113751,1144.000,0,1.326603,1.326603,0.614311,0.681651
tracking_cdrone3_20260820_202954_533_milestone4,milestone4,1787283004.215004683,target_map,2,2,1,held,-11.793363,-0.414308,1.285786,-0.053097,-0.047927,0.627451,0.605163,0.017623,1268.250,0,0.476547,0.000000,0.228233,0.405881
tracking_cdrone3_20260820_202954_533_milestone4,milestone4,1787283004.314978600,target_map,1,1,2,predicted,7.550813,-1.001373,0.533457,2.956630,-0.162175,0.243162,0.528695,15.113751,1144.000,0,1.426580,1.426580,0.649303,0.706645
tracking_cdrone3_20260820_202954_533_milestone4,milestone4,1787283004.314978600,target_map,2,2,2,predicted,-11.798671,-0.419100,1.348516,-0.053097,-0.047927,0.627451,0.587992,0.017623,1268.250,0,0.576524,0.576524,0.263225,0.430875
tracking_cdrone3_20260820_202954_533_milestone4,milestone4,1787283004.415123224,target_map,1,1,2,predicted,7.846895,-1.017613,0.557808,2.956630,-0.162175,0.243162,0.508121,15.113751,1144.000,0,1.526721,1.526721,0.684353,0.731680
tracking_cdrone3_20260820_202954_533_milestone4,milestone4,1787283004.415123224,target_map,2,2,2,predicted,-11.803988,-0.423899,1.411350,-0.053097,-0.047927,0.627451,0.570792,0.017623,1268.250,0,0.676666,0.676666,0.298274,0.455910
tracking_cdrone3_20260820_202954_533_milestone4,milestone4,1787283004.514861584,target_map,1,1,2,predicted,8.141806,-1.033789,0.582062,2.956630,-0.162175,0.243162,0.487629,15.113751,1144.000,0,1.626467,1.626467,0.719263,0.756617
tracking_cdrone3_20260820_202954_533_milestone4,milestone4,1787283004.514861584,target_map,2,2,2,predicted,-11.809284,-0.428680,1.473935,-0.053097,-0.047927,0.627451,0.553661,0.017623,1268.250,0,0.776411,0.776411,0.333185,0.480847
tracking_cdrone3_20260820_202954_533_milestone4,milestone4,1787283004.619087458,target_map,1,1,2,predicted,8.449935,-1.050691,0.607404,2.956630,-0.162175,0.243162,0.466218,15.113751,1144.000,0,1.730683,1.730683,0.755739,0.782671
tracking_cdrone3_20260820_202954_533_milestone4,milestone4,1787283004.619087458,target_map,2,2,2,predicted,-11.814818,-0.433674,1.539326,-0.053097,-0.047927,0.627451,0.535761,0.017623,1268.250,0,0.880628,0.880628,0.369661,0.506901
tracking_cdrone3_20260820_202954_533_milestone4,milestone4,1787283004.714904785,target_map,1,1,2,predicted,8.733263,-1.066231,0.630705,2.956630,-0.162175,0.243162,0.446531,15.113751,1144.000,0,1.826511,1.826511,0.789279,0.806628
tracking_cdrone3_20260820_202954_533_milestone4,milestone4,1787283004.714904785,target_map,2,2,2,predicted,-11.819906,-0.438267,1.599454,-0.053097,-0.047927,0.627451,0.519303,0.017623,1268.250,0,0.976456,0.976456,0.403201,0.530858
tracking_cdrone3_20260820_202954_533_milestone4,milestone4,1787283004.816934586,target_map,1,1,2,predicted,9.034919,-1.082778,0.655515,2.956630,-0.162175,0.243162,0.425570,15.113751,1144.000,0,1.928538,1.928538,0.824988,0.832135
tracking_cdrone3_20260820_202954_533_milestone4,milestone4,1787283004.816934586,target_map,2,2,2,predicted,-11.825324,-0.443157,1.663471,-0.053097,-0.047927,0.627451,0.501779,0.017623,1268.250,0,1.078483,1.078483,0.438910,0.556364
tracking_cdrone3_20260820_202954_533_milestone4,milestone4,1787283004.914918661,target_map,1,1,2,predicted,9.324618,-1.098668,0.679340,2.956630,-0.162175,0.243162,0.405440,15.113751,1144.000,0,2.026521,2.026521,0.859282,0.856630
tracking_cdrone3_20260820_202954_533_milestone4,milestone4,1787283004.914918661,target_map,2,2,2,predicted,-11.830526,-0.447853,1.724950,-0.053097,-0.047927,0.627451,0.484950,0.017623,1268.250,0,1.176466,1.176466,0.473204,0.580860
tracking_cdrone3_20260820_202954_533_milestone4,milestone4,1787283005.015031576,target_map,1,1,2,predicted,9.620610,-1.114903,0.703684,2.956630,-0.162175,0.243162,0.384873,15.113751,1144.000,0,2.126632,2.126632,0.894321,0.881658
tracking_cdrone3_20260820_202954_533_milestone4,milestone4,1787283005.015031576,target_map,2,2,2,predicted,-11.835842,-0.452651,1.787765,-0.053097,-0.047927,0.627451,0.467756,0.017623,1268.250,0,1.276577,1.276577,0.508243,0.605888
tracking_cdrone3_20260820_202954_533_milestone4,milestone4,1787283005.114960194,target_map,1,1,2,predicted,9.916073,-1.131110,0.727983,2.956630,-0.162175,0.243162,0.364342,15.113751,1144.000,0,2.226565,2.226565,0.929298,0.906641
tracking_cdrone3_20260820_202954_533_milestone4,milestone4,1787283005.114960194,target_map,2,2,2,predicted,-11.841148,-0.457441,1.850468,-0.053097,-0.047927,0.627451,0.450592,0.017623,1268.250,0,1.376509,1.376509,0.543219,0.630871
tracking_cdrone3_20260820_202954_533_milestone4,milestone4,1787283005.215155363,target_map,1,1,2,predicted,10.212293,-1.147358,0.752345,2.956630,-0.162175,0.243162,0.343759,15.113751,1144.000,0,2.326753,2.326753,0.964364,0.931688
tracking_cdrone3_20260820_202954_533_milestone4,milestone4,1787283005.215155363,target_map,2,2,2,predicted,-11.846468,-0.462242,1.913331,-0.053097,-0.047927,0.627451,0.433385,0.017623,1268.250,0,1.476697,1.476697,0.578285,0.655918
tracking_cdrone3_20260820_202954_533_milestone4,milestone4,1787283005.315136194,target_map,1,1,2,predicted,10.507916,-1.163573,0.776658,2.956630,-0.162175,0.243162,0.323217,15.113751,1144.000,0,2.426740,2.426740,0.999359,0.956685
tracking_cdrone3_20260820_202954_533_milestone4,milestone4,1787283005.315136194,target_map,2,2,2,predicted,-11.851777,-0.467034,1.976068,-0.053097,-0.047927,0.627451,0.416212,0.017623,1268.250,0,1.576684,1.576684,0.613281,0.680915
tracking_cdrone3_20260820_202954_533_milestone4,milestone4,1787283005.414859056,target_map,1,1,2,predicted,10.802773,-1.179747,0.800908,2.956630,-0.162175,0.243162,0.302729,15.113751,1144.000,0,2.526467,2.526467,1.034264,0.981617
tracking_cdrone3_20260820_202954_533_milestone4,milestone4,1787283005.414859056,target_map,2,2,2,predicted,-11.857072,-0.471814,2.038642,-0.053097,-0.047927,0.627451,0.399083,0.017623,1268.250,0,1.676412,1.676412,0.648185,0.705847
tracking_cdrone3_20260820_202954_533_milestone4,milestone4,1787283005.515130281,target_map,1,1,2,predicted,11.099167,-1.196004,0.825285,2.956630,-0.162175,0.243162,0.282134,15.113751,1144.000,0,2.626714,2.626714,1.069350,1.006679
tracking_cdrone3_20260820_202954_533_milestone4,milestone4,1787283005.515130281,target_map,2,2,2,predicted,-11.862395,-0.476619,2.101542,-0.053097,-0.047927,0.627451,0.381865,0.017623,1268.250,0,1.776659,1.776659,0.683272,0.730908
tracking_cdrone3_20260820_202954_533_milestone4,milestone4,1787283005.615410805,target_map,1,1,2,predicted,11.395542,-1.212260,0.849659,2.956630,-0.162175,0.243162,0.261540,15.113751,1144.000,0,2.726955,2.726955,1.104434,1.031739
tracking_cdrone3_20260820_202954_533_milestone4,milestone4,1787283005.615410805,target_map,2,2,2,predicted,-11.867718,-0.481423,2.164438,-0.053097,-0.047927,0.627451,0.364649,0.017623,1268.250,0,1.876899,1.876899,0.718356,0.755969
tracking_cdrone3_20260820_202954_533_milestone4,milestone4,1787283005.715107441,target_map,1,1,2,predicted,11.690473,-1.228438,0.873915,2.956630,-0.162175,0.243162,0.241046,15.113751,1144.000,0,2.826707,2.826707,1.139348,1.056677
tracking_cdrone3_20260820_202954_533_milestone4,milestone4,1787283005.715107441,target_map,2,2,2,predicted,-11.873014,-0.486204,2.227028,-0.053097,-0.047927,0.627451,0.347516,0.017623,1268.250,0,1.976652,1.976652,0.753269,0.780907
tracking_cdrone3_20260820_202954_533_milestone4,milestone4,1787283005.814922094,target_map,1,1,2,predicted,11.985601,-1.244626,0.898188,2.956630,-0.162175,0.243162,0.220539,15.113751,1144.000,0,2.926527,2.926527,1.174284,1.081632
tracking_cdrone3_20260820_202954_533_milestone4,milestone4,1787283005.814922094,target_map,2,2,2,predicted,-11.878314,-0.490988,2.289660,-0.053097,-0.047927,0.627451,0.330372,0.017623,1268.250,0,2.076471,2.076471,0.788206,0.805861
tracking_cdrone3_20260820_202954_533_milestone4,milestone4,1787283005.915015697,target_map,1,1,2,predicted,12.281521,-1.260857,0.922525,2.956630,-0.162175,0.243162,0.199977,15.113751,1144.000,0,3.026613,3.026613,1.209315,1.106653
tracking_cdrone3_20260820_202954_533_milestone4,milestone4,1787283005.915015697,target_map,2,2,2,predicted,-11.883629,-0.495785,2.352459,-0.053097,-0.047927,0.627451,0.313182,0.017623,1268.250,0,2.176558,2.176558,0.823236,0.830883
tracking_cdrone3_20260820_202954_533_milestone4,milestone4,1787283006.014872313,target_map,1,1,2,predicted,12.576775,-1.277052,0.946808,2.956630,-0.162175,0.243162,0.179461,15.113751,1144.000,0,3.126475,3.126475,1.244266,1.131619
tracking_cdrone3_20260820_202954_533_milestone4,milestone4,1787283006.014872313,target_map,2,2,2,predicted,-11.888931,-0.500571,2.415118,-0.053097,-0.047927,0.627451,0.296030,0.017623,1268.250,0,2.276419,2.276419,0.858188,0.855849
tracking_cdrone3_20260820_202954_533_milestone4,milestone4,1787283006.115080357,target_map,1,1,2,predicted,12.873034,-1.293303,0.971173,2.956630,-0.162175,0.243162,0.158875,15.113751,1144.000,0,3.226677,3.226677,1.279337,1.156669
tracking_cdrone3_20260820_202954_533_milestone4,milestone4,1787283006.115080357,target_map,2,2,2,predicted,-11.894252,-0.505373,2.477990,-0.053097,-0.047927,0.627451,0.278820,0.017623,1268.250,0,2.376621,2.376621,0.893259,0.880899
tracking_cdrone3_20260820_202954_533_milestone4,milestone4,1787283006.215662241,target_map,1,1,2,predicted,13.170417,-1.309614,0.995631,2.956630,-0.162175,0.243162,0.138211,15.113751,1144.000,0,3.327258,3.327258,1.314540,1.181815
tracking_cdrone3_20260820_202954_533_milestone4,milestone4,1787283006.215662241,target_map,2,2,2,predicted,-11.899592,-0.510194,2.541100,-0.053097,-0.047927,0.627451,0.261545,0.017623,1268.250,0,2.477203,2.477203,0.928462,0.906044
tracking_cdrone3_20260820_202954_533_milestone4,milestone4,1787283006.315214872,target_map,1,1,2,predicted,13.464729,-1.325758,1.019836,2.956630,-0.162175,0.243162,0.117760,15.113751,1144.000,0,3.426801,3.426801,1.349380,1.206700
tracking_cdrone3_20260820_202954_533_milestone4,milestone4,1787283006.315214872,target_map,2,2,2,predicted,-11.904878,-0.514965,2.603558,-0.053097,-0.047927,0.627451,0.244448,0.017623,1268.250,0,2.576746,2.576746,0.963302,0.930930
tracking_cdrone3_20260820_202954_533_milestone4,milestone4,1787283006.414798260,target_map,1,1,2,predicted,13.759229,-1.341911,1.044056,2.956630,-0.162175,0.243162,0.097297,15.113751,1144.000,0,3.526408,3.526408,1.384243,1.231602
tracking_cdrone3_20260820_202954_533_milestone4,milestone4,1787283006.414798260,target_map,2,2,2,predicted,-11.910167,-0.519738,2.666056,-0.053097,-0.047927,0.627451,0.227340,0.017623,1268.250,0,2.676352,2.676352,0.998165,0.955832
tracking_cdrone3_20260820_202954_533_milestone4,milestone4,1787283006.515239000,target_map,1,1,2,predicted,14.056154,-1.358198,1.068476,2.956630,-0.162175,0.243162,0.076665,15.113751,1144.000,0,3.626835,3.626835,1.419392,1.256709
tracking_cdrone3_20260820_202954_533_milestone4,milestone4,1787283006.515239000,target_map,2,2,2,predicted,-11.915499,-0.524552,2.729069,-0.053097,-0.047927,0.627451,0.210092,0.017623,1268.250,0,2.776779,2.776779,1.033314,0.980939
tracking_cdrone3_20260820_202954_533_milestone4,milestone4,1787283006.615089417,target_map,1,1,2,predicted,14.351402,-1.374393,1.092758,2.956630,-0.162175,0.243162,0.056149,15.113751,1144.000,0,3.726695,3.726695,1.454343,1.281674
tracking_cdrone3_20260820_202954_533_milestone4,milestone4,1787283006.615089417,target_map,2,2,2,predicted,-11.920801,-0.529338,2.791727,-0.053097,-0.047927,0.627451,0.192941,0.017623,1268.250,0,2.876639,2.876639,1.068265,1.005903
tracking_cdrone3_20260820_202954_533_milestone4,milestone4,1787283006.715167522,target_map,1,1,2,predicted,14.647265,-1.390621,1.117091,2.956630,-0.162175,0.243162,0.035591,15.113751,1144.000,0,3.826762,3.826762,1.489367,1.306691
tracking_cdrone3_20260820_202954_533_milestone4,milestone4,1787283006.715167522,target_map,2,2,2,predicted,-11.926114,-0.534134,2.854514,-0.053097,-0.047927,0.627451,0.175754,0.017623,1268.250,0,2.976707,2.976707,1.103289,1.030920
tracking_cdrone3_20260820_202954_533_milestone4,milestone4,1787283006.814891100,target_map,1,1,2,predicted,14.942140,-1.406795,1.141342,2.956630,-0.162175,0.243162,0.015101,15.113751,1144.000,0,3.926496,3.926496,1.524273,1.331624
tracking_cdrone3_20260820_202954_533_milestone4,milestone4,1787283006.814891100,target_map,2,2,2,predicted,-11.931410,-0.538914,2.917092,-0.053097,-0.047927,0.627451,0.158624,0.017623,1268.250,0,3.076440,3.076440,1.138195,1.055854
tracking_cdrone3_20260820_202954_533_milestone4,milestone4,1787283006.915101290,target_map,1,1,2,predicted,15.238433,-1.423047,1.165710,2.956630,-0.162175,0.243162,0.000000,15.113751,1144.000,0,4.026709,4.026709,1.559348,1.356677
tracking_cdrone3_20260820_202954_533_milestone4,milestone4,1787283006.915101290,target_map,2,2,2,predicted,-11.936731,-0.543716,2.979971,-0.053097,-0.047927,0.627451,0.141412,0.017623,1268.250,0,3.176653,3.176653,1.173270,1.080907
tracking_cdrone3_20260820_202954_533_milestone4,milestone4,1787283007.014801741,target_map,1,1,2,predicted,15.533218,-1.439217,1.189955,2.956630,-0.162175,0.243162,0.000000,15.113751,1144.000,0,4.126412,4.126412,1.594244,1.381603
tracking_cdrone3_20260820_202954_533_milestone4,milestone4,1787283007.014801741,target_map,2,2,2,predicted,-11.942025,-0.548495,3.042530,-0.053097,-0.047927,0.627451,0.124288,0.017623,1268.250,0,3.276356,3.276356,1.208166,1.105833
tracking_cdrone3_20260820_202954_533_milestone4,milestone4,1787283007.115173817,target_map,1,1,2,predicted,15.829939,-1.455492,1.214358,2.956630,-0.162175,0.243162,0.000000,15.113751,1144.000,0,4.226769,4.226769,1.629369,1.406692
tracking_cdrone3_20260820_202954_533_milestone4,milestone4,1787283007.115173817,target_map,2,2,2,predicted,-11.947353,-0.553305,3.105499,-0.053097,-0.047927,0.627451,0.107051,0.017623,1268.250,0,3.376714,3.376714,1.243291,1.130922
tracking_cdrone3_20260820_202954_533_milestone4,milestone4,1787283007.215109825,target_map,1,1,2,predicted,16.125418,-1.471699,1.238659,2.956630,-0.162175,0.243162,0.000000,15.113751,1144.000,0,4.326707,4.326707,1.664348,1.431677
tracking_cdrone3_20260820_202954_533_milestone4,milestone4,1787283007.215109825,target_map,2,2,2,predicted,-11.952661,-0.558095,3.168205,-0.053097,-0.047927,0.627451,0.089887,0.017623,1268.250,0,3.476651,3.476651,1.278269,1.155907
tracking_cdrone3_20260820_202954_533_milestone4,milestone4,1787283007.315124750,target_map,1,1,2,predicted,16.421122,-1.487919,1.262978,2.956630,-0.162175,0.243162,0.000000,15.113751,1144.000,0,4.426721,4.426721,1.699352,1.456680
tracking_cdrone3_20260820_202954_533_milestone4,milestone4,1787283007.315124750,target_map,2,2,2,predicted,-11.957971,-0.562888,3.230959,-0.053097,-0.047927,0.627451,0.072709,0.017623,1268.250,0,3.576665,3.576665,1.313274,1.180910
tracking_cdrone3_20260820_202954_533_milestone4,milestone4,1787283007.414837122,target_map,1,1,2,predicted,16.715973,-1.504092,1.287228,2.956630,-0.162175,0.243162,0.000000,15.113751,1144.000,0,4.526447,4.526447,1.734256,1.481612
tracking_cdrone3_20260820_202954_533_milestone4,milestone4,1787283007.414837122,target_map,2,2,2,predicted,-11.963265,-0.567668,3.293532,-0.053097,-0.047927,0.627451,0.055581,0.017623,1268.250,0,3.676391,3.676391,1.348178,1.205842
tracking_cdrone3_20260820_202954_533_milestone4,milestone4,1787283007.515132666,target_map,1,1,2,predicted,17.012468,-1.520355,1.311613,2.956630,-0.162175,0.243162,0.000000,15.113751,1144.000,0,4.626728,4.626728,1.769355,1.506682
tracking_cdrone3_20260820_202954_533_milestone4,milestone4,1787283007.515132666,target_map,2,2,2,predicted,-11.968591,-0.572474,3.356454,-0.053097,-0.047927,0.627451,0.038357,0.017623,1268.250,0,3.776672,3.776672,1.383276,1.230912
tracking_cdrone3_20260820_202954_533_milestone4,milestone4,1787283007.615280628,target_map,1,1,2,predicted,17.308558,-1.536596,1.335964,2.956630,-0.162175,0.243162,0.000000,15.113751,1144.000,0,4.726872,4.726872,1.804405,1.531718
tracking_cdrone3_20260820_202954_533_milestone4,milestone4,1787283007.615280628,target_map,2,2,2,predicted,-11.973907,-0.577273,3.419289,-0.053097,-0.047927,0.627451,0.021157,0.017623,1268.250,0,3.876817,3.876817,1.418327,1.255948
tracking_cdrone3_20260820_202954_533_milestone4,milestone4,1787283007.715112448,target_map,1,1,2,predicted,17.603754,-1.552788,1.360242,2.956630,-0.162175,0.243162,0.000000,15.113751,1144.000,0,4.826715,4.826715,1.839350,1.556679
tracking_cdrone3_20260820_202954_533_milestone4,milestone4,1787283007.715112448,target_map,2,2,2,predicted,-11.979209,-0.582059,3.481936,-0.053097,-0.047927,0.627451,0.004009,0.017623,1268.250,0,3.976659,3.976659,1.453272,1.280908
tracking_cdrone3_20260820_202954_533_milestone4,milestone4,1787283007.814971924,target_map,1,1,2,predicted,17.898991,-1.568982,1.384523,2.956630,-0.162175,0.243162,0.000000,15.113751,1144.000,0,4.926570,4.926570,1.874300,1.581643
tracking_cdrone3_20260820_202954_533_milestone4,milestone4,1787283007.814971924,target_map,2,2,2,predicted,-11.984511,-0.586844,3.544590,-0.053097,-0.047927,0.627451,0.000000,0.017623,1268.250,0,4.076514,4.076514,1.488221,1.305872
tracking_cdrone3_20260820_202954_533_milestone4,milestone4,1787283007.915298223,target_map,2,2,2,predicted,-11.989839,-0.591653,3.607545,-0.053097,-0.047927,0.627451,0.000000,0.017623,1268.250,0,4.176848,4.176848,1.523338,1.330956
tracking_cdrone3_20260820_202954_533_milestone4,milestone4,1787283008.015195608,target_map,2,2,2,predicted,-11.995142,-0.596440,3.670215,-0.053097,-0.047927,0.627451,0.000000,0.017623,1268.250,0,4.276729,4.276729,1.558296,1.355926
tracking_cdrone3_20260820_202954_533_milestone4,milestone4,1787283008.115087509,target_map,2,2,2,predicted,-12.000446,-0.601228,3.732894,-0.053097,-0.047927,0.627451,0.000000,0.017623,1268.250,0,4.376623,4.376623,1.593259,1.380900
tracking_cdrone3_20260820_202954_533_milestone4,milestone4,1787283008.214876413,target_map,2,2,2,predicted,-12.005745,-0.606010,3.795505,-0.053097,-0.047927,0.627451,0.000000,0.017623,1268.250,0,4.476410,4.476410,1.628185,1.405846
tracking_cdrone3_20260820_202954_533_milestone4,milestone4,1787283008.314840317,target_map,2,2,2,predicted,-12.011054,-0.610802,3.858240,-0.053097,-0.047927,0.627451,0.000000,0.017623,1268.250,0,4.576393,4.576393,1.663179,1.430842
tracking_cdrone3_20260820_202954_533_milestone4,milestone4,1787283008.415120125,target_map,2,2,2,predicted,-12.016377,-0.615608,3.921155,-0.053097,-0.047927,0.627451,0.000000,0.017623,1268.250,0,4.676664,4.676664,1.698274,1.455910
tracking_cdrone3_20260820_202954_533_milestone4,milestone4,1787283008.514814615,target_map,2,2,2,predicted,-12.021671,-0.620386,3.983714,-0.053097,-0.047927,0.627451,0.000000,0.017623,1268.250,0,4.776368,4.776368,1.733170,1.480836
tracking_cdrone3_20260820_202954_533_milestone4,milestone4,1787283008.615234852,target_map,2,2,2,predicted,-12.027002,-0.625198,4.046705,-0.053097,-0.047927,0.627451,0.000000,0.017623,1268.250,0,4.876760,4.876760,1.768307,1.505934
tracking_cdrone3_20260820_202954_533_milestone4,milestone4,1787283008.715112925,target_map,2,2,2,predicted,-12.032307,-0.629986,4.109386,-0.053097,-0.047927,0.627451,0.000000,0.017623,1268.250,0,4.976657,4.976657,1.803271,1.530908
tracking_cdrone3_20260820_202954_533_milestone4,milestone4,1787283012.984582901,raw,6,6,0,detected,-12.076056,-0.255855,1.613849,0.000000,0.000000,0.000000,0.429199,0.008341,1017.500,0,0.000000,0.000000,0.000000,0.000000
tracking_cdrone3_20260820_202954_533_milestone4,milestone4,1787283013.015105963,target_map,3,6,0,detected,-12.076056,-0.255855,1.613849,0.000000,0.000000,0.000000,0.426215,0.008341,1017.500,0,0.027813,0.000000,0.159735,0.356953
tracking_cdrone3_20260820_202954_533_milestone4,milestone4,1787283013.114785433,target_map,3,6,0,detected,-12.076056,-0.255855,1.613849,0.000000,0.000000,0.000000,0.415518,0.008341,1017.500,0,0.127506,0.000000,0.194627,0.381876
tracking_cdrone3_20260820_202954_533_milestone4,milestone4,1787283013.215156317,target_map,3,6,0,detected,-12.076056,-0.255855,1.613849,0.000000,0.000000,0.000000,0.404750,0.008341,1017.500,0,0.227856,0.000000,0.229749,0.406964
tracking_cdrone3_20260820_202954_533_milestone4,milestone4,1787283013.251204491,raw,6,6,0,detected,-12.082001,-0.264089,1.657598,-0.022294,-0.030884,0.164091,0.436768,0.008876,625.250,0,0.000000,0.000000,0.000000,0.000000
tracking_cdrone3_20260820_202954_533_milestone4,milestone4,1787283013.315080643,target_map,3,6,0,detected,-12.082751,-0.265128,1.663119,-0.012262,-0.016986,0.090250,0.430088,0.008876,625.250,0,0.061175,0.000000,0.171411,0.365294
tracking_cdrone3_20260820_202954_533_milestone4,milestone4,1787283013.415103912,target_map,3,6,0,detected,-12.083978,-0.266827,1.672146,-0.012262,-0.016986,0.090250,0.419166,0.008876,625.250,0,0.161199,0.000000,0.206420,0.390300
tracking_cdrone3_20260820_202954_533_milestone4,milestone4,1787283013.472533703,raw,6,6,0,detected,4.736317,-1.512941,0.413454,75.991798,-5.642804,-5.621535,0.645020,16.929787,1073.250,0,0.000000,0.000000,0.000000,0.000000
tracking_cdrone3_20260820_202954_533_milestone4,milestone4,1787283013.514932871,target_map,3,6,0,detected,4.905445,-1.525811,0.402498,4.370510,-0.332588,-0.283107,0.638779,16.929787,1073.250,0,0.038697,0.000000,0.163544,0.359674
tracking_cdrone3_20260820_202954_533_milestone4,milestone4,1787283013.615607977,target_map,3,6,0,detected,5.345443,-1.559294,0.373997,4.370510,-0.332588,-0.283107,0.622545,16.929787,1073.250,0,0.139372,0.000000,0.198780,0.384843
tracking_cdrone3_20260820_202954_533_milestone4,milestone4,1787283013.714966059,target_map,3,6,0,detected,5.779662,-1.592337,0.345870,4.370510,-0.332588,-0.283107,0.606524,16.929787,1073.250,0,0.238724,0.000000,0.233553,0.409681
tracking_cdrone3_20260820_202954_533_milestone4,milestone4,1787283013.728652477,raw,6,6,0,detected,6.115610,-1.589767,0.239274,5.385517,-0.299974,-0.680094,0.645020,18.330883,1073.250,0,0.000000,0.000000,0.000000,0.000000
tracking_cdrone3_20260820_202954_533_milestone4,milestone4,1787283013.814814329,target_map,3,6,0,detected,6.504820,-1.614614,0.199676,4.928764,-0.314650,-0.501450,0.632286,18.330883,1073.250,0,0.078967,0.000000,0.177638,0.369742
tracking_cdrone3_20260820_202954_533_milestone4,milestone4,1787283013.915208578,target_map,3,6,0,detected,6.999534,-1.646197,0.149344,4.928764,-0.314650,-0.501450,0.616100,18.330883,1073.250,0,0.179340,0.000000,0.212769,0.394835
tracking_cdrone3_20260820_202954_533_milestone4,milestone4,1787283013.984627485,raw,6,6,0,detected,-3.969789,-0.849841,1.037096,-39.395939,2.890328,3.116480,0.451416,8.198670,952.000,1,0.000000,0.000000,0.000000,0.000000
tracking_cdrone3_20260820_202954_533_milestone4,milestone4,1787283014.015092373,target_map,3,6,0,detected,-4.030244,-0.844813,1.040471,-2.156669,0.179356,0.120409,0.448253,8.198670,952.000,1,0.028032,0.000000,0.159811,0.357008
tracking_cdrone3_20260820_202954_533_milestone4,milestone4,1787283014.114866495,target_map,3,6,0,detected,-4.245441,-0.826916,1.052486,-2.156669,0.179356,0.120409,0.436992,8.198670,952.000,1,0.127814,0.000000,0.194735,0.381953
tracking_cdrone3_20260820_202954_533_milestone4,milestone4,1787283014.215252638,target_map,3,6,0,detected,-4.461905,-0.808914,1.064571,-2.156669,0.179356,0.120409,0.425665,8.198670,952.000,1,0.228184,0.000000,0.229864,0.407046
tracking_cdrone3_20260820_202954_533_milestone4,milestone4,1787283014.218381882,raw,6,6,0,detected,-2.758707,-1.046182,0.936430,5.181616,-0.840049,-0.430701,0.451416,9.429777,952.000,0,0.000000,0.000000,0.000000,0.000000
tracking_cdrone3_20260820_202954_533_milestone4,milestone4,1787283014.315089703,target_map,3,6,0,detected,-2.581427,-1.082151,0.919196,1.879388,-0.381317,-0.182701,0.440771,9.429777,952.000,0,0.094328,0.000000,0.183015,0.373582
tracking_cdrone3_20260820_202954_533_milestone4,milestone4,1787283014.415443659,target_map,3,6,0,detected,-2.392924,-1.120398,0.900871,1.879388,-0.381317,-0.182701,0.429451,9.429777,952.000,0,0.194629,0.000000,0.218120,0.398657
tracking_cdrone3_20260820_202954_533_milestone4,milestone4,1787283014.494789362,raw,6,6,0,detected,-3.966277,-0.945998,1.036228,-4.368633,0.362439,0.361041,0.690918,8.221039,897.000,1,0.000000,0.000000,0.000000,0.000000
tracking_cdrone3_20260820_202954_533_milestone4,milestone4,1787283014.514926195,target_map,3,6,0,detected,-3.992836,-0.945524,1.038213,-1.557024,0.027749,0.116357,0.687972,8.221039,897.000,1,0.017057,0.000000,0.155970,0.354264
tracking_cdrone3_20260820_202954_533_milestone4,milestone4,1787283014.616399765,target_map,3,6,0,detected,-4.150826,-0.942709,1.050019,-1.557024,0.027749,0.116357,0.670445,8.221039,897.000,1,0.118527,0.000000,0.191485,0.379632
tracking_cdrone3_20260820_202954_533_milestone4,milestone4,1787283014.714940071,target_map,3,6,0,detected,-4.304253,-0.939974,1.061485,-1.557024,0.027749,0.116357,0.653424,8.221039,897.000,1,0.217066,0.000000,0.225973,0.404266
tracking_cdrone3_20260820_202954_533_milestone4,milestone4,1787283014.720719099,raw,6,6,0,detected,-3.944537,-0.900692,1.018043,0.096218,0.200522,-0.080484,0.690918,8.253760,897.000,0,0.000000,0.000000,0.000000,0.000000
tracking_cdrone3_20260820_202954_533_milestone4,milestone4,1787283014.814857006,target_map,3,6,0,detected,-4.000041,-0.890172,1.018737,-0.647740,0.122774,0.008094,0.676117,8.253760,897.000,0,0.085687,0.000000,0.179991,0.371422
tracking_cdrone3_20260820_202954_533_milestone4,milestone4,1787283014.915167570,target_map,3,6,0,detected,-4.065009,-0.877857,1.019549,-0.647740,0.122774,0.008094,0.658792,8.253760,897.000,0,0.185987,0.000000,0.215096,0.396497
tracking_cdrone3_20260820_202954_533_milestone4,milestone4,1787283014.943293095,raw,6,6,0,detected,0.838923,-1.265859,0.531522,21.492659,-1.640739,-2.186000,0.690918,13.095829,897.000,0,0.000000,0.000000,0.000000,0.000000
tracking_cdrone3_20260820_202954_533_milestone4,milestone4,1787283015.014779568,target_map,3,6,0,detected,1.119833,-1.285028,0.501157,4.073363,-0.277962,-0.440302,0.679006,13.095829,897.000,0,0.068963,0.000000,0.174137,0.367241
tracking_cdrone3_20260820_202954_533_milestone4,milestone4,1787283015.115216494,target_map,3,6,0,detected,1.528874,-1.312940,0.456943,4.073363,-0.277962,-0.440302,0.661661,13.095829,897.000,0,0.169381,0.000000,0.209283,0.392345
tracking_cdrone3_20260820_202954_533_milestone4,milestone4,1787283015.156562805,raw,6,6,0,detected,1.959997,-1.371356,0.406209,5.256300,-0.494634,-0.587543,0.690918,14.243712,897.000,0,0.000000,0.000000,0.000000,0.000000
tracking_cdrone3_20260820_202954_533_milestone4,milestone4,1787283015.215117931,target_map,3,6,0,detected,2.219551,-1.393176,0.377568,4.723979,-0.397132,-0.521285,0.681428,14.243712,897.000,0,0.054944,0.000000,0.169230,0.363736
tracking_cdrone3_20260820_202954_533_milestone4,milestone4,1787283015.314847231,target_map,3,6,0,detected,2.690675,-1.432782,0.325580,4.723979,-0.397132,-0.521285,0.664201,14.243712,897.000,0,0.154674,0.000000,0.204136,0.388669
tracking_cdrone3_20260820_202954_533_milestone4,milestone4,1787283015.385882139,raw,6,6,0,detected,2.058145,-1.412865,0.470276,0.428009,-0.181017,0.279386,0.690918,14.345654,897.000,0,0.000000,0.000000,0.000000,0.000000
tracking_cdrone3_20260820_202954_533_milestone4,milestone4,1787283015.414793015,target_map,3,6,0,detected,2.113104,-1.419342,0.468393,2.361195,-0.278269,-0.080916,0.686898,14.345654,897.000,0,0.023276,0.000000,0.158147,0.355819
tracking_cdrone3_20260820_202954_533_milestone4,milestone4,1787283015.515094042,target_map,3,6,0,detected,2.349899,-1.447248,0.460278,2.361195,-0.278269,-0.080916,0.669575,14.345654,897.000,0,0.123562,0.000000,0.193247,0.380891
tracking_cdrone3_20260820_202954_533_milestone4,milestone4,1787283015.615222692,target_map,3,6,0,detected,2.586315,-1.475110,0.452176,2.361195,-0.278269,-0.080916,0.652280,14.345654,897.000,0,0.223688,0.000000,0.228291,0.405922
tracking_cdrone3_20260820_202954_533_milestone4,milestone4,1787283015.641946077,raw,6,6,0,detected,1.745574,-1.434340,0.137824,-1.220590,-0.083860,-1.298229,0.690918,14.087824,897.000,1,0.000000,0.000000,0.000000,0.000000
tracking_cdrone3_20260820_202954_533_milestone4,milestone4,1787283015.715172529,target_map,3,6,0,detected,1.772982,-1.446344,0.085249,0.391213,-0.171344,-0.750438,0.678817,14.087824,897.000,1,0.070058,0.000000,0.174520,0.367515
tracking_cdrone3_20260820_202954_533_milestone4,milestone4,1787283015.814829111,target_map,3,6,0,detected,1.811973,-1.463421,0.010457,0.391213,-0.171344,-0.750438,0.661602,14.087824,897.000,1,0.169724,0.000000,0.209403,0.392431
tracking_cdrone3_20260820_202954_533_milestone4,milestone4,1787283015.915071249,target_map,3,6,2,predicted,1.851185,-1.480595,-0.064762,0.391213,-0.171344,-0.750438,0.644288,14.087824,897.000,1,0.269957,0.269957,0.244485,0.417489
tracking_cdrone3_20260820_202954_533_milestone4,milestone4,1787283016.015087605,target_map,3,6,2,predicted,1.890312,-1.497733,-0.139817,0.391213,-0.171344,-0.750438,0.627013,14.087824,897.000,1,0.369972,0.369972,0.279490,0.442493
tracking_cdrone3_20260820_202954_533_milestone4,milestone4,1787283016.115184546,target_map,3,6,2,predicted,1.929467,-1.514882,-0.214925,0.391213,-0.171344,-0.750438,0.609725,14.087824,897.000,1,0.470058,0.470058,0.314520,0.467514
tracking_cdrone3_20260820_202954_533_milestone4,milestone4,1787283016.214832067,target_map,3,6,2,predicted,1.968460,-1.531960,-0.289723,0.391213,-0.171344,-0.750438,0.592509,14.087824,897.000,1,0.569729,0.569729,0.349405,0.492432
tracking_cdrone3_20260820_202954_533_milestone4,milestone4,1787283016.315089464,target_map,3,6,2,predicted,2.007676,-1.549135,-0.364947,0.391213,-0.171344,-0.750438,0.575194,14.087824,897.000,1,0.669971,0.669971,0.384490,0.517493
tracking_cdrone3_20260820_202954_533_milestone4,milestone4,1787283016.415121794,target_map,3,6,2,predicted,2.046812,-1.566276,-0.440020,0.391213,-0.171344,-0.750438,0.557915,14.087824,897.000,1,0.770009,0.770009,0.419503,0.542502
tracking_cdrone3_20260820_202954_533_milestone4,milestone4,1787283016.515161753,target_map,3,6,2,predicted,2.085948,-1.583417,-0.515091,0.391213,-0.171344,-0.750438,0.540636,14.087824,897.000,1,0.870045,0.870045,0.454516,0.567511
tracking_cdrone3_20260820_202954_533_milestone4,milestone4,1787283016.563260794,raw,6,6,0,detected,-4.367367,-0.877456,1.079375,0.000000,0.000000,0.000000,0.529297,7.871352,1125.000,0,0.000000,0.000000,0.000000,0.000000
tracking_cdrone3_20260820_202954_533_milestone4,milestone4,1787283016.614932060,target_map,3,6,0,detected,-4.549232,-0.860219,1.110787,-3.691383,0.349853,0.637586,0.522778,7.871352,1125.000,0,0.049268,0.000000,0.167244,0.362317
tracking_cdrone3_20260820_202954_533_milestone4,milestone4,1787283016.714980364,target_map,3,6,0,detected,-4.918503,-0.825221,1.174568,-3.691383,0.349853,0.637586,0.509540,7.871352,1125.000,0,0.149303,0.000000,0.202256,0.387326
tracking_cdrone3_20260820_202954_533_milestone4,milestone4,1787283016.802658081,raw,6,6,0,detected,1.970504,-1.298148,0.440575,26.471777,-1.757130,-2.668116,0.512695,14.255250,822.500,0,0.000000,0.000000,0.000000,0.000000
tracking_cdrone3_20260820_202954_533_milestone4,milestone4,1787283016.815201998,target_map,3,6,0,detected,1.996251,-1.299408,0.439116,2.707181,-0.132523,-0.153372,0.511476,14.255250,822.500,0,0.009511,0.000000,0.153329,0.352378
tracking_cdrone3_20260820_202954_533_milestone4,milestone4,1787283016.915121317,target_map,3,6,0,detected,2.266758,-1.312650,0.423791,2.707181,-0.132523,-0.153372,0.498669,14.255250,822.500,0,0.109433,0.000000,0.188301,0.377358
tracking_cdrone3_20260820_202954_533_milestone4,milestone4,1787283017.015181065,target_map,3,6,0,detected,2.537620,-1.325909,0.408445,2.707181,-0.132523,-0.153372,0.485845,14.255250,822.500,0,0.209486,0.000000,0.223320,0.402371
tracking_cdrone3_20260820_202954_533_milestone4,milestone4,1787283017.023340464,raw,6,6,0,detected,2.467314,-1.310787,0.422344,2.251352,-0.057277,-0.082613,0.512695,14.755055,822.500,0,0.000000,0.000000,0.000000,0.000000
tracking_cdrone3_20260820_202954_533_milestone4,milestone4,1787283017.115084887,target_map,3,6,0,detected,2.682184,-1.318759,0.412333,2.456475,-0.091138,-0.114455,0.501484,14.755055,822.500,0,0.087471,0.000000,0.180615,0.371868
tracking_cdrone3_20260820_202954_533_milestone4,milestone4,1787283017.214869738,target_map,3,6,0,detected,2.927310,-1.327853,0.400912,2.456475,-0.091138,-0.114455,0.488694,14.755055,822.500,0,0.187259,0.000000,0.215541,0.396815
tracking_cdrone3_20260820_202954_533_milestone4,milestone4,1787283017.267665386,raw,6,6,0,detected,2.524275,-1.309641,0.488351,0.233147,0.004689,0.270172,0.512695,14.818214,822.500,0,0.000000,0.000000,0.000000,0.000000
tracking_cdrone3_20260820_202954_533_milestone4,milestone4,1787283017.315071583,target_map,3,6,0,detected,2.576210,-1.311260,0.492438,1.233645,-0.038433,0.097090,0.507299,14.818214,822.500,0,0.042099,0.000000,0.164735,0.360525
tracking_cdrone3_20260820_202954_533_milestone4,milestone4,1787283017.414962292,target_map,3,6,0,detected,2.699435,-1.315098,0.502136,1.233645,-0.038433,0.097090,0.494496,14.818214,822.500,0,0.141985,0.000000,0.199695,0.385496
tracking_cdrone3_20260820_202954_533_milestone4,milestone4,1787283017.487863302,raw,6,6,0,detected,3.571637,-1.325744,0.448192,4.756552,-0.073128,-0.182381,0.505859,15.877233,1086.250,0,0.000000,0.000000,0.000000,0.000000
tracking_cdrone3_20260820_202954_533_milestone4,milestone4,1787283017.515032291,target_map,3,6,0,detected,3.633391,-1.326864,0.447089,3.171243,-0.057515,-0.056619,0.503397,15.877233,1086.250,0,0.019473,0.000000,0.156816,0.354868
tracking_cdrone3_20260820_202954_533_milestone4,milestone4,1787283017.615108490,target_map,3,6,0,detected,3.950766,-1.332620,0.441423,3.171243,-0.057515,-0.056619,0.490740,15.877233,1086.250,0,0.119552,0.000000,0.191843,0.379888
tracking_cdrone3_20260820_202954_533_milestone4,milestone4,1787283017.716930389,target_map,3,6,0,detected,4.273606,-1.338475,0.435659,3.171243,-0.057515,-0.056619,0.477866,15.877233,1086.250,0,0.221354,0.000000,0.227474,0.405339
tracking_cdrone3_20260820_202954_533_milestone4,milestone4,1787283017.733472109,raw,6,6,0,detected,5.377344,-1.360446,0.511289,7.350721,-0.141268,0.256856,0.649902,17.678724,820.750,0,0.000000,0.000000,0.000000,0.000000
tracking_cdrone3_20260820_202954_533_milestone4,milestone4,1787283017.814864635,target_map,3,6,0,detected,5.806882,-1.368580,0.520381,5.469956,-0.103579,0.115793,0.637144,17.678724,820.750,0,0.078527,0.000000,0.177484,0.369632
tracking_cdrone3_20260820_202954_533_milestone4,milestone4,1787283017.914947987,target_map,3,6,0,detected,6.354177,-1.378944,0.531967,5.469956,-0.103579,0.115793,0.620887,17.678724,820.750,0,0.178581,0.000000,0.212504,0.394645
tracking_cdrone3_20260820_202954_533_milestone4,milestone4,1787283017.998218060,raw,6,6,0,detected,5.885045,-1.379538,0.596502,1.917954,-0.072124,0.321913,0.649902,18.194294,820.750,0,0.000000,0.000000,0.000000,0.000000
tracking_cdrone3_20260820_202954_533_milestone4,milestone4,1787283018.015934706,target_map,3,6,0,detected,5.935277,-1.380771,0.599776,3.516355,-0.086279,0.229159,0.647581,18.194294,820.750,0,0.014285,0.000000,0.155000,0.353571
tracking_cdrone3_20260820_202954_533_milestone4,milestone4,1787283018.115098715,target_map,3,6,0,detected,6.283960,-1.389326,0.622499,3.516355,-0.086279,0.229159,0.631470,18.194294,820.750,0,0.113446,0.000000,0.189706,0.378361
tracking_cdrone3_20260820_202954_533_milestone4,milestone4,1787283018.215520620,target_map,3,6,0,detected,6.637053,-1.397990,0.645510,3.516355,-0.086279,0.229159,0.615155,18.194294,820.750,0,0.213860,0.000000,0.224851,0.403465
tracking_cdrone3_20260820_202954_533_milestone4,milestone4,1787283018.237400055,raw,6,6,0,detected,-12.245948,-0.463835,1.738874,-75.800545,3.828295,4.775934,0.649902,0.019289,820.750,1,0.000000,0.000000,0.000000,0.000000
tracking_cdrone3_20260820_202954_533_milestone4,milestone4,1787283018.314879894,target_map,3,6,0,detected,-12.453636,-0.450302,1.766986,-2.803365,0.182675,0.379451,0.637865,0.019289,820.750,1,0.074085,0.000000,0.175930,0.368521
tracking_cdrone3_20260820_202954_533_milestone4,milestone4,1787283018.415114164,target_map,3,6,0,detected,-12.734579,-0.431995,1.805013,-2.803365,0.182675,0.379451,0.621583,0.019289,820.750,1,0.174302,0.000000,0.211006,0.393575
tracking_cdrone3_20260820_202954_533_milestone4,milestone4,1787283018.515066147,target_map,3,6,2,predicted,-13.014783,-0.413736,1.842940,-2.803365,0.182675,0.379451,0.605343,0.019289,820.750,1,0.274254,0.274254,0.245989,0.418564
tracking_cdrone3_20260820_202954_533_milestone4,milestone4,1787283018.526901484,raw,6,6,1,held,-12.529279,-0.482982,1.659525,-0.978733,-0.066141,-0.274104,0.649902,0.230712,820.750,1,0.289487,0.289487,0.000000,0.000000
tracking_cdrone3_20260820_202954_533_milestone4,milestone4,1787283018.615005970,target_map,3,6,1,held,-12.682927,-0.479070,1.661232,-1.799817,0.045826,0.019996,0.588997,0.230712,820.750,1,0.374856,0.000000,0.179879,0.371342
tracking_cdrone3_20260820_202954_533_milestone4,milestone4,1787283018.715200663,target_map,3,6,1,held,-12.863235,-0.474479,1.663235,-1.799817,0.045826,0.019996,0.572720,0.230712,820.750,1,0.475037,0.000000,0.214943,0.396388
tracking_cdrone3_20260820_202954_533_milestone4,milestone4,1787283018.815100908,target_map,3,6,2,predicted,-13.043062,-0.469901,1.665233,-1.799817,0.045826,0.019996,0.556487,0.230712,820.750,1,0.574951,0.574951,0.249913,0.421366
tracking_cdrone3_20260820_202954_533_milestone4,milestone4,1787283018.914942503,target_map,3,6,2,predicted,-13.222764,-0.465325,1.667229,-1.799817,0.045826,0.019996,0.540265,0.230712,820.750,1,0.674795,0.674795,0.284858,0.446327
tracking_cdrone3_20260820_202954_533_milestone4,milestone4,1787283019.014973164,target_map,3,6,2,predicted,-13.402782,-0.460742,1.669229,-1.799817,0.045826,0.019996,0.524014,0.230712,820.750,1,0.774816,0.774816,0.319865,0.471332
tracking_cdrone3_20260820_202954_533_milestone4,milestone4,1787283019.115213156,target_map,3,6,2,predicted,-13.583117,-0.456150,1.671232,-1.799817,0.045826,0.019996,0.507734,0.230712,820.750,1,0.875012,0.875012,0.354934,0.496381
tracking_cdrone3_20260820_202954_533_milestone4,milestone4,1787283019.215128183,target_map,3,6,2,predicted,-13.763041,-0.451569,1.673231,-1.799817,0.045826,0.019996,0.491492,0.230712,820.750,1,0.974980,0.974980,0.389923,0.521373
tracking_cdrone3_20260820_202954_533_milestone4,milestone4,1787283019.314835310,target_map,3,6,2,predicted,-13.942510,-0.446999,1.675225,-1.799817,0.045826,0.019996,0.475291,0.230712,820.750,1,1.074695,1.074695,0.424823,0.546302
tracking_cdrone3_20260820_202954_533_milestone4,milestone4,1787283019.314850807,raw,6,6,0,detected,-12.328801,-0.527071,1.479393,0.000000,0.000000,0.000000,0.567871,0.010211,582.750,0,0.000000,0.000000,0.000000,0.000000
tracking_cdrone3_20260820_202954_533_milestone4,milestone4,1787283019.415110111,target_map,3,6,0,detected,-12.327209,-0.529019,1.470669,0.016582,-0.020294,-0.090871,0.554241,0.010211,582.750,0,0.096006,0.000000,0.183602,0.374001
tracking_cdrone3_20260820_202954_533_milestone4,milestone4,1787283019.515007973,target_map,3,6,0,detected,-12.325553,-0.531046,1.461592,0.016582,-0.020294,-0.090871,0.540060,0.010211,582.750,0,0.195894,0.000000,0.218563,0.398973
tracking_cdrone3_20260820_202954_533_milestone4,milestone4,1787283019.572952986,raw,6,6,0,detected,-12.347860,-0.535349,1.372324,-0.073843,-0.032074,-0.414832,0.534180,0.009681,1204.000,0,0.000000,0.000000,0.000000,0.000000
tracking_cdrone3_20260820_202954_533_milestone4,milestone4,1787283019.615075350,target_map,3,6,0,detected,-12.349079,-0.536334,1.362431,-0.033151,-0.026773,-0.269050,0.529270,0.009681,1204.000,0,0.036768,0.000000,0.162869,0.359192
tracking_cdrone3_20260820_202954_533_milestone4,milestone4,1787283019.714925051,target_map,3,6,0,detected,-12.352389,-0.539007,1.335567,-0.033151,-0.026773,-0.269050,0.515935,0.009681,1204.000,0,0.136615,0.000000,0.197815,0.384154
tracking_cdrone3_20260820_202954_533_milestone4,milestone4,1787283019.815211296,target_map,3,6,0,detected,-12.355714,-0.541692,1.308587,-0.033151,-0.026773,-0.269050,0.502544,0.009681,1204.000,0,0.236894,0.000000,0.232913,0.409223
tracking_cdrone3_20260820_202954_533_milestone4,milestone4,1787283019.836501598,raw,6,6,0,detected,-12.372039,-0.537294,1.253302,-0.091743,-0.007378,-0.451610,0.534180,0.008131,1204.000,0,0.000000,0.000000,0.000000,0.000000
tracking_cdrone3_20260820_202954_533_milestone4,milestone4,1787283019.915666580,target_map,3,6,0,detected,-12.376681,-0.538437,1.227067,-0.065377,-0.016106,-0.369458,0.524697,0.008131,1204.000,0,0.071010,0.000000,0.174853,0.367752
tracking_cdrone3_20260820_202954_533_milestone4,milestone4,1787283020.015231609,target_map,3,6,0,detected,-12.383189,-0.540041,1.190287,-0.065377,-0.016106,-0.369458,0.511402,0.008131,1204.000,0,0.170561,0.000000,0.209696,0.392640
tracking_cdrone3_20260820_202954_533_milestone4,milestone4,1787283020.082966089,raw,6,6,0,detected,-12.383593,-0.536374,1.187019,-0.046875,0.003733,-0.268930,0.727051,0.010377,1534.500,0,0.000000,0.000000,0.000000,0.000000
tracking_cdrone3_20260820_202954_533_milestone4,milestone4,1787283020.115545988,target_map,3,6,0,detected,-12.385141,-0.536519,1.178206,-0.055201,-0.005194,-0.314168,0.721952,0.010377,1534.500,0,0.028049,0.000000,0.159817,0.357012
tracking_cdrone3_20260820_202954_533_milestone4,milestone4,1787283020.215232372,target_map,3,6,0,detected,-12.390661,-0.537039,1.146789,-0.055201,-0.005194,-0.314168,0.703776,0.010377,1534.500,0,0.128051,0.000000,0.194818,0.382013
tracking_cdrone3_20260820_202954_533_milestone4,milestone4,1787283020.315001488,target_map,3,6,0,detected,-12.396172,-0.537557,1.115430,-0.055201,-0.005194,-0.314168,0.685633,0.010377,1534.500,0,0.227868,0.000000,0.229754,0.406967
tracking_cdrone3_20260820_202954_533_milestone4,milestone4,1787283020.341834784,raw,6,6,0,detected,-12.393435,-0.534765,1.148409,-0.038023,0.006213,-0.149150,0.739258,0.009046,1800.000,0,0.000000,0.000000,0.000000,0.000000
tracking_cdrone3_20260820_202954_533_milestone4,milestone4,1787283020.415002823,target_map,3,6,0,detected,-12.396647,-0.534690,1.132724,-0.045753,0.001079,-0.223408,0.726282,0.009046,1800.000,0,0.070208,0.000000,0.174573,0.367552
tracking_cdrone3_20260820_202954_533_milestone4,milestone4,1787283020.515198469,target_map,3,6,0,detected,-12.401231,-0.534581,1.110343,-0.045753,0.001079,-0.223408,0.707768,0.009046,1800.000,0,0.170387,0.000000,0.209635,0.392597
tracking_cdrone3_20260820_202954_533_milestone4,milestone4,1787283020.602038145,raw,6,6,0,detected,-12.408219,-0.530270,1.081873,-0.056822,0.017279,-0.255723,0.532227,0.009018,1116.500,0,0.000000,0.000000,0.000000,0.000000
tracking_cdrone3_20260820_202954_533_milestone4,milestone4,1787283020.615622282,target_map,3,6,0,detected,-12.408791,-0.530159,1.079215,-0.051841,0.009989,-0.241181,0.530760,0.009018,1116.500,0,0.011019,0.000000,0.153857,0.352755
tracking_cdrone3_20260820_202954_533_milestone4,milestone4,1787283020.714901447,target_map,3,6,0,detected,-12.413938,-0.529168,1.055268,-0.051841,0.009989,-0.241181,0.517549,0.009018,1116.500,0,0.110310,0.000000,0.188608,0.377577
tracking_cdrone3_20260820_202954_533_milestone4,milestone4,1787283020.814887524,target_map,3,6,0,detected,-12.419121,-0.528169,1.031155,-0.051841,0.009989,-0.241181,0.504246,0.009018,1116.500,0,0.210291,0.000000,0.223602,0.402573
tracking_cdrone3_20260820_202954_533_milestone4,milestone4,1787283020.863164902,raw,6,6,0,detected,-12.423125,-0.520976,1.004138,-0.057079,0.035590,-0.297670,0.717285,0.008269,1392.000,0,0.000000,0.000000,0.000000,0.000000
tracking_cdrone3_20260820_202954_533_milestone4,milestone4,1787283020.917265892,target_map,3,6,0,detected,-12.424776,-0.520250,0.995927,-0.054722,0.024070,-0.272250,0.711877,0.008269,1392.000,0,0.030161,0.000000,0.160556,0.357540
tracking_cdrone3_20260820_202954_533_milestone4,milestone4,1787283021.015182734,target_map,3,6,0,detected,-12.430133,-0.517893,0.969272,-0.054722,0.024070,-0.272250,0.694320,0.008269,1392.000,0,0.128066,0.000000,0.194823,0.382017
tracking_cdrone3_20260820_202954_533_milestone4,milestone4,1787283021.108665705,raw,6,6,0,detected,-12.433343,-0.510338,0.936103,-0.041622,0.043330,-0.277137,0.757324,0.008009,1752.000,0,0.000000,0.000000,0.000000,0.000000
tracking_cdrone3_20260820_202954_533_milestone4,milestone4,1787283021.115975380,target_map,3,6,0,detected,-12.435649,-0.515467,0.941830,-0.054722,0.024070,-0.272250,0.676245,0.008269,1392.000,0,0.228863,0.000000,0.230102,0.407216
tracking_cdrone3_20260820_202954_533_milestone4,milestone4,1787283021.215131283,target_map,3,6,0,detected,-12.437817,-0.507075,0.910219,-0.047517,0.034663,-0.274938,0.739500,0.008009,1752.000,0,0.094142,0.000000,0.182950,0.373536
tracking_cdrone3_20260820_202954_533_milestone4,milestone4,1787283021.315443754,target_map,3,6,0,detected,-12.442582,-0.503598,0.882643,-0.047517,0.034663,-0.274938,0.720510,0.008009,1752.000,0,0.194444,0.000000,0.218056,0.398611
tracking_cdrone3_20260820_202954_533_milestone4,milestone4,1787283021.361235857,raw,6,6,0,detected,-12.436053,-0.504487,0.902546,-0.010731,0.023165,-0.132860,0.770508,0.008517,1301.625,0,0.000000,0.000000,0.000000,0.000000
tracking_cdrone3_20260820_202954_533_milestone4,milestone4,1787283021.414890766,target_map,3,6,0,detected,-12.437393,-0.503095,0.892880,-0.027285,0.028339,-0.196795,0.761047,0.008517,1301.625,0,0.049117,0.000000,0.167191,0.362279
tracking_cdrone3_20260820_202954_533_milestone4,milestone4,1787283021.515156984,target_map,3,6,0,detected,-12.440128,-0.500254,0.873151,-0.027285,0.028339,-0.196795,0.741736,0.008517,1301.625,0,0.149368,0.000000,0.202279,0.387342
tracking_cdrone3_20260820_202954_533_milestone4,milestone4,1787283021.616770983,target_map,3,6,2,predicted,-12.442901,-0.497375,0.853155,-0.027285,0.028339,-0.196795,0.722163,0.008517,1301.625,0,0.250976,0.250976,0.237842,0.412744
tracking_cdrone3_20260820_202954_533_milestone4,milestone4,1787283021.629691362,raw,6,6,0,detected,-12.438915,-0.498902,0.868161,-0.010659,0.020807,-0.128087,0.749023,0.008665,1368.500,0,0.000000,0.000000,0.000000,0.000000
tracking_cdrone3_20260820_202954_533_milestone4,milestone4,1787283021.715183020,target_map,3,6,0,detected,-12.440327,-0.497020,0.855794,-0.018141,0.024196,-0.159005,0.734459,0.008665,1368.500,0,0.077780,0.000000,0.177223,0.369445
tracking_cdrone3_20260820_202954_533_milestone4,milestone4,1787283021.814832687,target_map,3,6,0,detected,-12.442134,-0.494608,0.839948,-0.018141,0.024196,-0.159005,0.715797,0.008665,1368.500,0,0.177439,0.000000,0.212104,0.394360
tracking_cdrone3_20260820_202954_533_milestone4,milestone4,1787283021.853911638,raw,6,6,0,detected,-12.440055,-0.491719,0.815979,-0.005083,0.032033,-0.232721,0.745117,0.010418,1359.375,0,0.000000,0.000000,0.000000,0.000000
tracking_cdrone3_20260820_202954_533_milestone4,milestone4,1787283021.915162086,target_map,3,6,0,detected,-12.440694,-0.490057,0.804340,-0.010959,0.028507,-0.199549,0.734253,0.010418,1359.375,0,0.058322,0.000000,0.170413,0.364580
tracking_cdrone3_20260820_202954_533_milestone4,milestone4,1787283022.015211344,target_map,3,6,0,detected,-12.441791,-0.487204,0.784375,-0.010959,0.028507,-0.199549,0.715615,0.010418,1359.375,0,0.158375,0.000000,0.205431,0.389594
tracking_cdrone3_20260820_202954_533_milestone4,milestone4,1787283022.109569788,raw,6,6,0,detected,-3.764197,-0.639866,1.820207,33.935604,-0.579476,3.928038,0.597656,8.753795,1632.000,0,0.000000,0.000000,0.000000,0.000000
tracking_cdrone3_20260820_202954_533_milestone4,milestone4,1787283022.115810156,target_map,3,6,0,detected,-3.751430,-0.640047,1.821424,4.365257,-0.061796,0.416051,0.597219,8.753795,1632.000,0,0.002925,0.000000,0.151024,0.350731
tracking_cdrone3_20260820_202954_533_milestone4,milestone4,1787283022.214881420,target_map,3,6,0,detected,-3.318991,-0.646168,1.862639,4.365257,-0.061796,0.416051,0.582418,8.753795,1632.000,0,0.101989,0.000000,0.185696,0.375497
tracking_cdrone3_20260820_202954_533_milestone4,milestone4,1787283022.315047503,target_map,3,6,0,detected,-2.881792,-0.652358,1.904309,4.365257,-0.061796,0.416051,0.567453,8.753795,1632.000,0,0.202143,0.000000,0.220750,0.400536
tracking_cdrone3_20260820_202954_533_milestone4,milestone4,1787283022.337033272,raw,6,6,0,detected,-12.442231,-0.480975,0.715205,-38.152809,0.698562,-4.858119,0.706543,0.009439,1769.375,1,0.000000,0.000000,0.000000,0.000000
tracking_cdrone3_20260820_202954_533_milestone4,milestone4,1787283022.415099859,target_map,3,6,0,detected,-12.623103,-0.477048,0.687433,-2.399672,0.052095,-0.368464,0.693229,0.009439,1769.375,1,0.075374,0.000000,0.176381,0.368843
tracking_cdrone3_20260820_202954_533_milestone4,milestone4,1787283022.515282393,target_map,3,6,0,detected,-12.863480,-0.471830,0.650524,-2.399672,0.052095,-0.368464,0.675536,0.009439,1769.375,1,0.175544,0.000000,0.211440,0.393886
tracking_cdrone3_20260820_202954_533_milestone4,milestone4,1787283022.590618849,raw,6,6,0,detected,-12.441454,-0.478052,0.691569,0.003067,0.011525,-0.093203,0.790039,0.009088,1076.375,0,0.000000,0.000000,0.000000,0.000000
tracking_cdrone3_20260820_202954_533_milestone4,milestone4,1787283022.614926577,target_map,3,6,0,detected,-12.464728,-0.477409,0.686883,-1.078166,0.029781,-0.217070,0.785775,0.009088,1076.375,0,0.021587,0.000000,0.157556,0.355397
tracking_cdrone3_20260820_202954_533_milestone4,milestone4,1787283022.714843273,target_map,3,6,0,detected,-12.572442,-0.474434,0.665197,-1.078166,0.029781,-0.217070,0.766043,0.009088,1076.375,0,0.121491,0.000000,0.192522,0.380373
tracking_cdrone3_20260820_202954_533_milestone4,milestone4,1787283022.815216541,target_map,3,6,0,detected,-12.680653,-0.471445,0.643411,-1.078166,0.029781,-0.217070,0.746220,0.009088,1076.375,0,0.221857,0.000000,0.227650,0.405464
tracking_cdrone3_20260820_202954_533_milestone4,milestone4,1787283022.859780550,raw,6,6,0,detected,-12.439817,-0.474278,0.659124,0.006078,0.014022,-0.120533,0.722656,0.009109,1220.000,0,0.000000,0.000000,0.000000,0.000000
tracking_cdrone3_20260820_202954_533_milestone4,milestone4,1787283022.915066719,target_map,3,6,0,detected,-12.462956,-0.473264,0.651249,-0.481831,0.021114,-0.163975,0.713980,0.009109,1220.000,0,0.048023,0.000000,0.166808,0.362006
tracking_cdrone3_20260820_202954_533_milestone4,milestone4,1787283023.014941454,target_map,3,6,0,detected,-12.511072,-0.471155,0.634874,-0.481831,0.021114,-0.163975,0.695939,0.009109,1220.000,0,0.147883,0.000000,0.201759,0.386971
tracking_cdrone3_20260820_202954_533_milestone4,milestone4,1787283023.115468979,target_map,3,6,0,detected,-12.559510,-0.469033,0.618390,-0.481831,0.021114,-0.163975,0.677777,0.009109,1220.000,0,0.248413,0.000000,0.236944,0.412103
tracking_cdrone3_20260820_202954_533_milestone4,milestone4,1787283023.118786812,raw,6,6,0,detected,-12.439694,-0.470701,0.621615,0.000476,0.013812,-0.144838,0.667969,0.008703,1425.000,0,0.000000,0.000000,0.000000,0.000000
tracking_cdrone3_20260820_202954_533_milestone4,milestone4,1787283023.214860916,target_map,3,6,0,detected,-12.459530,-0.469135,0.607560,-0.216562,0.017098,-0.153449,0.652673,0.008703,1425.000,0,0.091594,0.000000,0.182058,0.372899
tracking_cdrone3_20260820_202954_533_milestone4,milestone4,1787283023.314891100,target_map,3,6,0,detected,-12.481192,-0.467425,0.592211,-0.216562,0.017098,-0.153449,0.635970,0.008703,1425.000,0,0.191619,0.000000,0.217067,0.397905
tracking_cdrone3_20260820_202954_533_milestone4,milestone4,1787283023.366851330,raw,6,6,0,detected,-12.441120,-0.467671,0.567773,-0.005747,0.012213,-0.217048,0.745117,0.009152,1283.250,0,0.000000,0.000000,0.000000,0.000000
tracking_cdrone3_20260820_202954_533_milestone4,milestone4,1787283023.414834261,target_map,3,6,0,detected,-12.445535,-0.467039,0.559506,-0.100614,0.014411,-0.188429,0.736945,0.009152,1283.250,0,0.043872,0.000000,0.165355,0.360968
tracking_cdrone3_20260820_202954_533_milestone4,milestone4,1787283023.514792442,target_map,3,6,0,detected,-12.455591,-0.465598,0.540671,-0.100614,0.014411,-0.188429,0.718325,0.009152,1283.250,0,0.143829,0.000000,0.200340,0.385957
tracking_cdrone3_20260820_202954_533_milestone4,milestone4,1787283023.615065336,target_map,3,6,0,detected,-12.465679,-0.464153,0.521778,-0.100614,0.014411,-0.188429,0.699647,0.009152,1283.250,0,0.244096,0.000000,0.235433,0.411024
tracking_cdrone3_20260820_202954_533_milestone4,milestone4,1787283023.615087748,raw,6,6,0,detected,-12.443645,-0.467582,0.540331,-0.010171,0.000361,-0.110548,0.793945,0.008926,1398.250,0,0.000000,0.000000,0.000000,0.000000
tracking_cdrone3_20260820_202954_533_milestone4,milestone4,1787283023.715150595,target_map,3,6,0,detected,-12.448544,-0.466938,0.526310,-0.050870,0.006684,-0.145594,0.774830,0.008926,1398.250,0,0.096303,0.000000,0.183706,0.374076
tracking_cdrone3_20260820_202954_533_milestone4,milestone4,1787283023.815186024,target_map,3,6,0,detected,-12.453632,-0.466269,0.511745,-0.050870,0.006684,-0.145594,0.754975,0.008926,1398.250,0,0.196339,0.000000,0.218719,0.399085
tracking_cdrone3_20260820_202954_533_milestone4,milestone4,1787283023.846300602,raw,6,6,0,detected,-12.446252,-0.467834,0.527541,-0.011275,-0.001094,-0.055314,0.796875,0.008803,1176.000,0,0.000000,0.000000,0.000000,0.000000
tracking_cdrone3_20260820_202954_533_milestone4,milestone4,1787283023.914887190,target_map,3,6,0,detected,-12.448152,-0.467677,0.521278,-0.029093,0.002406,-0.095940,0.783868,0.008803,1176.000,0,0.065288,0.000000,0.172851,0.366322
tracking_cdrone3_20260820_202954_533_milestone4,milestone4,1787283024.015106678,target_map,3,6,0,detected,-12.451067,-0.467436,0.511663,-0.029093,0.002406,-0.095940,0.763904,0.008803,1176.000,0,0.165502,0.000000,0.207926,0.391376
tracking_cdrone3_20260820_202954_533_milestone4,milestone4,1787283024.072468042,raw,6,6,0,detected,-12.450901,-0.468333,0.516105,-0.020555,-0.002202,-0.050564,0.827637,0.008557,1248.750,0,0.000000,0.000000,0.000000,0.000000
tracking_cdrone3_20260820_202954_533_milestone4,milestone4,1787283024.115176916,target_map,3,6,0,detected,-12.451784,-0.468337,0.513537,-0.024397,-0.000129,-0.070983,0.820149,0.008557,1248.750,0,0.036187,0.000000,0.162666,0.359047
tracking_cdrone3_20260820_202954_533_milestone4,milestone4,1787283024.214845419,target_map,3,6,0,detected,-12.454216,-0.468350,0.506461,-0.024397,-0.000129,-0.070983,0.799526,0.008557,1248.750,0,0.135862,0.000000,0.197552,0.383966
tracking_cdrone3_20260820_202954_533_milestone4,milestone4,1787283024.314912796,target_map,3,6,0,detected,-12.456656,-0.468363,0.499359,-0.024397,-0.000129,-0.070983,0.778822,0.008557,1248.750,0,0.235921,0.000000,0.232572,0.408980
tracking_cdrone3_20260820_202954_533_milestone4,milestone4,1787283024.326944351,raw,6,6,0,detected,-12.461294,-0.467856,0.499802,-0.040841,0.001874,-0.064068,0.824707,0.008773,1126.250,0,0.000000,0.000000,0.000000,0.000000
tracking_cdrone3_20260820_202954_533_milestone4,milestone4,1787283024.414862156,target_map,3,6,0,detected,-12.464152,-0.467773,0.494060,-0.033441,0.000973,-0.067180,0.807086,0.008773,1126.250,0,0.085467,0.000000,0.179913,0.371367
tracking_cdrone3_20260820_202954_533_milestone4,milestone4,1787283024.514945269,target_map,3,6,0,detected,-12.467499,-0.467675,0.487337,-0.033441,0.000973,-0.067180,0.786452,0.008773,1126.250,0,0.185544,0.000000,0.214940,0.396386
tracking_cdrone3_20260820_202954_533_milestone4,milestone4,1787283024.581650734,raw,6,6,0,detected,-12.484242,-0.466972,0.473947,-0.090098,0.003469,-0.101509,0.730469,0.008301,1398.375,0,0.000000,0.000000,0.000000,0.000000
tracking_cdrone3_20260820_202954_533_milestone4,milestone4,1787283024.614832640,target_map,3,6,0,detected,-12.486241,-0.466900,0.471284,-0.064603,0.002346,-0.086061,0.724817,0.008301,1398.375,0,0.030949,0.000000,0.160832,0.357737
tracking_cdrone3_20260820_202954_533_milestone4,milestone4,1787283024.714980364,target_map,3,6,0,detected,-12.492711,-0.466665,0.462666,-0.064603,0.002346,-0.086061,0.706531,0.008301,1398.375,0,0.131084,0.000000,0.195879,0.382771
tracking_cdrone3_20260820_202954_533_milestone4,milestone4,1787283024.815425396,target_map,3,6,0,detected,-12.499197,-0.466429,0.454025,-0.064603,0.002346,-0.086061,0.688194,0.008301,1398.375,0,0.231492,0.000000,0.231022,0.407873
tracking_cdrone3_20260820_202954_533_milestone4,milestone4,1787283024.826303005,raw,6,6,0,detected,-12.492186,-0.467365,0.465026,-0.032466,-0.001607,-0.036463,0.755859,0.008696,1223.750,0,0.000000,0.000000,0.000000,0.000000
tracking_cdrone3_20260820_202954_533_milestone4,milestone4,1787283024.915135860,target_map,3,6,0,detected,-12.495913,-0.467352,0.460357,-0.046927,0.000172,-0.058782,0.740852,0.008696,1223.750,0,0.079420,0.000000,0.177797,0.369855
tracking_cdrone3_20260820_202954_533_milestone4,milestone4,1787283025.015162706,target_map,3,6,0,detected,-12.500607,-0.467334,0.454478,-0.046927,0.000172,-0.058782,0.721951,0.008696,1223.750,0,0.179440,0.000000,0.212804,0.394860
tracking_cdrone3_20260820_202954_533_milestone4,milestone4,1787283025.055349350,raw,6,6,0,detected,-12.498459,-0.467686,0.456915,-0.027390,-0.001399,-0.035413,0.805664,0.008880,1076.625,0,0.000000,0.000000,0.000000,0.000000
tracking_cdrone3_20260820_202954_533_milestone4,milestone4,1787283025.115216255,target_map,3,6,0,detected,-12.500536,-0.467725,0.454278,-0.036182,-0.000692,-0.045929,0.794100,0.008880,1076.625,0,0.057414,0.000000,0.170095,0.364353
tracking_cdrone3_20260820_202954_533_milestone4,milestone4,1787283025.214964151,target_map,3,6,0,detected,-12.504144,-0.467794,0.449698,-0.036182,-0.000692,-0.045929,0.774017,0.008880,1076.625,0,0.157124,0.000000,0.204993,0.389281
tracking_cdrone3_20260820_202954_533_milestone4,milestone4,1787283025.282200575,raw,6,6,0,detected,-12.506676,-0.469474,0.445943,-0.036223,-0.007885,-0.048366,0.816406,0.009290,1265.000,0,0.000000,0.000000,0.000000,0.000000
tracking_cdrone3_20260820_202954_533_milestone4,milestone4,1787283025.314834118,target_map,3,6,0,detected,-12.507748,-0.469612,0.444543,-0.036205,-0.004648,-0.047270,0.810364,0.009290,1265.000,0,0.029606,0.000000,0.160362,0.357401
tracking_cdrone3_20260820_202954_533_milestone4,milestone4,1787283025.415000916,target_map,3,6,0,detected,-12.511374,-0.470078,0.439809,-0.036205,-0.004648,-0.047270,0.789920,0.009290,1265.000,0,0.129768,0.000000,0.195419,0.382442
tracking_cdrone3_20260820_202954_533_milestone4,milestone4,1787283025.512166739,raw,6,6,0,detected,-12.518654,-0.468802,0.428428,-0.052085,0.002923,-0.076161,0.820312,0.009309,1168.750,0,0.000000,0.000000,0.000000,0.000000
tracking_cdrone3_20260820_202954_533_milestone4,milestone4,1787283025.516173840,target_map,3,6,0,detected,-12.518712,-0.468803,0.428346,-0.044939,-0.000484,-0.063160,0.820048,0.009309,1168.750,0,0.001291,0.000000,0.150452,0.350323
tracking_cdrone3_20260820_202954_533_milestone4,milestone4,1787283025.615172625,target_map,3,6,0,detected,-12.523160,-0.468851,0.422095,-0.044939,-0.000484,-0.063160,0.799750,0.009309,1168.750,0,0.100267,0.000000,0.185094,0.375067
tracking_cdrone3_20260820_202954_533_milestone4,milestone4,1787283025.715301514,target_map,3,6,0,detected,-12.527659,-0.468899,0.415771,-0.044939,-0.000484,-0.063160,0.779216,0.009309,1168.750,0,0.200396,0.000000,0.220139,0.400099
tracking_cdrone3_20260820_202954_533_milestone4,milestone4,1787283025.760985374,raw,6,6,0,detected,-12.523315,-0.467790,0.420508,-0.018735,0.004069,-0.031829,0.694336,0.009163,1139.500,0,0.000000,0.000000,0.000000,0.000000
tracking_cdrone3_20260820_202954_533_milestone4,milestone4,1787283025.815771341,target_map,3,6,0,detected,-12.524851,-0.467688,0.418198,-0.030527,0.002020,-0.045928,0.685606,0.009163,1139.500,0,0.050294,0.000000,0.167603,0.362573
tracking_cdrone3_20260820_202954_533_milestone4,milestone4,1787283025.914850235,target_map,3,6,0,detected,-12.527875,-0.467488,0.413648,-0.030527,0.002020,-0.045928,0.668408,0.009163,1139.500,0,0.149371,0.000000,0.202280,0.387343
tracking_cdrone3_20260820_202954_533_milestone4,milestone4,1787283025.974410057,raw,6,6,0,detected,-12.527038,-0.465361,0.411601,-0.017440,0.011382,-0.041735,0.789062,0.008535,1186.500,0,0.000000,0.000000,0.000000,0.000000
tracking_cdrone3_20260820_202954_533_milestone4,milestone4,1787283026.015223026,target_map,3,6,0,detected,-12.527925,-0.465088,0.409943,-0.023329,0.007169,-0.043622,0.781563,0.008535,1186.500,0,0.038015,0.000000,0.163305,0.359504
tracking_cdrone3_20260820_202954_533_milestone4,milestone4,1787283026.115135193,target_map,3,6,0,detected,-12.530255,-0.464372,0.405584,-0.023329,0.007169,-0.043622,0.761853,0.008535,1186.500,0,0.137931,0.000000,0.198276,0.384483
tracking_cdrone3_20260820_202954_533_milestone4,milestone4,1787283026.203456402,raw,6,6,0,detected,-3.669378,-0.736434,1.838428,38.673321,-1.183531,6.229653,0.799805,8.990157,1325.250,0,0.000000,0.000000,0.000000,0.000000
tracking_cdrone3_20260820_202954_533_milestone4,milestone4,1787283026.215562582,target_map,3,6,0,detected,-3.636358,-0.737423,1.843611,4.331522,-0.129654,0.679800,0.798280,8.990157,1325.250,0,0.007623,0.000000,0.152668,0.351906
tracking_cdrone3_20260820_202954_533_milestone4,milestone4,1787283026.314770937,target_map,3,6,0,detected,-3.206614,-0.750286,1.911056,4.331522,-0.129654,0.679800,0.778443,8.990157,1325.250,0,0.106836,0.000000,0.187393,0.376709
tracking_cdrone3_20260820_202954_533_milestone4,milestone4,1787283026.414966345,target_map,3,6,0,detected,-2.772655,-0.763276,1.979162,4.331522,-0.129654,0.679800,0.758410,8.990157,1325.250,0,0.207022,0.000000,0.222458,0.401756
tracking_cdrone3_20260820_202954_533_milestone4,milestone4,1787283026.420315504,raw,6,6,0,detected,-3.698647,-0.748818,1.813213,-0.134965,-0.057100,-0.116272,0.743164,8.966564,1102.500,1,0.000000,0.000000,0.000000,0.000000
tracking_cdrone3_20260820_202954_533_milestone4,milestone4,1787283026.514851093,target_map,3,6,0,detected,-3.526263,-0.757069,1.835459,1.874954,-0.089749,0.241961,0.726082,8.966564,1102.500,1,0.091941,0.000000,0.182179,0.372985
tracking_cdrone3_20260820_202954_533_milestone4,milestone4,1787283026.615138531,target_map,3,6,0,detected,-3.338261,-0.766068,1.859720,1.874954,-0.089749,0.241961,0.707453,8.966564,1102.500,1,0.192211,0.000000,0.217274,0.398053
tracking_cdrone3_20260820_202954_533_milestone4,milestone4,1787283026.715041399,target_map,3,6,2,predicted,-3.150924,-0.775036,1.883896,1.874954,-0.089749,0.241961,0.688890,8.966564,1102.500,1,0.292126,0.292126,0.252244,0.423031
tracking_cdrone3_20260820_202954_533_milestone4,milestone4,1787283026.815162420,target_map,3,6,2,predicted,-2.963230,-0.784020,1.908118,1.874954,-0.089749,0.241961,0.670291,8.966564,1102.500,1,0.392232,0.392232,0.287281,0.448058
tracking_cdrone3_20260820_202954_533_milestone4,milestone4,1787283026.850643396,raw,7,7,0,detected,-4.630573,-0.736198,1.724402,0.000000,0.000000,0.000000,0.766602,8.038008,1559.250,0,0.000000,0.000000,0.000000,0.000000
tracking_cdrone3_20260820_202954_533_milestone4,milestone4,1787283026.915259838,target_map,3,6,2,predicted,-2.775531,-0.793005,1.932340,1.874954,-0.089749,0.241961,0.651692,8.966564,1102.500,1,0.492341,0.492341,0.322319,0.473085
tracking_cdrone3_20260820_202954_533_milestone4,milestone4,1787283026.915259838,target_map,4,7,0,detected,-4.630573,-0.736198,1.724402,0.000000,0.000000,0.000000,0.754955,8.038008,1559.250,0,0.060769,0.000000,0.171269,0.365192
tracking_cdrone3_20260820_202954_533_milestone4,milestone4,1787283027.015260935,target_map,3,6,2,predicted,-2.588061,-0.801979,1.956533,1.874954,-0.089749,0.241961,0.633115,8.966564,1102.500,1,0.592327,0.592327,0.357314,0.498082
tracking_cdrone3_20260820_202954_533_milestone4,milestone4,1787283027.015260935,target_map,4,7,0,detected,-4.630573,-0.736198,1.724402,0.000000,0.000000,0.000000,0.735793,8.038008,1559.250,0,0.160756,0.000000,0.206265,0.390189
tracking_cdrone3_20260820_202954_533_milestone4,milestone4,1787283027.097899199,raw,7,7,0,detected,-12.539370,-0.455982,0.354305,-31.986198,1.133301,-5.541196,0.767578,0.008354,1168.500,1,0.000000,0.000000,0.000000,0.000000
tracking_cdrone3_20260820_202954_533_milestone4,milestone4,1787283027.115602016,target_map,3,6,2,predicted,-2.399876,-0.810987,1.980818,1.874954,-0.089749,0.241961,0.614468,8.966564,1102.500,1,0.692695,0.692695,0.392443,0.523174
tracking_cdrone3_20260820_202954_533_milestone4,milestone4,1787283027.115602016,target_map,4,7,0,detected,-12.597391,-0.453926,0.344254,-4.332786,0.153515,-0.750599,0.765008,0.008354,1168.500,1,0.013391,0.000000,0.154687,0.353348
tracking_cdrone3_20260820_202954_533_milestone4,milestone4,1787283027.214995861,target_map,3,6,2,predicted,-2.213536,-0.819906,2.004865,1.874954,-0.089749,0.241961,0.596003,8.966564,1102.500,1,0.792079,0.792079,0.427228,0.548020
tracking_cdrone3_20260820_202954_533_milestone4,milestone4,1787283027.214995861,target_map,4,7,0,detected,-13.028001,-0.438669,0.269656,-4.332786,0.153515,-0.750599,0.745937,0.008354,1168.500,1,0.112775,0.000000,0.189471,0.378194
tracking_cdrone3_20260820_202954_533_milestone4,milestone4,1787283027.313441038,raw,7,7,0,detected,-3.515570,-0.701874,1.806902,41.866020,-1.140819,6.739340,0.724609,9.151913,1168.750,0,0.000000,0.000000,0.000000,0.000000
tracking_cdrone3_20260820_202954_533_milestone4,milestone4,1787283027.314991236,target_map,3,6,2,predicted,-2.026043,-0.828881,2.029060,1.874954,-0.089749,0.241961,0.577424,8.966564,1102.500,1,0.892077,0.892077,0.462227,0.573019
tracking_cdrone3_20260820_202954_533_milestone4,milestone4,1787283027.314991236,target_map,4,7,0,detected,-13.461273,-0.423318,0.194597,-4.332786,0.153515,-0.750599,0.726748,0.008354,1168.500,1,0.212774,0.000000,0.224471,0.403193
tracking_cdrone3_20260820_202954_533_milestone4,milestone4,1787283027.415205240,target_map,3,6,2,predicted,-1.838173,-0.837874,2.053305,1.874954,-0.089749,0.241961,0.558808,8.966564,1102.500,1,0.992277,0.992277,0.497297,0.598069
tracking_cdrone3_20260820_202954_533_milestone4,milestone4,1787283027.415205240,target_map,4,7,0,detected,-3.287552,-0.706567,1.841328,2.392752,-0.049249,0.361261,0.707346,9.151913,1168.750,0,0.095295,0.000000,0.183353,0.373824
tracking_cdrone3_20260820_202954_533_milestone4,milestone4,1787283027.514930248,target_map,3,6,2,predicted,-1.651178,-0.846825,2.077436,1.874954,-0.089749,0.241961,0.540278,8.966564,1102.500,1,1.092010,1.092010,0.532204,0.623003
tracking_cdrone3_20260820_202954_533_milestone4,milestone4,1787283027.514930248,target_map,4,7,0,detected,-3.048915,-0.711478,1.877358,2.392752,-0.049249,0.361261,0.689279,9.151913,1168.750,0,0.195029,0.000000,0.218260,0.398757
tracking_cdrone3_20260820_202954_533_milestone4,milestone4,1787283027.541845560,raw,7,7,0,detected,-3.612635,-0.679377,1.872045,-0.424982,0.098497,0.285219,0.814453,9.065810,1391.500,1,0.000000,0.000000,0.000000,0.000000
tracking_cdrone3_20260820_202954_533_milestone4,milestone4,1787283027.615063667,target_map,3,6,2,predicted,-1.463421,-0.855812,2.101666,1.874954,-0.089749,0.241961,0.521673,8.966564,1102.500,1,1.192150,1.192150,0.567252,0.648037
tracking_cdrone3_20260820_202954_533_milestone4,milestone4,1787283027.615063667,target_map,4,7,0,detected,-3.553626,-0.677136,1.894405,0.842998,0.032012,0.319438,0.800200,9.065810,1391.500,1,0.069999,0.000000,0.174500,0.367500
tracking_cdrone3_20260820_202954_533_milestone4,milestone4,1787283027.714915276,target_map,3,6,2,predicted,-1.276211,-0.864774,2.125825,1.874954,-0.089749,0.241961,0.503123,8.966564,1102.500,1,1.291997,1.291997,0.602199,0.672999
tracking_cdrone3_20260820_202954_533_milestone4,milestone4,1787283027.714915276,target_map,4,7,0,detected,-3.469454,-0.673940,1.926301,0.842998,0.032012,0.319438,0.779870,9.065810,1391.500,1,0.169847,0.000000,0.209446,0.392462
tracking_cdrone3_20260820_202954_533_milestone4,milestone4,1787283027.749999285,raw,7,7,0,detected,-12.531090,-0.467407,0.323339,-42.843952,1.018297,-7.439933,0.800781,0.008989,1395.000,1,0.000000,0.000000,0.000000,0.000000
tracking_cdrone3_20260820_202954_533_milestone4,milestone4,1787283027.815113068,target_map,3,6,2,predicted,-1.088350,-0.873766,2.150069,1.874954,-0.089749,0.241961,0.484507,8.966564,1102.500,1,1.392192,1.392192,0.637267,0.698048
tracking_cdrone3_20260820_202954_533_milestone4,milestone4,1787283027.815113068,target_map,4,7,0,detected,-12.775677,-0.460145,0.285682,-3.954585,0.117412,-0.608849,0.788399,0.008989,1395.000,1,0.061849,0.000000,0.171647,0.365462
tracking_cdrone3_20260820_202954_533_milestone4,milestone4,1787283027.915194511,target_map,3,6,2,predicted,-0.900718,-0.882748,2.174282,1.874954,-0.089749,0.241961,0.465915,8.966564,1102.500,1,1.492265,1.492265,0.672293,0.723066
tracking_cdrone3_20260820_202954_533_milestone4,milestone4,1787283027.915194511,target_map,4,7,0,detected,-13.171424,-0.448395,0.224753,-3.954585,0.117412,-0.608849,0.768365,0.008989,1395.000,1,0.161922,0.000000,0.206673,0.390480
tracking_cdrone3_20260820_202954_533_milestone4,milestone4,1787283028.007776499,raw,7,7,0,detected,-2.872803,-0.703987,1.992622,37.468407,-0.917790,6.475827,0.825684,9.813057,1830.875,0,0.000000,0.000000,0.000000,0.000000
tracking_cdrone3_20260820_202954_533_milestone4,milestone4,1787283028.014892817,target_map,3,6,2,predicted,-0.713776,-0.891696,2.198407,1.874954,-0.089749,0.241961,0.447390,8.966564,1102.500,1,1.591970,1.591970,0.707190,0.747993
tracking_cdrone3_20260820_202954_533_milestone4,milestone4,1787283028.014892817,target_map,4,7,0,detected,-2.861670,-0.704219,1.994693,2.554893,-0.053337,0.475161,0.824784,9.813057,1830.875,0,0.004358,0.000000,0.151525,0.351089
tracking_cdrone3_20260820_202954_533_milestone4,milestone4,1787283028.114847183,target_map,3,6,2,predicted,-0.526343,-0.900668,2.222595,1.874954,-0.089749,0.241961,0.428817,8.966564,1102.500,1,1.691937,1.691937,0.742178,0.772984
tracking_cdrone3_20260820_202954_533_milestone4,milestone4,1787283028.114847183,target_map,4,7,0,detected,-2.606265,-0.709551,2.042193,2.554893,-0.053337,0.475161,0.804149,9.813057,1830.875,0,0.104325,0.000000,0.186514,0.376081
tracking_cdrone3_20260820_202954_533_milestone4,milestone4,1787283028.215099812,target_map,3,6,2,predicted,-0.338399,-0.909664,2.246849,1.874954,-0.089749,0.241961,0.410194,8.966564,1102.500,1,1.792176,1.792176,0.777262,0.798044
tracking_cdrone3_20260820_202954_533_milestone4,milestone4,1787283028.215099812,target_map,4,7,0,detected,-2.350165,-0.714898,2.089823,2.554893,-0.053337,0.475161,0.783457,9.813057,1830.875,0,0.204564,0.000000,0.221597,0.401141
tracking_cdrone3_20260820_202954_533_milestone4,milestone4,1787283028.246698380,raw,7,7,0,detected,-3.975904,-0.614791,1.777740,-4.616916,0.373319,-0.899369,0.821777,8.689219,1416.000,1,0.000000,0.000000,0.000000,0.000000
tracking_cdrone3_20260820_202954_533_milestone4,milestone4,1787283028.315089941,target_map,3,6,2,predicted,-0.150911,-0.918639,2.271044,1.874954,-0.089749,0.241961,0.391615,8.966564,1102.500,1,1.892172,1.892172,0.812260,0.823043
tracking_cdrone3_20260820_202954_533_milestone4,milestone4,1787283028.315089941,target_map,4,7,0,detected,-4.066585,-0.602959,1.759414,-1.389602,0.181324,-0.280830,0.808371,8.689219,1416.000,1,0.065257,0.000000,0.172840,0.366314
tracking_cdrone3_20260820_202954_533_milestone4,milestone4,1787283028.415262699,target_map,3,6,2,predicted,0.036884,-0.927628,2.295279,1.874954,-0.089749,0.241961,0.373007,8.966564,1102.500,1,1.992332,1.992332,0.847316,0.848083
tracking_cdrone3_20260820_202954_533_milestone4,milestone4,1787283028.415262699,target_map,4,7,0,detected,-4.205767,-0.584797,1.731286,-1.389602,0.181324,-0.280830,0.787793,8.689219,1416.000,1,0.165416,0.000000,0.207896,0.391354
tracking_cdrone3_20260820_202954_533_milestone4,milestone4,1787283028.476925373,raw,7,7,0,detected,3.596338,-0.740371,3.036035,32.886757,-0.545400,5.464859,0.787109,16.368736,1335.000,0,0.000000,0.000000,0.000000,0.000000
tracking_cdrone3_20260820_202954_533_milestone4,milestone4,1787283028.514811516,target_map,3,6,2,predicted,0.223575,-0.936565,2.319371,1.874954,-0.089749,0.241961,0.354507,8.966564,1102.500,1,2.091903,2.091903,0.882166,0.872976
tracking_cdrone3_20260820_202954_533_milestone4,milestone4,1787283028.514811516,target_map,4,7,0,detected,3.726202,-0.740034,3.056829,3.714579,0.009622,0.594796,0.780230,16.368736,1335.000,0,0.034961,0.000000,0.162236,0.358740
tracking_cdrone3_20260820_202954_533_milestone4,milestone4,1787283028.615108728,target_map,3,6,2,predicted,0.411582,-0.945564,2.343633,1.874954,-0.089749,0.241961,0.335877,8.966564,1102.500,1,2.192176,2.192176,0.917262,0.898044
tracking_cdrone3_20260820_202954_533_milestone4,milestone4,1787283028.615108728,target_map,4,7,0,detected,4.098672,-0.739070,3.116471,3.714579,0.009622,0.594796,0.760499,16.368736,1335.000,0,0.135233,0.000000,0.197332,0.383808
tracking_cdrone3_20260820_202954_533_milestone4,milestone4,1787283028.715343475,target_map,3,6,2,predicted,0.599548,-0.954562,2.367890,1.874954,-0.089749,0.241961,0.317252,8.966564,1102.500,1,2.292427,2.292427,0.952349,0.923107
tracking_cdrone3_20260820_202954_533_milestone4,milestone4,1787283028.715343475,target_map,4,7,0,detected,4.471064,-0.738105,3.176100,3.714579,0.009622,0.594796,0.740771,16.368736,1335.000,0,0.235484,0.000000,0.232420,0.408871
tracking_cdrone3_20260820_202954_533_milestone4,milestone4,1787283028.739573479,raw,7,7,0,detected,-3.967638,-0.652375,1.822985,-28.801643,0.335064,-4.618977,0.612305,8.714944,1291.500,1,0.000000,0.000000,0.000000,0.000000
tracking_cdrone3_20260820_202954_533_milestone4,milestone4,1787283028.815135956,target_map,3,6,2,predicted,0.786649,-0.963518,2.392035,1.874954,-0.089749,0.241961,0.298712,8.966564,1102.500,1,2.392216,2.392216,0.987276,0.948054
tracking_cdrone3_20260820_202954_533_milestone4,milestone4,1787283028.815135956,target_map,4,7,0,detected,-4.159155,-0.648444,1.792241,-2.672639,0.054868,-0.429030,0.601335,8.714944,1291.500,1,0.071659,0.000000,0.175081,0.367915
tracking_cdrone3_20260820_202954_533_milestone4,milestone4,1787283028.915011168,target_map,3,6,2,predicted,0.973918,-0.972482,2.416202,1.874954,-0.089749,0.241961,0.280155,8.966564,1102.500,1,2.492095,2.492095,1.022233,0.973024
tracking_cdrone3_20260820_202954_533_milestone4,milestone4,1787283028.915011168,target_map,4,7,0,detected,-4.426096,-0.642963,1.749390,-2.672639,0.054868,-0.429030,0.586046,8.714944,1291.500,1,0.171538,0.000000,0.210038,0.392884
tracking_cdrone3_20260820_202954_533_milestone4,milestone4,1787283028.975982189,raw,7,7,0,detected,-12.539619,-0.520462,0.266874,-36.260735,0.558013,-6.582578,0.735840,0.008458,1862.000,1,0.000000,0.000000,0.000000,0.000000
tracking_cdrone3_20260820_202954_533_milestone4,milestone4,1787283029.015066147,target_map,3,6,2,predicted,1.161501,-0.981461,2.440409,1.874954,-0.089749,0.241961,0.261567,8.966564,1102.500,1,2.592142,2.592142,1.057250,0.998036
tracking_cdrone3_20260820_202954_533_milestone4,milestone4,1787283029.015066147,target_map,4,7,0,detected,-12.742607,-0.517111,0.230951,-5.531435,0.091305,-0.978881,0.729089,0.008458,1862.000,1,0.036697,0.000000,0.162844,0.359174
tracking_cdrone3_20260820_202954_533_milestone4,milestone4,1787283029.114990711,target_map,3,6,2,predicted,1.348861,-0.990429,2.464588,1.874954,-0.089749,0.241961,0.243002,8.966564,1102.500,1,2.692070,2.692070,1.092224,1.023018
tracking_cdrone3_20260820_202954_533_milestone4,milestone4,1787283029.114990711,target_map,4,7,0,detected,-13.295351,-0.507987,0.133134,-5.531435,0.091305,-0.978881,0.710706,0.008458,1862.000,1,0.136625,0.000000,0.197819,0.384156
tracking_cdrone3_20260820_202954_533_milestone4,milestone4,1787283029.215238094,target_map,3,6,2,predicted,1.536800,-0.999426,2.488841,1.874954,-0.089749,0.241961,0.224379,8.966564,1102.500,1,2.792307,2.792307,1.127307,1.048077
tracking_cdrone3_20260820_202954_533_milestone4,milestone4,1787283029.215238094,target_map,4,7,0,detected,-13.849803,-0.498835,0.035014,-5.531435,0.091305,-0.978881,0.692267,0.008458,1862.000,1,0.236861,0.000000,0.232902,0.409215
tracking_cdrone3_20260820_202954_533_milestone4,milestone4,1787283029.238939762,raw,7,7,0,detected,-12.544004,-0.527624,0.259720,-0.016675,-0.027237,-0.027203,0.767578,0.008049,1419.000,0,0.000000,0.000000,0.000000,0.000000
tracking_cdrone3_20260820_202954_533_milestone4,milestone4,1787283029.314783335,target_map,3,6,2,predicted,1.723487,-1.008362,2.512933,1.874954,-0.089749,0.241961,0.205880,8.966564,1102.500,1,2.891876,2.891876,1.162156,1.072969
tracking_cdrone3_20260820_202954_533_milestone4,milestone4,1787283029.314783335,target_map,4,7,0,detected,-12.723211,-0.525752,0.227050,-2.498317,0.026107,-0.455458,0.753813,0.008049,1419.000,0,0.071731,0.000000,0.175106,0.367933
tracking_cdrone3_20260820_202954_533_milestone4,milestone4,1787283029.414884090,target_map,3,6,2,predicted,1.911159,-1.017345,2.537152,1.874954,-0.089749,0.241961,0.187283,8.966564,1102.500,1,2.991970,2.991970,1.197189,1.097992
tracking_cdrone3_20260820_202954_533_milestone4,milestone4,1787283029.414884090,target_map,4,7,0,detected,-12.973278,-0.523138,0.181461,-2.498317,0.026107,-0.455458,0.734606,0.008049,1419.000,0,0.171825,0.000000,0.210139,0.392956
tracking_cdrone3_20260820_202954_533_milestone4,milestone4,1787283029.509288073,raw,7,7,0,detected,-12.553541,-0.538732,0.248779,-0.035274,-0.041086,-0.040471,0.722656,0.008053,912.875,0,0.000000,0.000000,0.000000,0.000000
tracking_cdrone3_20260820_202954_533_milestone4,milestone4,1787283029.514871836,target_map,3,6,2,predicted,2.098626,-1.026319,2.561344,1.874954,-0.089749,0.241961,0.168707,8.966564,1102.500,1,3.091955,3.091955,1.232184,1.122989
tracking_cdrone3_20260820_202954_533_milestone4,milestone4,1787283029.514871836,target_map,4,7,0,detected,-12.557164,-0.538767,0.248059,-1.143643,-0.010849,-0.227215,0.722084,0.008053,912.875,0,0.003168,0.000000,0.151109,0.350792
tracking_cdrone3_20260820_202954_533_milestone4,milestone4,1787283029.615166903,target_map,3,6,2,predicted,2.286674,-1.035320,2.585612,1.874954,-0.089749,0.241961,0.150073,8.966564,1102.500,1,3.192249,3.192249,1.267287,1.148062
tracking_cdrone3_20260820_202954_533_milestone4,milestone4,1787283029.615166903,target_map,4,7,0,detected,-12.671865,-0.539855,0.225270,-1.143643,-0.010849,-0.227215,0.703964,0.008053,912.875,0,0.103463,0.000000,0.186212,0.375866
tracking_cdrone3_20260820_202954_533_milestone4,milestone4,1787283029.714843750,target_map,3,6,2,predicted,2.473560,-1.044266,2.609729,1.874954,-0.089749,0.241961,0.131554,8.966564,1102.500,1,3.291924,3.291924,1.302173,1.172981
tracking_cdrone3_20260820_202954_533_milestone4,milestone4,1787283029.714843750,target_map,4,7,0,detected,-12.785858,-0.540936,0.202623,-1.143643,-0.010849,-0.227215,0.685957,0.008053,912.875,0,0.203138,0.000000,0.221098,0.400784
tracking_cdrone3_20260820_202954_533_milestone4,milestone4,1787283029.779118299,raw,7,7,0,detected,-12.572372,-0.559214,0.228625,-0.069790,-0.075907,-0.074690,0.812500,0.007807,1462.500,0,0.000000,0.000000,0.000000,0.000000
tracking_cdrone3_20260820_202954_533_milestone4,milestone4,1787283029.815132141,target_map,3,6,2,predicted,2.661598,-1.053267,2.633995,1.874954,-0.089749,0.241961,0.112921,8.966564,1102.500,1,3.392214,3.392214,1.337275,1.198053
tracking_cdrone3_20260820_202954_533_milestone4,milestone4,1787283029.815132141,target_map,4,7,0,detected,-12.590754,-0.560764,0.223861,-0.553024,-0.046631,-0.143326,0.805749,0.007807,1462.500,0,0.033237,0.000000,0.161633,0.358309
tracking_cdrone3_20260820_202954_533_milestone4,milestone4,1787283029.915059328,target_map,3,6,2,predicted,2.848955,-1.062235,2.658174,1.874954,-0.089749,0.241961,0.094356,8.966564,1102.500,1,3.492140,3.492140,1.372249,1.223035
tracking_cdrone3_20260820_202954_533_milestone4,milestone4,1787283029.915059328,target_map,4,7,0,detected,-12.646015,-0.565424,0.209539,-0.553024,-0.046631,-0.143326,0.785451,0.007807,1462.500,0,0.133163,0.000000,0.196607,0.383291
tracking_cdrone3_20260820_202954_533_milestone4,milestone4,1787283030.015187502,target_map,3,6,2,predicted,3.036683,-1.071221,2.682400,1.874954,-0.089749,0.241961,0.075754,8.966564,1102.500,1,3.592264,3.592264,1.407292,1.248066
tracking_cdrone3_20260820_202954_533_milestone4,milestone4,1787283030.015187502,target_map,4,7,0,detected,-12.701385,-0.570093,0.195189,-0.553024,-0.046631,-0.143326,0.765114,0.007807,1462.500,0,0.233287,0.000000,0.231650,0.408322
tracking_cdrone3_20260820_202954_533_milestone4,milestone4,1787283030.036576033,raw,7,7,0,detected,-12.583157,-0.572465,0.220199,-0.041888,-0.051473,-0.032728,0.844238,0.007573,1007.000,0,0.000000,0.000000,0.000000,0.000000
tracking_cdrone3_20260820_202954_533_milestone4,milestone4,1787283030.114922762,target_map,3,6,2,predicted,3.223704,-1.080173,2.706534,1.874954,-0.089749,0.241961,0.057222,8.966564,1102.500,1,3.692011,3.692011,1.442204,1.273003
tracking_cdrone3_20260820_202954_533_milestone4,milestone4,1787283030.114922762,target_map,4,7,0,detected,-12.603498,-0.576153,0.214028,-0.271899,-0.049294,-0.082497,0.828448,0.007573,1007.000,0,0.074814,0.000000,0.176185,0.368703
tracking_cdrone3_20260820_202954_533_milestone4,milestone4,1787283030.215628624,target_map,3,6,2,predicted,3.412453,-1.089208,2.730892,1.874954,-0.089749,0.241961,0.038518,8.966564,1102.500,1,3.792680,3.792680,1.477438,1.298170
tracking_cdrone3_20260820_202954_533_milestone4,milestone4,1787283030.215628624,target_map,4,7,0,detected,-12.630870,-0.581116,0.205723,-0.271899,-0.049294,-0.082497,0.807201,0.007573,1007.000,0,0.175483,0.000000,0.211419,0.393871
tracking_cdrone3_20260820_202954_533_milestone4,milestone4,1787283030.288586617,raw,7,7,0,detected,-12.592123,-0.585334,0.206774,-0.035580,-0.051060,-0.053273,0.811523,0.007971,1181.250,0,0.000000,0.000000,0.000000,0.000000
tracking_cdrone3_20260820_202954_533_milestone4,milestone4,1787283030.315100193,target_map,3,6,2,predicted,3.599012,-1.098139,2.754967,1.874954,-0.089749,0.241961,0.020032,8.966564,1102.500,1,3.892180,3.892180,1.512263,1.323045
tracking_cdrone3_20260820_202954_533_milestone4,milestone4,1787283030.315100193,target_map,4,7,0,detected,-12.595494,-0.586528,0.205196,-0.141924,-0.050265,-0.066424,0.806705,0.007971,1181.250,0,0.023751,0.000000,0.158313,0.355938
tracking_cdrone3_20260820_202954_533_milestone4,milestone4,1787283030.415141344,target_map,3,6,2,predicted,3.786586,-1.107117,2.779174,1.874954,-0.089749,0.241961,0.001445,8.966564,1102.500,1,3.992222,3.992222,1.547278,1.348055
tracking_cdrone3_20260820_202954_533_milestone4,milestone4,1787283030.415141344,target_map,4,7,0,detected,-12.609693,-0.591556,0.198551,-0.141924,-0.050265,-0.066424,0.786408,0.007971,1181.250,0,0.123793,0.000000,0.193328,0.380948
tracking_cdrone3_20260820_202954_533_milestone4,milestone4,1787283030.515394926,target_map,3,6,2,predicted,3.974546,-1.116114,2.803430,1.874954,-0.089749,0.241961,0.000000,8.966564,1102.500,1,4.092470,4.092470,1.582364,1.373117
tracking_cdrone3_20260820_202954_533_milestone4,milestone4,1787283030.515394926,target_map,4,7,0,detected,-12.623919,-0.596595,0.191892,-0.141924,-0.050265,-0.066424,0.766070,0.007971,1181.250,0,0.224041,0.000000,0.228414,0.406010
tracking_cdrone3_20260820_202954_533_milestone4,milestone4,1787283030.551520348,raw,7,7,0,detected,-12.594151,-0.606305,0.191764,-0.007711,-0.079758,-0.057086,0.857422,0.018480,1049.125,0,0.000000,0.000000,0.000000,0.000000
tracking_cdrone3_20260820_202954_533_milestone4,milestone4,1787283030.615056753,target_map,3,6,2,predicted,4.161424,-1.125060,2.827546,1.874954,-0.089749,0.241961,0.000000,8.966564,1102.500,1,4.192141,4.192141,1.617249,1.398035
tracking_cdrone3_20260820_202954_533_milestone4,milestone4,1787283030.615056753,target_map,4,7,0,detected,-12.598303,-0.610359,0.188027,-0.068107,-0.066486,-0.061288,0.844352,0.018480,1049.125,0,0.060973,0.000000,0.171341,0.365243
tracking_cdrone3_20260820_202954_533_milestone4,milestone4,1787283030.714879513,target_map,3,6,2,predicted,4.348589,-1.134019,2.851699,1.874954,-0.089749,0.241961,0.000000,8.966564,1102.500,1,4.291964,4.291964,1.652187,1.422991
tracking_cdrone3_20260820_202954_533_milestone4,milestone4,1787283030.714879513,target_map,4,7,0,detected,-12.605102,-0.616996,0.181909,-0.068107,-0.066486,-0.061288,0.822954,0.018480,1049.125,0,0.160797,0.000000,0.206279,0.390199
tracking_cdrone3_20260820_202954_533_milestone4,milestone4,1787283030.809396982,raw,7,7,1,held,-12.602424,-0.636090,0.168464,-0.032080,-0.115498,-0.090348,0.857422,0.028788,1049.125,0,0.257882,0.257882,0.000000,0.000000
tracking_cdrone3_20260820_202954_533_milestone4,milestone4,1787283030.815176964,target_map,3,6,2,predicted,4.536629,-1.143020,2.875966,1.874954,-0.089749,0.241961,0.000000,8.966564,1102.500,1,4.392255,4.392255,1.687289,1.448064
tracking_cdrone3_20260820_202954_533_milestone4,milestone4,1787283030.815176964,target_map,4,7,2,predicted,-12.611933,-0.623663,0.175762,-0.068107,-0.066486,-0.061288,0.801456,0.018480,1049.125,0,0.261088,0.261088,0.241381,0.415272
tracking_cdrone3_20260820_202954_533_milestone4,milestone4,1787283030.914776087,target_map,3,6,2,predicted,4.723404,-1.151960,2.900069,1.874954,-0.089749,0.241961,0.000000,8.966564,1102.500,1,4.491870,4.491870,1.722155,1.472968
tracking_cdrone3_20260820_202954_533_milestone4,milestone4,1787283030.914776087,target_map,4,7,1,held,-12.606981,-0.644908,0.161172,-0.048292,-0.093442,-0.077271,0.781915,0.028788,1049.125,0,0.352253,0.000000,0.183030,0.373593
tracking_cdrone3_20260820_202954_533_milestone4,milestone4,1787283031.015279055,target_map,3,6,2,predicted,4.911740,-1.160976,2.924373,1.874954,-0.089749,0.241961,0.000000,8.966564,1102.500,1,4.592319,4.592319,1.757312,1.498080
tracking_cdrone3_20260820_202954_533_milestone4,milestone4,1787283031.015279055,target_map,4,7,1,held,-12.611832,-0.654294,0.153410,-0.048292,-0.093442,-0.077271,0.760383,0.028788,1049.125,0,0.452701,0.000000,0.218187,0.398705
tracking_cdrone3_20260820_202954_533_milestone4,milestone4,1787283031.115614653,target_map,3,6,2,predicted,5.099963,-1.169985,2.948663,1.874954,-0.089749,0.241961,0.000000,8.966564,1102.500,1,4.692707,4.692707,1.792447,1.523177
tracking_cdrone3_20260820_202954_533_milestone4,milestone4,1787283031.115614653,target_map,4,7,2,predicted,-12.616680,-0.663674,0.145653,-0.048292,-0.093442,-0.077271,0.738864,0.028788,1049.125,0,0.553089,0.553089,0.253322,0.423802
tracking_cdrone3_20260820_202954_533_milestone4,milestone4,1787283031.214901209,target_map,3,6,2,predicted,5.286111,-1.178896,2.972686,1.874954,-0.089749,0.241961,0.000000,8.966564,1102.500,1,4.791988,4.791988,1.827196,1.547997
tracking_cdrone3_20260820_202954_533_milestone4,milestone4,1787283031.214901209,target_map,4,7,2,predicted,-12.621474,-0.672952,0.137982,-0.048292,-0.093442,-0.077271,0.717583,0.028788,1049.125,0,0.652371,0.652371,0.288071,0.448622
tracking_cdrone3_20260820_202954_533_milestone4,milestone4,1787283031.315139294,target_map,3,6,2,predicted,5.474026,-1.187891,2.996936,1.874954,-0.089749,0.241961,0.000000,8.966564,1102.500,1,4.892212,4.892212,1.862274,1.573053
tracking_cdrone3_20260820_202954_533_milestone4,milestone4,1787283031.315139294,target_map,4,7,2,predicted,-12.626314,-0.682317,0.130237,-0.048292,-0.093442,-0.077271,0.696099,0.028788,1049.125,0,0.752594,0.752594,0.323149,0.473678
tracking_cdrone3_20260820_202954_533_milestone4,milestone4,1787283031.415126801,target_map,3,6,2,predicted,5.661513,-1.196865,3.021131,1.874954,-0.089749,0.241961,0.000000,8.966564,1102.500,1,4.992208,4.992208,1.897273,1.598052
tracking_cdrone3_20260820_202954_533_milestone4,milestone4,1787283031.415126801,target_map,4,7,2,predicted,-12.631144,-0.691661,0.122511,-0.048292,-0.093442,-0.077271,0.674665,0.028788,1049.125,0,0.852590,0.852590,0.358148,0.498677
tracking_cdrone3_20260820_202954_533_milestone4,milestone4,1787283031.514914036,target_map,4,7,2,predicted,-12.635962,-0.700985,0.114800,-0.048292,-0.093442,-0.077271,0.653274,0.028788,1049.125,0,0.952378,0.952378,0.393074,0.523624
tracking_cdrone3_20260820_202954_533_milestone4,milestone4,1787283031.584433317,raw,7,7,0,detected,-12.653969,-0.657734,0.131414,0.000000,0.000000,0.000000,0.607910,0.019535,1345.500,0,0.000000,0.000000,0.000000,0.000000
tracking_cdrone3_20260820_202954_533_milestone4,milestone4,1787283031.615815878,target_map,4,7,0,detected,-12.654782,-0.658153,0.130785,-0.029488,-0.015183,-0.022825,0.603718,0.019535,1345.500,0,0.027581,0.000000,0.159653,0.356895
tracking_cdrone3_20260820_202954_533_milestone4,milestone4,1787283031.714822769,target_map,4,7,0,detected,-12.657701,-0.659656,0.128525,-0.029488,-0.015183,-0.022825,0.588674,0.019535,1345.500,0,0.126570,0.000000,0.194299,0.381642
tracking_cdrone3_20260820_202954_533_milestone4,milestone4,1787283031.814846516,target_map,4,7,0,detected,-12.660651,-0.661175,0.126242,-0.029488,-0.015183,-0.022825,0.573470,0.019535,1345.500,0,0.226616,0.000000,0.229316,0.406654
tracking_cdrone3_20260820_202954_533_milestone4,milestone4,1787283031.826649904,raw,7,7,1,held,-12.675793,-0.652769,0.120167,-0.090102,0.020499,-0.046434,0.607910,0.019794,1345.500,0,0.242215,0.242215,0.000000,0.000000
tracking_cdrone3_20260820_202954_533_milestone4,milestone4,1787283031.914997816,target_map,4,7,1,held,-12.680029,-0.652469,0.117753,-0.062826,0.004442,-0.035810,0.560852,0.019794,1345.500,0,0.309642,0.000000,0.173599,0.366857
tracking_cdrone3_20260820_202954_533_milestone4,milestone4,1787283032.014863729,target_map,4,7,1,held,-12.686303,-0.652026,0.114176,-0.062826,0.004442,-0.035810,0.545675,0.019794,1345.500,0,0.409505,0.000000,0.208552,0.391823
tracking_cdrone3_20260820_202954_533_milestone4,milestone4,1787283032.077686310,raw,7,7,0,detected,-12.702247,-0.647820,0.115548,-0.105383,0.019714,-0.018403,0.536133,0.019021,399.500,0,0.000000,0.000000,0.000000,0.000000
tracking_cdrone3_20260820_202954_533_milestone4,milestone4,1787283032.115094900,target_map,4,7,0,detected,-12.705223,-0.647377,0.114642,-0.086232,0.012841,-0.026236,0.531507,0.019021,399.500,0,0.034513,0.000000,0.162079,0.358628
tracking_cdrone3_20260820_202954_533_milestone4,milestone4,1787283032.215055704,target_map,4,7,0,detected,-12.713843,-0.646093,0.112019,-0.086232,0.012841,-0.026236,0.518108,0.019021,399.500,0,0.134478,0.000000,0.197067,0.383620
tracking_cdrone3_20260820_202954_533_milestone4,milestone4,1787283032.315045118,target_map,4,7,0,detected,-12.722464,-0.644810,0.109396,-0.086232,0.012841,-0.026236,0.504709,0.019021,399.500,0,0.234452,0.000000,0.232058,0.408613
tracking_cdrone3_20260820_202954_533_milestone4,milestone4,1787283032.324137449,raw,7,7,0,detected,-12.714614,-0.645058,0.116164,-0.050177,0.011207,0.002500,0.706543,0.019902,560.500,0,0.000000,0.000000,0.000000,0.000000
tracking_cdrone3_20260820_202954_533_milestone4,milestone4,1787283032.414866924,target_map,4,7,0,detected,-12.720416,-0.644014,0.115252,-0.066402,0.011943,-0.010431,0.691110,0.019902,560.500,0,0.087372,0.000000,0.180580,0.371843
tracking_cdrone3_20260820_202954_533_milestone4,milestone4,1787283032.515064240,target_map,4,7,0,detected,-12.727069,-0.642818,0.114207,-0.066402,0.011943,-0.010431,0.673413,0.019902,560.500,0,0.187564,0.000000,0.215647,0.396891
tracking_cdrone3_20260820_202954_533_milestone4,milestone4,1787283032.596509695,raw,7,7,0,detected,-12.744412,-0.646804,0.111669,-0.109407,-0.006410,-0.016504,0.414795,0.009106,546.000,0,0.000000,0.000000,0.000000,0.000000
tracking_cdrone3_20260820_202954_533_milestone4,milestone4,1787283032.615146399,target_map,4,7,0,detected,-12.745855,-0.646774,0.111448,-0.090055,0.001849,-0.013771,0.413133,0.009106,546.000,0,0.016025,0.000000,0.155609,0.354006
tracking_cdrone3_20260820_202954_533_milestone4,milestone4,1787283032.715178967,target_map,4,7,0,detected,-12.754864,-0.646589,0.110070,-0.090055,0.001849,-0.013771,0.402760,0.009106,546.000,0,0.116054,0.000000,0.190619,0.379014
tracking_cdrone3_20260820_202954_533_milestone4,milestone4,1787283032.814946651,target_map,4,7,0,detected,-12.763848,-0.646405,0.108696,-0.090055,0.001849,-0.013771,0.392414,0.009106,546.000,0,0.215823,0.000000,0.225538,0.403956
tracking_cdrone3_20260820_202954_533_milestone4,milestone4,1787283032.836177349,raw,7,7,0,detected,-12.755606,-0.642238,0.110064,-0.046701,0.019050,-0.006696,0.413818,0.018741,330.000,0,0.000000,0.000000,0.000000,0.000000
tracking_cdrone3_20260820_202954_533_milestone4,milestone4,1787283032.915126085,target_map,4,7,0,detected,-12.760617,-0.641382,0.109316,-0.066210,0.011310,-0.009880,0.405988,0.018741,330.000,0,0.075687,0.000000,0.176491,0.368922
tracking_cdrone3_20260820_202954_533_milestone4,milestone4,1787283033.014967203,target_map,4,7,0,detected,-12.767229,-0.640252,0.108329,-0.066210,0.011310,-0.009880,0.395657,0.018741,330.000,0,0.175546,0.000000,0.211441,0.393886
tracking_cdrone3_20260820_202954_533_milestone4,milestone4,1787283033.088090420,raw,7,7,0,detected,2.307395,-0.550700,0.463142,59.795910,0.363378,1.401621,0.413818,15.106984,330.000,0,0.000000,0.000000,0.000000,0.000000
tracking_cdrone3_20260820_202954_533_milestone4,milestone4,1787283033.115356922,target_map,4,7,0,detected,2.411354,-0.549943,0.465489,4.368916,0.031820,0.098660,0.411357,15.106984,330.000,0,0.023795,0.000000,0.158328,0.355949
tracking_cdrone3_20260820_202954_533_milestone4,milestone4,1787283033.214831114,target_map,4,7,0,detected,2.846075,-0.546777,0.475306,4.368916,0.031820,0.098660,0.401063,15.106984,330.000,0,0.123298,0.000000,0.193154,0.380825
tracking_cdrone3_20260820_202954_533_milestone4,milestone4,1787283033.315236092,target_map,4,7,0,detected,3.284639,-0.543583,0.485210,4.368916,0.031820,0.098660,0.390678,15.106984,330.000,0,0.223681,0.000000,0.228288,0.405920
tracking_cdrone3_20260820_202954_533_milestone4,milestone4,1787283033.349878550,raw,7,7,0,detected,-2.675088,-0.553273,0.040726,-19.033073,-0.009826,-1.613627,0.533203,10.167529,605.000,1,0.000000,0.000000,0.000000,0.000000
tracking_cdrone3_20260820_202954_533_milestone4,milestone4,1787283033.414995670,target_map,4,7,0,detected,-2.826511,-0.552518,0.020231,-2.418259,0.012056,-0.327302,0.524856,10.167529,605.000,1,0.062617,0.000000,0.171916,0.365654
tracking_cdrone3_20260820_202954_533_milestone4,milestone4,1787283033.515232325,target_map,4,7,0,detected,-3.068877,-0.551309,-0.012572,-2.418259,0.012056,-0.327302,0.511496,10.167529,605.000,1,0.162840,0.000000,0.206994,0.390710
tracking_cdrone3_20260820_202954_533_milestone4,milestone4,1787283033.615046263,target_map,4,7,2,predicted,-3.310297,-0.550106,-0.045247,-2.418259,0.012056,-0.327302,0.498189,10.167529,605.000,1,0.262672,0.262672,0.241935,0.415668
tracking_cdrone3_20260820_202954_533_milestone4,milestone4,1787283033.621427774,raw,7,7,0,detected,-5.043607,-0.568039,0.247073,-8.721242,-0.054373,0.759802,0.498047,7.826866,416.250,1,0.000000,0.000000,0.000000,0.000000
tracking_cdrone3_20260820_202954_533_milestone4,milestone4,1787283033.714945555,target_map,4,7,0,detected,-5.523077,-0.569959,0.267631,-5.471529,-0.021903,0.234592,0.487136,7.826866,416.250,1,0.087630,0.000000,0.180671,0.371908
tracking_cdrone3_20260820_202954_533_milestone4,milestone4,1787283033.815225124,target_map,4,7,0,detected,-6.071689,-0.572155,0.291152,-5.471529,-0.021903,0.234592,0.474652,7.826866,416.250,1,0.187897,0.000000,0.215764,0.396974
tracking_cdrone3_20260820_202954_533_milestone4,milestone4,1787283033.875687122,raw,7,7,0,detected,-5.305566,-0.638085,0.017753,-1.030414,-0.275525,-0.902027,0.645996,7.590167,448.500,1,0.000000,0.000000,0.000000,0.000000
tracking_cdrone3_20260820_202954_533_milestone4,milestone4,1787283033.915163994,target_map,4,7,0,detected,-5.415268,-0.643931,0.003608,-3.028915,-0.161395,-0.390549,0.640147,7.590167,448.500,1,0.036218,0.000000,0.162676,0.359055
tracking_cdrone3_20260820_202954_533_milestone4,milestone4,1787283034.015234232,target_map,4,7,0,detected,-5.718333,-0.660079,-0.035469,-3.028915,-0.161395,-0.390549,0.623988,7.590167,448.500,1,0.136276,0.000000,0.197696,0.384069
tracking_cdrone3_20260820_202954_533_milestone4,milestone4,1787283034.114987135,target_map,4,7,0,detected,-6.020479,-0.676179,-0.074428,-3.028915,-0.161395,-0.390549,0.607878,7.590167,448.500,1,0.236029,0.000000,0.232610,0.409007
tracking_cdrone3_20260820_202954_533_milestone4,milestone4,1787283034.132162809,raw,7,7,0,detected,-5.296518,-0.582992,0.096407,0.035279,0.214798,0.306652,0.532227,7.631433,508.750,0,0.000000,0.000000,0.000000,0.000000
tracking_cdrone3_20260820_202954_533_milestone4,milestone4,1787283034.214923143,target_map,4,7,0,detected,-5.400716,-0.579462,0.095857,-1.343609,0.045511,-0.007088,0.521908,7.631433,508.750,0,0.077551,0.000000,0.177143,0.369388
tracking_cdrone3_20260820_202954_533_milestone4,milestone4,1787283034.314891815,target_map,4,7,0,detected,-5.535022,-0.574913,0.095148,-1.343609,0.045511,-0.007088,0.508608,7.631433,508.750,0,0.177510,0.000000,0.212129,0.394378
tracking_cdrone3_20260820_202954_533_milestone4,milestone4,1787283034.389536619,raw,7,7,0,detected,-4.998935,-0.577361,0.167687,1.156310,0.021879,0.276975,0.655762,7.978116,688.500,0,0.000000,0.000000,0.000000,0.000000
tracking_cdrone3_20260820_202954_533_milestone4,milestone4,1787283034.415498257,target_map,4,7,0,detected,-4.998196,-0.576594,0.171204,0.031347,0.032513,0.149146,0.651897,7.978116,688.500,0,0.023577,0.000000,0.158252,0.355894
tracking_cdrone3_20260820_202954_533_milestone4,milestone4,1787283034.514842987,target_map,4,7,0,detected,-4.995082,-0.573364,0.186021,0.031347,0.032513,0.149146,0.635610,7.978116,688.500,0,0.122921,0.000000,0.193023,0.380730
tracking_cdrone3_20260820_202954_533_milestone4,milestone4,1787283034.615218878,target_map,4,7,0,detected,-4.991936,-0.570101,0.200989,0.031347,0.032513,0.149146,0.619157,7.978116,688.500,0,0.223280,0.000000,0.228148,0.405820
tracking_cdrone3_20260820_202954_533_milestone4,milestone4,1787283034.641632318,raw,7,7,0,detected,-4.566945,-0.533851,0.047930,1.713521,0.172584,-0.475027,0.475830,8.439927,414.000,0,0.000000,0.000000,0.000000,0.000000
tracking_cdrone3_20260820_202954_533_milestone4,milestone4,1787283034.715183973,target_map,4,7,0,detected,-4.504790,-0.526733,0.035314,0.956542,0.109552,-0.194149,0.468100,8.439927,414.000,0,0.064978,0.000000,0.172742,0.366245
tracking_cdrone3_20260820_202954_533_milestone4,milestone4,1787283034.814850330,target_map,4,7,0,detected,-4.409446,-0.515813,0.015962,0.956542,0.109552,-0.194149,0.456243,8.439927,414.000,0,0.164654,0.000000,0.207629,0.391164
tracking_cdrone3_20260820_202954_533_milestone4,milestone4,1787283034.879956007,raw,7,7,0,detected,-5.118981,-0.586276,0.111721,-2.316270,-0.219967,0.267661,0.475830,7.903777,414.000,1,0.000000,0.000000,0.000000,0.000000
tracking_cdrone3_20260820_202954_533_milestone4,milestone4,1787283034.914761543,target_map,4,7,0,detected,-5.139095,-0.587985,0.113148,-0.843504,-0.071684,0.059846,0.472993,7.903777,414.000,1,0.023846,0.000000,0.158346,0.355961
tracking_cdrone3_20260820_202954_533_milestone4,milestone4,1787283035.014935255,target_map,4,7,0,detected,-5.223580,-0.595165,0.119143,-0.843504,-0.071684,0.059846,0.461079,7.903777,414.000,1,0.124005,0.000000,0.193402,0.381001
tracking_cdrone3_20260820_202954_533_milestone4,milestone4,1787283035.115460873,raw,7,7,0,detected,-4.138516,-0.454024,0.127947,4.163420,0.561593,0.068902,0.487549,8.902653,508.750,0,0.000000,0.000000,0.000000,0.000000
tracking_cdrone3_20260820_202954_533_milestone4,milestone4,1787283035.115833282,target_map,4,7,0,detected,-5.308686,-0.602398,0.125181,-0.843504,-0.071684,0.059846,0.449076,7.903777,414.000,1,0.224900,0.000000,0.228715,0.406225
tracking_cdrone3_20260820_202954_533_milestone4,milestone4,1787283035.215010166,target_map,4,7,0,detected,-3.959409,-0.428088,0.134026,1.910304,0.276619,0.064827,0.476121,8.902653,508.750,0,0.093759,0.000000,0.182816,0.373440
tracking_cdrone3_20260820_202954_533_milestone4,milestone4,1787283035.314834833,target_map,4,7,0,detected,-3.768692,-0.400472,0.140498,1.910304,0.276619,0.064827,0.463952,8.902653,508.750,0,0.193594,0.000000,0.217758,0.398399
tracking_cdrone3_20260820_202954_533_milestone4,milestone4,1787283035.366042852,raw,7,7,0,detected,-2.680476,-0.407238,0.249042,5.818487,0.186706,0.483241,0.441650,10.378632,658.000,0,0.000000,0.000000,0.000000,0.000000
tracking_cdrone3_20260820_202954_533_milestone4,milestone4,1787283035.414924860,target_map,4,7,0,detected,-2.501299,-0.397212,0.262059,4.059805,0.227167,0.294955,0.436777,10.378632,658.000,0,0.044134,0.000000,0.165447,0.361034
tracking_cdrone3_20260820_202954_533_milestone4,milestone4,1787283035.514934778,target_map,4,7,0,detected,-2.095311,-0.374495,0.291555,4.059805,0.227167,0.294955,0.425736,10.378632,658.000,0,0.144136,0.000000,0.200448,0.386034
tracking_cdrone3_20260820_202954_533_milestone4,milestone4,1787283035.601609230,raw,7,7,0,detected,1.212409,-0.507051,0.216231,16.526575,-0.423742,-0.139290,0.441650,14.295366,658.000,0,0.000000,0.000000,0.000000,0.000000
tracking_cdrone3_20260820_202954_533_milestone4,milestone4,1787283035.625751257,target_map,4,7,0,detected,1.290507,-0.507184,0.217431,6.225310,-0.010550,0.095659,0.440265,14.295366,658.000,0,0.012545,0.000000,0.154391,0.353136
tracking_cdrone3_20260820_202954_533_milestone4,milestone4,1787283035.714871883,target_map,4,7,0,detected,1.845291,-0.508124,0.225956,6.225310,-0.010550,0.095659,0.430426,14.295366,658.000,0,0.101663,0.000000,0.185582,0.375416
tracking_cdrone3_20260820_202954_533_milestone4,milestone4,1787283035.815279007,target_map,4,7,0,detected,2.470215,-0.509183,0.235559,6.225310,-0.010550,0.095659,0.419342,14.295366,658.000,0,0.202047,0.000000,0.220716,0.400512
tracking_cdrone3_20260820_202954_533_milestone4,milestone4,1787283035.822675705,raw,7,7,0,detected,1.337645,-0.532744,0.295352,0.566506,-0.116222,0.357902,0.506836,14.427302,514.500,0,0.000000,0.000000,0.000000,0.000000
tracking_cdrone3_20260820_202954_533_milestone4,milestone4,1787283035.915026665,target_map,4,7,0,detected,1.607715,-0.538702,0.316164,3.112968,-0.068670,0.239893,0.495843,14.427302,514.500,0,0.086757,0.000000,0.180365,0.371689
tracking_cdrone3_20260820_202954_533_milestone4,milestone4,1787283036.015047550,target_map,4,7,0,detected,1.918995,-0.545568,0.340152,3.112968,-0.068670,0.239893,0.483173,14.427302,514.500,0,0.186751,0.000000,0.215363,0.396688
tracking_cdrone3_20260820_202954_533_milestone4,milestone4,1787283036.045959711,raw,7,7,0,detected,-13.074228,-0.569531,0.086113,-64.542000,-0.164745,-0.937055,0.506836,0.016160,514.500,1,0.000000,0.000000,0.000000,0.000000
tracking_cdrone3_20260820_202954_533_milestone4,milestone4,1787283036.115115643,target_map,4,7,0,detected,-13.272471,-0.572316,0.089027,-2.998687,-0.042131,0.044077,0.498459,0.016160,514.500,1,0.066110,0.000000,0.173139,0.366528
tracking_cdrone3_20260820_202954_533_milestone4,milestone4,1787283036.215297461,target_map,4,7,0,detected,-13.572866,-0.576537,0.093442,-2.998687,-0.042131,0.044077,0.485766,0.016160,514.500,1,0.166286,0.000000,0.208200,0.391571
tracking_cdrone3_20260820_202954_533_milestone4,milestone4,1787283036.314890862,target_map,4,7,2,predicted,-13.871548,-0.580733,0.097833,-2.998687,-0.042131,0.044077,0.473145,0.016160,514.500,1,0.265889,0.265889,0.243061,0.416472
tracking_cdrone3_20260820_202954_533_milestone4,milestone4,1787283036.321568489,raw,7,7,0,detected,-13.079507,-0.568746,0.085542,-0.019155,0.002849,-0.002070,0.462891,0.013041,477.750,0,0.000000,0.000000,0.000000,0.000000
tracking_cdrone3_20260820_202954_533_milestone4,milestone4,1787283036.415124178,target_map,4,7,0,detected,-13.187039,-0.570121,0.087021,-1.359944,-0.017392,0.018696,0.453740,0.013041,477.750,0,0.079071,0.000000,0.177675,0.369768
tracking_cdrone3_20260820_202954_533_milestone4,milestone4,1787283036.514977455,target_map,4,7,0,detected,-13.322821,-0.571857,0.088887,-1.359944,-0.017392,0.018696,0.442186,0.013041,477.750,0,0.178915,0.000000,0.212620,0.394729
tracking_cdrone3_20260820_202954_533_milestone4,milestone4,1787283036.550041199,raw,7,7,0,detected,-13.082438,-0.569161,0.086126,-0.012828,-0.001818,0.002554,0.462891,0.010559,477.750,0,0.000000,0.000000,0.000000,0.000000
tracking_cdrone3_20260820_202954_533_milestone4,milestone4,1787283036.615466595,target_map,4,7,0,detected,-13.114899,-0.569624,0.086641,-0.619030,-0.008826,0.009818,0.456822,0.010559,477.750,0,0.052437,0.000000,0.168353,0.363109
tracking_cdrone3_20260820_202954_533_milestone4,milestone4,1787283036.715123653,target_map,4,7,0,detected,-13.176571,-0.570503,0.087619,-0.619030,-0.008826,0.009818,0.445293,0.010559,477.750,0,0.152065,0.000000,0.203223,0.388016
tracking_cdrone3_20260820_202954_533_milestone4,milestone4,1787283036.774063110,raw,7,7,0,detected,-13.077157,-0.569446,0.086156,0.023574,-0.001273,0.000134,0.462891,0.016691,477.750,0,0.000000,0.000000,0.000000,0.000000
tracking_cdrone3_20260820_202954_533_milestone4,milestone4,1787283036.815012932,target_map,4,7,0,detected,-13.087375,-0.569626,0.086329,-0.265598,-0.004672,0.004492,0.458439,0.016691,477.750,0,0.038470,0.000000,0.163464,0.359617
tracking_cdrone3_20260820_202954_533_milestone4,milestone4,1787283036.915023327,target_map,4,7,0,detected,-13.113936,-0.570093,0.086778,-0.265598,-0.004672,0.004492,0.446865,0.016691,477.750,0,0.138479,0.000000,0.198468,0.384620
tracking_cdrone3_20260820_202954_533_milestone4,milestone4,1787283037.005047798,raw,7,7,0,detected,-13.077250,-0.569671,0.085643,-0.000402,-0.000974,-0.002221,0.605957,0.017423,456.000,0,0.000000,0.000000,0.000000,0.000000
tracking_cdrone3_20260820_202954_533_milestone4,milestone4,1787283037.014977932,target_map,4,7,0,detected,-13.078105,-0.569690,0.085649,-0.119740,-0.002638,0.000800,0.604876,0.017423,456.000,0,0.007138,0.000000,0.152498,0.351784
tracking_cdrone3_20260820_202954_533_milestone4,milestone4,1787283037.114935637,target_map,4,7,0,detected,-13.090074,-0.569954,0.085729,-0.119740,-0.002638,0.000800,0.589734,0.017423,456.000,0,0.107089,0.000000,0.187481,0.376772
tracking_cdrone3_20260820_202954_533_milestone4,milestone4,1787283037.215055943,target_map,4,7,0,detected,-13.102060,-0.570218,0.085809,-0.119740,-0.002638,0.000800,0.574569,0.017423,456.000,0,0.207199,0.000000,0.222520,0.401800
tracking_cdrone3_20260820_202954_533_milestone4,milestone4,1787283037.228767157,raw,7,7,0,detected,-13.076946,-0.569478,0.086037,0.001357,0.000863,0.001762,0.605957,0.017772,456.000,0,0.000000,0.000000,0.000000,0.000000
tracking_cdrone3_20260820_202954_533_milestone4,milestone4,1787283037.315107346,target_map,4,7,0,detected,-13.081346,-0.569537,0.086147,-0.053137,-0.000713,0.001329,0.593414,0.017772,456.000,0,0.082799,0.000000,0.178980,0.370700
tracking_cdrone3_20260820_202954_533_milestone4,milestone4,1787283037.414981127,target_map,4,7,0,detected,-13.086653,-0.569608,0.086280,-0.053137,-0.000713,0.001329,0.578284,0.017772,456.000,0,0.182672,0.000000,0.213935,0.395668
tracking_cdrone3_20260820_202954_533_milestone4,milestone4,1787283037.456558943,raw,7,7,0,detected,-13.078135,-0.569770,0.086145,-0.005216,-0.001282,0.000472,0.570801,0.017819,527.250,0,0.000000,0.000000,0.000000,0.000000
tracking_cdrone3_20260820_202954_533_milestone4,milestone4,1787283037.514825583,target_map,4,7,0,detected,-13.079404,-0.569819,0.086185,-0.026781,-0.001026,0.000858,0.564035,0.017819,527.250,0,0.047413,0.000000,0.166595,0.361853
tracking_cdrone3_20260820_202954_533_milestone4,milestone4,1787283037.615002871,target_map,4,7,0,detected,-13.082087,-0.569921,0.086271,-0.026781,-0.001026,0.000858,0.549742,0.017819,527.250,0,0.147571,0.000000,0.201650,0.386893
tracking_cdrone3_20260820_202954_533_milestone4,milestone4,1787283037.688554287,raw,7,7,0,detected,-13.078024,-0.569838,0.085813,0.000479,-0.000294,-0.001431,0.570801,0.018088,527.250,0,0.000000,0.000000,0.000000,0.000000
tracking_cdrone3_20260820_202954_533_milestone4,milestone4,1787283037.716376781,target_map,4,7,0,detected,-13.078321,-0.569854,0.085802,-0.011788,-0.000623,-0.000401,0.567205,0.018088,527.250,0,0.025198,0.000000,0.158819,0.356299
tracking_cdrone3_20260820_202954_533_milestone4,milestone4,1787283037.815048218,target_map,4,7,0,detected,-13.079484,-0.569915,0.085763,-0.011788,-0.000623,-0.000401,0.553127,0.018088,527.250,0,0.123851,0.000000,0.193348,0.380963
tracking_cdrone3_20260820_202954_533_milestone4,milestone4,1787283037.915166855,target_map,4,7,0,detected,-13.080664,-0.569978,0.085723,-0.011788,-0.000623,-0.000401,0.538841,0.018088,527.250,0,0.223968,0.000000,0.228389,0.405992
tracking_cdrone3_20260820_202954_533_milestone4,milestone4,1787283037.920714140,raw,7,7,0,detected,5.091533,-0.252571,0.267757,78.259193,1.366519,0.783664,0.405273,18.192089,2386.125,0,0.000000,0.000000,0.000000,0.000000
tracking_cdrone3_20260820_202954_533_milestone4,milestone4,1787283038.015124083,target_map,4,7,0,detected,5.494697,-0.245549,0.271782,4.393805,0.076534,0.043871,0.395977,18.192089,2386.125,0,0.091757,0.000000,0.182115,0.372939
tracking_cdrone3_20260820_202954_533_milestone4,milestone4,1787283038.114855289,target_map,4,7,0,detected,5.932916,-0.237916,0.276158,4.393805,0.076534,0.043871,0.385872,18.192089,2386.125,0,0.191493,0.000000,0.217023,0.397873
tracking_cdrone3_20260820_202954_533_milestone4,milestone4,1787283038.153824806,raw,7,7,0,detected,3.500880,0.067953,0.269052,-6.823812,1.375033,0.005556,0.662598,16.610933,2190.375,1,0.000000,0.000000,0.000000,0.000000
tracking_cdrone3_20260820_202954_533_milestone4,milestone4,1787283038.215073586,target_map,4,7,0,detected,3.397508,0.113980,0.270379,-1.775884,0.790709,0.022797,0.652955,16.610933,2190.375,1,0.058209,0.000000,0.170373,0.364552
tracking_cdrone3_20260820_202954_533_milestone4,milestone4,1787283038.315074444,target_map,4,7,0,detected,3.219934,0.193044,0.272659,-1.775884,0.790709,0.022797,0.636392,16.610933,2190.375,1,0.158201,0.000000,0.205370,0.389550
tracking_cdrone3_20260820_202954_533_milestone4,milestone4,1787283038.380010843,raw,7,7,0,detected,4.568079,0.246009,0.270810,4.718187,0.787203,0.007772,0.662598,17.684622,2190.375,0,0.000000,0.000000,0.000000,0.000000
tracking_cdrone3_20260820_202954_533_milestone4,milestone4,1787283038.415100098,target_map,4,7,0,detected,4.626145,0.271514,0.271280,1.795855,0.788781,0.014533,0.657242,17.684622,2190.375,0,0.032334,0.000000,0.161317,0.358083
tracking_cdrone3_20260820_202954_533_milestone4,milestone4,1787283038.514914274,target_map,4,7,0,detected,4.805400,0.350247,0.272730,1.795855,0.788781,0.014533,0.640707,17.684622,2190.375,0,0.132150,0.000000,0.196252,0.383037
tracking_cdrone3_20260820_202954_533_milestone4,milestone4,1787283038.611349821,raw,7,7,0,detected,5.678936,0.816243,0.255589,4.802030,2.465014,-0.065796,0.468018,18.828083,940.625,0,0.000000,0.000000,0.000000,0.000000
tracking_cdrone3_20260820_202954_533_milestone4,milestone4,1787283038.615928888,target_map,4,7,0,detected,5.682484,0.818003,0.255559,3.449251,1.710709,-0.029648,0.467897,18.828083,940.625,0,0.001029,0.000000,0.150360,0.350257
tracking_cdrone3_20260820_202954_533_milestone4,milestone4,1787283038.714773417,target_map,4,7,0,detected,6.023384,0.987077,0.252628,3.449251,1.710709,-0.029648,0.456333,18.828083,940.625,0,0.099861,0.000000,0.184951,0.374965
tracking_cdrone3_20260820_202954_533_milestone4,milestone4,1787283038.815129042,target_map,4,7,0,detected,6.369450,1.158714,0.249654,3.449251,1.710709,-0.029648,0.444594,18.828083,940.625,0,0.200192,0.000000,0.220067,0.400048
tracking_cdrone3_20260820_202954_533_milestone4,milestone4,1787283038.843590498,raw,7,7,0,detected,-4.803152,0.348740,0.124786,-45.134918,-2.013026,-0.563224,0.638672,8.346128,1540.000,1,0.000000,0.000000,0.000000,0.000000
tracking_cdrone3_20260820_202954_533_milestone4,milestone4,1787283038.914961576,target_map,4,7,0,detected,-4.993958,0.387248,0.120210,-2.843126,0.573788,-0.068189,0.627956,8.346128,1540.000,1,0.067111,0.000000,0.173489,0.366778
tracking_cdrone3_20260820_202954_533_milestone4,milestone4,1787283039.015119553,target_map,4,7,0,detected,-5.278697,0.444713,0.113381,-2.843126,0.573788,-0.068189,0.611966,8.346128,1540.000,1,0.167261,0.000000,0.208541,0.391815
tracking_cdrone3_20260820_202954_533_milestone4,milestone4,1787283039.077295780,raw,7,7,0,detected,-4.844128,0.718621,0.116877,-0.175324,1.582618,-0.033843,0.521484,8.354683,789.250,0,0.000000,0.000000,0.000000,0.000000
tracking_cdrone3_20260820_202954_533_milestone4,milestone4,1787283039.115183592,target_map,4,7,0,detected,-4.890253,0.756459,0.115224,-1.375835,1.128645,-0.049299,0.517114,8.354683,789.250,0,0.033525,0.000000,0.161734,0.358381
tracking_cdrone3_20260820_202954_533_milestone4,milestone4,1787283039.215085506,target_map,4,7,0,detected,-5.027683,0.869197,0.110300,-1.375835,1.128645,-0.049299,0.504091,8.354683,789.250,0,0.133414,0.000000,0.196695,0.383353
tracking_cdrone3_20260820_202954_533_milestone4,milestone4,1787283039.310497761,raw,7,7,0,detected,-5.456861,0.965520,0.097476,-2.627432,1.058718,-0.083193,0.556641,7.795339,1953.000,1,0.000000,0.000000,0.000000,0.000000
tracking_cdrone3_20260820_202954_533_milestone4,milestone4,1787283039.314874649,target_map,4,7,0,detected,-5.460605,0.967498,0.097352,-2.064213,1.090185,-0.067941,0.556388,7.795339,1953.000,1,0.001814,0.000000,0.150635,0.350454
tracking_cdrone3_20260820_202954_533_milestone4,milestone4,1787283039.415145397,target_map,4,7,0,detected,-5.667575,1.076806,0.090540,-2.064213,1.090185,-0.067941,0.542435,7.795339,1953.000,1,0.102080,0.000000,0.185728,0.375520
tracking_cdrone3_20260820_202954_533_milestone4,milestone4,1787283039.514915228,target_map,4,7,0,detected,-5.873516,1.185571,0.083762,-2.064213,1.090185,-0.067941,0.528552,7.795339,1953.000,1,0.201847,0.000000,0.220646,0.400462
tracking_cdrone3_20260820_202954_533_milestone4,milestone4,1787283039.554714203,raw,7,7,0,detected,-5.466028,1.384670,0.039487,-0.037539,1.716343,-0.237452,0.696777,7.880221,3474.750,0,0.000000,0.000000,0.000000,0.000000
tracking_cdrone3_20260820_202954_533_milestone4,milestone4,1787283039.614864826,target_map,4,7,0,detected,-5.520508,1.466978,0.030240,-0.949542,1.434572,-0.161172,0.686783,7.880221,3474.750,0,0.057374,0.000000,0.170081,0.364344
tracking_cdrone3_20260820_202954_533_milestone4,milestone4,1787283039.715054274,target_map,4,7,0,detected,-5.615630,1.610689,0.014094,-0.949542,1.434572,-0.161172,0.669333,7.880221,3474.750,0,0.157551,0.000000,0.205143,0.389388
tracking_cdrone3_20260820_202954_533_milestone4,milestone4,1787283039.789561987,raw,7,7,0,detected,-6.555968,1.520925,0.033934,-4.641124,0.580193,-0.023645,0.412842,6.870272,2043.562,1,0.000000,0.000000,0.000000,0.000000
tracking_cdrone3_20260820_202954_533_milestone4,milestone4,1787283039.815307617,target_map,4,7,0,detected,-6.623569,1.542809,0.031994,-2.979912,0.964664,-0.085532,0.410500,6.870272,2043.562,1,0.022685,0.000000,0.157940,0.355671
tracking_cdrone3_20260820_202954_533_milestone4,milestone4,1787283039.915020943,target_map,4,7,0,detected,-6.920758,1.639016,0.023464,-2.979912,0.964664,-0.085532,0.400207,6.870272,2043.562,1,0.122416,0.000000,0.192846,0.380604
tracking_cdrone3_20260820_202954_533_milestone4,milestone4,1787283040.015113831,target_map,4,7,0,detected,-7.219041,1.735576,0.014902,-2.979912,0.964664,-0.085532,0.389876,6.870272,2043.562,1,0.222514,0.000000,0.227880,0.405629
tracking_cdrone3_20260820_202954_533_milestone4,milestone4,1787283040.017410994,raw,7,7,0,detected,-5.698007,2.091221,-0.002156,3.765435,2.502924,-0.158395,0.412842,7.867317,2043.562,0,0.000000,0.000000,0.000000,0.000000
tracking_cdrone3_20260820_202954_533_milestone4,milestone4,1787283040.114799738,target_map,4,7,0,detected,-5.631521,2.256127,-0.013596,0.730029,1.810707,-0.125606,0.403442,7.867317,2043.562,0,0.091073,0.000000,0.181875,0.372768
tracking_cdrone3_20260820_202954_533_milestone4,milestone4,1787283040.215271711,target_map,4,7,0,detected,-5.558197,2.437993,-0.026211,0.730029,1.810707,-0.125606,0.393076,7.867317,2043.562,0,0.191512,0.000000,0.217029,0.397878
tracking_cdrone3_20260820_202954_533_milestone4,milestone4,1787283040.258417606,raw,7,7,0,detected,-5.164217,2.631657,-0.001243,2.214974,2.242552,0.003789,0.412842,8.558900,2043.562,0,0.000000,0.000000,0.000000,0.000000
tracking_cdrone3_20260820_202954_533_milestone4,milestone4,1787283040.315102816,target_map,4,7,0,detected,-5.089808,2.730190,-0.003862,1.546748,2.048222,-0.054439,0.407877,8.558900,2043.562,0,0.048106,0.000000,0.166837,0.362027
tracking_cdrone3_20260820_202954_533_milestone4,milestone4,1787283040.414828777,target_map,4,7,0,detected,-4.935545,2.934466,-0.009291,1.546748,2.048222,-0.054439,0.397583,8.558900,2043.562,0,0.147840,0.000000,0.201744,0.386960
tracking_cdrone3_20260820_202954_533_milestone4,milestone4,1787283040.506865025,raw,7,7,1,held,-4.994030,2.823490,0.001729,0.684942,0.772058,0.011962,0.412842,8.789028,2043.562,0,0.248470,0.248470,0.000000,0.000000
tracking_cdrone3_20260820_202954_533_milestone4,milestone4,1787283040.514928341,target_map,4,7,1,held,-4.989099,2.829679,0.001647,1.072755,1.346332,-0.017918,0.386723,8.789028,2043.562,0,0.253067,0.000000,0.151609,0.351149
tracking_cdrone3_20260820_202954_533_milestone4,milestone4,1787283040.615067959,target_map,4,7,1,held,-4.881681,2.964490,-0.000148,1.072755,1.346332,-0.017918,0.376388,8.789028,2043.562,0,0.353199,0.000000,0.186655,0.376182
tracking_cdrone3_20260820_202954_533_milestone4,milestone4,1787283040.715293169,target_map,4,7,1,held,-4.774182,3.099404,-0.001943,1.072755,1.346332,-0.017918,0.366045,8.789028,2043.562,0,0.453407,0.000000,0.221728,0.401234
tracking_cdrone3_20260820_202954_533_milestone4,milestone4,1787283040.739078522,raw,7,7,1,held,-4.994799,2.826028,-0.019181,-0.003315,0.010928,-0.090049,0.412842,8.789028,2043.562,0,0.480679,0.480679,0.000000,0.000000
tracking_cdrone3_20260820_202954_533_milestone4,milestone4,1787283040.815049648,target_map,4,7,1,held,-4.959426,2.871032,-0.023417,0.480916,0.611860,-0.057590,0.355639,8.789028,2043.562,0,0.554232,0.000000,0.175744,0.368388
tracking_cdrone3_20260820_202954_533_milestone4,milestone4,1787283040.914928913,target_map,4,7,1,held,-4.911392,2.932145,-0.029169,0.480916,0.611860,-0.057590,0.345331,8.789028,2043.562,0,0.654113,0.000000,0.210702,0.393359
tracking_cdrone3_20260820_202954_533_milestone4,milestone4,1787283041.015137434,target_map,4,7,2,predicted,-4.863204,2.993454,-0.034940,0.480916,0.611860,-0.057590,0.334989,8.789028,2043.562,0,0.754313,0.754313,0.245772,0.418409
tracking_cdrone3_20260820_202954_533_milestone4,milestone4,1787283041.115088224,target_map,4,7,2,predicted,-4.815135,3.054611,-0.040696,0.480916,0.611860,-0.057590,0.324673,8.789028,2043.562,0,0.854266,0.854266,0.280756,0.443397
tracking_cdrone3_20260820_202954_533_milestone4,milestone4,1787283041.214844942,target_map,4,7,2,predicted,-4.767159,3.115650,-0.046441,0.480916,0.611860,-0.057590,0.314376,8.789028,2043.562,0,0.954026,0.954026,0.315672,0.468337
tracking_cdrone3_20260820_202954_533_milestone4,milestone4,1787283041.314885139,target_map,4,7,2,predicted,-4.719048,3.176861,-0.052203,0.480916,0.611860,-0.057590,0.304051,8.789028,2043.562,0,1.054066,1.054066,0.350686,0.493347
tracking_cdrone3_20260820_202954_533_milestone4,milestone4,1787283041.414835930,target_map,4,7,2,predicted,-4.670976,3.238021,-0.057959,0.480916,0.611860,-0.057590,0.293734,8.789028,2043.562,0,1.154025,1.154025,0.385671,0.518337
tracking_cdrone3_20260820_202954_533_milestone4,milestone4,1787283041.515055418,target_map,4,7,2,predicted,-4.622792,3.299324,-0.063729,0.480916,0.611860,-0.057590,0.283394,8.789028,2043.562,0,1.254216,1.254216,0.420738,0.543384
tracking_cdrone3_20260820_202954_533_milestone4,milestone4,1787283041.614981651,target_map,4,7,2,predicted,-4.574725,3.360479,-0.069486,0.480916,0.611860,-0.057590,0.273078,8.789028,2043.562,0,1.354165,1.354165,0.455720,0.568372
tracking_cdrone3_20260820_202954_533_milestone4,milestone4,1787283041.715248108,target_map,4,7,2,predicted,-4.526515,3.421815,-0.075259,0.480916,0.611860,-0.057590,0.262731,8.789028,2043.562,0,1.454411,1.454411,0.490806,0.593433
tracking_cdrone3_20260820_202954_533_milestone4,milestone4,1787283041.815079212,target_map,4,7,2,predicted,-4.478596,3.482783,-0.080997,0.480916,0.611860,-0.057590,0.252447,8.789028,2043.562,0,1.554053,1.554053,0.525681,0.618344
tracking_cdrone3_20260820_202954_533_milestone4,milestone4,1787283041.914943933,target_map,4,7,2,predicted,-4.430471,3.544010,-0.086760,0.480916,0.611860,-0.057590,0.242119,8.789028,2043.562,0,1.654122,1.654122,0.560705,0.643361
tracking_cdrone3_20260820_202954_533_milestone4,milestone4,1787283042.015275240,target_map,4,7,2,predicted,-4.382219,3.605401,-0.092539,0.480916,0.611860,-0.057590,0.231764,8.789028,2043.562,0,1.754456,1.754456,0.595822,0.668444
tracking_cdrone3_20260820_202954_533_milestone4,milestone4,1787283042.115201473,target_map,4,7,2,predicted,-4.334168,3.666535,-0.098293,0.480916,0.611860,-0.057590,0.221451,8.789028,2043.562,0,1.854371,1.854371,0.630792,0.693423
tracking_cdrone3_20260820_202954_533_milestone4,milestone4,1787283042.215590954,target_map,4,7,2,predicted,-4.285892,3.727955,-0.104074,0.480916,0.611860,-0.057590,0.211091,8.789028,2043.562,0,1.954754,1.954754,0.665926,0.718519
tracking_cdrone3_20260820_202954_533_milestone4,milestone4,1787283042.314866543,target_map,4,7,2,predicted,-4.238140,3.788710,-0.109792,0.480916,0.611860,-0.057590,0.200842,8.789028,2043.562,0,2.054049,2.054049,0.700680,0.743343
tracking_cdrone3_20260820_202954_533_milestone4,milestone4,1787283042.414843798,target_map,4,7,2,predicted,-4.190060,3.849881,-0.115550,0.480916,0.611860,-0.057590,0.190524,8.789028,2043.562,0,2.154024,2.154024,0.735671,0.768336
tracking_cdrone3_20260820_202954_533_milestone4,milestone4,1787283042.515180588,target_map,4,7,2,predicted,-4.141816,3.911260,-0.121327,0.480916,0.611860,-0.057590,0.180170,8.789028,2043.562,0,2.254341,2.254341,0.770782,0.793416
tracking_cdrone3_20260820_202954_533_milestone4,milestone4,1787283042.615112543,target_map,4,7,2,predicted,-4.093749,3.972415,-0.127083,0.480916,0.611860,-0.057590,0.169854,8.789028,2043.562,0,2.354290,2.354290,0.805764,0.818403
tracking_cdrone3_20260820_202954_533_milestone4,milestone4,1787283042.714869738,target_map,4,7,2,predicted,-4.045769,4.033459,-0.132829,0.480916,0.611860,-0.057590,0.159557,8.789028,2043.562,0,2.454058,2.454058,0.840683,0.843345
tracking_cdrone3_20260820_202954_533_milestone4,milestone4,1787283042.815211058,target_map,4,7,2,predicted,-3.997524,4.094841,-0.138606,0.480916,0.611860,-0.057590,0.149203,8.789028,2043.562,0,2.554377,2.554377,0.875794,0.868425
tracking_cdrone3_20260820_202954_533_milestone4,milestone4,1787283042.915118456,target_map,4,7,2,predicted,-3.949470,4.155979,-0.144361,0.480916,0.611860,-0.057590,0.138890,8.789028,2043.562,0,2.654299,2.654299,0.910767,0.893405
tracking_cdrone3_20260820_202954_533_milestone4,milestone4,1787283043.015296936,target_map,4,7,2,predicted,-3.901295,4.217269,-0.150130,0.480916,0.611860,-0.057590,0.128552,8.789028,2043.562,0,2.754471,2.754471,0.945827,0.918448
tracking_cdrone3_20260820_202954_533_milestone4,milestone4,1787283043.114963055,target_map,4,7,2,predicted,-3.853365,4.278250,-0.155869,0.480916,0.611860,-0.057590,0.118265,8.789028,2043.562,0,2.854135,2.854135,0.980710,0.943364
tracking_cdrone3_20260820_202954_533_milestone4,milestone4,1787283043.215155602,target_map,4,7,2,predicted,-3.805180,4.339556,-0.161640,0.480916,0.611860,-0.057590,0.107924,8.789028,2043.562,0,2.954330,2.954330,1.015778,0.968413
tracking_cdrone3_20260820_202954_533_milestone4,milestone4,1787283043.315224171,target_map,4,7,2,predicted,-3.757057,4.400781,-0.167402,0.480916,0.611860,-0.057590,0.097596,8.789028,2043.562,0,3.054394,3.054394,1.050801,0.993429
tracking_cdrone3_20260820_202954_533_milestone4,milestone4,1787283043.415203810,target_map,4,7,2,predicted,-3.708985,4.461942,-0.173159,0.480916,0.611860,-0.057590,0.087279,8.789028,2043.562,0,3.154355,3.154355,1.085787,1.018419
tracking_cdrone3_20260820_202954_533_milestone4,milestone4,1787283043.514801979,target_map,4,7,2,predicted,-3.661068,4.522905,-0.178897,0.480916,0.611860,-0.057590,0.076996,8.789028,2043.562,0,3.253990,3.253990,1.120659,1.043328
tracking_cdrone3_20260820_202954_533_milestone4,milestone4,1787283043.615489960,target_map,4,7,2,predicted,-3.612687,4.584459,-0.184691,0.480916,0.611860,-0.057590,0.066613,8.789028,2043.562,0,3.354591,3.354591,1.155869,1.068478
tracking_cdrone3_20260820_202954_533_milestone4,milestone4,1787283043.714850903,target_map,4,7,2,predicted,-3.564863,4.645305,-0.190418,0.480916,0.611860,-0.057590,0.056349,8.789028,2043.562,0,3.454035,3.454035,1.190675,1.093339
tracking_cdrone3_20260820_202954_533_milestone4,milestone4,1787283043.815108299,target_map,4,7,2,predicted,-3.516669,4.706621,-0.196189,0.480916,0.611860,-0.057590,0.046006,8.789028,2043.562,0,3.554248,3.554248,1.225749,1.118392
tracking_cdrone3_20260820_202954_533_milestone4,milestone4,1787283043.915189028,target_map,4,7,2,predicted,-3.468534,4.767863,-0.201954,0.480916,0.611860,-0.057590,0.035676,8.789028,2043.562,0,3.654339,3.654339,1.260781,1.143415
tracking_cdrone3_20260820_202954_533_milestone4,milestone4,1787283044.015202045,target_map,4,7,2,predicted,-3.420427,4.829069,-0.207714,0.480916,0.611860,-0.057590,0.025351,8.789028,2043.562,0,3.754372,3.754372,1.295793,1.168423
tracking_cdrone3_20260820_202954_533_milestone4,milestone4,1787283044.116409302,target_map,4,7,2,predicted,-3.371748,4.891002,-0.213544,0.480916,0.611860,-0.057590,0.014904,8.789028,2043.562,0,3.855592,3.855592,1.331220,1.193728
tracking_cdrone3_20260820_202954_533_milestone4,milestone4,1787283044.215045452,target_map,4,7,2,predicted,-3.324316,4.951348,-0.219224,0.480916,0.611860,-0.057590,0.004725,8.789028,2043.562,0,3.954220,3.954220,1.365739,1.218385
tracking_cdrone3_20260820_202954_533_milestone4,milestone4,1787283044.315119028,target_map,4,7,2,predicted,-3.276187,5.012581,-0.224987,0.480916,0.611860,-0.057590,0.000000,8.789028,2043.562,0,4.054298,4.054298,1.400767,1.243405
tracking_cdrone3_20260820_202954_533_milestone4,milestone4,1787283044.415128708,target_map,4,7,2,predicted,-3.228094,5.073769,-0.230747,0.480916,0.611860,-0.057590,0.000000,8.789028,2043.562,0,4.154301,4.154301,1.435768,1.268406
tracking_cdrone3_20260820_202954_533_milestone4,milestone4,1787283044.514868975,target_map,4,7,2,predicted,-3.180119,5.134807,-0.236492,0.480916,0.611860,-0.057590,0.000000,8.789028,2043.562,0,4.254058,4.254058,1.470683,1.293345
tracking_cdrone3_20260820_202954_533_milestone4,milestone4,1787283044.615069389,target_map,4,7,2,predicted,-3.131935,5.196110,-0.242262,0.480916,0.611860,-0.057590,0.000000,8.789028,2043.562,0,4.354251,4.354251,1.505750,1.318393
tracking_cdrone3_20260820_202954_533_milestone4,milestone4,1787283044.714923859,target_map,4,7,2,predicted,-3.083912,5.257209,-0.248012,0.480916,0.611860,-0.057590,0.000000,8.789028,2043.562,0,4.454107,4.454107,1.540700,1.343357
tracking_cdrone3_20260820_202954_533_milestone4,milestone4,1787283044.815053701,target_map,4,7,2,predicted,-3.035761,5.318470,-0.253779,0.480916,0.611860,-0.057590,0.000000,8.789028,2043.562,0,4.554231,4.554231,1.575743,1.368388
tracking_cdrone3_20260820_202954_533_milestone4,milestone4,1787283044.915267229,target_map,4,7,2,predicted,-2.987573,5.379779,-0.259549,0.480916,0.611860,-0.057590,0.000000,8.789028,2043.562,0,4.654431,4.654431,1.610813,1.393438
tracking_cdrone3_20260820_202954_533_milestone4,milestone4,1787283045.014824629,target_map,4,7,2,predicted,-2.939683,5.440708,-0.265284,0.480916,0.611860,-0.057590,0.000000,8.789028,2043.562,0,4.754012,4.754012,1.645667,1.418333
tracking_cdrone3_20260820_202954_533_milestone4,milestone4,1787283045.115198851,target_map,4,7,2,predicted,-2.891420,5.502112,-0.271064,0.480916,0.611860,-0.057590,0.000000,8.789028,2043.562,0,4.854369,4.854369,1.680791,1.443423
tracking_cdrone3_20260820_202954_533_milestone4,milestone4,1787283045.215144634,target_map,4,7,2,predicted,-2.843351,5.563270,-0.276820,0.480916,0.611860,-0.057590,0.000000,8.789028,2043.562,0,4.954322,4.954322,1.715775,1.468411
tracking_cdrone3_20260820_202954_533_milestone4,milestone4,1787283045.983549356,raw,8,8,0,detected,-9.788622,-0.956299,0.105643,0.000000,0.000000,0.000000,0.671387,3.337591,1901.250,0,0.000000,0.000000,0.000000,0.000000
tracking_cdrone3_20260820_202954_533_milestone4,milestone4,1787283046.014901638,target_map,5,8,0,detected,-9.788622,-0.956299,0.105643,0.000000,0.000000,0.000000,0.667481,3.337591,1901.250,0,0.023268,0.000000,0.158144,0.355817
tracking_cdrone3_20260820_202954_533_milestone4,milestone4,1787283046.115366459,target_map,5,8,0,detected,-9.788622,-0.956299,0.105643,0.000000,0.000000,0.000000,0.650627,3.337591,1901.250,0,0.123680,0.000000,0.193288,0.380920
tracking_cdrone3_20260820_202954_533_milestone4,milestone4,1787283046.214990854,target_map,5,8,0,detected,-9.788622,-0.956299,0.105643,0.000000,0.000000,0.000000,0.633899,3.337591,1901.250,0,0.223344,0.000000,0.228170,0.405836
tracking_cdrone3_20260820_202954_533_milestone4,milestone4,1787283046.231671810,raw,8,8,0,detected,-9.887581,-1.059439,0.081931,-0.398821,-0.415670,-0.095562,0.625977,3.252729,6363.000,1,0.000000,0.000000,0.000000,0.000000
tracking_cdrone3_20260820_202954_533_milestone4,milestone4,1787283046.315218925,target_map,5,8,0,detected,-9.905292,-1.077898,0.077687,-0.219352,-0.228618,-0.052559,0.613341,3.252729,6363.000,1,0.080743,0.000000,0.178260,0.370186
tracking_cdrone3_20260820_202954_533_milestone4,milestone4,1787283046.415262938,target_map,5,8,0,detected,-9.927238,-1.100771,0.072429,-0.219352,-0.228618,-0.052559,0.597684,3.252729,6363.000,1,0.180791,0.000000,0.213277,0.395198
tracking_cdrone3_20260820_202954_533_milestone4,milestone4,1787283046.496850491,raw,8,8,0,detected,-9.854742,-1.150347,0.080360,0.123840,-0.342824,-0.005926,0.755371,3.299930,5828.000,0,0.000000,0.000000,0.000000,0.000000
tracking_cdrone3_20260820_202954_533_milestone4,milestone4,1787283046.516178370,target_map,5,8,0,detected,-9.855225,-1.154948,0.079935,-0.030596,-0.291431,-0.026911,0.752390,3.299930,5828.000,0,0.015787,0.000000,0.155526,0.353947
tracking_cdrone3_20260820_202954_533_milestone4,milestone4,1787283046.615282297,target_map,5,8,0,detected,-9.858257,-1.183830,0.077268,-0.030596,-0.291431,-0.026911,0.733674,3.299930,5828.000,0,0.114893,0.000000,0.190213,0.378723
tracking_cdrone3_20260820_202954_533_milestone4,milestone4,1787283046.715118885,target_map,5,8,0,detected,-9.861312,-1.212922,0.074581,-0.030596,-0.291431,-0.026911,0.714823,3.299930,5828.000,0,0.214718,0.000000,0.225151,0.403679
tracking_cdrone3_20260820_202954_533_milestone4,milestone4,1787283046.748452663,raw,8,8,0,detected,-9.810262,-1.219800,0.090282,0.176790,-0.276043,0.039435,0.409180,3.357389,6730.750,0,0.000000,0.000000,0.000000,0.000000
tracking_cdrone3_20260820_202954_533_milestone4,milestone4,1787283046.815308571,target_map,5,8,0,detected,-9.804924,-1.237896,0.090894,0.083466,-0.282968,0.009579,0.402638,3.357389,6730.750,0,0.063951,0.000000,0.172383,0.365988
tracking_cdrone3_20260820_202954_533_milestone4,milestone4,1787283046.915232182,target_map,5,8,0,detected,-9.796584,-1.266169,0.091851,0.083466,-0.282968,0.009579,0.392417,3.357389,6730.750,0,0.163868,0.000000,0.207354,0.390967
tracking_cdrone3_20260820_202954_533_milestone4,milestone4,1787283046.995950222,raw,8,8,0,detected,-9.593202,-1.259407,0.085732,0.877036,-0.160034,-0.018383,0.820312,3.577896,2349.500,0,0.000000,0.000000,0.000000,0.000000
tracking_cdrone3_20260820_202954_533_milestone4,milestone4,1787283047.014870644,target_map,5,8,0,detected,-9.587324,-1.261841,0.085666,0.519929,-0.215354,-0.005800,0.817994,3.577896,2349.500,0,0.011304,0.000000,0.153956,0.352826
tracking_cdrone3_20260820_202954_533_milestone4,milestone4,1787283047.115053415,target_map,5,8,0,detected,-9.535244,-1.283412,0.085085,0.519929,-0.215354,-0.005800,0.797452,3.577896,2349.500,0,0.111471,0.000000,0.189015,0.377868
tracking_cdrone3_20260820_202954_533_milestone4,milestone4,1787283047.214886665,target_map,5,8,0,detected,-9.483335,-1.304913,0.084506,0.519929,-0.215354,-0.005800,0.776977,3.577896,2349.500,0,0.211311,0.000000,0.223959,0.402828
tracking_cdrone3_20260820_202954_533_milestone4,milestone4,1787283047.250737429,raw,8,8,0,detected,-9.609599,-1.187567,0.081469,-0.064356,0.281953,-0.016729,0.817871,3.547857,2236.500,1,0.000000,0.000000,0.000000,0.000000
tracking_cdrone3_20260820_202954_533_milestone4,milestone4,1787283047.315274954,target_map,5,8,0,detected,-9.597325,-1.183972,0.080739,0.198572,0.058165,-0.011811,0.805233,3.547857,2236.500,1,0.061809,0.000000,0.171633,0.365452
tracking_cdrone3_20260820_202954_533_milestone4,milestone4,1787283047.415057182,target_map,5,8,0,detected,-9.577514,-1.178169,0.079561,0.198572,0.058165,-0.011811,0.784833,3.547857,2236.500,1,0.161580,0.000000,0.206553,0.390395
tracking_cdrone3_20260820_202954_533_milestone4,milestone4,1787283047.487795353,raw,8,8,0,detected,-9.527802,-1.130753,0.091288,0.345045,0.239658,0.041417,0.752930,3.620675,1996.500,0,0.000000,0.000000,0.000000,0.000000
tracking_cdrone3_20260820_202954_533_milestone4,milestone4,1787283047.515110493,target_map,5,8,0,detected,-9.522264,-1.127619,0.091634,0.279132,0.157986,0.017464,0.749196,3.620675,1996.500,0,0.019836,0.000000,0.156943,0.354959
tracking_cdrone3_20260820_202954_533_milestone4,milestone4,1787283047.615483284,target_map,5,8,0,detected,-9.494248,-1.111762,0.093387,0.279132,0.157986,0.017464,0.730303,3.620675,1996.500,0,0.120205,0.000000,0.192072,0.380051
tracking_cdrone3_20260820_202954_533_milestone4,milestone4,1787283047.715106010,target_map,5,8,0,detected,-9.466440,-1.096023,0.095127,0.279132,0.157986,0.017464,0.711551,3.620675,1996.500,0,0.219829,0.000000,0.226940,0.404957
tracking_cdrone3_20260820_202954_533_milestone4,milestone4,1787283047.730637074,raw,8,8,0,detected,-9.603557,-1.019408,0.108066,-0.311961,0.458525,0.069093,0.555176,3.529663,1457.000,1,0.000000,0.000000,0.000000,0.000000
tracking_cdrone3_20260820_202954_533_milestone4,milestone4,1787283047.815120697,target_map,5,8,0,detected,-9.607106,-0.994447,0.111607,-0.045969,0.323283,0.045860,0.544459,3.529663,1457.000,1,0.077212,0.000000,0.177024,0.369303
tracking_cdrone3_20260820_202954_533_milestone4,milestone4,1787283047.915169239,target_map,5,8,0,detected,-9.611705,-0.962104,0.116195,-0.045969,0.323283,0.045860,0.530574,3.529663,1457.000,1,0.177255,0.000000,0.212039,0.394314
tracking_cdrone3_20260820_202954_533_milestone4,milestone4,1787283047.948516607,raw,8,8,0,detected,-6.488163,-1.339902,0.143423,14.297885,-1.470886,0.162270,0.555176,6.660285,1457.000,0,0.000000,0.000000,0.000000,0.000000
tracking_cdrone3_20260820_202954_533_milestone4,milestone4,1787283048.015460253,target_map,5,8,0,detected,-6.209093,-1.359427,0.147928,4.355935,-0.304765,0.070308,0.546284,6.660285,1457.000,0,0.064067,0.000000,0.172423,0.366017
tracking_cdrone3_20260820_202954_533_milestone4,milestone4,1787283048.115350008,target_map,5,8,0,detected,-5.774023,-1.389867,0.154950,4.355935,-0.304765,0.070308,0.532421,6.660285,1457.000,0,0.163946,0.000000,0.207381,0.390987
tracking_cdrone3_20260820_202954_533_milestone4,milestone4,1787283048.151971102,raw,8,8,0,detected,-6.892633,-1.220970,0.131279,-1.987945,0.584541,-0.059687,0.555176,6.244256,1457.000,1,0.000000,0.000000,0.000000,0.000000
tracking_cdrone3_20260820_202954_533_milestone4,milestone4,1787283048.215032339,target_map,5,8,0,detected,-6.840999,-1.209989,0.131208,0.866801,0.184353,-0.001189,0.546908,6.244256,1457.000,1,0.059569,0.000000,0.170849,0.364892
tracking_cdrone3_20260820_202954_533_milestone4,milestone4,1787283048.314850330,target_map,5,8,0,detected,-6.754481,-1.191588,0.131090,0.866801,0.184353,-0.001189,0.533055,6.244256,1457.000,1,0.159381,0.000000,0.205783,0.389845
tracking_cdrone3_20260820_202954_533_milestone4,milestone4,1787283048.363625765,raw,8,8,0,detected,-7.942984,-0.901794,0.093718,-4.962880,1.508101,-0.177478,0.517578,5.170430,4325.500,1,0.000000,0.000000,0.000000,0.000000
tracking_cdrone3_20260820_202954_533_milestone4,milestone4,1787283048.414846182,target_map,5,8,0,detected,-8.048631,-0.860591,0.089285,-2.339524,0.912415,-0.098148,0.511735,5.170430,4325.500,1,0.045158,0.000000,0.165805,0.361289
tracking_cdrone3_20260820_202954_533_milestone4,milestone4,1787283048.514888048,target_map,5,8,0,detected,-8.282677,-0.769314,0.079467,-2.339524,0.912415,-0.098148,0.498790,5.170430,4325.500,1,0.145197,0.000000,0.200819,0.386299
tracking_cdrone3_20260820_202954_533_milestone4,milestone4,1787283048.577213526,raw,8,8,0,detected,-9.512349,-0.671265,0.086470,-7.347401,1.079280,-0.033931,0.506836,3.591998,2212.875,1,0.000000,0.000000,0.000000,0.000000
tracking_cdrone3_20260820_202954_533_milestone4,milestone4,1787283048.615152121,target_map,5,8,0,detected,-9.687712,-0.636695,0.084307,-5.093856,1.004191,-0.062829,0.502474,3.591998,2212.875,1,0.034426,0.000000,0.162049,0.358607
tracking_cdrone3_20260820_202954_533_milestone4,milestone4,1787283048.715212345,target_map,5,8,0,detected,-10.197387,-0.536219,0.078021,-5.093856,1.004191,-0.062829,0.489796,3.591998,2212.875,1,0.134483,0.000000,0.197069,0.383621
tracking_cdrone3_20260820_202954_533_milestone4,milestone4,1787283048.796263218,raw,8,8,0,detected,-9.442814,-0.533319,0.097769,0.317462,0.629790,0.051584,0.751465,3.660327,4466.000,0,0.000000,0.000000,0.000000,0.000000
tracking_cdrone3_20260820_202954_533_milestone4,milestone4,1787283048.815298319,target_map,5,8,0,detected,-9.476655,-0.520563,0.097770,-2.117631,0.798270,0.000098,0.748463,3.660327,4466.000,0,0.015981,0.000000,0.155593,0.353995
tracking_cdrone3_20260820_202954_533_milestone4,milestone4,1787283048.914758444,target_map,5,8,0,detected,-9.687301,-0.441157,0.097780,-2.117631,0.798270,0.000098,0.729775,3.660327,4466.000,0,0.115453,0.000000,0.190409,0.378863
tracking_cdrone3_20260820_202954_533_milestone4,milestone4,1787283049.008475304,raw,8,8,0,detected,-9.383478,-0.426577,0.122379,0.279592,0.502974,0.115962,0.817871,3.722229,4544.250,0,0.000000,0.000000,0.000000,0.000000
tracking_cdrone3_20260820_202954_533_milestone4,milestone4,1787283049.015184164,target_map,5,8,0,detected,-9.386739,-0.423983,0.122639,-0.799158,0.635857,0.063824,0.817037,3.722229,4544.250,0,0.004081,0.000000,0.151428,0.351020
tracking_cdrone3_20260820_202954_533_milestone4,milestone4,1787283049.115084171,target_map,5,8,0,detected,-9.466571,-0.360464,0.129015,-0.799158,0.635857,0.063824,0.796611,3.722229,4544.250,0,0.103976,0.000000,0.186391,0.375994
tracking_cdrone3_20260820_202954_533_milestone4,milestone4,1787283049.211644173,raw,8,8,0,detected,-9.269403,-0.310723,0.122315,0.561443,0.570202,-0.000312,0.817871,3.841783,4544.250,0,0.000000,0.000000,0.000000,0.000000
tracking_cdrone3_20260820_202954_533_milestone4,milestone4,1787283049.216216087,target_map,5,8,0,detected,-9.547383,-0.296165,0.135469,-0.799158,0.635857,0.063824,0.775935,3.722229,4544.250,0,0.205097,0.000000,0.221784,0.401274
tracking_cdrone3_20260820_202954_533_milestone4,milestone4,1787283049.314827919,target_map,5,8,0,detected,-9.274221,-0.253871,0.125021,-0.050828,0.599747,0.028549,0.798489,3.841783,4544.250,0,0.094793,0.000000,0.183178,0.373698
tracking_cdrone3_20260820_202954_533_milestone4,milestone4,1787283049.415222168,target_map,5,8,0,detected,-9.279323,-0.193675,0.127887,-0.050828,0.599747,0.028549,0.777967,3.841783,4544.250,0,0.195162,0.000000,0.218307,0.398791
tracking_cdrone3_20260820_202954_533_milestone4,milestone4,1787283049.444231272,raw,8,8,0,detected,-9.299978,-0.212775,0.119393,-0.131464,0.421158,-0.012566,0.817871,3.819226,4544.250,1,0.000000,0.000000,0.000000,0.000000
tracking_cdrone3_20260820_202954_533_milestone4,milestone4,1787283049.515089750,target_map,5,8,0,detected,-9.306444,-0.178703,0.119796,-0.095178,0.501523,0.005935,0.803980,3.819226,4544.250,1,0.067937,0.000000,0.173778,0.366984
tracking_cdrone3_20260820_202954_533_milestone4,milestone4,1787283049.615101576,target_map,5,8,0,detected,-9.315963,-0.128546,0.120389,-0.095178,0.501523,0.005935,0.783532,3.819226,4544.250,1,0.167946,0.000000,0.208781,0.391986
tracking_cdrone3_20260820_202954_533_milestone4,milestone4,1787283049.677606344,raw,8,8,0,detected,-9.202755,-0.091100,0.118084,0.416584,0.521359,-0.005605,0.817871,3.929036,4544.250,0,0.000000,0.000000,0.000000,0.000000
tracking_cdrone3_20260820_202954_533_milestone4,milestone4,1787283049.714891434,target_map,5,8,0,detected,-9.196443,-0.073736,0.118070,0.186291,0.512433,-0.000412,0.810942,3.929036,4544.250,0,0.033886,0.000000,0.161860,0.358472
tracking_cdrone3_20260820_202954_533_milestone4,milestone4,1787283049.815166712,target_map,5,8,0,detected,-9.177767,-0.022365,0.118029,0.186291,0.512433,-0.000412,0.790445,3.929036,4544.250,0,0.134135,0.000000,0.196947,0.383534
tracking_cdrone3_20260820_202954_533_milestone4,milestone4,1787283049.913378954,raw,8,8,0,detected,-9.024697,0.073653,0.133932,0.755227,0.698795,0.067218,0.560059,4.128411,430.500,0,0.000000,0.000000,0.000000,0.000000
tracking_cdrone3_20260820_202954_533_milestone4,milestone4,1787283049.916358471,target_map,5,8,0,detected,-9.158913,0.029497,0.117987,0.186291,0.512433,-0.000412,0.769751,3.929036,4544.250,0,0.235342,0.000000,0.232370,0.408836
tracking_cdrone3_20260820_202954_533_milestone4,milestone4,1787283050.015111446,target_map,5,8,0,detected,-8.977344,0.131985,0.137422,0.499206,0.614932,0.036785,0.546777,4.128411,430.500,0,0.094859,0.000000,0.183201,0.373715
tracking_cdrone3_20260820_202954_533_milestone4,milestone4,1787283050.115170717,target_map,5,8,0,detected,-8.927400,0.193506,0.141102,0.499206,0.614932,0.036785,0.532769,4.128411,430.500,0,0.194905,0.000000,0.218217,0.398726
tracking_cdrone3_20260820_202954_533_milestone4,milestone4,1787283050.163879395,raw,8,8,0,detected,-8.917637,0.229470,0.142552,0.427390,0.622026,0.034410,0.478516,4.260589,484.000,0,0.000000,0.000000,0.000000,0.000000
tracking_cdrone3_20260820_202954_533_milestone4,milestone4,1787283050.215145588,target_map,5,8,0,detected,-8.895408,0.259393,0.144267,0.459707,0.618834,0.035478,0.472731,4.260589,484.000,0,0.048354,0.000000,0.166924,0.362089
tracking_cdrone3_20260820_202954_533_milestone4,milestone4,1787283050.314771891,target_map,5,8,0,detected,-8.849606,0.321051,0.147802,0.459707,0.618834,0.035478,0.460812,4.260589,484.000,0,0.147989,0.000000,0.201796,0.386997
tracking_cdrone3_20260820_202954_533_milestone4,milestone4,1787283050.414957523,target_map,5,8,0,detected,-8.803553,0.383044,0.151356,0.459707,0.618834,0.035478,0.448828,4.260589,484.000,0,0.248168,0.000000,0.236859,0.412042
tracking_cdrone3_20260820_202954_533_milestone4,milestone4,1787283050.428245783,raw,8,8,0,detected,-8.918064,0.337940,0.150553,-0.001616,0.410302,0.030266,0.506836,4.282251,483.750,0,0.000000,0.000000,0.000000,0.000000
tracking_cdrone3_20260820_202954_533_milestone4,milestone4,1787283050.515566826,target_map,5,8,0,detected,-8.900629,0.380613,0.153314,0.205980,0.504141,0.032612,0.496111,4.282251,483.750,0,0.084645,0.000000,0.179626,0.371161
tracking_cdrone3_20260820_202954_533_milestone4,milestone4,1787283050.615345478,target_map,5,8,0,detected,-8.880080,0.430907,0.156567,0.205980,0.504141,0.032612,0.483470,4.282251,483.750,0,0.184408,0.000000,0.214543,0.396102
tracking_cdrone3_20260820_202954_533_milestone4,milestone4,1787283050.654114485,raw,8,8,0,detected,3.244500,3.518809,0.194613,53.846062,14.082333,0.195062,0.506836,16.850618,483.750,0,0.000000,0.000000,0.000000,0.000000
tracking_cdrone3_20260820_202954_533_milestone4,milestone4,1787283050.715114117,target_map,5,8,0,detected,3.493103,3.595407,0.196333,4.349494,1.340143,0.030096,0.499594,16.850618,483.750,0,0.057157,0.000000,0.170005,0.364289
tracking_cdrone3_20260820_202954_533_milestone4,milestone4,1787283050.815145731,target_map,5,8,0,detected,3.928164,3.729456,0.199344,4.349494,1.340143,0.030096,0.486920,16.850618,483.750,0,0.157182,0.000000,0.205014,0.389296
tracking_cdrone3_20260820_202954_533_milestone4,milestone4,1787283050.914441586,raw,8,8,0,detected,3.604370,4.092712,0.371498,1.382157,2.204197,0.679364,0.506836,17.347315,483.750,0,0.000000,0.000000,0.000000,0.000000
tracking_cdrone3_20260820_202954_533_milestone4,milestone4,1787283050.914929867,target_map,5,8,2,predicted,4.362230,3.863198,0.202347,4.349494,1.340143,0.030096,0.474274,16.850618,483.750,0,0.256979,0.256979,0.239943,0.414245
tracking_cdrone3_20260820_202954_533_milestone4,milestone4,1787283051.015106440,target_map,5,8,0,detected,3.865669,4.267270,0.408729,2.717459,1.815372,0.387193,0.494652,17.347315,483.750,0,0.096155,0.000000,0.183654,0.374039
tracking_cdrone3_20260820_202954_533_milestone4,milestone4,1787283051.115189314,target_map,5,8,0,detected,4.137618,4.448943,0.447477,2.717459,1.815372,0.387193,0.481972,17.347315,483.750,0,0.196230,0.000000,0.218681,0.399058
tracking_cdrone3_20260820_202954_533_milestone4,milestone4,1787283051.147384644,raw,8,8,0,detected,5.554087,5.240672,0.419174,8.370074,4.928157,0.204672,0.506836,19.542847,483.750,0,0.000000,0.000000,0.000000,0.000000
tracking_cdrone3_20260820_202954_533_milestone4,milestone4,1787283051.215106726,target_map,5,8,0,detected,5.870275,5.432950,0.436008,5.013618,3.048853,0.266932,0.498845,19.542847,483.750,0,0.063066,0.000000,0.172073,0.365766
tracking_cdrone3_20260820_202954_533_milestone4,milestone4,1787283051.315134048,target_map,5,8,0,detected,6.371737,5.737896,0.462707,5.013618,3.048853,0.266932,0.486172,19.542847,483.750,0,0.163086,0.000000,0.207080,0.390771
tracking_cdrone3_20260820_202954_533_milestone4,milestone4,1787283051.397485495,raw,8,8,0,detected,5.772284,5.814709,0.323605,0.872586,2.295619,-0.382190,0.506836,19.926376,483.750,0,0.000000,0.000000,0.000000,0.000000
tracking_cdrone3_20260820_202954_533_milestone4,milestone4,1787283051.417065144,target_map,5,8,0,detected,5.812603,5.853533,0.322277,2.736050,2.634574,-0.090085,0.504969,19.926376,483.750,0,0.014736,0.000000,0.155158,0.353684
tracking_cdrone3_20260820_202954_533_milestone4,milestone4,1787283051.514768839,target_map,5,8,0,detected,6.079944,6.110959,0.313475,2.736050,2.634574,-0.090085,0.492588,19.926376,483.750,0,0.112447,0.000000,0.189356,0.378112
tracking_cdrone3_20260820_202954_533_milestone4,milestone4,1787283051.615003586,target_map,5,8,0,detected,6.354138,6.374984,0.304447,2.736050,2.634574,-0.090085,0.479890,19.926376,483.750,0,0.212662,0.000000,0.224432,0.403166
tracking_cdrone3_20260820_202954_533_milestone4,milestone4,1787283051.638765812,raw,8,8,1,held,5.842732,6.069128,0.287467,0.291971,1.054424,-0.149772,0.506836,20.075563,483.750,0,0.241287,0.241287,0.000000,0.000000
tracking_cdrone3_20260820_202954_533_milestone4,milestone4,1787283051.714883804,target_map,5,8,1,held,5.935536,6.186848,0.279271,1.391806,1.765492,-0.122913,0.467814,20.075563,483.750,0,0.307966,0.000000,0.173338,0.366670
tracking_cdrone3_20260820_202954_533_milestone4,milestone4,1787283051.815193653,target_map,5,8,1,held,6.075123,6.363913,0.266944,1.391806,1.765492,-0.122913,0.455106,20.075563,483.750,0,0.408257,0.000000,0.208440,0.391743
tracking_cdrone3_20260820_202954_533_milestone4,milestone4,1787283051.868807316,raw,8,8,0,detected,7.178004,7.557977,0.349586,5.804434,6.472034,0.270031,0.506836,21.850374,483.750,0,0.000000,0.000000,0.000000,0.000000
tracking_cdrone3_20260820_202954_533_milestone4,milestone4,1787283051.915296555,target_map,5,8,0,detected,7.334069,7.736202,0.353147,3.562634,4.068515,0.081291,0.501285,21.850374,483.750,0,0.043806,0.000000,0.165332,0.360952
tracking_cdrone3_20260820_202954_533_milestone4,milestone4,1787283052.015013218,target_map,5,8,0,detected,7.689354,8.141936,0.361253,3.562634,4.068515,0.081291,0.488649,21.850374,483.750,0,0.143531,0.000000,0.200236,0.385883
tracking_cdrone3_20260820_202954_533_milestone4,milestone4,1787283052.114048719,raw,8,8,0,detected,-13.081702,-0.560557,0.085357,-82.612564,-33.104771,-1.077439,0.506836,0.022513,483.750,1,0.000000,0.000000,0.000000,0.000000
tracking_cdrone3_20260820_202954_533_milestone4,milestone4,1787283052.114881516,target_map,5,8,0,detected,8.045135,8.548236,0.369371,3.562634,4.068515,0.081291,0.475996,21.850374,483.750,0,0.243396,0.000000,0.235189,0.410849
tracking_cdrone3_20260820_202954_533_milestone4,milestone4,1787283052.214934349,target_map,5,8,0,detected,-13.313346,-0.542416,0.083799,-2.480794,0.194287,-0.016682,0.495005,0.022513,483.750,1,0.093375,0.000000,0.182681,0.373344
tracking_cdrone3_20260820_202954_533_milestone4,milestone4,1787283052.315510988,target_map,5,8,0,detected,-13.562810,-0.522879,0.082122,-2.480794,0.194287,-0.016682,0.482263,0.022513,483.750,1,0.193933,0.000000,0.217877,0.398483
tracking_cdrone3_20260820_202954_533_milestone4,milestone4,1787283052.373255968,raw,8,8,1,held,-13.314238,-0.653418,0.081580,-0.897083,-0.358242,-0.014571,0.506836,0.227495,483.750,1,0.259213,0.259213,0.000000,0.000000
tracking_cdrone3_20260820_202954_533_milestone4,milestone4,1787283052.414847612,target_map,5,8,1,held,-13.376208,-0.657638,0.080982,-1.609753,-0.109604,-0.015521,0.469113,0.227495,483.750,1,0.297710,0.000000,0.163474,0.359624
tracking_cdrone3_20260820_202954_533_milestone4,milestone4,1787283052.515103102,target_map,5,8,1,held,-13.537579,-0.668625,0.079427,-1.609753,-0.109604,-0.015521,0.456411,0.227495,483.750,1,0.397955,0.000000,0.198560,0.384686
tracking_cdrone3_20260820_202954_533_milestone4,milestone4,1787283052.614913702,target_map,5,8,1,held,-13.698255,-0.679565,0.077877,-1.609753,-0.109604,-0.015521,0.443764,0.227495,483.750,1,0.497769,0.000000,0.233495,0.409639
tracking_cdrone3_20260820_202954_533_milestone4,milestone4,1787283052.714885473,target_map,5,8,2,predicted,-13.859188,-0.690523,0.076326,-1.609753,-0.109604,-0.015521,0.431096,0.227495,483.750,1,0.597743,0.597743,0.268486,0.434633
tracking_cdrone3_20260820_202954_533_milestone4,milestone4,1787283052.815025568,target_map,5,8,2,predicted,-14.020370,-0.701497,0.074772,-1.609753,-0.109604,-0.015521,0.418409,0.227495,483.750,1,0.697872,0.697872,0.303531,0.459665
tracking_cdrone3_20260820_202954_533_milestone4,milestone4,1787283052.915204287,target_map,5,8,2,predicted,-14.181638,-0.712477,0.073217,-1.609753,-0.109604,-0.015521,0.405715,0.227495,483.750,1,0.798053,0.798053,0.338594,0.484710
tracking_cdrone3_20260820_202954_533_milestone4,milestone4,1787283053.015251398,target_map,5,8,2,predicted,-14.342672,-0.723442,0.071664,-1.609753,-0.109604,-0.015521,0.393040,0.227495,483.750,1,0.898090,0.898090,0.373607,0.509719
tracking_cdrone3_20260820_202954_533_milestone4,milestone4,1787283053.114808321,target_map,5,8,2,predicted,-14.502976,-0.734357,0.070118,-1.609753,-0.109604,-0.015521,0.380422,0.227495,483.750,1,0.997673,0.997673,0.408461,0.534615
tracking_cdrone3_20260820_202954_533_milestone4,milestone4,1787283053.214972973,target_map,5,8,2,predicted,-14.664186,-0.745333,0.068564,-1.609753,-0.109604,-0.015521,0.367732,0.227495,483.750,1,1.097818,1.097818,0.443512,0.559651
tracking_cdrone3_20260820_202954_533_milestone4,milestone4,1787283053.314927578,target_map,5,8,2,predicted,-14.825111,-0.756290,0.067012,-1.609753,-0.109604,-0.015521,0.355065,0.227495,483.750,1,1.197788,1.197788,0.478501,0.584644
tracking_cdrone3_20260820_202954_533_milestone4,milestone4,1787283053.414778471,target_map,5,8,2,predicted,-14.985848,-0.767234,0.065462,-1.609753,-0.109604,-0.015521,0.342413,0.227495,483.750,1,1.297640,1.297640,0.513449,0.609607
tracking_cdrone3_20260820_202954_533_milestone4,milestone4,1787283053.515602350,target_map,5,8,2,predicted,-15.148118,-0.778283,0.063898,-1.609753,-0.109604,-0.015521,0.329641,0.227495,483.750,1,1.398444,1.398444,0.548731,0.634808
tracking_cdrone3_20260820_202954_533_milestone4,milestone4,1787283053.614955425,target_map,5,8,2,predicted,-15.308075,-0.789174,0.062356,-1.609753,-0.109604,-0.015521,0.317050,0.227495,483.750,1,1.497811,1.497811,0.583509,0.659650
tracking_cdrone3_20260820_202954_533_milestone4,milestone4,1787283053.715201378,target_map,5,8,2,predicted,-15.469427,-0.800160,0.060800,-1.609753,-0.109604,-0.015521,0.304349,0.227495,483.750,1,1.598045,1.598045,0.618591,0.684708
tracking_cdrone3_20260820_202954_533_milestone4,milestone4,1787283053.815013647,target_map,5,8,2,predicted,-15.630121,-0.811101,0.059250,-1.609753,-0.109604,-0.015521,0.291700,0.227495,483.750,1,1.697871,1.697871,0.653530,0.709665
tracking_cdrone3_20260820_202954_533_milestone4,milestone4,1787283053.914942265,target_map,5,8,2,predicted,-15.790983,-0.822054,0.057699,-1.609753,-0.109604,-0.015521,0.279039,0.227495,483.750,1,1.797800,1.797800,0.688506,0.734647
tracking_cdrone3_20260820_202954_533_milestone4,milestone4,1787283054.015138388,target_map,5,8,2,predicted,-15.952155,-0.833028,0.056145,-1.609753,-0.109604,-0.015521,0.266352,0.227495,483.750,1,1.897922,1.897922,0.723548,0.759677
tracking_cdrone3_20260820_202954_533_milestone4,milestone4,1787283054.115112782,target_map,5,8,2,predicted,-16.113197,-0.843993,0.054593,-1.609753,-0.109604,-0.015521,0.253676,0.227495,483.750,1,1.997964,1.997964,0.758563,0.784688
tracking_cdrone3_20260820_202954_533_milestone4,milestone4,1787283054.215322495,target_map,5,8,2,predicted,-16.274483,-0.854974,0.053037,-1.609753,-0.109604,-0.015521,0.240981,0.227495,483.750,1,2.098156,2.098156,0.793630,0.809736
tracking_cdrone3_20260820_202954_533_milestone4,milestone4,1787283054.314819336,target_map,5,8,2,predicted,-16.434692,-0.865883,0.051493,-1.609753,-0.109604,-0.015521,0.228370,0.227495,483.750,1,2.197681,2.197681,0.828464,0.834617
tracking_cdrone3_20260820_202954_533_milestone4,milestone4,1787283054.415051937,target_map,5,8,2,predicted,-16.596025,-0.876867,0.049937,-1.609753,-0.109604,-0.015521,0.215671,0.227495,483.750,1,2.297903,2.297903,0.863542,0.859673
tracking_cdrone3_20260820_202954_533_milestone4,milestone4,1787283054.515493870,target_map,5,8,2,predicted,-16.757725,-0.887877,0.048378,-1.609753,-0.109604,-0.015521,0.202943,0.227495,483.750,1,2.398352,2.398352,0.898699,0.884785
tracking_cdrone3_20260820_202954_533_milestone4,milestone4,1787283054.615368128,target_map,5,8,2,predicted,-16.918476,-0.898822,0.046828,-1.609753,-0.109604,-0.015521,0.190290,0.227495,483.750,1,2.498213,2.498213,0.933650,0.909750
tracking_cdrone3_20260820_202954_533_milestone4,milestone4,1787283054.715113878,target_map,5,8,2,predicted,-17.079058,-0.909756,0.045280,-1.609753,-0.109604,-0.015521,0.177650,0.227495,483.750,1,2.597969,2.597969,0.968565,0.934689
tracking_cdrone3_20260820_202954_533_milestone4,milestone4,1787283054.815076113,target_map,5,8,2,predicted,-17.239962,-0.920711,0.043728,-1.609753,-0.109604,-0.015521,0.164985,0.227495,483.750,1,2.697925,2.697925,1.003549,0.959678
tracking_cdrone3_20260820_202954_533_milestone4,milestone4,1787283054.915142298,target_map,5,8,2,predicted,-17.401028,-0.931678,0.042175,-1.609753,-0.109604,-0.015521,0.152307,0.227495,483.750,1,2.797981,2.797981,1.038569,0.984692
tracking_cdrone3_20260820_202954_533_milestone4,milestone4,1787283055.015412092,target_map,5,8,2,predicted,-17.562456,-0.942669,0.040619,-1.609753,-0.109604,-0.015521,0.139600,0.227495,483.750,1,2.898262,2.898262,1.073667,1.009762
tracking_cdrone3_20260820_202954_533_milestone4,milestone4,1787283055.114805222,target_map,5,8,2,predicted,-17.722467,-0.953564,0.039076,-1.609753,-0.109604,-0.015521,0.127005,0.227495,483.750,1,2.997664,2.997664,1.108458,1.034613
tracking_cdrone3_20260820_202954_533_milestone4,milestone4,1787283055.215121269,target_map,5,8,2,predicted,-17.883942,-0.964558,0.037519,-1.609753,-0.109604,-0.015521,0.114295,0.227495,483.750,1,3.097973,3.097973,1.143566,1.059690
tracking_cdrone3_20260820_202954_533_milestone4,milestone4,1787283055.315345287,target_map,5,8,2,predicted,-18.045269,-0.975543,0.035964,-1.609753,-0.109604,-0.015521,0.101596,0.227495,483.750,1,3.198193,3.198193,1.178643,1.084745
tracking_cdrone3_20260820_202954_533_milestone4,milestone4,1787283055.415320158,target_map,5,8,2,predicted,-18.205885,-0.986479,0.034415,-1.609753,-0.109604,-0.015521,0.088954,0.227495,483.750,1,3.297969,3.297969,1.213565,1.109689
tracking_cdrone3_20260820_202954_533_milestone4,milestone4,1787283055.514866829,target_map,5,8,2,predicted,-18.366476,-0.997413,0.032867,-1.609753,-0.109604,-0.015521,0.076313,0.227495,483.750,1,3.397730,3.397730,1.248481,1.134629
tracking_cdrone3_20260820_202954_533_milestone4,milestone4,1787283055.614999771,target_map,5,8,2,predicted,-18.527639,-1.008386,0.031313,-1.609753,-0.109604,-0.015521,0.063627,0.227495,483.750,1,3.497847,3.497847,1.283522,1.159659
tracking_cdrone3_20260820_202954_533_milestone4,milestone4,1787283055.714871883,target_map,5,8,2,predicted,-18.688433,-1.019334,0.029762,-1.609753,-0.109604,-0.015521,0.050971,0.227495,483.750,1,3.597734,3.597734,1.318482,1.184630
tracking_cdrone3_20260820_202954_533_milestone4,milestone4,1787283055.815018892,target_map,5,8,2,predicted,-18.849617,-1.030309,0.028208,-1.609753,-0.109604,-0.015521,0.038283,0.227495,483.750,1,3.697864,3.697864,1.353528,1.209663
tracking_cdrone3_20260820_202954_533_milestone4,milestone4,1787283055.915182829,target_map,5,8,2,predicted,-19.010859,-1.041288,0.026654,-1.609753,-0.109604,-0.015521,0.025591,0.227495,483.750,1,3.798029,3.798029,1.388586,1.234704
tracking_cdrone3_20260820_202954_533_milestone4,milestone4,1787283056.015146255,target_map,5,8,2,predicted,-19.171785,-1.052245,0.025102,-1.609753,-0.109604,-0.015521,0.012924,0.227495,483.750,1,3.897999,3.897999,1.423575,1.259696
tracking_cdrone3_20260820_202954_533_milestone4,milestone4,1787283056.114966393,target_map,5,8,2,predicted,-19.332479,-1.063186,0.023552,-1.609753,-0.109604,-0.015521,0.000276,0.227495,483.750,1,3.997825,3.997825,1.458514,1.284653
tracking_cdrone3_20260820_202954_533_milestone4,milestone4,1787283056.215198755,target_map,5,8,2,predicted,-19.493822,-1.074171,0.021997,-1.609753,-0.109604,-0.015521,0.000000,0.227495,483.750,1,4.098053,4.098053,1.493594,1.309710
tracking_cdrone3_20260820_202954_533_milestone4,milestone4,1787283056.315194368,target_map,5,8,2,predicted,-19.654778,-1.085130,0.020445,-1.609753,-0.109604,-0.015521,0.000000,0.227495,483.750,1,4.198041,4.198041,1.528590,1.334707
tracking_cdrone3_20260820_202954_533_milestone4,milestone4,1787283056.414789677,target_map,5,8,2,predicted,-19.815149,-1.096050,0.018899,-1.609753,-0.109604,-0.015521,0.000000,0.227495,483.750,1,4.297666,4.297666,1.563458,1.359613
tracking_cdrone3_20260820_202954_533_milestone4,milestone4,1787283056.514854908,target_map,5,8,2,predicted,-19.976198,-1.107015,0.017346,-1.609753,-0.109604,-0.015521,0.000000,0.227495,483.750,1,4.397711,4.397711,1.598474,1.384624
tracking_cdrone3_20260820_202954_533_milestone4,milestone4,1787283056.615255594,target_map,5,8,2,predicted,-20.137787,-1.118017,0.015788,-1.609753,-0.109604,-0.015521,0.000000,0.227495,483.750,1,4.498093,4.498093,1.633608,1.409720
tracking_cdrone3_20260820_202954_533_milestone4,milestone4,1787283056.714821339,target_map,5,8,2,predicted,-20.298096,-1.128932,0.014242,-1.609753,-0.109604,-0.015521,0.000000,0.227495,483.750,1,4.597679,4.597679,1.668463,1.434616
tracking_cdrone3_20260820_202954_533_milestone4,milestone4,1787283056.815167427,target_map,5,8,2,predicted,-20.459604,-1.139929,0.012685,-1.609753,-0.109604,-0.015521,0.000000,0.227495,483.750,1,4.698009,4.698009,1.703579,1.459699
tracking_cdrone3_20260820_202954_533_milestone4,milestone4,1787283056.914868355,target_map,5,8,2,predicted,-20.620132,-1.150859,0.011137,-1.609753,-0.109604,-0.015521,0.000000,0.227495,483.750,1,4.797732,4.797732,1.738482,1.484630
tracking_cdrone3_20260820_202954_533_milestone4,milestone4,1787283057.015263319,target_map,5,8,2,predicted,-20.781677,-1.161858,0.009579,-1.609753,-0.109604,-0.015521,0.000000,0.227495,483.750,1,4.898086,4.898086,1.773605,1.509718
tracking_cdrone3_20260820_202954_533_milestone4,milestone4,1787283057.115187407,target_map,5,8,2,predicted,-20.942551,-1.172812,0.008028,-1.609753,-0.109604,-0.015521,0.000000,0.227495,483.750,1,4.998023,4.998023,1.808583,1.534703
tracking_cdrone3_20260820_202954_533_milestone4,milestone4,1787283058.131869078,raw,9,9,0,detected,-10.062923,-1.179285,0.114703,0.000000,0.000000,0.000000,0.776855,3.099743,3680.000,0,0.000000,0.000000,0.000000,0.000000
tracking_cdrone3_20260820_202954_533_milestone4,milestone4,1787283058.215104580,target_map,6,9,0,detected,-10.062923,-1.179285,0.114703,0.000000,0.000000,0.000000,0.761610,3.099743,3680.000,0,0.078496,0.000000,0.177474,0.369624
tracking_cdrone3_20260820_202954_533_milestone4,milestone4,1787283058.314887285,target_map,6,9,0,detected,-10.062923,-1.179285,0.114703,0.000000,0.000000,0.000000,0.742231,3.099743,3680.000,0,0.178282,0.000000,0.212399,0.394570
tracking_cdrone3_20260820_202954_533_milestone4,milestone4,1787283058.375623465,raw,9,9,0,detected,-10.126692,-1.109375,0.115125,-0.261607,0.286800,0.001731,0.557617,3.023942,2920.000,1,0.000000,0.000000,0.000000,0.000000
tracking_cdrone3_20260820_202954_533_milestone4,milestone4,1787283058.415116787,target_map,6,9,0,detected,-10.131872,-1.103696,0.115160,-0.143884,0.157740,0.000952,0.552598,3.023942,2920.000,1,0.036007,0.000000,0.162602,0.359002
tracking_cdrone3_20260820_202954_533_milestone4,milestone4,1787283058.514990807,target_map,6,9,0,detected,-10.146242,-1.087943,0.115255,-0.143884,0.157740,0.000952,0.538676,3.023942,2920.000,1,0.135874,0.000000,0.197556,0.383968
tracking_cdrone3_20260820_202954_533_milestone4,milestone4,1787283058.593821526,raw,9,9,0,detected,-10.114702,-1.060569,0.086403,0.054948,0.223680,-0.131637,0.494141,3.027344,2788.000,0,0.000000,0.000000,0.000000,0.000000
tracking_cdrone3_20260820_202954_533_milestone4,milestone4,1787283058.615121841,target_map,6,9,0,detected,-10.115319,-1.057100,0.085116,-0.034526,0.194007,-0.071972,0.491932,3.027344,2788.000,0,0.017881,0.000000,0.156258,0.354470
tracking_cdrone3_20260820_202954_533_milestone4,milestone4,1787283058.714791298,target_map,6,9,0,detected,-10.118761,-1.037762,0.077942,-0.034526,0.194007,-0.071972,0.479618,3.027344,2788.000,0,0.117559,0.000000,0.191146,0.379390
tracking_cdrone3_20260820_202954_533_milestone4,milestone4,1787283058.815303802,target_map,6,9,0,detected,-10.122229,-1.018275,0.070713,-0.034526,0.194007,-0.071972,0.467210,3.027344,2788.000,0,0.218001,0.000000,0.226300,0.404500
tracking_cdrone3_20260820_202954_533_milestone4,milestone4,1787283058.817508936,raw,9,9,0,detected,-10.101369,-1.069812,0.093158,0.059605,-0.041319,0.030200,0.402588,3.042026,7175.500,0,0.000000,0.000000,0.000000,0.000000
tracking_cdrone3_20260820_202954_533_milestone4,milestone4,1787283058.915091276,target_map,6,9,0,detected,-10.099726,-1.063658,0.091655,0.017246,0.064578,-0.015777,0.392998,3.042026,7175.500,0,0.095283,0.000000,0.183349,0.373821
tracking_cdrone3_20260820_202954_533_milestone4,milestone4,1787283059.014805317,target_map,6,9,0,detected,-10.098006,-1.057219,0.090081,0.017246,0.064578,-0.015777,0.382961,3.042026,7175.500,0,0.195006,0.000000,0.218252,0.398751
tracking_cdrone3_20260820_202954_533_milestone4,milestone4,1787283059.054449081,raw,9,9,0,detected,-10.041017,-1.062857,0.077263,0.254680,0.029346,-0.067075,0.402588,3.100899,7175.500,0,0.000000,0.000000,0.000000,0.000000
tracking_cdrone3_20260820_202954_533_milestone4,milestone4,1787283059.114877462,target_map,6,9,0,detected,-10.032911,-1.060379,0.074851,0.147834,0.045201,-0.043991,0.397070,3.100899,7175.500,0,0.054826,0.000000,0.169189,0.363707
tracking_cdrone3_20260820_202954_533_milestone4,milestone4,1787283059.214914799,target_map,6,9,0,detected,-10.018124,-1.055858,0.070450,0.147834,0.045201,-0.043991,0.387002,3.100899,7175.500,0,0.154854,0.000000,0.204199,0.388714
tracking_cdrone3_20260820_202954_533_milestone4,milestone4,1787283059.269497871,raw,9,9,0,detected,-9.970605,-1.058386,0.072659,0.327468,0.020794,-0.021409,0.402588,3.169599,7175.500,0,0.000000,0.000000,0.000000,0.000000
tracking_cdrone3_20260820_202954_533_milestone4,milestone4,1787283059.314995050,target_map,6,9,0,detected,-9.961011,-1.057150,0.071431,0.246633,0.031777,-0.031571,0.398673,3.169599,7175.500,0,0.038898,0.000000,0.163614,0.359724
tracking_cdrone3_20260820_202954_533_milestone4,milestone4,1787283059.415148497,target_map,6,9,0,detected,-9.936312,-1.053968,0.068270,0.246633,0.031777,-0.031571,0.388593,3.169599,7175.500,0,0.139045,0.000000,0.198666,0.384761
tracking_cdrone3_20260820_202954_533_milestone4,milestone4,1787283059.499799490,raw,9,9,0,detected,-9.773458,-1.050147,0.072319,0.856016,0.035775,-0.001479,0.402588,3.362823,7175.500,0,0.000000,0.000000,0.000000,0.000000
tracking_cdrone3_20260820_202954_533_milestone4,milestone4,1787283059.515549183,target_map,6,9,0,detected,-9.766277,-1.049728,0.072133,0.581794,0.033976,-0.015020,0.401346,3.362823,7175.500,0,0.012342,0.000000,0.154320,0.353086
tracking_cdrone3_20260820_202954_533_milestone4,milestone4,1787283059.615354538,target_map,6,9,0,detected,-9.708207,-1.046336,0.070634,0.581794,0.033976,-0.015020,0.391300,3.362823,7175.500,0,0.112154,0.000000,0.189254,0.378038
tracking_cdrone3_20260820_202954_533_milestone4,milestone4,1787283059.709981680,raw,9,9,0,detected,-9.671555,-1.065910,0.042047,0.484830,-0.074994,-0.144027,0.402588,3.466932,7175.500,0,0.000000,0.000000,0.000000,0.000000
tracking_cdrone3_20260820_202954_533_milestone4,milestone4,1787283059.715220928,target_map,6,9,0,detected,-9.650111,-1.042944,0.069134,0.581794,0.033976,-0.015020,0.381250,3.362823,7175.500,0,0.212011,0.000000,0.224204,0.403003
tracking_cdrone3_20260820_202954_533_milestone4,milestone4,1787283059.814777613,target_map,6,9,0,detected,-9.620670,-1.068409,0.033768,0.528464,-0.025958,-0.085974,0.392897,3.466932,7175.500,0,0.096287,0.000000,0.183701,0.374072
tracking_cdrone3_20260820_202954_533_milestone4,milestone4,1787283059.915924311,target_map,6,9,0,detected,-9.567229,-1.071034,0.025074,0.528464,-0.025958,-0.085974,0.382719,3.466932,7175.500,0,0.197412,0.000000,0.219094,0.399353
tracking_cdrone3_20260820_202954_533_milestone4,milestone4,1787283059.921069860,raw,9,9,0,detected,-8.993184,-1.122405,0.042812,3.213719,-0.267642,0.003625,0.402588,4.145896,7175.500,0,0.000000,0.000000,0.000000,0.000000
tracking_cdrone3_20260820_202954_533_milestone4,milestone4,1787283060.014830351,target_map,6,9,0,detected,-8.812146,-1.136749,0.039499,2.005354,-0.158884,-0.036695,0.393502,4.145896,7175.500,0,0.090277,0.000000,0.181597,0.372569
tracking_cdrone3_20260820_202954_533_milestone4,milestone4,1787283060.114806175,target_map,6,9,0,detected,-8.611661,-1.152633,0.035830,2.005354,-0.158884,-0.036695,0.383440,4.145896,7175.500,0,0.190252,0.000000,0.216588,0.397563
tracking_cdrone3_20260820_202954_533_milestone4,milestone4,1787283060.215119362,target_map,6,9,2,predicted,-8.410512,-1.168570,0.032150,2.005354,-0.158884,-0.036695,0.373344,4.145896,7175.500,0,0.290558,0.290558,0.251695,0.422640
tracking_cdrone3_20260820_202954_533_milestone4,milestone4,1787283060.315843344,target_map,6,9,2,predicted,-8.208559,-1.184571,0.028454,2.005354,-0.158884,-0.036695,0.363208,4.145896,7175.500,0,0.391265,0.391265,0.286943,0.447816
tracking_cdrone3_20260820_202954_533_milestone4,milestone4,1787283060.416906595,target_map,6,9,2,predicted,-8.006273,-1.200598,0.024753,2.005354,-0.158884,-0.036695,0.353056,4.145896,7175.500,0,0.492138,0.492138,0.322248,0.473034
tracking_cdrone3_20260820_202954_533_milestone4,milestone4,1787283060.515673637,target_map,6,9,2,predicted,-7.808004,-1.216307,0.021125,2.005354,-0.158884,-0.036695,0.343105,4.145896,7175.500,0,0.591008,0.591008,0.356853,0.497752
tracking_cdrone3_20260820_202954_533_milestone4,milestone4,1787283060.615467072,target_map,6,9,2,predicted,-7.607891,-1.232162,0.017463,2.005354,-0.158884,-0.036695,0.333061,4.145896,7175.500,0,0.690797,0.690797,0.391779,0.522699
tracking_cdrone3_20260820_202954_533_milestone4,milestone4,1787283060.715183735,target_map,6,9,2,predicted,-7.407697,-1.248023,0.013800,2.005354,-0.158884,-0.036695,0.323014,4.145896,7175.500,0,0.790627,0.790627,0.426719,0.547657
tracking_cdrone3_20260820_202954_533_milestone4,milestone4,1787283060.814985037,target_map,6,9,2,predicted,-7.207622,-1.263875,0.010139,2.005354,-0.158884,-0.036695,0.312972,4.145896,7175.500,0,0.890397,0.890397,0.461639,0.572599
tracking_cdrone3_20260820_202954_533_milestone4,milestone4,1787283060.860913038,raw,10,10,0,detected,-9.810892,-0.820805,0.037995,0.000000,0.000000,0.000000,0.765137,3.301326,5254.500,0,0.000000,0.000000,0.000000,0.000000
tracking_cdrone3_20260820_202954_533_milestone4,milestone4,1787283060.915002823,target_map,6,9,2,predicted,-7.006983,-1.279771,0.006468,2.005354,-0.158884,-0.036695,0.302902,4.145896,7175.500,0,0.990449,0.990449,0.496657,0.597612
tracking_cdrone3_20260820_202954_533_milestone4,milestone4,1787283060.915002823,target_map,7,10,0,detected,-9.810892,-0.820805,0.037995,0.000000,0.000000,0.000000,0.755535,3.301326,5254.500,0,0.050194,0.000000,0.167568,0.362548
tracking_cdrone3_20260820_202954_533_milestone4,milestone4,1787283061.014933825,target_map,6,9,2,predicted,-6.806615,-1.295647,0.002801,2.005354,-0.158884,-0.036695,0.292846,4.145896,7175.500,0,1.090366,1.090366,0.531628,0.622591
tracking_cdrone3_20260820_202954_533_milestone4,milestone4,1787283061.014933825,target_map,7,10,0,detected,-9.810892,-0.820805,0.037995,0.000000,0.000000,0.000000,0.736423,3.301326,5254.500,0,0.150110,0.000000,0.202539,0.387528
tracking_cdrone3_20260820_202954_533_milestone4,milestone4,1787283061.084517479,raw,10,10,0,detected,-9.801668,-0.772016,0.070562,0.041256,0.218206,0.145654,0.776855,3.306249,5107.500,0,0.000000,0.000000,0.000000,0.000000
tracking_cdrone3_20260820_202954_533_milestone4,milestone4,1787283061.115219831,target_map,6,9,2,predicted,-6.605476,-1.311583,-0.000879,2.005354,-0.158884,-0.036695,0.282751,4.145896,7175.500,0,1.190666,1.190666,0.566733,0.647667
tracking_cdrone3_20260820_202954_533_milestone4,milestone4,1787283061.115219831,target_map,7,10,0,detected,-9.801033,-0.768656,0.072804,0.022691,0.120013,0.080110,0.771418,3.306249,5107.500,0,0.027996,0.000000,0.159799,0.356999
tracking_cdrone3_20260820_202954_533_milestone4,milestone4,1787283061.214937449,target_map,6,9,2,predicted,-6.405522,-1.327425,-0.004538,2.005354,-0.158884,-0.036695,0.272715,4.145896,7175.500,0,1.290377,1.290377,0.601632,0.672594
tracking_cdrone3_20260820_202954_533_milestone4,milestone4,1787283061.214937449,target_map,7,10,0,detected,-9.798770,-0.756690,0.080792,0.022691,0.120013,0.080110,0.752053,3.306249,5107.500,0,0.127707,0.000000,0.194697,0.381927
tracking_cdrone3_20260820_202954_533_milestone4,milestone4,1787283061.292124033,raw,10,10,0,detected,-9.296411,-0.778549,0.076628,2.433625,-0.031465,0.029217,0.776855,3.811063,5107.500,0,0.000000,0.000000,0.000000,0.000000
tracking_cdrone3_20260820_202954_533_milestone4,milestone4,1787283061.315131664,target_map,6,9,2,predicted,-6.204600,-1.343344,-0.008215,2.005354,-0.158884,-0.036695,0.262631,4.145896,7175.500,0,1.390569,1.390569,0.636699,0.697642
tracking_cdrone3_20260820_202954_533_milestone4,milestone4,1787283061.315131664,target_map,7,10,0,detected,-9.269894,-0.777827,0.077652,1.348704,0.036700,0.052119,0.773037,3.811063,5107.500,0,0.019661,0.000000,0.156881,0.354915
tracking_cdrone3_20260820_202954_533_milestone4,milestone4,1787283061.415257215,target_map,6,9,2,predicted,-6.003830,-1.359251,-0.011889,2.005354,-0.158884,-0.036695,0.252555,4.145896,7175.500,0,1.490686,1.490686,0.671740,0.722672
tracking_cdrone3_20260820_202954_533_milestone4,milestone4,1787283061.415257215,target_map,7,10,0,detected,-9.134866,-0.774153,0.082870,1.348704,0.036700,0.052119,0.753593,3.811063,5107.500,0,0.119778,0.000000,0.191922,0.379944
tracking_cdrone3_20260820_202954_533_milestone4,milestone4,1787283061.515279770,target_map,6,9,2,predicted,-5.803258,-1.375142,-0.015559,2.005354,-0.158884,-0.036695,0.242488,4.145896,7175.500,0,1.590704,1.590704,0.706747,0.747676
tracking_cdrone3_20260820_202954_533_milestone4,milestone4,1787283061.515279770,target_map,7,10,0,detected,-8.999970,-0.770482,0.088083,1.348704,0.036700,0.052119,0.734168,3.811063,5107.500,0,0.219796,0.000000,0.226929,0.404949
tracking_cdrone3_20260820_202954_533_milestone4,milestone4,1787283061.541284323,raw,10,10,0,detected,-8.633399,-0.791217,0.067533,2.660662,-0.050839,-0.036498,0.776855,4.473846,5107.500,0,0.000000,0.000000,0.000000,0.000000
tracking_cdrone3_20260820_202954_533_milestone4,milestone4,1787283061.614819288,target_map,6,9,2,predicted,-5.603594,-1.390962,-0.019212,2.005354,-0.158884,-0.036695,0.232467,4.145896,7175.500,0,1.690270,1.690270,0.741594,0.772567
tracking_cdrone3_20260820_202954_533_milestone4,milestone4,1787283061.614819288,target_map,7,10,0,detected,-8.494303,-0.791986,0.067760,2.070281,-0.011446,0.003379,0.763807,4.473846,5107.500,0,0.067187,0.000000,0.173515,0.366797
tracking_cdrone3_20260820_202954_533_milestone4,milestone4,1787283061.715074539,target_map,6,9,2,predicted,-5.402577,-1.406888,-0.022890,2.005354,-0.158884,-0.036695,0.222378,4.145896,7175.500,0,1.790510,1.790510,0.776679,0.797628
tracking_cdrone3_20260820_202954_533_milestone4,milestone4,1787283061.715074539,target_map,7,10,0,detected,-8.286777,-0.793134,0.068098,2.070281,-0.011446,0.003379,0.744339,4.473846,5107.500,0,0.167428,0.000000,0.208600,0.391857
tracking_cdrone3_20260820_202954_533_milestone4,milestone4,1787283061.789088964,raw,10,10,0,detected,-8.667167,-0.777126,0.049082,-0.136291,0.056873,-0.074467,0.776855,4.439874,5107.500,1,0.000000,0.000000,0.000000,0.000000
tracking_cdrone3_20260820_202954_533_milestone4,milestone4,1787283061.815310717,target_map,6,9,2,predicted,-5.201559,-1.422815,-0.026569,2.005354,-0.158884,-0.036695,0.212290,4.145896,7175.500,0,1.890751,1.890751,0.811763,0.822688
tracking_cdrone3_20260820_202954_533_milestone4,milestone4,1787283061.815310717,target_map,7,10,0,detected,-8.647799,-0.776535,0.048191,0.856667,0.026129,-0.039436,0.772465,4.439874,5107.500,1,0.022609,0.000000,0.157913,0.355652
tracking_cdrone3_20260820_202954_533_milestone4,milestone4,1787283061.915076256,target_map,6,9,2,predicted,-5.001508,-1.438665,-0.030229,2.005354,-0.158884,-0.036695,0.202249,4.145896,7175.500,0,1.990509,1.990509,0.846678,0.847627
tracking_cdrone3_20260820_202954_533_milestone4,milestone4,1787283061.915076256,target_map,7,10,0,detected,-8.562339,-0.773929,0.044256,0.856667,0.026129,-0.039436,0.753090,4.439874,5107.500,1,0.122367,0.000000,0.192828,0.380592
tracking_cdrone3_20260820_202954_533_milestone4,milestone4,1787283062.014845133,target_map,6,9,2,predicted,-4.801425,-1.454518,-0.033891,2.005354,-0.158884,-0.036695,0.192207,4.145896,7175.500,0,2.090284,2.090284,0.881599,0.872571
tracking_cdrone3_20260820_202954_533_milestone4,milestone4,1787283062.014845133,target_map,7,10,0,detected,-8.476866,-0.771322,0.040322,0.856667,0.026129,-0.039436,0.733712,4.439874,5107.500,1,0.222142,0.000000,0.227750,0.405535
tracking_cdrone3_20260820_202954_533_milestone4,milestone4,1787283062.039925575,raw,10,10,0,detected,-9.814153,-0.703272,0.063870,-4.572659,0.294433,0.058955,0.480225,3.290351,5369.000,1,0.000000,0.000000,0.000000,0.000000
tracking_cdrone3_20260820_202954_533_milestone4,milestone4,1787283062.115243196,target_map,6,9,2,predicted,-4.600082,-1.470470,-0.037575,2.005354,-0.158884,-0.036695,0.182102,4.145896,7175.500,0,2.190686,2.190686,0.916740,0.897672
tracking_cdrone3_20260820_202954_533_milestone4,milestone4,1787283062.115243196,target_map,7,10,0,detected,-9.948568,-0.692308,0.064797,-2.129463,0.173696,0.014679,0.472646,3.290351,5369.000,1,0.063122,0.000000,0.172093,0.365781
tracking_cdrone3_20260820_202954_533_milestone4,milestone4,1787283062.214900494,target_map,6,9,2,predicted,-4.400244,-1.486303,-0.041231,2.005354,-0.158884,-0.036695,0.172072,4.145896,7175.500,0,2.290339,2.290339,0.951618,0.922585
tracking_cdrone3_20260820_202954_533_milestone4,milestone4,1787283062.214900494,target_map,7,10,0,detected,-10.160775,-0.674999,0.066260,-2.129463,0.173696,0.014679,0.460683,3.290351,5369.000,1,0.162775,0.000000,0.206971,0.390694
tracking_cdrone3_20260820_202954_533_milestone4,milestone4,1787283062.247712135,raw,10,10,0,detected,-9.815323,-0.686781,0.067241,-0.005630,0.079366,0.016221,0.480225,3.288445,5369.000,0,0.000000,0.000000,0.000000,0.000000
tracking_cdrone3_20260820_202954_533_milestone4,milestone4,1787283062.314950705,target_map,6,9,2,predicted,-4.199599,-1.502200,-0.044903,2.005354,-0.158884,-0.036695,0.162002,4.145896,7175.500,0,2.390393,2.390393,0.986638,0.947598
tracking_cdrone3_20260820_202954_533_milestone4,milestone4,1787283062.314950705,target_map,7,10,0,detected,-9.874721,-0.679254,0.068200,-0.961355,0.121815,0.015527,0.472807,3.288445,5369.000,0,0.061785,0.000000,0.171625,0.365446
tracking_cdrone3_20260820_202954_533_milestone4,milestone4,1787283062.415203571,target_map,6,9,2,predicted,-3.998577,-1.518127,-0.048581,2.005354,-0.158884,-0.036695,0.151913,4.145896,7175.500,0,2.490636,2.490636,1.021723,0.972659
tracking_cdrone3_20260820_202954_533_milestone4,milestone4,1787283062.415203571,target_map,7,10,0,detected,-9.971088,-0.667043,0.069757,-0.961355,0.121815,0.015527,0.460772,3.288445,5369.000,0,0.162028,0.000000,0.206710,0.390507
tracking_cdrone3_20260820_202954_533_milestone4,milestone4,1787283062.515238285,target_map,6,9,2,predicted,-3.797962,-1.534022,-0.052252,2.005354,-0.158884,-0.036695,0.141844,4.145896,7175.500,0,2.590675,2.590675,1.056736,0.997669
tracking_cdrone3_20260820_202954_533_milestone4,milestone4,1787283062.515238285,target_map,7,10,2,predicted,-10.067263,-0.654857,0.071310,-0.961355,0.121815,0.015527,0.448762,3.288445,5369.000,0,0.262067,0.262067,0.241723,0.415517
tracking_cdrone3_20260820_202954_533_milestone4,milestone4,1787283062.615193844,target_map,6,9,2,predicted,-3.598108,-1.549856,-0.055909,2.005354,-0.158884,-0.036695,0.131814,4.145896,7175.500,0,2.690336,2.690336,1.091617,1.022584
tracking_cdrone3_20260820_202954_533_milestone4,milestone4,1787283062.615193844,target_map,7,10,2,predicted,-10.163071,-0.642717,0.072857,-0.961355,0.121815,0.015527,0.436797,3.288445,5369.000,0,0.361727,0.361727,0.276605,0.440432
tracking_cdrone3_20260820_202954_533_milestone4,milestone4,1787283062.715605974,target_map,6,9,2,predicted,-3.396161,-1.565856,-0.059605,2.005354,-0.158884,-0.036695,0.121678,4.145896,7175.500,0,2.791040,2.791040,1.126864,1.047760
tracking_cdrone3_20260820_202954_533_milestone4,milestone4,1787283062.715605974,target_map,7,10,2,predicted,-10.259884,-0.630450,0.074421,-0.961355,0.121815,0.015527,0.424707,3.288445,5369.000,0,0.462431,0.462431,0.311851,0.465608
tracking_cdrone3_20260820_202954_533_milestone4,milestone4,1787283062.815137148,target_map,6,9,2,predicted,-3.196559,-1.581671,-0.063257,2.005354,-0.158884,-0.036695,0.111660,4.145896,7175.500,0,2.890574,2.890574,1.161701,1.072644
tracking_cdrone3_20260820_202954_533_milestone4,milestone4,1787283062.815137148,target_map,7,10,2,predicted,-10.355572,-0.618325,0.075966,-0.961355,0.121815,0.015527,0.412757,3.288445,5369.000,0,0.561966,0.561966,0.346688,0.490491
tracking_cdrone3_20260820_202954_533_milestone4,milestone4,1787283062.915138721,target_map,6,9,2,predicted,-2.996014,-1.597560,-0.066927,2.005354,-0.158884,-0.036695,0.101595,4.145896,7175.500,0,2.990579,2.990579,1.196703,1.097645
tracking_cdrone3_20260820_202954_533_milestone4,milestone4,1787283062.915138721,target_map,7,10,2,predicted,-10.451712,-0.606143,0.077519,-0.961355,0.121815,0.015527,0.400751,3.288445,5369.000,0,0.661971,0.661971,0.381690,0.515493
tracking_cdrone3_20260820_202954_533_milestone4,milestone4,1787283063.014827251,target_map,6,9,2,predicted,-2.796085,-1.613400,-0.070585,2.005354,-0.158884,-0.036695,0.091561,4.145896,7175.500,0,3.090276,3.090276,1.231597,1.122569
tracking_cdrone3_20260820_202954_533_milestone4,milestone4,1787283063.014827251,target_map,7,10,2,predicted,-10.547556,-0.593998,0.079067,-0.961355,0.121815,0.015527,0.388782,3.288445,5369.000,0,0.761668,0.761668,0.416584,0.540417
tracking_cdrone3_20260820_202954_533_milestone4,milestone4,1787283063.115059137,target_map,6,9,2,predicted,-2.595092,-1.629325,-0.074263,2.005354,-0.158884,-0.036695,0.081473,4.145896,7175.500,0,3.190505,3.190505,1.266677,1.147626
tracking_cdrone3_20260820_202954_533_milestone4,milestone4,1787283063.115059137,target_map,7,10,2,predicted,-10.643911,-0.581789,0.080623,-0.961355,0.121815,0.015527,0.376749,3.288445,5369.000,0,0.861896,0.861896,0.451664,0.565474
tracking_cdrone3_20260820_202954_533_milestone4,milestone4,1787283063.214786291,target_map,6,9,2,predicted,-2.395096,-1.645171,-0.077922,2.005354,-0.158884,-0.036695,0.071436,4.145896,7175.500,0,3.290236,3.290236,1.301582,1.172559
tracking_cdrone3_20260820_202954_533_milestone4,milestone4,1787283063.214786291,target_map,7,10,2,predicted,-10.739788,-0.569640,0.082172,-0.961355,0.121815,0.015527,0.364775,3.288445,5369.000,0,0.961627,0.961627,0.486570,0.590407
tracking_cdrone3_20260820_202954_533_milestone4,milestone4,1787283063.315151453,target_map,6,9,2,predicted,-2.193854,-1.661115,-0.081605,2.005354,-0.158884,-0.036695,0.061335,4.145896,7175.500,0,3.390588,3.390588,1.336706,1.197647
tracking_cdrone3_20260820_202954_533_milestone4,milestone4,1787283063.315151453,target_map,7,10,2,predicted,-10.836262,-0.557416,0.083730,-0.961355,0.121815,0.015527,0.352727,3.288445,5369.000,0,1.061980,1.061980,0.521693,0.615495
tracking_cdrone3_20260820_202954_533_milestone4,milestone4,1787283063.415113688,target_map,6,9,2,predicted,-1.993389,-1.676998,-0.085273,2.005354,-0.158884,-0.036695,0.051274,4.145896,7175.500,0,3.490553,3.490553,1.371693,1.222638
tracking_cdrone3_20260820_202954_533_milestone4,milestone4,1787283063.415113688,target_map,7,10,2,predicted,-10.932364,-0.545239,0.085282,-0.961355,0.121815,0.015527,0.340726,3.288445,5369.000,0,1.161945,1.161945,0.556681,0.640486
tracking_cdrone3_20260820_202954_533_milestone4,milestone4,1787283063.515138388,target_map,6,9,2,predicted,-1.792811,-1.692890,-0.088943,2.005354,-0.158884,-0.036695,0.041207,4.145896,7175.500,0,3.590574,3.590574,1.406701,1.247644
tracking_cdrone3_20260820_202954_533_milestone4,milestone4,1787283063.515138388,target_map,7,10,2,predicted,-11.028520,-0.533055,0.086835,-0.961355,0.121815,0.015527,0.328718,3.288445,5369.000,0,1.261966,1.261966,0.591688,0.665492
tracking_cdrone3_20260820_202954_533_milestone4,milestone4,1787283063.614823580,target_map,6,9,2,predicted,-1.592880,-1.708730,-0.092602,2.005354,-0.158884,-0.036695,0.031173,4.145896,7175.500,0,3.690273,3.690273,1.441595,1.272568
tracking_cdrone3_20260820_202954_533_milestone4,milestone4,1787283063.614823580,target_map,7,10,2,predicted,-11.124366,-0.520910,0.088383,-0.961355,0.121815,0.015527,0.316748,3.288445,5369.000,0,1.361665,1.361665,0.626583,0.690416
tracking_cdrone3_20260820_202954_533_milestone4,milestone4,1787283063.715181112,target_map,6,9,2,predicted,-1.391666,-1.724672,-0.096283,2.005354,-0.158884,-0.036695,0.021074,4.145896,7175.500,0,3.790611,3.790611,1.476714,1.297653
tracking_cdrone3_20260820_202954_533_milestone4,milestone4,1787283063.715181112,target_map,7,10,2,predicted,-11.220826,-0.508687,0.089941,-0.961355,0.121815,0.015527,0.304702,3.288445,5369.000,0,1.462003,1.462003,0.661701,0.715501
tracking_cdrone3_20260820_202954_533_milestone4,milestone4,1787283063.814840794,target_map,6,9,2,predicted,-1.191792,-1.740508,-0.099941,2.005354,-0.158884,-0.036695,0.011043,4.145896,7175.500,0,3.890281,3.890281,1.511598,1.322570
tracking_cdrone3_20260820_202954_533_milestone4,milestone4,1787283063.814840794,target_map,7,10,2,predicted,-11.316645,-0.496546,0.091489,-0.961355,0.121815,0.015527,0.292736,3.288445,5369.000,0,1.561673,1.561673,0.696586,0.740418
tracking_cdrone3_20260820_202954_533_milestone4,milestone4,1787283063.915185928,target_map,6,9,2,predicted,-0.990597,-1.756449,-0.103622,2.005354,-0.158884,-0.036695,0.000945,4.145896,7175.500,0,3.990610,3.990610,1.546714,1.347653
tracking_cdrone3_20260820_202954_533_milestone4,milestone4,1787283063.915185928,target_map,7,10,2,predicted,-11.413096,-0.484324,0.093047,-0.961355,0.121815,0.015527,0.280691,3.288445,5369.000,0,1.662002,1.662002,0.731701,0.765501
tracking_cdrone3_20260820_202954_533_milestone4,milestone4,1787283063.986387730,raw,9,9,0,detected,-7.744358,-1.822542,0.068125,0.000000,0.000000,0.000000,0.526367,5.502336,3731.000,0,0.000000,0.000000,0.000000,0.000000
tracking_cdrone3_20260820_202954_533_milestone4,milestone4,1787283064.014853716,target_map,6,9,0,detected,-7.745172,-1.824576,0.068308,-0.031547,-0.078853,0.007095,0.522973,5.502336,3731.000,0,0.025797,0.000000,0.159029,0.356449
tracking_cdrone3_20260820_202954_533_milestone4,milestone4,1787283064.014853716,target_map,7,10,2,predicted,-11.508936,-0.472180,0.094595,-0.961355,0.121815,0.015527,0.268722,3.288445,5369.000,0,1.761694,1.761694,0.766593,0.790424
tracking_cdrone3_20260820_202954_533_milestone4,milestone4,1787283064.114972830,target_map,6,9,0,detected,-7.748330,-1.832470,0.069018,-0.031547,-0.078853,0.007095,0.509799,5.502336,3731.000,0,0.125907,0.000000,0.194068,0.381477
tracking_cdrone3_20260820_202954_533_milestone4,milestone4,1787283064.114972830,target_map,7,10,2,predicted,-11.605177,-0.459985,0.096149,-0.961355,0.121815,0.015527,0.256704,3.288445,5369.000,0,1.861804,1.861804,0.801632,0.815451
tracking_cdrone3_20260820_202954_533_milestone4,milestone4,1787283064.203897953,raw,9,9,0,detected,-8.003380,-1.882301,0.088850,-1.190809,-0.274730,0.095279,0.604004,5.264777,2572.500,1,0.000000,0.000000,0.000000,0.000000
tracking_cdrone3_20260820_202954_533_milestone4,milestone4,1787283064.214906216,target_map,6,9,0,detected,-8.009044,-1.883880,0.089321,-0.669141,-0.186585,0.055596,0.602726,5.264777,2572.500,1,0.008465,0.000000,0.152963,0.352116
tracking_cdrone3_20260820_202954_533_milestone4,milestone4,1787283064.214906216,target_map,7,10,2,predicted,-11.701252,-0.447812,0.097701,-0.961355,0.121815,0.015527,0.244706,3.288445,5369.000,0,1.961741,1.961741,0.836609,0.840435
tracking_cdrone3_20260820_202954_533_milestone4,milestone4,1787283064.315130234,target_map,6,9,0,detected,-8.076104,-1.902579,0.094892,-0.669141,-0.186585,0.055596,0.587593,5.264777,2572.500,1,0.108683,0.000000,0.188039,0.377171
tracking_cdrone3_20260820_202954_533_milestone4,milestone4,1787283064.315130234,target_map,7,10,2,predicted,-11.797597,-0.435603,0.099257,-0.961355,0.121815,0.015527,0.232674,3.288445,5369.000,0,2.061959,2.061959,0.871686,0.865490
tracking_cdrone3_20260820_202954_533_milestone4,milestone4,1787283064.414893389,target_map,6,9,0,detected,-8.142860,-1.921194,0.100439,-0.669141,-0.186585,0.055596,0.572528,5.264777,2572.500,1,0.208447,0.000000,0.222957,0.402112
tracking_cdrone3_20260820_202954_533_milestone4,milestone4,1787283064.414893389,target_map,7,10,2,predicted,-11.893506,-0.423451,0.100806,-0.961355,0.121815,0.015527,0.220696,3.288445,5369.000,0,2.161723,2.161723,0.906603,0.890431
tracking_cdrone3_20260820_202954_533_milestone4,milestone4,1787283064.432455301,raw,9,9,0,detected,1.084154,-4.366988,0.034259,39.759415,-10.870904,-0.238843,0.604004,14.685699,2572.500,0,0.000000,0.000000,0.000000,0.000000
tracking_cdrone3_20260820_202954_533_milestone4,milestone4,1787283064.515174389,target_map,6,9,0,detected,1.388873,-4.463155,0.034222,3.943032,-1.244385,-0.000477,0.592335,14.685699,2572.500,0,0.077280,0.000000,0.177048,0.369320
tracking_cdrone3_20260820_202954_533_milestone4,milestone4,1787283064.515174389,target_map,7,10,2,predicted,-11.989894,-0.411237,0.102363,-0.961355,0.121815,0.015527,0.208659,3.288445,5369.000,0,2.261986,2.261986,0.941695,0.915497
tracking_cdrone3_20260820_202954_533_milestone4,milestone4,1787283064.615646362,target_map,6,9,0,detected,1.785056,-4.588186,0.034174,3.943032,-1.244385,-0.000477,0.577162,14.685699,2572.500,0,0.177757,0.000000,0.212215,0.394439
tracking_cdrone3_20260820_202954_533_milestone4,milestone4,1787283064.615646362,target_map,7,10,2,predicted,-12.086488,-0.398998,0.103923,-0.961355,0.121815,0.015527,0.196596,3.288445,5369.000,0,2.362463,2.362463,0.976862,0.940616
tracking_cdrone3_20260820_202954_533_milestone4,milestone4,1787283064.668462038,raw,9,9,0,detected,-4.345356,-2.995381,0.049479,-23.006046,5.811805,0.064490,0.604004,9.086656,2572.500,1,0.000000,0.000000,0.000000,0.000000
tracking_cdrone3_20260820_202954_533_milestone4,milestone4,1787283064.715130568,target_map,6,9,0,detected,-4.453560,-2.972898,0.049989,-2.491603,0.517699,0.011743,0.597446,9.086656,2572.500,1,0.043427,0.000000,0.165200,0.360857
tracking_cdrone3_20260820_202954_533_milestone4,milestone4,1787283064.715130568,target_map,7,10,2,predicted,-12.182141,-0.386877,0.105468,-0.961355,0.121815,0.015527,0.184651,3.288445,5369.000,0,2.461962,2.461962,1.011687,0.965490
tracking_cdrone3_20260820_202954_533_milestone4,milestone4,1787283064.814864874,target_map,6,9,0,detected,-4.702068,-2.921264,0.051160,-2.491603,0.517699,0.011743,0.582386,9.086656,2572.500,1,0.143166,0.000000,0.200108,0.385791
tracking_cdrone3_20260820_202954_533_milestone4,milestone4,1787283064.814864874,target_map,7,10,2,predicted,-12.278025,-0.374728,0.107017,-0.961355,0.121815,0.015527,0.172677,3.288445,5369.000,0,2.561700,2.561700,1.046595,0.990425
tracking_cdrone3_20260820_202954_533_milestone4,milestone4,1787283064.874292374,raw,9,9,0,detected,-5.249717,-2.794088,0.098527,-4.393544,0.977916,0.238284,0.604004,8.161005,2572.500,1,0.000000,0.000000,0.000000,0.000000
tracking_cdrone3_20260820_202954_533_milestone4,milestone4,1787283064.915046692,target_map,6,9,0,detected,-5.384592,-2.764700,0.103725,-3.537671,0.770818,0.136341,0.598247,8.161005,2572.500,1,0.038125,0.000000,0.163344,0.359531
tracking_cdrone3_20260820_202954_533_milestone4,milestone4,1787283064.915046692,target_map,7,10,2,predicted,-12.374334,-0.362524,0.108572,-0.961355,0.121815,0.015527,0.160649,3.288445,5369.000,0,2.661881,2.661881,1.081658,1.015470
tracking_cdrone3_20260820_202954_533_milestone4,milestone4,1787283065.015097618,target_map,6,9,0,detected,-5.738497,-2.687589,0.117364,-3.537671,0.770818,0.136341,0.583141,8.161005,2572.500,1,0.138164,0.000000,0.198357,0.384541
tracking_cdrone3_20260820_202954_533_milestone4,milestone4,1787283065.015097618,target_map,7,10,2,predicted,-12.470508,-0.350338,0.110125,-0.961355,0.121815,0.015527,0.148639,3.288445,5369.000,0,2.761920,2.761920,1.116672,1.040480
tracking_cdrone3_20260820_202954_533_milestone4,milestone4,1787283065.115114927,target_map,6,9,0,detected,-6.092348,-2.610488,0.131002,-3.537671,0.770818,0.136341,0.568037,8.161005,2572.500,1,0.238188,0.000000,0.233366,0.409547
tracking_cdrone3_20260820_202954_533_milestone4,milestone4,1787283065.115114927,target_map,7,10,2,predicted,-12.566666,-0.338154,0.111678,-0.961355,0.121815,0.015527,0.136631,3.288445,5369.000,0,2.861944,2.861944,1.151680,1.065486
tracking_cdrone3_20260820_202954_533_milestone4,milestone4,1787283065.214899063,target_map,6,9,2,predicted,-6.445388,-2.533565,0.144608,-3.537671,0.770818,0.136341,0.552968,8.161005,2572.500,1,0.337982,0.337982,0.268294,0.434496
tracking_cdrone3_20260820_202954_533_milestone4,milestone4,1787283065.214899063,target_map,7,10,2,predicted,-12.662603,-0.325997,0.113228,-0.961355,0.121815,0.015527,0.124650,3.288445,5369.000,0,2.961738,2.961738,1.186608,1.090435
tracking_cdrone3_20260820_202954_533_milestone4,milestone4,1787283065.314888239,target_map,6,9,2,predicted,-6.799070,-2.456502,0.158239,-3.537671,0.770818,0.136341,0.537872,8.161005,2572.500,1,0.437958,0.437958,0.303285,0.459490
tracking_cdrone3_20260820_202954_533_milestone4,milestone4,1787283065.314888239,target_map,7,10,2,predicted,-12.758716,-0.313819,0.114780,-0.961355,0.121815,0.015527,0.112647,3.288445,5369.000,0,3.061714,3.061714,1.221600,1.115429
tracking_cdrone3_20260820_202954_533_milestone4,milestone4,1787283065.414774418,target_map,6,9,2,predicted,-7.152498,-2.379494,0.171860,-3.537671,0.770818,0.136341,0.522786,8.161005,2572.500,1,0.537863,0.537863,0.338252,0.484466
tracking_cdrone3_20260820_202954_533_milestone4,milestone4,1787283065.414774418,target_map,7,10,2,predicted,-12.854759,-0.301649,0.116332,-0.961355,0.121815,0.015527,0.100653,3.288445,5369.000,0,3.161618,3.161618,1.256566,1.140405
tracking_cdrone3_20260820_202954_533_milestone4,milestone4,1787283065.515274525,target_map,6,9,2,predicted,-7.507930,-2.302049,0.185558,-3.537671,0.770818,0.136341,0.507615,8.161005,2572.500,1,0.638333,0.638333,0.373417,0.509583
tracking_cdrone3_20260820_202954_533_milestone4,milestone4,1787283065.515274525,target_map,7,10,2,predicted,-12.951347,-0.289410,0.117892,-0.961355,0.121815,0.015527,0.088591,3.288445,5369.000,0,3.262089,3.262089,1.291731,1.165522
tracking_cdrone3_20260820_202954_533_milestone4,milestone4,1787283065.615264654,target_map,6,9,2,predicted,-7.861756,-2.224955,0.199194,-3.537671,0.770818,0.136341,0.492512,8.161005,2572.500,1,0.738350,0.738350,0.408422,0.534588
tracking_cdrone3_20260820_202954_533_milestone4,milestone4,1787283065.615264654,target_map,7,10,2,predicted,-13.047499,-0.277226,0.119445,-0.961355,0.121815,0.015527,0.076583,3.288445,5369.000,0,3.362106,3.362106,1.326737,1.190526
tracking_cdrone3_20260820_202954_533_milestone4,milestone4,1787283065.715201616,target_map,6,9,2,predicted,-8.215232,-2.147937,0.212817,-3.537671,0.770818,0.136341,0.477425,8.161005,2572.500,1,0.838268,0.838268,0.443394,0.559567
tracking_cdrone3_20260820_202954_533_milestone4,milestone4,1787283065.715201616,target_map,7,10,2,predicted,-13.143555,-0.265055,0.120996,-0.961355,0.121815,0.015527,0.064587,3.288445,5369.000,0,3.462023,3.462023,1.361708,1.215506
tracking_cdrone3_20260820_202954_533_milestone4,milestone4,1787283065.815039396,target_map,6,9,2,predicted,-8.568456,-2.070973,0.226430,-3.537671,0.770818,0.136341,0.462348,8.161005,2572.500,1,0.938114,0.938114,0.478340,0.584529
tracking_cdrone3_20260820_202954_533_milestone4,milestone4,1787283065.815039396,target_map,7,10,2,predicted,-13.239543,-0.252892,0.122546,-0.961355,0.121815,0.015527,0.052600,3.288445,5369.000,0,3.561870,3.561870,1.396654,1.240467
tracking_cdrone3_20260820_202954_533_milestone4,milestone4,1787283065.915171385,target_map,6,9,2,predicted,-8.922668,-1.993794,0.240081,-3.537671,0.770818,0.136341,0.447229,8.161005,2572.500,1,1.038240,1.038240,0.513384,0.609560
tracking_cdrone3_20260820_202954_533_milestone4,milestone4,1787283065.915171385,target_map,7,10,2,predicted,-13.335799,-0.240695,0.124101,-0.961355,0.121815,0.015527,0.040580,3.288445,5369.000,0,3.661995,3.661995,1.431698,1.265499
tracking_cdrone3_20260820_202954_533_milestone4,milestone4,1787283066.014786243,target_map,6,9,2,predicted,-9.275140,-1.916995,0.253666,-3.537671,0.770818,0.136341,0.432184,8.161005,2572.500,1,1.137874,1.137874,0.548256,0.634468
tracking_cdrone3_20260820_202954_533_milestone4,milestone4,1787283066.014786243,target_map,7,10,2,predicted,-13.431583,-0.228559,0.125648,-0.961355,0.121815,0.015527,0.028618,3.288445,5369.000,0,3.761630,3.761630,1.466570,1.290407
tracking_cdrone3_20260820_202954_533_milestone4,milestone4,1787283066.114777565,target_map,6,9,2,predicted,-9.628874,-1.839920,0.267298,-3.537671,0.770818,0.136341,0.417085,8.161005,2572.500,1,1.237864,1.237864,0.583253,0.659466
tracking_cdrone3_20260820_202954_533_milestone4,milestone4,1787283066.114777565,target_map,7,10,2,predicted,-13.527710,-0.216378,0.127201,-0.961355,0.121815,0.015527,0.016613,3.288445,5369.000,0,3.861620,3.861620,1.501567,1.315405
tracking_cdrone3_20260820_202954_533_milestone4,milestone4,1787283066.215115309,target_map,6,9,2,predicted,-9.983735,-1.762600,0.280975,-3.537671,0.770818,0.136341,0.401938,8.161005,2572.500,1,1.338174,1.338174,0.618361,0.684543
tracking_cdrone3_20260820_202954_533_milestone4,milestone4,1787283066.215115309,target_map,7,10,2,predicted,-13.624143,-0.204159,0.128758,-0.961355,0.121815,0.015527,0.004571,3.288445,5369.000,0,3.961930,3.961930,1.536675,1.340482
tracking_cdrone3_20260820_202954_533_milestone4,milestone4,1787283066.314903498,target_map,6,9,2,predicted,-10.336818,-1.685667,0.294582,-3.537671,0.770818,0.136341,0.386867,8.161005,2572.500,1,1.437980,1.437980,0.653293,0.709495
tracking_cdrone3_20260820_202954_533_milestone4,milestone4,1787283066.314903498,target_map,7,10,2,predicted,-13.720092,-0.192001,0.130308,-0.961355,0.121815,0.015527,0.000000,3.288445,5369.000,0,4.061736,4.061736,1.571608,1.365434
tracking_cdrone3_20260820_202954_533_milestone4,milestone4,1787283066.414965153,target_map,6,9,2,predicted,-10.690763,-1.608546,0.308223,-3.537671,0.770818,0.136341,0.371760,8.161005,2572.500,1,1.538031,1.538031,0.688311,0.734508
tracking_cdrone3_20260820_202954_533_milestone4,milestone4,1787283066.414965153,target_map,7,10,2,predicted,-13.816276,-0.179814,0.131861,-0.961355,0.121815,0.015527,0.000000,3.288445,5369.000,0,4.161787,4.161787,1.606625,1.390447
tracking_cdrone3_20260820_202954_533_milestone4,milestone4,1787283066.514866352,target_map,6,9,2,predicted,-11.044186,-1.531540,0.321844,-3.537671,0.770818,0.136341,0.356674,8.161005,2572.500,1,1.637933,1.637933,0.723277,0.759483
tracking_cdrone3_20260820_202954_533_milestone4,milestone4,1787283066.514866352,target_map,7,10,2,predicted,-13.912317,-0.167644,0.133412,-0.961355,0.121815,0.015527,0.000000,3.288445,5369.000,0,4.261689,4.261689,1.641591,1.415422
tracking_cdrone3_20260820_202954_533_milestone4,milestone4,1787283066.615117311,target_map,6,9,2,predicted,-11.398876,-1.454257,0.335514,-3.537671,0.770818,0.136341,0.341535,8.161005,2572.500,1,1.738194,1.738194,0.758368,0.784549
tracking_cdrone3_20260820_202954_533_milestone4,milestone4,1787283066.615117311,target_map,7,10,2,predicted,-14.008704,-0.155431,0.134969,-0.961355,0.121815,0.015527,0.000000,3.288445,5369.000,0,4.361950,4.361950,1.676683,1.440488
tracking_cdrone3_20260820_202954_533_milestone4,milestone4,1787283066.715115309,target_map,6,9,2,predicted,-11.752630,-1.377178,0.349147,-3.537671,0.770818,0.136341,0.326435,8.161005,2572.500,1,1.838191,1.838191,0.793367,0.809548
tracking_cdrone3_20260820_202954_533_milestone4,milestone4,1787283066.715115309,target_map,7,10,2,predicted,-14.104836,-0.143250,0.136522,-0.961355,0.121815,0.015527,0.000000,3.288445,5369.000,0,4.461946,4.461946,1.711681,1.465487
tracking_cdrone3_20260820_202954_533_milestone4,milestone4,1787283066.815255165,target_map,6,9,2,predicted,-12.106838,-1.300000,0.362798,-3.537671,0.770818,0.136341,0.311316,8.161005,2572.500,1,1.938315,1.938315,0.828410,0.834579
tracking_cdrone3_20260820_202954_533_milestone4,milestone4,1787283066.815255165,target_map,7,10,2,predicted,-14.201091,-0.131053,0.138077,-0.961355,0.121815,0.015527,0.000000,3.288445,5369.000,0,4.562071,4.562071,1.746725,1.490518
tracking_cdrone3_20260820_202954_533_milestone4,milestone4,1787283066.915111303,target_map,6,9,2,predicted,-12.460169,-1.223013,0.376416,-3.537671,0.770818,0.136341,0.296235,8.161005,2572.500,1,2.038192,2.038192,0.863367,0.859548
tracking_cdrone3_20260820_202954_533_milestone4,milestone4,1787283066.915111303,target_map,7,10,2,predicted,-14.297108,-0.118886,0.139627,-0.961355,0.121815,0.015527,0.000000,3.288445,5369.000,0,4.661948,4.661948,1.781682,1.515487
tracking_cdrone3_20260820_202954_533_milestone4,milestone4,1787283067.014920950,target_map,6,9,2,predicted,-12.813254,-1.146080,0.390023,-3.537671,0.770818,0.136341,0.281164,8.161005,2572.500,1,2.137999,2.137999,0.898300,0.884500
tracking_cdrone3_20260820_202954_533_milestone4,milestone4,1787283067.014920950,target_map,7,10,2,predicted,-14.393058,-0.106728,0.141177,-0.961355,0.121815,0.015527,0.000000,3.288445,5369.000,0,4.761755,4.761755,1.816614,1.540439
tracking_cdrone3_20260820_202954_533_milestone4,milestone4,1787283067.115159512,target_map,6,9,2,predicted,-13.167844,-1.068819,0.403689,-3.537671,0.770818,0.136341,0.266029,8.161005,2572.500,1,2.238232,2.238232,0.933381,0.909558
tracking_cdrone3_20260820_202954_533_milestone4,milestone4,1787283067.115159512,target_map,7,10,2,predicted,-14.489417,-0.094519,0.142733,-0.961355,0.121815,0.015527,0.000000,3.288445,5369.000,0,4.861987,4.861987,1.851696,1.565497
tracking_cdrone3_20260820_202954_533_milestone4,milestone4,1787283067.215265512,target_map,6,9,2,predicted,-13.521935,-0.991666,0.417336,-3.537671,0.770818,0.136341,0.250915,8.161005,2572.500,1,2.338324,2.338324,0.968413,0.934581
tracking_cdrone3_20260820_202954_533_milestone4,milestone4,1787283067.215265512,target_map,7,10,2,predicted,-14.585641,-0.082326,0.144287,-0.961355,0.121815,0.015527,0.000000,3.288445,5369.000,0,4.962079,4.962079,1.886728,1.590520
tracking_cdrone3_20260820_202954_533_milestone4,milestone4,1787283067.314886093,target_map,6,9,2,predicted,-13.874430,-0.914862,0.430921,-3.537671,0.770818,0.136341,0.235869,8.161005,2572.500,1,2.437964,2.437964,1.003287,0.959491
tracking_cdrone3_20260820_202954_533_milestone4,milestone4,1787283067.415000677,target_map,6,9,2,predicted,-14.228601,-0.837692,0.444571,-3.537671,0.770818,0.136341,0.220752,8.161005,2572.500,1,2.538078,2.538078,1.038327,0.984520
tracking_cdrone3_20260820_202954_533_milestone4,milestone4,1787283067.515059710,target_map,6,9,2,predicted,-14.582539,-0.760573,0.458211,-3.537671,0.770818,0.136341,0.205644,8.161005,2572.500,1,2.638126,2.638126,1.073344,1.009531
tracking_cdrone3_20260820_202954_533_milestone4,milestone4,1787283067.615156651,target_map,6,9,2,predicted,-14.936670,-0.683412,0.471859,-3.537671,0.770818,0.136341,0.190529,8.161005,2572.500,1,2.738229,2.738229,1.108380,1.034557
tracking_cdrone3_20260820_202954_533_milestone4,milestone4,1787283067.715144873,target_map,6,9,2,predicted,-15.290401,-0.606338,0.485492,-3.537671,0.770818,0.136341,0.175430,8.161005,2572.500,1,2.838219,2.838219,1.143377,1.059555
tracking_cdrone3_20260820_202954_533_milestone4,milestone4,1787283067.757113934,raw,10,10,0,detected,-10.848530,-0.803518,0.067647,0.000000,0.000000,0.000000,0.652344,2.265129,4712.250,0,0.000000,0.000000,0.000000,0.000000
tracking_cdrone3_20260820_202954_533_milestone4,milestone4,1787283067.814870596,target_map,6,9,2,predicted,-15.643231,-0.529460,0.499090,-3.537671,0.770818,0.136341,0.160370,8.161005,2572.500,1,2.937954,2.937954,1.178284,1.084489
tracking_cdrone3_20260820_202954_533_milestone4,milestone4,1787283067.814870596,target_map,8,10,0,detected,-10.848530,-0.803518,0.067647,0.000000,0.000000,0.000000,0.643352,2.265129,4712.250,0,0.055136,0.000000,0.169298,0.363784
tracking_cdrone3_20260820_202954_533_milestone4,milestone4,1787283067.914895058,target_map,6,9,2,predicted,-15.997058,-0.452366,0.512726,-3.537671,0.770818,0.136341,0.145267,8.161005,2572.500,1,3.037971,3.037971,1.213290,1.109493
tracking_cdrone3_20260820_202954_533_milestone4,milestone4,1787283067.914895058,target_map,8,10,0,detected,-10.848530,-0.803518,0.067647,0.000000,0.000000,0.000000,0.627041,2.265129,4712.250,0,0.155153,0.000000,0.204303,0.388788
tracking_cdrone3_20260820_202954_533_milestone4,milestone4,1787283067.972377300,raw,10,10,0,detected,-10.899314,-0.801564,0.048881,-0.235901,0.009075,-0.087172,0.652344,2.215291,4712.250,1,0.000000,0.000000,0.000000,0.000000
tracking_cdrone3_20260820_202954_533_milestone4,milestone4,1787283068.015114546,target_map,6,9,2,predicted,-16.351606,-0.375114,0.526390,-3.537671,0.770818,0.136341,0.130134,8.161005,2572.500,1,3.138192,3.138192,1.248367,1.134548
tracking_cdrone3_20260820_202954_533_milestone4,milestone4,1787283068.015114546,target_map,8,10,0,detected,-10.904546,-0.801363,0.046948,-0.129746,0.004991,-0.047945,0.645768,2.215291,4712.250,1,0.040321,0.000000,0.164112,0.360080
tracking_cdrone3_20260820_202954_533_milestone4,milestone4,1787283068.115116835,target_map,6,9,2,predicted,-16.705370,-0.298033,0.540024,-3.537671,0.770818,0.136341,0.115034,8.161005,2572.500,1,3.238191,3.238191,1.283367,1.159548
tracking_cdrone3_20260820_202954_533_milestone4,milestone4,1787283068.115116835,target_map,8,10,0,detected,-10.917520,-0.800864,0.042154,-0.129746,0.004991,-0.047945,0.629460,2.215291,4712.250,1,0.140320,0.000000,0.199112,0.385080
tracking_cdrone3_20260820_202954_533_milestone4,milestone4,1787283068.186421633,raw,10,10,0,detected,-10.901567,-0.790895,0.051535,-0.010526,0.049846,0.012398,0.652344,2.211459,4712.250,0,0.000000,0.000000,0.000000,0.000000
tracking_cdrone3_20260820_202954_533_milestone4,milestone4,1787283068.215155840,target_map,6,9,2,predicted,-17.059269,-0.220922,0.553664,-3.537671,0.770818,0.136341,0.099928,8.161005,2572.500,1,3.338228,3.338228,1.318380,1.184557
tracking_cdrone3_20260820_202954_533_milestone4,milestone4,1787283068.215155840,target_map,8,10,0,detected,-10.903036,-0.790216,0.051197,-0.064175,0.029661,-0.014756,0.648610,2.211459,4712.250,0,0.022894,0.000000,0.158013,0.355724
tracking_cdrone3_20260820_202954_533_milestone4,milestone4,1787283068.315042019,target_map,6,9,2,predicted,-17.412640,-0.143926,0.567282,-3.537671,0.770818,0.136341,0.084845,8.161005,2572.500,1,3.438116,3.438116,1.353341,1.209529
tracking_cdrone3_20260820_202954_533_milestone4,milestone4,1787283068.315042019,target_map,8,10,0,detected,-10.909446,-0.787253,0.049723,-0.064175,0.029661,-0.014756,0.632320,2.211459,4712.250,0,0.122782,0.000000,0.192974,0.380696
tracking_cdrone3_20260820_202954_533_milestone4,milestone4,1787283068.415242195,target_map,6,9,2,predicted,-17.767094,-0.066695,0.580943,-3.537671,0.770818,0.136341,0.069716,8.161005,2572.500,1,3.538311,3.538311,1.388409,1.234578
tracking_cdrone3_20260820_202954_533_milestone4,milestone4,1787283068.415242195,target_map,8,10,0,detected,-10.915876,-0.784282,0.048245,-0.064175,0.029661,-0.014756,0.615979,2.211459,4712.250,0,0.222976,0.000000,0.228042,0.405744
tracking_cdrone3_20260820_202954_533_milestone4,milestone4,1787283068.515024424,target_map,6,9,2,predicted,-18.120119,0.010225,0.594548,-3.537671,0.770818,0.136341,0.054647,8.161005,2572.500,1,3.638101,3.638101,1.423335,1.259525
tracking_cdrone3_20260820_202954_533_milestone4,milestone4,1787283068.515024424,target_map,8,10,2,predicted,-10.922280,-0.781322,0.046772,-0.064175,0.029661,-0.014756,0.599705,2.211459,4712.250,0,0.322767,0.322767,0.262968,0.430692
tracking_cdrone3_20260820_202954_533_milestone4,milestone4,1787283068.615241051,target_map,6,9,2,predicted,-18.474625,0.087468,0.608211,-3.537671,0.770818,0.136341,0.039516,8.161005,2572.500,1,3.738309,3.738309,1.458408,1.284577
tracking_cdrone3_20260820_202954_533_milestone4,milestone4,1787283068.615241051,target_map,8,10,2,predicted,-10.928711,-0.778349,0.045294,-0.064175,0.029661,-0.014756,0.583362,2.211459,4712.250,0,0.422975,0.422975,0.298041,0.455744
tracking_cdrone3_20260820_202954_533_milestone4,milestone4,1787283068.715082169,target_map,6,9,2,predicted,-18.827868,0.164435,0.621825,-3.537671,0.770818,0.136341,0.024438,8.161005,2572.500,1,3.838161,3.838161,1.493356,1.309540
tracking_cdrone3_20260820_202954_533_milestone4,milestone4,1787283068.715082169,target_map,8,10,2,predicted,-10.935119,-0.775388,0.043820,-0.064175,0.029661,-0.014756,0.567078,2.211459,4712.250,0,0.522827,0.522827,0.332990,0.480707
tracking_cdrone3_20260820_202954_533_milestone4,milestone4,1787283068.814804316,target_map,6,9,2,predicted,-19.180660,0.241305,0.635421,-3.537671,0.770818,0.136341,0.009379,8.161005,2572.500,1,3.937886,3.937886,1.528260,1.334471
tracking_cdrone3_20260820_202954_533_milestone4,milestone4,1787283068.814804316,target_map,8,10,2,predicted,-10.941519,-0.772430,0.042349,-0.064175,0.029661,-0.014756,0.550814,2.211459,4712.250,0,0.622552,0.622552,0.367893,0.505638
tracking_cdrone3_20260820_202954_533_milestone4,milestone4,1787283068.914884806,target_map,6,9,2,predicted,-19.534714,0.318449,0.649067,-3.537671,0.770818,0.136341,0.000000,8.161005,2572.500,1,4.037967,4.037967,1.563288,1.359492
tracking_cdrone3_20260820_202954_533_milestone4,milestone4,1787283068.914884806,target_map,8,10,2,predicted,-10.947942,-0.769461,0.040872,-0.064175,0.029661,-0.014756,0.534493,2.211459,4712.250,0,0.722633,0.722633,0.402921,0.530658
tracking_cdrone3_20260820_202954_533_milestone4,milestone4,1787283069.015227318,target_map,6,9,2,predicted,-19.889647,0.395785,0.662745,-3.537671,0.770818,0.136341,0.000000,8.161005,2572.500,1,4.138296,4.138296,1.598404,1.384574
tracking_cdrone3_20260820_202954_533_milestone4,milestone4,1787283069.015227318,target_map,8,10,2,predicted,-10.954380,-0.766485,0.039391,-0.064175,0.029661,-0.014756,0.518130,2.211459,4712.250,0,0.822962,0.822962,0.438037,0.555741
tracking_cdrone3_20260820_202954_533_milestone4,milestone4,1787283069.115137100,target_map,6,9,2,predicted,-20.243105,0.472800,0.676368,-3.537671,0.770818,0.136341,0.000000,8.161005,2572.500,1,4.238209,4.238209,1.633373,1.409552
tracking_cdrone3_20260820_202954_533_milestone4,milestone4,1787283069.115137100,target_map,8,10,2,predicted,-10.960792,-0.763522,0.037917,-0.064175,0.029661,-0.014756,0.501836,2.211459,4712.250,0,0.922875,0.922875,0.473006,0.580719
tracking_cdrone3_20260820_202954_533_milestone4,milestone4,1787283069.214977503,target_map,6,9,2,predicted,-20.596296,0.549756,0.689980,-3.537671,0.770818,0.136341,0.000000,8.161005,2572.500,1,4.338047,4.338047,1.668316,1.434512
tracking_cdrone3_20260820_202954_533_milestone4,milestone4,1787283069.214977503,target_map,8,10,2,predicted,-10.967199,-0.760560,0.036444,-0.064175,0.029661,-0.014756,0.485554,2.211459,4712.250,0,1.022712,1.022712,0.507949,0.605678
tracking_cdrone3_20260820_202954_533_milestone4,milestone4,1787283069.314896584,target_map,6,9,2,predicted,-20.949835,0.626788,0.703605,-3.537671,0.770818,0.136341,0.000000,8.161005,2572.500,1,4.437982,4.437982,1.703294,1.459496
tracking_cdrone3_20260820_202954_533_milestone4,milestone4,1787283069.314896584,target_map,8,10,2,predicted,-10.973613,-0.757596,0.034969,-0.064175,0.029661,-0.014756,0.469256,2.211459,4712.250,0,1.122648,1.122648,0.542927,0.630662
tracking_cdrone3_20260820_202954_533_milestone4,milestone4,1787283069.415048361,target_map,6,9,2,predicted,-21.304092,0.703977,0.717258,-3.537671,0.770818,0.136341,0.000000,8.161005,2572.500,1,4.538121,4.538121,1.738342,1.484530
tracking_cdrone3_20260820_202954_533_milestone4,milestone4,1787283069.415048361,target_map,8,10,2,predicted,-10.980039,-0.754626,0.033491,-0.064175,0.029661,-0.014756,0.452924,2.211459,4712.250,0,1.222787,1.222787,0.577975,0.655697
tracking_cdrone3_20260820_202954_533_milestone4,milestone4,1787283069.515775681,target_map,6,9,2,predicted,-21.660397,0.781611,0.730990,-3.537671,0.770818,0.136341,0.000000,8.161005,2572.500,1,4.638838,4.638838,1.773593,1.509709
tracking_cdrone3_20260820_202954_533_milestone4,milestone4,1787283069.515775681,target_map,8,10,2,predicted,-10.986503,-0.751639,0.032005,-0.064175,0.029661,-0.014756,0.436499,2.211459,4712.250,0,1.323504,1.323504,0.613226,0.680876
tracking_cdrone3_20260820_202954_533_milestone4,milestone4,1787283069.615060806,target_map,6,9,2,predicted,-22.011690,0.858154,0.744528,-3.537671,0.770818,0.136341,0.000000,8.161005,2572.500,1,4.738139,4.738139,1.808349,1.534535
tracking_cdrone3_20260820_202954_533_milestone4,milestone4,1787283069.615060806,target_map,8,10,2,predicted,-10.992875,-0.748693,0.030540,-0.064175,0.029661,-0.014756,0.420304,2.211459,4712.250,0,1.422805,1.422805,0.647982,0.705701
tracking_cdrone3_20260820_202954_533_milestone4,milestone4,1787283069.715070724,target_map,6,9,2,predicted,-22.365496,0.935244,0.758164,-3.537671,0.770818,0.136341,0.000000,8.161005,2572.500,1,4.838150,4.838150,1.843352,1.559537
tracking_cdrone3_20260820_202954_533_milestone4,milestone4,1787283069.715070724,target_map,8,10,2,predicted,-10.999293,-0.745727,0.029064,-0.064175,0.029661,-0.014756,0.403994,2.211459,4712.250,0,1.522815,1.522815,0.682985,0.730704
tracking_cdrone3_20260820_202954_533_milestone4,milestone4,1787283069.740296841,raw,12,12,0,detected,5.248723,-4.760628,0.796073,0.000000,0.000000,0.000000,0.671387,18.835922,2400.000,0,0.000000,0.000000,0.000000,0.000000
tracking_cdrone3_20260820_202954_533_milestone4,milestone4,1787283069.815135717,target_map,6,9,2,predicted,-22.719473,1.012372,0.771806,-3.537671,0.770818,0.136341,0.000000,8.161005,2572.500,1,4.938209,4.938209,1.878373,1.584552
tracking_cdrone3_20260820_202954_533_milestone4,milestone4,1787283069.815135717,target_map,8,10,2,predicted,-11.005714,-0.742759,0.027588,-0.064175,0.029661,-0.014756,0.387676,2.211459,4712.250,0,1.622875,1.622875,0.718006,0.755719
tracking_cdrone3_20260820_202954_533_milestone4,milestone4,1787283069.815135717,target_map,9,12,0,detected,5.248723,-4.760628,0.796073,0.000000,0.000000,0.000000,0.659713,18.835922,2400.000,0,0.069551,0.000000,0.174343,0.367388
tracking_cdrone3_20260820_202954_533_milestone4,milestone4,1787283069.915174484,target_map,8,10,2,predicted,-11.012135,-0.739792,0.026111,-0.064175,0.029661,-0.014756,0.371362,2.211459,4712.250,0,1.722908,1.722908,0.753018,0.780727
tracking_cdrone3_20260820_202954_533_milestone4,milestone4,1787283069.915174484,target_map,9,12,0,detected,5.248723,-4.760628,0.796073,0.000000,0.000000,0.000000,0.642923,18.835922,2400.000,0,0.169584,0.000000,0.209354,0.392396
tracking_cdrone3_20260820_202954_533_milestone4,milestone4,1787283069.971458912,raw,12,12,0,detected,5.232450,-4.840153,0.786732,-0.070393,-0.344022,-0.040411,0.671387,18.837511,2400.000,0,0.000000,0.000000,0.000000,0.000000
tracking_cdrone3_20260820_202954_533_milestone4,milestone4,1787283070.015516520,target_map,8,10,2,predicted,-11.018574,-0.736815,0.024631,-0.064175,0.029661,-0.014756,0.354997,2.211459,4712.250,0,1.823254,1.823254,0.788139,0.805814
tracking_cdrone3_20260820_202954_533_milestone4,milestone4,1787283070.015516520,target_map,9,12,0,detected,5.230905,-4.847705,0.785844,-0.038716,-0.189212,-0.022226,0.664687,18.837511,2400.000,0,0.039916,0.000000,0.163970,0.359979
tracking_cdrone3_20260820_202954_533_milestone4,milestone4,1787283070.114817619,target_map,8,10,2,predicted,-11.024947,-0.733870,0.023165,-0.064175,0.029661,-0.014756,0.338801,2.211459,4712.250,0,1.922561,1.922561,0.822896,0.830640
tracking_cdrone3_20260820_202954_533_milestone4,milestone4,1787283070.114817619,target_map,9,12,0,detected,5.227060,-4.866495,0.783637,-0.038716,-0.189212,-0.022226,0.648019,18.837511,2400.000,0,0.139223,0.000000,0.198728,0.384806
tracking_cdrone3_20260820_202954_533_milestone4,milestone4,1787283070.182711363,raw,12,12,0,detected,5.781521,-5.020294,0.886559,2.599022,-0.852697,0.472532,0.671387,19.416716,2400.000,0,0.000000,0.000000,0.000000,0.000000
tracking_cdrone3_20260820_202954_533_milestone4,milestone4,1787283070.182711363,raw,13,13,0,detected,-10.884177,-1.350398,0.255381,0.000000,0.000000,0.000000,0.413818,2.356673,10121.000,0,0.000000,0.000000,0.000000,0.000000
tracking_cdrone3_20260820_202954_533_milestone4,milestone4,1787283070.214893341,target_map,8,13,0,detected,-10.883880,-1.354571,0.256912,0.011209,-0.157131,0.057643,0.411070,2.356673,10121.000,0,0.026562,0.000000,0.159297,0.356641
tracking_cdrone3_20260820_202954_533_milestone4,milestone4,1787283070.214893341,target_map,9,12,0,detected,5.819028,-5.035013,0.893197,1.412040,-0.554129,0.249891,0.666928,19.416716,2400.000,0,0.026562,0.000000,0.159297,0.356641
tracking_cdrone3_20260820_202954_533_milestone4,milestone4,1787283070.315137148,target_map,8,13,0,detected,-10.882756,-1.370321,0.262689,0.011209,-0.157131,0.057643,0.400701,2.356673,10121.000,0,0.126791,0.000000,0.194377,0.381698
tracking_cdrone3_20260820_202954_533_milestone4,milestone4,1787283070.315137148,target_map,9,12,0,detected,5.960556,-5.090552,0.918243,1.412040,-0.554129,0.249891,0.650105,19.416716,2400.000,0,0.126791,0.000000,0.194377,0.381698
tracking_cdrone3_20260820_202954_533_milestone4,milestone4,1787283070.401839733,raw,13,13,0,detected,-10.617081,-1.541242,0.290481,1.218995,-0.870993,0.160196,0.761719,2.675454,10509.000,0,0.000000,0.000000,0.000000,0.000000
tracking_cdrone3_20260820_202954_533_milestone4,milestone4,1787283070.415157795,target_map,8,13,0,detected,-10.609775,-1.547189,0.291715,0.675491,-0.549755,0.114047,0.759659,2.675454,10509.000,0,0.010816,0.000000,0.153786,0.352704
tracking_cdrone3_20260820_202954_533_milestone4,milestone4,1787283070.415157795,target_map,9,12,0,detected,6.101795,-5.145979,0.943238,1.412040,-0.554129,0.249891,0.633316,19.416716,2400.000,0,0.226816,0.000000,0.229386,0.406704
tracking_cdrone3_20260820_202954_533_milestone4,milestone4,1787283070.514802456,target_map,8,13,0,detected,-10.542458,-1.601975,0.303080,0.675491,-0.549755,0.114047,0.740682,2.675454,10509.000,0,0.110472,0.000000,0.188665,0.377618
tracking_cdrone3_20260820_202954_533_milestone4,milestone4,1787283070.514802456,target_map,9,12,2,predicted,6.242513,-5.201201,0.968141,1.412040,-0.554129,0.249891,0.616589,19.416716,2400.000,0,0.326472,0.326472,0.264265,0.431618
tracking_cdrone3_20260820_202954_533_milestone4,milestone4,1787283070.615801573,target_map,8,13,0,detected,-10.474244,-1.657492,0.314597,0.675491,-0.549755,0.114047,0.721451,2.675454,10509.000,0,0.211456,0.000000,0.224010,0.402864
tracking_cdrone3_20260820_202954_533_milestone4,milestone4,1787283070.615801573,target_map,9,12,2,predicted,6.385107,-5.257159,0.993376,1.412040,-0.554129,0.249891,0.599640,19.416716,2400.000,0,0.427456,0.427456,0.299610,0.456864
tracking_cdrone3_20260820_202954_533_milestone4,milestone4,1787283070.624044657,raw,13,13,0,detected,-10.875113,-1.507755,0.277014,-1.161180,0.150699,-0.060604,0.869141,2.423207,10856.000,1,0.000000,0.000000,0.000000,0.000000
tracking_cdrone3_20260820_202954_533_milestone4,milestone4,1787283070.716031551,target_map,8,13,0,detected,-10.904349,-1.522125,0.278586,-0.334678,-0.164505,0.017989,0.850160,2.423207,10856.000,1,0.087354,0.000000,0.180574,0.371839
tracking_cdrone3_20260820_202954_533_milestone4,milestone4,1787283070.716031551,target_map,9,12,2,predicted,6.526653,-5.312706,1.018426,1.412040,-0.554129,0.249891,0.582814,19.416716,2400.000,0,0.527699,0.527699,0.334694,0.481925
tracking_cdrone3_20260820_202954_533_milestone4,milestone4,1787283070.815204859,target_map,8,13,0,detected,-10.937534,-1.538437,0.280369,-0.334678,-0.164505,0.017989,0.828614,2.423207,10856.000,1,0.186512,0.000000,0.215279,0.396628
tracking_cdrone3_20260820_202954_533_milestone4,milestone4,1787283070.815204859,target_map,9,12,2,predicted,6.666667,-5.367652,1.043204,1.412040,-0.554129,0.249891,0.566171,19.416716,2400.000,0,0.626856,0.626856,0.369399,0.506714
tracking_cdrone3_20260820_202954_533_milestone4,milestone4,1787283070.859838009,raw,13,13,0,detected,-10.965882,-1.539454,0.280308,-0.384967,-0.134440,0.013968,0.868652,2.353299,11505.000,1,0.000000,0.000000,0.000000,0.000000
tracking_cdrone3_20260820_202954_533_milestone4,milestone4,1787283070.915788412,target_map,8,13,0,detected,-10.984550,-1.547077,0.281121,-0.362337,-0.147969,0.015778,0.857464,2.353299,11505.000,1,0.051520,0.000000,0.168032,0.362880
tracking_cdrone3_20260820_202954_533_milestone4,milestone4,1787283070.915788412,target_map,9,12,2,predicted,6.808705,-5.423393,1.068341,1.412040,-0.554129,0.249891,0.549287,19.416716,2400.000,0,0.727447,0.727447,0.404606,0.531862
tracking_cdrone3_20260820_202954_533_milestone4,milestone4,1787283071.015019655,target_map,8,13,0,detected,-11.020506,-1.561761,0.282686,-0.362337,-0.147969,0.015778,0.835914,2.353299,11505.000,1,0.150754,0.000000,0.202764,0.387688
tracking_cdrone3_20260820_202954_533_milestone4,milestone4,1787283071.015019655,target_map,9,12,2,predicted,6.948826,-5.478381,1.093138,1.412040,-0.554129,0.249891,0.532631,19.416716,2400.000,0,0.826680,0.826680,0.439338,0.556670
tracking_cdrone3_20260820_202954_533_milestone4,milestone4,1787283071.077240229,raw,13,13,0,detected,-11.014368,-1.553047,0.274453,-0.223012,-0.062525,-0.026930,0.839844,2.314986,11875.500,1,0.000000,0.000000,0.000000,0.000000
tracking_cdrone3_20260820_202954_533_milestone4,milestone4,1787283071.115845442,target_map,8,13,0,detected,-11.024635,-1.556676,0.274176,-0.285708,-0.100975,-0.007712,0.832299,2.314986,11875.500,1,0.035936,0.000000,0.162577,0.358984
tracking_cdrone3_20260820_202954_533_milestone4,milestone4,1787283071.115845442,target_map,9,12,2,predicted,7.091198,-5.534252,1.118334,1.412040,-0.554129,0.249891,0.515708,19.416716,2400.000,0,0.927507,0.927507,0.474627,0.581877
tracking_cdrone3_20260820_202954_533_milestone4,milestone4,1787283071.215179443,target_map,8,13,0,detected,-11.053013,-1.566705,0.273410,-0.285708,-0.100975,-0.007712,0.811444,2.314986,11875.500,1,0.135260,0.000000,0.197341,0.383815
tracking_cdrone3_20260820_202954_533_milestone4,milestone4,1787283071.215179443,target_map,9,12,2,predicted,7.231448,-5.589290,1.143155,1.412040,-0.554129,0.249891,0.499036,19.416716,2400.000,0,1.026831,1.026831,0.509391,0.606708
tracking_cdrone3_20260820_202954_533_milestone4,milestone4,1787283071.287226439,raw,13,13,0,detected,-11.030815,-1.528989,0.289313,-0.078328,0.114569,0.070768,0.860352,2.290924,12169.500,1,0.000000,0.000000,0.000000,0.000000
tracking_cdrone3_20260820_202954_533_milestone4,milestone4,1787283071.320164680,target_map,8,13,0,detected,-11.035991,-1.528459,0.290382,-0.171649,0.017575,0.035452,0.853866,2.290924,12169.500,1,0.030152,0.000000,0.160553,0.357538
tracking_cdrone3_20260820_202954_533_milestone4,milestone4,1787283071.320164680,target_map,9,12,2,predicted,7.379703,-5.647470,1.169391,1.412040,-0.554129,0.249891,0.481414,19.416716,2400.000,0,1.131824,1.131824,0.546139,0.632956
tracking_cdrone3_20260820_202954_533_milestone4,milestone4,1787283071.415120125,target_map,8,13,0,detected,-11.052289,-1.526791,0.293748,-0.171649,0.017575,0.035452,0.833443,2.290924,12169.500,1,0.125104,0.000000,0.193786,0.381276
tracking_cdrone3_20260820_202954_533_milestone4,milestone4,1787283071.415120125,target_map,9,12,2,predicted,7.513779,-5.700086,1.193119,1.412040,-0.554129,0.249891,0.465476,19.416716,2400.000,0,1.226776,1.226776,0.579372,0.656694
tracking_cdrone3_20260820_202954_533_milestone4,milestone4,1787283071.513343811,raw,13,13,0,detected,-4.615792,-4.405767,0.903764,28.367842,-12.721384,2.717162,0.593750,9.348690,13792.000,0,0.000000,0.000000,0.000000,0.000000
tracking_cdrone3_20260820_202954_533_milestone4,milestone4,1787283071.515295744,target_map,8,13,0,detected,-11.069483,-1.525030,0.297299,-0.171649,0.017575,0.035452,0.811898,2.290924,12169.500,1,0.225273,0.000000,0.228846,0.406318
tracking_cdrone3_20260820_202954_533_milestone4,milestone4,1787283071.515295744,target_map,9,12,2,predicted,7.655222,-5.755592,1.218150,1.412040,-0.554129,0.249891,0.448663,19.416716,2400.000,0,1.326946,1.326946,0.614431,0.681737
tracking_cdrone3_20260820_202954_533_milestone4,milestone4,1787283071.615079403,target_map,8,13,0,detected,-4.255644,-4.569728,0.940405,3.922301,-1.785662,0.399042,0.580120,9.348690,13792.000,0,0.091821,0.000000,0.182137,0.372955
tracking_cdrone3_20260820_202954_533_milestone4,milestone4,1787283071.615079403,target_map,9,12,2,predicted,7.796140,-5.810893,1.243089,1.412040,-0.554129,0.249891,0.431913,19.416716,2400.000,0,1.426743,1.426743,0.649360,0.706686
tracking_cdrone3_20260820_202954_533_milestone4,milestone4,1787283071.714818239,target_map,8,13,0,detected,-3.864414,-4.747838,0.980207,3.922301,-1.785662,0.399042,0.565314,9.348690,13792.000,0,0.191566,0.000000,0.217048,0.397891
tracking_cdrone3_20260820_202954_533_milestone4,milestone4,1787283071.714818239,target_map,9,12,2,predicted,7.936984,-5.866165,1.268014,1.412040,-0.554129,0.249891,0.415171,19.416716,2400.000,0,1.526488,1.526488,0.684271,0.731622
tracking_cdrone3_20260820_202954_533_milestone4,milestone4,1787283071.738834381,raw,13,13,0,detected,-2.130699,-5.544480,1.268312,11.021798,-5.050378,1.616828,0.593750,12.103696,13792.000,0,0.000000,0.000000,0.000000,0.000000
tracking_cdrone3_20260820_202954_533_milestone4,milestone4,1787283071.815088034,target_map,8,13,0,detected,-1.714050,-5.735016,1.323661,5.729994,-2.620360,0.761203,0.582957,12.103696,13792.000,0,0.072714,0.000000,0.175450,0.368178
tracking_cdrone3_20260820_202954_533_milestone4,milestone4,1787283071.815088034,target_map,9,12,2,predicted,8.078556,-5.921722,1.293068,1.412040,-0.554129,0.249891,0.398342,19.416716,2400.000,0,1.626749,1.626749,0.719362,0.756687
tracking_cdrone3_20260820_202954_533_milestone4,milestone4,1787283071.916168928,target_map,8,13,0,detected,-1.134828,-5.999897,1.400608,5.729994,-2.620360,0.761203,0.567952,12.103696,13792.000,0,0.173800,0.000000,0.210830,0.393450
tracking_cdrone3_20260820_202954_533_milestone4,milestone4,1787283071.916168928,target_map,9,12,2,predicted,8.221293,-5.977736,1.318329,1.412040,-0.554129,0.249891,0.381375,19.416716,2400.000,0,1.727835,1.727835,0.754742,0.781959
tracking_cdrone3_20260820_202954_533_milestone4,milestone4,1787283071.963166475,raw,13,13,0,detected,-1.726312,-5.815970,1.298737,1.802689,-1.210259,0.135631,0.593750,12.585221,13792.000,0,0.000000,0.000000,0.000000,0.000000
tracking_cdrone3_20260820_202954_533_milestone4,milestone4,1787283072.015065432,target_map,8,13,0,detected,-1.578370,-5.892419,1.316023,3.569976,-1.844805,0.417139,0.587599,12.585221,13792.000,0,0.041440,0.000000,0.164504,0.360360
tracking_cdrone3_20260820_202954_533_milestone4,milestone4,1787283072.015065432,target_map,9,12,2,predicted,8.360936,-6.032537,1.343042,1.412040,-0.554129,0.249891,0.364776,19.416716,2400.000,0,1.826730,1.826730,0.789355,0.806682
tracking_cdrone3_20260820_202954_533_milestone4,milestone4,1787283072.114796400,target_map,8,13,0,detected,-1.222318,-6.076412,1.357627,3.569976,-1.844805,0.417139,0.572794,12.585221,13792.000,0,0.141176,0.000000,0.199412,0.385294
tracking_cdrone3_20260820_202954_533_milestone4,milestone4,1787283072.114796400,target_map,9,12,2,predicted,8.501767,-6.087803,1.367965,1.412040,-0.554129,0.249891,0.348036,19.416716,2400.000,0,1.926465,1.926465,0.824263,0.831616
tracking_cdrone3_20260820_202954_533_milestone4,milestone4,1787283072.187117815,raw,13,13,0,detected,-1.779394,-5.860319,1.336132,-0.236983,-0.197995,0.166950,0.593750,12.559691,13792.000,1,0.000000,0.000000,0.000000,0.000000
tracking_cdrone3_20260820_202954_533_milestone4,milestone4,1787283072.214791775,target_map,8,13,0,detected,-1.745274,-5.882025,1.342593,1.476149,-0.939060,0.279535,0.590319,12.559691,13792.000,1,0.023114,0.000000,0.158090,0.355778
tracking_cdrone3_20260820_202954_533_milestone4,milestone4,1787283072.214791775,target_map,9,12,2,predicted,8.642975,-6.143218,1.392954,1.412040,-0.554129,0.249891,0.331251,19.416716,2400.000,0,2.026468,2.026468,0.859264,0.856617
tracking_cdrone3_20260820_202954_533_milestone4,milestone4,1787283072.315029144,target_map,8,13,0,detected,-1.597331,-5.976139,1.370609,1.476149,-0.939060,0.279535,0.575442,12.559691,13792.000,1,0.123336,0.000000,0.193168,0.380834
tracking_cdrone3_20260820_202954_533_milestone4,milestone4,1787283072.315029144,target_map,9,12,2,predicted,8.784493,-6.198754,1.417999,1.412040,-0.554129,0.249891,0.314429,19.416716,2400.000,0,2.126691,2.126691,0.894342,0.881673
tracking_cdrone3_20260820_202954_533_milestone4,milestone4,1787283072.415338755,target_map,8,13,0,detected,-1.449295,-6.070313,1.398642,1.476149,-0.939060,0.279535,0.560556,12.559691,13792.000,1,0.223622,0.000000,0.228268,0.405905
tracking_cdrone3_20260820_202954_533_milestone4,milestone4,1787283072.415338755,target_map,9,12,2,predicted,8.926101,-6.254325,1.443059,1.412040,-0.554129,0.249891,0.297596,19.416716,2400.000,0,2.226976,2.226976,0.929442,0.906744
tracking_cdrone3_20260820_202954_533_milestone4,milestone4,1787283072.453266382,raw,13,13,0,detected,-1.802260,-5.894388,1.430976,-0.085926,-0.128026,0.356408,0.593750,12.563149,13792.000,0,0.000000,0.000000,0.000000,0.000000
tracking_cdrone3_20260820_202954_533_milestone4,milestone4,1787283072.453266382,raw,14,14,0,detected,-11.389198,-0.846816,0.277900,0.000000,0.000000,0.000000,0.844727,1.745042,4485.000,0,0.000000,0.000000,0.000000,0.000000
tracking_cdrone3_20260820_202954_533_milestone4,milestone4,1787283072.515123129,target_map,8,13,0,detected,-1.766193,-5.923206,1.449787,0.617007,-0.492991,0.321815,0.585073,12.563149,13792.000,0,0.058455,0.000000,0.170459,0.364614
tracking_cdrone3_20260820_202954_533_milestone4,milestone4,1787283072.515123129,target_map,9,12,2,predicted,9.067034,-6.309631,1.468001,1.412040,-0.554129,0.249891,0.280844,19.416716,2400.000,0,2.326784,2.326784,0.964375,0.931696
tracking_cdrone3_20260820_202954_533_milestone4,milestone4,1787283072.515123129,target_map,10,14,0,detected,-11.389198,-0.846816,0.277900,0.000000,0.000000,0.000000,0.832382,1.745042,4485.000,0,0.058455,0.000000,0.170459,0.364614
tracking_cdrone3_20260820_202954_533_milestone4,milestone4,1787283072.614951611,target_map,8,13,0,detected,-1.704597,-5.972421,1.481914,0.617007,-0.492991,0.321815,0.570255,12.563149,13792.000,0,0.158284,0.000000,0.205399,0.389571
tracking_cdrone3_20260820_202954_533_milestone4,milestone4,1787283072.614951611,target_map,9,12,2,predicted,9.207995,-6.364949,1.492947,1.412040,-0.554129,0.249891,0.264088,19.416716,2400.000,0,2.426613,2.426613,0.999315,0.956653
tracking_cdrone3_20260820_202954_533_milestone4,milestone4,1787283072.614951611,target_map,10,14,0,detected,-11.389198,-0.846816,0.277900,0.000000,0.000000,0.000000,0.811300,1.745042,4485.000,0,0.158284,0.000000,0.205399,0.389571
tracking_cdrone3_20260820_202954_533_milestone4,milestone4,1787283072.696967125,raw,13,13,0,detected,-1.869062,-5.921127,1.467958,-0.274102,-0.109712,0.151743,0.593750,12.518414,13792.000,1,0.000000,0.000000,0.000000,0.000000
tracking_cdrone3_20260820_202954_533_milestone4,milestone4,1787283072.696967125,raw,14,14,0,detected,-11.424787,-0.808949,0.267177,-0.146022,0.155373,-0.043997,0.779297,1.703101,4830.000,1,0.000000,0.000000,0.000000,0.000000
tracking_cdrone3_20260820_202954_533_milestone4,milestone4,1787283072.715623856,target_map,8,13,0,detected,-1.867194,-5.925281,1.471318,0.126897,-0.282188,0.228276,0.591565,12.518414,13792.000,1,0.014720,0.000000,0.155152,0.353680
tracking_cdrone3_20260820_202954_533_milestone4,milestone4,1787283072.715623856,target_map,9,12,2,predicted,9.350164,-6.420741,1.518107,1.412040,-0.554129,0.249891,0.247188,19.416716,2400.000,0,2.527296,2.527296,1.034554,0.981824
tracking_cdrone3_20260820_202954_533_milestone4,milestone4,1787283072.715623856,target_map,10,14,0,detected,-11.425969,-0.807691,0.266821,-0.080312,0.085455,-0.024199,0.776429,1.703101,4830.000,1,0.014720,0.000000,0.155152,0.353680
tracking_cdrone3_20260820_202954_533_milestone4,milestone4,1787283072.815379858,target_map,8,13,0,detected,-1.854540,-5.953419,1.494081,0.126897,-0.282188,0.228276,0.576763,12.518414,13792.000,1,0.114436,0.000000,0.190053,0.378609
tracking_cdrone3_20260820_202954_533_milestone4,milestone4,1787283072.815379858,target_map,9,12,2,predicted,9.490968,-6.475996,1.543025,1.412040,-0.554129,0.249891,0.230451,19.416716,2400.000,0,2.627013,2.627013,1.069454,1.006753
tracking_cdrone3_20260820_202954_533_milestone4,milestone4,1787283072.815379858,target_map,10,14,0,detected,-11.433977,-0.799170,0.264408,-0.080312,0.085455,-0.024199,0.757002,1.703101,4830.000,1,0.114436,0.000000,0.190053,0.378609
tracking_cdrone3_20260820_202954_533_milestone4,milestone4,1787283072.915292263,target_map,8,13,0,detected,-1.841857,-5.981623,1.516896,0.126897,-0.282188,0.228276,0.561927,12.518414,13792.000,1,0.214384,0.000000,0.225034,0.403596
tracking_cdrone3_20260820_202954_533_milestone4,milestone4,1787283072.915292263,target_map,9,12,2,predicted,9.632098,-6.531380,1.568001,1.412040,-0.554129,0.249891,0.213676,19.416716,2400.000,0,2.726960,2.726960,1.104436,1.031740
tracking_cdrone3_20260820_202954_533_milestone4,milestone4,1787283072.915292263,target_map,10,14,0,detected,-11.442004,-0.790629,0.261989,-0.080312,0.085455,-0.024199,0.737530,1.703101,4830.000,1,0.214384,0.000000,0.225034,0.403596
tracking_cdrone3_20260820_202954_533_milestone4,milestone4,1787283072.955700397,raw,13,13,0,detected,-1.951925,-5.938262,1.483738,-0.320271,-0.066231,0.060993,0.593750,12.453084,13792.000,1,0.000000,0.000000,0.000000,0.000000
tracking_cdrone3_20260820_202954_533_milestone4,milestone4,1787283072.955700397,raw,14,14,0,detected,-11.404960,-0.777126,0.256992,0.076633,0.122998,-0.039365,0.680664,1.717267,3860.000,0,0.000000,0.000000,0.000000,0.000000
tracking_cdrone3_20260820_202954_533_milestone4,milestone4,1787283073.015125275,target_map,8,13,0,detected,-1.958463,-5.947237,1.491222,-0.119045,-0.163412,0.136270,0.585598,12.453084,13792.000,1,0.054921,0.000000,0.169222,0.363730
tracking_cdrone3_20260820_202954_533_milestone4,milestone4,1787283073.015125275,target_map,9,12,2,predicted,9.773052,-6.586695,1.592946,1.412040,-0.554129,0.249891,0.196920,19.416716,2400.000,0,2.826784,2.826784,1.139374,1.056696
tracking_cdrone3_20260820_202954_533_milestone4,milestone4,1787283073.015125275,target_map,10,14,0,detected,-11.404630,-0.771299,0.255205,0.006008,0.106104,-0.032540,0.671318,1.717267,3860.000,0,0.054921,0.000000,0.169222,0.363730
tracking_cdrone3_20260820_202954_533_milestone4,milestone4,1787283073.114863634,target_map,8,13,0,detected,-1.970338,-5.963537,1.504815,-0.119045,-0.163412,0.136270,0.570791,12.453084,13792.000,1,0.154668,0.000000,0.204134,0.388667
tracking_cdrone3_20260820_202954_533_milestone4,milestone4,1787283073.114863634,target_map,9,12,2,predicted,9.913898,-6.641968,1.617872,1.412040,-0.554129,0.249891,0.180178,19.416716,2400.000,0,2.926530,2.926530,1.174286,1.081633
tracking_cdrone3_20260820_202954_533_milestone4,milestone4,1787283073.114863634,target_map,10,14,0,detected,-11.404031,-0.760716,0.251959,0.006008,0.106104,-0.032540,0.654345,1.717267,3860.000,0,0.154668,0.000000,0.204134,0.388667
tracking_cdrone3_20260820_202954_533_milestone4,milestone4,1787283073.200819492,raw,13,13,0,detected,-2.054979,-5.964199,1.523508,-0.420423,-0.105810,0.162245,0.593750,12.376835,13792.000,1,0.000000,0.000000,0.000000,0.000000
tracking_cdrone3_20260820_202954_533_milestone4,milestone4,1787283073.200819492,raw,14,14,0,detected,-13.081372,-0.571577,0.086691,-6.839151,0.838565,-0.694767,0.432129,0.019792,4158.000,1,0.000000,0.000000,0.000000,0.000000
tracking_cdrone3_20260820_202954_533_milestone4,milestone4,1787283073.215188742,target_map,8,13,0,detected,-2.058070,-5.965628,1.525142,-0.284803,-0.131731,0.150556,0.592139,12.376835,13792.000,1,0.010853,0.000000,0.153799,0.352713
tracking_cdrone3_20260820_202954_533_milestone4,milestone4,1787283073.215188742,target_map,9,12,2,predicted,10.055547,-6.697555,1.642939,1.412040,-0.554129,0.249891,0.163341,19.416716,2400.000,0,3.026845,3.026845,1.209396,1.106711
tracking_cdrone3_20260820_202954_533_milestone4,milestone4,1787283073.215188742,target_map,10,14,0,detected,-13.122168,-0.566054,0.082385,-3.758830,0.508957,-0.396765,0.430956,0.019792,4158.000,1,0.010853,0.000000,0.153799,0.352713
tracking_cdrone3_20260820_202954_533_milestone4,milestone4,1787283073.315089941,target_map,8,13,0,detected,-2.086523,-5.978789,1.540183,-0.284803,-0.131731,0.150556,0.577309,12.376835,13792.000,1,0.110758,0.000000,0.188765,0.377689
tracking_cdrone3_20260820_202954_533_milestone4,milestone4,1787283073.315089941,target_map,9,12,2,predicted,10.196615,-6.752914,1.667904,1.412040,-0.554129,0.249891,0.146572,19.416716,2400.000,0,3.126749,3.126749,1.244362,1.131687
tracking_cdrone3_20260820_202954_533_milestone4,milestone4,1787283073.315089941,target_map,10,14,0,detected,-13.497691,-0.515207,0.042746,-3.758830,0.508957,-0.396765,0.420164,0.019792,4158.000,1,0.110758,0.000000,0.188765,0.377689
tracking_cdrone3_20260820_202954_533_milestone4,milestone4,1787283073.415166140,target_map,8,13,0,detected,-2.115025,-5.991972,1.555250,-0.284803,-0.131731,0.150556,0.562455,12.376835,13792.000,1,0.210833,0.000000,0.223791,0.402708
tracking_cdrone3_20260820_202954_533_milestone4,milestone4,1787283073.415166140,target_map,9,12,2,predicted,10.337926,-6.808369,1.692912,1.412040,-0.554129,0.249891,0.129775,19.416716,2400.000,0,3.226824,3.226824,1.279388,1.156706
tracking_cdrone3_20260820_202954_533_milestone4,milestone4,1787283073.415166140,target_map,10,14,0,detected,-13.873857,-0.464272,0.003040,-3.758830,0.508957,-0.396765,0.409352,0.019792,4158.000,1,0.210833,0.000000,0.223791,0.402708
tracking_cdrone3_20260820_202954_533_milestone4,milestone4,1787283073.450207710,raw,13,13,0,detected,-2.155073,-5.961035,1.534859,-0.401358,0.012686,0.045518,0.593750,12.287372,13792.000,1,0.000000,0.000000,0.000000,0.000000
tracking_cdrone3_20260820_202954_533_milestone4,milestone4,1787283073.450207710,raw,14,14,0,detected,-4.964278,-1.323487,0.742167,32.548058,-3.015018,2.628337,0.408203,8.197906,3887.000,0,0.000000,0.000000,0.000000,0.000000
tracking_cdrone3_20260820_202954_533_milestone4,milestone4,1787283073.515026331,target_map,8,13,0,detected,-2.176298,-5.964216,1.540504,-0.348908,-0.052301,0.092785,0.584720,12.287372,13792.000,1,0.060833,0.000000,0.171292,0.365208
tracking_cdrone3_20260820_202954_533_milestone4,milestone4,1787283073.515026331,target_map,9,12,2,predicted,10.478914,-6.863698,1.717863,1.412040,-0.554129,0.249891,0.113016,19.416716,2400.000,0,3.326671,3.326671,1.314335,1.181668
tracking_cdrone3_20260820_202954_533_milestone4,milestone4,1787283073.515026331,target_map,10,14,0,detected,-4.801508,-1.334163,0.752759,2.675674,-0.175510,0.174114,0.401995,8.197906,3887.000,0,0.060833,0.000000,0.171292,0.365208
tracking_cdrone3_20260820_202954_533_milestone4,milestone4,1787283073.615157604,target_map,8,13,0,detected,-2.211240,-5.969454,1.549796,-0.348908,-0.052301,0.092785,0.569854,12.287372,13792.000,1,0.160980,0.000000,0.206343,0.390245
tracking_cdrone3_20260820_202954_533_milestone4,milestone4,1787283073.615157604,target_map,9,12,2,predicted,10.620325,-6.919192,1.742889,1.412040,-0.554129,0.249891,0.096207,19.416716,2400.000,0,3.426818,3.426818,1.349386,1.206705
tracking_cdrone3_20260820_202954_533_milestone4,milestone4,1787283073.615157604,target_map,10,14,0,detected,-4.533547,-1.351740,0.770196,2.675674,-0.175510,0.174114,0.391775,8.197906,3887.000,0,0.160980,0.000000,0.206343,0.390245
tracking_cdrone3_20260820_202954_533_milestone4,milestone4,1787283073.681200981,raw,14,14,1,held,-4.716444,-1.366634,0.739226,1.072903,-0.186790,-0.012731,0.408203,8.447906,3887.000,0,0.230993,0.230993,0.000000,0.000000
tracking_cdrone3_20260820_202954_533_milestone4,milestone4,1787283073.715805054,target_map,8,13,2,predicted,-2.246356,-5.974718,1.559134,-0.348908,-0.052301,0.092785,0.554915,12.287372,13792.000,1,0.261626,0.261626,0.241569,0.415407
tracking_cdrone3_20260820_202954_533_milestone4,milestone4,1787283073.715805054,target_map,9,12,2,predicted,10.762442,-6.974963,1.768039,1.412040,-0.554129,0.249891,0.079313,19.416716,2400.000,0,3.527465,3.527465,1.384613,1.231866
tracking_cdrone3_20260820_202954_533_milestone4,milestone4,1787283073.715805054,target_map,10,14,1,held,-4.661565,-1.372192,0.741408,1.794150,-0.181714,0.071349,0.381509,8.447906,3887.000,0,0.261581,0.000000,0.160706,0.357647
tracking_cdrone3_20260820_202954_533_milestone4,milestone4,1787283073.814947128,target_map,8,13,2,predicted,-2.280950,-5.979904,1.568334,-0.348908,-0.052301,0.092785,0.540198,12.287372,13792.000,1,0.360773,0.360773,0.276271,0.440193
tracking_cdrone3_20260820_202954_533_milestone4,milestone4,1787283073.814947128,target_map,9,12,2,predicted,10.902441,-7.029903,1.792815,1.412040,-0.554129,0.249891,0.062672,19.416716,2400.000,0,3.626611,3.626611,1.419314,1.256653
tracking_cdrone3_20260820_202954_533_milestone4,milestone4,1787283073.814947128,target_map,10,14,1,held,-4.483681,-1.390208,0.748482,1.794150,-0.181714,0.071349,0.371391,8.447906,3887.000,0,0.360728,0.000000,0.195407,0.382434
tracking_cdrone3_20260820_202954_533_milestone4,milestone4,1787283073.915227890,target_map,8,13,2,predicted,-2.315929,-5.985147,1.577636,-0.348908,-0.052301,0.092785,0.525316,12.287372,13792.000,1,0.461026,0.461026,0.311359,0.465256
tracking_cdrone3_20260820_202954_533_milestone4,milestone4,1787283073.915227890,target_map,9,12,2,predicted,11.044002,-7.085455,1.817867,1.412040,-0.554129,0.249891,0.045845,19.416716,2400.000,0,3.726864,3.726864,1.454402,1.281716
tracking_cdrone3_20260820_202954_533_milestone4,milestone4,1787283073.915227890,target_map,10,14,1,held,-4.303813,-1.408426,0.755635,1.794150,-0.181714,0.071349,0.361160,8.447906,3887.000,0,0.460980,0.000000,0.230496,0.407497
tracking_cdrone3_20260820_202954_533_milestone4,milestone4,1787283073.917900324,raw,14,14,1,held,-4.718797,-1.363582,0.774755,-0.009938,0.012894,0.150103,0.408203,8.447906,3887.000,0,0.467693,0.467693,0.000000,0.000000
tracking_cdrone3_20260820_202954_533_milestone4,milestone4,1787283074.015065432,target_map,8,13,2,predicted,-2.350771,-5.990370,1.586901,-0.348908,-0.052301,0.092785,0.510493,12.287372,13792.000,1,0.560887,0.560887,0.346310,0.490222
tracking_cdrone3_20260820_202954_533_milestone4,milestone4,1787283074.015065432,target_map,9,12,2,predicted,11.185010,-7.140791,1.842822,1.412040,-0.554129,0.249891,0.029084,19.416716,2400.000,0,3.826725,3.826725,1.489354,1.306681
tracking_cdrone3_20260820_202954_533_milestone4,milestone4,1787283074.015065432,target_map,10,14,1,held,-4.645285,-1.370428,0.785267,0.801902,-0.074680,0.114664,0.351120,8.447906,3887.000,0,0.559364,0.000000,0.182085,0.372918
tracking_cdrone3_20260820_202954_533_milestone4,milestone4,1787283074.115371704,target_map,8,13,2,predicted,-2.385760,-5.995615,1.596206,-0.348908,-0.052301,0.092785,0.495608,12.287372,13792.000,1,0.661168,0.661168,0.381409,0.515292
tracking_cdrone3_20260820_202954_533_milestone4,milestone4,1787283074.115371704,target_map,9,12,2,predicted,11.326611,-7.196360,1.867881,1.412040,-0.554129,0.249891,0.012252,19.416716,2400.000,0,3.927006,3.927006,1.524452,1.331752
tracking_cdrone3_20260820_202954_533_milestone4,milestone4,1787283074.115371704,target_map,10,14,1,held,-4.564869,-1.377917,0.796765,0.801902,-0.074680,0.114664,0.340886,8.447906,3887.000,0,0.659646,0.000000,0.217184,0.397988
tracking_cdrone3_20260820_202954_533_milestone4,milestone4,1787283074.167446375,raw,14,14,0,detected,6.210550,-2.802452,1.231937,43.798630,-5.766178,1.832125,0.813965,19.473854,4644.000,0,0.000000,0.000000,0.000000,0.000000
tracking_cdrone3_20260820_202954_533_milestone4,milestone4,1787283074.215108633,target_map,8,13,2,predicted,-2.420569,-6.000833,1.605463,-0.348908,-0.052301,0.092785,0.480799,12.287372,13792.000,1,0.760935,0.760935,0.416327,0.540234
tracking_cdrone3_20260820_202954_533_milestone4,milestone4,1787283074.215108633,target_map,9,12,2,predicted,11.467486,-7.251644,1.892812,1.412040,-0.554129,0.249891,0.000000,19.416716,2400.000,0,4.026773,4.026773,1.559371,1.356693
tracking_cdrone3_20260820_202954_533_milestone4,milestone4,1787283074.215108633,target_map,10,14,0,detected,6.419553,-2.829352,1.242296,4.719467,-0.607426,0.233922,0.804953,19.473854,4644.000,0,0.044285,0.000000,0.165500,0.361071
tracking_cdrone3_20260820_202954_533_milestone4,milestone4,1787283074.314905643,target_map,8,13,2,predicted,-2.455379,-6.006051,1.614720,-0.348908,-0.052301,0.092785,0.465990,12.287372,13792.000,1,0.860701,0.860701,0.451245,0.565175
tracking_cdrone3_20260820_202954_533_milestone4,milestone4,1787283074.314905643,target_map,9,12,2,predicted,11.608359,-7.306927,1.917743,1.412040,-0.554129,0.249891,0.000000,19.416716,2400.000,0,4.126539,4.126539,1.594289,1.381635
tracking_cdrone3_20260820_202954_533_milestone4,milestone4,1787283074.314905643,target_map,10,14,0,detected,6.890396,-2.889953,1.265634,4.719467,-0.607426,0.233922,0.784652,19.473854,4644.000,0,0.144051,0.000000,0.200418,0.386013
tracking_cdrone3_20260820_202954_533_milestone4,milestone4,1787283074.415563583,target_map,8,13,2,predicted,-2.490506,-6.011316,1.624061,-0.348908,-0.052301,0.092785,0.451045,12.287372,13792.000,1,0.961380,0.961380,0.486483,0.590345
tracking_cdrone3_20260820_202954_533_milestone4,milestone4,1787283074.415563583,target_map,9,12,2,predicted,11.750523,-7.362716,1.942901,1.412040,-0.554129,0.249891,0.000000,19.416716,2400.000,0,4.227219,4.227219,1.629526,1.406805
tracking_cdrone3_20260820_202954_533_milestone4,milestone4,1787283074.415563583,target_map,10,14,0,detected,7.365548,-2.951108,1.289185,4.719467,-0.607426,0.233922,0.764164,19.473854,4644.000,0,0.244730,0.000000,0.235656,0.411183
tracking_cdrone3_20260820_202954_533_milestone4,milestone4,1787283074.421969652,raw,14,14,0,detected,6.218590,-2.807116,1.097801,0.031587,-0.018323,-0.526989,0.813965,19.474991,4644.000,0,0.000000,0.000000,0.000000,0.000000
tracking_cdrone3_20260820_202954_533_milestone4,milestone4,1787283074.515117168,target_map,8,13,2,predicted,-2.525243,-6.016523,1.633299,-0.348908,-0.052301,0.092785,0.436267,12.287372,13792.000,1,1.060939,1.060939,0.521329,0.615235
tracking_cdrone3_20260820_202954_533_milestone4,milestone4,1787283074.515117168,target_map,9,12,2,predicted,11.891103,-7.417884,1.967780,1.412040,-0.554129,0.249891,0.000000,19.416716,2400.000,0,4.326777,4.326777,1.664372,1.431694
tracking_cdrone3_20260820_202954_533_milestone4,milestone4,1787283074.515117168,target_map,10,14,0,detected,6.409557,-2.832394,1.081338,2.141133,-0.283419,-0.184579,0.795816,19.474991,4644.000,0,0.089190,0.000000,0.181216,0.372297
tracking_cdrone3_20260820_202954_533_milestone4,milestone4,1787283074.615207672,target_map,8,13,2,predicted,-2.560161,-6.021758,1.642584,-0.348908,-0.052301,0.092785,0.421412,12.287372,13792.000,1,1.161017,1.161017,0.556356,0.640254
tracking_cdrone3_20260820_202954_533_milestone4,milestone4,1787283074.615207672,target_map,9,12,2,predicted,12.032417,-7.473341,1.992789,1.412040,-0.554129,0.249891,0.000000,19.416716,2400.000,0,4.426855,4.426855,1.699399,1.456714
tracking_cdrone3_20260820_202954_533_milestone4,milestone4,1787283074.615207672,target_map,10,14,0,detected,6.623837,-2.860758,1.062866,2.141133,-0.283419,-0.184579,0.775451,19.474991,4644.000,0,0.189268,0.000000,0.216244,0.397317
tracking_cdrone3_20260820_202954_533_milestone4,milestone4,1787283074.670184851,raw,14,14,0,detected,6.493280,-2.848652,1.070316,1.106573,-0.167327,-0.110720,0.813965,19.751028,4644.000,0,0.000000,0.000000,0.000000,0.000000
tracking_cdrone3_20260820_202954_533_milestone4,milestone4,1787283074.715185165,target_map,8,13,2,predicted,-2.595049,-6.026987,1.651862,-0.348908,-0.052301,0.092785,0.406569,12.287372,13792.000,1,1.261007,1.261007,0.591353,0.665252
tracking_cdrone3_20260820_202954_533_milestone4,milestone4,1787283074.715185165,target_map,9,12,2,predicted,12.173608,-7.528748,2.017775,1.412040,-0.554129,0.249891,0.000000,19.416716,2400.000,0,4.526845,4.526845,1.734396,1.481711
tracking_cdrone3_20260820_202954_533_milestone4,milestone4,1787283074.715185165,target_map,10,14,0,detected,6.555479,-2.857339,1.064621,1.572125,-0.219568,-0.143957,0.805914,19.751028,4644.000,0,0.039563,0.000000,0.163847,0.359891
tracking_cdrone3_20260820_202954_533_milestone4,milestone4,1787283074.814794540,target_map,8,13,2,predicted,-2.629805,-6.032197,1.661105,-0.348908,-0.052301,0.092785,0.391783,12.287372,13792.000,1,1.360623,1.360623,0.626218,0.690156
tracking_cdrone3_20260820_202954_533_milestone4,milestone4,1787283074.814794540,target_map,9,12,2,predicted,12.314268,-7.583948,2.042668,1.412040,-0.554129,0.249891,0.000000,19.416716,2400.000,0,4.626461,4.626461,1.769261,1.506615
tracking_cdrone3_20260820_202954_533_milestone4,milestone4,1787283074.814794540,target_map,10,14,0,detected,6.712087,-2.879212,1.050280,1.572125,-0.219568,-0.143957,0.785643,19.751028,4644.000,0,0.139179,0.000000,0.198713,0.384795
tracking_cdrone3_20260820_202954_533_milestone4,milestone4,1787283074.913736820,raw,14,14,0,detected,6.537577,-2.821474,0.874984,0.181883,0.111597,-0.802049,0.813965,19.782928,4644.000,0,0.000000,0.000000,0.000000,0.000000
tracking_cdrone3_20260820_202954_533_milestone4,milestone4,1787283074.915111542,target_map,8,13,2,predicted,-2.664806,-6.037444,1.670413,-0.348908,-0.052301,0.092785,0.376892,12.287372,13792.000,1,1.460936,1.460936,0.661328,0.715234
tracking_cdrone3_20260820_202954_533_milestone4,milestone4,1787283074.915111542,target_map,9,12,2,predicted,12.455915,-7.639534,2.067736,1.412040,-0.554129,0.249891,0.000000,19.416716,2400.000,0,4.726774,4.726774,1.804371,1.531694
tracking_cdrone3_20260820_202954_533_milestone4,milestone4,1787283074.915111542,target_map,10,14,0,detected,6.869792,-2.901237,1.035840,1.572125,-0.219568,-0.143957,0.765230,19.751028,4644.000,0,0.239492,0.000000,0.233822,0.409873
tracking_cdrone3_20260820_202954_533_milestone4,milestone4,1787283075.014807940,target_map,8,13,2,predicted,-2.699593,-6.042658,1.679664,-0.348908,-0.052301,0.092785,0.362093,12.287372,13792.000,1,1.560639,1.560639,0.696224,0.740160
tracking_cdrone3_20260820_202954_533_milestone4,milestone4,1787283075.014807940,target_map,9,12,2,predicted,12.596700,-7.694783,2.092651,1.412040,-0.554129,0.249891,0.000000,19.416716,2400.000,0,4.826477,4.826477,1.839267,1.556619
tracking_cdrone3_20260820_202954_533_milestone4,milestone4,1787283075.014807940,target_map,10,14,0,detected,6.613415,-2.824989,0.827470,0.807492,-0.037427,-0.505908,0.794853,19.782928,4644.000,0,0.093918,0.000000,0.182871,0.373479
tracking_cdrone3_20260820_202954_533_milestone4,milestone4,1787283075.115107536,target_map,8,13,2,predicted,-2.734585,-6.047904,1.688969,-0.348908,-0.052301,0.092785,0.347206,12.287372,13792.000,1,1.660929,1.660929,0.731325,0.765232
tracking_cdrone3_20260820_202954_533_milestone4,milestone4,1787283075.115107536,target_map,9,12,2,predicted,12.738314,-7.750356,2.117712,1.412040,-0.554129,0.249891,0.000000,19.416716,2400.000,0,4.926767,4.926767,1.874369,1.581692
tracking_cdrone3_20260820_202954_533_milestone4,milestone4,1787283075.115107536,target_map,10,14,0,detected,6.694398,-2.828743,0.776733,0.807492,-0.037427,-0.505908,0.774445,19.782928,4644.000,0,0.194208,0.000000,0.217973,0.398552
tracking_cdrone3_20260820_202954_533_milestone4,milestone4,1787283075.157700539,raw,14,14,0,detected,6.592913,-2.817311,0.748467,0.226794,0.017061,-0.518531,0.813965,19.832680,4644.000,0,0.000000,0.000000,0.000000,0.000000
tracking_cdrone3_20260820_202954_533_milestone4,milestone4,1787283075.215144634,target_map,8,13,2,predicted,-2.769493,-6.053136,1.698252,-0.348908,-0.052301,0.092785,0.332355,12.287372,13792.000,1,1.760978,1.760978,0.766342,0.790245
tracking_cdrone3_20260820_202954_533_milestone4,milestone4,1787283075.215144634,target_map,10,14,0,detected,6.617301,-2.817684,0.722842,0.488108,-0.007459,-0.512851,0.803797,19.832680,4644.000,0,0.049965,0.000000,0.167488,0.362491
tracking_cdrone3_20260820_202954_533_milestone4,milestone4,1787283075.314844370,target_map,8,13,2,predicted,-2.804277,-6.058351,1.707502,-0.348908,-0.052301,0.092785,0.317556,12.287372,13792.000,1,1.860672,1.860672,0.801235,0.815168
tracking_cdrone3_20260820_202954_533_milestone4,milestone4,1787283075.314844370,target_map,10,14,0,detected,6.665962,-2.818428,0.671714,0.488108,-0.007459,-0.512851,0.783511,19.832680,4644.000,0,0.149659,0.000000,0.202381,0.387415
tracking_cdrone3_20260820_202954_533_milestone4,milestone4,1787283075.413148165,raw,14,14,0,detected,6.572320,-2.790452,0.648470,-0.080624,0.105162,-0.391514,0.813965,19.806011,4644.000,1,0.000000,0.000000,0.000000,0.000000
tracking_cdrone3_20260820_202954_533_milestone4,milestone4,1787283075.414818525,target_map,8,13,2,predicted,-2.839160,-6.063580,1.716779,-0.348908,-0.052301,0.092785,0.302716,12.287372,13792.000,1,1.960650,1.960650,0.836227,0.840163
tracking_cdrone3_20260820_202954_533_milestone4,milestone4,1787283075.414818525,target_map,10,14,0,detected,6.714762,-2.819173,0.620440,0.488108,-0.007459,-0.512851,0.763166,19.832680,4644.000,0,0.249637,0.000000,0.237373,0.412409
tracking_cdrone3_20260820_202954_533_milestone4,milestone4,1787283075.515153170,target_map,8,13,2,predicted,-2.874162,-6.068826,1.726087,-0.348908,-0.052301,0.092785,0.287825,12.287372,13792.000,1,2.060971,2.060971,0.871340,0.865243
tracking_cdrone3_20260820_202954_533_milestone4,milestone4,1787283075.515153170,target_map,10,14,0,detected,6.589134,-2.785226,0.605684,0.175305,0.054483,-0.446115,0.794448,19.806011,4644.000,1,0.095909,0.000000,0.183568,0.373977
tracking_cdrone3_20260820_202954_533_milestone4,milestone4,1787283075.615168095,target_map,8,13,2,predicted,-2.909057,-6.074057,1.735367,-0.348908,-0.052301,0.092785,0.272979,12.287372,13792.000,1,2.160983,2.160983,0.906344,0.890246
tracking_cdrone3_20260820_202954_533_milestone4,milestone4,1787283075.615168095,target_map,10,14,0,detected,6.606666,-2.779778,0.561067,0.175305,0.054483,-0.446115,0.774097,19.806011,4644.000,1,0.195920,0.000000,0.218572,0.398980
tracking_cdrone3_20260820_202954_533_milestone4,milestone4,1787283075.648568153,raw,14,14,0,detected,6.483078,-2.806893,0.529526,-0.379072,-0.069838,-0.505232,0.813965,19.716398,4644.000,1,0.000000,0.000000,0.000000,0.000000
tracking_cdrone3_20260820_202954_533_milestone4,milestone4,1787283075.715115309,target_map,8,13,2,predicted,-2.943932,-6.079285,1.744641,-0.348908,-0.052301,0.092785,0.258142,12.287372,13792.000,1,2.260937,2.260937,0.941328,0.915234
tracking_cdrone3_20260820_202954_533_milestone4,milestone4,1787283075.715115309,target_map,10,14,0,detected,6.475082,-2.807750,0.499999,-0.129602,-0.013894,-0.478629,0.801411,19.716398,4644.000,1,0.061693,0.000000,0.171592,0.365423
tracking_cdrone3_20260820_202954_533_milestone4,milestone4,1787283075.815079927,target_map,8,13,2,predicted,-2.978813,-6.084514,1.753917,-0.348908,-0.052301,0.092785,0.243303,12.287372,13792.000,1,2.360908,2.360908,0.976318,0.940227
tracking_cdrone3_20260820_202954_533_milestone4,milestone4,1787283075.815079927,target_map,10,14,0,detected,6.462126,-2.809139,0.452149,-0.129602,-0.013894,-0.478629,0.781068,19.716398,4644.000,1,0.161664,0.000000,0.206582,0.390416
tracking_cdrone3_20260820_202954_533_milestone4,milestone4,1787283075.878391027,raw,14,14,0,detected,6.315304,-2.827389,0.442942,-0.730027,-0.089182,-0.376750,0.813965,19.550596,4644.000,1,0.000000,0.000000,0.000000,0.000000
tracking_cdrone3_20260820_202954_533_milestone4,milestone4,1787283075.915841818,target_map,8,13,2,predicted,-3.013967,-6.089783,1.763265,-0.348908,-0.052301,0.092785,0.228347,12.287372,13792.000,1,2.461662,2.461662,1.011582,0.965416
tracking_cdrone3_20260820_202954_533_milestone4,milestone4,1787283075.915841818,target_map,10,14,0,detected,6.301497,-2.829050,0.430253,-0.459836,-0.055302,-0.422596,0.807855,19.550596,4644.000,1,0.030027,0.000000,0.160509,0.357507
tracking_cdrone3_20260820_202954_533_milestone4,milestone4,1787283076.014892101,target_map,8,13,2,predicted,-3.048528,-6.094964,1.772456,-0.348908,-0.052301,0.092785,0.213644,12.287372,13792.000,1,2.560717,2.560717,1.046251,0.990179
tracking_cdrone3_20260820_202954_533_milestone4,milestone4,1787283076.014892101,target_map,10,14,0,detected,6.255948,-2.834527,0.388393,-0.459836,-0.055302,-0.422596,0.787698,19.550596,4644.000,1,0.129081,0.000000,0.195178,0.382270
tracking_cdrone3_20260820_202954_533_milestone4,milestone4,1787283076.115033150,target_map,8,13,2,predicted,-3.083465,-6.100201,1.781747,-0.348908,-0.052301,0.092785,0.198780,12.287372,13792.000,1,2.660851,2.660851,1.081298,1.015213
tracking_cdrone3_20260820_202954_533_milestone4,milestone4,1787283076.115033150,target_map,10,14,0,detected,6.209903,-2.840065,0.346077,-0.459836,-0.055302,-0.422596,0.767322,19.550596,4644.000,1,0.229215,0.000000,0.230225,0.407304
tracking_cdrone3_20260820_202954_533_milestone4,milestone4,1787283076.214778185,target_map,8,13,2,predicted,-3.118273,-6.105419,1.791003,-0.348908,-0.052301,0.092785,0.183972,12.287372,13792.000,1,2.760613,2.760613,1.116215,1.040153
tracking_cdrone3_20260820_202954_533_milestone4,milestone4,1787283076.214778185,target_map,10,14,2,predicted,6.164028,-2.845582,0.303918,-0.459836,-0.055302,-0.422596,0.747021,19.550596,4644.000,1,0.328977,0.328977,0.265142,0.432244
tracking_cdrone3_20260820_202954_533_milestone4,milestone4,1787283076.314814329,target_map,8,13,2,predicted,-3.153167,-6.110649,1.800283,-0.348908,-0.052301,0.092785,0.169127,12.287372,13792.000,1,2.860621,2.860621,1.151217,1.065155
tracking_cdrone3_20260820_202954_533_milestone4,milestone4,1787283076.314814329,target_map,10,14,2,predicted,6.118041,-2.851113,0.261655,-0.459836,-0.055302,-0.422596,0.726670,19.550596,4644.000,1,0.428985,0.428985,0.300145,0.457246
tracking_cdrone3_20260820_202954_533_milestone4,milestone4,1787283076.415065765,target_map,8,13,2,predicted,-3.188150,-6.115893,1.809586,-0.348908,-0.052301,0.092785,0.154243,12.287372,13792.000,1,2.960886,2.960886,1.186310,1.090222
tracking_cdrone3_20260820_202954_533_milestone4,milestone4,1787283076.415065765,target_map,10,14,2,predicted,6.071935,-2.856658,0.219283,-0.459836,-0.055302,-0.422596,0.706267,19.550596,4644.000,1,0.529251,0.529251,0.335238,0.482313
tracking_cdrone3_20260820_202954_533_milestone4,milestone4,1787283076.515137196,target_map,8,13,2,predicted,-3.223064,-6.121127,1.818870,-0.348908,-0.052301,0.092785,0.139390,12.287372,13792.000,1,3.060952,3.060952,1.221333,1.115238
tracking_cdrone3_20260820_202954_533_milestone4,milestone4,1787283076.515137196,target_map,10,14,2,predicted,6.025921,-2.862191,0.176996,-0.459836,-0.055302,-0.422596,0.685904,19.550596,4644.000,1,0.629317,0.629317,0.370261,0.507329
tracking_cdrone3_20260820_202954_533_milestone4,milestone4,1787283076.615036249,target_map,8,13,2,predicted,-3.257924,-6.126352,1.828141,-0.348908,-0.052301,0.092785,0.124559,12.287372,13792.000,1,3.160865,3.160865,1.256303,1.140216
tracking_cdrone3_20260820_202954_533_milestone4,milestone4,1787283076.615036249,target_map,10,14,2,predicted,5.979978,-2.867717,0.134773,-0.459836,-0.055302,-0.422596,0.665573,19.550596,4644.000,1,0.729229,0.729229,0.405230,0.532307
tracking_cdrone3_20260820_202954_533_milestone4,milestone4,1787283076.714987040,target_map,8,13,2,predicted,-3.292795,-6.131579,1.837414,-0.348908,-0.052301,0.092785,0.109724,12.287372,13792.000,1,3.260808,3.260808,1.291283,1.165202
tracking_cdrone3_20260820_202954_533_milestone4,milestone4,1787283076.714987040,target_map,10,14,2,predicted,5.934021,-2.873244,0.092538,-0.459836,-0.055302,-0.422596,0.645236,19.550596,4644.000,1,0.829172,0.829172,0.440210,0.557293
tracking_cdrone3_20260820_202954_533_milestone4,milestone4,1787283076.815530539,target_map,8,13,2,predicted,-3.327874,-6.136837,1.846742,-0.348908,-0.052301,0.092785,0.094800,12.287372,13792.000,1,3.361345,3.361345,1.326471,1.190336
tracking_cdrone3_20260820_202954_533_milestone4,milestone4,1787283076.815530539,target_map,10,14,2,predicted,5.887790,-2.878804,0.050051,-0.459836,-0.055302,-0.422596,0.624777,19.550596,4644.000,1,0.929709,0.929709,0.475398,0.582427
tracking_cdrone3_20260820_202954_533_milestone4,milestone4,1787283076.915496349,target_map,8,13,2,predicted,-3.362751,-6.142066,1.856017,-0.348908,-0.052301,0.092785,0.079962,12.287372,13792.000,1,3.461307,3.461307,1.361457,1.215327
tracking_cdrone3_20260820_202954_533_milestone4,milestone4,1787283076.915496349,target_map,10,14,2,predicted,5.841824,-2.884332,0.007807,-0.459836,-0.055302,-0.422596,0.604436,19.550596,4644.000,1,1.029671,1.029671,0.510385,0.607418
tracking_cdrone3_20260820_202954_533_milestone4,milestone4,1787283077.014897585,target_map,8,13,2,predicted,-3.397431,-6.147264,1.865240,-0.348908,-0.052301,0.092785,0.065208,12.287372,13792.000,1,3.560701,3.560701,1.396245,1.240175
tracking_cdrone3_20260820_202954_533_milestone4,milestone4,1787283077.014897585,target_map,10,14,2,predicted,5.796119,-2.889829,-0.034196,-0.459836,-0.055302,-0.422596,0.584210,19.550596,4644.000,1,1.129066,1.129066,0.545173,0.632266
tracking_cdrone3_20260820_202954_533_milestone4,milestone4,1787283077.115316868,target_map,8,13,2,predicted,-3.432477,-6.152518,1.874560,-0.348908,-0.052301,0.092785,0.050298,12.287372,13792.000,1,3.661147,3.661147,1.431402,1.265287
tracking_cdrone3_20260820_202954_533_milestone4,milestone4,1787283077.115316868,target_map,10,14,2,predicted,5.749930,-2.895384,-0.076644,-0.459836,-0.055302,-0.422596,0.563770,19.550596,4644.000,1,1.229512,1.229512,0.580329,0.657378
tracking_cdrone3_20260820_202954_533_milestone4,milestone4,1787283077.214815855,target_map,8,13,2,predicted,-3.467195,-6.157722,1.883792,-0.348908,-0.052301,0.092785,0.035528,12.287372,13792.000,1,3.760651,3.760651,1.466228,1.290163
tracking_cdrone3_20260820_202954_533_milestone4,milestone4,1787283077.214815855,target_map,10,14,2,predicted,5.704175,-2.900886,-0.118694,-0.459836,-0.055302,-0.422596,0.543522,19.550596,4644.000,1,1.329015,1.329015,0.615155,0.682254
tracking_cdrone3_20260820_202954_533_milestone4,milestone4,1787283077.315255642,target_map,8,13,2,predicted,-3.502243,-6.162976,1.893113,-0.348908,-0.052301,0.092785,0.020618,12.287372,13792.000,1,3.861103,3.861103,1.501386,1.315276
tracking_cdrone3_20260820_202954_533_milestone4,milestone4,1787283077.315255642,target_map,10,14,2,predicted,5.657983,-2.906441,-0.161145,-0.459836,-0.055302,-0.422596,0.523081,19.550596,4644.000,1,1.429467,1.429467,0.650314,0.707367
tracking_cdrone3_20260820_202954_533_milestone4,milestone4,1787283077.414810896,target_map,8,13,2,predicted,-3.536973,-6.168182,1.902348,-0.348908,-0.052301,0.092785,0.005842,12.287372,13792.000,1,3.960641,3.960641,1.536224,1.340160
tracking_cdrone3_20260820_202954_533_milestone4,milestone4,1787283077.414810896,target_map,10,14,2,predicted,5.612212,-2.911946,-0.203209,-0.459836,-0.055302,-0.422596,0.502826,19.550596,4644.000,1,1.529006,1.529006,0.685152,0.732251
tracking_cdrone3_20260820_202954_533_milestone4,milestone4,1787283077.515208483,target_map,8,13,2,predicted,-3.571997,-6.173432,1.911662,-0.348908,-0.052301,0.092785,0.000000,12.287372,13792.000,1,4.061022,4.061022,1.571358,1.365256
tracking_cdrone3_20260820_202954_533_milestone4,milestone4,1787283077.515208483,target_map,10,14,2,predicted,5.566053,-2.917497,-0.245630,-0.459836,-0.055302,-0.422596,0.482399,19.550596,4644.000,1,1.629387,1.629387,0.720285,0.757347
tracking_cdrone3_20260820_202954_533_milestone4,milestone4,1787283077.615164995,target_map,8,13,2,predicted,-3.606863,-6.178658,1.920934,-0.348908,-0.052301,0.092785,0.000000,12.287372,13792.000,1,4.160951,4.160951,1.606333,1.390238
tracking_cdrone3_20260820_202954_533_milestone4,milestone4,1787283077.615164995,target_map,10,14,2,predicted,5.520103,-2.923024,-0.287859,-0.459836,-0.055302,-0.422596,0.462064,19.550596,4644.000,1,1.729315,1.729315,0.755260,0.782329
tracking_cdrone3_20260820_202954_533_milestone4,milestone4,1787283077.715665102,target_map,8,13,2,predicted,-3.641923,-6.183914,1.930258,-0.348908,-0.052301,0.092785,0.000000,12.287372,13792.000,1,4.261437,4.261437,1.641503,1.415359
tracking_cdrone3_20260820_202954_533_milestone4,milestone4,1787283077.715665102,target_map,10,14,2,predicted,5.473896,-2.928581,-0.330325,-0.459836,-0.055302,-0.422596,0.441616,19.550596,4644.000,1,1.829802,1.829802,0.790431,0.807450
tracking_cdrone3_20260820_202954_533_milestone4,milestone4,1787283077.814857006,target_map,8,13,2,predicted,-3.676552,-6.189105,1.939466,-0.348908,-0.052301,0.092785,0.000000,12.287372,13792.000,1,4.360686,4.360686,1.676240,1.440171
tracking_cdrone3_20260820_202954_533_milestone4,milestone4,1787283077.814857006,target_map,10,14,2,predicted,5.428257,-2.934069,-0.372266,-0.459836,-0.055302,-0.422596,0.421420,19.550596,4644.000,1,1.929050,1.929050,0.825168,0.832263
tracking_cdrone3_20260820_202954_533_milestone4,milestone4,1787283077.914787531,target_map,8,13,2,predicted,-3.711420,-6.194331,1.948739,-0.348908,-0.052301,0.092785,0.000000,12.287372,13792.000,1,4.460620,4.460620,1.711217,1.465155
tracking_cdrone3_20260820_202954_533_milestone4,milestone4,1787283077.914787531,target_map,10,14,2,predicted,5.382304,-2.939596,-0.414498,-0.459836,-0.055302,-0.422596,0.401084,19.550596,4644.000,1,2.028985,2.028985,0.860145,0.857246
tracking_cdrone3_20260820_202954_533_milestone4,milestone4,1787283078.015153408,target_map,8,13,2,predicted,-3.746430,-6.199579,1.958049,-0.348908,-0.052301,0.092785,0.000000,12.287372,13792.000,1,4.560964,4.560964,1.746337,1.490241
tracking_cdrone3_20260820_202954_533_milestone4,milestone4,1787283078.015153408,target_map,10,14,2,predicted,5.336163,-2.945145,-0.456903,-0.459836,-0.055302,-0.422596,0.380665,19.550596,4644.000,1,2.129328,2.129328,0.895265,0.882332
tracking_cdrone3_20260820_202954_533_milestone4,milestone4,1787283078.115188122,target_map,8,13,2,predicted,-3.781334,-6.204812,1.967331,-0.348908,-0.052301,0.092785,0.000000,12.287372,13792.000,1,4.661001,4.661001,1.781350,1.515250
tracking_cdrone3_20260820_202954_533_milestone4,milestone4,1787283078.115188122,target_map,10,14,2,predicted,5.290162,-2.950678,-0.499179,-0.459836,-0.055302,-0.422596,0.360309,19.550596,4644.000,1,2.229366,2.229366,0.930278,0.907341
tracking_cdrone3_20260820_202954_533_milestone4,milestone4,1787283078.215353251,target_map,8,13,2,predicted,-3.816284,-6.210051,1.976626,-0.348908,-0.052301,0.092785,0.000000,12.287372,13792.000,1,4.761170,4.761170,1.816410,1.540293
tracking_cdrone3_20260820_202954_533_milestone4,milestone4,1787283078.215353251,target_map,10,14,2,predicted,5.244100,-2.956217,-0.541510,-0.459836,-0.055302,-0.422596,0.339925,19.550596,4644.000,1,2.329535,2.329535,0.965337,0.932384
tracking_cdrone3_20260820_202954_533_milestone4,milestone4,1787283078.315521717,target_map,8,13,2,predicted,-3.851224,-6.215288,1.985917,-0.348908,-0.052301,0.092785,0.000000,12.287372,13792.000,1,4.861311,4.861311,1.851459,1.565328
tracking_cdrone3_20260820_202954_533_milestone4,milestone4,1787283078.315521717,target_map,10,14,2,predicted,5.198052,-2.961755,-0.583829,-0.459836,-0.055302,-0.422596,0.319547,19.550596,4644.000,1,2.429676,2.429676,1.000386,0.957419
tracking_cdrone3_20260820_202954_533_milestone4,milestone4,1787283078.414804459,target_map,8,13,2,predicted,-3.885879,-6.220483,1.995133,-0.348908,-0.052301,0.092785,0.000000,12.287372,13792.000,1,4.960636,4.960636,1.886223,1.590159
tracking_cdrone3_20260820_202954_533_milestone4,milestone4,1787283078.414804459,target_map,10,14,2,predicted,5.152379,-2.967248,-0.625803,-0.459836,-0.055302,-0.422596,0.299336,19.550596,4644.000,1,2.529000,2.529000,1.035150,0.982250
tracking_cdrone3_20260820_202954_533_milestone4,milestone4,1787283078.515116215,target_map,10,14,2,predicted,5.106257,-2.972795,-0.668190,-0.459836,-0.055302,-0.422596,0.278925,19.550596,4644.000,1,2.629302,2.629302,1.070256,1.007325
tracking_cdrone3_20260820_202954_533_milestone4,milestone4,1787283078.616287470,target_map,10,14,2,predicted,5.059731,-2.978390,-0.710948,-0.459836,-0.055302,-0.422596,0.258336,19.550596,4644.000,1,2.730482,2.730482,1.105669,1.032620
tracking_cdrone3_20260820_202954_533_milestone4,milestone4,1787283078.715553999,target_map,10,14,2,predicted,5.014091,-2.983879,-0.752892,-0.459836,-0.055302,-0.422596,0.238139,19.550596,4644.000,1,2.829734,2.829734,1.140407,1.057433
tracking_cdrone3_20260820_202954_533_milestone4,milestone4,1787283078.814718723,raw,15,15,0,detected,-12.151110,-0.958347,0.212483,0.000000,0.000000,0.000000,0.545898,1.034036,41029.000,0,0.000000,0.000000,0.000000,0.000000
tracking_cdrone3_20260820_202954_533_milestone4,milestone4,1787283078.815118790,target_map,10,14,2,predicted,4.968304,-2.989386,-0.794971,-0.459836,-0.055302,-0.422596,0.217877,19.550596,4644.000,1,2.929307,2.929307,1.175257,1.082327
tracking_cdrone3_20260820_202954_533_milestone4,milestone4,1787283078.915101051,target_map,10,14,2,predicted,4.922328,-2.994915,-0.837223,-0.459836,-0.055302,-0.422596,0.197531,19.550596,4644.000,1,3.029289,3.029289,1.210251,1.107322
tracking_cdrone3_20260820_202954_533_milestone4,milestone4,1787283078.915101051,target_map,11,15,0,detected,-12.151110,-0.958347,0.212483,0.000000,0.000000,0.000000,0.532748,1.034036,41029.000,0,0.096355,0.000000,0.183724,0.374089
tracking_cdrone3_20260820_202954_533_milestone4,milestone4,1787283079.015264034,target_map,10,14,2,predicted,4.876276,-3.000453,-0.879546,-0.459836,-0.055302,-0.422596,0.177151,19.550596,4644.000,1,3.129440,3.129440,1.245304,1.132360
tracking_cdrone3_20260820_202954_533_milestone4,milestone4,1787283079.015264034,target_map,11,15,0,detected,-12.151110,-0.958347,0.212483,0.000000,0.000000,0.000000,0.519080,1.034036,41029.000,0,0.196507,0.000000,0.218777,0.399127
tracking_cdrone3_20260820_202954_533_milestone4,milestone4,1787283079.048063278,raw,15,15,0,detected,-12.134165,-0.956859,0.215174,0.072616,0.006378,0.011532,0.446777,1.049384,37675.000,0,0.000000,0.000000,0.000000,0.000000
tracking_cdrone3_20260820_202954_533_milestone4,milestone4,1787283079.115149498,target_map,10,14,2,predicted,4.830342,-3.005978,-0.921760,-0.459836,-0.055302,-0.422596,0.156824,19.550596,4644.000,1,3.229331,3.229331,1.280266,1.157333
tracking_cdrone3_20260820_202954_533_milestone4,milestone4,1787283079.115149498,target_map,11,15,0,detected,-12.131598,-0.956633,0.215582,0.039939,0.003508,0.006343,0.439598,1.049384,37675.000,0,0.064273,0.000000,0.172495,0.366068
tracking_cdrone3_20260820_202954_533_milestone4,milestone4,1787283079.215004683,target_map,10,14,2,predicted,4.784422,-3.011500,-0.963960,-0.459836,-0.055302,-0.422596,0.136504,19.550596,4644.000,1,3.329191,3.329191,1.315217,1.182298
tracking_cdrone3_20260820_202954_533_milestone4,milestone4,1787283079.215004683,target_map,11,15,0,detected,-12.127609,-0.956283,0.216215,0.039939,0.003508,0.006343,0.428445,1.049384,37675.000,0,0.164133,0.000000,0.207446,0.391033
tracking_cdrone3_20260820_202954_533_milestone4,milestone4,1787283079.281112194,raw,15,15,0,detected,-12.125678,-0.955736,0.210996,0.036419,0.004816,-0.017929,0.446777,1.056561,37675.000,0,0.000000,0.000000,0.000000,0.000000
tracking_cdrone3_20260820_202954_533_milestone4,milestone4,1787283079.315121651,target_map,10,14,2,predicted,4.738383,-3.017037,-1.006271,-0.459836,-0.055302,-0.422596,0.116130,19.550596,4644.000,1,3.429312,3.429312,1.350259,1.207328
tracking_cdrone3_20260820_202954_533_milestone4,milestone4,1787283079.315121651,target_map,11,15,0,detected,-12.124516,-0.955607,0.210782,0.038003,0.004228,-0.007007,0.443364,1.056561,37675.000,0,0.030562,0.000000,0.160697,0.357640
tracking_cdrone3_20260820_202954_533_milestone4,milestone4,1787283079.415266991,target_map,10,14,2,predicted,4.692340,-3.022574,-1.048585,-0.459836,-0.055302,-0.422596,0.095754,19.550596,4644.000,1,3.529442,3.529442,1.385305,1.232360
tracking_cdrone3_20260820_202954_533_milestone4,milestone4,1787283079.415266991,target_map,11,15,0,detected,-12.120711,-0.955184,0.210080,0.038003,0.004228,-0.007007,0.432180,1.056561,37675.000,0,0.130691,0.000000,0.195742,0.382673
tracking_cdrone3_20260820_202954_533_milestone4,milestone4,1787283079.515627861,target_map,10,14,2,predicted,4.646189,-3.028125,-1.090999,-0.459836,-0.055302,-0.422596,0.075331,19.550596,4644.000,1,3.629805,3.629805,1.420432,1.257451
tracking_cdrone3_20260820_202954_533_milestone4,milestone4,1787283079.515627861,target_map,11,15,0,detected,-12.116898,-0.954759,0.209377,0.038003,0.004228,-0.007007,0.420970,1.056561,37675.000,0,0.231055,0.000000,0.230869,0.407764
tracking_cdrone3_20260820_202954_533_milestone4,milestone4,1787283079.523359776,raw,15,15,0,detected,-12.107816,-0.963609,0.212919,0.073737,-0.032500,0.007937,0.446777,1.076384,37675.000,0,0.000000,0.000000,0.000000,0.000000
tracking_cdrone3_20260820_202954_533_milestone4,milestone4,1787283079.615089178,target_map,10,14,2,predicted,4.600447,-3.033626,-1.133036,-0.459836,-0.055302,-0.422596,0.055089,19.550596,4644.000,1,3.729280,3.729280,1.455248,1.282320
tracking_cdrone3_20260820_202954_533_milestone4,milestone4,1787283079.615089178,target_map,11,15,0,detected,-12.102874,-0.964978,0.213023,0.057656,-0.015973,0.001213,0.437204,1.076384,37675.000,0,0.085712,0.000000,0.179999,0.371428
tracking_cdrone3_20260820_202954_533_milestone4,milestone4,1787283079.715730906,target_map,10,14,2,predicted,4.554313,-3.039174,-1.175435,-0.459836,-0.055302,-0.422596,0.034673,19.550596,4644.000,1,3.829609,3.829609,1.490363,1.307402
tracking_cdrone3_20260820_202954_533_milestone4,milestone4,1787283079.715730906,target_map,11,15,0,detected,-12.097090,-0.966580,0.213144,0.057656,-0.015973,0.001213,0.425998,1.076384,37675.000,0,0.186041,0.000000,0.215114,0.396510
tracking_cdrone3_20260820_202954_533_milestone4,milestone4,1787283079.775811434,raw,15,15,0,detected,-12.084512,-0.998754,0.218909,0.092313,-0.139218,0.023730,0.457031,1.111695,46246.500,0,0.000000,0.000000,0.000000,0.000000
tracking_cdrone3_20260820_202954_533_milestone4,milestone4,1787283079.815009594,target_map,10,14,2,predicted,4.508515,-3.044682,-1.217524,-0.459836,-0.055302,-0.422596,0.014406,19.550596,4644.000,1,3.929205,3.929205,1.525222,1.332301
tracking_cdrone3_20260820_202954_533_milestone4,milestone4,1787283079.815009594,target_map,11,15,0,detected,-12.081712,-1.001811,0.219406,0.076717,-0.083758,0.013597,0.452861,1.111695,46246.500,0,0.036495,0.000000,0.162773,0.359124
tracking_cdrone3_20260820_202954_533_milestone4,milestone4,1787283079.914815903,target_map,10,14,2,predicted,4.462621,-3.050202,-1.259701,-0.459836,-0.055302,-0.422596,0.000000,19.550596,4644.000,1,4.029010,4.029010,1.560153,1.357252
tracking_cdrone3_20260820_202954_533_milestone4,milestone4,1787283079.914815903,target_map,11,15,0,detected,-12.074056,-1.010170,0.220763,0.076717,-0.083758,0.013597,0.441458,1.111695,46246.500,0,0.136300,0.000000,0.197705,0.384075
tracking_cdrone3_20260820_202954_533_milestone4,milestone4,1787283080.015116215,target_map,10,14,2,predicted,4.416505,-3.055748,-1.302082,-0.459836,-0.055302,-0.422596,0.000000,19.550596,4644.000,1,4.129298,4.129298,1.595254,1.382324
tracking_cdrone3_20260820_202954_533_milestone4,milestone4,1787283080.015116215,target_map,11,15,0,detected,-12.066361,-1.018570,0.222126,0.076717,-0.083758,0.013597,0.429999,1.111695,46246.500,0,0.236588,0.000000,0.232806,0.409147
tracking_cdrone3_20260820_202954_533_milestone4,milestone4,1787283080.029232264,raw,15,15,0,detected,-12.023505,-1.030709,0.229948,0.240729,-0.126094,0.043557,0.457031,1.181048,46246.500,0,0.000000,0.000000,0.000000,0.000000
tracking_cdrone3_20260820_202954_533_milestone4,milestone4,1787283080.115174770,target_map,10,14,2,predicted,4.370493,-3.061281,-1.344367,-0.459836,-0.055302,-0.422596,0.000000,19.550596,4644.000,1,4.229358,4.229358,1.630275,1.407340
tracking_cdrone3_20260820_202954_533_milestone4,milestone4,1787283080.115174770,target_map,11,15,0,detected,-12.010456,-1.039078,0.232299,0.166924,-0.107042,0.030075,0.448099,1.181048,46246.500,0,0.078176,0.000000,0.177362,0.369544
tracking_cdrone3_20260820_202954_533_milestone4,milestone4,1787283080.215279579,target_map,10,14,2,predicted,4.324469,-3.066816,-1.386665,-0.459836,-0.055302,-0.422596,0.000000,19.550596,4644.000,1,4.329448,4.329448,1.665307,1.432362
tracking_cdrone3_20260820_202954_533_milestone4,milestone4,1787283080.215279579,target_map,11,15,0,detected,-11.993749,-1.049791,0.235309,0.166924,-0.107042,0.030075,0.436663,1.181048,46246.500,0,0.178265,0.000000,0.212393,0.394566
tracking_cdrone3_20260820_202954_533_milestone4,milestone4,1787283080.280578375,raw,15,15,0,detected,-11.971473,-1.059694,0.238379,0.207004,-0.115309,0.033541,0.457031,1.240613,46246.500,0,0.000000,0.000000,0.000000,0.000000
tracking_cdrone3_20260820_202954_533_milestone4,milestone4,1787283080.314817667,target_map,10,14,2,predicted,4.278685,-3.072323,-1.428741,-0.459836,-0.055302,-0.422596,0.000000,19.550596,4644.000,1,4.429014,4.429014,1.700155,1.457253
tracking_cdrone3_20260820_202954_533_milestone4,milestone4,1787283080.314817667,target_map,11,15,0,detected,-11.965546,-1.063194,0.239382,0.188968,-0.111589,0.031982,0.453448,1.240613,46246.500,0,0.031365,0.000000,0.160978,0.357841
tracking_cdrone3_20260820_202954_533_milestone4,milestone4,1787283080.415062189,target_map,10,14,2,predicted,4.232594,-3.077866,-1.471099,-0.459836,-0.055302,-0.422596,0.000000,19.550596,4644.000,1,4.529247,4.529247,1.735236,1.482312
tracking_cdrone3_20260820_202954_533_milestone4,milestone4,1787283080.415062189,target_map,11,15,0,detected,-11.946605,-1.074379,0.242588,0.188968,-0.111589,0.031982,0.441995,1.240613,46246.500,0,0.131598,0.000000,0.196059,0.382900
tracking_cdrone3_20260820_202954_533_milestone4,milestone4,1787283080.515267611,target_map,10,14,2,predicted,4.186531,-3.083405,-1.513432,-0.459836,-0.055302,-0.422596,0.000000,19.550596,4644.000,1,4.629421,4.629421,1.770297,1.507355
tracking_cdrone3_20260820_202954_533_milestone4,milestone4,1787283080.515267611,target_map,11,15,0,detected,-11.927675,-1.085557,0.245791,0.188968,-0.111589,0.031982,0.430549,1.240613,46246.500,0,0.231772,0.000000,0.231120,0.407943
tracking_cdrone3_20260820_202954_533_milestone4,milestone4,1787283080.615080595,target_map,10,14,2,predicted,4.140617,-3.088927,-1.555627,-0.459836,-0.055302,-0.422596,0.000000,19.550596,4644.000,1,4.729269,4.729269,1.805244,1.532317
tracking_cdrone3_20260820_202954_533_milestone4,milestone4,1787283080.615080595,target_map,11,15,2,predicted,-11.908807,-1.096699,0.248985,0.188968,-0.111589,0.031982,0.419141,1.240613,46246.500,0,0.331620,0.331620,0.266067,0.432905
tracking_cdrone3_20260820_202954_533_milestone4,milestone4,1787283080.715609789,target_map,10,14,2,predicted,4.094398,-3.094486,-1.598103,-0.459836,-0.055302,-0.422596,0.000000,19.550596,4644.000,1,4.829779,4.829779,1.840423,1.557445
tracking_cdrone3_20260820_202954_533_milestone4,milestone4,1787283080.715609789,target_map,11,15,2,predicted,-11.889813,-1.107915,0.252199,0.188968,-0.111589,0.031982,0.407657,1.240613,46246.500,0,0.432131,0.432131,0.301246,0.458033
tracking_cdrone3_20260820_202954_533_milestone4,milestone4,1787283080.817296982,target_map,10,14,2,predicted,4.047627,-3.100111,-1.641087,-0.459836,-0.055302,-0.422596,0.000000,19.550596,4644.000,1,4.931493,4.931493,1.876023,1.582873
tracking_cdrone3_20260820_202954_533_milestone4,milestone4,1787283080.817296982,target_map,11,15,2,predicted,-11.870593,-1.119265,0.255452,0.188968,-0.111589,0.031982,0.396035,1.240613,46246.500,0,0.533845,0.533845,0.336846,0.483461
tracking_cdrone3_20260820_202954_533_milestone4,milestone4,1787283080.914847851,target_map,11,15,2,predicted,-11.852160,-1.130150,0.258572,0.188968,-0.111589,0.031982,0.384890,1.240613,46246.500,0,0.631393,0.631393,0.370988,0.507848
tracking_cdrone3_20260820_202954_533_milestone4,milestone4,1787283081.014860630,target_map,11,15,2,predicted,-11.833261,-1.141310,0.261771,0.188968,-0.111589,0.031982,0.373462,1.240613,46246.500,0,0.731405,0.731405,0.405992,0.532851
tracking_cdrone3_20260820_202954_533_milestone4,milestone4,1787283081.016114235,raw,13,13,0,detected,-11.748285,-1.072300,0.239581,0.000000,0.000000,0.000000,0.740723,1.451072,20684.750,0,0.000000,0.000000,0.000000,0.000000
tracking_cdrone3_20260820_202954_533_milestone4,milestone4,1787283081.115049124,target_map,11,13,0,detected,-11.733945,-1.072133,0.239358,0.148159,0.001723,-0.002299,0.722799,1.451072,20684.750,0,0.096792,0.000000,0.183877,0.374198
tracking_cdrone3_20260820_202954_533_milestone4,milestone4,1787283081.214979410,target_map,11,13,0,detected,-11.719139,-1.071961,0.239129,0.148159,0.001723,-0.002299,0.704294,1.451072,20684.750,0,0.196720,0.000000,0.218852,0.399180
tracking_cdrone3_20260820_202954_533_milestone4,milestone4,1787283081.257920980,raw,13,13,0,detected,-11.714640,-1.082521,0.240691,0.139141,-0.042268,0.004589,0.740723,1.486079,20684.750,0,0.000000,0.000000,0.000000,0.000000
tracking_cdrone3_20260820_202954_533_milestone4,milestone4,1787283081.315001965,target_map,11,13,0,detected,-11.707618,-1.083623,0.240764,0.143199,-0.022472,0.001490,0.731642,1.486079,20684.750,0,0.049037,0.000000,0.167163,0.362259
tracking_cdrone3_20260820_202954_533_milestone4,milestone4,1787283081.415176392,target_map,11,13,0,detected,-11.693276,-1.085873,0.240913,0.143199,-0.022472,0.001490,0.713096,1.486079,20684.750,0,0.149188,0.000000,0.202216,0.387297
tracking_cdrone3_20260820_202954_533_milestone4,milestone4,1787283081.515242338,target_map,11,13,0,detected,-11.678946,-1.088122,0.241062,0.143199,-0.022472,0.001490,0.694564,1.486079,20684.750,0,0.249264,0.000000,0.237242,0.412316
tracking_cdrone3_20260820_202954_533_milestone4,milestone4,1787283081.519821882,raw,13,13,0,detected,3.277122,-6.039645,1.754080,57.243214,-18.927843,5.778592,0.795410,17.347450,24161.875,0,0.000000,0.000000,0.000000,0.000000
tracking_cdrone3_20260820_202954_533_milestone4,milestone4,1787283081.614958525,target_map,11,13,0,detected,3.647349,-6.161082,1.790942,4.222932,-1.385145,0.420462,0.777977,17.347450,24161.875,0,0.087671,0.000000,0.180685,0.371918
tracking_cdrone3_20260820_202954_533_milestone4,milestone4,1787283081.715128660,target_map,11,13,0,detected,4.070194,-6.299777,1.833043,4.222932,-1.385145,0.420462,0.758065,17.347450,24161.875,0,0.187801,0.000000,0.215730,0.396950
tracking_cdrone3_20260820_202954_533_milestone4,milestone4,1787283081.739944458,raw,13,13,0,detected,3.160192,-5.862788,1.723012,-0.531188,0.803421,-0.141133,0.795410,17.178831,24161.875,1,0.000000,0.000000,0.000000,0.000000
tracking_cdrone3_20260820_202954_533_milestone4,milestone4,1787283081.814821482,target_map,11,13,0,detected,3.263549,-5.874448,1.730184,1.608166,-0.181434,0.111585,0.782630,17.178831,24161.875,1,0.064270,0.000000,0.172495,0.366067
tracking_cdrone3_20260820_202954_533_milestone4,milestone4,1787283081.915475130,target_map,11,13,0,detected,3.425399,-5.892708,1.741414,1.608166,-0.181434,0.111585,0.762617,17.178831,24161.875,1,0.164913,0.000000,0.207719,0.391228
tracking_cdrone3_20260820_202954_533_milestone4,milestone4,1787283081.972136021,raw,13,13,0,detected,3.734064,-5.843698,1.696879,2.471457,0.082213,-0.112546,0.795410,17.714928,24161.875,0,0.000000,0.000000,0.000000,0.000000
tracking_cdrone3_20260820_202954_533_milestone4,milestone4,1787283082.015046358,target_map,11,13,0,detected,3.817046,-5.845149,1.696414,2.082976,-0.036428,-0.011687,0.787488,17.714928,24161.875,0,0.039838,0.000000,0.163943,0.359960
tracking_cdrone3_20260820_202954_533_milestone4,milestone4,1787283082.114896536,target_map,11,13,0,detected,4.024964,-5.848785,1.695247,2.082976,-0.036428,-0.011687,0.767639,17.714928,24161.875,0,0.139656,0.000000,0.198880,0.384914
tracking_cdrone3_20260820_202954_533_milestone4,milestone4,1787283082.214920759,target_map,11,13,0,detected,4.233369,-5.852430,1.694078,2.082976,-0.036428,-0.011687,0.747744,17.714928,24161.875,0,0.239708,0.000000,0.233898,0.409927
tracking_cdrone3_20260820_202954_533_milestone4,milestone4,1787283082.315151930,target_map,11,13,2,predicted,4.442110,-5.856081,1.692907,2.082976,-0.036428,-0.011687,0.727816,17.714928,24161.875,0,0.339920,0.339920,0.268972,0.434980
tracking_cdrone3_20260820_202954_533_milestone4,milestone4,1787283082.415179014,target_map,11,13,2,predicted,4.650480,-5.859725,1.691737,2.082976,-0.036428,-0.011687,0.707924,17.714928,24161.875,0,0.439955,0.439955,0.303984,0.459989
tracking_cdrone3_20260820_202954_533_milestone4,milestone4,1787283082.515209198,target_map,11,13,2,predicted,4.858832,-5.863369,1.690568,2.082976,-0.036428,-0.011687,0.688033,17.714928,24161.875,0,0.539981,0.539981,0.338993,0.484995
tracking_cdrone3_20260820_202954_533_milestone4,milestone4,1787283082.616436481,target_map,11,13,2,predicted,5.069686,-5.867056,1.689385,2.082976,-0.036428,-0.011687,0.667904,17.714928,24161.875,0,0.641209,0.641209,0.374423,0.510302
tracking_cdrone3_20260820_202954_533_milestone4,milestone4,1787283082.715099573,target_map,11,13,2,predicted,5.275218,-5.870650,1.688232,2.082976,-0.036428,-0.011687,0.648283,17.714928,24161.875,0,0.739881,0.739881,0.408958,0.534970
tracking_cdrone3_20260820_202954_533_milestone4,milestone4,1787283082.815232754,target_map,11,13,2,predicted,5.483779,-5.874298,1.687062,2.082976,-0.036428,-0.011687,0.628373,17.714928,24161.875,0,0.840008,0.840008,0.444003,0.560002
tracking_cdrone3_20260820_202954_533_milestone4,milestone4,1787283082.915123940,target_map,11,13,2,predicted,5.691862,-5.877937,1.685894,2.082976,-0.036428,-0.011687,0.608508,17.714928,24161.875,0,0.939904,0.939904,0.478966,0.584976
tracking_cdrone3_20260820_202954_533_milestone4,milestone4,1787283083.014990568,target_map,11,13,2,predicted,5.899885,-5.881575,1.684727,2.082976,-0.036428,-0.011687,0.588649,17.714928,24161.875,0,1.039773,1.039773,0.513920,0.609943
tracking_cdrone3_20260820_202954_533_milestone4,milestone4,1787283083.115408182,target_map,11,13,2,predicted,6.109066,-5.885233,1.683554,2.082976,-0.036428,-0.011687,0.568679,17.714928,24161.875,0,1.140197,1.140197,0.549069,0.635049
tracking_cdrone3_20260820_202954_533_milestone4,milestone4,1787283083.215151548,target_map,11,13,2,predicted,6.316789,-5.888866,1.682388,2.082976,-0.036428,-0.011687,0.548849,17.714928,24161.875,0,1.239921,1.239921,0.583972,0.659980
tracking_cdrone3_20260820_202954_533_milestone4,milestone4,1787283083.315215349,target_map,11,13,2,predicted,6.525217,-5.892511,1.681219,2.082976,-0.036428,-0.011687,0.528951,17.714928,24161.875,0,1.339983,1.339983,0.618994,0.684996
tracking_cdrone3_20260820_202954_533_milestone4,milestone4,1787283083.414952040,target_map,11,13,2,predicted,6.733011,-5.896145,1.680053,2.082976,-0.036428,-0.011687,0.509114,17.714928,24161.875,0,1.439742,1.439742,0.653910,0.709935
tracking_cdrone3_20260820_202954_533_milestone4,milestone4,1787283083.515035868,target_map,11,13,2,predicted,6.941466,-5.899791,1.678883,2.082976,-0.036428,-0.011687,0.489214,17.714928,24161.875,0,1.539817,1.539817,0.688936,0.734954
tracking_cdrone3_20260820_202954_533_milestone4,milestone4,1787283083.617305517,target_map,11,13,2,predicted,7.154502,-5.903516,1.677688,2.082976,-0.036428,-0.011687,0.468876,17.714928,24161.875,0,1.642092,1.642092,0.724732,0.760523
tracking_cdrone3_20260820_202954_533_milestone4,milestone4,1787283083.714769602,target_map,11,13,2,predicted,7.357524,-5.907067,1.676549,2.082976,-0.036428,-0.011687,0.449494,17.714928,24161.875,0,1.739560,1.739560,0.758846,0.784890
tracking_cdrone3_20260820_202954_533_milestone4,milestone4,1787283083.815117598,target_map,11,13,2,predicted,7.566518,-5.910722,1.675376,2.082976,-0.036428,-0.011687,0.429543,17.714928,24161.875,0,1.839894,1.839894,0.793963,0.809974
tracking_cdrone3_20260820_202954_533_milestone4,milestone4,1787283083.915201187,target_map,11,13,2,predicted,7.775015,-5.914368,1.674206,2.082976,-0.036428,-0.011687,0.409638,17.714928,24161.875,0,1.939990,1.939990,0.828996,0.834997
tracking_cdrone3_20260820_202954_533_milestone4,milestone4,1787283084.015065432,target_map,11,13,2,predicted,7.983008,-5.918006,1.673039,2.082976,-0.036428,-0.011687,0.389782,17.714928,24161.875,0,2.039843,2.039843,0.863945,0.859961
tracking_cdrone3_20260820_202954_533_milestone4,milestone4,1787283084.115011692,target_map,11,13,2,predicted,8.191202,-5.921647,1.671871,2.082976,-0.036428,-0.011687,0.369907,17.714928,24161.875,0,2.139794,2.139794,0.898928,0.884948
tracking_cdrone3_20260820_202954_533_milestone4,milestone4,1787283084.215207100,target_map,11,13,2,predicted,8.399900,-5.925297,1.670700,2.082976,-0.036428,-0.011687,0.349983,17.714928,24161.875,0,2.239986,2.239986,0.933995,0.909997
tracking_cdrone3_20260820_202954_533_milestone4,milestone4,1787283084.314860106,target_map,11,13,2,predicted,8.607504,-5.928927,1.669535,2.082976,-0.036428,-0.011687,0.330164,17.714928,24161.875,0,2.339653,2.339653,0.968878,0.934913
tracking_cdrone3_20260820_202954_533_milestone4,milestone4,1787283084.415070295,target_map,11,13,2,predicted,8.816195,-5.932577,1.668365,2.082976,-0.036428,-0.011687,0.310241,17.714928,24161.875,0,2.439842,2.439842,1.003945,0.959961
tracking_cdrone3_20260820_202954_533_milestone4,milestone4,1787283084.515080690,target_map,11,13,2,predicted,9.024542,-5.936221,1.667196,2.082976,-0.036428,-0.011687,0.290351,17.714928,24161.875,0,2.539865,2.539865,1.038953,0.984966
tracking_cdrone3_20260820_202954_533_milestone4,milestone4,1787283084.615150452,target_map,11,13,2,predicted,9.232955,-5.939866,1.666026,2.082976,-0.036428,-0.011687,0.270455,17.714928,24161.875,0,2.639921,2.639921,1.073972,1.009980
tracking_cdrone3_20260820_202954_533_milestone4,milestone4,1787283084.715014458,target_map,11,13,2,predicted,9.441011,-5.943504,1.664859,2.082976,-0.036428,-0.011687,0.250593,17.714928,24161.875,0,2.739805,2.739805,1.108932,1.034951
tracking_cdrone3_20260820_202954_533_milestone4,milestone4,1787283084.816146851,target_map,11,13,2,predicted,9.651662,-5.947188,1.663677,2.082976,-0.036428,-0.011687,0.230483,17.714928,24161.875,0,2.840935,2.840935,1.144327,1.060234
tracking_cdrone3_20260820_202954_533_milestone4,milestone4,1787283084.915085793,target_map,11,13,2,predicted,9.857722,-5.950792,1.662521,2.082976,-0.036428,-0.011687,0.210811,17.714928,24161.875,0,2.939861,2.939861,1.178951,1.084965
tracking_cdrone3_20260820_202954_533_milestone4,milestone4,1787283085.014981270,target_map,11,13,2,predicted,10.065830,-5.954431,1.661353,2.082976,-0.036428,-0.011687,0.190944,17.714928,24161.875,0,3.039769,3.039769,1.213919,1.109942
tracking_cdrone3_20260820_202954_533_milestone4,milestone4,1787283085.115139008,target_map,11,13,2,predicted,10.274424,-5.958079,1.660183,2.082976,-0.036428,-0.011687,0.171031,17.714928,24161.875,0,3.139912,3.139912,1.248969,1.134978
tracking_cdrone3_20260820_202954_533_milestone4,milestone4,1787283085.215237379,target_map,11,13,2,predicted,10.482881,-5.961725,1.659013,2.082976,-0.036428,-0.011687,0.151130,17.714928,24161.875,0,3.239988,3.239988,1.283996,1.159997
tracking_cdrone3_20260820_202954_533_milestone4,milestone4,1787283085.315447807,target_map,11,13,2,predicted,10.691633,-5.965375,1.657842,2.082976,-0.036428,-0.011687,0.131202,17.714928,24161.875,0,3.340207,3.340207,1.319072,1.185052
tracking_cdrone3_20260820_202954_533_milestone4,milestone4,1787283085.415093660,target_map,11,13,2,predicted,10.899260,-5.969007,1.656677,2.082976,-0.036428,-0.011687,0.111380,17.714928,24161.875,0,3.439884,3.439884,1.353959,1.209971
tracking_cdrone3_20260820_202954_533_milestone4,milestone4,1787283085.515156269,target_map,11,13,2,predicted,11.107654,-5.972651,1.655508,2.082976,-0.036428,-0.011687,0.091486,17.714928,24161.875,0,3.539931,3.539931,1.388976,1.234983
tracking_cdrone3_20260820_202954_533_milestone4,milestone4,1787283085.615201235,target_map,11,13,2,predicted,11.316045,-5.976295,1.654338,2.082976,-0.036428,-0.011687,0.071592,17.714928,24161.875,0,3.639976,3.639976,1.423991,1.259994
tracking_cdrone3_20260820_202954_533_milestone4,milestone4,1787283085.714778185,target_map,11,13,2,predicted,11.523494,-5.979924,1.653174,2.082976,-0.036428,-0.011687,0.051787,17.714928,24161.875,0,3.739568,3.739568,1.458849,1.284892
tracking_cdrone3_20260820_202954_533_milestone4,milestone4,1787283085.814893007,target_map,11,13,2,predicted,11.732030,-5.983571,1.652004,2.082976,-0.036428,-0.011687,0.031880,17.714928,24161.875,0,3.839683,3.839683,1.493889,1.309921
tracking_cdrone3_20260820_202954_533_milestone4,milestone4,1787283085.915732622,target_map,11,13,2,predicted,11.942076,-5.987244,1.650826,2.082976,-0.036428,-0.011687,0.011827,17.714928,24161.875,0,3.940522,3.940522,1.529183,1.335130
tracking_cdrone3_20260820_202954_533_milestone4,milestone4,1787283086.015163660,target_map,11,13,2,predicted,12.149194,-5.990866,1.649664,2.082976,-0.036428,-0.011687,0.000000,17.714928,24161.875,0,4.039956,4.039956,1.563985,1.359989
tracking_cdrone3_20260820_202954_533_milestone4,milestone4,1787283086.115076780,target_map,11,13,2,predicted,12.357296,-5.994505,1.648496,2.082976,-0.036428,-0.011687,0.000000,17.714928,24161.875,0,4.139862,4.139862,1.598952,1.384966
tracking_cdrone3_20260820_202954_533_milestone4,milestone4,1787283086.215114355,target_map,11,13,2,predicted,12.565665,-5.998149,1.647327,2.082976,-0.036428,-0.011687,0.000000,17.714928,24161.875,0,4.239897,4.239897,1.633964,1.409974
tracking_cdrone3_20260820_202954_533_milestone4,milestone4,1787283086.315299273,target_map,11,13,2,predicted,12.774351,-6.001799,1.646156,2.082976,-0.036428,-0.011687,0.000000,17.714928,24161.875,0,4.340083,4.340083,1.669029,1.435021
tracking_cdrone3_20260820_202954_533_milestone4,milestone4,1787283086.415728331,target_map,11,13,2,predicted,12.983559,-6.005458,1.644982,2.082976,-0.036428,-0.011687,0.000000,17.714928,24161.875,0,4.440520,4.440520,1.704182,1.460130
tracking_cdrone3_20260820_202954_533_milestone4,milestone4,1787283086.515166759,target_map,11,13,2,predicted,13.190645,-6.009079,1.643820,2.082976,-0.036428,-0.011687,0.000000,17.714928,24161.875,0,4.539938,4.539938,1.738978,1.484985
tracking_cdrone3_20260820_202954_533_milestone4,milestone4,1787283086.622473478,target_map,11,13,2,predicted,13.414174,-6.012989,1.642566,2.082976,-0.036428,-0.011687,0.000000,17.714928,24161.875,0,4.647250,4.647250,1.776538,1.511813
tracking_cdrone3_20260820_202954_533_milestone4,milestone4,1787283086.715189219,target_map,11,13,2,predicted,13.607306,-6.016366,1.641483,2.082976,-0.036428,-0.011687,0.000000,17.714928,24161.875,0,4.739969,4.739969,1.808989,1.534992
tracking_cdrone3_20260820_202954_533_milestone4,milestone4,1787283086.814885378,target_map,11,13,2,predicted,13.814994,-6.019999,1.640317,2.082976,-0.036428,-0.011687,0.000000,17.714928,24161.875,0,4.839677,4.839677,1.843887,1.559919
tracking_cdrone3_20260820_202954_533_milestone4,milestone4,1787283086.919095039,target_map,11,13,2,predicted,14.032026,-6.023794,1.639100,2.082976,-0.036428,-0.011687,0.000000,17.714928,24161.875,0,4.943871,4.943871,1.880355,1.585968
tracking_cdrone3_20260820_202954_533_milestone4,milestone4,1787283087.672659159,raw,17,17,0,detected,-0.030547,-5.908640,1.679928,0.000000,0.000000,0.000000,0.918457,14.208308,5428.750,0,0.000000,0.000000,0.000000,0.000000
tracking_cdrone3_20260820_202954_533_milestone4,milestone4,1787283087.715183973,target_map,12,17,0,detected,-0.030547,-5.908640,1.679928,0.000000,0.000000,0.000000,0.909270,14.208308,5428.750,0,0.040010,0.000000,0.164004,0.360003
tracking_cdrone3_20260820_202954_533_milestone4,milestone4,1787283087.815302849,target_map,12,17,0,detected,-0.030547,-5.908640,1.679928,0.000000,0.000000,0.000000,0.886282,14.208308,5428.750,0,0.140127,0.000000,0.199045,0.385032
tracking_cdrone3_20260820_202954_533_milestone4,milestone4,1787283087.915673256,target_map,12,17,0,detected,-0.030547,-5.908640,1.679928,0.000000,0.000000,0.000000,0.863237,14.208308,5428.750,0,0.240489,0.000000,0.234171,0.410122
tracking_cdrone3_20260820_202954_533_milestone4,milestone4,1787283087.923181772,raw,17,17,0,detected,0.187625,-5.995256,1.731656,0.870831,-0.345728,0.206470,0.918457,14.447540,5428.750,0,0.000000,0.000000,0.000000,0.000000
tracking_cdrone3_20260820_202954_533_milestone4,milestone4,1787283088.015079737,target_map,12,17,0,detected,0.230428,-6.012249,1.741804,0.478957,-0.190151,0.113558,0.897937,14.447540,5428.750,0,0.089367,0.000000,0.181278,0.372342
tracking_cdrone3_20260820_202954_533_milestone4,milestone4,1787283088.115262032,target_map,12,17,0,detected,0.278403,-6.031296,1.753178,0.478957,-0.190151,0.113558,0.874938,14.447540,5428.750,0,0.189532,0.000000,0.216336,0.397383
tracking_cdrone3_20260820_202954_533_milestone4,milestone4,1787283088.176762819,raw,17,17,0,detected,0.392741,-5.970384,1.773669,0.807912,0.097969,0.165484,0.918457,14.631650,5428.750,0,0.000000,0.000000,0.000000,0.000000
tracking_cdrone3_20260820_202954_533_milestone4,milestone4,1787283088.176762819,raw,18,18,0,detected,-8.442153,-1.986806,0.854813,0.000000,0.000000,0.000000,0.898926,4.929560,3804.750,0,0.000000,0.000000,0.000000,0.000000
tracking_cdrone3_20260820_202954_533_milestone4,milestone4,1787283088.215194464,target_map,12,17,0,detected,0.414479,-5.971427,1.778351,0.659882,-0.031685,0.142118,0.910893,14.631650,5428.750,0,0.032941,0.000000,0.161529,0.358235
tracking_cdrone3_20260820_202954_533_milestone4,milestone4,1787283088.215194464,target_map,13,18,0,detected,-8.442153,-1.986806,0.854813,0.000000,0.000000,0.000000,0.891523,4.929560,3804.750,0,0.032941,0.000000,0.161529,0.358235
tracking_cdrone3_20260820_202954_533_milestone4,milestone4,1787283088.315155983,target_map,12,17,0,detected,0.480442,-5.974595,1.792557,0.659882,-0.031685,0.142118,0.887940,14.631650,5428.750,0,0.132904,0.000000,0.196516,0.383226
tracking_cdrone3_20260820_202954_533_milestone4,milestone4,1787283088.315155983,target_map,13,18,0,detected,-8.442153,-1.986806,0.854813,0.000000,0.000000,0.000000,0.869058,4.929560,3804.750,0,0.132904,0.000000,0.196516,0.383226
tracking_cdrone3_20260820_202954_533_milestone4,milestone4,1787283088.415244579,target_map,12,17,0,detected,0.546479,-5.977766,1.806780,0.659882,-0.031685,0.142118,0.864962,14.631650,5428.750,0,0.232978,0.000000,0.231542,0.408244
tracking_cdrone3_20260820_202954_533_milestone4,milestone4,1787283088.415244579,target_map,13,18,0,detected,-8.442153,-1.986806,0.854813,0.000000,0.000000,0.000000,0.846568,4.929560,3804.750,0,0.232978,0.000000,0.231542,0.408244
tracking_cdrone3_20260820_202954_533_milestone4,milestone4,1787283088.429535389,raw,18,18,0,detected,5.393545,-5.696990,3.015003,54.803524,-14.696128,8.556562,0.829590,19.414274,2346.000,0,0.000000,0.000000,0.000000,0.000000
tracking_cdrone3_20260820_202954_533_milestone4,milestone4,1787283088.515035152,target_map,12,17,2,predicted,0.612341,-5.980928,1.820964,0.659882,-0.031685,0.142118,0.842045,14.631650,5428.750,0,0.332786,0.332786,0.266475,0.433196
tracking_cdrone3_20260820_202954_533_milestone4,milestone4,1787283088.515035152,target_map,13,18,0,detected,5.729802,-5.787161,3.067503,4.202334,-1.126899,0.656117,0.812995,19.414274,2346.000,0,0.080017,0.000000,0.178006,0.370004
tracking_cdrone3_20260820_202954_533_milestone4,milestone4,1787283088.615193605,target_map,12,17,2,predicted,0.678423,-5.984101,1.835196,0.659882,-0.031685,0.142118,0.819051,14.631650,5428.750,0,0.432928,0.432928,0.301525,0.458232
tracking_cdrone3_20260820_202954_533_milestone4,milestone4,1787283088.615193605,target_map,13,18,0,detected,6.150631,-5.900011,3.133208,4.202334,-1.126899,0.656117,0.792225,19.414274,2346.000,0,0.180159,0.000000,0.213056,0.395040
tracking_cdrone3_20260820_202954_533_milestone4,milestone4,1787283088.654383421,raw,18,18,0,detected,5.581731,-5.549604,3.120015,0.836966,0.655505,0.467044,0.829590,19.571459,2346.000,0,0.000000,0.000000,0.000000,0.000000
tracking_cdrone3_20260820_202954_533_milestone4,milestone4,1787283088.716091871,target_map,12,17,2,predicted,0.745016,-5.987298,1.849538,0.659882,-0.031685,0.142118,0.795879,14.631650,5428.750,0,0.533844,0.533844,0.336845,0.483461
tracking_cdrone3_20260820_202954_533_milestone4,milestone4,1787283088.716091871,target_map,13,18,0,detected,5.717083,-5.558041,3.151796,2.351382,-0.146577,0.552127,0.817652,19.571459,2346.000,0,0.057562,0.000000,0.170147,0.364391
tracking_cdrone3_20260820_202954_533_milestone4,milestone4,1787283088.814951658,target_map,12,17,2,predicted,0.810248,-5.990430,1.863587,0.659882,-0.031685,0.142118,0.773180,14.631650,5428.750,0,0.632699,0.632699,0.371445,0.508175
tracking_cdrone3_20260820_202954_533_milestone4,milestone4,1787283088.814951658,target_map,13,18,0,detected,5.949528,-5.572531,3.206377,2.351382,-0.146577,0.552127,0.797149,19.571459,2346.000,0,0.156417,0.000000,0.204746,0.389104
tracking_cdrone3_20260820_202954_533_milestone4,milestone4,1787283088.871953964,raw,18,18,0,detected,-13.081340,-0.573997,0.087488,-85.775551,22.867912,-13.937507,0.733887,0.020058,1607.750,1,0.000000,0.000000,0.000000,0.000000
tracking_cdrone3_20260820_202954_533_milestone4,milestone4,1787283088.915249586,target_map,12,17,2,predicted,0.876430,-5.993608,1.877841,0.659882,-0.031685,0.142118,0.750152,14.631650,5428.750,0,0.732992,0.732992,0.406547,0.533248
tracking_cdrone3_20260820_202954_533_milestone4,milestone4,1787283088.915249586,target_map,13,18,0,detected,-13.207022,-0.531844,0.070127,-3.141930,1.053781,-0.434001,0.726548,0.020058,1607.750,1,0.040001,0.000000,0.164000,0.360000
tracking_cdrone3_20260820_202954_533_milestone4,milestone4,1787283089.015229702,target_map,12,17,2,predicted,0.942400,-5.996776,1.892048,0.659882,-0.031685,0.142118,0.727196,14.631650,5428.750,0,0.832965,0.832965,0.441538,0.558241
tracking_cdrone3_20260820_202954_533_milestone4,milestone4,1787283089.015229702,target_map,13,18,0,detected,-13.521129,-0.426495,0.026739,-3.141930,1.053781,-0.434001,0.708205,0.020058,1607.750,1,0.139974,0.000000,0.198991,0.384994
tracking_cdrone3_20260820_202954_533_milestone4,milestone4,1787283089.088908195,raw,18,18,1,held,-13.320055,-0.510499,0.049916,-1.100088,0.292619,-0.173142,0.733887,0.229956,1607.750,1,0.216997,0.216997,0.000000,0.000000
tracking_cdrone3_20260820_202954_533_milestone4,milestone4,1787283089.115210772,target_map,12,17,2,predicted,1.008379,-5.999944,1.906258,0.659882,-0.031685,0.142118,0.704238,14.631650,5428.750,0,0.932951,0.932951,0.476533,0.583238
tracking_cdrone3_20260820_202954_533_milestone4,milestone4,1787283089.115210772,target_map,13,18,1,held,-13.367482,-0.495579,0.043091,-2.018917,0.635142,-0.290529,0.689764,0.229956,1607.750,1,0.240488,0.000000,0.158222,0.355873
tracking_cdrone3_20260820_202954_533_milestone4,milestone4,1787283089.215038300,target_map,12,17,2,predicted,1.074253,-6.003107,1.920445,0.659882,-0.031685,0.142118,0.681316,14.631650,5428.750,0,1.032778,1.032778,0.511472,0.608195
tracking_cdrone3_20260820_202954_533_milestone4,milestone4,1787283089.215038300,target_map,13,18,1,held,-13.569025,-0.432175,0.014089,-2.018917,0.635142,-0.290529,0.671448,0.229956,1607.750,1,0.340315,0.000000,0.193161,0.380830
tracking_cdrone3_20260820_202954_533_milestone4,milestone4,1787283089.315147877,target_map,12,17,2,predicted,1.140313,-6.006279,1.934672,0.659882,-0.031685,0.142118,0.658330,14.631650,5428.750,0,1.132886,1.132886,0.546510,0.633222
tracking_cdrone3_20260820_202954_533_milestone4,milestone4,1787283089.315147877,target_map,13,18,1,held,-13.771134,-0.368592,-0.014996,-2.018917,0.635142,-0.290529,0.653081,0.229956,1607.750,1,0.440423,0.000000,0.228199,0.405857
tracking_cdrone3_20260820_202954_533_milestone4,milestone4,1787283089.319301605,raw,18,18,0,detected,-13.092973,-0.571124,0.086277,0.985822,-0.263188,0.157852,0.430176,0.007591,1327.750,0,0.000000,0.000000,0.000000,0.000000
tracking_cdrone3_20260820_202954_533_milestone4,milestone4,1787283089.415205956,target_map,12,17,2,predicted,1.206328,-6.009449,1.948890,0.659882,-0.031685,0.142118,0.635360,14.631650,5428.750,0,1.232927,1.232927,0.581524,0.658232
tracking_cdrone3_20260820_202954_533_milestone4,milestone4,1787283089.415205956,target_map,13,18,0,detected,-13.127126,-0.557973,0.082183,-0.366310,0.141060,-0.043919,0.420149,0.007591,1327.750,0,0.093234,0.000000,0.182632,0.373309
tracking_cdrone3_20260820_202954_533_milestone4,milestone4,1787283089.515809536,target_map,12,17,2,predicted,1.272731,-6.012637,1.963191,0.659882,-0.031685,0.142118,0.612254,14.631650,5428.750,0,1.333555,1.333555,0.616744,0.683389
tracking_cdrone3_20260820_202954_533_milestone4,milestone4,1787283089.515809536,target_map,13,18,0,detected,-13.163987,-0.543778,0.077763,-0.366310,0.141060,-0.043919,0.409327,0.007591,1327.750,0,0.193863,0.000000,0.217852,0.398466
tracking_cdrone3_20260820_202954_533_milestone4,milestone4,1787283089.565776348,raw,18,18,0,detected,-13.090911,-0.571430,0.086058,0.008365,-0.001240,-0.000889,0.430176,0.010070,1327.750,0,0.000000,0.000000,0.000000,0.000000
tracking_cdrone3_20260820_202954_533_milestone4,milestone4,1787283089.615067482,target_map,12,17,2,predicted,1.338228,-6.015782,1.977297,0.659882,-0.031685,0.142118,0.589463,14.631650,5428.750,0,1.432812,1.432812,0.651484,0.708203
tracking_cdrone3_20260820_202954_533_milestone4,milestone4,1787283089.615067482,target_map,13,18,0,detected,-13.097851,-0.568710,0.085181,-0.160239,0.062795,-0.020253,0.425518,0.010070,1327.750,0,0.043309,0.000000,0.165158,0.360827
tracking_cdrone3_20260820_202954_533_milestone4,milestone4,1787283089.715118170,target_map,12,17,2,predicted,1.404247,-6.018952,1.991516,0.659882,-0.031685,0.142118,0.566491,14.631650,5428.750,0,1.532858,1.532858,0.686500,0.733215
tracking_cdrone3_20260820_202954_533_milestone4,milestone4,1787283089.715118170,target_map,13,18,0,detected,-13.113882,-0.562428,0.083155,-0.160239,0.062795,-0.020253,0.414759,0.010070,1327.750,0,0.143355,0.000000,0.200174,0.385839
tracking_cdrone3_20260820_202954_533_milestone4,milestone4,1787283089.815102339,target_map,12,17,2,predicted,1.470223,-6.022120,2.005725,0.659882,-0.031685,0.142118,0.543534,14.631650,5428.750,0,1.632839,1.632839,0.721494,0.758210
tracking_cdrone3_20260820_202954_533_milestone4,milestone4,1787283089.815102339,target_map,13,18,0,detected,-13.129903,-0.556150,0.081130,-0.160239,0.062795,-0.020253,0.404006,0.010070,1327.750,0,0.243336,0.000000,0.235168,0.410834
tracking_cdrone3_20260820_202954_533_milestone4,milestone4,1787283089.827367067,raw,18,18,1,held,-13.088422,-0.571495,0.085958,0.009514,-0.000250,-0.000384,0.430176,0.012703,1327.750,0,0.261592,0.261592,0.000000,0.000000
tracking_cdrone3_20260820_202954_533_milestone4,milestone4,1787283089.915103436,target_map,12,17,2,predicted,1.536214,-6.025288,2.019937,0.659882,-0.031685,0.142118,0.520571,14.631650,5428.750,0,1.732844,1.732844,0.756495,0.783211
tracking_cdrone3_20260820_202954_533_milestone4,milestone4,1787283089.915103436,target_map,13,18,1,held,-13.093357,-0.569420,0.085270,-0.066875,0.028120,-0.009325,0.394107,0.012703,1327.750,0,0.335386,0.000000,0.175828,0.368448
tracking_cdrone3_20260820_202954_533_milestone4,milestone4,1787283090.015195131,target_map,12,17,2,predicted,1.602262,-6.028460,2.034162,0.659882,-0.031685,0.142118,0.497589,14.631650,5428.750,0,1.832935,1.832935,0.791527,0.808234
tracking_cdrone3_20260820_202954_533_milestone4,milestone4,1787283090.015195131,target_map,13,18,1,held,-13.100050,-0.566606,0.084336,-0.066875,0.028120,-0.009325,0.383343,0.012703,1327.750,0,0.435476,0.000000,0.210859,0.393471
tracking_cdrone3_20260820_202954_533_milestone4,milestone4,1787283090.081702948,raw,18,18,0,detected,-13.081489,-0.572108,0.086154,0.027263,-0.002408,0.000773,0.430176,0.019460,1327.750,0,0.000000,0.000000,0.000000,0.000000
tracking_cdrone3_20260820_202954_533_milestone4,milestone4,1787283090.115612030,target_map,12,17,2,predicted,1.668514,-6.031641,2.048430,0.659882,-0.031685,0.142118,0.474536,14.631650,5428.750,0,1.933334,1.933334,0.826667,0.833334
tracking_cdrone3_20260820_202954_533_milestone4,milestone4,1787283090.115612030,target_map,13,18,0,detected,-13.081862,-0.571828,0.086061,-0.015099,0.011330,-0.003771,0.427515,0.019460,1327.750,0,0.024742,0.000000,0.158660,0.356186
tracking_cdrone3_20260820_202954_533_milestone4,milestone4,1787283090.215206146,target_map,12,17,2,predicted,1.734246,-6.034797,2.062587,0.659882,-0.031685,0.142118,0.451664,14.631650,5428.750,0,2.032945,2.032945,0.861531,0.858236
tracking_cdrone3_20260820_202954_533_milestone4,milestone4,1787283090.215206146,target_map,13,18,0,detected,-13.083366,-0.570699,0.085686,-0.015099,0.011330,-0.003771,0.416802,0.019460,1327.750,0,0.124353,0.000000,0.193524,0.381088
tracking_cdrone3_20260820_202954_533_milestone4,milestone4,1787283090.315284252,target_map,12,17,2,predicted,1.800276,-6.037967,2.076807,0.659882,-0.031685,0.142118,0.428688,14.631650,5428.750,0,2.133008,2.133008,0.896553,0.883252
tracking_cdrone3_20260820_202954_533_milestone4,milestone4,1787283090.315284252,target_map,13,18,0,detected,-13.084877,-0.569565,0.085308,-0.015099,0.011330,-0.003771,0.406041,0.019460,1327.750,0,0.224416,0.000000,0.228546,0.406104
tracking_cdrone3_20260820_202954_533_milestone4,milestone4,1787283090.378889799,raw,18,18,0,detected,6.313237,-2.749019,1.725173,65.259895,-7.324929,5.515013,0.430176,19.604515,1327.750,0,0.000000,0.000000,0.000000,0.000000
tracking_cdrone3_20260820_202954_533_milestone4,milestone4,1787283090.415402651,target_map,12,17,2,predicted,1.866326,-6.041139,2.091033,0.659882,-0.031685,0.142118,0.405705,14.631650,5428.750,0,2.233104,2.233104,0.931586,0.908276
tracking_cdrone3_20260820_202954_533_milestone4,milestone4,1787283090.415402651,target_map,13,18,0,detected,6.459193,-2.765256,1.737470,4.350410,-0.483965,0.366524,0.426568,19.604515,1327.750,0,0.033550,0.000000,0.161743,0.358388
tracking_cdrone3_20260820_202954_533_milestone4,milestone4,1787283090.515665770,target_map,12,17,2,predicted,1.932491,-6.044316,2.105283,0.659882,-0.031685,0.142118,0.382682,14.631650,5428.750,0,2.333371,2.333371,0.966680,0.933343
tracking_cdrone3_20260820_202954_533_milestone4,milestone4,1787283090.515665770,target_map,13,18,0,detected,6.895399,-2.813782,1.774220,4.350410,-0.483965,0.366524,0.415785,19.604515,1327.750,0,0.133818,0.000000,0.196836,0.383454
tracking_cdrone3_20260820_202954_533_milestone4,milestone4,1787283090.616338730,target_map,12,17,2,predicted,1.998947,-6.047507,2.119595,0.659882,-0.031685,0.142118,0.359558,14.631650,5428.750,0,2.434079,2.434079,1.001928,0.958520
tracking_cdrone3_20260820_202954_533_milestone4,milestone4,1787283090.616338730,target_map,13,18,0,detected,7.333519,-2.862521,1.811132,4.350410,-0.483965,0.366524,0.404954,19.604515,1327.750,0,0.234525,0.000000,0.232084,0.408631
tracking_cdrone3_20260820_202954_533_milestone4,milestone4,1787283090.642911196,raw,18,18,0,detected,6.388064,-2.492177,1.364397,0.283417,0.972818,-1.366480,0.430176,19.625446,1327.750,0,0.000000,0.000000,0.000000,0.000000
tracking_cdrone3_20260820_202954_533_milestone4,milestone4,1787283090.716030359,target_map,12,17,2,predicted,2.064735,-6.050665,2.133764,0.659882,-0.031685,0.142118,0.336666,14.631650,5428.750,0,2.533777,2.533777,1.036822,0.983444
tracking_cdrone3_20260820_202954_533_milestone4,milestone4,1787283090.716030359,target_map,13,18,0,detected,6.537227,-2.469787,1.322996,2.113564,0.317266,-0.586628,0.422586,19.625446,1327.750,0,0.070574,0.000000,0.174701,0.367644
tracking_cdrone3_20260820_202954_533_milestone4,milestone4,1787283090.815471888,target_map,12,17,2,predicted,2.130343,-6.053816,2.147893,0.659882,-0.031685,0.142118,0.313837,14.631650,5428.750,0,2.633201,2.633201,1.071620,1.008300
tracking_cdrone3_20260820_202954_533_milestone4,milestone4,1787283090.815471888,target_map,13,18,0,detected,6.747366,-2.438243,1.264672,2.113564,0.317266,-0.586628,0.411893,19.625446,1327.750,0,0.169998,0.000000,0.209499,0.392500
tracking_cdrone3_20260820_202954_533_milestone4,milestone4,1787283090.915250540,target_map,12,17,2,predicted,2.196192,-6.056978,2.162075,0.659882,-0.031685,0.142118,0.290924,14.631650,5428.750,0,2.732989,2.732989,1.106546,1.033247
tracking_cdrone3_20260820_202954_533_milestone4,milestone4,1787283090.915250540,target_map,13,18,2,predicted,6.958275,-2.406583,1.206133,2.113564,0.317266,-0.586628,0.401162,19.625446,1327.750,0,0.269787,0.269787,0.244425,0.417447
tracking_cdrone3_20260820_202954_533_milestone4,milestone4,1787283091.015192032,target_map,12,17,2,predicted,2.262141,-6.060144,2.176279,0.659882,-0.031685,0.142118,0.267976,14.631650,5428.750,0,2.832930,2.832930,1.141526,1.058233
tracking_cdrone3_20260820_202954_533_milestone4,milestone4,1787283091.015192032,target_map,13,18,2,predicted,7.169508,-2.374876,1.147505,2.113564,0.317266,-0.586628,0.390414,19.625446,1327.750,0,0.369728,0.369728,0.279405,0.442432
tracking_cdrone3_20260820_202954_533_milestone4,milestone4,1787283091.115118265,target_map,12,17,2,predicted,2.328084,-6.063311,2.190481,0.659882,-0.031685,0.142118,0.245030,14.631650,5428.750,0,2.932862,2.932862,1.176502,1.083215
tracking_cdrone3_20260820_202954_533_milestone4,milestone4,1787283091.115118265,target_map,13,18,2,predicted,7.380719,-2.343171,1.088882,2.113564,0.317266,-0.586628,0.379667,19.625446,1327.750,0,0.469659,0.469659,0.314381,0.467415
tracking_cdrone3_20260820_202954_533_milestone4,milestone4,1787283091.223470688,target_map,12,17,2,predicted,2.399578,-6.066743,2.205878,0.659882,-0.031685,0.142118,0.220153,14.631650,5428.750,0,3.041205,3.041205,1.214422,1.110301
tracking_cdrone3_20260820_202954_533_milestone4,milestone4,1787283091.223470688,target_map,13,18,2,predicted,7.609709,-2.308797,1.025325,2.113564,0.317266,-0.586628,0.368015,19.625446,1327.750,0,0.578002,0.578002,0.352301,0.494501
tracking_cdrone3_20260820_202954_533_milestone4,milestone4,1787283091.314747334,target_map,12,17,2,predicted,2.459820,-6.069636,2.218852,0.659882,-0.031685,0.142118,0.199191,14.631650,5428.750,0,3.132497,3.132497,1.246374,1.133124
tracking_cdrone3_20260820_202954_533_milestone4,milestone4,1787283091.314747334,target_map,13,18,2,predicted,7.802662,-2.279833,0.971770,2.113564,0.317266,-0.586628,0.358197,19.625446,1327.750,0,0.669295,0.669295,0.384253,0.517324
tracking_cdrone3_20260820_202954_533_milestone4,milestone4,1787283091.416982412,target_map,12,17,2,predicted,2.527130,-6.072868,2.233349,0.659882,-0.031685,0.142118,0.175770,14.631650,5428.750,0,3.234499,3.234499,1.282075,1.158625
tracking_cdrone3_20260820_202954_533_milestone4,milestone4,1787283091.416982412,target_map,13,18,2,predicted,8.018250,-2.247471,0.911933,2.113564,0.317266,-0.586628,0.347227,19.625446,1327.750,0,0.771297,0.771297,0.419954,0.542824
tracking_cdrone3_20260820_202954_533_milestone4,milestone4,1787283091.515130758,target_map,12,17,2,predicted,2.592041,-6.075984,2.247329,0.659882,-0.031685,0.142118,0.153183,14.631650,5428.750,0,3.332868,3.332868,1.316504,1.183217
tracking_cdrone3_20260820_202954_533_milestone4,milestone4,1787283091.515130758,target_map,13,18,2,predicted,8.226157,-2.216262,0.854227,2.113564,0.317266,-0.586628,0.336649,19.625446,1327.750,0,0.869665,0.869665,0.454383,0.567416
tracking_cdrone3_20260820_202954_533_milestone4,milestone4,1787283091.615123510,target_map,12,17,2,predicted,2.658027,-6.079153,2.261540,0.659882,-0.031685,0.142118,0.130223,14.631650,5428.750,0,3.432864,3.432864,1.351502,1.208216
tracking_cdrone3_20260820_202954_533_milestone4,milestone4,1787283091.615123510,target_map,13,18,2,predicted,8.437506,-2.184537,0.795566,2.113564,0.317266,-0.586628,0.325895,19.625446,1327.750,0,0.969662,0.969662,0.489382,0.592415
tracking_cdrone3_20260820_202954_533_milestone4,milestone4,1787283091.716322184,target_map,12,17,2,predicted,2.724645,-6.082352,2.275887,0.659882,-0.031685,0.142118,0.107042,14.631650,5428.750,0,3.533819,3.533819,1.386837,1.233455
tracking_cdrone3_20260820_202954_533_milestone4,milestone4,1787283091.716322184,target_map,13,18,2,predicted,8.650880,-2.152508,0.736343,2.113564,0.317266,-0.586628,0.315037,19.625446,1327.750,0,1.070616,1.070616,0.524716,0.617654
tracking_cdrone3_20260820_202954_533_milestone4,milestone4,1787283091.814892054,target_map,12,17,2,predicted,2.789857,-6.085483,2.289932,0.659882,-0.031685,0.142118,0.084350,14.631650,5428.750,0,3.632643,3.632643,1.421425,1.258161
tracking_cdrone3_20260820_202954_533_milestone4,milestone4,1787283091.814892054,target_map,13,18,2,predicted,8.859752,-2.121154,0.678370,2.113564,0.317266,-0.586628,0.304410,19.625446,1327.750,0,1.169441,1.169441,0.559304,0.642360
tracking_cdrone3_20260820_202954_533_milestone4,milestone4,1787283091.915060520,target_map,12,17,2,predicted,2.855955,-6.088656,2.304167,0.659882,-0.031685,0.142118,0.061351,14.631650,5428.750,0,3.732808,3.732808,1.456483,1.283202
tracking_cdrone3_20260820_202954_533_milestone4,milestone4,1787283091.915060520,target_map,13,18,2,predicted,9.071458,-2.089375,0.619610,2.113564,0.317266,-0.586628,0.293637,19.625446,1327.750,0,1.269606,1.269606,0.594362,0.667402
tracking_cdrone3_20260820_202954_533_milestone4,milestone4,1787283092.016268969,target_map,12,17,2,predicted,2.922734,-6.091863,2.318549,0.659882,-0.031685,0.142118,0.038114,14.631650,5428.750,0,3.834007,3.834007,1.491902,1.308502
tracking_cdrone3_20260820_202954_533_milestone4,milestone4,1787283092.016268969,target_map,13,18,2,predicted,9.285347,-2.057268,0.560245,2.113564,0.317266,-0.586628,0.282754,19.625446,1327.750,0,1.370805,1.370805,0.629782,0.692701
tracking_cdrone3_20260820_202954_533_milestone4,milestone4,1787283092.115180731,target_map,12,17,2,predicted,2.988003,-6.094997,2.332606,0.659882,-0.031685,0.142118,0.015403,14.631650,5428.750,0,3.932918,3.932918,1.526521,1.333229
tracking_cdrone3_20260820_202954_533_milestone4,milestone4,1787283092.115180731,target_map,13,18,2,predicted,9.494401,-2.025887,0.502221,2.113564,0.317266,-0.586628,0.272117,19.625446,1327.750,0,1.469715,1.469715,0.664400,0.717429
tracking_cdrone3_20260820_202954_533_milestone4,milestone4,1787283092.215601683,target_map,12,17,2,predicted,3.054277,-6.098179,2.346879,0.659882,-0.031685,0.142118,0.000000,14.631650,5428.750,0,4.033350,4.033350,1.561672,1.358337
tracking_cdrone3_20260820_202954_533_milestone4,milestone4,1787283092.215601683,target_map,13,18,2,predicted,9.706671,-1.994023,0.443304,2.113564,0.317266,-0.586628,0.261316,19.625446,1327.750,0,1.570148,1.570148,0.699552,0.742537
tracking_cdrone3_20260820_202954_533_milestone4,milestone4,1787283092.315422058,target_map,12,17,2,predicted,3.120140,-6.101342,2.361064,0.659882,-0.031685,0.142118,0.000000,14.631650,5428.750,0,4.133160,4.133160,1.596606,1.383290
tracking_cdrone3_20260820_202954_533_milestone4,milestone4,1787283092.315422058,target_map,13,18,2,predicted,9.917626,-1.962357,0.384753,2.113564,0.317266,-0.586628,0.250582,19.625446,1327.750,0,1.669958,1.669958,0.734485,0.767489
tracking_cdrone3_20260820_202954_533_milestone4,milestone4,1787283092.415250301,target_map,12,17,2,predicted,3.185974,-6.104503,2.375243,0.659882,-0.031685,0.142118,0.000000,14.631650,5428.750,0,4.232926,4.232926,1.631524,1.408231
tracking_cdrone3_20260820_202954_533_milestone4,milestone4,1787283092.415250301,target_map,13,18,2,predicted,10.128489,-1.930704,0.326227,2.113564,0.317266,-0.586628,0.239853,19.625446,1327.750,0,1.769724,1.769724,0.769403,0.792431
tracking_cdrone3_20260820_202954_533_milestone4,milestone4,1787283092.515203238,target_map,12,17,2,predicted,3.251972,-6.107672,2.389457,0.659882,-0.031685,0.142118,0.000000,14.631650,5428.750,0,4.332942,4.332942,1.666530,1.433236
tracking_cdrone3_20260820_202954_533_milestone4,milestone4,1787283092.515203238,target_map,13,18,2,predicted,10.339879,-1.898973,0.267555,2.113564,0.317266,-0.586628,0.229097,19.625446,1327.750,0,1.869740,1.869740,0.804409,0.817435
tracking_cdrone3_20260820_202954_533_milestone4,milestone4,1787283092.615523577,target_map,12,17,2,predicted,3.318181,-6.110851,2.403716,0.659882,-0.031685,0.142118,0.000000,14.631650,5428.750,0,4.433276,4.433276,1.701647,1.458319
tracking_cdrone3_20260820_202954_533_milestone4,milestone4,1787283092.615523577,target_map,13,18,2,predicted,10.551942,-1.867140,0.208696,2.113564,0.317266,-0.586628,0.218306,19.625446,1327.750,0,1.970074,1.970074,0.839526,0.842519
tracking_cdrone3_20260820_202954_533_milestone4,milestone4,1787283092.715253592,target_map,12,17,2,predicted,3.383973,-6.114009,2.417885,0.659882,-0.031685,0.142118,0.000000,14.631650,5428.750,0,4.532979,4.532979,1.736543,1.483245
tracking_cdrone3_20260820_202954_533_milestone4,milestone4,1787283092.715253592,target_map,13,18,2,predicted,10.762669,-1.835508,0.150208,2.113564,0.317266,-0.586628,0.207584,19.625446,1327.750,0,2.069777,2.069777,0.874422,0.867444
tracking_cdrone3_20260820_202954_533_milestone4,milestone4,1787283092.814871311,target_map,12,17,2,predicted,3.449724,-6.117167,2.432046,0.659882,-0.031685,0.142118,0.000000,14.631650,5428.750,0,4.632620,4.632620,1.771417,1.508155
tracking_cdrone3_20260820_202954_533_milestone4,milestone4,1787283092.814871311,target_map,13,18,2,predicted,10.973267,-1.803895,0.091755,2.113564,0.317266,-0.586628,0.196868,19.625446,1327.750,0,2.169418,2.169418,0.909296,0.892354
tracking_cdrone3_20260820_202954_533_milestone4,milestone4,1787283092.915287495,target_map,12,17,2,predicted,3.515973,-6.120347,2.446314,0.659882,-0.031685,0.142118,0.000000,14.631650,5428.750,0,4.733015,4.733015,1.806555,1.533254
tracking_cdrone3_20260820_202954_533_milestone4,milestone4,1787283092.915287495,target_map,13,18,2,predicted,11.185459,-1.772043,0.032861,2.113564,0.317266,-0.586628,0.186071,19.625446,1327.750,0,2.269813,2.269813,0.944435,0.917453
tracking_cdrone3_20260820_202954_533_milestone4,milestone4,1787283093.015898943,target_map,12,17,2,predicted,3.582374,-6.123536,2.460615,0.659882,-0.031685,0.142118,0.000000,14.631650,5428.750,0,4.833640,4.833640,1.841774,1.558410
tracking_cdrone3_20260820_202954_533_milestone4,milestone4,1787283093.015898943,target_map,13,18,2,predicted,11.398136,-1.740118,-0.026169,2.113564,0.317266,-0.586628,0.175250,19.625446,1327.750,0,2.370438,2.370438,0.979653,0.942610
tracking_cdrone3_20260820_202954_533_milestone4,milestone4,1787283093.115082979,target_map,12,17,2,predicted,3.647827,-6.126679,2.474711,0.659882,-0.031685,0.142118,0.000000,14.631650,5428.750,0,4.932829,4.932829,1.876490,1.583207
tracking_cdrone3_20260820_202954_533_milestone4,milestone4,1787283093.115082979,target_map,13,18,2,predicted,11.607778,-1.708649,-0.084356,2.113564,0.317266,-0.586628,0.164582,19.625446,1327.750,0,2.469627,2.469627,1.014369,0.967407
tracking_cdrone3_20260820_202954_533_milestone4,milestone4,1787283093.216434717,target_map,13,18,2,predicted,11.821767,-1.676528,-0.143749,2.113564,0.317266,-0.586628,0.153694,19.625446,1327.750,0,2.570872,2.570872,1.049805,0.992718
tracking_cdrone3_20260820_202954_533_milestone4,milestone4,1787283093.315460682,target_map,13,18,2,predicted,12.031287,-1.645077,-0.201902,2.113564,0.317266,-0.586628,0.143033,19.625446,1327.750,0,2.670003,2.670003,1.084501,1.017501
tracking_cdrone3_20260820_202954_533_milestone4,milestone4,1787283093.415406227,target_map,13,18,2,predicted,12.242530,-1.613367,-0.260534,2.113564,0.317266,-0.586628,0.132284,19.625446,1327.750,0,2.769950,2.769950,1.119482,1.042487
tracking_cdrone3_20260820_202954_533_milestone4,milestone4,1787283093.515266657,target_map,13,18,2,predicted,12.453555,-1.581690,-0.319105,2.113564,0.317266,-0.586628,0.121547,19.625446,1327.750,0,2.869793,2.869793,1.154428,1.067448
tracking_cdrone3_20260820_202954_533_milestone4,milestone4,1787283093.615076065,target_map,13,18,2,predicted,12.664549,-1.550018,-0.377667,2.113564,0.317266,-0.586628,0.110811,19.625446,1327.750,0,2.969621,2.969621,1.189368,1.092405
tracking_cdrone3_20260820_202954_533_milestone4,milestone4,1787283093.715143681,target_map,13,18,2,predicted,12.876019,-1.518274,-0.436361,2.113564,0.317266,-0.586628,0.100051,19.625446,1327.750,0,3.069675,3.069675,1.224386,1.117419
tracking_cdrone3_20260820_202954_533_milestone4,milestone4,1787283093.815100908,target_map,13,18,2,predicted,13.087303,-1.486559,-0.495004,2.113564,0.317266,-0.586628,0.089300,19.625446,1327.750,0,3.169641,3.169641,1.259374,1.142410
tracking_cdrone3_20260820_202954_533_milestone4,milestone4,1787283093.915142775,target_map,13,18,2,predicted,13.298739,-1.454820,-0.553689,2.113564,0.317266,-0.586628,0.078542,19.625446,1327.750,0,3.269679,3.269679,1.294388,1.167420
tracking_cdrone3_20260820_202954_533_milestone4,milestone4,1787283094.015454292,target_map,13,18,2,predicted,13.510768,-1.422992,-0.612539,2.113564,0.317266,-0.586628,0.067753,19.625446,1327.750,0,3.369997,3.369997,1.329499,1.192499
tracking_cdrone3_20260820_202954_533_milestone4,milestone4,1787283094.115060806,target_map,13,18,2,predicted,13.721264,-1.391395,-0.670963,2.113564,0.317266,-0.586628,0.057042,19.625446,1327.750,0,3.469590,3.469590,1.364357,1.217397
tracking_cdrone3_20260820_202954_533_milestone4,milestone4,1787283094.217905283,target_map,13,18,2,predicted,13.938652,-1.358763,-0.731300,2.113564,0.317266,-0.586628,0.045981,19.625446,1327.750,0,3.572444,3.572444,1.400355,1.243111
tracking_cdrone3_20260820_202954_533_milestone4,milestone4,1787283094.315527678,target_map,13,18,2,predicted,14.144958,-1.327795,-0.788561,2.113564,0.317266,-0.586628,0.035484,19.625446,1327.750,0,3.670054,3.670054,1.434519,1.267514
tracking_cdrone3_20260820_202954_533_milestone4,milestone4,1787283094.415238380,target_map,13,18,2,predicted,14.355740,-1.296154,-0.847064,2.113564,0.317266,-0.586628,0.024759,19.625446,1327.750,0,3.769782,3.769782,1.469424,1.292446
tracking_cdrone3_20260820_202954_533_milestone4,milestone4,1787283094.515193462,target_map,13,18,2,predicted,14.566969,-1.264447,-0.905692,2.113564,0.317266,-0.586628,0.014011,19.625446,1327.750,0,3.869722,3.869722,1.504403,1.317430
tracking_cdrone3_20260820_202954_533_milestone4,milestone4,1787283094.615157127,target_map,13,18,2,predicted,14.778295,-1.232725,-0.964346,2.113564,0.317266,-0.586628,0.003258,19.625446,1327.750,0,3.969707,3.969707,1.539398,1.342427
tracking_cdrone3_20260820_202954_533_milestone4,milestone4,1787283094.715702534,target_map,13,18,2,predicted,14.990787,-1.200828,-1.023324,2.113564,0.317266,-0.586628,0.000000,19.625446,1327.750,0,4.070245,4.070245,1.574586,1.367561
tracking_cdrone3_20260820_202954_533_milestone4,milestone4,1787283094.815165997,target_map,13,18,2,predicted,15.201006,-1.169272,-1.081671,2.113564,0.317266,-0.586628,0.000000,19.625446,1327.750,0,4.169707,4.169707,1.609397,1.392427
tracking_cdrone3_20260820_202954_533_milestone4,milestone4,1787283094.915119886,target_map,13,18,2,predicted,15.412251,-1.137562,-1.140303,2.113564,0.317266,-0.586628,0.000000,19.625446,1327.750,0,4.269654,4.269654,1.644379,1.417414
tracking_cdrone3_20260820_202954_533_milestone4,milestone4,1787283095.015140295,target_map,13,18,2,predicted,15.623655,-1.105828,-1.198979,2.113564,0.317266,-0.586628,0.000000,19.625446,1327.750,0,4.369677,4.369677,1.679387,1.442419
tracking_cdrone3_20260820_202954_533_milestone4,milestone4,1787283095.115281343,target_map,13,18,2,predicted,15.835335,-1.074053,-1.257732,2.113564,0.317266,-0.586628,0.000000,19.625446,1327.750,0,4.469830,4.469830,1.714440,1.467457
tracking_cdrone3_20260820_202954_533_milestone4,milestone4,1787283095.215225697,target_map,13,18,2,predicted,16.046524,-1.042352,-1.316348,2.113564,0.317266,-0.586628,0.000000,19.625446,1327.750,0,4.569751,4.569751,1.749413,1.492438
tracking_cdrone3_20260820_202954_533_milestone4,milestone4,1787283095.315156937,target_map,13,18,2,predicted,16.257765,-1.010642,-1.374979,2.113564,0.317266,-0.586628,0.000000,19.625446,1327.750,0,4.669696,4.669696,1.784394,1.517424
tracking_cdrone3_20260820_202954_533_milestone4,milestone4,1787283095.415017128,target_map,13,18,2,predicted,16.468824,-0.978961,-1.433559,2.113564,0.317266,-0.586628,0.000000,19.625446,1327.750,0,4.769555,4.769555,1.819344,1.542389
tracking_cdrone3_20260820_202954_533_milestone4,milestone4,1787283095.515063763,target_map,13,18,2,predicted,16.680294,-0.947217,-1.492254,2.113564,0.317266,-0.586628,0.000000,19.625446,1327.750,0,4.869609,4.869609,1.854363,1.567402
tracking_cdrone3_20260820_202954_533_milestone4,milestone4,1787283095.615257502,target_map,13,18,2,predicted,16.892069,-0.915427,-1.551032,2.113564,0.317266,-0.586628,0.000000,19.625446,1327.750,0,4.969807,4.969807,1.889432,1.592452
