run_id,experiment_tag,timestamp_s,sample_kind,track_id,detector_track_id,source,source_label,x_m,y_m,z_m,vx_mps,vy_mps,vz_mps,confidence,distance_m,bbox_area_px,inbound,last_observed_age_s,prediction_horizon_s,position_uncertainty_m,velocity_uncertainty_mps
tracking_cdrone3_20260822_114411_168_milestone4,milestone4,1787424251.217411757,target_map,1,1,0,detected,-0.389054,-0.674414,0.150466,0.134537,0.011302,-0.001499,0.726240,11.442055,759.000,0,0.088520,0.000000,0.180982,0.372130
tracking_cdrone3_20260822_114411_168_milestone4,milestone4,1787424251.243041039,raw,1,1,0,detected,-0.402477,-0.678219,0.140492,-0.012885,-0.023872,-0.086016,0.737793,11.440510,759.000,0,0.000000,0.000000,0.000000,0.000000
tracking_cdrone3_20260822_114411_168_milestone4,milestone4,1787424251.317294836,target_map,1,1,0,detected,-0.398639,-0.678797,0.137046,0.053455,-0.008044,-0.047983,0.724548,11.440510,759.000,0,0.071808,0.000000,0.175133,0.367952
tracking_cdrone3_20260822_114411_168_milestone4,milestone4,1787424251.371722698,raw,1,1,0,detected,-0.412851,-0.677009,0.150136,-0.080572,0.009402,0.074903,0.730469,11.430140,759.000,1,0.000000,0.000000,0.000000,0.000000
tracking_cdrone3_20260822_114411_168_milestone4,milestone4,1787424251.417294741,target_map,1,1,0,detected,-0.413672,-0.676946,0.150930,-0.020260,0.001551,0.019604,0.723069,11.430140,759.000,1,0.040521,0.000000,0.164182,0.360130
tracking_cdrone3_20260822_114411_168_milestone4,milestone4,1787424251.497396946,raw,1,1,0,detected,-0.402061,-0.675700,0.143115,0.085899,0.010421,-0.055890,0.733887,11.440866,799.000,0,0.000000,0.000000,0.000000,0.000000
tracking_cdrone3_20260822_114411_168_milestone4,milestone4,1787424251.517397881,target_map,1,1,0,detected,-0.401458,-0.675598,0.142769,0.038128,0.006430,-0.021918,0.730989,11.440866,799.000,0,0.015793,0.000000,0.155527,0.353948
tracking_cdrone3_20260822_114411_168_milestone4,milestone4,1787424251.607921362,raw,1,1,0,detected,-0.398630,-0.678662,0.148472,0.030984,-0.026753,0.048383,0.733398,11.444371,731.250,0,0.000000,0.000000,0.000000,0.000000
tracking_cdrone3_20260822_114411_168_milestone4,milestone4,1787424251.620102167,target_map,1,1,0,detected,-0.398317,-0.678770,0.148625,0.034199,-0.011821,0.016748,0.731721,11.444371,731.250,0,0.009150,0.000000,0.153202,0.352287
tracking_cdrone3_20260822_114411_168_milestone4,milestone4,1787424251.717339277,target_map,1,1,0,detected,-0.394992,-0.679919,0.150254,0.034199,-0.011821,0.016748,0.713892,11.444371,731.250,0,0.106391,0.000000,0.187237,0.376598
tracking_cdrone3_20260822_114411_168_milestone4,milestone4,1787424251.727938652,raw,1,1,0,detected,-0.350086,-0.680436,0.157857,0.405024,-0.014801,0.078306,0.731934,11.492988,742.500,0,0.000000,0.000000,0.000000,0.000000
tracking_cdrone3_20260822_114411_168_milestone4,milestone4,1787424251.817180872,target_map,1,1,0,detected,-0.329878,-0.681578,0.162151,0.238153,-0.013460,0.050605,0.716407,11.492988,742.500,0,0.084852,0.000000,0.179698,0.371213
tracking_cdrone3_20260822_114411_168_milestone4,milestone4,1787424251.891622305,raw,1,1,0,detected,-0.339947,-0.681732,0.153320,0.061953,-0.007924,-0.027721,0.744141,11.503191,742.500,0,0.000000,0.000000,0.000000,0.000000
tracking_cdrone3_20260822_114411_168_milestone4,milestone4,1787424251.917165995,target_map,1,1,0,detected,-0.337014,-0.681949,0.153477,0.141243,-0.010415,0.007526,0.740277,11.503191,742.500,0,0.020766,0.000000,0.157268,0.355192
tracking_cdrone3_20260822_114411_168_milestone4,milestone4,1787424252.017086029,target_map,1,1,0,detected,-0.322901,-0.682989,0.154229,0.141243,-0.010415,0.007526,0.721689,11.503191,742.500,0,0.120683,0.000000,0.192239,0.380171
tracking_cdrone3_20260822_114411_168_milestone4,milestone4,1787424252.117342710,target_map,1,1,0,detected,-0.308741,-0.684034,0.154983,0.141243,-0.010415,0.007526,0.703039,11.503191,742.500,0,0.220935,0.000000,0.227327,0.405234
tracking_cdrone3_20260822_114411_168_milestone4,milestone4,1787424252.139383793,raw,1,1,0,detected,-0.389639,-0.677304,0.146539,-0.200564,0.017872,-0.027372,0.738770,11.453404,787.250,1,0.000000,0.000000,0.000000,0.000000
tracking_cdrone3_20260822_114411_168_milestone4,milestone4,1787424252.217241526,target_map,1,1,0,detected,-0.393102,-0.676923,0.145674,-0.046751,0.005143,-0.011668,0.725089,11.453404,787.250,1,0.074070,0.000000,0.175925,0.368518
tracking_cdrone3_20260822_114411_168_milestone4,milestone4,1787424252.317344189,target_map,1,1,0,detected,-0.397782,-0.676409,0.144506,-0.046751,0.005143,-0.011668,0.706600,11.453404,787.250,1,0.174178,0.000000,0.210962,0.393544
tracking_cdrone3_20260822_114411_168_milestone4,milestone4,1787424252.363809586,raw,1,1,0,detected,-0.396996,-0.679315,0.149122,-0.032784,-0.008958,0.011512,0.733887,11.446022,787.250,0,0.000000,0.000000,0.000000,0.000000
tracking_cdrone3_20260822_114411_168_milestone4,milestone4,1787424252.417178869,target_map,1,1,0,detected,-0.398932,-0.679444,0.149176,-0.039069,-0.002613,0.001081,0.724795,11.446022,787.250,0,0.049551,0.000000,0.167343,0.362388
tracking_cdrone3_20260822_114411_168_milestone4,milestone4,1787424252.517240286,target_map,1,1,0,detected,-0.402840,-0.679706,0.149284,-0.039069,-0.002613,0.001081,0.706442,11.446022,787.250,0,0.149584,0.000000,0.202354,0.387396
tracking_cdrone3_20260822_114411_168_milestone4,milestone4,1787424252.583166599,raw,1,1,0,detected,-0.407345,-0.678436,0.149385,-0.047178,0.004005,0.001199,0.733887,11.435694,763.750,0,0.000000,0.000000,0.000000,0.000000
tracking_cdrone3_20260822_114411_168_milestone4,milestone4,1787424252.617238045,target_map,1,1,0,detected,-0.408693,-0.678405,0.149421,-0.043529,0.001027,0.001146,0.728205,11.435694,763.750,0,0.030969,0.000000,0.160839,0.357742
tracking_cdrone3_20260822_114411_168_milestone4,milestone4,1787424252.717286110,target_map,1,1,0,detected,-0.413048,-0.678302,0.149535,-0.043529,0.001027,0.001146,0.709851,11.435694,763.750,0,0.131007,0.000000,0.195853,0.382752
tracking_cdrone3_20260822_114411_168_milestone4,milestone4,1787424252.797338724,raw,1,1,0,detected,-0.406012,-0.679860,0.146734,0.006225,-0.006646,-0.012377,0.735840,11.437022,816.000,0,0.000000,0.000000,0.000000,0.000000
tracking_cdrone3_20260822_114411_168_milestone4,milestone4,1787424252.817273378,target_map,1,1,0,detected,-0.406283,-0.679914,0.146628,-0.016164,-0.003193,-0.006292,0.732750,11.437022,816.000,0,0.016798,0.000000,0.155879,0.354199
tracking_cdrone3_20260822_114411_168_milestone4,milestone4,1787424252.920355558,target_map,1,1,0,detected,-0.407950,-0.680243,0.145980,-0.016164,-0.003193,-0.006292,0.713786,11.437022,816.000,0,0.119884,0.000000,0.191959,0.379971
tracking_cdrone3_20260822_114411_168_milestone4,milestone4,1787424253.017376184,target_map,1,1,0,detected,-0.409518,-0.680552,0.145369,-0.016164,-0.003193,-0.006292,0.695938,11.437022,816.000,0,0.216907,0.000000,0.225917,0.404227
tracking_cdrone3_20260822_114411_168_milestone4,milestone4,1787424253.020886183,raw,1,1,0,detected,-0.399516,-0.676896,0.147432,0.029065,0.013262,0.003123,0.743164,11.443489,787.250,0,0.000000,0.000000,0.000000,0.000000
tracking_cdrone3_20260822_114411_168_milestone4,milestone4,1787424253.117362499,target_map,1,1,0,detected,-0.398736,-0.676372,0.147333,0.008712,0.005857,-0.001114,0.726540,11.443489,787.250,0,0.089477,0.000000,0.181317,0.372369
tracking_cdrone3_20260822_114411_168_milestone4,milestone4,1787424253.217231989,target_map,1,1,0,detected,-0.397866,-0.675787,0.147221,0.008712,0.005857,-0.001114,0.707987,11.443489,787.250,0,0.189339,0.000000,0.216269,0.397335
tracking_cdrone3_20260822_114411_168_milestone4,milestone4,1787424253.234384537,raw,1,1,0,detected,-0.405551,-0.674458,0.144864,-0.028267,0.011420,-0.012030,0.735840,11.437346,763.750,0,0.000000,0.000000,0.000000,0.000000
tracking_cdrone3_20260822_114411_168_milestone4,milestone4,1787424253.317590714,target_map,1,1,0,detected,-0.406488,-0.673739,0.144290,-0.011627,0.008916,-0.007117,0.721007,11.437346,763.750,0,0.080632,0.000000,0.178221,0.370158
tracking_cdrone3_20260822_114411_168_milestone4,milestone4,1787424253.417734385,target_map,1,1,0,detected,-0.407652,-0.672846,0.143577,-0.011627,0.008916,-0.007117,0.702588,11.437346,763.750,0,0.180753,0.000000,0.213264,0.395188
tracking_cdrone3_20260822_114411_168_milestone4,milestone4,1787424253.449789524,raw,1,1,0,detected,-0.423162,-0.673249,0.138032,-0.081761,0.005610,-0.031718,0.721191,11.419676,697.500,1,0.000000,0.000000,0.000000,0.000000
tracking_cdrone3_20260822_114411_168_milestone4,milestone4,1787424253.517192602,target_map,1,1,0,detected,-0.426372,-0.672795,0.136711,-0.050201,0.007098,-0.020648,0.709664,11.419676,697.500,1,0.063936,0.000000,0.172377,0.365984
tracking_cdrone3_20260822_114411_168_milestone4,milestone4,1787424253.617251873,target_map,1,1,0,detected,-0.431395,-0.672085,0.134646,-0.050201,0.007098,-0.020648,0.691625,11.419676,697.500,1,0.163988,0.000000,0.207396,0.390997
tracking_cdrone3_20260822_114411_168_milestone4,milestone4,1787424253.661538124,raw,1,1,0,detected,-0.454869,-0.673646,0.148092,-0.149734,-0.001875,0.047509,0.721680,11.388105,686.250,1,0.000000,0.000000,0.000000,0.000000
tracking_cdrone3_20260822_114411_168_milestone4,milestone4,1787424253.717199326,target_map,1,1,0,detected,-0.460088,-0.673539,0.148929,-0.104944,0.002163,0.016839,0.712707,11.388105,686.250,1,0.049733,0.000000,0.167407,0.362433
tracking_cdrone3_20260822_114411_168_milestone4,milestone4,1787424253.817282677,target_map,1,1,0,detected,-0.470591,-0.673322,0.150614,-0.104944,0.002163,0.016839,0.694650,11.388105,686.250,1,0.149814,0.000000,0.202435,0.387453
tracking_cdrone3_20260822_114411_168_milestone4,milestone4,1787424253.881665707,raw,1,1,0,detected,-0.463273,-0.672160,0.146979,-0.038178,0.006753,-0.005056,0.723145,11.379664,697.500,0,0.000000,0.000000,0.000000,0.000000
tracking_cdrone3_20260822_114411_168_milestone4,milestone4,1787424253.917266607,target_map,1,1,0,detected,-0.465512,-0.672006,0.147136,-0.068223,0.004687,0.004797,0.717210,11.379664,697.500,0,0.032825,0.000000,0.161489,0.358206
tracking_cdrone3_20260822_114411_168_milestone4,milestone4,1787424254.017273188,target_map,1,1,0,detected,-0.472334,-0.671537,0.147616,-0.068223,0.004687,0.004797,0.699133,11.379664,697.500,0,0.132818,0.000000,0.196486,0.383204
tracking_cdrone3_20260822_114411_168_milestone4,milestone4,1787424254.084856987,raw,1,1,0,detected,-0.497192,-0.672885,0.148450,-0.166931,-0.003571,0.007242,0.730469,11.345723,763.750,1,0.000000,0.000000,0.000000,0.000000
tracking_cdrone3_20260822_114411_168_milestone4,milestone4,1787424254.117122173,target_map,1,1,0,detected,-0.500636,-0.672881,0.148623,-0.122512,0.000145,0.006142,0.725336,11.345723,763.750,1,0.028106,0.000000,0.159837,0.357026
tracking_cdrone3_20260822_114411_168_milestone4,milestone4,1787424254.217761278,target_map,1,1,0,detected,-0.512947,-0.672867,0.149240,-0.122512,0.000145,0.006142,0.706986,11.345723,763.750,1,0.128593,0.000000,0.195007,0.382148
tracking_cdrone3_20260822_114411_168_milestone4,milestone4,1787424254.295587301,raw,1,1,0,detected,-0.493223,-0.674544,0.144455,0.018839,-0.007871,-0.018962,0.745117,11.349745,731.250,0,0.000000,0.000000,0.000000,0.000000
tracking_cdrone3_20260822_114411_168_milestone4,milestone4,1787424254.317199469,target_map,1,1,0,detected,-0.494011,-0.674619,0.144320,-0.044769,-0.004264,-0.007665,0.741837,11.349745,731.250,0,0.017609,0.000000,0.156163,0.354402
tracking_cdrone3_20260822_114411_168_milestone4,milestone4,1787424254.417467594,target_map,1,1,0,detected,-0.498500,-0.675047,0.143551,-0.044769,-0.004264,-0.007665,0.723160,11.349745,731.250,0,0.117872,0.000000,0.191255,0.379468
tracking_cdrone3_20260822_114411_168_milestone4,milestone4,1787424254.515280008,raw,1,1,0,detected,-0.496378,-0.674477,0.143717,-0.014362,0.000307,-0.003356,0.737305,11.346588,697.500,0,0.000000,0.000000,0.000000,0.000000
tracking_cdrone3_20260822_114411_168_milestone4,milestone4,1787424254.517217636,target_map,1,1,0,detected,-0.502966,-0.675472,0.142787,-0.044769,-0.004264,-0.007665,0.704576,11.349745,731.250,0,0.217634,0.000000,0.226172,0.404409
tracking_cdrone3_20260822_114411_168_milestone4,milestone4,1787424254.617532015,target_map,1,1,0,detected,-0.498947,-0.674637,0.143232,-0.028045,-0.001750,-0.005295,0.720417,11.346588,697.500,0,0.091616,0.000000,0.182065,0.372904
tracking_cdrone3_20260822_114411_168_milestone4,milestone4,1787424254.717867851,target_map,1,1,0,detected,-0.501761,-0.674812,0.142701,-0.028045,-0.001750,-0.005295,0.701926,11.346588,697.500,0,0.191938,0.000000,0.217178,0.397984
tracking_cdrone3_20260822_114411_168_milestone4,milestone4,1787424254.741477251,raw,1,1,0,detected,-0.534786,-0.673009,0.149106,-0.169798,0.006489,0.023821,0.744141,11.308186,609.000,1,0.000000,0.000000,0.000000,0.000000
tracking_cdrone3_20260822_114411_168_milestone4,milestone4,1787424254.817209482,target_map,1,1,0,detected,-0.542423,-0.672808,0.149878,-0.106009,0.002781,0.010719,0.730738,11.308186,609.000,1,0.072045,0.000000,0.175216,0.368011
tracking_cdrone3_20260822_114411_168_milestone4,milestone4,1787424254.917266846,target_map,1,1,0,detected,-0.553030,-0.672530,0.150950,-0.106009,0.002781,0.010719,0.712125,11.308186,609.000,1,0.172096,0.000000,0.210234,0.393024
tracking_cdrone3_20260822_114411_168_milestone4,milestone4,1787424254.985454798,raw,1,1,0,detected,2.039852,-0.738974,0.233873,10.552582,-0.270369,0.347434,0.451416,13.883982,320.000,0,0.000000,0.000000,0.000000,0.000000
tracking_cdrone3_20260822_114411_168_milestone4,milestone4,1787424255.017201424,target_map,1,1,0,detected,2.166725,-0.742224,0.238237,4.348472,-0.111383,0.149564,0.448123,13.883982,320.000,0,0.029176,0.000000,0.160212,0.357294
tracking_cdrone3_20260822_114411_168_milestone4,milestone4,1787424255.117138863,target_map,1,1,0,detected,2.601285,-0.753355,0.253184,4.348472,-0.111383,0.149564,0.436845,13.883982,320.000,0,0.129110,0.000000,0.195189,0.382278
tracking_cdrone3_20260822_114411_168_milestone4,milestone4,1787424255.214144945,raw,1,1,0,detected,3.785324,-0.734384,0.250843,7.632919,0.020072,0.074209,0.451416,15.629404,320.000,0,0.000000,0.000000,0.000000,0.000000
tracking_cdrone3_20260822_114411_168_milestone4,milestone4,1787424255.217866898,target_map,1,1,0,detected,3.791382,-0.734422,0.250950,6.154918,-0.039083,0.108119,0.451305,15.629404,320.000,0,0.000984,0.000000,0.150344,0.350246
tracking_cdrone3_20260822_114411_168_milestone4,milestone4,1787424255.317440271,target_map,1,1,0,detected,4.404111,-0.738313,0.261713,6.154918,-0.039083,0.108119,0.440070,15.629404,320.000,0,0.100535,0.000000,0.185187,0.375134
tracking_cdrone3_20260822_114411_168_milestone4,milestone4,1787424255.417197704,target_map,1,1,0,detected,5.018147,-0.742212,0.272499,6.154918,-0.039083,0.108119,0.428811,15.629404,320.000,0,0.200299,0.000000,0.220105,0.400075
tracking_cdrone3_20260822_114411_168_milestone4,milestone4,1787424255.451693535,raw,1,1,1,held,4.035049,-0.758232,0.260656,1.051152,-0.100384,0.041302,0.451416,15.879393,320.000,0,0.237573,0.237573,0.000000,0.000000
tracking_cdrone3_20260822_114411_168_milestone4,milestone4,1787424255.517025232,target_map,1,1,1,held,4.243412,-0.762763,0.265097,3.347847,-0.072799,0.071369,0.417581,15.879393,320.000,0,0.299811,0.000000,0.171783,0.365559
tracking_cdrone3_20260822_114411_168_milestone4,milestone4,1787424255.617267609,target_map,1,1,1,held,4.578973,-0.770060,0.272251,3.347847,-0.072799,0.071369,0.406270,15.879393,320.000,0,0.400043,0.000000,0.206864,0.390617
tracking_cdrone3_20260822_114411_168_milestone4,milestone4,1787424255.684271574,raw,1,1,1,held,4.035099,-0.756189,0.255075,0.000213,0.008787,-0.023994,0.451416,15.879393,320.000,0,0.470156,0.470156,0.000000,0.000000
tracking_cdrone3_20260822_114411_168_milestone4,milestone4,1787424255.717303038,target_map,1,1,1,held,4.078166,-0.756987,0.255616,1.506648,-0.027926,0.018920,0.395131,15.879393,320.000,0,0.498741,0.000000,0.160005,0.357146
tracking_cdrone3_20260822_114411_168_milestone4,milestone4,1787424255.817410469,target_map,1,1,1,held,4.229002,-0.759783,0.257510,1.506648,-0.027926,0.018920,0.383833,15.879393,320.000,0,0.598854,0.000000,0.195044,0.382175
tracking_cdrone3_20260822_114411_168_milestone4,milestone4,1787424255.917414904,target_map,1,1,1,held,4.379669,-0.762575,0.259402,1.506648,-0.027926,0.018920,0.372547,15.879393,320.000,0,0.698856,0.000000,0.230045,0.407175
tracking_cdrone3_20260822_114411_168_milestone4,milestone4,1787424256.017189026,target_map,1,1,2,predicted,4.530026,-0.765362,0.261290,1.506648,-0.027926,0.018920,0.361285,15.879393,320.000,0,0.798651,0.798651,0.264973,0.432124
tracking_cdrone3_20260822_114411_168_milestone4,milestone4,1787424256.117320299,target_map,1,1,2,predicted,4.680851,-0.768158,0.263184,1.506648,-0.027926,0.018920,0.349988,15.879393,320.000,0,0.898757,0.898757,0.300010,0.457150
tracking_cdrone3_20260822_114411_168_milestone4,milestone4,1787424256.217241526,target_map,1,1,2,predicted,4.831440,-0.770949,0.265075,1.506648,-0.027926,0.018920,0.338708,15.879393,320.000,0,0.998707,0.998707,0.334993,0.482138
tracking_cdrone3_20260822_114411_168_milestone4,milestone4,1787424256.317762375,target_map,1,1,2,predicted,4.982850,-0.773756,0.266976,1.506648,-0.027926,0.018920,0.327367,15.879393,320.000,0,1.099201,1.099201,0.370166,0.507261
tracking_cdrone3_20260822_114411_168_milestone4,milestone4,1787424256.417142868,target_map,1,1,2,predicted,5.132617,-0.776532,0.268857,1.506648,-0.027926,0.018920,0.316149,15.879393,320.000,0,1.198606,1.198606,0.404957,0.532112
tracking_cdrone3_20260822_114411_168_milestone4,milestone4,1787424256.517275333,target_map,1,1,2,predicted,5.283468,-0.779328,0.270751,1.506648,-0.027926,0.018920,0.304849,15.879393,320.000,0,1.298730,1.298730,0.440001,0.557143
tracking_cdrone3_20260822_114411_168_milestone4,milestone4,1787424256.584289551,raw,1,1,0,detected,-11.824130,-0.539477,0.093602,0.000000,0.000000,0.000000,0.586914,0.018062,812.250,1,0.000000,0.000000,0.000000,0.000000
tracking_cdrone3_20260822_114411_168_milestone4,milestone4,1787424256.618122101,target_map,1,1,0,detected,-11.940240,-0.537941,0.092444,-3.721338,0.049234,-0.037100,0.582336,0.018062,812.250,1,0.031201,0.000000,0.160920,0.357800
tracking_cdrone3_20260822_114411_168_milestone4,milestone4,1787424256.717191935,target_map,1,1,0,detected,-12.308894,-0.533063,0.088769,-3.721338,0.049234,-0.037100,0.567800,0.018062,812.250,1,0.130266,0.000000,0.195593,0.382567
tracking_cdrone3_20260822_114411_168_milestone4,milestone4,1787424256.817176342,target_map,1,1,0,detected,-12.680947,-0.528141,0.085059,-3.721338,0.049234,-0.037100,0.553131,0.018062,812.250,1,0.230244,0.000000,0.230586,0.407561
tracking_cdrone3_20260822_114411_168_milestone4,milestone4,1787424256.837358236,raw,1,1,0,detected,-11.823349,-0.539533,0.093867,0.003090,-0.000222,0.001050,0.586914,0.018709,812.250,0,0.000000,0.000000,0.000000,0.000000
tracking_cdrone3_20260822_114411_168_milestone4,milestone4,1787424256.917224884,target_map,1,1,0,detected,-11.929867,-0.538130,0.092841,-1.672903,0.022033,-0.016118,0.577572,0.018709,812.250,0,0.063672,0.000000,0.172285,0.365918
tracking_cdrone3_20260822_114411_168_milestone4,milestone4,1787424257.017279387,target_map,1,1,0,detected,-12.097226,-0.535926,0.091229,-1.672903,0.022033,-0.016118,0.562893,0.018709,812.250,0,0.163713,0.000000,0.207300,0.390928
tracking_cdrone3_20260822_114411_168_milestone4,milestone4,1787424257.092377186,raw,1,1,1,held,-11.822090,-0.539351,0.094391,0.004936,0.000713,0.002055,0.586914,0.019363,812.250,0,0.255040,0.255040,0.000000,0.000000
tracking_cdrone3_20260822_114411_168_milestone4,milestone4,1787424257.117618561,target_map,1,1,1,held,-11.838910,-0.539120,0.094254,-0.750092,0.010307,-0.006123,0.546202,0.019363,812.250,0,0.277465,0.000000,0.157849,0.355606
tracking_cdrone3_20260822_114411_168_milestone4,milestone4,1787424257.217122078,target_map,1,1,1,held,-11.913552,-0.538094,0.093645,-0.750092,0.010307,-0.006123,0.531601,0.019363,812.250,0,0.376975,0.000000,0.192677,0.380484
tracking_cdrone3_20260822_114411_168_milestone4,milestone4,1787424257.317320824,target_map,1,1,1,held,-11.988701,-0.537062,0.093031,-0.750092,0.010307,-0.006123,0.516901,0.019363,812.250,0,0.477161,0.000000,0.227742,0.405530
tracking_cdrone3_20260822_114411_168_milestone4,milestone4,1787424257.323466063,raw,1,1,1,held,-11.821154,-0.539330,0.094714,0.004050,0.000091,0.001395,0.586914,0.019956,812.250,0,0.486103,0.486103,0.000000,0.000000
tracking_cdrone3_20260822_114411_168_milestone4,milestone4,1787424257.417428970,target_map,1,1,1,held,-11.850130,-0.538925,0.094542,-0.335314,0.004688,-0.001988,0.502909,0.019956,812.250,0,0.572519,0.000000,0.180246,0.371604
tracking_cdrone3_20260822_114411_168_milestone4,milestone4,1787424257.517348051,target_map,1,1,1,held,-11.883633,-0.538456,0.094343,-0.335314,0.004688,-0.001988,0.488249,0.019956,812.250,0,0.672434,0.000000,0.215216,0.396583
tracking_cdrone3_20260822_114411_168_milestone4,milestone4,1787424257.625578880,target_map,1,1,2,predicted,-11.919927,-0.537949,0.094128,-0.335314,0.004688,-0.001988,0.472367,0.019956,812.250,0,0.780674,0.780674,0.253100,0.423643
tracking_cdrone3_20260822_114411_168_milestone4,milestone4,1787424257.717252970,target_map,1,1,2,predicted,-11.950665,-0.537519,0.093946,-0.335314,0.004688,-0.001988,0.458916,0.019956,812.250,0,0.872345,0.872345,0.285185,0.446560
tracking_cdrone3_20260822_114411_168_milestone4,milestone4,1787424257.817230701,target_map,1,1,2,predicted,-11.984193,-0.537050,0.093747,-0.335314,0.004688,-0.001988,0.444245,0.019956,812.250,0,0.972331,0.972331,0.320180,0.471557
tracking_cdrone3_20260822_114411_168_milestone4,milestone4,1787424257.917266130,target_map,1,1,2,predicted,-12.017734,-0.536581,0.093548,-0.335314,0.004688,-0.001988,0.429568,0.019956,812.250,0,1.072359,1.072359,0.355190,0.496564
tracking_cdrone3_20260822_114411_168_milestone4,milestone4,1787424258.017250061,target_map,1,1,2,predicted,-12.051260,-0.536113,0.093349,-0.335314,0.004688,-0.001988,0.414898,0.019956,812.250,0,1.172344,1.172344,0.390184,0.521560
tracking_cdrone3_20260822_114411_168_milestone4,milestone4,1787424258.117265463,target_map,1,1,2,predicted,-12.084797,-0.535644,0.093151,-0.335314,0.004688,-0.001988,0.400222,0.019956,812.250,0,1.272362,1.272362,0.425191,0.546565
tracking_cdrone3_20260822_114411_168_milestone4,milestone4,1787424258.217273712,target_map,1,1,2,predicted,-12.118329,-0.535175,0.092952,-0.335314,0.004688,-0.001988,0.385549,0.019956,812.250,0,1.372363,1.372363,0.460191,0.571565
tracking_cdrone3_20260822_114411_168_milestone4,milestone4,1787424258.317493200,target_map,1,1,2,predicted,-12.151937,-0.534705,0.092752,-0.335314,0.004688,-0.001988,0.370843,0.019956,812.250,0,1.472594,1.472594,0.495272,0.596623
tracking_cdrone3_20260822_114411_168_milestone4,milestone4,1787424258.417731762,target_map,1,1,2,predicted,-12.185547,-0.534235,0.092553,-0.335314,0.004688,-0.001988,0.356136,0.019956,812.250,0,1.572825,1.572825,0.530353,0.621680
tracking_cdrone3_20260822_114411_168_milestone4,milestone4,1787424258.517645836,target_map,1,1,2,predicted,-12.219046,-0.533767,0.092355,-0.335314,0.004688,-0.001988,0.341477,0.019956,812.250,0,1.672730,1.672730,0.565319,0.646657
tracking_cdrone3_20260822_114411_168_milestone4,milestone4,1787424258.616895199,target_map,1,1,2,predicted,-12.252333,-0.533301,0.092157,-0.335314,0.004688,-0.001988,0.326911,0.019956,812.250,0,1.772001,1.772001,0.600064,0.671474
tracking_cdrone3_20260822_114411_168_milestone4,milestone4,1787424258.717216492,target_map,1,1,2,predicted,-12.285968,-0.532831,0.091958,-0.335314,0.004688,-0.001988,0.312193,0.019956,812.250,0,1.872310,1.872310,0.635172,0.696552
tracking_cdrone3_20260822_114411_168_milestone4,milestone4,1787424258.821130514,target_map,1,1,2,predicted,-12.320812,-0.532344,0.091751,-0.335314,0.004688,-0.001988,0.296946,0.019956,812.250,0,1.976224,1.976224,0.671542,0.722530
tracking_cdrone3_20260822_114411_168_milestone4,milestone4,1787424258.823406935,raw,1,1,0,detected,-11.789033,-0.499449,0.146971,0.000000,0.000000,0.000000,0.470703,0.018223,624.000,0,0.000000,0.000000,0.000000,0.000000
tracking_cdrone3_20260822_114411_168_milestone4,milestone4,1787424258.917155266,target_map,1,1,0,detected,-11.789265,-0.498489,0.148205,-0.002703,0.011204,0.014399,0.460619,0.018223,624.000,0,0.085693,0.000000,0.179993,0.371423
tracking_cdrone3_20260822_114411_168_milestone4,milestone4,1787424259.017237663,target_map,1,1,0,detected,-11.789536,-0.497368,0.149646,-0.002703,0.011204,0.014399,0.448843,0.018223,624.000,0,0.185766,0.000000,0.215018,0.396442
tracking_cdrone3_20260822_114411_168_milestone4,milestone4,1787424259.080029488,raw,1,1,0,detected,-11.771320,-0.465592,0.233067,0.069019,0.131922,0.335474,0.470703,0.016676,624.000,0,0.000000,0.000000,0.000000,0.000000
tracking_cdrone3_20260822_114411_168_milestone4,milestone4,1787424259.117180109,target_map,1,1,0,detected,-11.770065,-0.462942,0.239590,0.036744,0.077599,0.190990,0.466684,0.016676,624.000,0,0.034157,0.000000,0.161955,0.358539
tracking_cdrone3_20260822_114411_168_milestone4,milestone4,1787424259.217256784,target_map,1,1,0,detected,-11.766388,-0.455177,0.258703,0.036744,0.077599,0.190990,0.454908,0.016676,624.000,0,0.134227,0.000000,0.196979,0.383557
tracking_cdrone3_20260822_114411_168_milestone4,milestone4,1787424259.317545414,target_map,1,1,0,detected,-11.762704,-0.447395,0.277855,0.036744,0.077599,0.190990,0.443108,0.016676,624.000,0,0.234505,0.000000,0.232077,0.408626
tracking_cdrone3_20260822_114411_168_milestone4,milestone4,1787424259.323145151,raw,1,1,0,detected,-11.757292,-0.448052,0.303225,0.057698,0.072144,0.288568,0.470703,0.019969,624.000,0,0.000000,0.000000,0.000000,0.000000
tracking_cdrone3_20260822_114411_168_milestone4,milestone4,1787424259.417017937,target_map,1,1,0,detected,-11.753005,-0.441428,0.324951,0.048269,0.074599,0.244658,0.460253,0.019969,624.000,0,0.088802,0.000000,0.181081,0.372200
tracking_cdrone3_20260822_114411_168_milestone4,milestone4,1787424259.517542362,target_map,1,1,0,detected,-11.748154,-0.433929,0.349543,0.048269,0.074599,0.244658,0.448425,0.019969,624.000,0,0.189317,0.000000,0.216261,0.397329
tracking_cdrone3_20260822_114411_168_milestone4,milestone4,1787424259.588059902,raw,1,1,0,detected,-11.739896,-0.434050,0.449880,0.065673,0.052860,0.553633,0.590332,0.019885,768.000,0,0.000000,0.000000,0.000000,0.000000
tracking_cdrone3_20260822_114411_168_milestone4,milestone4,1787424259.617240191,target_map,1,1,0,detected,-11.738510,-0.432550,0.459809,0.057841,0.062642,0.414594,0.586797,0.019885,768.000,0,0.023950,0.000000,0.158383,0.355988
tracking_cdrone3_20260822_114411_168_milestone4,milestone4,1787424259.717307806,target_map,1,1,0,detected,-11.732723,-0.426282,0.501290,0.057841,0.062642,0.414594,0.572031,0.019885,768.000,0,0.124002,0.000000,0.193401,0.381001
tracking_cdrone3_20260822_114411_168_milestone4,milestone4,1787424259.817230463,target_map,1,1,0,detected,-11.726944,-0.420023,0.542719,0.057841,0.062642,0.414594,0.557284,0.019885,768.000,0,0.223927,0.000000,0.228375,0.405982
tracking_cdrone3_20260822_114411_168_milestone4,milestone4,1787424259.854731560,raw,1,1,0,detected,-11.730096,-0.434083,0.614083,0.036751,-0.000123,0.615750,0.590332,0.019142,768.000,0,0.000000,0.000000,0.000000,0.000000
tracking_cdrone3_20260822_114411_168_milestone4,milestone4,1787424259.917197466,target_map,1,1,0,detected,-11.727358,-0.432417,0.645185,0.046241,0.028121,0.525230,0.581593,0.019142,768.000,0,0.059216,0.000000,0.170726,0.364804
tracking_cdrone3_20260822_114411_168_milestone4,milestone4,1787424260.017202377,target_map,1,1,0,detected,-11.722733,-0.429605,0.697708,0.046241,0.028121,0.525230,0.566835,0.019142,768.000,0,0.159216,0.000000,0.205725,0.389804
tracking_cdrone3_20260822_114411_168_milestone4,milestone4,1787424260.117320299,target_map,1,1,2,predicted,-11.718104,-0.426790,0.750292,0.046241,0.028121,0.525230,0.552059,0.019142,768.000,0,0.259333,0.259333,0.240766,0.414833
tracking_cdrone3_20260822_114411_168_milestone4,milestone4,1787424260.147022724,raw,1,1,0,detected,-11.731951,-0.457316,0.876543,-0.006348,-0.079488,0.897942,0.590332,0.018739,768.000,0,0.000000,0.000000,0.000000,0.000000
tracking_cdrone3_20260822_114411_168_milestone4,milestone4,1787424260.217195034,target_map,1,1,0,detected,-11.730844,-0.459302,0.923227,0.017317,-0.031064,0.730221,0.580897,0.018739,768.000,0,0.063931,0.000000,0.172376,0.365983
tracking_cdrone3_20260822_114411_168_milestone4,milestone4,1787424260.317398310,target_map,1,1,0,detected,-11.729109,-0.462415,0.996391,0.017317,-0.031064,0.730221,0.566110,0.018739,768.000,0,0.164125,0.000000,0.207444,0.391031
tracking_cdrone3_20260822_114411_168_milestone4,milestone4,1787424260.387530088,raw,1,1,0,detected,-11.742128,-0.473779,1.004208,-0.042316,-0.068450,0.530811,0.429199,0.016562,541.500,0,0.000000,0.000000,0.000000,0.000000
tracking_cdrone3_20260822_114411_168_milestone4,milestone4,1787424260.417237759,target_map,1,1,0,detected,-11.742498,-0.475012,1.019028,-0.015481,-0.051626,0.620546,0.426637,0.016562,541.500,0,0.023881,0.000000,0.158358,0.355970
tracking_cdrone3_20260822_114411_168_milestone4,milestone4,1787424260.517128706,target_map,1,1,0,detected,-11.744044,-0.480169,1.081016,-0.015481,-0.051626,0.620546,0.415918,0.016562,541.500,0,0.123775,0.000000,0.193321,0.380944
tracking_cdrone3_20260822_114411_168_milestone4,milestone4,1787424260.617360353,target_map,1,1,0,detected,-11.745596,-0.485343,1.143205,-0.015481,-0.051626,0.620546,0.405165,0.016562,541.500,0,0.223991,0.000000,0.228397,0.405998
tracking_cdrone3_20260822_114411_168_milestone4,milestone4,1787424260.646414042,raw,1,1,1,held,-11.750804,-0.483574,1.077131,-0.033511,-0.037834,0.281687,0.429199,0.014223,541.500,0,0.258879,0.258879,0.000000,0.000000
tracking_cdrone3_20260822_114411_168_milestone4,milestone4,1787424260.717228889,target_map,1,1,1,held,-11.752442,-0.486415,1.105138,-0.025398,-0.044040,0.434173,0.394500,0.014223,541.500,0,0.323386,0.000000,0.172578,0.366127
tracking_cdrone3_20260822_114411_168_milestone4,milestone4,1787424260.817329884,target_map,1,1,1,held,-11.754984,-0.490822,1.148594,-0.025398,-0.044040,0.434173,0.383760,0.014223,541.500,0,0.423475,0.000000,0.207609,0.391149
tracking_cdrone3_20260822_114411_168_milestone4,milestone4,1787424260.886334419,raw,1,1,1,held,-11.768379,-0.506164,1.235400,-0.073252,-0.094152,0.659623,0.429199,0.012063,541.500,0,0.498817,0.498817,0.000000,0.000000
tracking_cdrone3_20260822_114411_168_milestone4,milestone4,1787424260.920291185,target_map,1,1,1,held,-11.769724,-0.508025,1.249908,-0.051718,-0.071602,0.558171,0.372887,0.012063,541.500,0,0.524809,0.000000,0.159097,0.356498
tracking_cdrone3_20260822_114411_168_milestone4,milestone4,1787424261.017605782,target_map,1,1,1,held,-11.774755,-0.514992,1.304215,-0.051718,-0.071602,0.558171,0.362448,0.012063,541.500,0,0.622104,0.000000,0.193151,0.380822
tracking_cdrone3_20260822_114411_168_milestone4,milestone4,1787424261.117292643,target_map,1,1,1,held,-11.779911,-0.522130,1.359864,-0.051718,-0.071602,0.558171,0.351750,0.012063,541.500,0,0.721802,0.000000,0.228045,0.405746
tracking_cdrone3_20260822_114411_168_milestone4,milestone4,1787424261.145182848,raw,1,1,0,detected,-11.775123,-0.524602,1.372806,-0.026053,-0.071234,0.530868,0.679199,0.019691,946.000,0,0.000000,0.000000,0.000000,0.000000
tracking_cdrone3_20260822_114411_168_milestone4,milestone4,1787424261.217189789,target_map,1,1,0,detected,-11.777718,-0.529529,1.410290,-0.037602,-0.071399,0.543155,0.667481,0.019691,946.000,0,0.069013,0.000000,0.174154,0.367253
tracking_cdrone3_20260822_114411_168_milestone4,milestone4,1787424261.317139626,target_map,1,1,0,detected,-11.781476,-0.536666,1.464579,-0.037602,-0.071399,0.543155,0.650509,0.019691,946.000,0,0.168962,0.000000,0.209137,0.392241
tracking_cdrone3_20260822_114411_168_milestone4,milestone4,1787424261.407636404,raw,1,1,0,detected,-11.802457,-0.545815,1.511289,-0.103727,-0.080500,0.525517,0.554199,0.012177,738.000,0,0.000000,0.000000,0.000000,0.000000
tracking_cdrone3_20260822_114411_168_milestone4,milestone4,1787424261.417075157,target_map,1,1,0,detected,-11.802878,-0.546250,1.514326,-0.073971,-0.076404,0.533454,0.553410,0.012177,738.000,0,0.005694,0.000000,0.151993,0.351423
tracking_cdrone3_20260822_114411_168_milestone4,milestone4,1787424261.517156601,target_map,1,1,0,detected,-11.810280,-0.553896,1.567708,-0.073971,-0.076404,0.533454,0.539546,0.012177,738.000,0,0.105762,0.000000,0.187017,0.376441
tracking_cdrone3_20260822_114411_168_milestone4,milestone4,1787424261.617357492,target_map,1,1,0,detected,-11.817691,-0.561550,1.621152,-0.073971,-0.076404,0.533454,0.525665,0.012177,738.000,0,0.205948,0.000000,0.222082,0.401487
tracking_cdrone3_20260822_114411_168_milestone4,milestone4,1787424261.665040016,raw,1,1,1,held,-11.829129,-0.558618,1.555953,-0.104052,-0.049949,0.174243,0.554199,0.004873,738.000,0,0.256334,0.256334,0.000000,0.000000
tracking_cdrone3_20260822_114411_168_milestone4,milestone4,1787424261.717208147,target_map,1,1,1,held,-11.832570,-0.560970,1.568720,-0.090516,-0.061854,0.335888,0.513418,0.004873,738.000,0,0.294345,0.000000,0.163304,0.359503
tracking_cdrone3_20260822_114411_168_milestone4,milestone4,1787424261.817197323,target_map,1,1,1,held,-11.841620,-0.567154,1.602304,-0.090516,-0.061854,0.335888,0.499565,0.004873,738.000,0,0.394331,0.000000,0.198299,0.384499
tracking_cdrone3_20260822_114411_168_milestone4,milestone4,1787424261.917184830,target_map,1,1,1,held,-11.850671,-0.573339,1.635890,-0.090516,-0.061854,0.335888,0.485711,0.004873,738.000,0,0.494320,0.000000,0.233295,0.409497
tracking_cdrone3_20260822_114411_168_milestone4,milestone4,1787424262.017214060,target_map,1,1,2,predicted,-11.859725,-0.579526,1.669488,-0.090516,-0.061854,0.335888,0.471852,0.004873,738.000,0,0.594350,0.594350,0.268306,0.434504
tracking_cdrone3_20260822_114411_168_milestone4,milestone4,1787424262.117537737,target_map,1,1,2,predicted,-11.868804,-0.585730,1.703178,-0.090516,-0.061854,0.335888,0.457955,0.004873,738.000,0,0.694652,0.694652,0.303411,0.459579
tracking_cdrone3_20260822_114411_168_milestone4,milestone4,1787424262.166094303,raw,1,1,0,detected,7.421147,-0.933629,0.480833,0.000000,0.000000,0.000000,0.565918,19.306061,702.000,0,0.000000,0.000000,0.000000,0.000000
tracking_cdrone3_20260822_114411_168_milestone4,milestone4,1787424262.218296766,target_map,1,1,0,detected,7.634415,-0.938839,0.474413,4.349516,-0.106266,-0.130935,0.558981,19.306061,702.000,0,0.049032,0.000000,0.167161,0.362258
tracking_cdrone3_20260822_114411_168_milestone4,milestone4,1787424262.317230463,target_map,1,1,0,detected,8.064697,-0.949352,0.461460,4.349516,-0.106266,-0.130935,0.544985,19.306061,702.000,0,0.147959,0.000000,0.201786,0.386990
tracking_cdrone3_20260822_114411_168_milestone4,milestone4,1787424262.416503429,raw,1,1,0,detected,5.814038,-0.882834,0.353617,-6.418087,0.202851,-0.508044,0.565918,17.722677,702.000,1,0.000000,0.000000,0.000000,0.000000
tracking_cdrone3_20260822_114411_168_milestone4,milestone4,1787424262.417199135,target_map,1,1,0,detected,8.499550,-0.959976,0.448370,4.349516,-0.106266,-0.130935,0.530840,19.306061,702.000,0,0.247936,0.000000,0.236778,0.411984
tracking_cdrone3_20260822_114411_168_milestone4,milestone4,1787424262.517131805,target_map,1,1,0,detected,5.672075,-0.877080,0.323075,-1.572665,0.063748,-0.338345,0.553147,17.722677,702.000,1,0.090269,0.000000,0.181594,0.372567
tracking_cdrone3_20260822_114411_168_milestone4,milestone4,1787424262.617284060,target_map,1,1,0,detected,5.514592,-0.870696,0.289194,-1.572665,0.063748,-0.338345,0.538979,17.722677,702.000,1,0.190407,0.000000,0.216642,0.397602
tracking_cdrone3_20260822_114411_168_milestone4,milestone4,1787424262.640285492,raw,1,1,0,detected,4.724711,-0.837553,0.214051,-4.867782,0.202343,-0.623668,0.565918,16.661188,702.000,1,0.000000,0.000000,0.000000,0.000000
tracking_cdrone3_20260822_114411_168_milestone4,milestone4,1787424262.717348099,target_map,1,1,0,detected,4.478343,-0.827366,0.178004,-3.384979,0.139975,-0.495273,0.555621,16.661188,702.000,1,0.072783,0.000000,0.175474,0.368196
tracking_cdrone3_20260822_114411_168_milestone4,milestone4,1787424262.819213867,target_map,1,1,0,detected,4.133537,-0.813107,0.127553,-3.384979,0.139975,-0.495273,0.541209,16.661188,702.000,1,0.174646,0.000000,0.211126,0.393662
tracking_cdrone3_20260822_114411_168_milestone4,milestone4,1787424262.905475855,raw,1,1,0,detected,3.212335,-0.792050,0.297357,-5.702957,0.171585,0.314135,0.565918,15.150116,702.000,1,0.000000,0.000000,0.000000,0.000000
tracking_cdrone3_20260822_114411_168_milestone4,milestone4,1787424262.917765617,target_map,1,1,0,detected,3.198221,-0.791574,0.297205,-4.659867,0.157361,-0.050098,0.565489,15.150116,702.000,1,0.003029,0.000000,0.151060,0.350757
tracking_cdrone3_20260822_114411_168_milestone4,milestone4,1787424263.017205238,target_map,1,1,0,detected,2.734870,-0.775927,0.292224,-4.659867,0.157361,-0.050098,0.551422,15.150116,702.000,1,0.102463,0.000000,0.185862,0.375616
tracking_cdrone3_20260822_114411_168_milestone4,milestone4,1787424263.117229939,target_map,1,1,0,detected,2.268779,-0.760187,0.287213,-4.659867,0.157361,-0.050098,0.537270,15.150116,702.000,1,0.202486,0.000000,0.220870,0.400621
tracking_cdrone3_20260822_114411_168_milestone4,milestone4,1787424263.166667938,raw,1,1,0,detected,2.293206,-0.782940,0.264927,-3.519026,0.034881,-0.124163,0.565918,14.240032,702.000,1,0.000000,0.000000,0.000000,0.000000
tracking_cdrone3_20260822_114411_168_milestone4,milestone4,1787424263.166667938,raw,8,8,0,detected,-11.852506,-0.540970,1.744608,0.000000,0.000000,0.000000,0.416992,0.015153,555.000,0,0.000000,0.000000,0.000000,0.000000
tracking_cdrone3_20260822_114411_168_milestone4,milestone4,1787424263.218032837,target_map,1,1,0,detected,2.101060,-0.778651,0.260599,-4.032404,0.089997,-0.090834,0.559176,14.240032,702.000,1,0.047651,0.000000,0.166678,0.361913
tracking_cdrone3_20260822_114411_168_milestone4,milestone4,1787424263.218032837,target_map,4,8,0,detected,-11.852506,-0.540970,1.744608,0.000000,0.000000,0.000000,0.412025,0.015153,555.000,0,0.047651,0.000000,0.166678,0.361913
tracking_cdrone3_20260822_114411_168_milestone4,milestone4,1787424263.317216635,target_map,1,1,0,detected,1.701137,-0.769726,0.251590,-4.032404,0.089997,-0.090834,0.545145,14.240032,702.000,1,0.146828,0.000000,0.201390,0.386707
tracking_cdrone3_20260822_114411_168_milestone4,milestone4,1787424263.317216635,target_map,4,8,0,detected,-11.852506,-0.540970,1.744608,0.000000,0.000000,0.000000,0.401686,0.015153,555.000,0,0.146828,0.000000,0.201390,0.386707
tracking_cdrone3_20260822_114411_168_milestone4,milestone4,1787424263.417387486,target_map,1,1,0,detected,1.297199,-0.760711,0.242491,-4.032404,0.089997,-0.090834,0.530972,14.240032,702.000,1,0.247001,0.000000,0.236450,0.411750
tracking_cdrone3_20260822_114411_168_milestone4,milestone4,1787424263.417387486,target_map,4,8,0,detected,-11.852506,-0.540970,1.744608,0.000000,0.000000,0.000000,0.391243,0.015153,555.000,0,0.247001,0.000000,0.236450,0.411750
tracking_cdrone3_20260822_114411_168_milestone4,milestone4,1787424263.420454025,raw,1,1,0,detected,1.128794,-0.873408,0.216359,-4.587812,-0.356446,-0.191358,0.565918,13.091088,702.000,1,0.000000,0.000000,0.000000,0.000000
tracking_cdrone3_20260822_114411_168_milestone4,milestone4,1787424263.420454025,raw,8,8,0,detected,-11.859131,-0.533833,1.731705,-0.026103,0.028120,-0.050840,0.416992,0.010712,555.000,0,0.000000,0.000000,0.000000,0.000000
tracking_cdrone3_20260822_114411_168_milestone4,milestone4,1787424263.517630339,target_map,1,1,0,detected,0.730182,-0.887701,0.202932,-4.337879,-0.155547,-0.146122,0.552917,13.091088,702.000,1,0.091891,0.000000,0.182162,0.372973
tracking_cdrone3_20260822_114411_168_milestone4,milestone4,1787424263.517630339,target_map,4,8,0,detected,-11.860450,-0.532412,1.729135,-0.014357,0.015466,-0.027962,0.407413,0.010712,555.000,0,0.091891,0.000000,0.182162,0.372973
tracking_cdrone3_20260822_114411_168_milestone4,milestone4,1787424263.617845774,target_map,1,1,0,detected,0.295509,-0.903288,0.188290,-4.337879,-0.155547,-0.146122,0.538740,13.091088,702.000,1,0.192095,0.000000,0.217233,0.398024
tracking_cdrone3_20260822_114411_168_milestone4,milestone4,1787424263.617845774,target_map,4,8,0,detected,-11.861889,-0.530862,1.726333,-0.014357,0.015466,-0.027962,0.396967,0.010712,555.000,0,0.192095,0.000000,0.217233,0.398024
tracking_cdrone3_20260822_114411_168_milestone4,milestone4,1787424263.689522505,raw,8,8,0,detected,-11.860260,-0.525904,1.733555,-0.004197,0.029471,0.006878,0.444336,0.012022,437.500,0,0.000000,0.000000,0.000000,0.000000
tracking_cdrone3_20260822_114411_168_milestone4,milestone4,1787424263.727394819,target_map,1,1,2,predicted,-0.179706,-0.920328,0.172282,-4.337879,-0.155547,-0.146122,0.523241,13.091088,702.000,1,0.301645,0.301645,0.255576,0.425411
tracking_cdrone3_20260822_114411_168_milestone4,milestone4,1787424263.727394819,target_map,4,8,0,detected,-11.860538,-0.525167,1.733276,-0.008769,0.023169,-0.008800,0.440806,0.012022,437.500,0,0.031773,0.000000,0.161121,0.357943
tracking_cdrone3_20260822_114411_168_milestone4,milestone4,1787424263.817283154,target_map,1,1,2,predicted,-0.569636,-0.934310,0.159148,-4.337879,-0.155547,-0.146122,0.510524,13.091088,702.000,1,0.391535,0.391535,0.287037,0.447884
tracking_cdrone3_20260822_114411_168_milestone4,milestone4,1787424263.817283154,target_map,4,8,0,detected,-11.861327,-0.523085,1.732485,-0.008769,0.023169,-0.008800,0.430821,0.012022,437.500,0,0.121663,0.000000,0.192582,0.380416
tracking_cdrone3_20260822_114411_168_milestone4,milestone4,1787424263.917459249,target_map,1,1,2,predicted,-1.004191,-0.949892,0.144510,-4.337879,-0.155547,-0.146122,0.496351,13.091088,702.000,1,0.491711,0.491711,0.322099,0.472928
tracking_cdrone3_20260822_114411_168_milestone4,milestone4,1787424263.917459249,target_map,4,8,0,detected,-11.862206,-0.520764,1.731603,-0.008769,0.023169,-0.008800,0.419693,0.012022,437.500,0,0.221840,0.000000,0.227644,0.405460
tracking_cdrone3_20260822_114411_168_milestone4,milestone4,1787424263.934906960,raw,8,8,0,detected,-11.863814,-0.519896,1.732567,-0.014489,0.024484,-0.004030,0.613770,0.011464,629.000,0,0.000000,0.000000,0.000000,0.000000
tracking_cdrone3_20260822_114411_168_milestone4,milestone4,1787424264.017315865,target_map,1,1,2,predicted,-1.437341,-0.965424,0.129919,-4.337879,-0.155547,-0.146122,0.482224,13.091088,702.000,1,0.591564,0.591564,0.357048,0.497891
tracking_cdrone3_20260822_114411_168_milestone4,milestone4,1787424264.017315865,target_map,4,8,0,detected,-11.864619,-0.518282,1.732149,-0.011915,0.023892,-0.006176,0.603401,0.011464,629.000,0,0.067574,0.000000,0.173651,0.366893
tracking_cdrone3_20260822_114411_168_milestone4,milestone4,1787424264.118038893,target_map,1,1,2,predicted,-1.874221,-0.981090,0.115203,-4.337879,-0.155547,-0.146122,0.467975,13.091088,702.000,1,0.692277,0.692277,0.392297,0.523069
tracking_cdrone3_20260822_114411_168_milestone4,milestone4,1787424264.118038893,target_map,4,8,0,detected,-11.865820,-0.515875,1.731527,-0.011915,0.023892,-0.006176,0.587947,0.011464,629.000,0,0.168287,0.000000,0.208900,0.392072
tracking_cdrone3_20260822_114411_168_milestone4,milestone4,1787424264.209973335,raw,8,8,0,detected,-11.858839,-0.518370,1.728104,0.018087,0.005548,-0.016222,0.521484,0.018899,582.750,0,0.000000,0.000000,0.000000,0.000000
tracking_cdrone3_20260822_114411_168_milestone4,milestone4,1787424264.219271421,target_map,1,1,2,predicted,-2.313426,-0.996839,0.100408,-4.337879,-0.155547,-0.146122,0.453650,13.091088,702.000,1,0.793526,0.793526,0.427734,0.548382
tracking_cdrone3_20260822_114411_168_milestone4,milestone4,1787424264.219271421,target_map,4,8,0,detected,-11.858828,-0.518336,1.728076,0.004586,0.013802,-0.011701,0.521164,0.018899,582.750,0,0.002461,0.000000,0.150861,0.350615
tracking_cdrone3_20260822_114411_168_milestone4,milestone4,1787424264.317250967,target_map,1,1,2,predicted,-2.738431,-1.012078,0.086091,-4.337879,-0.155547,-0.146122,0.439789,13.091088,702.000,1,0.891501,0.891501,0.462025,0.572875
tracking_cdrone3_20260822_114411_168_milestone4,milestone4,1787424264.317250967,target_map,4,8,0,detected,-11.858378,-0.516984,1.726929,0.004586,0.013802,-0.011701,0.508390,0.018899,582.750,0,0.100437,0.000000,0.185153,0.375109
tracking_cdrone3_20260822_114411_168_milestone4,milestone4,1787424264.417261362,target_map,1,1,2,predicted,-3.172269,-1.027635,0.071478,-4.337879,-0.155547,-0.146122,0.425639,13.091088,702.000,1,0.991513,0.991513,0.497030,0.597878
tracking_cdrone3_20260822_114411_168_milestone4,milestone4,1787424264.417261362,target_map,4,8,0,detected,-11.857920,-0.515603,1.725759,0.004586,0.013802,-0.011701,0.495352,0.018899,582.750,0,0.200448,0.000000,0.220157,0.400112
tracking_cdrone3_20260822_114411_168_milestone4,milestone4,1787424264.443589449,raw,8,8,0,detected,-11.870964,-0.516880,1.722903,-0.051897,0.006376,-0.022264,0.521484,0.010021,582.750,0,0.000000,0.000000,0.000000,0.000000
tracking_cdrone3_20260822_114411_168_milestone4,milestone4,1787424264.517219782,target_map,1,1,2,predicted,-3.605862,-1.043182,0.056872,-4.337879,-0.155547,-0.146122,0.411498,13.091088,702.000,1,1.091468,1.091468,0.532014,0.622867
tracking_cdrone3_20260822_114411_168_milestone4,milestone4,1787424264.517219782,target_map,4,8,0,detected,-11.872825,-0.516198,1.721672,-0.026480,0.009718,-0.017511,0.512324,0.010021,582.750,0,0.070263,0.000000,0.174592,0.367566
tracking_cdrone3_20260822_114411_168_milestone4,milestone4,1787424264.617237806,target_map,1,1,2,predicted,-4.039713,-1.058739,0.042258,-4.337879,-0.155547,-0.146122,0.397348,13.091088,702.000,1,1.191483,1.191483,0.567019,0.647871
tracking_cdrone3_20260822_114411_168_milestone4,milestone4,1787424264.617237806,target_map,4,8,0,detected,-11.875473,-0.515226,1.719921,-0.026480,0.009718,-0.017511,0.499285,0.010021,582.750,0,0.170277,0.000000,0.209597,0.392569
tracking_cdrone3_20260822_114411_168_milestone4,milestone4,1787424264.689495564,raw,8,8,0,detected,-11.874933,-0.516211,1.711944,-0.016142,0.002721,-0.044564,0.521484,0.014575,582.750,0,0.000000,0.000000,0.000000,0.000000
tracking_cdrone3_20260822_114411_168_milestone4,milestone4,1787424264.717215776,target_map,1,1,2,predicted,-4.473445,-1.074292,0.027647,-4.337879,-0.155547,-0.146122,0.383201,13.091088,702.000,1,1.291470,1.291470,0.602014,0.672867
tracking_cdrone3_20260822_114411_168_milestone4,milestone4,1787424264.717215776,target_map,4,8,0,detected,-11.875415,-0.516075,1.711195,-0.020794,0.005870,-0.032390,0.518467,0.014575,582.750,0,0.023143,0.000000,0.158100,0.355786
tracking_cdrone3_20260822_114411_168_milestone4,milestone4,1787424264.817505121,target_map,1,1,2,predicted,-4.908474,-1.089891,0.012993,-4.337879,-0.155547,-0.146122,0.369013,13.091088,702.000,1,1.391756,1.391756,0.637115,0.697939
tracking_cdrone3_20260822_114411_168_milestone4,milestone4,1787424264.817505121,target_map,4,8,0,detected,-11.877500,-0.515487,1.707946,-0.020794,0.005870,-0.032390,0.505393,0.014575,582.750,0,0.123429,0.000000,0.193200,0.380857
tracking_cdrone3_20260822_114411_168_milestone4,milestone4,1787424264.917213917,target_map,1,1,2,predicted,-5.341004,-1.105401,-0.001576,-4.337879,-0.155547,-0.146122,0.354906,13.091088,702.000,1,1.491466,1.491466,0.672013,0.722866
tracking_cdrone3_20260822_114411_168_milestone4,milestone4,1787424264.917213917,target_map,4,8,0,detected,-11.879573,-0.514902,1.704717,-0.020794,0.005870,-0.032390,0.492393,0.014575,582.750,0,0.223139,0.000000,0.228099,0.405785
tracking_cdrone3_20260822_114411_168_milestone4,milestone4,1787424264.955783606,raw,8,8,0,detected,-11.883000,-0.516269,1.708091,-0.030285,-0.000216,-0.014467,0.521484,0.013250,582.750,0,0.000000,0.000000,0.000000,0.000000
tracking_cdrone3_20260822_114411_168_milestone4,milestone4,1787424265.017856359,target_map,1,1,2,predicted,-5.777580,-1.121056,-0.016283,-4.337879,-0.155547,-0.146122,0.340667,13.091088,702.000,1,1.592108,1.592108,0.707238,0.748027
tracking_cdrone3_20260822_114411_168_milestone4,milestone4,1787424265.017856359,target_map,4,8,0,detected,-11.884528,-0.516121,1.706768,-0.026014,0.002522,-0.022532,0.513829,0.013250,582.750,0,0.058722,0.000000,0.170553,0.364681
tracking_cdrone3_20260822_114411_168_milestone4,milestone4,1787424265.117254972,target_map,1,1,2,predicted,-6.208765,-1.136517,-0.030807,-4.337879,-0.155547,-0.146122,0.326604,13.091088,702.000,1,1.691509,1.691509,0.742028,0.772877
tracking_cdrone3_20260822_114411_168_milestone4,milestone4,1787424265.117254972,target_map,4,8,0,detected,-11.887114,-0.515870,1.704528,-0.026014,0.002522,-0.022532,0.500870,0.013250,582.750,0,0.158122,0.000000,0.205343,0.389531
tracking_cdrone3_20260822_114411_168_milestone4,milestone4,1787424265.197251797,raw,8,8,0,detected,-11.882878,-0.516618,1.707039,0.000508,-0.001446,-0.004354,0.521484,0.018620,582.750,0,0.000000,0.000000,0.000000,0.000000
tracking_cdrone3_20260822_114411_168_milestone4,milestone4,1787424265.217252016,target_map,1,1,2,predicted,-6.642536,-1.152071,-0.045419,-4.337879,-0.155547,-0.146122,0.312457,13.091088,702.000,1,1.791505,1.791505,0.777027,0.797876
tracking_cdrone3_20260822_114411_168_milestone4,milestone4,1787424265.217252016,target_map,4,8,0,detected,-11.883044,-0.516613,1.706858,-0.011427,0.000340,-0.012534,0.519593,0.018620,582.750,0,0.014506,0.000000,0.155077,0.353627
tracking_cdrone3_20260822_114411_168_milestone4,milestone4,1787424265.317187548,target_map,1,1,2,predicted,-7.076064,-1.167616,-0.060022,-4.337879,-0.155547,-0.146122,0.298317,13.091088,702.000,1,1.891445,1.891445,0.812006,0.822861
tracking_cdrone3_20260822_114411_168_milestone4,milestone4,1787424265.317187548,target_map,4,8,0,detected,-11.884186,-0.516579,1.705605,-0.011427,0.000340,-0.012534,0.506564,0.018620,582.750,0,0.114446,0.000000,0.190056,0.378612
tracking_cdrone3_20260822_114411_168_milestone4,milestone4,1787424265.417284489,target_map,1,1,2,predicted,-7.510267,-1.183186,-0.074648,-4.337879,-0.155547,-0.146122,0.284156,13.091088,702.000,1,1.991540,1.991540,0.847039,0.847885
tracking_cdrone3_20260822_114411_168_milestone4,milestone4,1787424265.417284489,target_map,4,8,0,detected,-11.885330,-0.516545,1.704350,-0.011427,0.000340,-0.012534,0.493514,0.018620,582.750,0,0.214542,0.000000,0.225090,0.403636
tracking_cdrone3_20260822_114411_168_milestone4,milestone4,1787424265.434457302,raw,8,8,0,detected,-11.888721,-0.516310,1.706058,-0.024634,0.001299,-0.004141,0.507812,0.019875,467.500,0,0.000000,0.000000,0.000000,0.000000
tracking_cdrone3_20260822_114411_168_milestone4,milestone4,1787424265.518493414,target_map,1,1,2,predicted,-7.949265,-1.198928,-0.089436,-4.337879,-0.155547,-0.146122,0.269838,13.091088,702.000,1,2.092741,2.092741,0.882460,0.873185
tracking_cdrone3_20260822_114411_168_milestone4,milestone4,1787424265.518493414,target_map,4,8,0,detected,-11.890137,-0.516244,1.705458,-0.018691,0.000867,-0.007918,0.498194,0.019875,467.500,0,0.075765,0.000000,0.176518,0.368941
tracking_cdrone3_20260822_114411_168_milestone4,milestone4,1787424265.617314339,target_map,1,1,2,predicted,-8.377918,-1.214298,-0.103875,-4.337879,-0.155547,-0.146122,0.255857,13.091088,702.000,1,2.191558,2.191558,0.917045,0.897889
tracking_cdrone3_20260822_114411_168_milestone4,milestone4,1787424265.617314339,target_map,4,8,0,detected,-11.891984,-0.516158,1.704675,-0.018691,0.000867,-0.007918,0.485649,0.019875,467.500,0,0.174582,0.000000,0.211104,0.393645
tracking_cdrone3_20260822_114411_168_milestone4,milestone4,1787424265.656450987,raw,8,8,0,detected,-11.899000,-0.515071,1.706444,-0.046307,0.005583,0.001743,0.412354,0.018775,481.250,0,0.000000,0.000000,0.000000,0.000000
tracking_cdrone3_20260822_114411_168_milestone4,milestone4,1787424265.717184782,target_map,1,1,2,predicted,-8.811211,-1.229835,-0.118471,-4.337879,-0.155547,-0.146122,0.241726,13.091088,702.000,1,2.291444,2.291444,0.952005,0.922861
tracking_cdrone3_20260822_114411_168_milestone4,milestone4,1787424265.717184782,target_map,4,8,0,detected,-11.900838,-0.514883,1.706303,-0.033880,0.003461,-0.002604,0.406761,0.018775,481.250,0,0.054252,0.000000,0.168988,0.363563
tracking_cdrone3_20260822_114411_168_milestone4,milestone4,1787424265.817180872,target_map,1,1,2,predicted,-9.244954,-1.245388,-0.133081,-4.337879,-0.155547,-0.146122,0.227579,13.091088,702.000,1,2.391433,2.391433,0.987002,0.947858
tracking_cdrone3_20260822_114411_168_milestone4,milestone4,1787424265.817180872,target_map,4,8,0,detected,-11.904226,-0.514537,1.706043,-0.033880,0.003461,-0.002604,0.396453,0.018775,481.250,0,0.154242,0.000000,0.203985,0.388561
tracking_cdrone3_20260822_114411_168_milestone4,milestone4,1787424265.889421463,raw,8,8,0,detected,-11.915668,-0.511487,1.707906,-0.071543,0.015381,0.006274,0.412354,0.018217,481.250,0,0.000000,0.000000,0.000000,0.000000
tracking_cdrone3_20260822_114411_168_milestone4,milestone4,1787424265.917204380,target_map,1,1,2,predicted,-9.678864,-1.260947,-0.147698,-4.337879,-0.155547,-0.146122,0.213427,13.091088,702.000,1,2.491462,2.491462,1.022012,0.972865
tracking_cdrone3_20260822_114411_168_milestone4,milestone4,1787424265.917204380,target_map,4,8,0,detected,-11.916946,-0.511253,1.707959,-0.054595,0.010017,0.002278,0.409939,0.018217,481.250,0,0.023423,0.000000,0.158198,0.355856
tracking_cdrone3_20260822_114411_168_milestone4,milestone4,1787424266.017164707,target_map,1,1,2,predicted,-10.112460,-1.276495,-0.162303,-4.337879,-0.155547,-0.146122,0.199286,13.091088,702.000,1,2.591417,2.591417,1.056996,0.997854
tracking_cdrone3_20260822_114411_168_milestone4,milestone4,1787424266.017164707,target_map,4,8,0,detected,-11.922403,-0.510252,1.708187,-0.054595,0.010017,0.002278,0.399635,0.018217,481.250,0,0.123379,0.000000,0.193183,0.380845
tracking_cdrone3_20260822_114411_168_milestone4,milestone4,1787424266.117299080,target_map,1,1,2,predicted,-10.546817,-1.292070,-0.176935,-4.337879,-0.155547,-0.146122,0.185119,13.091088,702.000,1,2.691549,2.691549,1.092042,1.022887
tracking_cdrone3_20260822_114411_168_milestone4,milestone4,1787424266.117299080,target_map,4,8,0,detected,-11.927870,-0.509249,1.708415,-0.054595,0.010017,0.002278,0.389312,0.018217,481.250,0,0.223511,0.000000,0.228229,0.405878
tracking_cdrone3_20260822_114411_168_milestone4,milestone4,1787424266.134468555,raw,8,8,0,detected,-11.931666,-0.508010,1.706745,-0.065290,0.014189,-0.004737,0.409180,0.011227,545.750,0,0.000000,0.000000,0.000000,0.000000
tracking_cdrone3_20260822_114411_168_milestone4,milestone4,1787424266.219444990,target_map,1,1,2,predicted,-10.989951,-1.307960,-0.191862,-4.337879,-0.155547,-0.146122,0.170666,13.091088,702.000,1,2.793703,2.793703,1.127796,1.048426
tracking_cdrone3_20260822_114411_168_milestone4,milestone4,1787424266.219444990,target_map,4,8,0,detected,-11.935510,-0.507228,1.706645,-0.060477,0.012312,-0.001580,0.402679,0.011227,545.750,0,0.063546,0.000000,0.172241,0.365887
tracking_cdrone3_20260822_114411_168_milestone4,milestone4,1787424266.317249060,target_map,1,1,2,predicted,-11.414189,-1.323172,-0.206152,-4.337879,-0.155547,-0.146122,0.156830,13.091088,702.000,1,2.891502,2.891502,1.162026,1.072875
tracking_cdrone3_20260822_114411_168_milestone4,milestone4,1787424266.317249060,target_map,4,8,0,detected,-11.941424,-0.506024,1.706490,-0.060477,0.012312,-0.001580,0.392675,0.011227,545.750,0,0.161345,0.000000,0.206471,0.390336
tracking_cdrone3_20260822_114411_168_milestone4,milestone4,1787424266.365722656,raw,8,8,0,detected,-11.930665,-0.505852,1.705629,0.004333,0.009331,-0.004825,0.409180,0.018530,545.750,0,0.000000,0.000000,0.000000,0.000000
tracking_cdrone3_20260822_114411_168_milestone4,milestone4,1787424266.418037891,target_map,1,1,2,predicted,-11.851433,-1.338851,-0.220881,-4.337879,-0.155547,-0.146122,0.142569,13.091088,702.000,1,2.992298,2.992298,1.197304,1.098075
tracking_cdrone3_20260822_114411_168_milestone4,milestone4,1787424266.418037891,target_map,4,8,0,detected,-11.931771,-0.505377,1.705479,-0.024832,0.010673,-0.003365,0.404622,0.018530,545.750,0,0.044555,0.000000,0.165594,0.361139
tracking_cdrone3_20260822_114411_168_milestone4,milestone4,1787424266.517320871,target_map,1,1,2,predicted,-12.282032,-1.354291,-0.235386,-4.337879,-0.155547,-0.146122,0.128525,13.091088,702.000,1,3.091563,3.091563,1.232047,1.122891
tracking_cdrone3_20260822_114411_168_milestone4,milestone4,1787424266.517320871,target_map,4,8,0,detected,-11.934237,-0.504317,1.705145,-0.024832,0.010673,-0.003365,0.394468,0.018530,545.750,0,0.143820,0.000000,0.200337,0.385955
tracking_cdrone3_20260822_114411_168_milestone4,milestone4,1787424266.614344597,raw,8,8,0,detected,-11.943517,-0.501130,1.701978,-0.051689,0.018992,-0.014686,0.409180,0.019278,545.750,0,0.000000,0.000000,0.000000,0.000000
tracking_cdrone3_20260822_114411_168_milestone4,milestone4,1787424266.619074106,target_map,1,1,2,predicted,-12.723542,-1.370123,-0.250258,-4.337879,-0.155547,-0.146122,0.114125,13.091088,702.000,1,3.193343,3.193343,1.267670,1.148336
tracking_cdrone3_20260822_114411_168_milestone4,milestone4,1787424266.619074106,target_map,4,8,0,detected,-11.943580,-0.501106,1.701962,-0.039603,0.015248,-0.009592,0.409016,0.019278,545.750,0,0.001600,0.000000,0.150560,0.350400
tracking_cdrone3_20260822_114411_168_milestone4,milestone4,1787424266.717242002,target_map,1,1,2,predicted,-13.149305,-1.385390,-0.264600,-4.337879,-0.155547,-0.146122,0.100239,13.091088,702.000,1,3.291493,3.291493,1.302023,1.172873
tracking_cdrone3_20260822_114411_168_milestone4,milestone4,1787424266.717242002,target_map,4,8,0,detected,-11.947467,-0.499609,1.701021,-0.039603,0.015248,-0.009592,0.398976,0.019278,545.750,0,0.099750,0.000000,0.184913,0.374938
tracking_cdrone3_20260822_114411_168_milestone4,milestone4,1787424266.817231417,target_map,1,1,2,predicted,-13.583047,-1.400943,-0.279210,-4.337879,-0.155547,-0.146122,0.086093,13.091088,702.000,1,3.391483,3.391483,1.337019,1.197871
tracking_cdrone3_20260822_114411_168_milestone4,milestone4,1787424266.817231417,target_map,4,8,0,detected,-11.951427,-0.498084,1.700062,-0.039603,0.015248,-0.009592,0.388747,0.019278,545.750,0,0.199740,0.000000,0.219909,0.399935
tracking_cdrone3_20260822_114411_168_milestone4,milestone4,1787424266.866676569,raw,8,8,1,held,-11.958958,-0.497823,1.693618,-0.061197,0.013108,-0.033134,0.409180,0.020037,545.750,0,0.252309,0.252309,0.000000,0.000000
tracking_cdrone3_20260822_114411_168_milestone4,milestone4,1787424266.917421103,target_map,1,1,2,predicted,-14.017675,-1.416528,-0.293851,-4.337879,-0.155547,-0.146122,0.071917,13.091088,702.000,1,3.491677,3.491677,1.372087,1.222919
tracking_cdrone3_20260822_114411_168_milestone4,milestone4,1787424266.917421103,target_map,4,8,1,held,-11.961050,-0.497251,1.692701,-0.051480,0.014071,-0.022540,0.379212,0.020037,545.750,0,0.292957,0.000000,0.164227,0.360162
tracking_cdrone3_20260822_114411_168_milestone4,milestone4,1787424267.017131567,target_map,1,1,2,predicted,-14.450162,-1.432036,-0.308419,-4.337879,-0.155547,-0.146122,0.057812,13.091088,702.000,1,3.591377,3.591377,1.406982,1.247844
tracking_cdrone3_20260822_114411_168_milestone4,milestone4,1787424267.017131567,target_map,4,8,1,held,-11.966183,-0.495848,1.690454,-0.051480,0.014071,-0.022540,0.369013,0.020037,545.750,0,0.392657,0.000000,0.199122,0.385087
tracking_cdrone3_20260822_114411_168_milestone4,milestone4,1787424267.117324591,target_map,1,1,2,predicted,-14.884787,-1.447621,-0.323060,-4.337879,-0.155547,-0.146122,0.043637,13.091088,702.000,1,3.691570,3.691570,1.442049,1.272892
tracking_cdrone3_20260822_114411_168_milestone4,milestone4,1787424267.117324591,target_map,4,8,1,held,-11.971341,-0.494438,1.688196,-0.051480,0.014071,-0.022540,0.358764,0.020037,545.750,0,0.492850,0.000000,0.234189,0.410135
tracking_cdrone3_20260822_114411_168_milestone4,milestone4,1787424267.217219830,target_map,1,1,2,predicted,-15.318165,-1.463161,-0.337658,-4.337879,-0.155547,-0.146122,0.029502,13.091088,702.000,1,3.791475,3.791475,1.477016,1.297869
tracking_cdrone3_20260822_114411_168_milestone4,milestone4,1787424267.217219830,target_map,4,8,2,predicted,-11.976483,-0.493032,1.685944,-0.051480,0.014071,-0.022540,0.348544,0.020037,545.750,0,0.592756,0.592756,0.269156,0.435112
tracking_cdrone3_20260822_114411_168_milestone4,milestone4,1787424267.317241430,target_map,1,1,2,predicted,-15.752017,-1.478717,-0.352272,-4.337879,-0.155547,-0.146122,0.015352,13.091088,702.000,1,3.891490,3.891490,1.512022,1.322873
tracking_cdrone3_20260822_114411_168_milestone4,milestone4,1787424267.317241430,target_map,4,8,2,predicted,-11.981632,-0.491625,1.683690,-0.051480,0.014071,-0.022540,0.338313,0.020037,545.750,0,0.692771,0.692771,0.304162,0.460115
tracking_cdrone3_20260822_114411_168_milestone4,milestone4,1787424267.343493223,raw,8,8,0,detected,-11.975132,-0.497603,1.682996,0.000000,0.000000,0.000000,0.624512,0.019237,560.500,0,0.000000,0.000000,0.000000,0.000000
tracking_cdrone3_20260822_114411_168_milestone4,milestone4,1787424267.417917728,target_map,1,1,2,predicted,-16.188763,-1.494378,-0.366984,-4.337879,-0.155547,-0.146122,0.001108,13.091088,702.000,1,3.992172,3.992172,1.547260,1.348043
tracking_cdrone3_20260822_114411_168_milestone4,milestone4,1787424267.417917728,target_map,4,8,0,detected,-11.976260,-0.497506,1.682323,-0.016922,0.001446,-0.010088,0.614103,0.019237,560.500,0,0.066670,0.000000,0.173334,0.366667
tracking_cdrone3_20260822_114411_168_milestone4,milestone4,1787424267.517320633,target_map,1,1,2,predicted,-16.619913,-1.509838,-0.381508,-4.337879,-0.155547,-0.146122,0.000000,13.091088,702.000,1,4.091564,4.091564,1.582047,1.372891
tracking_cdrone3_20260822_114411_168_milestone4,milestone4,1787424267.517320633,target_map,4,8,0,detected,-11.977942,-0.497362,1.681320,-0.016922,0.001446,-0.010088,0.598585,0.019237,560.500,0,0.166062,0.000000,0.208122,0.391515
tracking_cdrone3_20260822_114411_168_milestone4,milestone4,1787424267.596219063,raw,8,8,0,detected,-11.983753,-0.499626,1.677597,-0.034113,-0.008006,-0.021362,0.537598,0.018641,827.750,0,0.000000,0.000000,0.000000,0.000000
tracking_cdrone3_20260822_114411_168_milestone4,milestone4,1787424267.617220402,target_map,1,1,2,predicted,-17.052965,-1.525367,-0.396095,-4.337879,-0.155547,-0.146122,0.000000,13.091088,702.000,1,4.191394,4.191394,1.616988,1.397848
tracking_cdrone3_20260822_114411_168_milestone4,milestone4,1787424267.617220402,target_map,4,8,0,detected,-11.984182,-0.499687,1.677332,-0.026377,-0.003752,-0.016289,0.535412,0.018641,827.750,0,0.016259,0.000000,0.155691,0.354065
tracking_cdrone3_20260822_114411_168_milestone4,milestone4,1787424267.717750072,target_map,1,1,2,predicted,-17.489386,-1.541016,-0.410796,-4.337879,-0.155547,-0.146122,0.000000,13.091088,702.000,1,4.292001,4.292001,1.652200,1.423000
tracking_cdrone3_20260822_114411_168_milestone4,milestone4,1787424267.717750072,target_map,4,8,0,detected,-11.986835,-0.500064,1.675693,-0.026377,-0.003752,-0.016289,0.521891,0.018641,827.750,0,0.116866,0.000000,0.190903,0.379216
tracking_cdrone3_20260822_114411_168_milestone4,milestone4,1787424267.817352295,target_map,1,1,2,predicted,-17.921402,-1.556507,-0.425348,-4.337879,-0.155547,-0.146122,0.000000,13.091088,702.000,1,4.391593,4.391593,1.687057,1.447898
tracking_cdrone3_20260822_114411_168_milestone4,milestone4,1787424267.817352295,target_map,4,8,0,detected,-11.989463,-0.500438,1.674071,-0.026377,-0.003752,-0.016289,0.508506,0.018641,827.750,0,0.216457,0.000000,0.225760,0.404114
tracking_cdrone3_20260822_114411_168_milestone4,milestone4,1787424267.853253365,raw,8,8,1,held,-11.996484,-0.504686,1.671690,-0.049531,-0.019688,-0.022980,0.537598,0.018037,827.750,0,0.257027,0.257027,0.000000,0.000000
tracking_cdrone3_20260822_114411_168_milestone4,milestone4,1787424267.917194843,target_map,1,1,2,predicted,-18.354574,-1.572040,-0.439940,-4.337879,-0.155547,-0.146122,0.000000,13.091088,702.000,1,4.491451,4.491451,1.722008,1.472863
tracking_cdrone3_20260822_114411_168_milestone4,milestone4,1787424267.917194843,target_map,4,8,1,held,-11.998836,-0.505439,1.670490,-0.039112,-0.012517,-0.019969,0.494972,0.018037,827.750,0,0.317155,0.000000,0.171045,0.365032
tracking_cdrone3_20260822_114411_168_milestone4,milestone4,1787424268.017636061,target_map,1,1,2,predicted,-18.790218,-1.587661,-0.454615,-4.337879,-0.155547,-0.146122,0.000000,13.091088,702.000,1,4.591879,4.591879,1.757158,1.497970
tracking_cdrone3_20260822_114411_168_milestone4,milestone4,1787424268.017636061,target_map,4,8,1,held,-12.002764,-0.506696,1.668484,-0.039112,-0.012517,-0.019969,0.481475,0.018037,827.750,0,0.417583,0.000000,0.206195,0.390139
tracking_cdrone3_20260822_114411_168_milestone4,milestone4,1787424268.091479301,raw,8,8,1,held,-12.002037,-0.506710,1.669290,-0.023309,-0.008494,-0.010075,0.537598,0.017479,827.750,0,0.495286,0.495286,0.000000,0.000000
tracking_cdrone3_20260822_114411_168_milestone4,milestone4,1787424268.117624044,target_map,1,1,2,predicted,-19.224010,-1.603216,-0.469227,-4.337879,-0.155547,-0.146122,0.000000,13.091088,702.000,1,4.691880,4.691880,1.792158,1.522970
tracking_cdrone3_20260822_114411_168_milestone4,milestone4,1787424268.117624044,target_map,4,8,1,held,-12.002668,-0.506924,1.668988,-0.030420,-0.010305,-0.014527,0.468243,0.017479,827.750,0,0.516030,0.000000,0.157261,0.355186
tracking_cdrone3_20260822_114411_168_milestone4,milestone4,1787424268.217310190,target_map,1,1,2,predicted,-19.656387,-1.618720,-0.483792,-4.337879,-0.155547,-0.146122,0.000000,13.091088,702.000,1,4.791554,4.791554,1.827044,1.547889
tracking_cdrone3_20260822_114411_168_milestone4,milestone4,1787424268.217310190,target_map,4,8,1,held,-12.005700,-0.507951,1.667540,-0.030420,-0.010305,-0.014527,0.454847,0.017479,827.750,0,0.615705,0.000000,0.192147,0.380105
tracking_cdrone3_20260822_114411_168_milestone4,milestone4,1787424268.317287922,target_map,1,1,2,predicted,-20.090086,-1.634271,-0.498401,-4.337879,-0.155547,-0.146122,0.000000,13.091088,702.000,1,4.891534,4.891534,1.862037,1.572883
tracking_cdrone3_20260822_114411_168_milestone4,milestone4,1787424268.317287922,target_map,4,8,1,held,-12.008741,-0.508981,1.666088,-0.030420,-0.010305,-0.014527,0.441410,0.017479,827.750,0,0.715684,0.000000,0.227140,0.405100
tracking_cdrone3_20260822_114411_168_milestone4,milestone4,1787424268.417812347,target_map,1,1,2,predicted,-20.526180,-1.649909,-0.513091,-4.337879,-0.155547,-0.146122,0.000000,13.091088,702.000,1,4.992065,4.992065,1.897223,1.598016
tracking_cdrone3_20260822_114411_168_milestone4,milestone4,1787424268.417812347,target_map,4,8,2,predicted,-12.011800,-0.510017,1.664628,-0.030420,-0.010305,-0.014527,0.427899,0.017479,827.750,0,0.816216,0.816216,0.262326,0.430233
tracking_cdrone3_20260822_114411_168_milestone4,milestone4,1787424268.524331331,target_map,4,8,2,predicted,-12.015040,-0.511115,1.663080,-0.030420,-0.010305,-0.014527,0.413583,0.017479,827.750,0,0.922732,0.922732,0.299606,0.456862
tracking_cdrone3_20260822_114411_168_milestone4,milestone4,1787424268.618617296,target_map,4,8,2,predicted,-12.017908,-0.512086,1.661710,-0.030420,-0.010305,-0.014527,0.400910,0.017479,827.750,0,1.017028,1.017028,0.332610,0.480436
tracking_cdrone3_20260822_114411_168_milestone4,milestone4,1787424268.717299700,target_map,4,8,2,predicted,-12.020910,-0.513103,1.660277,-0.030420,-0.010305,-0.014527,0.387649,0.017479,827.750,0,1.115694,1.115694,0.367143,0.505102
tracking_cdrone3_20260822_114411_168_milestone4,milestone4,1787424268.817493439,target_map,4,8,2,predicted,-12.023957,-0.514136,1.658821,-0.030420,-0.010305,-0.014527,0.374184,0.017479,827.750,0,1.215883,1.215883,0.402209,0.530150
tracking_cdrone3_20260822_114411_168_milestone4,milestone4,1787424268.917200327,target_map,4,8,2,predicted,-12.026991,-0.515163,1.657373,-0.030420,-0.010305,-0.014527,0.360781,0.017479,827.750,0,1.315608,1.315608,0.437113,0.555081
tracking_cdrone3_20260822_114411_168_milestone4,milestone4,1787424269.017113686,target_map,4,8,2,predicted,-12.030030,-0.516193,1.655921,-0.030420,-0.010305,-0.014527,0.347354,0.017479,827.750,0,1.415513,1.415513,0.472079,0.580057
tracking_cdrone3_20260822_114411_168_milestone4,milestone4,1787424269.120376825,target_map,4,8,2,predicted,-12.033172,-0.517257,1.654421,-0.030420,-0.010305,-0.014527,0.333475,0.017479,827.750,0,1.518774,1.518774,0.508221,0.605872
tracking_cdrone3_20260822_114411_168_milestone4,milestone4,1787424269.217189074,target_map,4,8,2,predicted,-12.036118,-0.518255,1.653015,-0.030420,-0.010305,-0.014527,0.320462,0.017479,827.750,0,1.615602,1.615602,0.542111,0.630079
tracking_cdrone3_20260822_114411_168_milestone4,milestone4,1787424269.317221165,target_map,4,8,2,predicted,-12.039160,-0.519285,1.651561,-0.030420,-0.010305,-0.014527,0.307019,0.017479,827.750,0,1.715623,1.715623,0.577118,0.655084
tracking_cdrone3_20260822_114411_168_milestone4,milestone4,1787424269.417153835,target_map,4,8,2,predicted,-12.042200,-0.520315,1.650110,-0.030420,-0.010305,-0.014527,0.293588,0.017479,827.750,0,1.815558,1.815558,0.612096,0.680068
tracking_cdrone3_20260822_114411_168_milestone4,milestone4,1787424269.517283678,target_map,4,8,2,predicted,-12.045245,-0.521347,1.648655,-0.030420,-0.010305,-0.014527,0.280131,0.017479,827.750,0,1.915684,1.915684,0.647140,0.705100
tracking_cdrone3_20260822_114411_168_milestone4,milestone4,1787424269.617295980,target_map,4,8,2,predicted,-12.048287,-0.522377,1.647203,-0.030420,-0.010305,-0.014527,0.266692,0.017479,827.750,0,2.015675,2.015675,0.682136,0.730097
tracking_cdrone3_20260822_114411_168_milestone4,milestone4,1787424269.717276573,target_map,4,8,2,predicted,-12.051330,-0.523408,1.645750,-0.030420,-0.010305,-0.014527,0.253252,0.017479,827.750,0,2.115677,2.115677,0.717137,0.755098
tracking_cdrone3_20260822_114411_168_milestone4,milestone4,1787424269.817371130,target_map,4,8,2,predicted,-12.054374,-0.524439,1.644296,-0.030420,-0.010305,-0.014527,0.239802,0.017479,827.750,0,2.215754,2.215754,0.752164,0.780117
tracking_cdrone3_20260822_114411_168_milestone4,milestone4,1787424269.917216063,target_map,4,8,2,predicted,-12.057412,-0.525468,1.642845,-0.030420,-0.010305,-0.014527,0.226379,0.017479,827.750,0,2.315623,2.315623,0.787118,0.805084
tracking_cdrone3_20260822_114411_168_milestone4,milestone4,1787424270.017285109,target_map,4,8,2,predicted,-12.060454,-0.526499,1.641392,-0.030420,-0.010305,-0.014527,0.212935,0.017479,827.750,0,2.415654,2.415654,0.822129,0.830092
tracking_cdrone3_20260822_114411_168_milestone4,milestone4,1787424270.117134809,target_map,4,8,2,predicted,-12.063494,-0.527528,1.639941,-0.030420,-0.010305,-0.014527,0.199509,0.017479,827.750,0,2.515548,2.515548,0.857092,0.855066
tracking_cdrone3_20260822_114411_168_milestone4,milestone4,1787424270.216980696,target_map,4,8,2,predicted,-12.066530,-0.528557,1.638490,-0.030420,-0.010305,-0.014527,0.186092,0.017479,827.750,0,2.615382,2.615382,0.892034,0.880024
tracking_cdrone3_20260822_114411_168_milestone4,milestone4,1787424270.317267418,target_map,4,8,2,predicted,-12.069581,-0.529590,1.637034,-0.030420,-0.010305,-0.014527,0.172614,0.017479,827.750,0,2.715662,2.715662,0.927132,0.905094
tracking_cdrone3_20260822_114411_168_milestone4,milestone4,1787424270.425080776,target_map,4,8,2,predicted,-12.072861,-0.530701,1.635467,-0.030420,-0.010305,-0.014527,0.158123,0.017479,827.750,0,2.823487,2.823487,0.964871,0.932050
tracking_cdrone3_20260822_114411_168_milestone4,milestone4,1787424270.517376900,target_map,4,8,2,predicted,-12.075668,-0.531652,1.634127,-0.030420,-0.010305,-0.014527,0.145720,0.017479,827.750,0,2.915770,2.915770,0.997169,0.955121
tracking_cdrone3_20260822_114411_168_milestone4,milestone4,1787424270.617259741,target_map,4,8,2,predicted,-12.078707,-0.532682,1.632675,-0.030420,-0.010305,-0.014527,0.132295,0.017479,827.750,0,3.015658,3.015658,1.032130,0.980093
tracking_cdrone3_20260822_114411_168_milestone4,milestone4,1787424270.717147350,target_map,4,8,2,predicted,-12.081745,-0.533711,1.631225,-0.030420,-0.010305,-0.014527,0.118871,0.017479,827.750,0,3.115537,3.115537,1.067088,1.005063
tracking_cdrone3_20260822_114411_168_milestone4,milestone4,1787424270.818346977,target_map,4,8,2,predicted,-12.084825,-0.534754,1.629754,-0.030420,-0.010305,-0.014527,0.105268,0.017479,827.750,0,3.216753,3.216753,1.102513,1.030367
tracking_cdrone3_20260822_114411_168_milestone4,milestone4,1787424270.917336702,target_map,4,8,2,predicted,-12.087831,-0.535773,1.628318,-0.030420,-0.010305,-0.014527,0.091979,0.017479,827.750,0,3.315627,3.315627,1.137119,1.055085
tracking_cdrone3_20260822_114411_168_milestone4,milestone4,1787424271.014336109,raw,10,10,0,detected,-12.070848,-0.506059,1.593633,0.000000,0.000000,0.000000,0.480225,0.019879,617.500,0,0.000000,0.000000,0.000000,0.000000
tracking_cdrone3_20260822_114411_168_milestone4,milestone4,1787424271.017269850,target_map,4,8,2,predicted,-12.090876,-0.536804,1.626864,-0.030420,-0.010305,-0.014527,0.078533,0.017479,827.750,0,3.415673,3.415673,1.172136,1.080097
tracking_cdrone3_20260822_114411_168_milestone4,milestone4,1787424271.117172003,target_map,4,10,0,detected,-12.071856,-0.506029,1.592487,-0.010451,0.000314,-0.011875,0.468642,0.019879,617.500,0,0.096478,0.000000,0.183767,0.374120
tracking_cdrone3_20260822_114411_168_milestone4,milestone4,1787424271.217087507,target_map,4,10,0,detected,-12.072901,-0.505997,1.591301,-0.010451,0.000314,-0.011875,0.456645,0.019879,617.500,0,0.196401,0.000000,0.218740,0.399100
tracking_cdrone3_20260822_114411_168_milestone4,milestone4,1787424271.271337032,raw,10,10,0,detected,-12.072813,-0.512209,1.584193,-0.007646,-0.023929,-0.036731,0.569824,0.019754,568.750,0,0.000000,0.000000,0.000000,0.000000
tracking_cdrone3_20260822_114411_168_milestone4,milestone4,1787424271.317110777,target_map,4,10,0,detected,-12.073172,-0.512733,1.583165,-0.008908,-0.013020,-0.025546,0.564092,0.019754,568.750,0,0.040240,0.000000,0.164084,0.360060
tracking_cdrone3_20260822_114411_168_milestone4,milestone4,1787424271.417181969,target_map,4,10,0,detected,-12.074063,-0.514036,1.580608,-0.008908,-0.013020,-0.025546,0.549836,0.019754,568.750,0,0.140313,0.000000,0.199109,0.385078
tracking_cdrone3_20260822_114411_168_milestone4,milestone4,1787424271.475594997,raw,10,10,0,detected,-12.076057,-0.515090,1.577174,-0.015881,-0.014105,-0.034363,0.408203,0.008503,513.000,1,0.000000,0.000000,0.000000,0.000000
tracking_cdrone3_20260822_114411_168_milestone4,milestone4,1787424271.522134066,target_map,4,10,0,detected,-12.076612,-0.515683,1.575850,-0.012743,-0.013616,-0.030395,0.403758,0.008503,513.000,1,0.043559,0.000000,0.165246,0.360890
tracking_cdrone3_20260822_114411_168_milestone4,milestone4,1787424271.618127346,target_map,4,10,0,detected,-12.077836,-0.516990,1.572933,-0.012743,-0.013616,-0.030395,0.393963,0.008503,513.000,1,0.139542,0.000000,0.198840,0.384885
tracking_cdrone3_20260822_114411_168_milestone4,milestone4,1787424271.696946859,raw,10,10,0,detected,-12.068359,-0.517095,1.574330,0.034777,-0.009058,-0.012846,0.462891,0.008990,617.500,0,0.000000,0.000000,0.000000,0.000000
tracking_cdrone3_20260822_114411_168_milestone4,milestone4,1787424271.717221260,target_map,4,10,0,detected,-12.068129,-0.517286,1.573974,0.013393,-0.011109,-0.020743,0.460900,0.008990,617.500,0,0.017205,0.000000,0.156022,0.354301
tracking_cdrone3_20260822_114411_168_milestone4,milestone4,1787424271.817575216,target_map,4,10,0,detected,-12.066785,-0.518401,1.571892,0.013393,-0.011109,-0.020743,0.449289,0.008990,617.500,0,0.117540,0.000000,0.191139,0.379385
tracking_cdrone3_20260822_114411_168_milestone4,milestone4,1787424271.905284643,raw,10,10,0,detected,-12.051775,-0.519369,1.571536,0.079605,-0.010913,-0.013413,0.442871,0.017608,1182.500,0,0.000000,0.000000,0.000000,0.000000
tracking_cdrone3_20260822_114411_168_milestone4,milestone4,1787424271.917222261,target_map,4,10,0,detected,-12.051327,-0.519468,1.571386,0.049809,-0.011001,-0.016711,0.441875,0.017608,1182.500,0,0.008999,0.000000,0.153150,0.352250
tracking_cdrone3_20260822_114411_168_milestone4,milestone4,1787424272.017448664,target_map,4,10,0,detected,-12.046335,-0.520570,1.569711,0.049809,-0.011001,-0.016711,0.430780,0.017608,1182.500,0,0.109204,0.000000,0.188221,0.377301
tracking_cdrone3_20260822_114411_168_milestone4,milestone4,1787424272.117132902,target_map,4,10,0,detected,-12.041369,-0.521667,1.568045,0.049809,-0.011001,-0.016711,0.419742,0.017608,1182.500,0,0.208905,0.000000,0.223117,0.402226
tracking_cdrone3_20260822_114411_168_milestone4,milestone4,1787424272.125437737,raw,10,10,1,held,-12.035079,-0.522533,1.570183,0.075830,-0.014372,-0.006145,0.442871,0.026721,1182.500,0,0.220176,0.220176,0.000000,0.000000
tracking_cdrone3_20260822_114411_168_milestone4,milestone4,1787424272.217208624,target_map,4,10,1,held,-12.029929,-0.523565,1.569308,0.064121,-0.012855,-0.010900,0.409602,0.026721,1182.500,0,0.300486,0.000000,0.178108,0.370077
tracking_cdrone3_20260822_114411_168_milestone4,milestone4,1787424272.317641020,target_map,4,10,1,held,-12.023491,-0.524856,1.568213,0.064121,-0.012855,-0.010900,0.398484,0.026721,1182.500,0,0.400901,0.000000,0.213254,0.395181
tracking_cdrone3_20260822_114411_168_milestone4,milestone4,1787424272.384111404,raw,10,10,0,detected,-12.034956,-0.529908,1.556612,0.000474,-0.028516,-0.052472,0.685059,0.017658,672.750,0,0.000000,0.000000,0.000000,0.000000
tracking_cdrone3_20260822_114411_168_milestone4,milestone4,1787424272.419952154,target_map,4,10,0,detected,-12.034060,-0.530569,1.555573,0.029115,-0.021468,-0.033764,0.679790,0.017658,672.750,0,0.030761,0.000000,0.160766,0.357690
tracking_cdrone3_20260822_114411_168_milestone4,milestone4,1787424272.517209530,target_map,4,10,0,detected,-12.031229,-0.532656,1.552289,0.029115,-0.021468,-0.033764,0.663134,0.017658,672.750,0,0.128014,0.000000,0.194805,0.382003
tracking_cdrone3_20260822_114411_168_milestone4,milestone4,1787424272.606537342,raw,10,10,1,held,-12.033264,-0.533268,1.522241,0.007607,-0.015106,-0.154528,0.685059,0.017682,672.750,0,0.222420,0.222420,0.000000,0.000000
tracking_cdrone3_20260822_114411_168_milestone4,milestone4,1787424272.618097305,target_map,4,10,1,held,-12.033109,-0.533430,1.521342,0.017286,-0.017969,-0.100184,0.645428,0.017682,672.750,0,0.231401,0.000000,0.153143,0.352245
tracking_cdrone3_20260822_114411_168_milestone4,milestone4,1787424272.717222691,target_map,4,10,1,held,-12.031396,-0.535211,1.511411,0.017286,-0.017969,-0.100184,0.628451,0.017682,672.750,0,0.330525,0.000000,0.187837,0.377026
tracking_cdrone3_20260822_114411_168_milestone4,milestone4,1787424272.817249537,target_map,4,10,1,held,-12.029667,-0.537008,1.501390,0.017286,-0.017969,-0.100184,0.611320,0.017682,672.750,0,0.430552,0.000000,0.222846,0.402033
tracking_cdrone3_20260822_114411_168_milestone4,milestone4,1787424272.842324018,raw,10,10,0,detected,-12.041249,-0.534948,1.501155,-0.033863,-0.007123,-0.089422,0.461182,0.009714,619.750,0,0.000000,0.000000,0.000000,0.000000
tracking_cdrone3_20260822_114411_168_milestone4,milestone4,1787424272.917108536,target_map,4,10,0,detected,-12.042006,-0.535785,1.494577,-0.010846,-0.012004,-0.094265,0.453136,0.009714,619.750,0,0.069780,0.000000,0.174423,0.367445
tracking_cdrone3_20260822_114411_168_milestone4,milestone4,1787424273.017386436,target_map,4,10,0,detected,-12.043094,-0.536989,1.485128,-0.010846,-0.012004,-0.094265,0.441579,0.009714,619.750,0,0.170018,0.000000,0.209506,0.392505
tracking_cdrone3_20260822_114411_168_milestone4,milestone4,1787424273.095147133,raw,10,10,0,detected,-12.043192,-0.537952,1.470290,-0.007686,-0.011885,-0.122091,0.575684,0.009194,638.250,0,0.000000,0.000000,0.000000,0.000000
tracking_cdrone3_20260822_114411_168_milestone4,milestone4,1787424273.117290497,target_map,4,10,0,detected,-12.043349,-0.538159,1.468392,-0.009108,-0.011939,-0.109569,0.573191,0.009194,638.250,0,0.017321,0.000000,0.156062,0.354330
tracking_cdrone3_20260822_114411_168_milestone4,milestone4,1787424273.217301846,target_map,4,10,0,detected,-12.044260,-0.539353,1.457435,-0.009108,-0.011939,-0.109569,0.558798,0.009194,638.250,0,0.117324,0.000000,0.191063,0.379331
tracking_cdrone3_20260822_114411_168_milestone4,milestone4,1787424273.317160845,target_map,4,10,0,detected,-12.045170,-0.540545,1.446496,-0.009108,-0.011939,-0.109569,0.544430,0.009194,638.250,0,0.217161,0.000000,0.226006,0.404290
tracking_cdrone3_20260822_114411_168_milestone4,milestone4,1787424273.356412172,raw,10,10,0,detected,-12.045025,-0.540927,1.427669,-0.007013,-0.011383,-0.163126,0.575684,0.010182,638.250,0,0.000000,0.000000,0.000000,0.000000
tracking_cdrone3_20260822_114411_168_milestone4,milestone4,1787424273.423149109,target_map,4,10,0,detected,-12.045443,-0.541538,1.420367,-0.007956,-0.011633,-0.139026,0.568124,0.010182,638.250,0,0.052526,0.000000,0.168384,0.363131
tracking_cdrone3_20260822_114411_168_milestone4,milestone4,1787424273.517138958,target_map,4,10,0,detected,-12.046190,-0.542631,1.407300,-0.007956,-0.011633,-0.139026,0.554597,0.010182,638.250,0,0.146516,0.000000,0.201281,0.386629
tracking_cdrone3_20260822_114411_168_milestone4,milestone4,1787424273.617192745,target_map,4,10,0,detected,-12.046987,-0.543795,1.393390,-0.007956,-0.011633,-0.139026,0.540197,0.010182,638.250,0,0.246571,0.000000,0.236300,0.411643
tracking_cdrone3_20260822_114411_168_milestone4,milestone4,1787424273.661365271,raw,10,10,0,detected,-12.040784,-0.545537,1.363776,0.013897,-0.015111,-0.209400,0.588867,0.019512,608.000,0,0.000000,0.000000,0.000000,0.000000
tracking_cdrone3_20260822_114411_168_milestone4,milestone4,1787424273.728554726,target_map,4,10,0,detected,-12.040523,-0.546407,1.352358,0.004063,-0.013546,-0.177732,0.579410,0.019512,608.000,0,0.064241,0.000000,0.172484,0.366060
tracking_cdrone3_20260822_114411_168_milestone4,milestone4,1787424273.817297220,target_map,4,10,0,detected,-12.040162,-0.547610,1.336587,0.004063,-0.013546,-0.177732,0.566346,0.019512,608.000,0,0.152978,0.000000,0.203542,0.388244
tracking_cdrone3_20260822_114411_168_milestone4,milestone4,1787424273.896704197,raw,10,10,0,detected,-12.051882,-0.547393,1.338541,-0.047188,-0.007891,-0.107299,0.719238,0.009669,710.000,0,0.000000,0.000000,0.000000,0.000000
tracking_cdrone3_20260822_114411_168_milestone4,milestone4,1787424273.917344809,target_map,4,10,0,detected,-12.052271,-0.547562,1.336297,-0.024125,-0.010436,-0.138994,0.716336,0.009669,710.000,0,0.016141,0.000000,0.155649,0.354035
tracking_cdrone3_20260822_114411_168_milestone4,milestone4,1787424274.017375469,target_map,4,10,0,detected,-12.054685,-0.548605,1.322393,-0.024125,-0.010436,-0.138994,0.698349,0.009669,710.000,0,0.116174,0.000000,0.190661,0.379043
tracking_cdrone3_20260822_114411_168_milestone4,milestone4,1787424274.117226362,target_map,4,10,0,detected,-12.057093,-0.549647,1.308519,-0.024125,-0.010436,-0.138994,0.680401,0.009669,710.000,0,0.215993,0.000000,0.225598,0.403998
tracking_cdrone3_20260822_114411_168_milestone4,milestone4,1787424274.169325829,raw,10,10,0,detected,-12.044799,-0.552036,1.307403,0.025983,-0.017033,-0.114228,0.504883,0.018150,650.000,0,0.000000,0.000000,0.000000,0.000000
tracking_cdrone3_20260822_114411_168_milestone4,milestone4,1787424274.217254877,target_map,4,10,0,detected,-12.044647,-0.552659,1.301854,0.003435,-0.014064,-0.125373,0.499296,0.018150,650.000,0,0.044263,0.000000,0.165492,0.361066
tracking_cdrone3_20260822_114411_168_milestone4,milestone4,1787424274.317064047,target_map,4,10,0,detected,-12.044304,-0.554062,1.289339,0.003435,-0.014064,-0.125373,0.486697,0.018150,650.000,0,0.144080,0.000000,0.200428,0.386020
tracking_cdrone3_20260822_114411_168_milestone4,milestone4,1787424274.417416096,target_map,4,10,0,detected,-12.043960,-0.555473,1.276760,0.003435,-0.014064,-0.125373,0.474033,0.018150,650.000,0,0.244410,0.000000,0.235544,0.411103
tracking_cdrone3_20260822_114411_168_milestone4,milestone4,1787424274.426226139,raw,10,10,0,detected,-12.046093,-0.557426,1.266531,-0.005038,-0.020982,-0.159096,0.504883,0.019740,650.000,0,0.000000,0.000000,0.000000,0.000000
tracking_cdrone3_20260822_114411_168_milestone4,milestone4,1787424274.517106056,target_map,4,10,0,detected,-12.046195,-0.558913,1.254560,-0.001225,-0.017869,-0.143920,0.494385,0.019740,650.000,0,0.083174,0.000000,0.179111,0.370793
tracking_cdrone3_20260822_114411_168_milestone4,milestone4,1787424274.617395639,target_map,4,10,0,detected,-12.046318,-0.560704,1.240130,-0.001225,-0.017869,-0.143920,0.481728,0.019740,650.000,0,0.183443,0.000000,0.214205,0.395861
tracking_cdrone3_20260822_114411_168_milestone4,milestone4,1787424274.690885305,raw,10,10,0,detected,-12.061614,-0.567037,1.190133,-0.058645,-0.036312,-0.288666,0.743164,0.010348,787.500,0,0.000000,0.000000,0.000000,0.000000
tracking_cdrone3_20260822_114411_168_milestone4,milestone4,1787424274.716860294,target_map,4,10,0,detected,-12.062351,-0.567666,1.185107,-0.032806,-0.028013,-0.223530,0.738987,0.010348,787.500,0,0.022483,0.000000,0.157869,0.355621
tracking_cdrone3_20260822_114411_168_milestone4,milestone4,1787424274.817234039,target_map,4,10,0,detected,-12.065644,-0.570478,1.162673,-0.032806,-0.028013,-0.223530,0.720341,0.010348,787.500,0,0.122845,0.000000,0.192996,0.380711
tracking_cdrone3_20260822_114411_168_milestone4,milestone4,1787424274.917423010,target_map,4,10,0,detected,-12.068931,-0.573284,1.140280,-0.032806,-0.028013,-0.223530,0.701727,0.010348,787.500,0,0.223028,0.000000,0.228060,0.405757
tracking_cdrone3_20260822_114411_168_milestone4,milestone4,1787424274.936239004,raw,10,10,0,detected,-12.054790,-0.572300,1.153801,0.027810,-0.021449,-0.148070,0.702148,0.019199,608.000,0,0.000000,0.000000,0.000000,0.000000
tracking_cdrone3_20260822_114411_168_milestone4,milestone4,1787424275.017139435,target_map,4,10,0,detected,-12.054754,-0.573955,1.141452,0.000532,-0.024403,-0.182027,0.690240,0.019199,608.000,0,0.067842,0.000000,0.173745,0.366961
tracking_cdrone3_20260822_114411_168_milestone4,milestone4,1787424275.117231131,target_map,4,10,0,detected,-12.054701,-0.576398,1.123232,0.000532,-0.024403,-0.182027,0.672670,0.019199,608.000,0,0.167934,0.000000,0.208777,0.391983
tracking_cdrone3_20260822_114411_168_milestone4,milestone4,1787424275.185241222,raw,10,10,0,detected,-12.055757,-0.576014,1.126924,-0.003880,-0.014917,-0.107938,0.753906,0.019122,735.000,0,0.000000,0.000000,0.000000,0.000000
tracking_cdrone3_20260822_114411_168_milestone4,milestone4,1787424275.217235565,target_map,4,10,0,detected,-12.055812,-0.576575,1.122792,-0.001894,-0.019186,-0.141278,0.748393,0.019122,735.000,0,0.029253,0.000000,0.160238,0.357313
tracking_cdrone3_20260822_114411_168_milestone4,milestone4,1787424275.317191362,target_map,4,10,0,detected,-12.056002,-0.578493,1.108670,-0.001894,-0.019186,-0.141278,0.729553,0.019122,735.000,0,0.129209,0.000000,0.195223,0.382302
tracking_cdrone3_20260822_114411_168_milestone4,milestone4,1787424275.416996717,target_map,4,10,0,detected,-12.056190,-0.580408,1.094570,-0.001894,-0.019186,-0.141278,0.710742,0.019122,735.000,0,0.229015,0.000000,0.230155,0.407254
tracking_cdrone3_20260822_114411_168_milestone4,milestone4,1787424275.443460226,raw,10,10,0,detected,-12.065107,-0.584117,1.071861,-0.036214,-0.031382,-0.213255,0.493164,0.010958,704.000,0,0.000000,0.000000,0.000000,0.000000
tracking_cdrone3_20260822_114411_168_milestone4,milestone4,1787424275.517340660,target_map,4,10,0,detected,-12.066564,-0.585933,1.059176,-0.020770,-0.025894,-0.180865,0.484518,0.010958,704.000,0,0.070131,0.000000,0.174546,0.367533
tracking_cdrone3_20260822_114411_168_milestone4,milestone4,1787424275.617206097,target_map,4,10,0,detected,-12.068638,-0.588519,1.041114,-0.020770,-0.025894,-0.180865,0.472205,0.010958,704.000,0,0.169997,0.000000,0.209499,0.392499
tracking_cdrone3_20260822_114411_168_milestone4,milestone4,1787424275.697864294,raw,10,10,0,detected,-12.067399,-0.591444,1.020571,-0.009007,-0.028800,-0.201601,0.638184,0.009651,1064.000,0,0.000000,0.000000,0.000000,0.000000
tracking_cdrone3_20260822_114411_168_milestone4,milestone4,1787424275.717220545,target_map,4,10,0,detected,-12.067615,-0.591859,1.017672,-0.014300,-0.027492,-0.192270,0.635778,0.009651,1064.000,0,0.015076,0.000000,0.155276,0.353769
tracking_cdrone3_20260822_114411_168_milestone4,milestone4,1787424275.817109346,target_map,4,10,0,detected,-12.069043,-0.594605,0.998467,-0.014300,-0.027492,-0.192270,0.619842,0.009651,1064.000,0,0.114962,0.000000,0.190237,0.378740
tracking_cdrone3_20260822_114411_168_milestone4,milestone4,1787424275.917218924,target_map,4,10,0,detected,-12.070475,-0.597357,0.979219,-0.014300,-0.027492,-0.192270,0.603870,0.009651,1064.000,0,0.215069,0.000000,0.225274,0.403767
tracking_cdrone3_20260822_114411_168_milestone4,milestone4,1787424275.945626974,raw,10,10,0,detected,-12.069603,-0.598795,0.970312,-0.008897,-0.029667,-0.202839,0.601074,0.008873,985.500,0,0.000000,0.000000,0.000000,0.000000
tracking_cdrone3_20260822_114411_168_milestone4,milestone4,1787424276.018308878,target_map,4,10,0,detected,-12.070395,-0.600799,0.956478,-0.011328,-0.028689,-0.198083,0.590580,0.008873,985.500,0,0.069836,0.000000,0.174443,0.367459
tracking_cdrone3_20260822_114411_168_milestone4,milestone4,1787424276.117210627,target_map,4,10,0,detected,-12.071514,-0.603636,0.936890,-0.011328,-0.028689,-0.198083,0.575720,0.008873,985.500,0,0.168727,0.000000,0.209054,0.392182
tracking_cdrone3_20260822_114411_168_milestone4,milestone4,1787424276.217236280,target_map,4,10,2,predicted,-12.072647,-0.606505,0.917077,-0.011328,-0.028689,-0.198083,0.560690,0.008873,985.500,0,0.268750,0.268750,0.244063,0.417188
tracking_cdrone3_20260822_114411_168_milestone4,milestone4,1787424276.222806931,raw,10,10,0,detected,-12.070912,-0.610002,0.892528,-0.004723,-0.040436,-0.280650,0.599121,0.010077,912.500,0,0.000000,0.000000,0.000000,0.000000
tracking_cdrone3_20260822_114411_168_milestone4,milestone4,1787424276.317181826,target_map,4,10,0,detected,-12.071602,-0.613150,0.870719,-0.007695,-0.035150,-0.243495,0.585706,0.010077,912.500,0,0.089565,0.000000,0.181348,0.372391
tracking_cdrone3_20260822_114411_168_milestone4,milestone4,1787424276.417542696,target_map,4,10,0,detected,-12.072373,-0.616677,0.846286,-0.007695,-0.035150,-0.243495,0.570677,0.010077,912.500,0,0.189908,0.000000,0.216468,0.397477
tracking_cdrone3_20260822_114411_168_milestone4,milestone4,1787424276.481947184,raw,10,10,0,detected,-12.071017,-0.613797,0.860791,-0.000405,-0.014644,-0.122455,0.496094,0.011158,776.250,0,0.000000,0.000000,0.000000,0.000000
tracking_cdrone3_20260822_114411_168_milestone4,milestone4,1787424276.517018795,target_map,4,10,0,detected,-12.071103,-0.614355,0.856658,-0.003686,-0.023871,-0.176923,0.493196,0.011158,776.250,0,0.023364,0.000000,0.158177,0.355841
tracking_cdrone3_20260822_114411_168_milestone4,milestone4,1787424276.617484808,target_map,4,10,0,detected,-12.071474,-0.616753,0.838885,-0.003686,-0.023871,-0.176923,0.480737,0.011158,776.250,0,0.123819,0.000000,0.193337,0.380955
tracking_cdrone3_20260822_114411_168_milestone4,milestone4,1787424276.717237711,target_map,4,10,0,detected,-12.071841,-0.619134,0.821236,-0.003686,-0.023871,-0.176923,0.468365,0.011158,776.250,0,0.223573,0.000000,0.228250,0.405893
tracking_cdrone3_20260822_114411_168_milestone4,milestone4,1787424276.732268333,raw,10,10,0,detected,-12.072581,-0.617105,0.829543,-0.006247,-0.013213,-0.124827,0.575684,0.010684,869.500,0,0.000000,0.000000,0.000000,0.000000
tracking_cdrone3_20260822_114411_168_milestone4,milestone4,1787424276.817641973,target_map,4,10,0,detected,-12.072990,-0.618551,0.817635,-0.005094,-0.018009,-0.148271,0.564125,0.010684,869.500,0,0.080315,0.000000,0.178110,0.370079
tracking_cdrone3_20260822_114411_168_milestone4,milestone4,1787424276.917185783,target_map,4,10,0,detected,-12.073498,-0.620344,0.802877,-0.005094,-0.018009,-0.148271,0.549799,0.010684,869.500,0,0.179853,0.000000,0.212949,0.394963
tracking_cdrone3_20260822_114411_168_milestone4,milestone4,1787424276.991520882,raw,10,10,0,detected,-12.073114,-0.621321,0.800145,-0.002055,-0.016265,-0.113401,0.575684,0.011031,869.500,0,0.000000,0.000000,0.000000,0.000000
tracking_cdrone3_20260822_114411_168_milestone4,milestone4,1787424277.017322779,target_map,4,10,0,detected,-12.073171,-0.621604,0.798009,-0.003423,-0.017050,-0.129092,0.573302,0.011031,869.500,0,0.016546,0.000000,0.155791,0.354136
tracking_cdrone3_20260822_114411_168_milestone4,milestone4,1787424277.116997004,target_map,4,10,0,detected,-12.073512,-0.623303,0.785142,-0.003423,-0.017050,-0.129092,0.558958,0.011031,869.500,0,0.116216,0.000000,0.190676,0.379054
tracking_cdrone3_20260822_114411_168_milestone4,milestone4,1787424277.217093229,target_map,4,10,0,detected,-12.073854,-0.625010,0.772220,-0.003423,-0.017050,-0.129092,0.544551,0.011031,869.500,0,0.216318,0.000000,0.225711,0.404079
tracking_cdrone3_20260822_114411_168_milestone4,milestone4,1787424277.229941845,raw,10,10,0,detected,-12.066088,-0.627399,0.771964,0.029473,-0.025495,-0.118215,0.575684,0.018523,869.500,0,0.000000,0.000000,0.000000,0.000000
tracking_cdrone3_20260822_114411_168_milestone4,milestone4,1787424277.317223310,target_map,4,10,0,detected,-12.064879,-0.629187,0.761820,0.014670,-0.021695,-0.123109,0.563825,0.018523,869.500,0,0.082396,0.000000,0.178839,0.370599
tracking_cdrone3_20260822_114411_168_milestone4,milestone4,1787424277.417124510,target_map,4,10,0,detected,-12.063414,-0.631354,0.749521,0.014670,-0.021695,-0.123109,0.549447,0.018523,869.500,0,0.182296,0.000000,0.213804,0.395574
tracking_cdrone3_20260822_114411_168_milestone4,milestone4,1787424277.485890627,raw,10,10,0,detected,-12.064336,-0.633795,0.757016,0.006845,-0.024985,-0.058399,0.575684,0.018454,869.500,0,0.000000,0.000000,0.000000,0.000000
tracking_cdrone3_20260822_114411_168_milestone4,milestone4,1787424277.517579556,target_map,4,10,0,detected,-12.064069,-0.634401,0.754758,0.010366,-0.023505,-0.087519,0.571970,0.018454,869.500,0,0.025804,0.000000,0.159031,0.356451
tracking_cdrone3_20260822_114411_168_milestone4,milestone4,1787424277.617490768,target_map,4,10,0,detected,-12.063033,-0.636749,0.746015,0.010366,-0.023505,-0.087519,0.557592,0.018454,869.500,0,0.125703,0.000000,0.193996,0.381426
tracking_cdrone3_20260822_114411_168_milestone4,milestone4,1787424277.707922220,raw,10,10,0,detected,-12.063809,-0.636889,0.747630,0.002370,-0.013934,-0.042270,0.575684,0.017881,869.500,0,0.000000,0.000000,0.000000,0.000000
tracking_cdrone3_20260822_114411_168_milestone4,milestone4,1787424277.717103481,target_map,4,10,0,detected,-12.063781,-0.636975,0.747334,0.005968,-0.018241,-0.062632,0.575004,0.017881,869.500,0,0.004722,0.000000,0.151653,0.351180
tracking_cdrone3_20260822_114411_168_milestone4,milestone4,1787424277.817523956,target_map,4,10,0,detected,-12.063182,-0.638807,0.741044,0.005968,-0.018241,-0.062632,0.560549,0.017881,869.500,0,0.105158,0.000000,0.186805,0.376290
tracking_cdrone3_20260822_114411_168_milestone4,milestone4,1787424277.917120695,target_map,4,10,0,detected,-12.062588,-0.640623,0.734806,0.005968,-0.018241,-0.062632,0.546216,0.017881,869.500,0,0.204751,0.000000,0.221663,0.401188
tracking_cdrone3_20260822_114411_168_milestone4,milestone4,1787424277.967109203,raw,10,10,0,detected,-12.061935,-0.638547,0.739637,0.007233,-0.006399,-0.030839,0.575684,0.019057,869.500,0,0.000000,0.000000,0.000000,0.000000
tracking_cdrone3_20260822_114411_168_milestone4,milestone4,1787424278.017208099,target_map,4,10,0,detected,-12.061623,-0.639097,0.737521,0.006663,-0.011728,-0.045146,0.568937,0.019057,869.500,0,0.046877,0.000000,0.166407,0.361719
tracking_cdrone3_20260822_114411_168_milestone4,milestone4,1787424278.117305279,target_map,4,10,0,detected,-12.060956,-0.640271,0.733003,0.006663,-0.011728,-0.045146,0.554533,0.019057,869.500,0,0.146961,0.000000,0.201437,0.386740
tracking_cdrone3_20260822_114411_168_milestone4,milestone4,1787424278.195809126,raw,10,10,0,detected,-12.059922,-0.639854,0.721054,0.008804,-0.005714,-0.081261,0.607910,0.019674,945.000,0,0.000000,0.000000,0.000000,0.000000
tracking_cdrone3_20260822_114411_168_milestone4,milestone4,1787424278.219280005,target_map,4,10,0,detected,-12.059791,-0.639995,0.719963,0.007841,-0.008420,-0.065009,0.605361,0.019674,945.000,0,0.016771,0.000000,0.155870,0.354193
tracking_cdrone3_20260822_114411_168_milestone4,milestone4,1787424278.317103148,target_map,4,10,0,detected,-12.059024,-0.640819,0.713604,0.007841,-0.008420,-0.065009,0.590495,0.019674,945.000,0,0.114588,0.000000,0.190106,0.378647
tracking_cdrone3_20260822_114411_168_milestone4,milestone4,1787424278.418409824,target_map,4,10,0,detected,-12.058229,-0.641671,0.707021,0.007841,-0.008420,-0.065009,0.575106,0.019674,945.000,0,0.215850,0.000000,0.225548,0.403963
tracking_cdrone3_20260822_114411_168_milestone4,milestone4,1787424278.461792946,raw,10,10,0,detected,-12.059348,-0.639770,0.694213,0.002159,0.000315,-0.100911,0.647949,0.018007,804.000,0,0.000000,0.000000,0.000000,0.000000
tracking_cdrone3_20260822_114411_168_milestone4,milestone4,1787424278.516939640,target_map,4,10,0,detected,-12.059105,-0.639957,0.689839,0.004716,-0.003616,-0.084755,0.639589,0.018007,804.000,0,0.051609,0.000000,0.168063,0.362902
tracking_cdrone3_20260822_114411_168_milestone4,milestone4,1787424278.617269993,target_map,4,10,0,detected,-12.058632,-0.640319,0.681337,0.004716,-0.003616,-0.084755,0.623340,0.018007,804.000,0,0.151923,0.000000,0.203173,0.387981
tracking_cdrone3_20260822_114411_168_milestone4,milestone4,1787424278.717472792,target_map,4,10,2,predicted,-12.058159,-0.640682,0.672844,0.004716,-0.003616,-0.084755,0.607106,0.018007,804.000,0,0.252137,0.252137,0.238248,0.413034
tracking_cdrone3_20260822_114411_168_milestone4,milestone4,1787424278.817201853,target_map,4,10,2,predicted,-12.057689,-0.641042,0.664391,0.004716,-0.003616,-0.084755,0.590952,0.018007,804.000,0,0.351863,0.351863,0.273152,0.437966
tracking_cdrone3_20260822_114411_168_milestone4,milestone4,1787424278.917244196,target_map,4,10,2,predicted,-12.057217,-0.641404,0.655913,0.004716,-0.003616,-0.084755,0.574747,0.018007,804.000,0,0.451900,0.451900,0.308165,0.462975
tracking_cdrone3_20260822_114411_168_milestone4,milestone4,1787424279.017383814,target_map,4,10,2,predicted,-12.056745,-0.641766,0.647425,0.004716,-0.003616,-0.084755,0.558525,0.018007,804.000,0,0.552046,0.552046,0.343216,0.488011
tracking_cdrone3_20260822_114411_168_milestone4,milestone4,1787424279.117237568,target_map,4,10,2,predicted,-12.056274,-0.642127,0.638962,0.004716,-0.003616,-0.084755,0.542351,0.018007,804.000,0,0.651895,0.651895,0.378163,0.512974
tracking_cdrone3_20260822_114411_168_milestone4,milestone4,1787424279.217497587,target_map,4,10,2,predicted,-12.055801,-0.642490,0.630464,0.004716,-0.003616,-0.084755,0.526109,0.018007,804.000,0,0.752156,0.752156,0.413255,0.538039
tracking_cdrone3_20260822_114411_168_milestone4,milestone4,1787424279.318057537,target_map,4,10,2,predicted,-12.055327,-0.642853,0.621942,0.004716,-0.003616,-0.084755,0.509820,0.018007,804.000,0,0.852715,0.852715,0.448450,0.563179
tracking_cdrone3_20260822_114411_168_milestone4,milestone4,1787424279.417261124,target_map,4,10,2,predicted,-12.054859,-0.643212,0.613534,0.004716,-0.003616,-0.084755,0.493751,0.018007,804.000,0,0.951916,0.951916,0.483171,0.587979
tracking_cdrone3_20260822_114411_168_milestone4,milestone4,1787424279.516970873,target_map,4,10,2,predicted,-12.054389,-0.643572,0.605082,0.004716,-0.003616,-0.084755,0.477598,0.018007,804.000,0,1.051635,1.051635,0.518072,0.612909
tracking_cdrone3_20260822_114411_168_milestone4,milestone4,1787424279.617396355,target_map,4,10,2,predicted,-12.053915,-0.643935,0.596572,0.004716,-0.003616,-0.084755,0.461332,0.018007,804.000,0,1.152050,1.152050,0.553217,0.638012
tracking_cdrone3_20260822_114411_168_milestone4,milestone4,1787424279.717302799,target_map,4,10,2,predicted,-12.053444,-0.644297,0.588104,0.004716,-0.003616,-0.084755,0.445147,0.018007,804.000,0,1.251961,1.251961,0.588186,0.662990
tracking_cdrone3_20260822_114411_168_milestone4,milestone4,1787424279.817269325,target_map,4,10,2,predicted,-12.052973,-0.644658,0.579632,0.004716,-0.003616,-0.084755,0.428955,0.018007,804.000,0,1.351920,1.351920,0.623172,0.687980
tracking_cdrone3_20260822_114411_168_milestone4,milestone4,1787424279.917260408,target_map,4,10,2,predicted,-12.052502,-0.645020,0.571159,0.004716,-0.003616,-0.084755,0.412762,0.018007,804.000,0,1.451885,1.451885,0.658160,0.712971
tracking_cdrone3_20260822_114411_168_milestone4,milestone4,1787424280.017353296,target_map,4,10,2,predicted,-12.052030,-0.645382,0.562673,0.004716,-0.003616,-0.084755,0.396543,0.018007,804.000,0,1.552011,1.552011,0.693204,0.738003
tracking_cdrone3_20260822_114411_168_milestone4,milestone4,1787424280.117221117,target_map,4,10,2,predicted,-12.051558,-0.645743,0.554208,0.004716,-0.003616,-0.084755,0.380365,0.018007,804.000,0,1.651884,1.651884,0.728159,0.762971
tracking_cdrone3_20260822_114411_168_milestone4,milestone4,1787424280.217203856,target_map,4,10,2,predicted,-12.051087,-0.646104,0.545734,0.004716,-0.003616,-0.084755,0.364169,0.018007,804.000,0,1.751868,1.751868,0.763154,0.787967
tracking_cdrone3_20260822_114411_168_milestone4,milestone4,1787424280.318139076,target_map,4,10,2,predicted,-12.050611,-0.646469,0.537180,0.004716,-0.003616,-0.084755,0.347819,0.018007,804.000,0,1.852798,1.852798,0.798479,0.813200
tracking_cdrone3_20260822_114411_168_milestone4,milestone4,1787424280.417351484,target_map,4,10,2,predicted,-12.050143,-0.646828,0.528771,0.004716,-0.003616,-0.084755,0.331748,0.018007,804.000,0,1.952012,1.952012,0.833204,0.838003
tracking_cdrone3_20260822_114411_168_milestone4,milestone4,1787424280.517398119,target_map,4,10,2,predicted,-12.049671,-0.647190,0.520291,0.004716,-0.003616,-0.084755,0.315542,0.018007,804.000,0,2.052060,2.052060,0.868221,0.863015
tracking_cdrone3_20260822_114411_168_milestone4,milestone4,1787424280.618010759,target_map,4,10,2,predicted,-12.049197,-0.647553,0.511765,0.004716,-0.003616,-0.084755,0.299246,0.018007,804.000,0,2.152660,2.152660,0.903431,0.888165
tracking_cdrone3_20260822_114411_168_milestone4,milestone4,1787424280.717201233,target_map,4,10,2,predicted,-12.048729,-0.647912,0.503357,0.004716,-0.003616,-0.084755,0.283176,0.018007,804.000,0,2.251865,2.251865,0.938153,0.912966
tracking_cdrone3_20260822_114411_168_milestone4,milestone4,1787424280.817529678,target_map,4,10,2,predicted,-12.048256,-0.648275,0.494853,0.004716,-0.003616,-0.084755,0.266923,0.018007,804.000,0,2.352196,2.352196,0.973269,0.938049
tracking_cdrone3_20260822_114411_168_milestone4,milestone4,1787424280.917468548,target_map,4,10,2,predicted,-12.047785,-0.648636,0.486384,0.004716,-0.003616,-0.084755,0.250737,0.018007,804.000,0,2.452117,2.452117,1.008241,0.963029
tracking_cdrone3_20260822_114411_168_milestone4,milestone4,1787424280.964194059,raw,11,11,0,detected,-12.017451,-0.579694,0.489340,0.000000,0.000000,0.000000,0.533203,0.008676,495.000,0,0.000000,0.000000,0.000000,0.000000
tracking_cdrone3_20260822_114411_168_milestone4,milestone4,1787424281.017297029,target_map,4,11,0,detected,-12.017100,-0.579149,0.487873,0.008703,0.013517,-0.036388,0.527830,0.008676,495.000,0,0.040309,0.000000,0.164108,0.360077
tracking_cdrone3_20260822_114411_168_milestone4,milestone4,1787424281.117240906,target_map,4,11,0,detected,-12.016231,-0.577798,0.484236,0.008703,0.013517,-0.036388,0.514507,0.008676,495.000,0,0.140254,0.000000,0.199089,0.385063
tracking_cdrone3_20260822_114411_168_milestone4,milestone4,1787424281.198577881,raw,11,11,0,detected,-12.004021,-0.573972,0.479972,0.057306,0.024416,-0.039971,0.764648,0.019192,582.750,0,0.000000,0.000000,0.000000,0.000000
tracking_cdrone3_20260822_114411_168_milestone4,milestone4,1787424281.218632460,target_map,4,11,0,detected,-12.003419,-0.573641,0.479320,0.035435,0.019511,-0.038359,0.761401,0.019192,582.750,0,0.016988,0.000000,0.155946,0.354247
tracking_cdrone3_20260822_114411_168_milestone4,milestone4,1787424281.317175865,target_map,4,11,0,detected,-11.999927,-0.571718,0.475540,0.035435,0.019511,-0.038359,0.742563,0.019192,582.750,0,0.115534,0.000000,0.190437,0.378884
tracking_cdrone3_20260822_114411_168_milestone4,milestone4,1787424281.417240620,target_map,4,11,0,detected,-11.996381,-0.569765,0.471702,0.035435,0.019511,-0.038359,0.723435,0.019192,582.750,0,0.215593,0.000000,0.225458,0.403898
tracking_cdrone3_20260822_114411_168_milestone4,milestone4,1787424281.474866629,raw,11,11,0,detected,-12.000028,-0.564106,0.466961,0.014454,0.035710,-0.047093,0.699219,0.019352,653.250,0,0.000000,0.000000,0.000000,0.000000
tracking_cdrone3_20260822_114411_168_milestone4,milestone4,1787424281.517084360,target_map,4,11,0,detected,-11.999121,-0.563027,0.465323,0.023895,0.028421,-0.043162,0.692584,0.019352,653.250,0,0.037958,0.000000,0.163285,0.359489
tracking_cdrone3_20260822_114411_168_milestone4,milestone4,1787424281.617281675,target_map,4,11,0,detected,-11.996727,-0.560180,0.460998,0.023895,0.028421,-0.043162,0.675071,0.019352,653.250,0,0.138144,0.000000,0.198350,0.384536
tracking_cdrone3_20260822_114411_168_milestone4,milestone4,1787424281.695493937,raw,11,11,0,detected,-11.989376,-0.551967,0.447668,0.048266,0.055008,-0.087426,0.575684,0.019724,814.000,0,0.000000,0.000000,0.000000,0.000000
tracking_cdrone3_20260822_114411_168_milestone4,milestone4,1787424281.717344284,target_map,4,11,0,detected,-11.988716,-0.551205,0.446474,0.037299,0.043043,-0.067507,0.573137,0.019724,814.000,0,0.017694,0.000000,0.156193,0.354424
tracking_cdrone3_20260822_114411_168_milestone4,milestone4,1787424281.817684412,target_map,4,11,0,detected,-11.984974,-0.546887,0.439700,0.037299,0.043043,-0.067507,0.558696,0.019724,814.000,0,0.118033,0.000000,0.191311,0.379508
tracking_cdrone3_20260822_114411_168_milestone4,milestone4,1787424281.917426825,target_map,4,11,0,detected,-11.981254,-0.542594,0.432968,0.037299,0.043043,-0.067507,0.544344,0.019724,814.000,0,0.217752,0.000000,0.226213,0.404438
tracking_cdrone3_20260822_114411_168_milestone4,milestone4,1787424281.944668055,raw,11,11,0,detected,-11.994235,-0.548474,0.437013,-0.019502,0.014023,-0.042771,0.636719,0.008572,646.000,0,0.000000,0.000000,0.000000,0.000000
tracking_cdrone3_20260822_114411_168_milestone4,milestone4,1787424282.017243862,target_map,4,11,0,detected,-11.993812,-0.546582,0.433249,0.006059,0.027082,-0.053902,0.625602,0.008572,646.000,0,0.069835,0.000000,0.174442,0.367459
tracking_cdrone3_20260822_114411_168_milestone4,milestone4,1787424282.117118835,target_map,4,11,0,detected,-11.993207,-0.543877,0.427865,0.006059,0.027082,-0.053902,0.609704,0.008572,646.000,0,0.169713,0.000000,0.209399,0.392428
tracking_cdrone3_20260822_114411_168_milestone4,milestone4,1787424282.162500858,raw,11,11,0,detected,-11.978391,-0.546721,0.429146,0.072725,0.008045,-0.036111,0.669922,0.018972,750.000,0,0.000000,0.000000,0.000000,0.000000
tracking_cdrone3_20260822_114411_168_milestone4,milestone4,1787424282.217334270,target_map,4,11,0,detected,-11.976170,-0.545857,0.426852,0.042725,0.016612,-0.044117,0.661216,0.018972,750.000,0,0.051983,0.000000,0.168194,0.362996
tracking_cdrone3_20260822_114411_168_milestone4,milestone4,1787424282.319607496,target_map,4,11,0,detected,-11.971800,-0.544159,0.422340,0.042725,0.016612,-0.044117,0.644086,0.018972,750.000,0,0.154259,0.000000,0.203991,0.388565
tracking_cdrone3_20260822_114411_168_milestone4,milestone4,1787424282.414143562,raw,11,11,0,detected,-11.981925,-0.545155,0.418211,-0.014046,0.006225,-0.043457,0.514648,0.008799,861.000,0,0.000000,0.000000,0.000000,0.000000
tracking_cdrone3_20260822_114411_168_milestone4,milestone4,1787424282.417669535,target_map,4,11,2,predicted,-11.967610,-0.542529,0.418014,0.042725,0.016612,-0.044117,0.627662,0.018972,750.000,0,0.252326,0.252326,0.238314,0.413081
tracking_cdrone3_20260822_114411_168_milestone4,milestone4,1787424282.517142296,target_map,4,11,0,detected,-11.980824,-0.544112,0.414025,0.011501,0.010899,-0.043754,0.502337,0.008799,861.000,0,0.095685,0.000000,0.183490,0.373921
tracking_cdrone3_20260822_114411_168_milestone4,milestone4,1787424282.619140148,target_map,4,11,0,detected,-11.979653,-0.543002,0.409569,0.011501,0.010899,-0.043754,0.489236,0.008799,861.000,0,0.197511,0.000000,0.219129,0.399378
tracking_cdrone3_20260822_114411_168_milestone4,milestone4,1787424282.672673941,raw,11,11,0,detected,-11.958958,-0.539358,0.397665,0.088840,0.022421,-0.079473,0.464600,0.019252,712.250,0,0.000000,0.000000,0.000000,0.000000
tracking_cdrone3_20260822_114411_168_milestone4,milestone4,1787424282.716919899,target_map,4,11,0,detected,-11.956777,-0.538662,0.395106,0.054037,0.017236,-0.063399,0.459911,0.019252,712.250,0,0.040370,0.000000,0.164129,0.360092
tracking_cdrone3_20260822_114411_168_milestone4,milestone4,1787424282.818306684,target_map,4,11,0,detected,-11.951307,-0.536918,0.388690,0.054037,0.017236,-0.063399,0.448156,0.019252,712.250,0,0.141573,0.000000,0.199551,0.385393
tracking_cdrone3_20260822_114411_168_milestone4,milestone4,1787424282.917613268,target_map,4,11,0,detected,-11.945932,-0.535203,0.382383,0.054037,0.017236,-0.063399,0.436602,0.019252,712.250,0,0.241051,0.000000,0.234368,0.410263
tracking_cdrone3_20260822_114411_168_milestone4,milestone4,1787424282.925798655,raw,11,11,0,detected,-11.962310,-0.536982,0.382610,-0.013243,0.009384,-0.059473,0.719238,0.009518,832.500,0,0.000000,0.000000,0.000000,0.000000
tracking_cdrone3_20260822_114411_168_milestone4,milestone4,1787424283.017153025,target_map,4,11,0,detected,-11.960897,-0.535911,0.377532,0.017033,0.012918,-0.061240,0.704330,0.009518,832.500,0,0.082913,0.000000,0.179020,0.370728
tracking_cdrone3_20260822_114411_168_milestone4,milestone4,1787424283.117337465,target_map,4,11,0,detected,-11.959191,-0.534617,0.371398,0.017033,0.012918,-0.061240,0.686319,0.009518,832.500,0,0.183080,0.000000,0.214078,0.395770
tracking_cdrone3_20260822_114411_168_milestone4,milestone4,1787424283.149895668,raw,11,11,0,detected,-11.949928,-0.535829,0.376240,0.055252,0.005149,-0.028426,0.719238,0.018584,832.500,0,0.000000,0.000000,0.000000,0.000000
tracking_cdrone3_20260822_114411_168_milestone4,milestone4,1787424283.217181921,target_map,4,11,0,detected,-11.947542,-0.535287,0.373532,0.038054,0.008645,-0.043193,0.707966,0.018584,832.500,0,0.062693,0.000000,0.171942,0.365673
tracking_cdrone3_20260822_114411_168_milestone4,milestone4,1787424283.317207098,target_map,4,11,0,detected,-11.943736,-0.534422,0.369212,0.038054,0.008645,-0.043193,0.689981,0.018584,832.500,0,0.162715,0.000000,0.206950,0.390679
tracking_cdrone3_20260822_114411_168_milestone4,milestone4,1787424283.417254448,target_map,4,11,2,predicted,-11.939929,-0.533557,0.364891,0.038054,0.008645,-0.043193,0.671992,0.018584,832.500,0,0.262758,0.262758,0.241965,0.415689
tracking_cdrone3_20260822_114411_168_milestone4,milestone4,1787424283.443373680,raw,11,11,0,detected,-11.941982,-0.534085,0.363879,0.027076,0.005942,-0.042120,0.438721,0.019520,789.250,0,0.000000,0.000000,0.000000,0.000000
tracking_cdrone3_20260822_114411_168_milestone4,milestone4,1787424283.517175198,target_map,4,11,0,detected,-11.939752,-0.533586,0.360911,0.032016,0.007158,-0.042603,0.431080,0.019520,789.250,0,0.069665,0.000000,0.174383,0.367416
tracking_cdrone3_20260822_114411_168_milestone4,milestone4,1787424283.617258310,target_map,4,11,0,detected,-11.936548,-0.532870,0.356648,0.032016,0.007158,-0.042603,0.420103,0.019520,789.250,0,0.169742,0.000000,0.209410,0.392435
tracking_cdrone3_20260822_114411_168_milestone4,milestone4,1787424283.693512201,raw,11,11,0,detected,-11.943197,-0.530419,0.336627,-0.004856,0.014654,-0.108932,0.552246,0.007805,792.000,0,0.000000,0.000000,0.000000,0.000000
tracking_cdrone3_20260822_114411_168_milestone4,milestone4,1787424283.718964577,target_map,4,11,0,detected,-11.942935,-0.530167,0.334861,0.011736,0.011281,-0.079084,0.549162,0.007805,792.000,0,0.022337,0.000000,0.157818,0.355584
tracking_cdrone3_20260822_114411_168_milestone4,milestone4,1787424283.817273617,target_map,4,11,0,detected,-11.941781,-0.529058,0.327086,0.011736,0.011281,-0.079084,0.535590,0.007805,792.000,0,0.120640,0.000000,0.192224,0.380160
tracking_cdrone3_20260822_114411_168_milestone4,milestone4,1787424283.917580366,target_map,4,11,0,detected,-11.940604,-0.527926,0.319154,0.011736,0.011281,-0.079084,0.521743,0.007805,792.000,0,0.220939,0.000000,0.227329,0.405235
tracking_cdrone3_20260822_114411_168_milestone4,milestone4,1787424283.958492041,raw,11,11,0,detected,-11.927758,-0.528089,0.329504,0.058268,0.008794,-0.026881,0.564941,0.019162,636.500,0,0.000000,0.000000,0.000000,0.000000
tracking_cdrone3_20260822_114411_168_milestone4,milestone4,1787424284.017426252,target_map,4,11,0,detected,-11.925734,-0.527551,0.326772,0.037329,0.009913,-0.050372,0.557279,0.019162,636.500,0,0.054249,0.000000,0.168987,0.363562
tracking_cdrone3_20260822_114411_168_milestone4,milestone4,1787424284.117269993,target_map,4,11,0,detected,-11.922007,-0.526561,0.321743,0.037329,0.009913,-0.050372,0.543179,0.019162,636.500,0,0.154083,0.000000,0.203929,0.388521
tracking_cdrone3_20260822_114411_168_milestone4,milestone4,1787424284.189149141,raw,11,11,0,detected,-11.922168,-0.528317,0.322439,0.024238,-0.000989,-0.030636,0.688965,0.019645,724.500,0,0.000000,0.000000,0.000000,0.000000
tracking_cdrone3_20260822_114411_168_milestone4,milestone4,1787424284.217185020,target_map,4,11,0,detected,-11.921502,-0.528230,0.321566,0.030129,0.003917,-0.039517,0.685161,0.019645,724.500,0,0.022087,0.000000,0.157730,0.355522
tracking_cdrone3_20260822_114411_168_milestone4,milestone4,1787424284.317181110,target_map,4,11,0,detected,-11.918490,-0.527839,0.317615,0.030129,0.003917,-0.039517,0.667940,0.019645,724.500,0,0.122067,0.000000,0.192724,0.380517
tracking_cdrone3_20260822_114411_168_milestone4,milestone4,1787424284.417235136,target_map,4,11,0,detected,-11.915475,-0.527447,0.313661,0.030129,0.003917,-0.039517,0.650705,0.019645,724.500,0,0.222127,0.000000,0.227745,0.405532
tracking_cdrone3_20260822_114411_168_milestone4,milestone4,1787424284.465948105,raw,11,11,0,detected,-11.923045,-0.533784,0.306946,-0.003172,-0.019750,-0.055971,0.534180,0.007722,850.000,0,0.000000,0.000000,0.000000,0.000000
tracking_cdrone3_20260822_114411_168_milestone4,milestone4,1787424284.517102003,target_map,4,11,0,detected,-11.922564,-0.534155,0.304965,0.011814,-0.009100,-0.048567,0.528732,0.007722,850.000,0,0.040791,0.000000,0.164277,0.360198
tracking_cdrone3_20260822_114411_168_milestone4,milestone4,1787424284.617514610,target_map,4,11,0,detected,-11.921377,-0.535069,0.300089,0.011814,-0.009100,-0.048567,0.515325,0.007722,850.000,0,0.141184,0.000000,0.199415,0.385296
tracking_cdrone3_20260822_114411_168_milestone4,milestone4,1787424284.697096825,raw,11,11,0,detected,-11.901700,-0.541835,0.296699,0.092345,-0.034829,-0.044330,0.760742,0.019108,760.000,0,0.000000,0.000000,0.000000,0.000000
tracking_cdrone3_20260822_114411_168_milestone4,milestone4,1787424284.719302654,target_map,4,11,0,detected,-11.900739,-0.542233,0.295907,0.056106,-0.023251,-0.046237,0.757485,0.019108,760.000,0,0.017128,0.000000,0.155995,0.354282
tracking_cdrone3_20260822_114411_168_milestone4,milestone4,1787424284.817342520,target_map,4,11,0,detected,-11.895240,-0.544512,0.291375,0.056106,-0.023251,-0.046237,0.738845,0.019108,760.000,0,0.115134,0.000000,0.190297,0.378784
tracking_cdrone3_20260822_114411_168_milestone4,milestone4,1787424284.917479992,target_map,4,11,0,detected,-11.889621,-0.546840,0.286745,0.056106,-0.023251,-0.046237,0.719797,0.019108,760.000,0,0.215291,0.000000,0.225352,0.403823
tracking_cdrone3_20260822_114411_168_milestone4,milestone4,1787424284.952720642,raw,11,11,0,detected,-11.893901,-0.548751,0.293125,0.030509,-0.027057,-0.013983,0.715820,0.019857,712.500,0,0.000000,0.000000,0.000000,0.000000
tracking_cdrone3_20260822_114411_168_milestone4,milestone4,1787424285.017205954,target_map,4,11,0,detected,-11.891413,-0.550251,0.291438,0.042028,-0.025345,-0.028497,0.705227,0.019857,712.500,0,0.059194,0.000000,0.170718,0.364798
tracking_cdrone3_20260822_114411_168_milestone4,milestone4,1787424285.117151976,target_map,4,11,0,detected,-11.887213,-0.552784,0.288590,0.042028,-0.025345,-0.028497,0.687341,0.019857,712.500,0,0.159141,0.000000,0.205699,0.389785
tracking_cdrone3_20260822_114411_168_milestone4,milestone4,1787424285.180907249,raw,11,11,0,detected,-11.886374,-0.554102,0.287622,0.032981,-0.023446,-0.024115,0.430176,0.019041,612.000,0,0.000000,0.000000,0.000000,0.000000
tracking_cdrone3_20260822_114411_168_milestone4,milestone4,1787424285.217255354,target_map,4,11,0,detected,-11.885202,-0.554870,0.286796,0.037052,-0.024301,-0.026087,0.426774,0.019041,612.000,0,0.031635,0.000000,0.161072,0.357909
tracking_cdrone3_20260822_114411_168_milestone4,milestone4,1787424285.317119598,target_map,4,11,0,detected,-11.881503,-0.557297,0.284192,0.037052,-0.024301,-0.026087,0.416036,0.019041,612.000,0,0.131477,0.000000,0.196017,0.382869
tracking_cdrone3_20260822_114411_168_milestone4,milestone4,1787424285.417847395,target_map,4,11,0,detected,-11.877770,-0.559745,0.281564,0.037052,-0.024301,-0.026087,0.405202,0.019041,612.000,0,0.232216,0.000000,0.231275,0.408054
tracking_cdrone3_20260822_114411_168_milestone4,milestone4,1787424285.435043097,raw,11,11,0,detected,-11.887814,-0.561399,0.277084,-0.005662,-0.028718,-0.041468,0.514648,0.007703,570.000,0,0.000000,0.000000,0.000000,0.000000
tracking_cdrone3_20260822_114411_168_milestone4,milestone4,1787424285.517144680,target_map,4,11,0,detected,-11.886836,-0.563326,0.274594,0.013559,-0.026730,-0.034546,0.505376,0.007703,570.000,0,0.072065,0.000000,0.175223,0.368016
tracking_cdrone3_20260822_114411_168_milestone4,milestone4,1787424285.617195606,target_map,4,11,0,detected,-11.885480,-0.566000,0.271138,0.013559,-0.026730,-0.034546,0.492504,0.007703,570.000,0,0.172112,0.000000,0.210239,0.393028
tracking_cdrone3_20260822_114411_168_milestone4,milestone4,1787424285.647047520,raw,11,11,0,detected,-11.866576,-0.571473,0.263531,0.100066,-0.047465,-0.063860,0.649902,0.009355,820.000,0,0.000000,0.000000,0.000000,0.000000
tracking_cdrone3_20260822_114411_168_milestone4,milestone4,1787424285.720275402,target_map,4,11,0,detected,-11.862423,-0.574063,0.260089,0.061138,-0.038134,-0.050669,0.638865,0.009355,820.000,0,0.067934,0.000000,0.173777,0.366983
tracking_cdrone3_20260822_114411_168_milestone4,milestone4,1787424285.817348480,target_map,4,11,0,detected,-11.856489,-0.577765,0.255171,0.061138,-0.038134,-0.050669,0.623095,0.009355,820.000,0,0.164995,0.000000,0.207748,0.391249
tracking_cdrone3_20260822_114411_168_milestone4,milestone4,1787424285.886670351,raw,11,11,0,detected,-11.847343,-0.575355,0.253407,0.080337,-0.016216,-0.042286,0.716309,0.019478,830.000,0,0.000000,0.000000,0.000000,0.000000
tracking_cdrone3_20260822_114411_168_milestone4,milestone4,1787424285.917186499,target_map,4,11,0,detected,-11.845346,-0.576081,0.252124,0.071698,-0.026079,-0.046059,0.711321,0.019478,830.000,0,0.027852,0.000000,0.159748,0.356963
tracking_cdrone3_20260822_114411_168_milestone4,milestone4,1787424286.017179728,target_map,4,11,0,detected,-11.838178,-0.578689,0.247519,0.071698,-0.026079,-0.046059,0.693415,0.019478,830.000,0,0.127842,0.000000,0.194745,0.381961
tracking_cdrone3_20260822_114411_168_milestone4,milestone4,1787424286.119523525,target_map,4,11,0,detected,-11.830841,-0.581358,0.242806,0.071698,-0.026079,-0.046059,0.675090,0.019478,830.000,0,0.230171,0.000000,0.230560,0.407543
tracking_cdrone3_20260822_114411_168_milestone4,milestone4,1787424286.150969028,raw,11,11,0,detected,-11.840611,-0.578632,0.247111,0.025470,-0.012399,-0.023822,0.512695,0.019730,968.000,0,0.000000,0.000000,0.000000,0.000000
tracking_cdrone3_20260822_114411_168_milestone4,milestone4,1787424286.217034578,target_map,4,11,0,detected,-11.837877,-0.579729,0.245112,0.046273,-0.018555,-0.033829,0.505121,0.019730,968.000,0,0.059096,0.000000,0.170684,0.364774
tracking_cdrone3_20260822_114411_168_milestone4,milestone4,1787424286.317444563,target_map,4,11,0,detected,-11.833231,-0.581591,0.241716,0.046273,-0.018555,-0.033829,0.492253,0.019730,968.000,0,0.159491,0.000000,0.205822,0.389873
tracking_cdrone3_20260822_114411_168_milestone4,milestone4,1787424286.376387119,raw,11,11,0,detected,-11.833356,-0.585579,0.236786,0.032188,-0.030818,-0.045804,0.744629,0.017779,1120.500,0,0.000000,0.000000,0.000000,0.000000
tracking_cdrone3_20260822_114411_168_milestone4,milestone4,1787424286.419526815,target_map,4,11,0,detected,-11.832139,-0.586378,0.235510,0.038526,-0.025299,-0.040415,0.738751,0.017779,1120.500,0,0.031577,0.000000,0.161052,0.357894
tracking_cdrone3_20260822_114411_168_milestone4,milestone4,1787424286.517219543,target_map,4,11,0,detected,-11.828376,-0.588849,0.231562,0.038526,-0.025299,-0.040415,0.720565,0.017779,1120.500,0,0.129267,0.000000,0.195243,0.382317
tracking_cdrone3_20260822_114411_168_milestone4,milestone4,1787424286.618559599,target_map,4,11,0,detected,-11.824472,-0.591412,0.227467,0.038526,-0.025299,-0.040415,0.701705,0.017779,1120.500,0,0.230578,0.000000,0.230702,0.407645
tracking_cdrone3_20260822_114411_168_milestone4,milestone4,1787424286.641744137,raw,11,11,0,detected,-4.633095,-0.478204,0.584467,27.134312,0.404642,1.310240,0.672363,7.219350,1334.000,0,0.000000,0.000000,0.000000,0.000000
tracking_cdrone3_20260822_114411_168_milestone4,milestone4,1787424286.717052460,target_map,4,11,0,detected,-4.320409,-0.474367,0.598217,4.411728,0.054147,0.194006,0.660450,7.219350,1334.000,0,0.070876,0.000000,0.174807,0.367719
tracking_cdrone3_20260822_114411_168_milestone4,milestone4,1787424286.818937540,target_map,4,11,0,detected,-3.870988,-0.468851,0.617980,4.411728,0.054147,0.194006,0.643326,7.219350,1334.000,0,0.172746,0.000000,0.210461,0.393186
tracking_cdrone3_20260822_114411_168_milestone4,milestone4,1787424286.865849972,raw,11,11,1,held,-4.375796,-0.456912,0.604730,1.148131,0.095011,0.090421,0.672363,7.469350,1334.000,0,0.224102,0.224102,0.000000,0.000000
tracking_cdrone3_20260822_114411_168_milestone4,milestone4,1787424286.917270660,target_map,4,11,1,held,-4.248656,-0.453189,0.611388,2.616750,0.076622,0.137034,0.626527,7.469350,1334.000,0,0.272690,0.000000,0.167005,0.362147
tracking_cdrone3_20260822_114411_168_milestone4,milestone4,1787424287.017096281,target_map,4,11,1,held,-3.987452,-0.445541,0.625067,2.616750,0.076622,0.137034,0.609748,7.469350,1334.000,0,0.372510,0.000000,0.201943,0.387102
tracking_cdrone3_20260822_114411_168_milestone4,milestone4,1787424287.117279768,target_map,4,11,1,held,-3.725313,-0.437865,0.638795,2.616750,0.076622,0.137034,0.592909,7.469350,1334.000,0,0.472687,0.000000,0.237004,0.412146
tracking_cdrone3_20260822_114411_168_milestone4,milestone4,1787424287.134359598,raw,11,11,0,detected,-11.808958,-0.626751,0.193705,-27.680824,-0.632474,-1.530643,0.672363,0.020086,1334.000,1,0.000000,0.000000,0.000000,0.000000
tracking_cdrone3_20260822_114411_168_milestone4,milestone4,1787424287.217275381,target_map,4,11,0,detected,-12.054914,-0.631791,0.179841,-3.214608,-0.065875,-0.181203,0.659502,0.020086,1334.000,1,0.076512,0.000000,0.176779,0.369128
tracking_cdrone3_20260822_114411_168_milestone4,milestone4,1787424287.317195654,target_map,4,11,0,detected,-12.376183,-0.638375,0.161731,-3.214608,-0.065875,-0.181203,0.642703,0.020086,1334.000,1,0.176452,0.000000,0.211758,0.394113
tracking_cdrone3_20260822_114411_168_milestone4,milestone4,1787424287.417489052,target_map,4,11,2,predicted,-12.698558,-0.644981,0.143560,-3.214608,-0.065875,-0.181203,0.625846,0.020086,1334.000,1,0.276736,0.276736,0.246858,0.419184
tracking_cdrone3_20260822_114411_168_milestone4,milestone4,1787424287.466612816,raw,11,11,1,held,-12.056277,-0.641656,0.186641,-0.744423,-0.044862,-0.021264,0.672363,0.229940,1334.000,1,0.332229,0.332229,0.000000,0.000000
tracking_cdrone3_20260822_114411_168_milestone4,milestone4,1787424287.517250776,target_map,4,11,1,held,-12.144102,-0.644226,0.182229,-1.856006,-0.054318,-0.093236,0.608565,0.229940,1334.000,1,0.379549,0.000000,0.166562,0.361830
tracking_cdrone3_20260822_114411_168_milestone4,milestone4,1787424287.617262363,target_map,4,11,1,held,-12.329720,-0.649658,0.172904,-1.856006,-0.054318,-0.093236,0.591754,0.229940,1334.000,1,0.479558,0.000000,0.201565,0.386832
tracking_cdrone3_20260822_114411_168_milestone4,milestone4,1787424287.717186451,target_map,4,11,1,held,-12.515191,-0.655086,0.163587,-1.856006,-0.054318,-0.093236,0.574957,0.229940,1334.000,1,0.579488,0.000000,0.236541,0.411815
tracking_cdrone3_20260822_114411_168_milestone4,milestone4,1787424287.725763083,raw,11,11,0,detected,-11.756702,-0.646689,0.205481,1.156001,-0.019422,0.072700,0.775879,0.019991,1892.000,0,0.000000,0.000000,0.000000,0.000000
tracking_cdrone3_20260822_114411_168_milestone4,milestone4,1787424287.817411184,target_map,4,11,0,detected,-11.773732,-0.649688,0.205312,-0.199402,-0.035125,-0.001971,0.759313,0.019991,1892.000,0,0.085406,0.000000,0.179892,0.371351
tracking_cdrone3_20260822_114411_168_milestone4,milestone4,1787424287.917290449,target_map,4,11,0,detected,-11.793670,-0.653200,0.205115,-0.199402,-0.035125,-0.001971,0.739919,0.019991,1892.000,0,0.185390,0.000000,0.214887,0.396347
tracking_cdrone3_20260822_114411_168_milestone4,milestone4,1787424287.994331837,raw,11,11,0,detected,6.420999,-0.202736,0.920417,67.682343,1.653002,2.661974,0.825195,18.081600,1595.000,0,0.000000,0.000000,0.000000,0.000000
tracking_cdrone3_20260822_114411_168_milestone4,milestone4,1787424288.019531250,target_map,4,11,0,detected,6.493014,-0.201204,0.923294,4.305561,0.091540,0.171981,0.821745,18.081600,1595.000,0,0.016726,0.000000,0.155854,0.354181
tracking_cdrone3_20260822_114411_168_milestone4,milestone4,1787424288.117194891,target_map,4,11,0,detected,6.916144,-0.192208,0.940195,4.305561,0.091540,0.171981,0.801471,18.081600,1595.000,0,0.115001,0.000000,0.190250,0.378750
tracking_cdrone3_20260822_114411_168_milestone4,milestone4,1787424288.217198133,target_map,4,11,0,detected,7.346716,-0.183054,0.957394,4.305561,0.091540,0.171981,0.780840,18.081600,1595.000,0,0.215005,0.000000,0.225252,0.403751
tracking_cdrone3_20260822_114411_168_milestone4,milestone4,1787424288.260134697,raw,11,11,0,detected,-5.187875,-0.461211,0.292540,-43.675339,-0.972445,-2.362224,0.791504,6.386036,1467.750,1,0.000000,0.000000,0.000000,0.000000
tracking_cdrone3_20260822_114411_168_milestone4,milestone4,1787424288.317413330,target_map,4,11,0,detected,-5.321340,-0.464288,0.283832,-2.454990,-0.056607,-0.160181,0.780746,6.386036,1467.750,1,0.054365,0.000000,0.169028,0.363591
tracking_cdrone3_20260822_114411_168_milestone4,milestone4,1787424288.417951345,target_map,4,11,0,detected,-5.568273,-0.469982,0.267720,-2.454990,-0.056607,-0.160181,0.760843,6.386036,1467.750,1,0.154949,0.000000,0.204232,0.388737
tracking_cdrone3_20260822_114411_168_milestone4,milestone4,1787424288.517112970,target_map,4,11,2,predicted,-5.811778,-0.475597,0.251832,-2.454990,-0.056607,-0.160181,0.741216,6.386036,1467.750,1,0.254137,0.254137,0.238948,0.413534
tracking_cdrone3_20260822_114411_168_milestone4,milestone4,1787424288.548839092,raw,11,11,0,detected,-5.347185,-0.474940,0.716204,-0.551798,-0.047554,1.467432,0.765137,6.219293,2146.250,1,0.000000,0.000000,0.000000,0.000000
tracking_cdrone3_20260822_114411_168_milestone4,milestone4,1787424288.617517471,target_map,4,11,0,detected,-5.437910,-0.478266,0.763557,-1.408235,-0.051628,0.735006,0.752813,6.219293,2146.250,1,0.064425,0.000000,0.172549,0.366106
tracking_cdrone3_20260822_114411_168_milestone4,milestone4,1787424288.717446804,target_map,4,11,0,detected,-5.578621,-0.483425,0.836999,-1.408235,-0.051628,0.735006,0.733700,6.219293,2146.250,1,0.164345,0.000000,0.207521,0.391086
tracking_cdrone3_20260822_114411_168_milestone4,milestone4,1787424288.817159414,target_map,4,11,2,predicted,-5.719011,-0.488572,0.910273,-1.408235,-0.051628,0.735006,0.714631,6.219293,2146.250,1,0.264037,0.264037,0.242413,0.416009
tracking_cdrone3_20260822_114411_168_milestone4,milestone4,1787424288.821888447,raw,11,11,0,detected,-4.006729,-0.509014,-0.096572,4.908798,-0.124781,-2.976415,0.832031,7.508701,1787.500,0,0.000000,0.000000,0.000000,0.000000
tracking_cdrone3_20260822_114411_168_milestone4,milestone4,1787424288.917221308,target_map,4,11,0,detected,-3.818181,-0.517397,-0.215778,2.066133,-0.091862,-1.306275,0.813049,7.508701,1787.500,0,0.091256,0.000000,0.181940,0.372814
tracking_cdrone3_20260822_114411_168_milestone4,milestone4,1787424289.017051935,target_map,4,11,0,detected,-3.611920,-0.526568,-0.346182,2.066133,-0.091862,-1.306275,0.792284,7.508701,1787.500,0,0.191086,0.000000,0.216880,0.397771
tracking_cdrone3_20260822_114411_168_milestone4,milestone4,1787424289.096992254,raw,11,11,0,detected,-4.257991,-0.567835,-0.089907,-0.913441,-0.213837,0.024232,0.817871,7.171166,2255.000,1,0.000000,0.000000,0.000000,0.000000
tracking_cdrone3_20260822_114411_168_milestone4,milestone4,1787424289.117073536,target_map,4,11,0,detected,-4.253875,-0.569366,-0.095440,0.427367,-0.158948,-0.574496,0.815902,7.171166,2255.000,1,0.009632,0.000000,0.153371,0.352408
tracking_cdrone3_20260822_114411_168_milestone4,milestone4,1787424289.217128992,target_map,4,11,0,detected,-4.211126,-0.585265,-0.152905,0.427367,-0.158948,-0.574496,0.795449,7.171166,2255.000,1,0.109659,0.000000,0.188381,0.377415
tracking_cdrone3_20260822_114411_168_milestone4,milestone4,1787424289.317595243,target_map,4,11,0,detected,-4.168181,-0.601238,-0.210636,0.427367,-0.158948,-0.574496,0.774903,7.171166,2255.000,1,0.210148,0.000000,0.223552,0.402537
tracking_cdrone3_20260822_114411_168_milestone4,milestone4,1787424289.358615637,raw,11,11,0,detected,-4.489678,-0.563879,0.035117,-0.885548,0.015120,0.477861,0.819824,6.754444,2310.750,1,0.000000,0.000000,0.000000,0.000000
tracking_cdrone3_20260822_114411_168_milestone4,milestone4,1787424289.422165632,target_map,4,11,0,detected,-4.506237,-0.567430,0.035359,-0.294736,-0.063211,0.004300,0.808310,6.754444,2310.750,1,0.056180,0.000000,0.169663,0.364045
tracking_cdrone3_20260822_114411_168_milestone4,milestone4,1787424289.517126322,target_map,4,11,0,detected,-4.534222,-0.573432,0.035767,-0.294736,-0.063211,0.004300,0.788849,6.754444,2310.750,1,0.151129,0.000000,0.202895,0.387782
tracking_cdrone3_20260822_114411_168_milestone4,milestone4,1787424289.618273973,target_map,4,11,2,predicted,-4.564023,-0.579823,0.036202,-0.294736,-0.063211,0.004300,0.768126,6.754444,2310.750,1,0.252240,0.252240,0.238284,0.413060
tracking_cdrone3_20260822_114411_168_milestone4,milestone4,1787424289.625477314,raw,11,11,0,detected,-4.400000,-0.530239,0.130332,0.336059,0.126063,0.356805,0.821777,6.722551,2311.500,1,0.000000,0.000000,0.000000,0.000000
tracking_cdrone3_20260822_114411_168_milestone4,milestone4,1787424289.717304468,target_map,4,11,0,detected,-4.395577,-0.526774,0.147124,0.052201,0.040890,0.198178,0.804369,6.722551,2311.500,1,0.084734,0.000000,0.179657,0.371184
tracking_cdrone3_20260822_114411_168_milestone4,milestone4,1787424289.817386150,target_map,4,11,0,detected,-4.390353,-0.522683,0.166955,0.052201,0.040890,0.198178,0.783811,6.722551,2311.500,1,0.184799,0.000000,0.214680,0.396200
tracking_cdrone3_20260822_114411_168_milestone4,milestone4,1787424289.907346964,raw,11,11,0,detected,-4.081305,-0.520753,0.152558,1.130632,0.033652,0.078852,0.824707,6.935647,2450.000,0,0.000000,0.000000,0.000000,0.000000
tracking_cdrone3_20260822_114411_168_milestone4,milestone4,1787424289.920317411,target_map,4,11,2,predicted,-4.384979,-0.518473,0.187357,0.052201,0.040890,0.198178,0.762661,6.722551,2311.500,1,0.287750,0.287750,0.250712,0.421937
tracking_cdrone3_20260822_114411_168_milestone4,milestone4,1787424290.017318726,target_map,4,11,0,detected,-4.022735,-0.517403,0.164588,0.645338,0.036909,0.132549,0.805995,6.935647,2450.000,0,0.090759,0.000000,0.181766,0.372690
tracking_cdrone3_20260822_114411_168_milestone4,milestone4,1787424290.117432833,target_map,4,11,0,detected,-3.958135,-0.513709,0.177856,0.645338,0.036909,0.132549,0.785356,6.935647,2450.000,0,0.190862,0.000000,0.216802,0.397715
tracking_cdrone3_20260822_114411_168_milestone4,milestone4,1787424290.174190521,raw,11,11,0,detected,-3.966680,-0.485437,-0.132820,0.429556,0.132349,-1.069450,0.811523,6.927754,2821.000,0,0.000000,0.000000,0.000000,0.000000
tracking_cdrone3_20260822_114411_168_milestone4,milestone4,1787424290.217248440,target_map,4,11,0,detected,-3.950447,-0.482681,-0.149112,0.526658,0.089401,-0.528551,0.805270,6.927754,2821.000,0,0.030824,0.000000,0.160788,0.357706
tracking_cdrone3_20260822_114411_168_milestone4,milestone4,1787424290.317410707,target_map,4,11,0,detected,-3.897701,-0.473727,-0.202047,0.526658,0.089401,-0.528551,0.784951,6.927754,2821.000,0,0.130975,0.000000,0.195841,0.382744
tracking_cdrone3_20260822_114411_168_milestone4,milestone4,1787424290.417227983,target_map,4,11,0,detected,-3.845132,-0.464804,-0.254805,0.526658,0.089401,-0.528551,0.764700,6.927754,2821.000,0,0.230792,0.000000,0.230777,0.407698
tracking_cdrone3_20260822_114411_168_milestone4,milestone4,1787424290.430361271,raw,11,11,0,detected,-4.293928,-0.512903,0.124094,-1.277393,-0.107212,1.002850,0.844238,6.440209,2362.500,1,0.000000,0.000000,0.000000,0.000000
tracking_cdrone3_20260822_114411_168_milestone4,milestone4,1787424290.517188549,target_map,4,11,0,detected,-4.333154,-0.514481,0.150527,-0.465570,-0.018736,0.313720,0.826455,6.440209,2362.500,1,0.084255,0.000000,0.179489,0.371064
tracking_cdrone3_20260822_114411_168_milestone4,milestone4,1787424290.617547512,target_map,4,11,0,detected,-4.379877,-0.516362,0.182010,-0.465570,-0.018736,0.313720,0.805274,6.440209,2362.500,1,0.184611,0.000000,0.214614,0.396153
tracking_cdrone3_20260822_114411_168_milestone4,milestone4,1787424290.685856342,raw,11,11,0,detected,-4.737966,-0.550943,0.223148,-1.738017,-0.148893,0.387709,0.798340,5.803736,2535.750,1,0.000000,0.000000,0.000000,0.000000
tracking_cdrone3_20260822_114411_168_milestone4,milestone4,1787424290.717471361,target_map,4,11,0,detected,-4.771463,-0.553539,0.233335,-1.165416,-0.090323,0.354414,0.792603,5.803736,2535.750,1,0.028743,0.000000,0.160060,0.357186
tracking_cdrone3_20260822_114411_168_milestone4,milestone4,1787424290.817059517,target_map,4,11,0,detected,-4.887524,-0.562534,0.268630,-1.165416,-0.090323,0.354414,0.772727,5.803736,2535.750,1,0.128330,0.000000,0.194916,0.382083
tracking_cdrone3_20260822_114411_168_milestone4,milestone4,1787424290.920337677,target_map,4,11,0,detected,-5.007877,-0.571861,0.305231,-1.165416,-0.090323,0.354414,0.752116,5.803736,2535.750,1,0.231601,0.000000,0.231060,0.407900
tracking_cdrone3_20260822_114411_168_milestone4,milestone4,1787424290.950531244,raw,11,11,0,detected,-4.924224,-0.574508,0.162365,-0.703739,-0.089038,-0.229658,0.823242,5.433240,2518.750,1,0.000000,0.000000,0.000000,0.000000
tracking_cdrone3_20260822_114411_168_milestone4,milestone4,1787424291.016950846,target_map,4,11,0,detected,-4.974567,-0.579458,0.164197,-0.911494,-0.089616,0.033174,0.811875,5.433240,2518.750,1,0.055231,0.000000,0.169331,0.363808
tracking_cdrone3_20260822_114411_168_milestone4,milestone4,1787424291.117194653,target_map,4,11,0,detected,-5.065933,-0.588441,0.167522,-0.911494,-0.089616,0.033174,0.791245,5.433240,2518.750,1,0.155469,0.000000,0.204414,0.388867
tracking_cdrone3_20260822_114411_168_milestone4,milestone4,1787424291.208627224,raw,11,11,0,detected,-5.036438,-0.549537,0.162147,-0.434785,0.096755,-0.000843,0.847656,5.205267,2387.000,1,0.000000,0.000000,0.000000,0.000000
tracking_cdrone3_20260822_114411_168_milestone4,milestone4,1787424291.218063593,target_map,4,11,0,detected,-5.038661,-0.549493,0.162197,-0.649304,0.012888,0.014465,0.846931,5.205267,2387.000,1,0.003424,0.000000,0.151198,0.350856
tracking_cdrone3_20260822_114411_168_milestone4,milestone4,1787424291.317373514,target_map,4,11,0,detected,-5.103137,-0.548213,0.163633,-0.649304,0.012888,0.014465,0.825888,5.205267,2387.000,1,0.102725,0.000000,0.185954,0.375681
tracking_cdrone3_20260822_114411_168_milestone4,milestone4,1787424291.417176723,target_map,4,11,0,detected,-5.167943,-0.546926,0.165077,-0.649304,0.012888,0.014465,0.804737,5.205267,2387.000,1,0.202531,0.000000,0.220886,0.400633
tracking_cdrone3_20260822_114411_168_milestone4,milestone4,1787424291.467178106,raw,11,11,0,detected,-5.099860,-0.594005,0.153722,-0.245290,-0.171984,-0.032586,0.784668,5.035541,2713.500,1,0.000000,0.000000,0.000000,0.000000
tracking_cdrone3_20260822_114411_168_milestone4,milestone4,1787424291.517086983,target_map,4,11,0,detected,-5.116754,-0.597517,0.153270,-0.427096,-0.088792,-0.011413,0.776909,5.035541,2713.500,1,0.039555,0.000000,0.163844,0.359889
tracking_cdrone3_20260822_114411_168_milestone4,milestone4,1787424291.617494583,target_map,4,11,0,detected,-5.159636,-0.606432,0.152124,-0.427096,-0.088792,-0.011413,0.757212,5.035541,2713.500,1,0.139961,0.000000,0.198986,0.384990
tracking_cdrone3_20260822_114411_168_milestone4,milestone4,1787424291.717236519,target_map,4,11,0,detected,-5.202235,-0.615288,0.150986,-0.427096,-0.088792,-0.011413,0.737647,5.035541,2713.500,1,0.239700,0.000000,0.233895,0.409925
tracking_cdrone3_20260822_114411_168_milestone4,milestone4,1787424291.753423452,raw,11,11,0,detected,-5.000329,-0.610309,0.119749,0.347714,-0.056961,-0.118685,0.853516,4.906260,2928.750,1,0.000000,0.000000,0.000000,0.000000
tracking_cdrone3_20260822_114411_168_milestone4,milestone4,1787424291.817580700,target_map,4,11,0,detected,-5.000386,-0.614511,0.115598,-0.000950,-0.071285,-0.070413,0.840937,4.906260,2928.750,1,0.058950,0.000000,0.170633,0.364738
tracking_cdrone3_20260822_114411_168_milestone4,milestone4,1787424291.917258739,target_map,4,11,0,detected,-5.000480,-0.621616,0.108581,-0.000950,-0.071285,-0.070413,0.819670,4.906260,2928.750,1,0.158615,0.000000,0.205515,0.389654
tracking_cdrone3_20260822_114411_168_milestone4,milestone4,1787424292.017522097,target_map,4,11,2,predicted,-5.000576,-0.628763,0.101520,-0.000950,-0.071285,-0.070413,0.798275,4.906260,2928.750,1,0.258883,0.258883,0.240609,0.414721
tracking_cdrone3_20260822_114411_168_milestone4,milestone4,1787424292.038237095,raw,11,11,0,detected,-5.052111,-0.575049,0.169867,-0.181799,0.123794,0.175962,0.862793,4.641243,3240.000,1,0.000000,0.000000,0.000000,0.000000
tracking_cdrone3_20260822_114411_168_milestone4,milestone4,1787424292.117211342,target_map,4,11,0,detected,-5.059056,-0.572559,0.174369,-0.100417,0.036009,0.065093,0.847875,4.641243,3240.000,1,0.069162,0.000000,0.174207,0.367291
tracking_cdrone3_20260822_114411_168_milestone4,milestone4,1787424292.217250347,target_map,4,11,0,detected,-5.069101,-0.568957,0.180881,-0.100417,0.036009,0.065093,0.826297,4.641243,3240.000,1,0.169199,0.000000,0.209220,0.392300
tracking_cdrone3_20260822_114411_168_milestone4,milestone4,1787424292.304553747,raw,11,11,0,detected,-5.144981,-0.559600,0.168631,-0.348439,0.057965,-0.004639,0.842285,4.423965,3187.500,1,0.000000,0.000000,0.000000,0.000000
tracking_cdrone3_20260822_114411_168_milestone4,milestone4,1787424292.317415953,target_map,4,11,0,detected,-5.146393,-0.559313,0.168791,-0.236829,0.048085,0.026741,0.841029,4.423965,3187.500,1,0.005964,0.000000,0.152087,0.351491
tracking_cdrone3_20260822_114411_168_milestone4,milestone4,1787424292.417639732,target_map,4,11,0,detected,-5.170130,-0.554494,0.171471,-0.236829,0.048085,0.026741,0.819925,4.423965,3187.500,1,0.106189,0.000000,0.187166,0.376547
tracking_cdrone3_20260822_114411_168_milestone4,milestone4,1787424292.517240047,target_map,4,11,0,detected,-5.193716,-0.549705,0.174134,-0.236829,0.048085,0.026741,0.798954,4.423965,3187.500,1,0.205781,0.000000,0.222023,0.401445
tracking_cdrone3_20260822_114411_168_milestone4,milestone4,1787424292.565455198,raw,11,11,0,detected,-5.199282,-0.575443,0.059188,-0.208311,-0.060778,-0.419842,0.846191,4.259539,3708.250,1,0.000000,0.000000,0.000000,0.000000
tracking_cdrone3_20260822_114411_168_milestone4,milestone4,1787424292.617261171,target_map,4,11,0,detected,-5.210097,-0.576020,0.048484,-0.221144,-0.011790,-0.218880,0.835846,4.259539,3708.250,1,0.048905,0.000000,0.167117,0.362226
tracking_cdrone3_20260822_114411_168_milestone4,milestone4,1787424292.717235088,target_map,4,11,0,detected,-5.232205,-0.577198,0.026603,-0.221144,-0.011790,-0.218880,0.814697,4.259539,3708.250,1,0.148875,0.000000,0.202106,0.387219
tracking_cdrone3_20260822_114411_168_milestone4,milestone4,1787424292.817698717,target_map,4,11,0,detected,-5.254421,-0.578383,0.004614,-0.221144,-0.011790,-0.218880,0.793445,4.259539,3708.250,1,0.249335,0.000000,0.237267,0.412334
tracking_cdrone3_20260822_114411_168_milestone4,milestone4,1787424292.829388618,raw,11,11,0,detected,-5.131171,-0.544500,0.305593,0.258056,0.117234,0.933563,0.813477,4.155766,3253.250,1,0.000000,0.000000,0.000000,0.000000
tracking_cdrone3_20260822_114411_168_milestone4,milestone4,1787424292.917228222,target_map,4,11,0,detected,-5.127636,-0.539568,0.340180,0.042416,0.059173,0.414964,0.796526,4.155766,3253.250,1,0.083350,0.000000,0.179172,0.370837
tracking_cdrone3_20260822_114411_168_milestone4,milestone4,1787424293.017022133,target_map,4,11,0,detected,-5.123403,-0.533663,0.381592,0.042416,0.059173,0.414964,0.776230,4.155766,3253.250,1,0.183148,0.000000,0.214102,0.395787
tracking_cdrone3_20260822_114411_168_milestone4,milestone4,1787424293.117187738,target_map,4,11,2,predicted,-5.119154,-0.527736,0.423156,0.042416,0.059173,0.414964,0.755860,4.155766,3253.250,1,0.283310,0.283310,0.249159,0.420828
tracking_cdrone3_20260822_114411_168_milestone4,milestone4,1787424293.128967047,raw,11,11,0,detected,-5.087727,-0.547504,0.168787,0.145018,-0.010026,-0.456661,0.812012,3.995815,3506.750,1,0.000000,0.000000,0.000000,0.000000
tracking_cdrone3_20260822_114411_168_milestone4,milestone4,1787424293.217074394,target_map,4,11,0,detected,-5.079818,-0.545815,0.163632,0.098847,0.021114,-0.064430,0.795768,3.995815,3506.750,1,0.080015,0.000000,0.178005,0.370004
tracking_cdrone3_20260822_114411_168_milestone4,milestone4,1787424293.317318201,target_map,4,11,0,detected,-5.069910,-0.543698,0.157173,0.098847,0.021114,-0.064430,0.775419,3.995815,3506.750,1,0.180255,0.000000,0.213089,0.395064
tracking_cdrone3_20260822_114411_168_milestone4,milestone4,1787424293.370105505,raw,11,11,0,detected,-5.081096,-0.605708,0.192587,0.027498,-0.241367,0.098697,0.822266,3.821586,3363.000,1,0.000000,0.000000,0.000000,0.000000
tracking_cdrone3_20260822_114411_168_milestone4,milestone4,1787424293.418625116,target_map,4,11,0,detected,-5.078673,-0.610718,0.193615,0.059605,-0.123251,0.025290,0.813910,3.821586,3363.000,1,0.040646,0.000000,0.164226,0.360161
tracking_cdrone3_20260822_114411_168_milestone4,milestone4,1787424293.517032385,target_map,4,11,0,detected,-5.072807,-0.622847,0.196104,0.059605,-0.123251,0.025290,0.793681,3.821586,3363.000,1,0.139054,0.000000,0.198669,0.384764
tracking_cdrone3_20260822_114411_168_milestone4,milestone4,1787424293.617483377,target_map,4,11,0,detected,-5.066826,-0.635214,0.198642,0.059605,-0.123251,0.025290,0.773053,3.821586,3363.000,1,0.239401,0.000000,0.233790,0.409850
tracking_cdrone3_20260822_114411_168_milestone4,milestone4,1787424293.633241415,raw,11,11,0,detected,-5.149187,-0.646896,0.019813,-0.258781,-0.156535,-0.656631,0.852539,3.698102,3805.500,1,0.000000,0.000000,0.000000,0.000000
tracking_cdrone3_20260822_114411_168_milestone4,milestone4,1787424293.717236042,target_map,4,11,0,detected,-5.158600,-0.658432,-0.008691,-0.115507,-0.141557,-0.349767,0.835170,3.698102,3805.500,1,0.081495,0.000000,0.178523,0.370374
tracking_cdrone3_20260822_114411_168_milestone4,milestone4,1787424293.817233801,target_map,4,11,0,detected,-5.170151,-0.672588,-0.043667,-0.115507,-0.141557,-0.349767,0.813856,3.698102,3805.500,1,0.181495,0.000000,0.213523,0.395374
tracking_cdrone3_20260822_114411_168_milestone4,milestone4,1787424293.913362980,raw,11,11,0,detected,-5.143669,-0.644974,0.290701,0.019698,0.006861,0.967018,0.851074,3.561449,4094.000,1,0.000000,0.000000,0.000000,0.000000
tracking_cdrone3_20260822_114411_168_milestone4,milestone4,1787424293.919632196,target_map,4,11,2,predicted,-5.181979,-0.687083,-0.079482,-0.115507,-0.141557,-0.349767,0.792032,3.698102,3805.500,1,0.283890,0.283890,0.249362,0.420973
tracking_cdrone3_20260822_114411_168_milestone4,milestone4,1787424294.017226458,target_map,4,11,0,detected,-5.147564,-0.650647,0.326150,-0.041145,-0.059927,0.374465,0.830932,3.561449,4094.000,1,0.094666,0.000000,0.183133,0.373667
tracking_cdrone3_20260822_114411_168_milestone4,milestone4,1787424294.117269039,target_map,4,11,0,detected,-5.151680,-0.656642,0.363611,-0.041145,-0.059927,0.374465,0.809647,3.561449,4094.000,1,0.194705,0.000000,0.218147,0.398676
tracking_cdrone3_20260822_114411_168_milestone4,milestone4,1787424294.173434258,raw,11,11,0,detected,-5.126945,-0.647540,0.159932,0.064303,-0.009865,-0.502814,0.742676,3.439245,4650.000,1,0.000000,0.000000,0.000000,0.000000
tracking_cdrone3_20260822_114411_168_milestone4,milestone4,1787424294.217226744,target_map,4,11,0,detected,-5.126264,-0.648850,0.155561,0.016852,-0.032393,-0.108038,0.735164,3.439245,4650.000,1,0.040458,0.000000,0.164160,0.360115
tracking_cdrone3_20260822_114411_168_milestone4,milestone4,1787424294.317545414,target_map,4,11,0,detected,-5.124573,-0.652100,0.144723,0.016852,-0.032393,-0.108038,0.716540,3.439245,4650.000,1,0.140768,0.000000,0.199269,0.385192
tracking_cdrone3_20260822_114411_168_milestone4,milestone4,1787424294.417351961,target_map,4,11,0,detected,-5.122891,-0.655333,0.133941,0.016852,-0.032393,-0.108038,0.698010,3.439245,4650.000,1,0.240568,0.000000,0.234199,0.410142
tracking_cdrone3_20260822_114411_168_milestone4,milestone4,1787424294.454345942,raw,11,11,0,detected,-5.111376,-0.680447,0.057985,0.055421,-0.117139,-0.362896,0.864258,3.332630,4797.500,1,0.000000,0.000000,0.000000,0.000000
tracking_cdrone3_20260822_114411_168_milestone4,milestone4,1787424294.516893387,target_map,4,11,0,detected,-5.109213,-0.684937,0.043879,0.038065,-0.079003,-0.248210,0.851979,3.332630,4797.500,1,0.056830,0.000000,0.169891,0.364208
tracking_cdrone3_20260822_114411_168_milestone4,milestone4,1787424294.617341757,target_map,4,11,0,detected,-5.105390,-0.692872,0.018949,0.038065,-0.079003,-0.248210,0.830277,3.332630,4797.500,1,0.157272,0.000000,0.205045,0.389318
tracking_cdrone3_20260822_114411_168_milestone4,milestone4,1787424294.717092037,target_map,4,11,2,predicted,-5.101593,-0.700753,-0.005811,0.038065,-0.079003,-0.248210,0.808724,3.332630,4797.500,1,0.257025,0.257025,0.239959,0.414256
tracking_cdrone3_20260822_114411_168_milestone4,milestone4,1787424294.736220121,raw,11,11,0,detected,-4.988954,-0.609085,0.174003,0.434344,0.253188,0.411622,0.782715,3.211848,4815.000,1,0.000000,0.000000,0.000000,0.000000
tracking_cdrone3_20260822_114411_168_milestone4,milestone4,1787424294.817222357,target_map,4,11,0,detected,-4.971430,-0.601987,0.181853,0.256019,0.103702,0.114697,0.769322,3.211848,4815.000,1,0.068445,0.000000,0.173956,0.367111
tracking_cdrone3_20260822_114411_168_milestone4,milestone4,1787424294.917185068,target_map,4,11,0,detected,-4.945838,-0.591620,0.193319,0.256019,0.103702,0.114697,0.749761,3.211848,4815.000,1,0.168409,0.000000,0.208943,0.392102
tracking_cdrone3_20260822_114411_168_milestone4,milestone4,1787424295.017076254,raw,11,11,0,detected,-5.017192,-0.595152,0.135737,-0.100541,0.049607,-0.136246,0.848145,3.055024,5304.000,1,0.000000,0.000000,0.000000,0.000000
tracking_cdrone3_20260822_114411_168_milestone4,milestone4,1787424295.017363787,target_map,4,11,2,predicted,-4.920195,-0.581234,0.204807,0.256019,0.103702,0.114697,0.730162,3.211848,4815.000,1,0.268568,0.268568,0.243999,0.417142
tracking_cdrone3_20260822_114411_168_milestone4,milestone4,1787424295.117078781,target_map,4,11,0,detected,-5.012176,-0.588961,0.133784,0.059911,0.073950,-0.023321,0.830392,3.055024,5304.000,1,0.083724,0.000000,0.179303,0.370931
tracking_cdrone3_20260822_114411_168_milestone4,milestone4,1787424295.217268229,target_map,4,11,0,detected,-5.006174,-0.581552,0.131448,0.059911,0.073950,-0.023321,0.809150,3.055024,5304.000,1,0.183906,0.000000,0.214367,0.395976
tracking_cdrone3_20260822_114411_168_milestone4,milestone4,1787424295.295758247,raw,11,11,0,detected,-3.046433,-0.628098,-0.034270,7.070582,-0.118203,-0.609942,0.848145,4.944973,5304.000,0,0.000000,0.000000,0.000000,0.000000
tracking_cdrone3_20260822_114411_168_milestone4,milestone4,1787424295.317219973,target_map,4,11,0,detected,-2.982318,-0.628618,-0.039935,3.915780,-0.031734,-0.345963,0.844673,4.944973,5304.000,0,0.016373,0.000000,0.155731,0.354093
tracking_cdrone3_20260822_114411_168_milestone4,milestone4,1787424295.417245388,target_map,4,11,0,detected,-2.590661,-0.631792,-0.074538,3.915780,-0.031734,-0.345963,0.823465,4.944973,5304.000,0,0.116394,0.000000,0.190738,0.379098
tracking_cdrone3_20260822_114411_168_milestone4,milestone4,1787424295.517244339,target_map,4,11,0,detected,-2.199117,-0.634965,-0.109132,3.915780,-0.031734,-0.345963,0.802263,4.944973,5304.000,0,0.216385,0.000000,0.225735,0.404096
tracking_cdrone3_20260822_114411_168_milestone4,milestone4,1787424295.579011440,raw,11,11,0,detected,-3.131630,-0.664255,-0.008079,-0.300832,-0.127671,0.092483,0.848145,4.704167,5304.000,1,0.000000,0.000000,0.000000,0.000000
tracking_cdrone3_20260822_114411_168_milestone4,milestone4,1787424295.618046999,target_map,4,11,0,detected,-3.087018,-0.666616,-0.011007,1.596643,-0.084499,-0.104817,0.842220,4.704167,5304.000,1,0.027941,0.000000,0.159779,0.356985
tracking_cdrone3_20260822_114411_168_milestone4,milestone4,1787424295.717345476,target_map,4,11,0,detected,-2.928487,-0.675006,-0.021415,1.596643,-0.084499,-0.104817,0.821167,4.704167,5304.000,1,0.127231,0.000000,0.194531,0.381808
tracking_cdrone3_20260822_114411_168_milestone4,milestone4,1787424295.817357063,target_map,4,11,0,detected,-2.768822,-0.683456,-0.031897,1.596643,-0.084499,-0.104817,0.799963,4.704167,5304.000,1,0.227231,0.000000,0.229531,0.406808
tracking_cdrone3_20260822_114411_168_milestone4,milestone4,1787424295.853958368,raw,11,11,0,detected,-3.232506,-0.675966,0.026418,-0.366889,-0.042593,0.125467,0.848145,4.413222,5304.000,1,0.000000,0.000000,0.000000,0.000000
tracking_cdrone3_20260822_114411_168_milestone4,milestone4,1787424295.853958368,raw,12,12,0,detected,-4.746364,-0.541974,0.580469,0.000000,0.000000,0.000000,0.855957,2.898712,8016.250,0,0.000000,0.000000,0.000000,0.000000
tracking_cdrone3_20260822_114411_168_milestone4,milestone4,1787424295.916998625,target_map,4,11,0,detected,-3.201822,-0.679615,0.027715,0.516700,-0.061451,0.021839,0.835553,4.413222,5304.000,1,0.059385,0.000000,0.170785,0.364846
tracking_cdrone3_20260822_114411_168_milestone4,milestone4,1787424295.916998625,target_map,5,12,0,detected,-4.746364,-0.541974,0.580469,0.000000,0.000000,0.000000,0.843249,2.898712,8016.250,0,0.059385,0.000000,0.170785,0.364846
tracking_cdrone3_20260822_114411_168_milestone4,milestone4,1787424296.017257452,target_map,4,11,0,detected,-3.150024,-0.685776,0.029905,0.516700,-0.061451,0.021839,0.814297,4.413222,5304.000,1,0.159632,0.000000,0.205871,0.389908
tracking_cdrone3_20260822_114411_168_milestone4,milestone4,1787424296.017257452,target_map,5,12,0,detected,-4.746364,-0.541974,0.580469,0.000000,0.000000,0.000000,0.821798,2.898712,8016.250,0,0.159632,0.000000,0.205871,0.389908
tracking_cdrone3_20260822_114411_168_milestone4,milestone4,1787424296.115317822,raw,11,11,0,detected,-3.406147,-0.701106,0.087959,-0.664384,-0.096190,0.235466,0.848145,4.135214,5304.000,1,0.000000,0.000000,0.000000,0.000000
tracking_cdrone3_20260822_114411_168_milestone4,milestone4,1787424296.115317822,raw,12,12,0,detected,-4.476296,-0.522153,0.689484,1.033332,0.075838,0.417115,0.858887,3.078240,6479.250,0,0.000000,0.000000,0.000000,0.000000
tracking_cdrone3_20260822_114411_168_milestone4,milestone4,1787424296.117635489,target_map,4,11,2,predicted,-3.098152,-0.691945,0.032097,0.516700,-0.061451,0.021839,0.793010,4.413222,5304.000,1,0.260023,0.260023,0.241008,0.415006
tracking_cdrone3_20260822_114411_168_milestone4,milestone4,1787424296.117635489,target_map,5,12,2,predicted,-4.746364,-0.541974,0.580469,0.000000,0.000000,0.000000,0.800315,2.898712,8016.250,0,0.260023,0.260023,0.241008,0.415006
tracking_cdrone3_20260822_114411_168_milestone4,milestone4,1787424296.217216492,target_map,4,11,0,detected,-3.418354,-0.708506,0.100757,-0.132896,-0.080557,0.139334,0.828668,4.135214,5304.000,1,0.091856,0.000000,0.182150,0.372964
tracking_cdrone3_20260822_114411_168_milestone4,milestone4,1787424296.217216492,target_map,5,12,0,detected,-4.424091,-0.518322,0.710557,0.568333,0.041711,0.229413,0.839163,3.078240,6479.250,0,0.091856,0.000000,0.182150,0.372964
tracking_cdrone3_20260822_114411_168_milestone4,milestone4,1787424296.317270517,target_map,4,11,0,detected,-3.431651,-0.716566,0.114699,-0.132896,-0.080557,0.139334,0.807452,4.135214,5304.000,1,0.191911,0.000000,0.217169,0.397978
tracking_cdrone3_20260822_114411_168_milestone4,milestone4,1787424296.317270517,target_map,5,12,0,detected,-4.367227,-0.514148,0.733511,0.568333,0.041711,0.229413,0.817679,3.078240,6479.250,0,0.191911,0.000000,0.217169,0.397978
tracking_cdrone3_20260822_114411_168_milestone4,milestone4,1787424296.377856255,raw,11,11,0,detected,-3.572764,-0.712541,-0.005579,-0.634631,-0.043556,-0.356278,0.848145,3.884477,5304.000,1,0.000000,0.000000,0.000000,0.000000
tracking_cdrone3_20260822_114411_168_milestone4,milestone4,1787424296.377856255,raw,12,12,0,detected,-4.899964,-0.555393,0.612870,-1.613715,-0.126610,-0.291818,0.873535,2.559518,7552.000,1,0.000000,0.000000,0.000000,0.000000
tracking_cdrone3_20260822_114411_168_milestone4,milestone4,1787424296.417117119,target_map,4,11,0,detected,-3.587448,-0.714704,-0.010365,-0.408850,-0.060207,-0.133253,0.840529,3.884477,5304.000,1,0.035915,0.000000,0.162570,0.358979
tracking_cdrone3_20260822_114411_168_milestone4,milestone4,1787424296.417117119,target_map,5,12,0,detected,-4.922655,-0.557220,0.610813,-0.631794,-0.050865,-0.057264,0.865692,2.559518,7552.000,1,0.035915,0.000000,0.162570,0.358979
tracking_cdrone3_20260822_114411_168_milestone4,milestone4,1787424296.517276764,target_map,4,11,0,detected,-3.628402,-0.720735,-0.023713,-0.408850,-0.060207,-0.133253,0.819289,3.884477,5304.000,1,0.136086,0.000000,0.197630,0.384021
tracking_cdrone3_20260822_114411_168_milestone4,milestone4,1787424296.517276764,target_map,5,12,0,detected,-4.985942,-0.562315,0.605077,-0.631794,-0.050865,-0.057264,0.843816,2.559518,7552.000,1,0.136086,0.000000,0.197630,0.384021
tracking_cdrone3_20260822_114411_168_milestone4,milestone4,1787424296.618052244,target_map,4,11,0,detected,-3.669608,-0.726802,-0.037142,-0.408850,-0.060207,-0.133253,0.797920,3.884477,5304.000,1,0.236870,0.000000,0.232904,0.409217
tracking_cdrone3_20260822_114411_168_milestone4,milestone4,1787424296.618052244,target_map,5,12,0,detected,-5.049617,-0.567442,0.599306,-0.631794,-0.050865,-0.057264,0.821807,2.559518,7552.000,1,0.236870,0.000000,0.232904,0.409217
tracking_cdrone3_20260822_114411_168_milestone4,milestone4,1787424296.635675907,raw,11,11,0,detected,-3.662054,-0.701923,-0.101608,-0.346309,0.041181,-0.372447,0.848145,3.688947,5304.000,1,0.000000,0.000000,0.000000,0.000000
tracking_cdrone3_20260822_114411_168_milestone4,milestone4,1787424296.635675907,raw,12,12,0,detected,-4.850927,-0.552984,0.579204,0.190187,0.009347,-0.130572,0.867188,2.489817,8568.000,1,0.000000,0.000000,0.000000,0.000000
tracking_cdrone3_20260822_114411_168_milestone4,milestone4,1787424296.717254400,target_map,4,11,0,detected,-3.691375,-0.702271,-0.122344,-0.374452,-0.004443,-0.264810,0.831541,3.688947,5304.000,1,0.078303,0.000000,0.177406,0.369576
tracking_cdrone3_20260822_114411_168_milestone4,milestone4,1787424296.717254400,target_map,5,12,0,detected,-4.864999,-0.554373,0.571563,-0.179704,-0.017749,-0.097584,0.850212,2.489817,8568.000,1,0.078303,0.000000,0.177406,0.369576
tracking_cdrone3_20260822_114411_168_milestone4,milestone4,1787424296.817154169,target_map,4,11,0,detected,-3.728779,-0.702715,-0.148796,-0.374452,-0.004443,-0.264810,0.810361,3.688947,5304.000,1,0.178193,0.000000,0.212368,0.394548
tracking_cdrone3_20260822_114411_168_milestone4,milestone4,1787424296.817154169,target_map,5,12,0,detected,-4.882949,-0.556146,0.561815,-0.179704,-0.017749,-0.097584,0.828556,2.489817,8568.000,1,0.178193,0.000000,0.212368,0.394548
tracking_cdrone3_20260822_114411_168_milestone4,milestone4,1787424296.917226553,target_map,4,11,2,predicted,-3.766251,-0.703160,-0.175296,-0.374452,-0.004443,-0.264810,0.789142,3.688947,5304.000,1,0.278265,0.278265,0.247393,0.419566
tracking_cdrone3_20260822_114411_168_milestone4,milestone4,1787424296.917226553,target_map,5,12,2,predicted,-4.900933,-0.557922,0.552050,-0.179704,-0.017749,-0.097584,0.806861,2.489817,8568.000,1,0.278265,0.278265,0.247393,0.419566
tracking_cdrone3_20260822_114411_168_milestone4,milestone4,1787424296.936820269,raw,11,11,0,detected,-3.505707,-0.729350,0.046238,0.519203,-0.091078,0.490975,0.848145,3.604093,5304.000,1,0.000000,0.000000,0.000000,0.000000
tracking_cdrone3_20260822_114411_168_milestone4,milestone4,1787424296.936820269,raw,12,12,0,detected,-4.730739,-0.575039,0.687418,0.399125,-0.073243,0.359362,0.873535,2.396317,7843.125,1,0.000000,0.000000,0.000000,0.000000
tracking_cdrone3_20260822_114411_168_milestone4,milestone4,1787424297.017327785,target_map,4,11,0,detected,-3.497125,-0.733169,0.057299,0.117058,-0.052092,0.150872,0.832600,3.604093,5304.000,1,0.073312,0.000000,0.175659,0.368328
tracking_cdrone3_20260822_114411_168_milestone4,milestone4,1787424297.017327785,target_map,5,12,0,detected,-4.720574,-0.578578,0.698689,0.138652,-0.048271,0.153736,0.857525,2.396317,7843.125,1,0.073312,0.000000,0.175659,0.368328
tracking_cdrone3_20260822_114411_168_milestone4,milestone4,1787424297.117247820,target_map,4,11,0,detected,-3.485430,-0.738373,0.072372,0.117058,-0.052092,0.150872,0.811417,3.604093,5304.000,1,0.173216,0.000000,0.210626,0.393304
tracking_cdrone3_20260822_114411_168_milestone4,milestone4,1787424297.117247820,target_map,5,12,0,detected,-4.706722,-0.583400,0.714048,0.138652,-0.048271,0.153736,0.835708,2.396317,7843.125,1,0.173216,0.000000,0.210626,0.393304
tracking_cdrone3_20260822_114411_168_milestone4,milestone4,1787424297.217256308,target_map,4,11,2,predicted,-3.473724,-0.743582,0.087460,0.117058,-0.052092,0.150872,0.790212,3.604093,5304.000,1,0.273220,0.273220,0.245627,0.418305
tracking_cdrone3_20260822_114411_168_milestone4,milestone4,1787424297.217256308,target_map,5,12,2,predicted,-4.692857,-0.588228,0.729422,0.138652,-0.048271,0.153736,0.813868,2.396317,7843.125,1,0.273220,0.273220,0.245627,0.418305
tracking_cdrone3_20260822_114411_168_milestone4,milestone4,1787424297.256977558,raw,11,11,0,detected,-3.476069,-0.738558,0.024461,0.092572,-0.028761,-0.068020,0.848145,3.470607,5304.000,1,0.000000,0.000000,0.000000,0.000000
tracking_cdrone3_20260822_114411_168_milestone4,milestone4,1787424297.256977558,raw,12,12,0,detected,-4.598150,-0.599408,0.695115,0.414135,-0.076114,0.024040,0.888672,2.364738,7985.250,1,0.000000,0.000000,0.000000,0.000000
tracking_cdrone3_20260822_114411_168_milestone4,milestone4,1787424297.317187548,target_map,4,11,0,detected,-3.470511,-0.740664,0.026097,0.103591,-0.039260,0.030481,0.836768,3.470607,5304.000,1,0.053652,0.000000,0.168778,0.363413
tracking_cdrone3_20260822_114411_168_milestone4,milestone4,1787424297.317187548,target_map,5,12,0,detected,-4.582582,-0.602819,0.699536,0.290168,-0.063584,0.082403,0.876752,2.364738,7985.250,1,0.053652,0.000000,0.168778,0.363413
tracking_cdrone3_20260822_114411_168_milestone4,milestone4,1787424297.417237043,target_map,4,11,0,detected,-3.460148,-0.744592,0.029146,0.103591,-0.039260,0.030481,0.815556,3.470607,5304.000,1,0.153695,0.000000,0.203793,0.388424
tracking_cdrone3_20260822_114411_168_milestone4,milestone4,1787424297.417237043,target_map,5,12,0,detected,-4.553553,-0.609180,0.707780,0.290168,-0.063584,0.082403,0.854526,2.364738,7985.250,1,0.153695,0.000000,0.203793,0.388424
tracking_cdrone3_20260822_114411_168_milestone4,milestone4,1787424297.517320633,target_map,4,11,2,predicted,-3.449780,-0.748521,0.032197,0.103591,-0.039260,0.030481,0.794335,3.470607,5304.000,1,0.253775,0.253775,0.238821,0.413444
tracking_cdrone3_20260822_114411_168_milestone4,milestone4,1787424297.517320633,target_map,5,12,2,predicted,-4.524513,-0.615544,0.716027,0.290168,-0.063584,0.082403,0.832291,2.364738,7985.250,1,0.253775,0.253775,0.238821,0.413444
tracking_cdrone3_20260822_114411_168_milestone4,milestone4,1787424297.540470123,raw,11,11,0,detected,-3.487136,-0.725702,0.040864,-0.039039,0.045346,0.057857,0.848145,3.373421,5304.000,1,0.000000,0.000000,0.000000,0.000000
tracking_cdrone3_20260822_114411_168_milestone4,milestone4,1787424297.540470123,raw,12,12,0,detected,-4.562142,-0.620894,0.725599,0.127013,-0.075790,0.107530,0.897461,2.323386,9009.000,1,0.000000,0.000000,0.000000,0.000000
tracking_cdrone3_20260822_114411_168_milestone4,milestone4,1787424297.617367506,target_map,4,11,0,detected,-3.485546,-0.725242,0.043744,0.025144,0.007273,0.045538,0.834730,3.373421,5304.000,1,0.063264,0.000000,0.172142,0.365816
tracking_cdrone3_20260822_114411_168_milestone4,milestone4,1787424297.617367506,target_map,5,12,0,detected,-4.549462,-0.625341,0.731687,0.200432,-0.070298,0.096223,0.883267,2.323386,9009.000,1,0.063264,0.000000,0.172142,0.365816
tracking_cdrone3_20260822_114411_168_milestone4,milestone4,1787424297.717522383,target_map,4,11,0,detected,-3.483027,-0.724514,0.048305,0.025144,0.007273,0.045538,0.813495,3.373421,5304.000,1,0.163411,0.000000,0.207194,0.390853
tracking_cdrone3_20260822_114411_168_milestone4,milestone4,1787424297.717522383,target_map,5,12,0,detected,-4.529389,-0.632381,0.741323,0.200432,-0.070298,0.096223,0.860797,2.323386,9009.000,1,0.163411,0.000000,0.207194,0.390853
tracking_cdrone3_20260822_114411_168_milestone4,milestone4,1787424297.811187029,raw,11,11,0,detected,-3.396938,-0.763122,-0.017146,0.333188,-0.138227,-0.214284,0.848145,3.311431,5304.000,1,0.000000,0.000000,0.000000,0.000000
tracking_cdrone3_20260822_114411_168_milestone4,milestone4,1787424297.811187029,raw,12,12,0,detected,-4.539583,-0.666495,0.687607,0.083332,-0.168447,-0.140339,0.893555,2.183540,10042.750,1,0.000000,0.000000,0.000000,0.000000
tracking_cdrone3_20260822_114411_168_milestone4,milestone4,1787424297.820812464,target_map,4,11,0,detected,-3.396268,-0.763373,-0.017481,0.194568,-0.072752,-0.097364,0.847415,3.311431,5304.000,1,0.003441,0.000000,0.151204,0.350860
tracking_cdrone3_20260822_114411_168_milestone4,milestone4,1787424297.820812464,target_map,5,12,0,detected,-4.539115,-0.666923,0.687491,0.136027,-0.124280,-0.033886,0.892786,2.183540,10042.750,1,0.003441,0.000000,0.151204,0.350860
tracking_cdrone3_20260822_114411_168_milestone4,milestone4,1787424297.917280674,target_map,4,11,0,detected,-3.377500,-0.770390,-0.026873,0.194568,-0.072752,-0.097364,0.826962,3.311431,5304.000,1,0.099900,0.000000,0.184965,0.374975
tracking_cdrone3_20260822_114411_168_milestone4,milestone4,1787424297.917280674,target_map,5,12,0,detected,-4.525994,-0.678911,0.684222,0.136027,-0.124280,-0.033886,0.871238,2.183540,10042.750,1,0.099900,0.000000,0.184965,0.374975
tracking_cdrone3_20260822_114411_168_milestone4,milestone4,1787424298.016992569,target_map,4,11,0,detected,-3.358097,-0.777645,-0.036583,0.194568,-0.072752,-0.097364,0.805817,3.311431,5304.000,1,0.199625,0.000000,0.219869,0.399906
tracking_cdrone3_20260822_114411_168_milestone4,milestone4,1787424298.016992569,target_map,5,12,0,detected,-4.512429,-0.691305,0.680843,0.136027,-0.124280,-0.033886,0.848961,2.183540,10042.750,1,0.199625,0.000000,0.219869,0.399906
tracking_cdrone3_20260822_114411_168_milestone4,milestone4,1787424298.082021952,raw,11,11,0,detected,-3.233109,-0.775519,0.010425,0.604931,-0.045773,0.101804,0.848145,3.240769,5304.000,1,0.000000,0.000000,0.000000,0.000000
tracking_cdrone3_20260822_114411_168_milestone4,milestone4,1787424298.082021952,raw,12,12,0,detected,-4.347713,-0.717810,0.713518,0.708475,-0.189478,0.095675,0.902344,2.149184,10115.000,1,0.000000,0.000000,0.000000,0.000000
tracking_cdrone3_20260822_114411_168_milestone4,milestone4,1787424298.117220402,target_map,4,11,0,detected,-3.219680,-0.777369,0.010814,0.420268,-0.057914,0.012178,0.841369,3.240769,5304.000,1,0.031952,0.000000,0.161183,0.357988
tracking_cdrone3_20260822_114411_168_milestone4,milestone4,1787424298.117220402,target_map,5,12,0,detected,-4.333306,-0.722927,0.714712,0.450873,-0.160139,0.037372,0.895136,2.149184,10115.000,1,0.031952,0.000000,0.161183,0.357988
tracking_cdrone3_20260822_114411_168_milestone4,milestone4,1787424298.217522144,target_map,4,11,0,detected,-3.177528,-0.783178,0.012035,0.420268,-0.057914,0.012178,0.820103,3.240769,5304.000,1,0.132250,0.000000,0.196288,0.383063
tracking_cdrone3_20260822_114411_168_milestone4,milestone4,1787424298.217522144,target_map,5,12,0,detected,-4.288085,-0.738988,0.718461,0.450873,-0.160139,0.037372,0.872510,2.149184,10115.000,1,0.132250,0.000000,0.196288,0.383063
tracking_cdrone3_20260822_114411_168_milestone4,milestone4,1787424298.317851305,target_map,4,11,0,detected,-3.135364,-0.788988,0.013257,0.420268,-0.057914,0.012178,0.798829,3.240769,5304.000,1,0.232579,0.000000,0.231402,0.408145
tracking_cdrone3_20260822_114411_168_milestone4,milestone4,1787424298.317851305,target_map,5,12,0,detected,-4.242849,-0.755055,0.722210,0.450873,-0.160139,0.037372,0.849877,2.149184,10115.000,1,0.232579,0.000000,0.231402,0.408145
tracking_cdrone3_20260822_114411_168_milestone4,milestone4,1787424298.348323107,raw,11,11,0,detected,-3.269135,-0.788613,-0.023871,-0.135276,-0.049167,-0.128778,0.848145,3.081987,5304.000,1,0.000000,0.000000,0.000000,0.000000
tracking_cdrone3_20260822_114411_168_milestone4,milestone4,1787424298.348323107,raw,12,12,0,detected,-4.338351,-0.738975,0.667814,0.035153,-0.079471,-0.171615,0.781738,2.027380,12034.500,1,0.000000,0.000000,0.000000,0.000000
tracking_cdrone3_20260822_114411_168_milestone4,milestone4,1787424298.417201519,target_map,4,11,0,detected,-3.262066,-0.791885,-0.027898,0.114718,-0.053103,-0.065347,0.835078,3.081987,5304.000,1,0.061622,0.000000,0.171568,0.365405
tracking_cdrone3_20260822_114411_168_milestone4,milestone4,1787424298.417201519,target_map,5,12,0,detected,-4.324657,-0.746109,0.663034,0.222227,-0.115772,-0.077571,0.769695,2.027380,12034.500,1,0.061622,0.000000,0.171568,0.365405
tracking_cdrone3_20260822_114411_168_milestone4,milestone4,1787424298.517354012,target_map,4,11,0,detected,-3.250578,-0.797203,-0.034442,0.114718,-0.053103,-0.065347,0.813845,3.081987,5304.000,1,0.161761,0.000000,0.206616,0.390440
tracking_cdrone3_20260822_114411_168_milestone4,milestone4,1787424298.517354012,target_map,5,12,0,detected,-4.302403,-0.757702,0.655266,0.222227,-0.115772,-0.077571,0.750125,2.027380,12034.500,1,0.161761,0.000000,0.206616,0.390440
tracking_cdrone3_20260822_114411_168_milestone4,milestone4,1787424298.617013693,target_map,4,11,2,predicted,-3.239144,-0.802495,-0.040955,0.114718,-0.053103,-0.065347,0.792711,3.081987,5304.000,1,0.261434,0.261434,0.241502,0.415358
tracking_cdrone3_20260822_114411_168_milestone4,milestone4,1787424298.617013693,target_map,5,12,2,predicted,-4.280253,-0.769241,0.647535,0.222227,-0.115772,-0.077571,0.730645,2.027380,12034.500,1,0.261434,0.261434,0.241502,0.415358
tracking_cdrone3_20260822_114411_168_milestone4,milestone4,1787424298.625939608,raw,12,12,0,detected,-4.401364,-0.764476,0.673709,-0.226985,-0.091861,0.021236,0.906250,1.895717,14743.750,1,0.000000,0.000000,0.000000,0.000000
tracking_cdrone3_20260822_114411_168_milestone4,milestone4,1787424298.717186213,target_map,4,11,2,predicted,-3.227652,-0.807815,-0.047501,0.114718,-0.053103,-0.065347,0.771471,3.081987,5304.000,1,0.361607,0.361607,0.276562,0.440402
tracking_cdrone3_20260822_114411_168_milestone4,milestone4,1787424298.717186213,target_map,5,12,0,detected,-4.403474,-0.773192,0.671737,-0.024840,-0.102621,-0.023227,0.887006,1.895717,14743.750,1,0.084938,0.000000,0.179728,0.371235
tracking_cdrone3_20260822_114411_168_milestone4,milestone4,1787424298.817107916,target_map,4,11,2,predicted,-3.216190,-0.813121,-0.054031,0.114718,-0.053103,-0.065347,0.750285,3.081987,5304.000,1,0.461524,0.461524,0.311534,0.465381
tracking_cdrone3_20260822_114411_168_milestone4,milestone4,1787424298.817107916,target_map,5,12,0,detected,-4.405956,-0.783446,0.669416,-0.024840,-0.102621,-0.023227,0.864369,1.895717,14743.750,1,0.184856,0.000000,0.214700,0.396214
tracking_cdrone3_20260822_114411_168_milestone4,milestone4,1787424298.906107187,raw,12,12,0,detected,-4.312484,-0.778474,0.665120,0.317235,-0.049964,-0.030658,0.903809,1.761518,14474.625,1,0.000000,0.000000,0.000000,0.000000
tracking_cdrone3_20260822_114411_168_milestone4,milestone4,1787424298.917626619,target_map,4,11,2,predicted,-3.204660,-0.818458,-0.060598,0.114718,-0.053103,-0.065347,0.728974,3.081987,5304.000,1,0.562031,0.562031,0.346711,0.490508
tracking_cdrone3_20260822_114411_168_milestone4,milestone4,1787424298.917626619,target_map,5,12,0,detected,-4.311117,-0.779091,0.664891,0.163301,-0.073659,-0.027314,0.901918,1.761518,14474.625,1,0.008368,0.000000,0.152929,0.352092
tracking_cdrone3_20260822_114411_168_milestone4,milestone4,1787424299.017240047,target_map,4,11,2,predicted,-3.193231,-0.823748,-0.067109,0.114718,-0.053103,-0.065347,0.707849,3.081987,5304.000,1,0.661658,0.661658,0.381580,0.515415
tracking_cdrone3_20260822_114411_168_milestone4,milestone4,1787424299.017240047,target_map,5,12,0,detected,-4.294848,-0.786429,0.662170,0.163301,-0.073659,-0.027314,0.879407,1.761518,14474.625,1,0.107996,0.000000,0.187799,0.376999
tracking_cdrone3_20260822_114411_168_milestone4,milestone4,1787424299.117274284,target_map,4,11,2,predicted,-3.181756,-0.829060,-0.073645,0.114718,-0.053103,-0.065347,0.686639,3.081987,5304.000,1,0.761687,0.761687,0.416590,0.540422
tracking_cdrone3_20260822_114411_168_milestone4,milestone4,1787424299.117274284,target_map,5,12,0,detected,-4.278513,-0.793797,0.659438,0.163301,-0.073659,-0.027314,0.856805,1.761518,14474.625,1,0.208025,0.000000,0.222809,0.402006
tracking_cdrone3_20260822_114411_168_milestone4,milestone4,1787424299.195195913,raw,12,12,0,detected,-4.267011,-0.788867,0.634998,0.157300,-0.035950,-0.104198,0.892090,1.611253,16085.625,1,0.000000,0.000000,0.000000,0.000000
tracking_cdrone3_20260822_114411_168_milestone4,milestone4,1787424299.217199326,target_map,4,11,2,predicted,-3.170292,-0.834367,-0.080176,0.114718,-0.053103,-0.065347,0.665451,3.081987,5304.000,1,0.861616,0.861616,0.451566,0.565404
tracking_cdrone3_20260822_114411_168_milestone4,milestone4,1787424299.217199326,target_map,5,12,0,detected,-4.264716,-0.789626,0.634000,0.160001,-0.052919,-0.069600,0.888890,1.611253,16085.625,1,0.014347,0.000000,0.155021,0.353587
tracking_cdrone3_20260822_114411_168_milestone4,milestone4,1787424299.317188501,target_map,4,11,2,predicted,-3.158821,-0.839677,-0.086710,0.114718,-0.053103,-0.065347,0.644249,3.081987,5304.000,1,0.961606,0.961606,0.486562,0.590402
tracking_cdrone3_20260822_114411_168_milestone4,milestone4,1787424299.317188501,target_map,5,12,0,detected,-4.248717,-0.794918,0.627040,0.160001,-0.052919,-0.069600,0.866590,1.611253,16085.625,1,0.114337,0.000000,0.190018,0.378584
tracking_cdrone3_20260822_114411_168_milestone4,milestone4,1787424299.419392586,target_map,4,11,2,predicted,-3.147098,-0.845103,-0.093388,0.114718,-0.053103,-0.065347,0.622581,3.081987,5304.000,1,1.063797,1.063797,0.522329,0.615949
tracking_cdrone3_20260822_114411_168_milestone4,milestone4,1787424299.419392586,target_map,5,12,0,detected,-4.232367,-0.800325,0.619928,0.160001,-0.052919,-0.069600,0.843799,1.611253,16085.625,1,0.216528,0.000000,0.225785,0.404132
tracking_cdrone3_20260822_114411_168_milestone4,milestone4,1787424299.451825142,raw,12,12,0,detected,-4.318579,-0.789624,0.681587,-0.200943,-0.002948,0.181540,0.902832,1.491920,21291.000,1,0.000000,0.000000,0.000000,0.000000
tracking_cdrone3_20260822_114411_168_milestone4,milestone4,1787424299.517445087,target_map,4,11,2,predicted,-3.135848,-0.850311,-0.099796,0.114718,-0.053103,-0.065347,0.601787,3.081987,5304.000,1,1.161866,1.161866,0.556653,0.640467
tracking_cdrone3_20260822_114411_168_milestone4,milestone4,1787424299.517445087,target_map,5,12,0,detected,-4.320554,-0.790928,0.685101,-0.038518,-0.025435,0.068527,0.891258,1.491920,21291.000,1,0.051278,0.000000,0.167947,0.362820
tracking_cdrone3_20260822_114411_168_milestone4,milestone4,1787424299.617393494,target_map,4,11,2,predicted,-3.124386,-0.855616,-0.106325,0.114718,-0.053103,-0.065347,0.580603,3.081987,5304.000,1,1.261772,1.261772,0.591620,0.665443
tracking_cdrone3_20260822_114411_168_milestone4,milestone4,1787424299.617393494,target_map,5,12,0,detected,-4.324402,-0.793469,0.691947,-0.038518,-0.025435,0.068527,0.868709,1.491920,21291.000,1,0.151184,0.000000,0.202914,0.387796
tracking_cdrone3_20260822_114411_168_milestone4,milestone4,1787424299.717364311,target_map,4,11,2,predicted,-3.112917,-0.860925,-0.112858,0.114718,-0.053103,-0.065347,0.559405,3.081987,5304.000,1,1.361749,1.361749,0.626612,0.690437
tracking_cdrone3_20260822_114411_168_milestone4,milestone4,1787424299.717364311,target_map,5,12,2,predicted,-4.328253,-0.796012,0.698798,-0.038518,-0.025435,0.068527,0.846143,1.491920,21291.000,1,0.251160,0.251160,0.237906,0.412790
tracking_cdrone3_20260822_114411_168_milestone4,milestone4,1787424299.725250959,raw,12,12,0,detected,-4.295398,-0.796934,0.675647,0.084779,-0.026736,-0.021724,0.902832,1.424291,21291.000,1,0.000000,0.000000,0.000000,0.000000
tracking_cdrone3_20260822_114411_168_milestone4,milestone4,1787424299.817770720,target_map,4,11,2,predicted,-3.101395,-0.866259,-0.119422,0.114718,-0.053103,-0.065347,0.538107,3.081987,5304.000,1,1.462191,1.462191,0.661767,0.715548
tracking_cdrone3_20260822_114411_168_milestone4,milestone4,1787424299.817770720,target_map,5,12,0,detected,-4.292806,-0.799248,0.677319,0.029295,-0.026151,0.018889,0.882858,1.424291,21291.000,1,0.088496,0.000000,0.180974,0.372124
tracking_cdrone3_20260822_114411_168_milestone4,milestone4,1787424299.917069674,target_map,4,11,2,predicted,-3.090004,-0.871532,-0.125910,0.114718,-0.053103,-0.065347,0.517054,3.081987,5304.000,1,1.561484,1.561484,0.696519,0.740371
tracking_cdrone3_20260822_114411_168_milestone4,milestone4,1787424299.917069674,target_map,5,12,0,detected,-4.289897,-0.801845,0.679194,0.029295,-0.026151,0.018889,0.860447,1.424291,21291.000,1,0.187789,0.000000,0.215726,0.396947
tracking_cdrone3_20260822_114411_168_milestone4,milestone4,1787424299.993216038,raw,12,12,0,detected,13.789232,-3.611292,4.800936,67.489357,-10.502799,15.395012,0.902832,20.083687,21291.000,0,0.000000,0.000000,0.000000,0.000000
tracking_cdrone3_20260822_114411_168_milestone4,milestone4,1787424300.018038034,target_map,4,11,2,predicted,-3.078421,-0.876894,-0.132508,0.114718,-0.053103,-0.065347,0.495644,3.081987,5304.000,1,1.662455,1.662455,0.731859,0.765614
tracking_cdrone3_20260822_114411_168_milestone4,milestone4,1787424300.018038034,target_map,5,12,0,detected,13.882524,-3.626024,4.822337,4.254450,-0.671800,0.975976,0.897883,20.083687,21291.000,0,0.021928,0.000000,0.157675,0.355482
tracking_cdrone3_20260822_114411_168_milestone4,milestone4,1787424300.117031336,target_map,4,11,2,predicted,-3.067063,-0.882151,-0.138978,0.114718,-0.053103,-0.065347,0.474652,3.081987,5304.000,1,1.761456,1.761456,0.766510,0.790364
tracking_cdrone3_20260822_114411_168_milestone4,milestone4,1787424300.117031336,target_map,5,12,0,detected,14.303718,-3.692532,4.918960,4.254450,-0.671800,0.975976,0.875537,20.083687,21291.000,0,0.120929,0.000000,0.192325,0.380232
tracking_cdrone3_20260822_114411_168_milestone4,milestone4,1787424300.217082262,target_map,4,11,2,predicted,-3.055586,-0.887464,-0.145516,0.114718,-0.053103,-0.065347,0.453438,3.081987,5304.000,1,1.861505,1.861505,0.801527,0.815376
tracking_cdrone3_20260822_114411_168_milestone4,milestone4,1787424300.217082262,target_map,5,12,0,detected,14.729371,-3.759745,5.016605,4.254450,-0.671800,0.975976,0.852956,20.083687,21291.000,0,0.220978,0.000000,0.227342,0.405244
tracking_cdrone3_20260822_114411_168_milestone4,milestone4,1787424300.266870260,raw,12,12,0,detected,13.505155,-3.957760,6.159079,-1.038099,-1.266091,4.963040,0.902832,20.123989,21291.000,0,0.000000,0.000000,0.000000,0.000000
tracking_cdrone3_20260822_114411_168_milestone4,milestone4,1787424300.316827536,target_map,4,11,2,predicted,-3.044143,-0.892761,-0.152034,0.114718,-0.053103,-0.065347,0.432288,3.081987,5304.000,1,1.961252,1.961252,0.836438,0.840313
tracking_cdrone3_20260822_114411_168_milestone4,milestone4,1787424300.316827536,target_map,5,12,0,detected,13.565407,-4.002546,6.301188,1.343548,-0.998660,3.168862,0.892710,20.123989,21291.000,0,0.044846,0.000000,0.165696,0.361211
tracking_cdrone3_20260822_114411_168_milestone4,milestone4,1787424300.417218208,target_map,4,11,2,predicted,-3.032627,-0.898091,-0.158594,0.114718,-0.053103,-0.065347,0.411003,3.081987,5304.000,1,2.061635,2.061635,0.871572,0.865409
tracking_cdrone3_20260822_114411_168_milestone4,milestone4,1787424300.417218208,target_map,5,12,0,detected,13.700276,-4.102794,6.619287,1.343548,-0.998660,3.168862,0.870053,20.123989,21291.000,0,0.145228,0.000000,0.200830,0.386307
tracking_cdrone3_20260822_114411_168_milestone4,milestone4,1787424300.504754305,raw,12,12,0,detected,13.145096,-4.206447,6.545457,-1.513559,-1.045390,1.624196,0.902832,19.914824,21291.000,1,0.000000,0.000000,0.000000,0.000000
tracking_cdrone3_20260822_114411_168_milestone4,milestone4,1787424300.517227888,target_map,4,11,2,predicted,-3.021154,-0.903402,-0.165129,0.114718,-0.053103,-0.065347,0.389798,3.081987,5304.000,1,2.161644,2.161644,0.906575,0.890411
tracking_cdrone3_20260822_114411_168_milestone4,milestone4,1787424300.517227888,target_map,5,12,0,detected,13.143070,-4.215554,6.566077,-0.227861,-1.024362,2.319295,0.900825,19.914824,21291.000,1,0.008891,0.000000,0.153112,0.352223
tracking_cdrone3_20260822_114411_168_milestone4,milestone4,1787424300.617329359,target_map,4,11,2,predicted,-3.009672,-0.908717,-0.171670,0.114718,-0.053103,-0.065347,0.368575,3.081987,5304.000,1,2.261737,2.261737,0.941608,0.915434
tracking_cdrone3_20260822_114411_168_milestone4,milestone4,1787424300.617329359,target_map,5,12,0,detected,13.120263,-4.318085,6.798221,-0.227861,-1.024362,2.319295,0.878234,19.914824,21291.000,1,0.108983,0.000000,0.188144,0.377246
tracking_cdrone3_20260822_114411_168_milestone4,milestone4,1787424300.717371941,target_map,4,11,2,predicted,-2.998195,-0.914030,-0.178208,0.114718,-0.053103,-0.065347,0.347361,3.081987,5304.000,1,2.361783,2.361783,0.976624,0.940446
tracking_cdrone3_20260822_114411_168_milestone4,milestone4,1787424300.717371941,target_map,5,12,0,detected,13.097466,-4.420568,7.030257,-0.227861,-1.024362,2.319295,0.855652,19.914824,21291.000,1,0.209029,0.000000,0.223160,0.402257
tracking_cdrone3_20260822_114411_168_milestone4,milestone4,1787424300.770979881,raw,12,12,0,detected,13.270350,-4.415951,6.253763,0.470470,-0.786926,-1.095641,0.902832,19.980017,21291.000,0,0.000000,0.000000,0.000000,0.000000
tracking_cdrone3_20260822_114411_168_milestone4,milestone4,1787424300.817867994,target_map,4,11,2,predicted,-2.986666,-0.919367,-0.184775,0.114718,-0.053103,-0.065347,0.326052,3.081987,5304.000,1,2.462282,2.462282,1.011799,0.965571
tracking_cdrone3_20260822_114411_168_milestone4,milestone4,1787424300.817867994,target_map,5,12,0,detected,13.276330,-4.450161,6.270645,0.156221,-0.893772,0.441081,0.894193,19.980017,21291.000,0,0.038275,0.000000,0.163396,0.359569
tracking_cdrone3_20260822_114411_168_milestone4,milestone4,1787424300.917035580,target_map,4,11,2,predicted,-2.975289,-0.924633,-0.191256,0.114718,-0.053103,-0.065347,0.305023,3.081987,5304.000,1,2.561456,2.561456,1.046510,0.990364
tracking_cdrone3_20260822_114411_168_milestone4,milestone4,1787424300.917035580,target_map,5,12,0,detected,13.291823,-4.538800,6.314389,0.156221,-0.893772,0.441081,0.871809,19.980017,21291.000,0,0.137450,0.000000,0.198107,0.384362
tracking_cdrone3_20260822_114411_168_milestone4,milestone4,1787424300.996616125,raw,12,12,0,detected,12.391294,-4.393970,6.107029,-3.895866,0.097419,-0.650303,0.902832,19.113171,21291.000,1,0.000000,0.000000,0.000000,0.000000
tracking_cdrone3_20260822_114411_168_milestone4,milestone4,1787424301.017253160,target_map,4,11,2,predicted,-2.963791,-0.929955,-0.197805,0.114718,-0.053103,-0.065347,0.283773,3.081987,5304.000,1,2.661678,2.661678,1.081587,1.015420
tracking_cdrone3_20260822_114411_168_milestone4,milestone4,1787424301.017253160,target_map,5,12,0,detected,12.355060,-4.400065,6.104246,-2.072427,-0.348617,-0.159181,0.898886,19.113171,21291.000,1,0.017484,0.000000,0.156120,0.354371
tracking_cdrone3_20260822_114411_168_milestone4,milestone4,1787424301.117215157,target_map,4,11,2,predicted,-2.952325,-0.935263,-0.204337,0.114718,-0.053103,-0.065347,0.262579,3.081987,5304.000,1,2.761631,2.761631,1.116571,1.040408
tracking_cdrone3_20260822_114411_168_milestone4,milestone4,1787424301.117215157,target_map,5,12,0,detected,12.147915,-4.434910,6.088336,-2.072427,-0.348617,-0.159181,0.876326,19.113171,21291.000,1,0.117437,0.000000,0.191103,0.379359
tracking_cdrone3_20260822_114411_168_milestone4,milestone4,1787424301.217139959,target_map,4,11,2,predicted,-2.940862,-0.940569,-0.210866,0.114718,-0.053103,-0.065347,0.241392,3.081987,5304.000,1,2.861553,2.861553,1.151544,1.065388
tracking_cdrone3_20260822_114411_168_milestone4,milestone4,1787424301.217139959,target_map,5,12,0,detected,11.940833,-4.469745,6.072430,-2.072427,-0.348617,-0.159181,0.853772,19.113171,21291.000,1,0.217360,0.000000,0.226076,0.404340
tracking_cdrone3_20260822_114411_168_milestone4,milestone4,1787424301.256132841,raw,12,12,1,held,12.102460,-4.575848,6.042858,-1.112990,-0.700848,-0.247278,0.902832,18.866989,21291.000,1,0.259512,0.259512,0.000000,0.000000
tracking_cdrone3_20260822_114411_168_milestone4,milestone4,1787424301.317517996,target_map,4,11,2,predicted,-2.929346,-0.945900,-0.217426,0.114718,-0.053103,-0.065347,0.220106,3.081987,5304.000,1,2.961939,2.961939,1.186679,1.090485
tracking_cdrone3_20260822_114411_168_milestone4,milestone4,1787424301.317517996,target_map,5,12,1,held,12.021272,-4.604352,6.031945,-1.544737,-0.542344,-0.207634,0.832395,18.866989,21291.000,1,0.312070,0.000000,0.168395,0.363139
tracking_cdrone3_20260822_114411_168_milestone4,milestone4,1787424301.417219162,target_map,4,11,2,predicted,-2.917909,-0.951194,-0.223941,0.114718,-0.053103,-0.065347,0.198968,3.081987,5304.000,1,3.061632,3.061632,1.221571,1.115408
tracking_cdrone3_20260822_114411_168_milestone4,milestone4,1787424301.417219162,target_map,5,12,1,held,11.867273,-4.658420,6.011245,-1.544737,-0.542344,-0.207634,0.809894,18.866989,21291.000,1,0.411762,0.000000,0.203288,0.388063
tracking_cdrone3_20260822_114411_168_milestone4,milestone4,1787424301.517576694,target_map,4,11,2,predicted,-2.906401,-0.956521,-0.230496,0.114718,-0.053103,-0.065347,0.177697,3.081987,5304.000,1,3.161949,3.161949,1.256682,1.140487
tracking_cdrone3_20260822_114411_168_milestone4,milestone4,1787424301.517576694,target_map,5,12,2,predicted,11.712309,-4.712827,5.990416,-1.544737,-0.542344,-0.207634,0.787251,18.866989,21291.000,1,0.512080,0.512080,0.238399,0.413142
tracking_cdrone3_20260822_114411_168_milestone4,milestone4,1787424301.617171049,target_map,4,11,2,predicted,-2.894970,-0.961812,-0.237008,0.114718,-0.053103,-0.065347,0.156569,3.081987,5304.000,1,3.261592,3.261592,1.291557,1.165398
tracking_cdrone3_20260822_114411_168_milestone4,milestone4,1787424301.617171049,target_map,5,12,2,predicted,11.558388,-4.766867,5.969727,-1.544737,-0.542344,-0.207634,0.764761,18.866989,21291.000,1,0.611722,0.611722,0.273274,0.438053
tracking_cdrone3_20260822_114411_168_milestone4,milestone4,1787424301.716959953,target_map,4,11,2,predicted,-2.883522,-0.967111,-0.243529,0.114718,-0.053103,-0.065347,0.135410,3.081987,5304.000,1,3.361383,3.361383,1.326484,1.190346
tracking_cdrone3_20260822_114411_168_milestone4,milestone4,1787424301.716959953,target_map,5,12,2,predicted,11.404236,-4.820989,5.949007,-1.544737,-0.542344,-0.207634,0.742238,18.866989,21291.000,1,0.711514,0.711514,0.308201,0.463000
tracking_cdrone3_20260822_114411_168_milestone4,milestone4,1787424301.817194939,target_map,4,11,2,predicted,-2.872024,-0.972434,-0.250078,0.114718,-0.053103,-0.065347,0.114158,3.081987,5304.000,1,3.461611,3.461611,1.361564,1.215403
tracking_cdrone3_20260822_114411_168_milestone4,milestone4,1787424301.817194939,target_map,5,12,2,predicted,11.249411,-4.875347,5.928196,-1.544737,-0.542344,-0.207634,0.719615,18.866989,21291.000,1,0.811742,0.811742,0.343280,0.488057
tracking_cdrone3_20260822_114411_168_milestone4,milestone4,1787424301.917516232,target_map,4,11,2,predicted,-2.860517,-0.977760,-0.256633,0.114718,-0.053103,-0.065347,0.092889,3.081987,5304.000,1,3.561917,3.561917,1.396671,1.240479
tracking_cdrone3_20260822_114411_168_milestone4,milestone4,1787424301.917516232,target_map,5,12,2,predicted,11.094463,-4.929747,5.907369,-1.544737,-0.542344,-0.207634,0.696975,18.866989,21291.000,1,0.912048,0.912048,0.378388,0.513134
tracking_cdrone3_20260822_114411_168_milestone4,milestone4,1787424302.017350197,target_map,4,11,2,predicted,-2.849062,-0.983063,-0.263158,0.114718,-0.053103,-0.065347,0.071717,3.081987,5304.000,1,3.661772,3.661772,1.431620,1.265443
tracking_cdrone3_20260822_114411_168_milestone4,milestone4,1787424302.017350197,target_map,5,12,2,predicted,10.940214,-4.983903,5.886636,-1.544737,-0.542344,-0.207634,0.674437,18.866989,21291.000,1,1.011903,1.011903,0.413337,0.538098
tracking_cdrone3_20260822_114411_168_milestone4,milestone4,1787424302.117063284,target_map,4,11,2,predicted,-2.837624,-0.988358,-0.269674,0.114718,-0.053103,-0.065347,0.050575,3.081987,5304.000,1,3.761480,3.761480,1.466518,1.290370
tracking_cdrone3_20260822_114411_168_milestone4,milestone4,1787424302.117063284,target_map,5,12,2,predicted,10.786192,-5.037979,5.865933,-1.544737,-0.542344,-0.207634,0.651932,18.866989,21291.000,1,1.111611,1.111611,0.448235,0.563025
tracking_cdrone3_20260822_114411_168_milestone4,milestone4,1787424302.216885805,target_map,4,11,2,predicted,-2.826172,-0.993659,-0.276198,0.114718,-0.053103,-0.065347,0.029408,3.081987,5304.000,1,3.861309,3.861309,1.501458,1.315327
tracking_cdrone3_20260822_114411_168_milestone4,milestone4,1787424302.216885805,target_map,5,12,2,predicted,10.631983,-5.092120,5.845205,-1.544737,-0.542344,-0.207634,0.629400,18.866989,21291.000,1,1.211439,1.211439,0.483175,0.587982
tracking_cdrone3_20260822_114411_168_milestone4,milestone4,1787424302.316994905,target_map,4,11,2,predicted,-2.814687,-0.998975,-0.282740,0.114718,-0.053103,-0.065347,0.008180,3.081987,5304.000,1,3.961420,3.961420,1.536497,1.340355
tracking_cdrone3_20260822_114411_168_milestone4,milestone4,1787424302.316994905,target_map,5,12,2,predicted,10.477337,-5.146415,5.824419,-1.544737,-0.542344,-0.207634,0.606804,18.866989,21291.000,1,1.311551,1.311551,0.518214,0.613010
tracking_cdrone3_20260822_114411_168_milestone4,milestone4,1787424302.417744637,target_map,4,11,2,predicted,-2.803130,-1.004325,-0.289323,0.114718,-0.053103,-0.065347,0.000000,3.081987,5304.000,1,4.062164,4.062164,1.571757,1.365541
tracking_cdrone3_20260822_114411_168_milestone4,milestone4,1787424302.417744637,target_map,5,12,2,predicted,10.321714,-5.201053,5.803501,-1.544737,-0.542344,-0.207634,0.584066,18.866989,21291.000,1,1.412295,1.412295,0.553474,0.638196
tracking_cdrone3_20260822_114411_168_milestone4,milestone4,1787424302.517235279,target_map,4,11,2,predicted,-2.791717,-1.009608,-0.295824,0.114718,-0.053103,-0.065347,0.000000,3.081987,5304.000,1,4.161652,4.161652,1.606578,1.390413
tracking_cdrone3_20260822_114411_168_milestone4,milestone4,1787424302.517235279,target_map,5,12,2,predicted,10.168033,-5.255009,5.782844,-1.544737,-0.542344,-0.207634,0.561611,18.866989,21291.000,1,1.511782,1.511782,0.588295,0.663068
tracking_cdrone3_20260822_114411_168_milestone4,milestone4,1787424302.617366791,target_map,4,11,2,predicted,-2.780230,-1.014925,-0.302368,0.114718,-0.053103,-0.065347,0.000000,3.081987,5304.000,1,4.261782,4.261782,1.641624,1.415445
tracking_cdrone3_20260822_114411_168_milestone4,milestone4,1787424302.617366791,target_map,5,12,2,predicted,10.013358,-5.309315,5.762053,-1.544737,-0.542344,-0.207634,0.539010,18.866989,21291.000,1,1.611912,1.611912,0.623340,0.688100
tracking_cdrone3_20260822_114411_168_milestone4,milestone4,1787424302.717447281,target_map,4,11,2,predicted,-2.768749,-1.020240,-0.308908,0.114718,-0.053103,-0.065347,0.000000,3.081987,5304.000,1,4.361864,4.361864,1.676652,1.440466
tracking_cdrone3_20260822_114411_168_milestone4,milestone4,1787424302.717447281,target_map,5,12,2,predicted,9.858757,-5.363593,5.741273,-1.544737,-0.542344,-0.207634,0.516421,18.866989,21291.000,1,1.711994,1.711994,0.658369,0.713121
tracking_cdrone3_20260822_114411_168_milestone4,milestone4,1787424302.817248583,target_map,4,11,2,predicted,-2.757299,-1.025540,-0.315430,0.114718,-0.053103,-0.065347,0.000000,3.081987,5304.000,1,4.461668,4.461668,1.711584,1.465417
tracking_cdrone3_20260822_114411_168_milestone4,milestone4,1787424302.817248583,target_map,5,12,2,predicted,9.704585,-5.417722,5.720550,-1.544737,-0.542344,-0.207634,0.493894,18.866989,21291.000,1,1.811799,1.811799,0.693300,0.738072
tracking_cdrone3_20260822_114411_168_milestone4,milestone4,1787424302.917117834,target_map,4,11,2,predicted,-2.745847,-1.030841,-0.321953,0.114718,-0.053103,-0.065347,0.000000,3.081987,5304.000,1,4.561499,4.561499,1.746525,1.490375
tracking_cdrone3_20260822_114411_168_milestone4,milestone4,1787424302.917117834,target_map,5,12,2,predicted,9.550374,-5.471864,5.699822,-1.544737,-0.542344,-0.207634,0.471362,18.866989,21291.000,1,1.911630,1.911630,0.728241,0.763029
tracking_cdrone3_20260822_114411_168_milestone4,milestone4,1787424303.017065525,target_map,4,11,2,predicted,-2.734376,-1.036151,-0.328487,0.114718,-0.053103,-0.065347,0.000000,3.081987,5304.000,1,4.661490,4.661490,1.781522,1.515373
tracking_cdrone3_20260822_114411_168_milestone4,milestone4,1787424303.017065525,target_map,5,12,2,predicted,9.395913,-5.526094,5.679060,-1.544737,-0.542344,-0.207634,0.448793,18.866989,21291.000,1,2.011621,2.011621,0.763238,0.788027
tracking_cdrone3_20260822_114411_168_milestone4,milestone4,1787424303.117568016,target_map,4,11,2,predicted,-2.722850,-1.041486,-0.335053,0.114718,-0.053103,-0.065347,0.000000,3.081987,5304.000,1,4.761966,4.761966,1.816688,1.540491
tracking_cdrone3_20260822_114411_168_milestone4,milestone4,1787424303.117568016,target_map,5,12,2,predicted,9.240705,-5.580586,5.658198,-1.544737,-0.542344,-0.207634,0.426115,18.866989,21291.000,1,2.112096,2.112096,0.798404,0.813146
tracking_cdrone3_20260822_114411_168_milestone4,milestone4,1787424303.217292070,target_map,4,11,2,predicted,-2.711408,-1.046782,-0.341571,0.114718,-0.053103,-0.065347,0.000000,3.081987,5304.000,1,4.861699,4.861699,1.851595,1.565425
tracking_cdrone3_20260822_114411_168_milestone4,milestone4,1787424303.217292070,target_map,5,12,2,predicted,9.086643,-5.634676,5.637490,-1.544737,-0.542344,-0.207634,0.403604,18.866989,21291.000,1,2.211830,2.211830,0.833311,0.838079
tracking_cdrone3_20260822_114411_168_milestone4,milestone4,1787424303.317105532,target_map,4,11,2,predicted,-2.699956,-1.052084,-0.348094,0.114718,-0.053103,-0.065347,0.000000,3.081987,5304.000,1,4.961529,4.961529,1.886535,1.590382
tracking_cdrone3_20260822_114411_168_milestone4,milestone4,1787424303.317105532,target_map,5,12,2,predicted,8.932433,-5.688818,5.616762,-1.544737,-0.542344,-0.207634,0.381072,18.866989,21291.000,1,2.311659,2.311659,0.868252,0.863037
tracking_cdrone3_20260822_114411_168_milestone4,milestone4,1787424303.417389393,target_map,5,12,2,predicted,8.777562,-5.743192,5.595945,-1.544737,-0.542344,-0.207634,0.358443,18.866989,21291.000,1,2.411916,2.411916,0.903342,0.888101
tracking_cdrone3_20260822_114411_168_milestone4,milestone4,1787424303.518469334,target_map,5,12,2,predicted,8.621391,-5.798022,5.574954,-1.544737,-0.542344,-0.207634,0.335624,18.866989,21291.000,1,2.513016,2.513016,0.938726,0.913376
tracking_cdrone3_20260822_114411_168_milestone4,milestone4,1787424303.528398752,raw,13,13,0,detected,-3.485342,-0.656665,0.766762,0.000000,0.000000,0.000000,0.858398,2.071138,12608.500,0,0.000000,0.000000,0.000000,0.000000
tracking_cdrone3_20260822_114411_168_milestone4,milestone4,1787424303.617547750,target_map,5,12,2,predicted,8.468336,-5.851758,5.554381,-1.544737,-0.542344,-0.207634,0.313261,18.866989,21291.000,1,2.612097,2.612097,0.973405,0.938146
tracking_cdrone3_20260822_114411_168_milestone4,milestone4,1787424303.617547750,target_map,6,13,0,detected,-3.485342,-0.656665,0.766762,0.000000,0.000000,0.000000,0.840083,2.071138,12608.500,0,0.085346,0.000000,0.179871,0.371337
tracking_cdrone3_20260822_114411_168_milestone4,milestone4,1787424303.720290899,target_map,5,12,2,predicted,8.309658,-5.907469,5.533052,-1.544737,-0.542344,-0.207634,0.290076,18.866989,21291.000,1,2.714818,2.714818,1.009357,0.963827
tracking_cdrone3_20260822_114411_168_milestone4,milestone4,1787424303.720290899,target_map,6,13,0,detected,-3.485342,-0.656665,0.766762,0.000000,0.000000,0.000000,0.818039,2.071138,12608.500,0,0.188068,0.000000,0.215824,0.397017
tracking_cdrone3_20260822_114411_168_milestone4,milestone4,1787424303.766655207,raw,13,13,0,detected,-3.322218,-0.667040,0.777211,0.684550,-0.043541,0.043850,0.477539,2.244113,10506.000,0,0.000000,0.000000,0.000000,0.000000
tracking_cdrone3_20260822_114411_168_milestone4,milestone4,1787424303.817234755,target_map,5,12,2,predicted,8.159877,-5.960056,5.512920,-1.544737,-0.542344,-0.207634,0.268191,18.866989,21291.000,1,2.811781,2.811781,1.043294,0.988067
tracking_cdrone3_20260822_114411_168_milestone4,milestone4,1787424303.817234755,target_map,6,13,0,detected,-3.305330,-0.668114,0.778292,0.376502,-0.023948,0.024118,0.472184,2.244113,10506.000,0,0.044855,0.000000,0.165699,0.361214
tracking_cdrone3_20260822_114411_168_milestone4,milestone4,1787424303.917253256,target_map,5,12,2,predicted,8.005378,-6.014299,5.492153,-1.544737,-0.542344,-0.207634,0.245616,18.866989,21291.000,1,2.911797,2.911797,1.078300,1.013071
tracking_cdrone3_20260822_114411_168_milestone4,milestone4,1787424303.917253256,target_map,6,13,0,detected,-3.267674,-0.670510,0.780705,0.376502,-0.023948,0.024118,0.460244,2.244113,10506.000,0,0.144871,0.000000,0.200705,0.386218
tracking_cdrone3_20260822_114411_168_milestone4,milestone4,1787424304.017088175,raw,13,13,0,detected,-3.268760,-0.687940,0.762365,0.213487,-0.083464,-0.059289,0.881348,2.298102,10914.500,0,0.000000,0.000000,0.000000,0.000000
tracking_cdrone3_20260822_114411_168_milestone4,milestone4,1787424304.017834902,target_map,5,12,2,predicted,7.850016,-6.068846,5.471270,-1.544737,-0.542344,-0.207634,0.222915,18.866989,21291.000,1,3.012373,3.012373,1.113501,1.038215
tracking_cdrone3_20260822_114411_168_milestone4,milestone4,1787424304.017834902,target_map,6,13,0,detected,-3.229807,-0.672918,0.783130,0.376502,-0.023948,0.024118,0.448236,2.244113,10506.000,0,0.245447,0.000000,0.235906,0.411362
tracking_cdrone3_20260822_114411_168_milestone4,milestone4,1787424304.118819952,target_map,5,12,2,predicted,7.694008,-6.123619,5.450301,-1.544737,-0.542344,-0.207634,0.200120,18.866989,21291.000,1,3.113366,3.113366,1.148849,1.063463
tracking_cdrone3_20260822_114411_168_milestone4,milestone4,1787424304.118819952,target_map,6,13,0,detected,-3.241802,-0.693267,0.760320,0.286844,-0.056682,-0.021756,0.860640,2.298102,10914.500,0,0.093984,0.000000,0.182894,0.373496
tracking_cdrone3_20260822_114411_168_milestone4,milestone4,1787424304.217245102,target_map,5,12,2,predicted,7.541973,-6.176997,5.429865,-1.544737,-0.542344,-0.207634,0.177906,18.866989,21291.000,1,3.211787,3.211787,1.183296,1.088069
tracking_cdrone3_20260822_114411_168_milestone4,milestone4,1787424304.217245102,target_map,6,13,0,detected,-3.213570,-0.698846,0.758179,0.286844,-0.056682,-0.021756,0.838954,2.298102,10914.500,0,0.192405,0.000000,0.217342,0.398101
tracking_cdrone3_20260822_114411_168_milestone4,milestone4,1787424304.302902937,raw,13,13,0,detected,-3.147380,-0.683825,0.834951,0.424601,0.014394,0.253916,0.879883,2.441391,9835.000,0,0.000000,0.000000,0.000000,0.000000
tracking_cdrone3_20260822_114411_168_milestone4,milestone4,1787424304.317322969,target_map,5,12,2,predicted,7.387355,-6.231282,5.409082,-1.544737,-0.542344,-0.207634,0.155314,18.866989,21291.000,1,3.311880,3.311880,1.218329,1.113092
tracking_cdrone3_20260822_114411_168_milestone4,milestone4,1787424304.317322969,target_map,6,13,0,detected,-3.145272,-0.683928,0.835706,0.362610,-0.017590,0.129864,0.878604,2.441391,9835.000,0,0.005814,0.000000,0.152035,0.351453
tracking_cdrone3_20260822_114411_168_milestone4,milestone4,1787424304.417209148,target_map,5,12,2,predicted,7.233072,-6.285450,5.388344,-1.544737,-0.542344,-0.207634,0.132771,18.866989,21291.000,1,3.411757,3.411757,1.253286,1.138061
tracking_cdrone3_20260822_114411_168_milestone4,milestone4,1787424304.417209148,target_map,6,13,0,detected,-3.109056,-0.685684,0.848676,0.362610,-0.017590,0.129864,0.856634,2.441391,9835.000,0,0.105690,0.000000,0.186992,0.376423
tracking_cdrone3_20260822_114411_168_milestone4,milestone4,1787424304.517173767,target_map,5,12,2,predicted,7.078656,-6.339664,5.367589,-1.544737,-0.542344,-0.207634,0.110209,18.866989,21291.000,1,3.511719,3.511719,1.288273,1.163052
tracking_cdrone3_20260822_114411_168_milestone4,milestone4,1787424304.517173767,target_map,6,13,0,detected,-3.072809,-0.687443,0.861658,0.362610,-0.017590,0.129864,0.834645,2.441391,9835.000,0,0.205653,0.000000,0.221979,0.401413
tracking_cdrone3_20260822_114411_168_milestone4,milestone4,1787424304.566936255,raw,13,13,0,detected,-3.073616,-0.687799,0.705940,0.279434,-0.015054,-0.488718,0.881348,2.464380,9032.625,0,0.000000,0.000000,0.000000,0.000000
tracking_cdrone3_20260822_114411_168_milestone4,milestone4,1787424304.617399693,target_map,5,12,2,predicted,6.923827,-6.394023,5.346777,-1.544737,-0.542344,-0.207634,0.087586,18.866989,21291.000,1,3.611950,3.611950,1.323353,1.188109
tracking_cdrone3_20260822_114411_168_milestone4,milestone4,1787424304.617399693,target_map,6,13,0,detected,-3.059418,-0.688525,0.696514,0.316863,-0.016195,-0.210356,0.871475,2.464380,9032.625,0,0.044809,0.000000,0.165683,0.361202
tracking_cdrone3_20260822_114411_168_milestone4,milestone4,1787424304.717254877,target_map,5,12,2,predicted,6.769590,-6.448174,5.326046,-1.544737,-0.542344,-0.207634,0.065050,18.866989,21291.000,1,3.711797,3.711797,1.358299,1.213071
tracking_cdrone3_20260822_114411_168_milestone4,milestone4,1787424304.717254877,target_map,6,13,0,detected,-3.027780,-0.690142,0.675511,0.316863,-0.016195,-0.210356,0.849475,2.464380,9032.625,0,0.144656,0.000000,0.200630,0.386164
tracking_cdrone3_20260822_114411_168_milestone4,milestone4,1787424304.812664509,raw,13,13,0,detected,-2.790096,-0.703887,0.724568,1.153780,-0.065466,0.075807,0.867676,2.709086,6709.500,0,0.000000,0.000000,0.000000,0.000000
tracking_cdrone3_20260822_114411_168_milestone4,milestone4,1787424304.817035675,target_map,5,12,2,predicted,6.615437,-6.502296,5.305326,-1.544737,-0.542344,-0.207634,0.042526,18.866989,21291.000,1,3.811589,3.811589,1.393227,1.238019
tracking_cdrone3_20260822_114411_168_milestone4,milestone4,1787424304.817035675,target_map,6,13,0,detected,-2.789182,-0.703937,0.724506,0.777167,-0.043294,-0.052966,0.867421,2.709086,6709.500,0,0.001176,0.000000,0.150412,0.350294
tracking_cdrone3_20260822_114411_168_milestone4,milestone4,1787424304.917492867,target_map,5,12,2,predicted,6.460261,-6.556777,5.284468,-1.544737,-0.542344,-0.207634,0.019852,18.866989,21291.000,1,3.912044,3.912044,1.428386,1.263133
tracking_cdrone3_20260822_114411_168_milestone4,milestone4,1787424304.917492867,target_map,6,13,0,detected,-2.711112,-0.708287,0.719185,0.777167,-0.043294,-0.052966,0.845630,2.709086,6709.500,0,0.101631,0.000000,0.185571,0.375408
tracking_cdrone3_20260822_114411_168_milestone4,milestone4,1787424305.017499924,target_map,5,12,2,predicted,6.305783,-6.611013,5.263704,-1.544737,-0.542344,-0.207634,0.000000,18.866989,21291.000,1,4.012047,4.012047,1.463387,1.288134
tracking_cdrone3_20260822_114411_168_milestone4,milestone4,1787424305.017499924,target_map,6,13,0,detected,-2.633393,-0.712616,0.713889,0.777167,-0.043294,-0.052966,0.823938,2.709086,6709.500,0,0.201634,0.000000,0.220572,0.400408
tracking_cdrone3_20260822_114411_168_milestone4,milestone4,1787424305.068560839,raw,13,13,0,detected,-2.656723,-0.708263,0.716045,0.521200,-0.017104,-0.033309,0.688965,2.807409,5968.750,0,0.000000,0.000000,0.000000,0.000000
tracking_cdrone3_20260822_114411_168_milestone4,milestone4,1787424305.117196083,target_map,5,12,2,predicted,6.151776,-6.665084,5.243003,-1.544737,-0.542344,-0.207634,0.000000,18.866989,21291.000,1,4.111744,4.111744,1.498281,1.313058
tracking_cdrone3_20260822_114411_168_milestone4,milestone4,1787424305.117196083,target_map,6,13,0,detected,-2.627691,-0.709581,0.714122,0.636385,-0.028890,-0.042155,0.681107,2.807409,5968.750,0,0.045621,0.000000,0.165967,0.361405
tracking_cdrone3_20260822_114411_168_milestone4,milestone4,1787424305.217229128,target_map,5,12,2,predicted,5.997254,-6.719335,5.222233,-1.544737,-0.542344,-0.207634,0.000000,18.866989,21291.000,1,4.211776,4.211776,1.533292,1.338066
tracking_cdrone3_20260822_114411_168_milestone4,milestone4,1787424305.217229128,target_map,6,13,0,detected,-2.564032,-0.712471,0.709905,0.636385,-0.028890,-0.042155,0.663877,2.807409,5968.750,0,0.145653,0.000000,0.200978,0.386413
tracking_cdrone3_20260822_114411_168_milestone4,milestone4,1787424305.317035913,target_map,5,12,2,predicted,5.843081,-6.773464,5.201510,-1.544737,-0.542344,-0.207634,0.000000,18.866989,21291.000,1,4.311581,4.311581,1.568224,1.363017
tracking_cdrone3_20260822_114411_168_milestone4,milestone4,1787424305.317035913,target_map,6,13,0,detected,-2.500518,-0.715355,0.705697,0.636385,-0.028890,-0.042155,0.646687,2.807409,5968.750,0,0.245458,0.000000,0.235910,0.411365
tracking_cdrone3_20260822_114411_168_milestone4,milestone4,1787424305.329337597,raw,13,13,0,detected,-2.387327,-0.715830,0.741609,1.032974,-0.029014,0.098024,0.557617,2.996030,7314.375,0,0.000000,0.000000,0.000000,0.000000
tracking_cdrone3_20260822_114411_168_milestone4,milestone4,1787424305.417211533,target_map,5,12,2,predicted,5.688330,-6.827796,5.180709,-1.544737,-0.542344,-0.207634,0.000000,18.866989,21291.000,1,4.411761,4.411761,1.603287,1.388062
tracking_cdrone3_20260822_114411_168_milestone4,milestone4,1787424305.417211533,target_map,6,13,0,detected,-2.316269,-0.718238,0.744515,0.854509,-0.028958,0.034943,0.546025,2.996030,7314.375,0,0.083156,0.000000,0.179105,0.370789
tracking_cdrone3_20260822_114411_168_milestone4,milestone4,1787424305.518059015,target_map,5,12,2,predicted,5.532581,-6.882478,5.159775,-1.544737,-0.542344,-0.207634,0.000000,18.866989,21291.000,1,4.512586,4.512586,1.638576,1.413268
tracking_cdrone3_20260822_114411_168_milestone4,milestone4,1787424305.518059015,target_map,6,13,0,detected,-2.230113,-0.721158,0.748038,0.854509,-0.028958,0.034943,0.531969,2.996030,7314.375,0,0.183981,0.000000,0.214393,0.395995
tracking_cdrone3_20260822_114411_168_milestone4,milestone4,1787424305.600935936,raw,13,13,0,detected,-0.698361,-0.691957,0.813192,6.219100,0.087906,0.263584,0.669922,4.582596,6105.125,0,0.000000,0.000000,0.000000,0.000000
tracking_cdrone3_20260822_114411_168_milestone4,milestone4,1787424305.618934155,target_map,5,12,2,predicted,5.376720,-6.937199,5.138825,-1.544737,-0.542344,-0.207634,0.000000,18.866989,21291.000,1,4.613484,4.613484,1.673890,1.438493
tracking_cdrone3_20260822_114411_168_milestone4,milestone4,1787424305.618934155,target_map,6,13,0,detected,-0.657811,-0.691580,0.814905,3.805034,0.035317,0.160696,0.668137,4.582596,6105.125,0,0.010657,0.000000,0.153730,0.352664
tracking_cdrone3_20260822_114411_168_milestone4,milestone4,1787424305.718037367,target_map,5,12,2,predicted,5.223961,-6.990832,5.118292,-1.544737,-0.542344,-0.207634,0.000000,18.866989,21291.000,1,4.712374,4.712374,1.708502,1.463215
tracking_cdrone3_20260822_114411_168_milestone4,milestone4,1787424305.718037367,target_map,6,13,0,detected,-0.281532,-0.688088,0.830796,3.805034,0.035317,0.160696,0.651575,4.582596,6105.125,0,0.109547,0.000000,0.188341,0.377387
tracking_cdrone3_20260822_114411_168_milestone4,milestone4,1787424305.817196608,target_map,5,12,2,predicted,5.070456,-7.044726,5.097659,-1.544737,-0.542344,-0.207634,0.000000,18.866989,21291.000,1,4.811747,4.811747,1.743282,1.488059
tracking_cdrone3_20260822_114411_168_milestone4,milestone4,1787424305.817196608,target_map,6,13,0,detected,0.096587,-0.684578,0.846765,3.805034,0.035317,0.160696,0.634932,4.582596,6105.125,0,0.208920,0.000000,0.223122,0.402230
tracking_cdrone3_20260822_114411_168_milestone4,milestone4,1787424305.863711357,raw,13,13,0,detected,11.840932,-0.703502,1.749103,47.711395,-0.043928,3.561092,0.669922,17.027977,6105.125,0,0.000000,0.000000,0.000000,0.000000
tracking_cdrone3_20260822_114411_168_milestone4,milestone4,1787424305.917102337,target_map,5,12,2,predicted,4.916119,-7.098912,5.076914,-1.544737,-0.542344,-0.207634,0.000000,18.866989,21291.000,1,4.911658,4.911658,1.778251,1.513037
tracking_cdrone3_20260822_114411_168_milestone4,milestone4,1787424305.917102337,target_map,6,13,0,detected,12.143360,-0.702914,1.768924,6.100059,0.011853,0.399810,0.661619,17.027977,6105.125,0,0.049578,0.000000,0.167352,0.362394
tracking_cdrone3_20260822_114411_168_milestone4,milestone4,1787424306.017084360,target_map,6,13,0,detected,12.753229,-0.701729,1.808896,6.100059,0.011853,0.399810,0.644874,17.027977,6105.125,0,0.149555,0.000000,0.202344,0.387389
tracking_cdrone3_20260822_114411_168_milestone4,milestone4,1787424306.117624044,target_map,6,13,2,predicted,13.366407,-0.700538,1.849085,6.100059,0.011853,0.399810,0.628039,17.027977,6105.125,0,0.250076,0.250076,0.237526,0.412519
tracking_cdrone3_20260822_114411_168_milestone4,milestone4,1787424306.164682865,raw,13,13,0,detected,12.636103,-0.647770,1.376569,2.642362,0.185197,-1.237933,0.669922,17.687122,6105.125,0,0.000000,0.000000,0.000000,0.000000
tracking_cdrone3_20260822_114411_168_milestone4,milestone4,1787424306.218344927,target_map,6,13,0,detected,12.833667,-0.642726,1.352996,4.198326,0.107192,-0.500949,0.662041,17.687122,6105.125,0,0.047058,0.000000,0.166470,0.361764
tracking_cdrone3_20260822_114411_168_milestone4,milestone4,1787424306.316912889,target_map,6,13,0,detected,13.247501,-0.632160,1.303616,4.198326,0.107192,-0.500949,0.645532,17.687122,6105.125,0,0.145629,0.000000,0.200970,0.386407
tracking_cdrone3_20260822_114411_168_milestone4,milestone4,1787424306.417095423,target_map,6,13,0,detected,13.668065,-0.621422,1.253434,4.198326,0.107192,-0.500949,0.628755,17.687122,6105.125,0,0.245803,0.000000,0.236031,0.411451
tracking_cdrone3_20260822_114411_168_milestone4,milestone4,1787424306.423030138,raw,13,13,0,detected,12.131933,-0.718142,1.002183,-1.951529,-0.272393,-1.449165,0.669922,17.053341,6105.125,1,0.000000,0.000000,0.000000,0.000000
tracking_cdrone3_20260822_114411_168_milestone4,milestone4,1787424306.517233372,target_map,6,13,0,detected,12.206751,-0.727456,0.908424,0.815905,-0.101580,-1.022468,0.654564,17.053341,6105.125,1,0.091699,0.000000,0.182095,0.372925
tracking_cdrone3_20260822_114411_168_milestone4,milestone4,1787424306.617163181,target_map,6,13,0,detected,12.288281,-0.737607,0.806252,0.815905,-0.101580,-1.022468,0.637828,17.053341,6105.125,1,0.191626,0.000000,0.217069,0.397906
tracking_cdrone3_20260822_114411_168_milestone4,milestone4,1787424306.710856676,raw,13,13,0,detected,9.363208,-0.409820,0.902347,-9.618317,1.071082,-0.346821,0.684570,14.129881,4987.500,1,0.000000,0.000000,0.000000,0.000000
tracking_cdrone3_20260822_114411_168_milestone4,milestone4,1787424306.717005253,target_map,6,13,0,detected,9.352644,-0.408657,0.900717,-4.003007,0.440944,-0.617692,0.684119,14.129881,4987.500,1,0.002639,0.000000,0.150924,0.350660
tracking_cdrone3_20260822_114411_168_milestone4,milestone4,1787424306.817292213,target_map,6,13,0,detected,8.951248,-0.364442,0.838779,-4.003007,0.440944,-0.617692,0.666958,14.129881,4987.500,1,0.102913,0.000000,0.186019,0.375728
tracking_cdrone3_20260822_114411_168_milestone4,milestone4,1787424306.917402267,target_map,6,13,0,detected,8.550505,-0.320298,0.776942,-4.003007,0.440944,-0.617692,0.649824,14.129881,4987.500,1,0.203023,0.000000,0.221058,0.400756
tracking_cdrone3_20260822_114411_168_milestone4,milestone4,1787424306.975612640,raw,13,13,0,detected,9.445423,-0.314785,0.861011,0.310569,0.358995,-0.156147,0.684570,13.986115,4987.500,1,0.000000,0.000000,0.000000,0.000000
tracking_cdrone3_20260822_114411_168_milestone4,milestone4,1787424307.017436266,target_map,6,13,0,detected,9.381834,-0.299346,0.846822,-1.630540,0.395872,-0.363842,0.677896,13.986115,4987.500,1,0.038999,0.000000,0.163650,0.359750
tracking_cdrone3_20260822_114411_168_milestone4,milestone4,1787424307.117052317,target_map,6,13,0,detected,9.219407,-0.259911,0.810578,-1.630540,0.395872,-0.363842,0.660848,13.986115,4987.500,1,0.138614,0.000000,0.198515,0.384653
tracking_cdrone3_20260822_114411_168_milestone4,milestone4,1787424307.217150211,target_map,6,13,0,detected,9.056211,-0.220290,0.774162,-1.630540,0.395872,-0.363842,0.643718,13.986115,4987.500,1,0.238701,0.000000,0.233545,0.409675
tracking_cdrone3_20260822_114411_168_milestone4,milestone4,1787424307.220326900,raw,13,13,0,detected,10.910389,-0.270679,0.614247,5.986427,0.180235,-1.008374,0.684570,15.333561,4987.500,0,0.000000,0.000000,0.000000,0.000000
tracking_cdrone3_20260822_114411_168_milestone4,milestone4,1787424307.317271233,target_map,6,13,0,detected,11.132685,-0.246590,0.551842,2.558792,0.277272,-0.718335,0.669702,15.333561,4987.500,0,0.086875,0.000000,0.180406,0.371719
tracking_cdrone3_20260822_114411_168_milestone4,milestone4,1787424307.417241812,target_map,6,13,0,detected,11.388489,-0.218871,0.480029,2.558792,0.277272,-0.718335,0.652593,15.333561,4987.500,0,0.186846,0.000000,0.215396,0.396711
tracking_cdrone3_20260822_114411_168_milestone4,milestone4,1787424307.483098030,raw,13,13,0,detected,9.585748,-0.295855,0.403678,-5.041086,-0.095813,-0.801348,0.684570,13.910667,4987.500,1,0.000000,0.000000,0.000000,0.000000
tracking_cdrone3_20260822_114411_168_milestone4,milestone4,1787424307.517116308,target_map,6,13,0,detected,9.534874,-0.293593,0.379703,-1.621141,0.072075,-0.763992,0.679200,13.910667,4987.500,1,0.031382,0.000000,0.160984,0.357845
tracking_cdrone3_20260822_114411_168_milestone4,milestone4,1787424307.617443800,target_map,6,13,0,detected,9.372230,-0.286362,0.303053,-1.621141,0.072075,-0.763992,0.662029,13.910667,4987.500,1,0.131709,0.000000,0.196098,0.382927
tracking_cdrone3_20260822_114411_168_milestone4,milestone4,1787424307.718249083,target_map,6,13,0,detected,9.208833,-0.279098,0.226050,-1.621141,0.072075,-0.763992,0.644780,13.910667,4987.500,1,0.232500,0.000000,0.231375,0.408125
tracking_cdrone3_20260822_114411_168_milestone4,milestone4,1787424307.737957001,raw,13,13,0,detected,11.113273,-0.409492,0.661125,5.993613,-0.445883,1.010156,0.708984,15.259907,4384.250,0,0.000000,0.000000,0.000000,0.000000
tracking_cdrone3_20260822_114411_168_milestone4,milestone4,1787424307.817234516,target_map,6,13,0,detected,11.284393,-0.423678,0.675243,2.566974,-0.212802,0.211789,0.697169,15.259907,4384.250,0,0.066663,0.000000,0.173332,0.366666
tracking_cdrone3_20260822_114411_168_milestone4,milestone4,1787424307.917237997,target_map,6,13,0,detected,11.541073,-0.444957,0.696421,2.566974,-0.212802,0.211789,0.679445,15.259907,4384.250,0,0.166655,0.000000,0.208329,0.391664
tracking_cdrone3_20260822_114411_168_milestone4,milestone4,1787424307.985582352,raw,13,13,0,detected,13.121339,-0.789695,0.876085,8.109152,-1.535370,0.868071,0.709961,17.083647,5654.500,0,0.000000,0.000000,0.000000,0.000000
tracking_cdrone3_20260822_114411_168_milestone4,milestone4,1787424308.017176867,target_map,6,13,0,detected,13.273947,-0.815150,0.891628,5.454613,-0.909814,0.555557,0.704995,17.083647,5654.500,0,0.027978,0.000000,0.159792,0.356994
tracking_cdrone3_20260822_114411_168_milestone4,milestone4,1787424308.117083549,target_map,6,13,0,detected,13.818896,-0.906046,0.947132,5.454613,-0.909814,0.555557,0.687263,17.083647,5654.500,0,0.127884,0.000000,0.194759,0.381971
tracking_cdrone3_20260822_114411_168_milestone4,milestone4,1787424308.216912031,target_map,6,13,0,detected,14.363401,-0.996868,1.002590,5.454613,-0.909814,0.555557,0.669545,17.083647,5654.500,0,0.227709,0.000000,0.229698,0.406927
tracking_cdrone3_20260822_114411_168_milestone4,milestone4,1787424308.237973690,raw,13,13,0,detected,14.463587,-1.112843,1.232597,5.318255,-1.280376,1.412571,0.445557,18.285950,6792.250,0,0.000000,0.000000,0.000000,0.000000
tracking_cdrone3_20260822_114411_168_milestone4,milestone4,1787424308.317208290,target_map,6,13,0,detected,14.874909,-1.197990,1.311114,5.379616,-1.113623,1.026914,0.437040,18.285950,6792.250,0,0.076459,0.000000,0.176761,0.369115
tracking_cdrone3_20260822_114411_168_milestone4,milestone4,1787424308.417266846,target_map,6,13,0,detected,15.413194,-1.309419,1.413867,5.379616,-1.113623,1.026914,0.425894,18.285950,6792.250,0,0.176519,0.000000,0.211782,0.394130
tracking_cdrone3_20260822_114411_168_milestone4,milestone4,1787424308.490602016,raw,13,13,0,detected,-0.945759,-0.589691,0.704693,-60.995365,2.070812,-2.089620,0.805664,2.756511,6247.500,1,0.000000,0.000000,0.000000,0.000000
tracking_cdrone3_20260822_114411_168_milestone4,milestone4,1787424308.517197609,target_map,6,13,0,detected,-0.985283,-0.596737,0.710931,-1.974064,-0.351923,0.311548,0.801631,2.756511,6247.500,1,0.020022,0.000000,0.157008,0.355005
tracking_cdrone3_20260822_114411_168_milestone4,milestone4,1787424308.617208004,target_map,6,13,0,detected,-1.182705,-0.631932,0.742088,-1.974064,-0.351923,0.311548,0.781488,2.756511,6247.500,1,0.120029,0.000000,0.192010,0.380007
tracking_cdrone3_20260822_114411_168_milestone4,milestone4,1787424308.717216015,target_map,6,13,0,detected,-1.380116,-0.667125,0.773243,-1.974064,-0.351923,0.311548,0.761346,2.756511,6247.500,1,0.220031,0.000000,0.227011,0.405008
tracking_cdrone3_20260822_114411_168_milestone4,milestone4,1787424308.745195389,raw,13,13,0,detected,14.333275,-2.299900,1.104128,60.016121,-6.717710,1.568983,0.825684,17.981726,5225.000,0,0.000000,0.000000,0.000000,0.000000
tracking_cdrone3_20260822_114411_168_milestone4,milestone4,1787424308.816926241,target_map,6,13,0,detected,14.574596,-2.344774,1.121760,3.482889,-0.647643,0.254472,0.811381,17.981726,5225.000,0,0.069288,0.000000,0.174251,0.367322
tracking_cdrone3_20260822_114411_168_milestone4,milestone4,1787424308.917253017,target_map,6,13,0,detected,14.923949,-2.409736,1.147285,3.482889,-0.647643,0.254472,0.790676,17.981726,5225.000,0,0.169593,0.000000,0.209358,0.392398
tracking_cdrone3_20260822_114411_168_milestone4,milestone4,1787424309.017144442,target_map,6,13,2,predicted,15.271877,-2.474433,1.172706,3.482889,-0.647643,0.254472,0.770055,17.981726,5225.000,0,0.269490,0.269490,0.244321,0.417372
tracking_cdrone3_20260822_114411_168_milestone4,milestone4,1787424309.046644449,raw,13,13,0,detected,9.179202,-2.004540,0.510298,-17.096586,0.979740,-1.969795,0.825684,12.551191,5225.000,1,0.000000,0.000000,0.000000,0.000000
tracking_cdrone3_20260822_114411_168_milestone4,milestone4,1787424309.117197752,target_map,6,13,0,detected,8.989992,-2.007338,0.484029,-2.796717,-0.041354,-0.388291,0.811718,12.551191,5225.000,1,0.067654,0.000000,0.173679,0.366914
tracking_cdrone3_20260822_114411_168_milestone4,milestone4,1787424309.217275381,target_map,6,13,0,detected,8.710122,-2.011476,0.445172,-2.796717,-0.041354,-0.388291,0.791062,12.551191,5225.000,1,0.167725,0.000000,0.208704,0.391931
tracking_cdrone3_20260822_114411_168_milestone4,milestone4,1787424309.302757502,raw,13,13,0,detected,8.917703,-2.213178,1.831265,-1.021026,-0.814631,5.157721,0.825684,12.235745,5225.000,1,0.000000,0.000000,0.000000,0.000000
tracking_cdrone3_20260822_114411_168_milestone4,milestone4,1787424309.317213058,target_map,6,13,0,detected,8.897330,-2.218402,1.861062,-1.820087,-0.466656,2.662016,0.823373,12.235745,5225.000,1,0.011193,0.000000,0.153918,0.352798
tracking_cdrone3_20260822_114411_168_milestone4,milestone4,1787424309.417128563,target_map,6,13,0,detected,8.715480,-2.265027,2.127031,-1.820087,-0.466656,2.662016,0.802749,12.235745,5225.000,1,0.111106,0.000000,0.188887,0.377777
tracking_cdrone3_20260822_114411_168_milestone4,milestone4,1787424309.517267227,target_map,6,13,0,detected,8.533222,-2.311756,2.393596,-1.820087,-0.466656,2.662016,0.782079,12.235745,5225.000,1,0.211243,0.000000,0.223935,0.402811
tracking_cdrone3_20260822_114411_168_milestone4,milestone4,1787424309.560790539,raw,13,13,0,detected,8.894787,-2.351265,0.777093,-0.088812,-0.535168,-4.085530,0.825684,12.118592,5225.000,1,0.000000,0.000000,0.000000,0.000000
tracking_cdrone3_20260822_114411_168_milestone4,milestone4,1787424309.617195606,target_map,6,13,0,detected,8.848247,-2.378311,0.720833,-0.867886,-0.504338,-1.049134,0.814614,12.118592,5225.000,1,0.053625,0.000000,0.168769,0.363406
tracking_cdrone3_20260822_114411_168_milestone4,milestone4,1787424309.717315435,target_map,6,13,0,detected,8.761368,-2.428796,0.615811,-0.867886,-0.504338,-1.049134,0.793951,12.118592,5225.000,1,0.153728,0.000000,0.203805,0.388432
tracking_cdrone3_20260822_114411_168_milestone4,milestone4,1787424309.817279577,target_map,6,13,2,predicted,8.674608,-2.479213,0.510932,-0.867886,-0.504338,-1.049134,0.773316,12.118592,5225.000,1,0.253695,0.253695,0.238793,0.413424
tracking_cdrone3_20260822_114411_168_milestone4,milestone4,1787424309.847638130,raw,13,13,0,detected,8.727206,-2.561911,1.390733,-0.584216,-0.734350,2.139262,0.825684,11.880101,5225.000,1,0.000000,0.000000,0.000000,0.000000
tracking_cdrone3_20260822_114411_168_milestone4,milestone4,1787424309.847638130,raw,14,14,0,detected,-1.051652,-0.634179,0.594518,0.000000,0.000000,0.000000,0.883301,1.893878,16039.000,0,0.000000,0.000000,0.000000,0.000000
tracking_cdrone3_20260822_114411_168_milestone4,milestone4,1787424309.917120934,target_map,6,13,0,detected,8.684242,-2.599985,1.433252,-0.711867,-0.630844,0.704484,0.813225,11.880101,5225.000,1,0.060354,0.000000,0.171124,0.365088
tracking_cdrone3_20260822_114411_168_milestone4,milestone4,1787424309.917120934,target_map,7,14,0,detected,-1.051652,-0.634179,0.594518,0.000000,0.000000,0.000000,0.869973,1.893878,16039.000,0,0.060354,0.000000,0.171124,0.365088
tracking_cdrone3_20260822_114411_168_milestone4,milestone4,1787424310.017064810,target_map,6,13,0,detected,8.613100,-2.663030,1.503656,-0.711867,-0.630844,0.704484,0.792596,11.880101,5225.000,1,0.160291,0.000000,0.206102,0.390073
tracking_cdrone3_20260822_114411_168_milestone4,milestone4,1787424310.017064810,target_map,7,14,0,detected,-1.051652,-0.634179,0.594518,0.000000,0.000000,0.000000,0.847905,1.893878,16039.000,0,0.160291,0.000000,0.206102,0.390073
tracking_cdrone3_20260822_114411_168_milestone4,milestone4,1787424310.117223978,target_map,6,13,2,predicted,8.541800,-2.726216,1.574217,-0.711867,-0.630844,0.704484,0.771921,11.880101,5225.000,1,0.260452,0.260452,0.241158,0.415113
tracking_cdrone3_20260822_114411_168_milestone4,milestone4,1787424310.117223978,target_map,7,14,2,predicted,-1.051652,-0.634179,0.594518,0.000000,0.000000,0.000000,0.825787,1.893878,16039.000,0,0.260452,0.260452,0.241158,0.415113
tracking_cdrone3_20260822_114411_168_milestone4,milestone4,1787424310.139395714,raw,13,13,0,detected,8.710526,-2.560987,0.844609,-0.057173,0.003167,-1.871929,0.825684,11.701196,5225.000,1,0.000000,0.000000,0.000000,0.000000
tracking_cdrone3_20260822_114411_168_milestone4,milestone4,1787424310.139395714,raw,14,14,0,detected,5.021890,-1.738039,-0.081352,20.818054,-3.783660,-2.316654,0.883301,7.961407,16039.000,0,0.000000,0.000000,0.000000,0.000000
tracking_cdrone3_20260822_114411_168_milestone4,milestone4,1787424310.218386650,target_map,6,13,0,detected,8.687289,-2.579625,0.797541,-0.351785,-0.282138,-0.712543,0.812048,11.701196,5225.000,1,0.066056,0.000000,0.173120,0.366514
tracking_cdrone3_20260822_114411_168_milestone4,milestone4,1787424310.218386650,target_map,7,14,0,detected,5.306155,-1.789704,-0.112985,4.303364,-0.782132,-0.478883,0.868714,7.961407,16039.000,0,0.066056,0.000000,0.173120,0.366514
tracking_cdrone3_20260822_114411_168_milestone4,milestone4,1787424310.317249298,target_map,6,13,0,detected,8.652514,-2.607515,0.727105,-0.351785,-0.282138,-0.712543,0.791643,11.701196,5225.000,1,0.164909,0.000000,0.207718,0.391227
tracking_cdrone3_20260822_114411_168_milestone4,milestone4,1787424310.317249298,target_map,7,14,0,detected,5.731553,-1.867019,-0.160324,4.303364,-0.782132,-0.478883,0.846885,7.961407,16039.000,0,0.164909,0.000000,0.207718,0.391227
tracking_cdrone3_20260822_114411_168_milestone4,milestone4,1787424310.417062998,target_map,6,13,2,predicted,8.617398,-2.635678,0.655978,-0.351785,-0.282138,-0.712543,0.771038,11.701196,5225.000,1,0.264730,0.264730,0.242656,0.416183
tracking_cdrone3_20260822_114411_168_milestone4,milestone4,1787424310.417062998,target_map,7,14,2,predicted,6.161120,-1.945093,-0.208127,4.303364,-0.782132,-0.478883,0.824842,7.961407,16039.000,0,0.264730,0.264730,0.242656,0.416183
tracking_cdrone3_20260822_114411_168_milestone4,milestone4,1787424310.424333811,raw,13,13,0,detected,8.701746,-2.974536,1.533064,-0.030815,-1.451326,2.416095,0.825684,11.560682,5225.000,1,0.000000,0.000000,0.000000,0.000000
tracking_cdrone3_20260822_114411_168_milestone4,milestone4,1787424310.424333811,raw,14,14,0,detected,5.297532,-1.954804,0.371215,0.967351,-0.760725,1.588258,0.883301,8.007906,16039.000,0,0.000000,0.000000,0.000000,0.000000
tracking_cdrone3_20260822_114411_168_milestone4,milestone4,1787424310.517071724,target_map,6,13,0,detected,8.686082,-3.057232,1.623181,-0.175252,-0.925192,1.008208,0.807233,11.560682,5225.000,1,0.089383,0.000000,0.181284,0.372346
tracking_cdrone3_20260822_114411_168_milestone4,milestone4,1787424310.517071724,target_map,7,14,0,detected,5.518179,-2.023661,0.430033,2.468557,-0.770358,0.658045,0.863563,8.007906,16039.000,0,0.089383,0.000000,0.181284,0.372346
tracking_cdrone3_20260822_114411_168_milestone4,milestone4,1787424310.617195129,target_map,6,13,0,detected,8.668535,-3.149862,1.724121,-0.175252,-0.925192,1.008208,0.786566,11.560682,5225.000,1,0.189502,0.000000,0.216326,0.397375
tracking_cdrone3_20260822_114411_168_milestone4,milestone4,1787424310.617195129,target_map,7,14,0,detected,5.765328,-2.100788,0.495915,2.468557,-0.770358,0.658045,0.841454,8.007906,16039.000,0,0.189502,0.000000,0.216326,0.397375
tracking_cdrone3_20260822_114411_168_milestone4,milestone4,1787424310.709803820,raw,13,13,0,detected,8.680759,-3.235546,0.946718,-0.073487,-0.913958,-2.053163,0.825684,11.484561,5225.000,1,0.000000,0.000000,0.000000,0.000000
tracking_cdrone3_20260822_114411_168_milestone4,milestone4,1787424310.717705011,target_map,6,13,0,detected,8.680621,-3.236611,0.945935,-0.119281,-0.919013,-0.675546,0.825444,11.484561,5225.000,1,0.001159,0.000000,0.150406,0.350290
tracking_cdrone3_20260822_114411_168_milestone4,milestone4,1787424310.717705011,target_map,7,14,2,predicted,6.013484,-2.178230,0.562066,2.468557,-0.770358,0.658045,0.819255,8.007906,16039.000,0,0.290028,0.290028,0.251510,0.422507
tracking_cdrone3_20260822_114411_168_milestone4,milestone4,1787424310.818004370,target_map,6,13,0,detected,8.668660,-3.328766,0.878194,-0.119281,-0.919013,-0.675546,0.804745,11.484561,5225.000,1,0.101435,0.000000,0.185502,0.375359
tracking_cdrone3_20260822_114411_168_milestone4,milestone4,1787424310.818004370,target_map,7,14,2,predicted,6.261020,-2.255478,0.628052,2.468557,-0.770358,0.658045,0.797112,8.007906,16039.000,0,0.390304,0.390304,0.286607,0.447576
tracking_cdrone3_20260822_114411_168_milestone4,milestone4,1787424310.917064905,target_map,6,13,0,detected,8.656845,-3.419795,0.811280,-0.119281,-0.919013,-0.675546,0.784299,11.484561,5225.000,1,0.200486,0.000000,0.220170,0.400121
tracking_cdrone3_20260822_114411_168_milestone4,milestone4,1787424310.917064905,target_map,7,14,2,predicted,6.505532,-2.331782,0.693232,2.468557,-0.770358,0.658045,0.775239,8.007906,16039.000,0,0.489355,0.489355,0.321274,0.472339
tracking_cdrone3_20260822_114411_168_milestone4,milestone4,1787424310.965905666,raw,13,13,0,detected,8.668370,-3.440453,1.235944,-0.048397,-0.800460,1.129849,0.825684,11.399583,5225.000,1,0.000000,0.000000,0.000000,0.000000
tracking_cdrone3_20260822_114411_168_milestone4,milestone4,1787424311.017199516,target_map,6,13,0,detected,8.664536,-3.481231,1.251104,-0.080295,-0.853809,0.317421,0.815825,11.399583,5225.000,1,0.047761,0.000000,0.166716,0.361940
tracking_cdrone3_20260822_114411_168_milestone4,milestone4,1787424311.017199516,target_map,7,14,2,predicted,6.752765,-2.408936,0.759137,2.468557,-0.770358,0.658045,0.753123,8.007906,16039.000,0,0.589508,0.589508,0.356328,0.497377
tracking_cdrone3_20260822_114411_168_milestone4,milestone4,1787424311.117235661,target_map,6,13,0,detected,8.656503,-3.566641,1.282857,-0.080295,-0.853809,0.317421,0.795176,11.399583,5225.000,1,0.147794,0.000000,0.201728,0.386948
tracking_cdrone3_20260822_114411_168_milestone4,milestone4,1787424311.117235661,target_map,7,14,2,predicted,6.999703,-2.485997,0.824963,2.468557,-0.770358,0.658045,0.731033,8.007906,16039.000,0,0.689541,0.689541,0.391339,0.522385
tracking_cdrone3_20260822_114411_168_milestone4,milestone4,1787424311.217196941,target_map,6,13,0,detected,8.648477,-3.651989,1.314587,-0.080295,-0.853809,0.317421,0.774542,11.399583,5225.000,1,0.247756,0.000000,0.236714,0.411939
tracking_cdrone3_20260822_114411_168_milestone4,milestone4,1787424311.217196941,target_map,7,14,2,predicted,7.246463,-2.563004,0.890742,2.468557,-0.770358,0.658045,0.708959,8.007906,16039.000,0,0.789502,0.789502,0.426326,0.547376
tracking_cdrone3_20260822_114411_168_milestone4,milestone4,1787424311.241501808,raw,13,13,0,detected,8.668066,-3.565729,1.393838,-0.001105,-0.454565,0.572915,0.825684,11.305361,5225.000,1,0.000000,0.000000,0.000000,0.000000
tracking_cdrone3_20260822_114411_168_milestone4,milestone4,1787424311.320579529,target_map,6,13,0,detected,8.665259,-3.614185,1.428825,-0.036741,-0.634225,0.457943,0.809913,11.305361,5225.000,1,0.076401,0.000000,0.176740,0.369100
tracking_cdrone3_20260822_114411_168_milestone4,milestone4,1787424311.320579529,target_map,7,14,2,predicted,7.501652,-2.642640,0.958768,2.468557,-0.770358,0.658045,0.686131,8.007906,16039.000,0,0.892878,0.892878,0.462507,0.573220
tracking_cdrone3_20260822_114411_168_milestone4,milestone4,1787424311.417226791,target_map,6,13,0,detected,8.661708,-3.675481,1.473084,-0.036741,-0.634225,0.457943,0.789963,11.305361,5225.000,1,0.173048,0.000000,0.210567,0.393262
tracking_cdrone3_20260822_114411_168_milestone4,milestone4,1787424311.417226791,target_map,7,14,2,predicted,7.740232,-2.717093,1.022367,2.468557,-0.770358,0.658045,0.664789,8.007906,16039.000,0,0.989526,0.989526,0.496334,0.597381
tracking_cdrone3_20260822_114411_168_milestone4,milestone4,1787424311.517125368,target_map,6,13,2,predicted,8.658037,-3.738845,1.518836,-0.036741,-0.634225,0.457943,0.769340,11.305361,5225.000,1,0.272957,0.272957,0.245535,0.418239
tracking_cdrone3_20260822_114411_168_milestone4,milestone4,1787424311.517125368,target_map,7,14,2,predicted,7.986861,-2.794058,1.088111,2.468557,-0.770358,0.658045,0.642726,8.007906,16039.000,0,1.089434,1.089434,0.531302,0.622359
tracking_cdrone3_20260822_114411_168_milestone4,milestone4,1787424311.524475574,raw,13,13,0,detected,8.688628,-3.845844,1.059723,0.072664,-0.989884,-1.180714,0.825684,11.198071,5225.000,1,0.000000,0.000000,0.000000,0.000000
tracking_cdrone3_20260822_114411_168_milestone4,milestone4,1787424311.617239237,target_map,6,13,0,detected,8.690736,-3.920499,1.019840,0.023432,-0.829837,-0.443318,0.807113,11.198071,5225.000,1,0.089963,0.000000,0.181487,0.372491
tracking_cdrone3_20260822_114411_168_milestone4,milestone4,1787424311.617239237,target_map,7,14,2,predicted,8.233988,-2.871178,1.153987,2.468557,-0.770358,0.658045,0.620620,8.007906,16039.000,0,1.189543,1.189543,0.566340,0.647386
tracking_cdrone3_20260822_114411_168_milestone4,milestone4,1787424311.717397928,target_map,6,13,0,detected,8.693083,-4.003615,0.975438,0.023432,-0.829837,-0.443318,0.786438,11.198071,5225.000,1,0.190122,0.000000,0.216543,0.397531
tracking_cdrone3_20260822_114411_168_milestone4,milestone4,1787424311.717397928,target_map,7,14,2,predicted,8.481236,-2.948337,1.219897,2.468557,-0.770358,0.658045,0.598502,8.007906,16039.000,0,1.289703,1.289703,0.601396,0.672426
tracking_cdrone3_20260822_114411_168_milestone4,milestone4,1787424311.817287445,target_map,6,13,2,predicted,8.695424,-4.086504,0.931156,0.023432,-0.829837,-0.443318,0.765820,11.198071,5225.000,1,0.290009,0.290009,0.251503,0.422502
tracking_cdrone3_20260822_114411_168_milestone4,milestone4,1787424311.817287445,target_map,7,14,2,predicted,8.727813,-3.025286,1.285627,2.468557,-0.770358,0.658045,0.576444,8.007906,16039.000,0,1.389590,1.389590,0.636356,0.697397
tracking_cdrone3_20260822_114411_168_milestone4,milestone4,1787424311.917225361,target_map,6,13,2,predicted,8.697765,-4.169438,0.886851,0.023432,-0.829837,-0.443318,0.745190,11.198071,5225.000,1,0.389948,0.389948,0.286482,0.447487
tracking_cdrone3_20260822_114411_168_milestone4,milestone4,1787424311.917225361,target_map,7,14,2,predicted,8.974519,-3.102275,1.351391,2.468557,-0.770358,0.658045,0.554375,8.007906,16039.000,0,1.489529,1.489529,0.671335,0.722382
tracking_cdrone3_20260822_114411_168_milestone4,milestone4,1787424312.017371416,target_map,6,13,2,predicted,8.700111,-4.252525,0.842464,0.023432,-0.829837,-0.443318,0.724522,11.198071,5225.000,1,0.490073,0.490073,0.321525,0.472518
tracking_cdrone3_20260822_114411_168_milestone4,milestone4,1787424312.017371416,target_map,7,14,2,predicted,9.221681,-3.179406,1.417277,2.468557,-0.770358,0.658045,0.532265,8.007906,16039.000,0,1.589653,1.589653,0.706379,0.747413
tracking_cdrone3_20260822_114411_168_milestone4,milestone4,1787424312.117038488,target_map,6,13,2,predicted,8.702448,-4.335253,0.798269,0.023432,-0.829837,-0.443318,0.703944,11.198071,5225.000,1,0.589765,0.589765,0.356418,0.497441
tracking_cdrone3_20260822_114411_168_milestone4,milestone4,1787424312.117038488,target_map,7,14,2,predicted,9.467778,-3.256205,1.482880,2.468557,-0.770358,0.658045,0.510251,8.007906,16039.000,0,1.689346,1.689346,0.741271,0.772336
tracking_cdrone3_20260822_114411_168_milestone4,milestone4,1787424312.217247009,target_map,6,13,2,predicted,8.704795,-4.418402,0.753849,0.023432,-0.829837,-0.443318,0.683261,11.198071,5225.000,1,0.689964,0.689964,0.391488,0.522491
tracking_cdrone3_20260822_114411_168_milestone4,milestone4,1787424312.217247009,target_map,7,14,2,predicted,9.715125,-3.333394,1.548815,2.468557,-0.770358,0.658045,0.488124,8.007906,16039.000,0,1.789545,1.789545,0.776341,0.797386
tracking_cdrone3_20260822_114411_168_milestone4,milestone4,1787424312.317161798,target_map,6,13,2,predicted,8.707136,-4.501316,0.709554,0.023432,-0.829837,-0.443318,0.662636,11.198071,5225.000,1,0.789880,0.789880,0.426458,0.547470
tracking_cdrone3_20260822_114411_168_milestone4,milestone4,1787424312.317161798,target_map,7,14,2,predicted,9.961773,-3.410365,1.614564,2.468557,-0.770358,0.658045,0.466060,8.007906,16039.000,0,1.889461,1.889461,0.811311,0.822365
tracking_cdrone3_20260822_114411_168_milestone4,milestone4,1787424312.417225599,target_map,6,13,2,predicted,8.709481,-4.584356,0.665192,0.023432,-0.829837,-0.443318,0.641980,11.198071,5225.000,1,0.889948,0.889948,0.461482,0.572487
tracking_cdrone3_20260822_114411_168_milestone4,milestone4,1787424312.417225599,target_map,7,14,2,predicted,10.208797,-3.487454,1.680413,2.468557,-0.770358,0.658045,0.443963,8.007906,16039.000,0,1.989529,1.989529,0.846335,0.847382
tracking_cdrone3_20260822_114411_168_milestone4,milestone4,1787424312.517108440,target_map,6,13,2,predicted,8.711822,-4.667238,0.620915,0.023432,-0.829837,-0.443318,0.621363,11.198071,5225.000,1,0.989825,0.989825,0.496439,0.597456
tracking_cdrone3_20260822_114411_168_milestone4,milestone4,1787424312.517108440,target_map,7,14,2,predicted,10.455348,-3.564394,1.746137,2.468557,-0.770358,0.658045,0.421907,8.007906,16039.000,0,2.089406,2.089406,0.881292,0.872351
tracking_cdrone3_20260822_114411_168_milestone4,milestone4,1787424312.617265224,target_map,6,13,2,predicted,8.714169,-4.750354,0.576512,0.023432,-0.829837,-0.443318,0.600688,11.198071,5225.000,1,1.089985,1.089985,0.531495,0.622496
tracking_cdrone3_20260822_114411_168_milestone4,milestone4,1787424312.617265224,target_map,7,14,2,predicted,10.702599,-3.641553,1.812046,2.468557,-0.770358,0.658045,0.399790,8.007906,16039.000,0,2.189565,2.189565,0.916348,0.897391
tracking_cdrone3_20260822_114411_168_milestone4,milestone4,1787424312.717194080,target_map,6,13,2,predicted,8.716510,-4.833282,0.532211,0.023432,-0.829837,-0.443318,0.580060,11.198071,5225.000,1,1.189917,1.189917,0.566471,0.647479
tracking_cdrone3_20260822_114411_168_milestone4,milestone4,1787424312.717194080,target_map,7,14,2,predicted,10.949286,-3.718537,1.877806,2.468557,-0.770358,0.658045,0.377722,8.007906,16039.000,0,2.289497,2.289497,0.951324,0.922374
tracking_cdrone3_20260822_114411_168_milestone4,milestone4,1787424312.817273378,target_map,6,13,2,predicted,8.718855,-4.916323,0.487848,0.023432,-0.829837,-0.443318,0.559403,11.198071,5225.000,1,1.289986,1.289986,0.601495,0.672497
tracking_cdrone3_20260822_114411_168_milestone4,milestone4,1787424312.817273378,target_map,7,14,2,predicted,11.196313,-3.795626,1.943656,2.468557,-0.770358,0.658045,0.355624,8.007906,16039.000,0,2.389567,2.389567,0.986348,0.947392
tracking_cdrone3_20260822_114411_168_milestone4,milestone4,1787424312.917089224,target_map,6,13,2,predicted,8.721194,-4.999168,0.443590,0.023432,-0.829837,-0.443318,0.538796,11.198071,5225.000,1,1.389819,1.389819,0.636437,0.697455
tracking_cdrone3_20260822_114411_168_milestone4,milestone4,1787424312.917089224,target_map,7,14,2,predicted,11.442756,-3.872533,2.009351,2.468557,-0.770358,0.658045,0.333579,8.007906,16039.000,0,2.489399,2.489399,1.021290,0.972350
tracking_cdrone3_20260822_114411_168_milestone4,milestone4,1787424313.017174959,target_map,6,13,2,predicted,8.723539,-5.082216,0.399224,0.023432,-0.829837,-0.443318,0.518138,11.198071,5225.000,1,1.489897,1.489897,0.671464,0.722474
tracking_cdrone3_20260822_114411_168_milestone4,milestone4,1787424313.017174959,target_map,7,14,2,predicted,11.689803,-3.949629,2.075206,2.468557,-0.770358,0.658045,0.311479,8.007906,16039.000,0,2.589477,2.589477,1.056317,0.997369
tracking_cdrone3_20260822_114411_168_milestone4,milestone4,1787424313.117504120,target_map,6,13,2,predicted,8.725890,-5.165473,0.354746,0.023432,-0.829837,-0.443318,0.497428,11.198071,5225.000,1,1.590225,1.590225,0.706579,0.747556
tracking_cdrone3_20260822_114411_168_milestone4,milestone4,1787424313.117504120,target_map,7,14,2,predicted,11.937470,-4.026918,2.141227,2.468557,-0.770358,0.658045,0.289324,8.007906,16039.000,0,2.689806,2.689806,1.091432,1.022452
tracking_cdrone3_20260822_114411_168_milestone4,milestone4,1787424313.217298031,target_map,6,13,2,predicted,8.728229,-5.248286,0.310505,0.023432,-0.829837,-0.443318,0.476828,11.198071,5225.000,1,1.690021,1.690021,0.741507,0.772505
tracking_cdrone3_20260822_114411_168_milestone4,milestone4,1787424313.217298031,target_map,7,14,2,predicted,12.183820,-4.103796,2.206897,2.468557,-0.770358,0.658045,0.267287,8.007906,16039.000,0,2.789601,2.789601,1.126360,1.047400
tracking_cdrone3_20260822_114411_168_milestone4,milestone4,1787424313.317214727,target_map,6,13,2,predicted,8.730570,-5.331200,0.266211,0.023432,-0.829837,-0.443318,0.456203,11.198071,5225.000,1,1.789937,1.789937,0.776478,0.797484
tracking_cdrone3_20260822_114411_168_milestone4,milestone4,1787424313.317214727,target_map,7,14,2,predicted,12.430469,-4.180767,2.272646,2.468557,-0.770358,0.658045,0.245223,8.007906,16039.000,0,2.889517,2.889517,1.161331,1.072379
tracking_cdrone3_20260822_114411_168_milestone4,milestone4,1787424313.416998386,target_map,6,13,2,predicted,8.732908,-5.414011,0.221972,0.023432,-0.829837,-0.443318,0.435604,11.198071,5225.000,1,1.889727,1.889727,0.811405,0.822432
tracking_cdrone3_20260822_114411_168_milestone4,milestone4,1787424313.416998386,target_map,7,14,2,predicted,12.676807,-4.257642,2.338312,2.468557,-0.770358,0.658045,0.223186,8.007906,16039.000,0,2.989308,2.989308,1.196258,1.097327
tracking_cdrone3_20260822_114411_168_milestone4,milestone4,1787424313.517275572,target_map,6,13,2,predicted,8.735257,-5.497216,0.177522,0.023432,-0.829837,-0.443318,0.414907,11.198071,5225.000,1,1.989994,1.989994,0.846498,0.847499
tracking_cdrone3_20260822_114411_168_milestone4,milestone4,1787424313.517275572,target_map,7,14,2,predicted,12.924322,-4.334883,2.404293,2.468557,-0.770358,0.658045,0.201045,8.007906,16039.000,0,3.089575,3.089575,1.231351,1.122394
tracking_cdrone3_20260822_114411_168_milestone4,milestone4,1787424313.617247581,target_map,6,13,2,predicted,8.737600,-5.580181,0.133200,0.023432,-0.829837,-0.443318,0.394270,11.198071,5225.000,1,2.089972,2.089972,0.881490,0.872493
tracking_cdrone3_20260822_114411_168_milestone4,milestone4,1787424313.617247581,target_map,7,14,2,predicted,13.171122,-4.411901,2.470082,2.468557,-0.770358,0.658045,0.178967,8.007906,16039.000,0,3.189552,3.189552,1.266343,1.147388
tracking_cdrone3_20260822_114411_168_milestone4,milestone4,1787424313.717288256,target_map,6,13,2,predicted,8.739944,-5.663183,0.088858,0.023432,-0.829837,-0.443318,0.373623,11.198071,5225.000,1,2.189994,2.189994,0.916498,0.897498
tracking_cdrone3_20260822_114411_168_milestone4,milestone4,1787424313.717288256,target_map,7,14,2,predicted,13.418032,-4.488954,2.535901,2.468557,-0.770358,0.658045,0.156880,8.007906,16039.000,0,3.289574,3.289574,1.301351,1.172394
tracking_cdrone3_20260822_114411_168_milestone4,milestone4,1787424313.817079782,target_map,6,13,2,predicted,8.742283,-5.746016,0.044607,0.023432,-0.829837,-0.443318,0.353019,11.198071,5225.000,1,2.289812,2.289812,0.951434,0.922453
tracking_cdrone3_20260822_114411_168_milestone4,milestone4,1787424313.817079782,target_map,7,14,2,predicted,13.664439,-4.565850,2.601586,2.468557,-0.770358,0.658045,0.134838,8.007906,16039.000,0,3.389392,3.389392,1.336287,1.197348
tracking_cdrone3_20260822_114411_168_milestone4,milestone4,1787424313.917288780,target_map,6,13,2,predicted,8.744631,-5.829159,0.000190,0.023432,-0.829837,-0.443318,0.332337,11.198071,5225.000,1,2.390005,2.390005,0.986502,0.947501
tracking_cdrone3_20260822_114411_168_milestone4,milestone4,1787424313.917288780,target_map,7,14,2,predicted,13.911771,-4.643034,2.667517,2.468557,-0.770358,0.658045,0.112712,8.007906,16039.000,0,3.489585,3.489585,1.371355,1.222396
tracking_cdrone3_20260822_114411_168_milestone4,milestone4,1787424314.017045736,target_map,6,13,2,predicted,8.746968,-5.911943,-0.044035,0.023432,-0.829837,-0.443318,0.311744,11.198071,5225.000,1,2.489764,2.489764,1.021417,0.972441
tracking_cdrone3_20260822_114411_168_milestone4,milestone4,1787424314.017045736,target_map,7,14,2,predicted,14.158031,-4.719884,2.733163,2.468557,-0.770358,0.658045,0.090683,8.007906,16039.000,0,3.589344,3.589344,1.406271,1.247336
tracking_cdrone3_20260822_114411_168_milestone4,milestone4,1787424314.117196798,target_map,6,13,2,predicted,8.749315,-5.995059,-0.088438,0.023432,-0.829837,-0.443318,0.291069,11.198071,5225.000,1,2.589923,2.589923,1.056473,0.997481
tracking_cdrone3_20260822_114411_168_milestone4,milestone4,1787424314.117196798,target_map,7,14,2,predicted,14.405280,-4.797043,2.799072,2.468557,-0.770358,0.658045,0.068565,8.007906,16039.000,0,3.689503,3.689503,1.441326,1.272376
tracking_cdrone3_20260822_114411_168_milestone4,milestone4,1787424314.217054844,target_map,6,13,2,predicted,8.751655,-6.077926,-0.132707,0.023432,-0.829837,-0.443318,0.270456,11.198071,5225.000,1,2.689782,2.689782,1.091424,1.022445
tracking_cdrone3_20260822_114411_168_milestone4,milestone4,1787424314.217054844,target_map,7,14,2,predicted,14.651788,-4.873970,2.864784,2.468557,-0.770358,0.658045,0.046514,8.007906,16039.000,0,3.789362,3.789362,1.476277,1.297341
tracking_cdrone3_20260822_114411_168_milestone4,milestone4,1787424314.317225933,target_map,6,13,2,predicted,8.754002,-6.161050,-0.177114,0.023432,-0.829837,-0.443318,0.249779,11.198071,5225.000,1,2.789952,2.789952,1.126483,1.047488
tracking_cdrone3_20260822_114411_168_milestone4,milestone4,1787424314.317225933,target_map,7,14,2,predicted,14.899062,-4.951137,2.930700,2.468557,-0.770358,0.658045,0.024394,8.007906,16039.000,0,3.889532,3.889532,1.511336,1.322383
tracking_cdrone3_20260822_114411_168_milestone4,milestone4,1787424314.417256832,target_map,6,13,2,predicted,8.756346,-6.244057,-0.221459,0.023432,-0.829837,-0.443318,0.229131,11.198071,5225.000,1,2.889980,2.889980,1.161493,1.072495
tracking_cdrone3_20260822_114411_168_milestone4,milestone4,1787424314.417256832,target_map,7,14,2,predicted,15.145988,-5.028194,2.996523,2.468557,-0.770358,0.658045,0.002305,8.007906,16039.000,0,3.989560,3.989560,1.546346,1.347390
tracking_cdrone3_20260822_114411_168_milestone4,milestone4,1787424314.517221928,target_map,6,13,2,predicted,8.758688,-6.327011,-0.265774,0.023432,-0.829837,-0.443318,0.208497,11.198071,5225.000,1,2.989943,2.989943,1.196480,1.097486
tracking_cdrone3_20260822_114411_168_milestone4,milestone4,1787424314.517221928,target_map,7,14,2,predicted,15.392753,-5.105202,3.062304,2.468557,-0.770358,0.658045,0.000000,8.007906,16039.000,0,4.089524,4.089524,1.581333,1.372381
tracking_cdrone3_20260822_114411_168_milestone4,milestone4,1787424314.617532492,target_map,6,13,2,predicted,8.761039,-6.410257,-0.310247,0.023432,-0.829837,-0.443318,0.187789,11.198071,5225.000,1,3.090260,3.090260,1.231591,1.122565
tracking_cdrone3_20260822_114411_168_milestone4,milestone4,1787424314.617532492,target_map,7,14,2,predicted,15.640391,-5.182482,3.128317,2.468557,-0.770358,0.658045,0.000000,8.007906,16039.000,0,4.189841,4.189841,1.616444,1.397460
tracking_cdrone3_20260822_114411_168_milestone4,milestone4,1787424314.717594862,target_map,6,13,2,predicted,8.763383,-6.493267,-0.354592,0.023432,-0.829837,-0.443318,0.167141,11.198071,5225.000,1,3.190291,3.190291,1.266602,1.147573
tracking_cdrone3_20260822_114411_168_milestone4,milestone4,1787424314.717594862,target_map,7,14,2,predicted,15.887322,-5.259542,3.194141,2.468557,-0.770358,0.658045,0.000000,8.007906,16039.000,0,4.289871,4.289871,1.651455,1.422468
tracking_cdrone3_20260822_114411_168_milestone4,milestone4,1787424314.817228794,target_map,6,13,2,predicted,8.765718,-6.575969,-0.398774,0.023432,-0.829837,-0.443318,0.146569,11.198071,5225.000,1,3.289952,3.289952,1.301483,1.172488
tracking_cdrone3_20260822_114411_168_milestone4,milestone4,1787424314.817228794,target_map,7,14,2,predicted,16.133343,-5.336316,3.259723,2.468557,-0.770358,0.658045,0.000000,8.007906,16039.000,0,4.389533,4.389533,1.686337,1.447383
tracking_cdrone3_20260822_114411_168_milestone4,milestone4,1787424314.917251825,target_map,6,13,2,predicted,8.768062,-6.658970,-0.443114,0.023432,-0.829837,-0.443318,0.125922,11.198071,5225.000,1,3.389972,3.389972,1.336490,1.197493
tracking_cdrone3_20260822_114411_168_milestone4,milestone4,1787424314.917251825,target_map,7,14,2,predicted,16.380247,-5.413367,3.325541,2.468557,-0.770358,0.658045,0.000000,8.007906,16039.000,0,4.489552,4.489552,1.721344,1.472388
tracking_cdrone3_20260822_114411_168_milestone4,milestone4,1787424315.017148972,target_map,6,13,2,predicted,8.770403,-6.741874,-0.487404,0.023432,-0.829837,-0.443318,0.105300,11.198071,5225.000,1,3.489876,3.489876,1.371457,1.222469
tracking_cdrone3_20260822_114411_168_milestone4,milestone4,1787424315.017148972,target_map,7,14,2,predicted,16.626865,-5.490329,3.391282,2.468557,-0.770358,0.658045,0.000000,8.007906,16039.000,0,4.589457,4.589457,1.756310,1.497364
tracking_cdrone3_20260822_114411_168_milestone4,milestone4,1787424315.117217541,target_map,6,13,2,predicted,8.772747,-6.824914,-0.531766,0.023432,-0.829837,-0.443318,0.084644,11.198071,5225.000,1,3.589944,3.589944,1.406480,1.247486
tracking_cdrone3_20260822_114411_168_milestone4,milestone4,1787424315.117217541,target_map,7,14,2,predicted,16.873888,-5.567417,3.457131,2.468557,-0.770358,0.658045,0.000000,8.007906,16039.000,0,4.689525,4.689525,1.791334,1.522381
tracking_cdrone3_20260822_114411_168_milestone4,milestone4,1787424315.217106104,target_map,6,13,2,predicted,8.775087,-6.907800,-0.576045,0.023432,-0.829837,-0.443318,0.064026,11.198071,5225.000,1,3.689827,3.689827,1.441439,1.272457
tracking_cdrone3_20260822_114411_168_milestone4,milestone4,1787424315.217106104,target_map,7,14,2,predicted,17.120455,-5.644363,3.522858,2.468557,-0.770358,0.658045,0.000000,8.007906,16039.000,0,4.789407,4.789407,1.826293,1.547352
tracking_cdrone3_20260822_114411_168_milestone4,milestone4,1787424315.317257404,target_map,6,13,2,predicted,8.777434,-6.990909,-0.620444,0.023432,-0.829837,-0.443318,0.043353,11.198071,5225.000,1,3.789978,3.789978,1.476492,1.297494
tracking_cdrone3_20260822_114411_168_milestone4,milestone4,1787424315.317257404,target_map,7,14,2,predicted,17.367683,-5.721515,3.588762,2.468557,-0.770358,0.658045,0.000000,8.007906,16039.000,0,4.889558,4.889558,1.861345,1.572389
tracking_cdrone3_20260822_114411_168_milestone4,milestone4,1787424315.417248487,target_map,6,13,2,predicted,8.779778,-7.073888,-0.664774,0.023432,-0.829837,-0.443318,0.022712,11.198071,5225.000,1,3.889972,3.889972,1.511490,1.322493
tracking_cdrone3_20260822_114411_168_milestone4,milestone4,1787424315.417248487,target_map,7,14,2,predicted,17.614525,-5.798546,3.654563,2.468557,-0.770358,0.658045,0.000000,8.007906,16039.000,0,4.989552,4.989552,1.896343,1.597388
tracking_cdrone3_20260822_114411_168_milestone4,milestone4,1787424315.517295122,target_map,6,13,2,predicted,8.782122,-7.156903,-0.709122,0.023432,-0.829837,-0.443318,0.002062,11.198071,5225.000,1,3.990010,3.990010,1.546503,1.347502
tracking_cdrone3_20260822_114411_168_milestone4,milestone4,1787424315.619622707,target_map,6,13,2,predicted,8.784519,-7.241827,-0.754490,0.023432,-0.829837,-0.443318,0.000000,11.198071,5225.000,1,4.092347,4.092347,1.582322,1.373087
tracking_cdrone3_20260822_114411_168_milestone4,milestone4,1787424315.717210293,target_map,6,13,2,predicted,8.786806,-7.322808,-0.797752,0.023432,-0.829837,-0.443318,0.000000,11.198071,5225.000,1,4.189934,4.189934,1.616477,1.397484
tracking_cdrone3_20260822_114411_168_milestone4,milestone4,1787424315.817218542,target_map,6,13,2,predicted,8.789149,-7.405794,-0.842085,0.023432,-0.829837,-0.443318,0.000000,11.198071,5225.000,1,4.289937,4.289937,1.651478,1.422484
tracking_cdrone3_20260822_114411_168_milestone4,milestone4,1787424315.917183161,target_map,6,13,2,predicted,8.791492,-7.488756,-0.886405,0.023432,-0.829837,-0.443318,0.000000,11.198071,5225.000,1,4.389910,4.389910,1.686469,1.447478
tracking_cdrone3_20260822_114411_168_milestone4,milestone4,1787424316.017015696,target_map,6,13,2,predicted,8.793831,-7.571603,-0.930664,0.023432,-0.829837,-0.443318,0.000000,11.198071,5225.000,1,4.489746,4.489746,1.721411,1.472436
tracking_cdrone3_20260822_114411_168_milestone4,milestone4,1787424316.117210627,target_map,6,13,2,predicted,8.796179,-7.654744,-0.975080,0.023432,-0.829837,-0.443318,0.000000,11.198071,5225.000,1,4.589935,4.589935,1.756477,1.497484
tracking_cdrone3_20260822_114411_168_milestone4,milestone4,1787424316.217313528,target_map,6,13,2,predicted,8.798524,-7.737789,-1.019444,0.023432,-0.829837,-0.443318,0.000000,11.198071,5225.000,1,4.690009,4.690009,1.791503,1.522502
tracking_cdrone3_20260822_114411_168_milestone4,milestone4,1787424316.317205191,target_map,6,13,2,predicted,8.800865,-7.820706,-1.063741,0.023432,-0.829837,-0.443318,0.000000,11.198071,5225.000,1,4.789929,4.789929,1.826475,1.547482
tracking_cdrone3_20260822_114411_168_milestone4,milestone4,1787424316.417192936,target_map,6,13,2,predicted,8.803208,-7.903682,-1.108068,0.023432,-0.829837,-0.443318,0.000000,11.198071,5225.000,1,4.889919,4.889919,1.861472,1.572480
tracking_cdrone3_20260822_114411_168_milestone4,milestone4,1787424316.517321348,target_map,6,13,2,predicted,8.805553,-7.986759,-1.152450,0.023432,-0.829837,-0.443318,0.000000,11.198071,5225.000,1,4.990032,4.990032,1.896511,1.597508
