run_id,experiment_tag,timestamp_s,state,raw_tracks_count,target_map_tracks_count,raw_has_track,target_map_has_track,target_map_predicted_count,target_map_has_predicted,active_raw_track_id,active_target_map_track_id,raw_dropout,target_map_bridge_active,raw_dropout_duration_s,target_map_bridge_duration_s,longest_raw_dropout_s,longest_target_map_bridge_s
tracking_cdrone3_20260822_114411_168_milestone4,milestone4,1787424251.258570433,SYNC_PRE_TAKEOFF_PROFILE,1,1,1,1,0,0,1,1,0,0,0.000000,0.000000,0.000000,0.000000
tracking_cdrone3_20260822_114411_168_milestone4,milestone4,1787424251.356023788,SYNC_PRE_TAKEOFF_PROFILE,1,1,1,1,0,0,1,1,0,0,0.000000,0.000000,0.000000,0.000000
tracking_cdrone3_20260822_114411_168_milestone4,milestone4,1787424251.456281900,SYNC_PRE_TAKEOFF_PROFILE,1,1,1,1,0,0,1,1,0,0,0.000000,0.000000,0.000000,0.000000
tracking_cdrone3_20260822_114411_168_milestone4,milestone4,1787424251.558485746,SYNC_PRE_TAKEOFF_PROFILE,1,1,1,1,0,0,1,1,0,0,0.000000,0.000000,0.000000,0.000000
tracking_cdrone3_20260822_114411_168_milestone4,milestone4,1787424251.655960798,SYNC_PRE_TAKEOFF_PROFILE,1,1,1,1,0,0,1,1,0,0,0.000000,0.000000,0.000000,0.000000
tracking_cdrone3_20260822_114411_168_milestone4,milestone4,1787424251.756239176,SYNC_PRE_TAKEOFF_PROFILE,1,1,1,1,0,0,1,1,0,0,0.000000,0.000000,0.000000,0.000000
tracking_cdrone3_20260822_114411_168_milestone4,milestone4,1787424251.856254578,SET_TAKEOFF_MODE,1,1,1,1,0,0,1,1,0,0,0.000000,0.000000,0.000000,0.000000
tracking_cdrone3_20260822_114411_168_milestone4,milestone4,1787424251.956177711,SET_TAKEOFF_MODE,1,1,1,1,0,0,1,1,0,0,0.000000,0.000000,0.000000,0.000000
tracking_cdrone3_20260822_114411_168_milestone4,milestone4,1787424252.056537390,SET_TAKEOFF_MODE,1,1,1,1,0,0,1,1,0,0,0.000000,0.000000,0.000000,0.000000
tracking_cdrone3_20260822_114411_168_milestone4,milestone4,1787424252.161342382,SET_TAKEOFF_MODE,1,1,1,1,0,0,1,1,0,0,0.000000,0.000000,0.000000,0.000000
tracking_cdrone3_20260822_114411_168_milestone4,milestone4,1787424252.256102562,SET_TAKEOFF_MODE,1,1,1,1,0,0,1,1,0,0,0.000000,0.000000,0.000000,0.000000
tracking_cdrone3_20260822_114411_168_milestone4,milestone4,1787424252.356253624,SET_TAKEOFF_MODE,1,1,1,1,0,0,1,1,0,0,0.000000,0.000000,0.000000,0.000000
tracking_cdrone3_20260822_114411_168_milestone4,milestone4,1787424252.456238508,SET_TAKEOFF_MODE,1,1,1,1,0,0,1,1,0,0,0.000000,0.000000,0.000000,0.000000
tracking_cdrone3_20260822_114411_168_milestone4,milestone4,1787424252.556200504,SET_TAKEOFF_MODE,1,1,1,1,0,0,1,1,0,0,0.000000,0.000000,0.000000,0.000000
tracking_cdrone3_20260822_114411_168_milestone4,milestone4,1787424252.656284571,SET_TAKEOFF_MODE,1,1,1,1,0,0,1,1,0,0,0.000000,0.000000,0.000000,0.000000
tracking_cdrone3_20260822_114411_168_milestone4,milestone4,1787424252.756088972,ARMING,1,1,1,1,0,0,1,1,0,0,0.000000,0.000000,0.000000,0.000000
tracking_cdrone3_20260822_114411_168_milestone4,milestone4,1787424252.856229782,ARMING,1,1,1,1,0,0,1,1,0,0,0.000000,0.000000,0.000000,0.000000
tracking_cdrone3_20260822_114411_168_milestone4,milestone4,1787424252.956303358,ARMING,1,1,1,1,0,0,1,1,0,0,0.000000,0.000000,0.000000,0.000000
tracking_cdrone3_20260822_114411_168_milestone4,milestone4,1787424253.056992292,ARMING,1,1,1,1,0,0,1,1,0,0,0.000000,0.000000,0.000000,0.000000
tracking_cdrone3_20260822_114411_168_milestone4,milestone4,1787424253.156188011,ARMING,1,1,1,1,0,0,1,1,0,0,0.000000,0.000000,0.000000,0.000000
tracking_cdrone3_20260822_114411_168_milestone4,milestone4,1787424253.256147623,ARMING,1,1,1,1,0,0,1,1,0,0,0.000000,0.000000,0.000000,0.000000
tracking_cdrone3_20260822_114411_168_milestone4,milestone4,1787424253.356099367,ARMING,1,1,1,1,0,0,1,1,0,0,0.000000,0.000000,0.000000,0.000000
tracking_cdrone3_20260822_114411_168_milestone4,milestone4,1787424253.467651367,ARMING,1,1,1,1,0,0,1,1,0,0,0.000000,0.000000,0.000000,0.000000
tracking_cdrone3_20260822_114411_168_milestone4,milestone4,1787424253.556028366,ARMING,1,1,1,1,0,0,1,1,0,0,0.000000,0.000000,0.000000,0.000000
tracking_cdrone3_20260822_114411_168_milestone4,milestone4,1787424253.656148911,ARMING,1,1,1,1,0,0,1,1,0,0,0.000000,0.000000,0.000000,0.000000
tracking_cdrone3_20260822_114411_168_milestone4,milestone4,1787424253.756365776,ARMING,1,1,1,1,0,0,1,1,0,0,0.000000,0.000000,0.000000,0.000000
tracking_cdrone3_20260822_114411_168_milestone4,milestone4,1787424253.856314421,ARMING,1,1,1,1,0,0,1,1,0,0,0.000000,0.000000,0.000000,0.000000
tracking_cdrone3_20260822_114411_168_milestone4,milestone4,1787424253.956254721,ARMING,1,1,1,1,0,0,1,1,0,0,0.000000,0.000000,0.000000,0.000000
tracking_cdrone3_20260822_114411_168_milestone4,milestone4,1787424254.056071997,ARMING,1,1,1,1,0,0,1,1,0,0,0.000000,0.000000,0.000000,0.000000
tracking_cdrone3_20260822_114411_168_milestone4,milestone4,1787424254.156214237,ARMING,1,1,1,1,0,0,1,1,0,0,0.000000,0.000000,0.000000,0.000000
tracking_cdrone3_20260822_114411_168_milestone4,milestone4,1787424254.256186485,ARMING,1,1,1,1,0,0,1,1,0,0,0.000000,0.000000,0.000000,0.000000
tracking_cdrone3_20260822_114411_168_milestone4,milestone4,1787424254.356236219,ARMING,1,1,1,1,0,0,1,1,0,0,0.000000,0.000000,0.000000,0.000000
tracking_cdrone3_20260822_114411_168_milestone4,milestone4,1787424254.456094503,ARMING,1,1,1,1,0,0,1,1,0,0,0.000000,0.000000,0.000000,0.000000
tracking_cdrone3_20260822_114411_168_milestone4,milestone4,1787424254.556228876,ARMING,1,1,1,1,0,0,1,1,0,0,0.000000,0.000000,0.000000,0.000000
tracking_cdrone3_20260822_114411_168_milestone4,milestone4,1787424254.656064749,ARMING,1,1,1,1,0,0,1,1,0,0,0.000000,0.000000,0.000000,0.000000
tracking_cdrone3_20260822_114411_168_milestone4,milestone4,1787424254.756188869,TAKEOFF,1,1,1,1,0,0,1,1,0,0,0.000000,0.000000,0.000000,0.000000
tracking_cdrone3_20260822_114411_168_milestone4,milestone4,1787424254.856693268,TAKEOFF,1,1,1,1,0,0,1,1,0,0,0.000000,0.000000,0.000000,0.000000
tracking_cdrone3_20260822_114411_168_milestone4,milestone4,1787424254.956236839,TAKEOFF,1,1,1,1,0,0,1,1,0,0,0.000000,0.000000,0.000000,0.000000
tracking_cdrone3_20260822_114411_168_milestone4,milestone4,1787424255.056107998,TAKEOFF,1,1,1,1,0,0,1,1,0,0,0.000000,0.000000,0.000000,0.000000
tracking_cdrone3_20260822_114411_168_milestone4,milestone4,1787424255.156445265,TAKEOFF,1,1,1,1,0,0,1,1,0,0,0.000000,0.000000,0.000000,0.000000
tracking_cdrone3_20260822_114411_168_milestone4,milestone4,1787424255.256184340,TAKEOFF,1,1,1,1,0,0,1,1,0,0,0.000000,0.000000,0.000000,0.000000
tracking_cdrone3_20260822_114411_168_milestone4,milestone4,1787424255.356134176,TAKEOFF,1,1,1,1,0,0,1,1,0,0,0.000000,0.000000,0.000000,0.000000
tracking_cdrone3_20260822_114411_168_milestone4,milestone4,1787424255.456621408,TAKEOFF,1,1,1,1,0,0,1,1,0,0,0.000000,0.000000,0.000000,0.000000
tracking_cdrone3_20260822_114411_168_milestone4,milestone4,1787424255.556234837,TAKEOFF,1,1,1,1,0,0,1,1,0,0,0.000000,0.000000,0.000000,0.000000
tracking_cdrone3_20260822_114411_168_milestone4,milestone4,1787424255.656339169,TAKEOFF,1,1,1,1,0,0,1,1,0,0,0.000000,0.000000,0.000000,0.000000
tracking_cdrone3_20260822_114411_168_milestone4,milestone4,1787424255.756251335,TAKEOFF,1,1,1,1,0,0,1,1,0,0,0.000000,0.000000,0.000000,0.000000
tracking_cdrone3_20260822_114411_168_milestone4,milestone4,1787424255.856243610,TAKEOFF,1,1,1,1,0,0,1,1,0,0,0.000000,0.000000,0.000000,0.000000
tracking_cdrone3_20260822_114411_168_milestone4,milestone4,1787424255.957225323,TAKEOFF,0,1,0,1,0,0,,1,1,0,0.000000,0.000000,0.000000,0.000000
tracking_cdrone3_20260822_114411_168_milestone4,milestone4,1787424256.056199312,TAKEOFF,0,1,0,1,1,1,,1,1,1,0.098974,0.000000,0.098974,0.000000
tracking_cdrone3_20260822_114411_168_milestone4,milestone4,1787424256.156276464,TAKEOFF,0,1,0,1,1,1,,1,1,1,0.199051,0.100077,0.199051,0.100077
tracking_cdrone3_20260822_114411_168_milestone4,milestone4,1787424256.256042242,TAKEOFF,0,1,0,1,1,1,,1,1,1,0.298817,0.199843,0.298817,0.199843
tracking_cdrone3_20260822_114411_168_milestone4,milestone4,1787424256.356377602,TAKEOFF,0,1,0,1,1,1,,1,1,1,0.399152,0.300178,0.399152,0.300178
tracking_cdrone3_20260822_114411_168_milestone4,milestone4,1787424256.456299543,TAKEOFF,0,1,0,1,1,1,,1,1,1,0.499074,0.400100,0.499074,0.400100
tracking_cdrone3_20260822_114411_168_milestone4,milestone4,1787424256.556261778,TAKEOFF,0,1,0,1,1,1,,1,1,1,0.599036,0.500062,0.599036,0.500062
tracking_cdrone3_20260822_114411_168_milestone4,milestone4,1787424256.656240940,TAKEOFF,1,1,1,1,0,0,1,1,0,0,0.000000,0.000000,0.599036,0.500062
tracking_cdrone3_20260822_114411_168_milestone4,milestone4,1787424256.756062031,TAKEOFF,1,1,1,1,0,0,1,1,0,0,0.000000,0.000000,0.599036,0.500062
tracking_cdrone3_20260822_114411_168_milestone4,milestone4,1787424256.856094837,TAKEOFF,1,1,1,1,0,0,1,1,0,0,0.000000,0.000000,0.599036,0.500062
tracking_cdrone3_20260822_114411_168_milestone4,milestone4,1787424256.955979347,TAKEOFF,1,1,1,1,0,0,1,1,0,0,0.000000,0.000000,0.599036,0.500062
tracking_cdrone3_20260822_114411_168_milestone4,milestone4,1787424257.056044340,TAKEOFF,1,1,1,1,0,0,1,1,0,0,0.000000,0.000000,0.599036,0.500062
tracking_cdrone3_20260822_114411_168_milestone4,milestone4,1787424257.156057596,TAKEOFF,1,1,1,1,0,0,1,1,0,0,0.000000,0.000000,0.599036,0.500062
tracking_cdrone3_20260822_114411_168_milestone4,milestone4,1787424257.256280422,TAKEOFF,1,1,1,1,0,0,1,1,0,0,0.000000,0.000000,0.599036,0.500062
tracking_cdrone3_20260822_114411_168_milestone4,milestone4,1787424257.356300831,TAKEOFF,1,1,1,1,0,0,1,1,0,0,0.000000,0.000000,0.599036,0.500062
tracking_cdrone3_20260822_114411_168_milestone4,milestone4,1787424257.456236124,TAKEOFF,1,1,1,1,0,0,1,1,0,0,0.000000,0.000000,0.599036,0.500062
tracking_cdrone3_20260822_114411_168_milestone4,milestone4,1787424257.556187153,TAKEOFF,1,1,1,1,0,0,1,1,0,0,0.000000,0.000000,0.599036,0.500062
tracking_cdrone3_20260822_114411_168_milestone4,milestone4,1787424257.656147003,TAKEOFF,0,1,0,1,1,1,,1,1,1,0.000000,0.000000,0.599036,0.500062
tracking_cdrone3_20260822_114411_168_milestone4,milestone4,1787424257.756040812,TAKEOFF,0,1,0,1,1,1,,1,1,1,0.099894,0.099894,0.599036,0.500062
tracking_cdrone3_20260822_114411_168_milestone4,milestone4,1787424257.856188059,TAKEOFF,0,1,0,1,1,1,,1,1,1,0.200041,0.200041,0.599036,0.500062
tracking_cdrone3_20260822_114411_168_milestone4,milestone4,1787424257.956147432,TAKEOFF,0,1,0,1,1,1,,1,1,1,0.300000,0.300000,0.599036,0.500062
tracking_cdrone3_20260822_114411_168_milestone4,milestone4,1787424258.056224108,TAKEOFF,0,1,0,1,1,1,,1,1,1,0.400077,0.400077,0.599036,0.500062
tracking_cdrone3_20260822_114411_168_milestone4,milestone4,1787424258.156201363,TAKEOFF,0,1,0,1,1,1,,1,1,1,0.500054,0.500054,0.599036,0.500062
tracking_cdrone3_20260822_114411_168_milestone4,milestone4,1787424258.256453514,TAKEOFF,0,1,0,1,1,1,,1,1,1,0.600307,0.600307,0.600307,0.600307
tracking_cdrone3_20260822_114411_168_milestone4,milestone4,1787424258.356231213,TAKEOFF,0,1,0,1,1,1,,1,1,1,0.700084,0.700084,0.700084,0.700084
tracking_cdrone3_20260822_114411_168_milestone4,milestone4,1787424258.456186295,TAKEOFF,0,1,0,1,1,1,,1,1,1,0.800039,0.800039,0.800039,0.800039
tracking_cdrone3_20260822_114411_168_milestone4,milestone4,1787424258.556096315,TAKEOFF,0,1,0,1,1,1,,1,1,1,0.899949,0.899949,0.899949,0.899949
tracking_cdrone3_20260822_114411_168_milestone4,milestone4,1787424258.656028748,TAKEOFF,0,1,0,1,1,1,,1,1,1,0.999882,0.999882,0.999882,0.999882
tracking_cdrone3_20260822_114411_168_milestone4,milestone4,1787424258.756112576,TAKEOFF,0,1,0,1,1,1,,1,1,1,1.099966,1.099966,1.099966,1.099966
tracking_cdrone3_20260822_114411_168_milestone4,milestone4,1787424258.856187820,TAKEOFF,1,1,1,1,1,1,1,1,0,0,0.000000,0.000000,1.099966,1.099966
tracking_cdrone3_20260822_114411_168_milestone4,milestone4,1787424258.955968142,TAKEOFF,1,1,1,1,0,0,1,1,0,0,0.000000,0.000000,1.099966,1.099966
tracking_cdrone3_20260822_114411_168_milestone4,milestone4,1787424259.056370258,TAKEOFF,1,1,1,1,0,0,1,1,0,0,0.000000,0.000000,1.099966,1.099966
tracking_cdrone3_20260822_114411_168_milestone4,milestone4,1787424259.156254530,TAKEOFF,1,1,1,1,0,0,1,1,0,0,0.000000,0.000000,1.099966,1.099966
tracking_cdrone3_20260822_114411_168_milestone4,milestone4,1787424259.256015062,TAKEOFF,1,1,1,1,0,0,1,1,0,0,0.000000,0.000000,1.099966,1.099966
tracking_cdrone3_20260822_114411_168_milestone4,milestone4,1787424259.356060266,TAKEOFF,1,1,1,1,0,0,1,1,0,0,0.000000,0.000000,1.099966,1.099966
tracking_cdrone3_20260822_114411_168_milestone4,milestone4,1787424259.456107855,TAKEOFF,1,1,1,1,0,0,1,1,0,0,0.000000,0.000000,1.099966,1.099966
tracking_cdrone3_20260822_114411_168_milestone4,milestone4,1787424259.556400537,TAKEOFF,1,1,1,1,0,0,1,1,0,0,0.000000,0.000000,1.099966,1.099966
tracking_cdrone3_20260822_114411_168_milestone4,milestone4,1787424259.656260252,TAKEOFF,1,1,1,1,0,0,1,1,0,0,0.000000,0.000000,1.099966,1.099966
tracking_cdrone3_20260822_114411_168_milestone4,milestone4,1787424259.756192684,TAKEOFF,1,1,1,1,0,0,1,1,0,0,0.000000,0.000000,1.099966,1.099966
tracking_cdrone3_20260822_114411_168_milestone4,milestone4,1787424259.859647036,TAKEOFF,1,1,1,1,0,0,1,1,0,0,0.000000,0.000000,1.099966,1.099966
tracking_cdrone3_20260822_114411_168_milestone4,milestone4,1787424259.956166506,TAKEOFF,1,1,1,1,0,0,1,1,0,0,0.000000,0.000000,1.099966,1.099966
tracking_cdrone3_20260822_114411_168_milestone4,milestone4,1787424260.056295156,TAKEOFF,1,1,1,1,0,0,1,1,0,0,0.000000,0.000000,1.099966,1.099966
tracking_cdrone3_20260822_114411_168_milestone4,milestone4,1787424260.156130075,TAKEOFF,1,1,1,1,1,1,1,1,0,0,0.000000,0.000000,1.099966,1.099966
tracking_cdrone3_20260822_114411_168_milestone4,milestone4,1787424260.256474018,TAKEOFF,1,1,1,1,0,0,1,1,0,0,0.000000,0.000000,1.099966,1.099966
tracking_cdrone3_20260822_114411_168_milestone4,milestone4,1787424260.356195927,TAKEOFF,1,1,1,1,0,0,1,1,0,0,0.000000,0.000000,1.099966,1.099966
tracking_cdrone3_20260822_114411_168_milestone4,milestone4,1787424260.456047535,TAKEOFF,1,1,1,1,0,0,1,1,0,0,0.000000,0.000000,1.099966,1.099966
tracking_cdrone3_20260822_114411_168_milestone4,milestone4,1787424260.556217670,TAKEOFF,1,1,1,1,0,0,1,1,0,0,0.000000,0.000000,1.099966,1.099966
tracking_cdrone3_20260822_114411_168_milestone4,milestone4,1787424260.665106773,TAKEOFF,1,1,1,1,0,0,1,1,0,0,0.000000,0.000000,1.099966,1.099966
tracking_cdrone3_20260822_114411_168_milestone4,milestone4,1787424260.756000519,WARMUP_OFFBOARD,1,1,1,1,0,0,1,1,0,0,0.000000,0.000000,1.099966,1.099966
tracking_cdrone3_20260822_114411_168_milestone4,milestone4,1787424260.856183767,WARMUP_OFFBOARD,1,1,1,1,0,0,1,1,0,0,0.000000,0.000000,1.099966,1.099966
tracking_cdrone3_20260822_114411_168_milestone4,milestone4,1787424260.956195116,WARMUP_OFFBOARD,1,1,1,1,0,0,1,1,0,0,0.000000,0.000000,1.099966,1.099966
tracking_cdrone3_20260822_114411_168_milestone4,milestone4,1787424261.056215048,WARMUP_OFFBOARD,1,1,1,1,0,0,1,1,0,0,0.000000,0.000000,1.099966,1.099966
tracking_cdrone3_20260822_114411_168_milestone4,milestone4,1787424261.156293154,WARMUP_OFFBOARD,1,1,1,1,0,0,1,1,0,0,0.000000,0.000000,1.099966,1.099966
tracking_cdrone3_20260822_114411_168_milestone4,milestone4,1787424261.256012917,WARMUP_OFFBOARD,1,1,1,1,0,0,1,1,0,0,0.000000,0.000000,1.099966,1.099966
tracking_cdrone3_20260822_114411_168_milestone4,milestone4,1787424261.356540680,WARMUP_OFFBOARD,1,1,1,1,0,0,1,1,0,0,0.000000,0.000000,1.099966,1.099966
tracking_cdrone3_20260822_114411_168_milestone4,milestone4,1787424261.456226826,WARMUP_OFFBOARD,1,1,1,1,0,0,1,1,0,0,0.000000,0.000000,1.099966,1.099966
tracking_cdrone3_20260822_114411_168_milestone4,milestone4,1787424261.556177855,WARMUP_OFFBOARD,1,1,1,1,0,0,1,1,0,0,0.000000,0.000000,1.099966,1.099966
tracking_cdrone3_20260822_114411_168_milestone4,milestone4,1787424261.656241655,WARMUP_OFFBOARD,1,1,1,1,0,0,1,1,0,0,0.000000,0.000000,1.099966,1.099966
tracking_cdrone3_20260822_114411_168_milestone4,milestone4,1787424261.756097078,WARMUP_OFFBOARD,1,1,1,1,0,0,1,1,0,0,0.000000,0.000000,1.099966,1.099966
tracking_cdrone3_20260822_114411_168_milestone4,milestone4,1787424261.856347322,WARMUP_OFFBOARD,1,1,1,1,0,0,1,1,0,0,0.000000,0.000000,1.099966,1.099966
tracking_cdrone3_20260822_114411_168_milestone4,milestone4,1787424261.956161499,WARMUP_OFFBOARD,0,1,0,1,0,0,,1,1,0,0.000000,0.000000,1.099966,1.099966
tracking_cdrone3_20260822_114411_168_milestone4,milestone4,1787424262.056000471,WARMUP_OFFBOARD,0,1,0,1,1,1,,1,1,1,0.099839,0.000000,1.099966,1.099966
tracking_cdrone3_20260822_114411_168_milestone4,milestone4,1787424262.156426668,WARMUP_OFFBOARD,0,1,0,1,1,1,,1,1,1,0.200265,0.100426,1.099966,1.099966
tracking_cdrone3_20260822_114411_168_milestone4,milestone4,1787424262.255951643,SET_OFFBOARD_MODE,1,1,1,1,0,0,1,1,0,0,0.000000,0.000000,1.099966,1.099966
tracking_cdrone3_20260822_114411_168_milestone4,milestone4,1787424262.356143475,SET_OFFBOARD_MODE,1,1,1,1,0,0,1,1,0,0,0.000000,0.000000,1.099966,1.099966
tracking_cdrone3_20260822_114411_168_milestone4,milestone4,1787424262.455989838,SET_OFFBOARD_MODE,1,1,1,1,0,0,1,1,0,0,0.000000,0.000000,1.099966,1.099966
tracking_cdrone3_20260822_114411_168_milestone4,milestone4,1787424262.556312084,SET_OFFBOARD_MODE,1,1,1,1,0,0,1,1,0,0,0.000000,0.000000,1.099966,1.099966
tracking_cdrone3_20260822_114411_168_milestone4,milestone4,1787424262.656184912,SET_OFFBOARD_MODE,1,1,1,1,0,0,1,1,0,0,0.000000,0.000000,1.099966,1.099966
tracking_cdrone3_20260822_114411_168_milestone4,milestone4,1787424262.756258488,SYNC_SPEED_PROFILE,1,1,1,1,0,0,1,1,0,0,0.000000,0.000000,1.099966,1.099966
tracking_cdrone3_20260822_114411_168_milestone4,milestone4,1787424262.857392788,SYNC_SPEED_PROFILE,1,1,1,1,0,0,1,1,0,0,0.000000,0.000000,1.099966,1.099966
tracking_cdrone3_20260822_114411_168_milestone4,milestone4,1787424262.956323624,SYNC_SPEED_PROFILE,1,1,1,1,0,0,1,1,0,0,0.000000,0.000000,1.099966,1.099966
tracking_cdrone3_20260822_114411_168_milestone4,milestone4,1787424263.056123495,SYNC_SPEED_PROFILE,1,1,1,1,0,0,1,1,0,0,0.000000,0.000000,1.099966,1.099966
tracking_cdrone3_20260822_114411_168_milestone4,milestone4,1787424263.156231880,SYNC_SPEED_PROFILE,1,1,1,1,0,0,1,1,0,0,0.000000,0.000000,1.099966,1.099966
tracking_cdrone3_20260822_114411_168_milestone4,milestone4,1787424263.256154060,SYNC_SPEED_PROFILE,2,2,1,1,0,0,1,1,0,0,0.000000,0.000000,1.099966,1.099966
tracking_cdrone3_20260822_114411_168_milestone4,milestone4,1787424263.355937958,SYNC_SPEED_PROFILE,2,2,1,1,0,0,1,1,0,0,0.000000,0.000000,1.099966,1.099966
tracking_cdrone3_20260822_114411_168_milestone4,milestone4,1787424263.456233025,SYNC_SPEED_PROFILE,2,2,1,1,0,0,1,1,0,0,0.000000,0.000000,1.099966,1.099966
tracking_cdrone3_20260822_114411_168_milestone4,milestone4,1787424263.556172848,SYNC_SPEED_PROFILE,2,2,1,1,0,0,1,1,0,0,0.000000,0.000000,1.099966,1.099966
tracking_cdrone3_20260822_114411_168_milestone4,milestone4,1787424263.656089067,SYNC_SPEED_PROFILE,2,2,1,1,0,0,1,1,0,0,0.000000,0.000000,1.099966,1.099966
tracking_cdrone3_20260822_114411_168_milestone4,milestone4,1787424263.756088734,CLIMB_TO_TAKEOFF_ALTITUDE,1,2,1,1,1,1,8,1,0,0,0.000000,0.000000,1.099966,1.099966
tracking_cdrone3_20260822_114411_168_milestone4,milestone4,1787424263.856228590,CLIMB_TO_TAKEOFF_ALTITUDE,1,2,1,1,1,1,8,1,0,0,0.000000,0.000000,1.099966,1.099966
tracking_cdrone3_20260822_114411_168_milestone4,milestone4,1787424263.956323862,CLIMB_TO_TAKEOFF_ALTITUDE,1,2,1,1,1,1,8,1,0,0,0.000000,0.000000,1.099966,1.099966
tracking_cdrone3_20260822_114411_168_milestone4,milestone4,1787424264.056082249,CLIMB_TO_TAKEOFF_ALTITUDE,1,2,1,1,1,1,8,4,0,0,0.000000,0.000000,1.099966,1.099966
tracking_cdrone3_20260822_114411_168_milestone4,milestone4,1787424264.156151533,CLIMB_TO_TAKEOFF_ALTITUDE,1,2,1,1,1,1,8,4,0,0,0.000000,0.000000,1.099966,1.099966
tracking_cdrone3_20260822_114411_168_milestone4,milestone4,1787424264.256079435,CLIMB_TO_TAKEOFF_ALTITUDE,1,2,1,1,1,1,8,4,0,0,0.000000,0.000000,1.099966,1.099966
tracking_cdrone3_20260822_114411_168_milestone4,milestone4,1787424264.356438637,CLIMB_TO_TAKEOFF_ALTITUDE,1,2,1,1,1,1,8,4,0,0,0.000000,0.000000,1.099966,1.099966
tracking_cdrone3_20260822_114411_168_milestone4,milestone4,1787424264.456310511,CLIMB_TO_TAKEOFF_ALTITUDE,1,2,1,1,1,1,8,4,0,0,0.000000,0.000000,1.099966,1.099966
tracking_cdrone3_20260822_114411_168_milestone4,milestone4,1787424264.556075096,CLIMB_TO_TAKEOFF_ALTITUDE,1,2,1,1,1,1,8,4,0,0,0.000000,0.000000,1.099966,1.099966
tracking_cdrone3_20260822_114411_168_milestone4,milestone4,1787424264.656011343,CLIMB_TO_TAKEOFF_ALTITUDE,1,2,1,1,1,1,8,4,0,0,0.000000,0.000000,1.099966,1.099966
tracking_cdrone3_20260822_114411_168_milestone4,milestone4,1787424264.756115198,CLIMB_TO_TAKEOFF_ALTITUDE,1,2,1,1,1,1,8,4,0,0,0.000000,0.000000,1.099966,1.099966
tracking_cdrone3_20260822_114411_168_milestone4,milestone4,1787424264.855971098,CLIMB_TO_TAKEOFF_ALTITUDE,1,2,1,1,1,1,8,4,0,0,0.000000,0.000000,1.099966,1.099966
tracking_cdrone3_20260822_114411_168_milestone4,milestone4,1787424264.956049919,CLIMB_TO_TAKEOFF_ALTITUDE,1,2,1,1,1,1,8,4,0,0,0.000000,0.000000,1.099966,1.099966
tracking_cdrone3_20260822_114411_168_milestone4,milestone4,1787424265.056276798,CLIMB_TO_TAKEOFF_ALTITUDE,1,2,1,1,1,1,8,4,0,0,0.000000,0.000000,1.099966,1.099966
tracking_cdrone3_20260822_114411_168_milestone4,milestone4,1787424265.156241655,CLIMB_TO_TAKEOFF_ALTITUDE,1,2,1,1,1,1,8,4,0,0,0.000000,0.000000,1.099966,1.099966
tracking_cdrone3_20260822_114411_168_milestone4,milestone4,1787424265.256392479,CLIMB_TO_TAKEOFF_ALTITUDE,1,2,1,1,1,1,8,4,0,0,0.000000,0.000000,1.099966,1.099966
tracking_cdrone3_20260822_114411_168_milestone4,milestone4,1787424265.356045485,CLIMB_TO_TAKEOFF_ALTITUDE,1,2,1,1,1,1,8,4,0,0,0.000000,0.000000,1.099966,1.099966
tracking_cdrone3_20260822_114411_168_milestone4,milestone4,1787424265.456217527,CLIMB_TO_TAKEOFF_ALTITUDE,1,2,1,1,1,1,8,4,0,0,0.000000,0.000000,1.099966,1.099966
tracking_cdrone3_20260822_114411_168_milestone4,milestone4,1787424265.555890083,CLIMB_TO_TAKEOFF_ALTITUDE,1,2,1,1,1,1,8,4,0,0,0.000000,0.000000,1.099966,1.099966
tracking_cdrone3_20260822_114411_168_milestone4,milestone4,1787424265.656720638,CLIMB_TO_TAKEOFF_ALTITUDE,1,2,1,1,1,1,8,4,0,0,0.000000,0.000000,1.099966,1.099966
tracking_cdrone3_20260822_114411_168_milestone4,milestone4,1787424265.756215096,CLIMB_TO_TAKEOFF_ALTITUDE,1,2,1,1,1,1,8,4,0,0,0.000000,0.000000,1.099966,1.099966
tracking_cdrone3_20260822_114411_168_milestone4,milestone4,1787424265.859466076,CLIMB_TO_TAKEOFF_ALTITUDE,1,2,1,1,1,1,8,4,0,0,0.000000,0.000000,1.099966,1.099966
tracking_cdrone3_20260822_114411_168_milestone4,milestone4,1787424265.956173420,CLIMB_TO_TAKEOFF_ALTITUDE,1,2,1,1,1,1,8,4,0,0,0.000000,0.000000,1.099966,1.099966
tracking_cdrone3_20260822_114411_168_milestone4,milestone4,1787424266.056290388,CLIMB_TO_TAKEOFF_ALTITUDE,1,2,1,1,1,1,8,4,0,0,0.000000,0.000000,1.099966,1.099966
tracking_cdrone3_20260822_114411_168_milestone4,milestone4,1787424266.156613588,CLIMB_TO_TAKEOFF_ALTITUDE,1,2,1,1,1,1,8,4,0,0,0.000000,0.000000,1.099966,1.099966
tracking_cdrone3_20260822_114411_168_milestone4,milestone4,1787424266.255909681,CLIMB_TO_TAKEOFF_ALTITUDE,1,2,1,1,1,1,8,4,0,0,0.000000,0.000000,1.099966,1.099966
tracking_cdrone3_20260822_114411_168_milestone4,milestone4,1787424266.356169462,CLIMB_TO_TAKEOFF_ALTITUDE,1,2,1,1,1,1,8,4,0,0,0.000000,0.000000,1.099966,1.099966
tracking_cdrone3_20260822_114411_168_milestone4,milestone4,1787424266.455955505,CLIMB_TO_TAKEOFF_ALTITUDE,1,2,1,1,1,1,8,4,0,0,0.000000,0.000000,1.099966,1.099966
tracking_cdrone3_20260822_114411_168_milestone4,milestone4,1787424266.556207418,CLIMB_TO_TAKEOFF_ALTITUDE,1,2,1,1,1,1,8,4,0,0,0.000000,0.000000,1.099966,1.099966
tracking_cdrone3_20260822_114411_168_milestone4,milestone4,1787424266.655993462,CLIMB_TO_TAKEOFF_ALTITUDE,1,2,1,1,1,1,8,4,0,0,0.000000,0.000000,1.099966,1.099966
tracking_cdrone3_20260822_114411_168_milestone4,milestone4,1787424266.755912304,CLIMB_TO_TAKEOFF_ALTITUDE,1,2,1,1,1,1,8,4,0,0,0.000000,0.000000,1.099966,1.099966
tracking_cdrone3_20260822_114411_168_milestone4,milestone4,1787424266.856038809,CLIMB_TO_TAKEOFF_ALTITUDE,1,2,1,1,1,1,8,4,0,0,0.000000,0.000000,1.099966,1.099966
tracking_cdrone3_20260822_114411_168_milestone4,milestone4,1787424266.955998421,CLIMB_TO_TAKEOFF_ALTITUDE,1,2,1,1,1,1,8,4,0,0,0.000000,0.000000,1.099966,1.099966
tracking_cdrone3_20260822_114411_168_milestone4,milestone4,1787424267.056424856,CLIMB_TO_TAKEOFF_ALTITUDE,1,2,1,1,1,1,8,4,0,0,0.000000,0.000000,1.099966,1.099966
tracking_cdrone3_20260822_114411_168_milestone4,milestone4,1787424267.156043053,CLIMB_TO_TAKEOFF_ALTITUDE,0,2,0,1,1,1,,4,1,1,0.000000,0.000000,1.099966,1.099966
tracking_cdrone3_20260822_114411_168_milestone4,milestone4,1787424267.256042004,CLIMB_TO_TAKEOFF_ALTITUDE,0,2,0,1,2,1,,4,1,1,0.099999,0.099999,1.099966,1.099966
tracking_cdrone3_20260822_114411_168_milestone4,milestone4,1787424267.356211185,CLIMB_TO_TAKEOFF_ALTITUDE,1,2,1,1,2,1,8,4,0,0,0.000000,0.000000,1.099966,1.099966
tracking_cdrone3_20260822_114411_168_milestone4,milestone4,1787424267.456215143,CLIMB_TO_TAKEOFF_ALTITUDE,1,2,1,1,1,1,8,4,0,0,0.000000,0.000000,1.099966,1.099966
tracking_cdrone3_20260822_114411_168_milestone4,milestone4,1787424267.556013823,CLIMB_TO_TAKEOFF_ALTITUDE,1,2,1,1,1,1,8,4,0,0,0.000000,0.000000,1.099966,1.099966
tracking_cdrone3_20260822_114411_168_milestone4,milestone4,1787424267.656971216,CLIMB_TO_TAKEOFF_ALTITUDE,1,2,1,1,1,1,8,4,0,0,0.000000,0.000000,1.099966,1.099966
tracking_cdrone3_20260822_114411_168_milestone4,milestone4,1787424267.755983829,CLIMB_TO_TAKEOFF_ALTITUDE,1,2,1,1,1,1,8,4,0,0,0.000000,0.000000,1.099966,1.099966
tracking_cdrone3_20260822_114411_168_milestone4,milestone4,1787424267.856046915,CLIMB_TO_TAKEOFF_ALTITUDE,1,2,1,1,1,1,8,4,0,0,0.000000,0.000000,1.099966,1.099966
tracking_cdrone3_20260822_114411_168_milestone4,milestone4,1787424267.956243038,CLIMB_TO_TAKEOFF_ALTITUDE,1,2,1,1,1,1,8,4,0,0,0.000000,0.000000,1.099966,1.099966
tracking_cdrone3_20260822_114411_168_milestone4,milestone4,1787424268.056188822,CLIMB_TO_TAKEOFF_ALTITUDE,1,2,1,1,1,1,8,4,0,0,0.000000,0.000000,1.099966,1.099966
tracking_cdrone3_20260822_114411_168_milestone4,milestone4,1787424268.156045914,CLIMB_TO_TAKEOFF_ALTITUDE,1,2,1,1,1,1,8,4,0,0,0.000000,0.000000,1.099966,1.099966
tracking_cdrone3_20260822_114411_168_milestone4,milestone4,1787424268.256245613,CLIMB_TO_TAKEOFF_ALTITUDE,1,2,1,1,1,1,8,4,0,0,0.000000,0.000000,1.099966,1.099966
tracking_cdrone3_20260822_114411_168_milestone4,milestone4,1787424268.356312752,CLIMB_TO_TAKEOFF_ALTITUDE,0,2,0,1,1,1,,4,1,1,0.000000,0.000000,1.099966,1.099966
tracking_cdrone3_20260822_114411_168_milestone4,milestone4,1787424268.456254959,CLIMB_TO_TAKEOFF_ALTITUDE,0,2,0,1,2,1,,4,1,1,0.099942,0.099942,1.099966,1.099966
tracking_cdrone3_20260822_114411_168_milestone4,milestone4,1787424268.556229830,CLIMB_TO_TAKEOFF_ALTITUDE,0,1,0,1,1,1,,4,1,1,0.199917,0.199917,1.099966,1.099966
tracking_cdrone3_20260822_114411_168_milestone4,milestone4,1787424268.656207323,CLIMB_TO_TAKEOFF_ALTITUDE,0,1,0,1,1,1,,4,1,1,0.299895,0.299895,1.099966,1.099966
tracking_cdrone3_20260822_114411_168_milestone4,milestone4,1787424268.756271601,CLIMB_TO_TAKEOFF_ALTITUDE,0,1,0,1,1,1,,4,1,1,0.399959,0.399959,1.099966,1.099966
tracking_cdrone3_20260822_114411_168_milestone4,milestone4,1787424268.856631041,CLIMB_TO_TAKEOFF_ALTITUDE,0,1,0,1,1,1,,4,1,1,0.500318,0.500318,1.099966,1.099966
tracking_cdrone3_20260822_114411_168_milestone4,milestone4,1787424268.956011534,CLIMB_TO_TAKEOFF_ALTITUDE,0,1,0,1,1,1,,4,1,1,0.599699,0.599699,1.099966,1.099966
tracking_cdrone3_20260822_114411_168_milestone4,milestone4,1787424269.056400299,CLIMB_TO_TAKEOFF_ALTITUDE,0,1,0,1,1,1,,4,1,1,0.700088,0.700088,1.099966,1.099966
tracking_cdrone3_20260822_114411_168_milestone4,milestone4,1787424269.155973434,CLIMB_TO_TAKEOFF_ALTITUDE,0,1,0,1,1,1,,4,1,1,0.799661,0.799661,1.099966,1.099966
tracking_cdrone3_20260822_114411_168_milestone4,milestone4,1787424269.256279469,CLIMB_TO_TAKEOFF_ALTITUDE,0,1,0,1,1,1,,4,1,1,0.899967,0.899967,1.099966,1.099966
tracking_cdrone3_20260822_114411_168_milestone4,milestone4,1787424269.357550383,CLIMB_TO_TAKEOFF_ALTITUDE,0,1,0,1,1,1,,4,1,1,1.001238,1.001238,1.099966,1.099966
tracking_cdrone3_20260822_114411_168_milestone4,milestone4,1787424269.456849098,CLIMB_TO_TAKEOFF_ALTITUDE,0,1,0,1,1,1,,4,1,1,1.100536,1.100536,1.100536,1.100536
tracking_cdrone3_20260822_114411_168_milestone4,milestone4,1787424269.556317806,CLIMB_TO_TAKEOFF_ALTITUDE,0,1,0,1,1,1,,4,1,1,1.200005,1.200005,1.200005,1.200005
tracking_cdrone3_20260822_114411_168_milestone4,milestone4,1787424269.656222105,CLIMB_TO_TAKEOFF_ALTITUDE,0,1,0,1,1,1,,4,1,1,1.299909,1.299909,1.299909,1.299909
tracking_cdrone3_20260822_114411_168_milestone4,milestone4,1787424269.755903482,CLIMB_TO_TAKEOFF_ALTITUDE,0,1,0,1,1,1,,4,1,1,1.399591,1.399591,1.399591,1.399591
tracking_cdrone3_20260822_114411_168_milestone4,milestone4,1787424269.856070042,CLIMB_TO_TAKEOFF_ALTITUDE,0,1,0,1,1,1,,4,1,1,1.499757,1.499757,1.499757,1.499757
tracking_cdrone3_20260822_114411_168_milestone4,milestone4,1787424269.956241846,CLIMB_TO_TAKEOFF_ALTITUDE,0,1,0,1,1,1,,4,1,1,1.599929,1.599929,1.599929,1.599929
tracking_cdrone3_20260822_114411_168_milestone4,milestone4,1787424270.056141376,CLIMB_TO_TAKEOFF_ALTITUDE,0,1,0,1,1,1,,4,1,1,1.699829,1.699829,1.699829,1.699829
tracking_cdrone3_20260822_114411_168_milestone4,milestone4,1787424270.155950069,CLIMB_TO_TAKEOFF_ALTITUDE,0,1,0,1,1,1,,4,1,1,1.799637,1.799637,1.799637,1.799637
tracking_cdrone3_20260822_114411_168_milestone4,milestone4,1787424270.256240606,CLIMB_TO_TAKEOFF_ALTITUDE,0,1,0,1,1,1,,4,1,1,1.899928,1.899928,1.899928,1.899928
tracking_cdrone3_20260822_114411_168_milestone4,milestone4,1787424270.356046915,CLIMB_TO_TAKEOFF_ALTITUDE,0,1,0,1,1,1,,4,1,1,1.999734,1.999734,1.999734,1.999734
tracking_cdrone3_20260822_114411_168_milestone4,milestone4,1787424270.456236601,CLIMB_TO_TAKEOFF_ALTITUDE,0,1,0,1,1,1,,4,1,1,2.099924,2.099924,2.099924,2.099924
tracking_cdrone3_20260822_114411_168_milestone4,milestone4,1787424270.555866480,CLIMB_TO_TAKEOFF_ALTITUDE,0,1,0,1,1,1,,4,1,1,2.199554,2.199554,2.199554,2.199554
tracking_cdrone3_20260822_114411_168_milestone4,milestone4,1787424270.656137943,CLIMB_TO_TAKEOFF_ALTITUDE,0,1,0,1,1,1,,4,1,1,2.299825,2.299825,2.299825,2.299825
tracking_cdrone3_20260822_114411_168_milestone4,milestone4,1787424270.756133318,CLIMB_TO_TAKEOFF_ALTITUDE,0,1,0,1,1,1,,4,1,1,2.399821,2.399821,2.399821,2.399821
tracking_cdrone3_20260822_114411_168_milestone4,milestone4,1787424270.856204987,CLIMB_TO_TAKEOFF_ALTITUDE,0,1,0,1,1,1,,4,1,1,2.499892,2.499892,2.499892,2.499892
tracking_cdrone3_20260822_114411_168_milestone4,milestone4,1787424270.956085682,CLIMB_TO_TAKEOFF_ALTITUDE,0,1,0,1,1,1,,4,1,1,2.599773,2.599773,2.599773,2.599773
tracking_cdrone3_20260822_114411_168_milestone4,milestone4,1787424271.056070328,CLIMB_TO_TAKEOFF_ALTITUDE,1,1,1,1,1,1,10,4,0,0,0.000000,0.000000,2.599773,2.599773
tracking_cdrone3_20260822_114411_168_milestone4,milestone4,1787424271.155952215,CLIMB_TO_TAKEOFF_ALTITUDE,1,1,1,1,0,0,10,4,0,0,0.000000,0.000000,2.599773,2.599773
tracking_cdrone3_20260822_114411_168_milestone4,milestone4,1787424271.256050110,CLIMB_TO_TAKEOFF_ALTITUDE,1,1,1,1,0,0,10,4,0,0,0.000000,0.000000,2.599773,2.599773
tracking_cdrone3_20260822_114411_168_milestone4,milestone4,1787424271.356099129,CLIMB_TO_TAKEOFF_ALTITUDE,1,1,1,1,0,0,10,4,0,0,0.000000,0.000000,2.599773,2.599773
tracking_cdrone3_20260822_114411_168_milestone4,milestone4,1787424271.456093788,CLIMB_TO_TAKEOFF_ALTITUDE,1,1,1,1,0,0,10,4,0,0,0.000000,0.000000,2.599773,2.599773
tracking_cdrone3_20260822_114411_168_milestone4,milestone4,1787424271.556003809,CLIMB_TO_TAKEOFF_ALTITUDE,1,1,1,1,0,0,10,4,0,0,0.000000,0.000000,2.599773,2.599773
tracking_cdrone3_20260822_114411_168_milestone4,milestone4,1787424271.656064510,CLIMB_TO_TAKEOFF_ALTITUDE,1,1,1,1,0,0,10,4,0,0,0.000000,0.000000,2.599773,2.599773
tracking_cdrone3_20260822_114411_168_milestone4,milestone4,1787424271.756245852,STAGE_HOVER,1,1,1,1,0,0,10,4,0,0,0.000000,0.000000,2.599773,2.599773
tracking_cdrone3_20260822_114411_168_milestone4,milestone4,1787424271.856268644,STAGE_HOVER,1,1,1,1,0,0,10,4,0,0,0.000000,0.000000,2.599773,2.599773
tracking_cdrone3_20260822_114411_168_milestone4,milestone4,1787424271.956452847,STAGE_HOVER,1,1,1,1,0,0,10,4,0,0,0.000000,0.000000,2.599773,2.599773
tracking_cdrone3_20260822_114411_168_milestone4,milestone4,1787424272.056092501,STAGE_HOVER,1,1,1,1,0,0,10,4,0,0,0.000000,0.000000,2.599773,2.599773
tracking_cdrone3_20260822_114411_168_milestone4,milestone4,1787424272.156178236,STAGE_HOVER,1,1,1,1,0,0,10,4,0,0,0.000000,0.000000,2.599773,2.599773
tracking_cdrone3_20260822_114411_168_milestone4,milestone4,1787424272.256194830,STAGE_HOVER,1,1,1,1,0,0,10,4,0,0,0.000000,0.000000,2.599773,2.599773
tracking_cdrone3_20260822_114411_168_milestone4,milestone4,1787424272.356261730,STAGE_HOVER,1,1,1,1,0,0,10,4,0,0,0.000000,0.000000,2.599773,2.599773
tracking_cdrone3_20260822_114411_168_milestone4,milestone4,1787424272.455915213,STAGE_HOVER,1,1,1,1,0,0,10,4,0,0,0.000000,0.000000,2.599773,2.599773
tracking_cdrone3_20260822_114411_168_milestone4,milestone4,1787424272.556275606,STAGE_HOVER,1,1,1,1,0,0,10,4,0,0,0.000000,0.000000,2.599773,2.599773
tracking_cdrone3_20260822_114411_168_milestone4,milestone4,1787424272.656185627,STAGE_HOVER,1,1,1,1,0,0,10,4,0,0,0.000000,0.000000,2.599773,2.599773
tracking_cdrone3_20260822_114411_168_milestone4,milestone4,1787424272.756100655,STAGE_HOVER,1,1,1,1,0,0,10,4,0,0,0.000000,0.000000,2.599773,2.599773
tracking_cdrone3_20260822_114411_168_milestone4,milestone4,1787424272.856715441,STAGE_HOVER,1,1,1,1,0,0,10,4,0,0,0.000000,0.000000,2.599773,2.599773
tracking_cdrone3_20260822_114411_168_milestone4,milestone4,1787424272.956193686,STAGE_HOVER,1,1,1,1,0,0,10,4,0,0,0.000000,0.000000,2.599773,2.599773
tracking_cdrone3_20260822_114411_168_milestone4,milestone4,1787424273.056536913,STAGE_HOVER,1,1,1,1,0,0,10,4,0,0,0.000000,0.000000,2.599773,2.599773
tracking_cdrone3_20260822_114411_168_milestone4,milestone4,1787424273.156262398,STAGE_HOVER,1,1,1,1,0,0,10,4,0,0,0.000000,0.000000,2.599773,2.599773
tracking_cdrone3_20260822_114411_168_milestone4,milestone4,1787424273.256199598,STAGE_HOVER,1,1,1,1,0,0,10,4,0,0,0.000000,0.000000,2.599773,2.599773
tracking_cdrone3_20260822_114411_168_milestone4,milestone4,1787424273.356053591,STAGE_HOVER,1,1,1,1,0,0,10,4,0,0,0.000000,0.000000,2.599773,2.599773
tracking_cdrone3_20260822_114411_168_milestone4,milestone4,1787424273.456068039,STAGE_HOVER,1,1,1,1,0,0,10,4,0,0,0.000000,0.000000,2.599773,2.599773
tracking_cdrone3_20260822_114411_168_milestone4,milestone4,1787424273.556295872,STAGE_HOVER,1,1,1,1,0,0,10,4,0,0,0.000000,0.000000,2.599773,2.599773
tracking_cdrone3_20260822_114411_168_milestone4,milestone4,1787424273.656111717,STAGE_HOVER,1,1,1,1,0,0,10,4,0,0,0.000000,0.000000,2.599773,2.599773
tracking_cdrone3_20260822_114411_168_milestone4,milestone4,1787424273.756218910,SEARCH,1,1,1,1,0,0,10,4,0,0,0.000000,0.000000,2.599773,2.599773
tracking_cdrone3_20260822_114411_168_milestone4,milestone4,1787424273.856282949,SEARCH,1,1,1,1,0,0,10,4,0,0,0.000000,0.000000,2.599773,2.599773
tracking_cdrone3_20260822_114411_168_milestone4,milestone4,1787424273.956367731,SEARCH,1,1,1,1,0,0,10,4,0,0,0.000000,0.000000,2.599773,2.599773
tracking_cdrone3_20260822_114411_168_milestone4,milestone4,1787424274.055938244,SEARCH,1,1,1,1,0,0,10,4,0,0,0.000000,0.000000,2.599773,2.599773
tracking_cdrone3_20260822_114411_168_milestone4,milestone4,1787424274.156467915,SEARCH,1,1,1,1,0,0,10,4,0,0,0.000000,0.000000,2.599773,2.599773
tracking_cdrone3_20260822_114411_168_milestone4,milestone4,1787424274.256269932,SEARCH,1,1,1,1,0,0,10,4,0,0,0.000000,0.000000,2.599773,2.599773
tracking_cdrone3_20260822_114411_168_milestone4,milestone4,1787424274.356278896,SEARCH,1,1,1,1,0,0,10,4,0,0,0.000000,0.000000,2.599773,2.599773
tracking_cdrone3_20260822_114411_168_milestone4,milestone4,1787424274.456039429,SEARCH,1,1,1,1,0,0,10,4,0,0,0.000000,0.000000,2.599773,2.599773
tracking_cdrone3_20260822_114411_168_milestone4,milestone4,1787424274.556136847,SEARCH,1,1,1,1,0,0,10,4,0,0,0.000000,0.000000,2.599773,2.599773
tracking_cdrone3_20260822_114411_168_milestone4,milestone4,1787424274.656274796,SEARCH,1,1,1,1,0,0,10,4,0,0,0.000000,0.000000,2.599773,2.599773
tracking_cdrone3_20260822_114411_168_milestone4,milestone4,1787424274.756557941,SEARCH,1,1,1,1,0,0,10,4,0,0,0.000000,0.000000,2.599773,2.599773
tracking_cdrone3_20260822_114411_168_milestone4,milestone4,1787424274.856005430,SEARCH,1,1,1,1,0,0,10,4,0,0,0.000000,0.000000,2.599773,2.599773
tracking_cdrone3_20260822_114411_168_milestone4,milestone4,1787424274.955924273,SEARCH,1,1,1,1,0,0,10,4,0,0,0.000000,0.000000,2.599773,2.599773
tracking_cdrone3_20260822_114411_168_milestone4,milestone4,1787424275.056110382,SEARCH,1,1,1,1,0,0,10,4,0,0,0.000000,0.000000,2.599773,2.599773
tracking_cdrone3_20260822_114411_168_milestone4,milestone4,1787424275.156253815,SEARCH,1,1,1,1,0,0,10,4,0,0,0.000000,0.000000,2.599773,2.599773
tracking_cdrone3_20260822_114411_168_milestone4,milestone4,1787424275.256332397,SEARCH,1,1,1,1,0,0,10,4,0,0,0.000000,0.000000,2.599773,2.599773
tracking_cdrone3_20260822_114411_168_milestone4,milestone4,1787424275.355973482,SEARCH,1,1,1,1,0,0,10,4,0,0,0.000000,0.000000,2.599773,2.599773
tracking_cdrone3_20260822_114411_168_milestone4,milestone4,1787424275.456434965,SEARCH,1,1,1,1,0,0,10,4,0,0,0.000000,0.000000,2.599773,2.599773
tracking_cdrone3_20260822_114411_168_milestone4,milestone4,1787424275.556257486,SEARCH,1,1,1,1,0,0,10,4,0,0,0.000000,0.000000,2.599773,2.599773
tracking_cdrone3_20260822_114411_168_milestone4,milestone4,1787424275.656361103,SEARCH,1,1,1,1,0,0,10,4,0,0,0.000000,0.000000,2.599773,2.599773
tracking_cdrone3_20260822_114411_168_milestone4,milestone4,1787424275.756175756,SEARCH,1,1,1,1,0,0,10,4,0,0,0.000000,0.000000,2.599773,2.599773
tracking_cdrone3_20260822_114411_168_milestone4,milestone4,1787424275.856215715,SEARCH,1,1,1,1,0,0,10,4,0,0,0.000000,0.000000,2.599773,2.599773
tracking_cdrone3_20260822_114411_168_milestone4,milestone4,1787424275.956263781,SEARCH,1,1,1,1,0,0,10,4,0,0,0.000000,0.000000,2.599773,2.599773
tracking_cdrone3_20260822_114411_168_milestone4,milestone4,1787424276.056250572,SEARCH,1,1,1,1,0,0,10,4,0,0,0.000000,0.000000,2.599773,2.599773
tracking_cdrone3_20260822_114411_168_milestone4,milestone4,1787424276.156098127,SEARCH,1,1,1,1,0,0,10,4,0,0,0.000000,0.000000,2.599773,2.599773
tracking_cdrone3_20260822_114411_168_milestone4,milestone4,1787424276.256251097,SEARCH,1,1,1,1,1,1,10,4,0,0,0.000000,0.000000,2.599773,2.599773
tracking_cdrone3_20260822_114411_168_milestone4,milestone4,1787424276.356000185,SEARCH,1,1,1,1,0,0,10,4,0,0,0.000000,0.000000,2.599773,2.599773
tracking_cdrone3_20260822_114411_168_milestone4,milestone4,1787424276.456442595,SEARCH,1,1,1,1,0,0,10,4,0,0,0.000000,0.000000,2.599773,2.599773
tracking_cdrone3_20260822_114411_168_milestone4,milestone4,1787424276.556199312,SEARCH,1,1,1,1,0,0,10,4,0,0,0.000000,0.000000,2.599773,2.599773
tracking_cdrone3_20260822_114411_168_milestone4,milestone4,1787424276.656354666,SEARCH,1,1,1,1,0,0,10,4,0,0,0.000000,0.000000,2.599773,2.599773
tracking_cdrone3_20260822_114411_168_milestone4,milestone4,1787424276.756201744,SEARCH,1,1,1,1,0,0,10,4,0,0,0.000000,0.000000,2.599773,2.599773
tracking_cdrone3_20260822_114411_168_milestone4,milestone4,1787424276.856040239,SEARCH,1,1,1,1,0,0,10,4,0,0,0.000000,0.000000,2.599773,2.599773
tracking_cdrone3_20260822_114411_168_milestone4,milestone4,1787424276.956270933,SEARCH,1,1,1,1,0,0,10,4,0,0,0.000000,0.000000,2.599773,2.599773
tracking_cdrone3_20260822_114411_168_milestone4,milestone4,1787424277.056154251,SEARCH,1,1,1,1,0,0,10,4,0,0,0.000000,0.000000,2.599773,2.599773
tracking_cdrone3_20260822_114411_168_milestone4,milestone4,1787424277.156203747,SEARCH,1,1,1,1,0,0,10,4,0,0,0.000000,0.000000,2.599773,2.599773
tracking_cdrone3_20260822_114411_168_milestone4,milestone4,1787424277.256090879,SEARCH,1,1,1,1,0,0,10,4,0,0,0.000000,0.000000,2.599773,2.599773
tracking_cdrone3_20260822_114411_168_milestone4,milestone4,1787424277.355967045,SEARCH,1,1,1,1,0,0,10,4,0,0,0.000000,0.000000,2.599773,2.599773
tracking_cdrone3_20260822_114411_168_milestone4,milestone4,1787424277.456004620,SEARCH,1,1,1,1,0,0,10,4,0,0,0.000000,0.000000,2.599773,2.599773
tracking_cdrone3_20260822_114411_168_milestone4,milestone4,1787424277.556157589,SEARCH,1,1,1,1,0,0,10,4,0,0,0.000000,0.000000,2.599773,2.599773
tracking_cdrone3_20260822_114411_168_milestone4,milestone4,1787424277.656282902,SEARCH,1,1,1,1,0,0,10,4,0,0,0.000000,0.000000,2.599773,2.599773
tracking_cdrone3_20260822_114411_168_milestone4,milestone4,1787424277.756049156,SEARCH,1,1,1,1,0,0,10,4,0,0,0.000000,0.000000,2.599773,2.599773
tracking_cdrone3_20260822_114411_168_milestone4,milestone4,1787424277.855972528,SEARCH,1,1,1,1,0,0,10,4,0,0,0.000000,0.000000,2.599773,2.599773
tracking_cdrone3_20260822_114411_168_milestone4,milestone4,1787424277.956258774,SEARCH,1,1,1,1,0,0,10,4,0,0,0.000000,0.000000,2.599773,2.599773
tracking_cdrone3_20260822_114411_168_milestone4,milestone4,1787424278.056260586,SEARCH,1,1,1,1,0,0,10,4,0,0,0.000000,0.000000,2.599773,2.599773
tracking_cdrone3_20260822_114411_168_milestone4,milestone4,1787424278.155955315,SEARCH,1,1,1,1,0,0,10,4,0,0,0.000000,0.000000,2.599773,2.599773
tracking_cdrone3_20260822_114411_168_milestone4,milestone4,1787424278.256218195,SEARCH,1,1,1,1,0,0,10,4,0,0,0.000000,0.000000,2.599773,2.599773
tracking_cdrone3_20260822_114411_168_milestone4,milestone4,1787424278.356129169,SEARCH,1,1,1,1,0,0,10,4,0,0,0.000000,0.000000,2.599773,2.599773
tracking_cdrone3_20260822_114411_168_milestone4,milestone4,1787424278.456209898,SEARCH,1,1,1,1,0,0,10,4,0,0,0.000000,0.000000,2.599773,2.599773
tracking_cdrone3_20260822_114411_168_milestone4,milestone4,1787424278.556312084,SEARCH,1,1,1,1,0,0,10,4,0,0,0.000000,0.000000,2.599773,2.599773
tracking_cdrone3_20260822_114411_168_milestone4,milestone4,1787424278.656247139,SEARCH,1,1,1,1,0,0,10,4,0,0,0.000000,0.000000,2.599773,2.599773
tracking_cdrone3_20260822_114411_168_milestone4,milestone4,1787424278.756156206,SEARCH,0,1,0,1,1,1,,4,1,1,0.000000,0.000000,2.599773,2.599773
tracking_cdrone3_20260822_114411_168_milestone4,milestone4,1787424278.855873346,SEARCH,0,1,0,1,1,1,,4,1,1,0.099717,0.099717,2.599773,2.599773
tracking_cdrone3_20260822_114411_168_milestone4,milestone4,1787424278.956037283,SEARCH,0,1,0,1,1,1,,4,1,1,0.199881,0.199881,2.599773,2.599773
tracking_cdrone3_20260822_114411_168_milestone4,milestone4,1787424279.056186676,SEARCH,0,1,0,1,1,1,,4,1,1,0.300030,0.300030,2.599773,2.599773
tracking_cdrone3_20260822_114411_168_milestone4,milestone4,1787424279.156326771,SEARCH,0,1,0,1,1,1,,4,1,1,0.400171,0.400171,2.599773,2.599773
tracking_cdrone3_20260822_114411_168_milestone4,milestone4,1787424279.256257057,SEARCH,0,1,0,1,1,1,,4,1,1,0.500101,0.500101,2.599773,2.599773
tracking_cdrone3_20260822_114411_168_milestone4,milestone4,1787424279.356210470,SEARCH,0,1,0,1,1,1,,4,1,1,0.600054,0.600054,2.599773,2.599773
tracking_cdrone3_20260822_114411_168_milestone4,milestone4,1787424279.457276821,SEARCH,0,1,0,1,1,1,,4,1,1,0.701121,0.701121,2.599773,2.599773
tracking_cdrone3_20260822_114411_168_milestone4,milestone4,1787424279.556106091,SEARCH,0,1,0,1,1,1,,4,1,1,0.799950,0.799950,2.599773,2.599773
tracking_cdrone3_20260822_114411_168_milestone4,milestone4,1787424279.656552792,SEARCH,0,1,0,1,1,1,,4,1,1,0.900397,0.900397,2.599773,2.599773
tracking_cdrone3_20260822_114411_168_milestone4,milestone4,1787424279.757532597,SEARCH,0,1,0,1,1,1,,4,1,1,1.001376,1.001376,2.599773,2.599773
tracking_cdrone3_20260822_114411_168_milestone4,milestone4,1787424279.856440306,SEARCH,0,1,0,1,1,1,,4,1,1,1.100284,1.100284,2.599773,2.599773
tracking_cdrone3_20260822_114411_168_milestone4,milestone4,1787424279.956195831,SEARCH,0,1,0,1,1,1,,4,1,1,1.200040,1.200040,2.599773,2.599773
tracking_cdrone3_20260822_114411_168_milestone4,milestone4,1787424280.056211948,SEARCH,0,1,0,1,1,1,,4,1,1,1.300056,1.300056,2.599773,2.599773
tracking_cdrone3_20260822_114411_168_milestone4,milestone4,1787424280.155874491,SEARCH,0,1,0,1,1,1,,4,1,1,1.399718,1.399718,2.599773,2.599773
tracking_cdrone3_20260822_114411_168_milestone4,milestone4,1787424280.256155729,SEARCH,0,1,0,1,1,1,,4,1,1,1.500000,1.500000,2.599773,2.599773
tracking_cdrone3_20260822_114411_168_milestone4,milestone4,1787424280.355932474,SEARCH,0,1,0,1,1,1,,4,1,1,1.599776,1.599776,2.599773,2.599773
tracking_cdrone3_20260822_114411_168_milestone4,milestone4,1787424280.456282377,SEARCH,0,1,0,1,1,1,,4,1,1,1.700126,1.700126,2.599773,2.599773
tracking_cdrone3_20260822_114411_168_milestone4,milestone4,1787424280.555963278,SEARCH,0,1,0,1,1,1,,4,1,1,1.799807,1.799807,2.599773,2.599773
tracking_cdrone3_20260822_114411_168_milestone4,milestone4,1787424280.656030416,SEARCH,0,1,0,1,1,1,,4,1,1,1.899874,1.899874,2.599773,2.599773
tracking_cdrone3_20260822_114411_168_milestone4,milestone4,1787424280.756281137,SEARCH,0,1,0,1,1,1,,4,1,1,2.000125,2.000125,2.599773,2.599773
tracking_cdrone3_20260822_114411_168_milestone4,milestone4,1787424280.856349945,SEARCH,0,1,0,1,1,1,,4,1,1,2.100194,2.100194,2.599773,2.599773
tracking_cdrone3_20260822_114411_168_milestone4,milestone4,1787424280.956266165,SEARCH,0,1,0,1,1,1,,4,1,1,2.200110,2.200110,2.599773,2.599773
tracking_cdrone3_20260822_114411_168_milestone4,milestone4,1787424281.056231976,SEARCH,1,1,1,1,0,0,11,4,0,0,0.000000,0.000000,2.599773,2.599773
tracking_cdrone3_20260822_114411_168_milestone4,milestone4,1787424281.156263351,SEARCH,1,1,1,1,0,0,11,4,0,0,0.000000,0.000000,2.599773,2.599773
tracking_cdrone3_20260822_114411_168_milestone4,milestone4,1787424281.255927801,SEARCH,1,1,1,1,0,0,11,4,0,0,0.000000,0.000000,2.599773,2.599773
tracking_cdrone3_20260822_114411_168_milestone4,milestone4,1787424281.356328726,SEARCH,1,1,1,1,0,0,11,4,0,0,0.000000,0.000000,2.599773,2.599773
tracking_cdrone3_20260822_114411_168_milestone4,milestone4,1787424281.455873251,SEARCH,1,1,1,1,0,0,11,4,0,0,0.000000,0.000000,2.599773,2.599773
tracking_cdrone3_20260822_114411_168_milestone4,milestone4,1787424281.556211472,SEARCH,1,1,1,1,0,0,11,4,0,0,0.000000,0.000000,2.599773,2.599773
tracking_cdrone3_20260822_114411_168_milestone4,milestone4,1787424281.656039953,SEARCH,1,1,1,1,0,0,11,4,0,0,0.000000,0.000000,2.599773,2.599773
tracking_cdrone3_20260822_114411_168_milestone4,milestone4,1787424281.756168604,SEARCH,1,1,1,1,0,0,11,4,0,0,0.000000,0.000000,2.599773,2.599773
tracking_cdrone3_20260822_114411_168_milestone4,milestone4,1787424281.856191397,SEARCH,1,1,1,1,0,0,11,4,0,0,0.000000,0.000000,2.599773,2.599773
tracking_cdrone3_20260822_114411_168_milestone4,milestone4,1787424281.956031561,SEARCH,1,1,1,1,0,0,11,4,0,0,0.000000,0.000000,2.599773,2.599773
tracking_cdrone3_20260822_114411_168_milestone4,milestone4,1787424282.055922031,SEARCH,1,1,1,1,0,0,11,4,0,0,0.000000,0.000000,2.599773,2.599773
tracking_cdrone3_20260822_114411_168_milestone4,milestone4,1787424282.156274080,SEARCH,1,1,1,1,0,0,11,4,0,0,0.000000,0.000000,2.599773,2.599773
tracking_cdrone3_20260822_114411_168_milestone4,milestone4,1787424282.256331205,SEARCH,1,1,1,1,0,0,11,4,0,0,0.000000,0.000000,2.599773,2.599773
tracking_cdrone3_20260822_114411_168_milestone4,milestone4,1787424282.356263876,SEARCH,1,1,1,1,0,0,11,4,0,0,0.000000,0.000000,2.599773,2.599773
tracking_cdrone3_20260822_114411_168_milestone4,milestone4,1787424282.456339598,SEARCH,1,1,1,1,1,1,11,4,0,0,0.000000,0.000000,2.599773,2.599773
tracking_cdrone3_20260822_114411_168_milestone4,milestone4,1787424282.556219339,SEARCH,1,1,1,1,0,0,11,4,0,0,0.000000,0.000000,2.599773,2.599773
tracking_cdrone3_20260822_114411_168_milestone4,milestone4,1787424282.656189442,SEARCH,1,1,1,1,0,0,11,4,0,0,0.000000,0.000000,2.599773,2.599773
tracking_cdrone3_20260822_114411_168_milestone4,milestone4,1787424282.756194830,SEARCH,1,1,1,1,0,0,11,4,0,0,0.000000,0.000000,2.599773,2.599773
tracking_cdrone3_20260822_114411_168_milestone4,milestone4,1787424282.856002092,SEARCH,1,1,1,1,0,0,11,4,0,0,0.000000,0.000000,2.599773,2.599773
tracking_cdrone3_20260822_114411_168_milestone4,milestone4,1787424282.956299782,SEARCH,1,1,1,1,0,0,11,4,0,0,0.000000,0.000000,2.599773,2.599773
tracking_cdrone3_20260822_114411_168_milestone4,milestone4,1787424283.056181908,SEARCH,1,1,1,1,0,0,11,4,0,0,0.000000,0.000000,2.599773,2.599773
tracking_cdrone3_20260822_114411_168_milestone4,milestone4,1787424283.155873537,SEARCH,1,1,1,1,0,0,11,4,0,0,0.000000,0.000000,2.599773,2.599773
tracking_cdrone3_20260822_114411_168_milestone4,milestone4,1787424283.256242990,SEARCH,1,1,1,1,0,0,11,4,0,0,0.000000,0.000000,2.599773,2.599773
tracking_cdrone3_20260822_114411_168_milestone4,milestone4,1787424283.356443882,SEARCH,1,1,1,1,0,0,11,4,0,0,0.000000,0.000000,2.599773,2.599773
tracking_cdrone3_20260822_114411_168_milestone4,milestone4,1787424283.455951929,SEARCH,1,1,1,1,1,1,11,4,0,0,0.000000,0.000000,2.599773,2.599773
tracking_cdrone3_20260822_114411_168_milestone4,milestone4,1787424283.556149483,SEARCH,1,1,1,1,0,0,11,4,0,0,0.000000,0.000000,2.599773,2.599773
tracking_cdrone3_20260822_114411_168_milestone4,milestone4,1787424283.656740427,SEARCH,1,1,1,1,0,0,11,4,0,0,0.000000,0.000000,2.599773,2.599773
tracking_cdrone3_20260822_114411_168_milestone4,milestone4,1787424283.756329060,SEARCH,1,1,1,1,0,0,11,4,0,0,0.000000,0.000000,2.599773,2.599773
tracking_cdrone3_20260822_114411_168_milestone4,milestone4,1787424283.856074810,SEARCH,1,1,1,1,0,0,11,4,0,0,0.000000,0.000000,2.599773,2.599773
tracking_cdrone3_20260822_114411_168_milestone4,milestone4,1787424283.956205130,SEARCH,1,1,1,1,0,0,11,4,0,0,0.000000,0.000000,2.599773,2.599773
tracking_cdrone3_20260822_114411_168_milestone4,milestone4,1787424284.056263685,SEARCH,1,1,1,1,0,0,11,4,0,0,0.000000,0.000000,2.599773,2.599773
tracking_cdrone3_20260822_114411_168_milestone4,milestone4,1787424284.156244278,SEARCH,1,1,1,1,0,0,11,4,0,0,0.000000,0.000000,2.599773,2.599773
tracking_cdrone3_20260822_114411_168_milestone4,milestone4,1787424284.255981207,SEARCH,1,1,1,1,0,0,11,4,0,0,0.000000,0.000000,2.599773,2.599773
tracking_cdrone3_20260822_114411_168_milestone4,milestone4,1787424284.356245518,SEARCH,1,1,1,1,0,0,11,4,0,0,0.000000,0.000000,2.599773,2.599773
tracking_cdrone3_20260822_114411_168_milestone4,milestone4,1787424284.455964088,SEARCH,1,1,1,1,0,0,11,4,0,0,0.000000,0.000000,2.599773,2.599773
tracking_cdrone3_20260822_114411_168_milestone4,milestone4,1787424284.556310177,SEARCH,1,1,1,1,0,0,11,4,0,0,0.000000,0.000000,2.599773,2.599773
tracking_cdrone3_20260822_114411_168_milestone4,milestone4,1787424284.655905962,SEARCH,1,1,1,1,0,0,11,4,0,0,0.000000,0.000000,2.599773,2.599773
tracking_cdrone3_20260822_114411_168_milestone4,milestone4,1787424284.756435156,SEARCH,1,1,1,1,0,0,11,4,0,0,0.000000,0.000000,2.599773,2.599773
tracking_cdrone3_20260822_114411_168_milestone4,milestone4,1787424284.856315136,SEARCH,1,1,1,1,0,0,11,4,0,0,0.000000,0.000000,2.599773,2.599773
tracking_cdrone3_20260822_114411_168_milestone4,milestone4,1787424284.956170559,SEARCH,1,1,1,1,0,0,11,4,0,0,0.000000,0.000000,2.599773,2.599773
tracking_cdrone3_20260822_114411_168_milestone4,milestone4,1787424285.056311607,SEARCH,1,1,1,1,0,0,11,4,0,0,0.000000,0.000000,2.599773,2.599773
tracking_cdrone3_20260822_114411_168_milestone4,milestone4,1787424285.156288624,SEARCH,1,1,1,1,0,0,11,4,0,0,0.000000,0.000000,2.599773,2.599773
tracking_cdrone3_20260822_114411_168_milestone4,milestone4,1787424285.256192923,SEARCH,1,1,1,1,0,0,11,4,0,0,0.000000,0.000000,2.599773,2.599773
tracking_cdrone3_20260822_114411_168_milestone4,milestone4,1787424285.356260300,SEARCH,1,1,1,1,0,0,11,4,0,0,0.000000,0.000000,2.599773,2.599773
tracking_cdrone3_20260822_114411_168_milestone4,milestone4,1787424285.455936432,SEARCH,1,1,1,1,0,0,11,4,0,0,0.000000,0.000000,2.599773,2.599773
tracking_cdrone3_20260822_114411_168_milestone4,milestone4,1787424285.556282282,SEARCH,1,1,1,1,0,0,11,4,0,0,0.000000,0.000000,2.599773,2.599773
tracking_cdrone3_20260822_114411_168_milestone4,milestone4,1787424285.657639503,SEARCH,1,1,1,1,0,0,11,4,0,0,0.000000,0.000000,2.599773,2.599773
tracking_cdrone3_20260822_114411_168_milestone4,milestone4,1787424285.756188393,SEARCH,1,1,1,1,0,0,11,4,0,0,0.000000,0.000000,2.599773,2.599773
tracking_cdrone3_20260822_114411_168_milestone4,milestone4,1787424285.856377840,SEARCH,1,1,1,1,0,0,11,4,0,0,0.000000,0.000000,2.599773,2.599773
tracking_cdrone3_20260822_114411_168_milestone4,milestone4,1787424285.956192255,SEARCH,1,1,1,1,0,0,11,4,0,0,0.000000,0.000000,2.599773,2.599773
tracking_cdrone3_20260822_114411_168_milestone4,milestone4,1787424286.056104898,SEARCH,1,1,1,1,0,0,11,4,0,0,0.000000,0.000000,2.599773,2.599773
tracking_cdrone3_20260822_114411_168_milestone4,milestone4,1787424286.155960798,SEARCH,1,1,1,1,0,0,11,4,0,0,0.000000,0.000000,2.599773,2.599773
tracking_cdrone3_20260822_114411_168_milestone4,milestone4,1787424286.256125689,SEARCH,1,1,1,1,0,0,11,4,0,0,0.000000,0.000000,2.599773,2.599773
tracking_cdrone3_20260822_114411_168_milestone4,milestone4,1787424286.356289864,SEARCH,1,1,1,1,0,0,11,4,0,0,0.000000,0.000000,2.599773,2.599773
tracking_cdrone3_20260822_114411_168_milestone4,milestone4,1787424286.456295252,SEARCH,1,1,1,1,0,0,11,4,0,0,0.000000,0.000000,2.599773,2.599773
tracking_cdrone3_20260822_114411_168_milestone4,milestone4,1787424286.556084633,SEARCH,1,1,1,1,0,0,11,4,0,0,0.000000,0.000000,2.599773,2.599773
tracking_cdrone3_20260822_114411_168_milestone4,milestone4,1787424286.655959368,SEARCH,1,1,1,1,0,0,11,4,0,0,0.000000,0.000000,2.599773,2.599773
tracking_cdrone3_20260822_114411_168_milestone4,milestone4,1787424286.755877018,SEARCH,1,1,1,1,0,0,11,4,0,0,0.000000,0.000000,2.599773,2.599773
tracking_cdrone3_20260822_114411_168_milestone4,milestone4,1787424286.856042385,FOLLOW,1,1,1,1,0,0,11,4,0,0,0.000000,0.000000,2.599773,2.599773
tracking_cdrone3_20260822_114411_168_milestone4,milestone4,1787424286.955901861,FOLLOW,1,1,1,1,0,0,11,4,0,0,0.000000,0.000000,2.599773,2.599773
tracking_cdrone3_20260822_114411_168_milestone4,milestone4,1787424287.056180716,FOLLOW,1,1,1,1,0,0,11,4,0,0,0.000000,0.000000,2.599773,2.599773
tracking_cdrone3_20260822_114411_168_milestone4,milestone4,1787424287.156159401,FOLLOW,1,1,1,1,0,0,11,4,0,0,0.000000,0.000000,2.599773,2.599773
tracking_cdrone3_20260822_114411_168_milestone4,milestone4,1787424287.255879402,FOLLOW,1,1,1,1,0,0,11,4,0,0,0.000000,0.000000,2.599773,2.599773
tracking_cdrone3_20260822_114411_168_milestone4,milestone4,1787424287.356008530,SEARCH,1,1,1,1,0,0,11,4,0,0,0.000000,0.000000,2.599773,2.599773
tracking_cdrone3_20260822_114411_168_milestone4,milestone4,1787424287.456125259,SEARCH,1,1,1,1,1,1,11,4,0,0,0.000000,0.000000,2.599773,2.599773
tracking_cdrone3_20260822_114411_168_milestone4,milestone4,1787424287.556211472,SEARCH,1,1,1,1,0,0,11,4,0,0,0.000000,0.000000,2.599773,2.599773
tracking_cdrone3_20260822_114411_168_milestone4,milestone4,1787424287.656270504,SEARCH,1,1,1,1,0,0,11,4,0,0,0.000000,0.000000,2.599773,2.599773
tracking_cdrone3_20260822_114411_168_milestone4,milestone4,1787424287.756338120,SEARCH,1,1,1,1,0,0,11,4,0,0,0.000000,0.000000,2.599773,2.599773
tracking_cdrone3_20260822_114411_168_milestone4,milestone4,1787424287.856253862,SEARCH,1,1,1,1,0,0,11,4,0,0,0.000000,0.000000,2.599773,2.599773
tracking_cdrone3_20260822_114411_168_milestone4,milestone4,1787424287.955980301,SEARCH,1,1,1,1,0,0,11,4,0,0,0.000000,0.000000,2.599773,2.599773
tracking_cdrone3_20260822_114411_168_milestone4,milestone4,1787424288.056125164,SEARCH,1,1,1,1,0,0,11,4,0,0,0.000000,0.000000,2.599773,2.599773
tracking_cdrone3_20260822_114411_168_milestone4,milestone4,1787424288.155952215,FOLLOW,1,1,1,1,0,0,11,4,0,0,0.000000,0.000000,2.599773,2.599773
tracking_cdrone3_20260822_114411_168_milestone4,milestone4,1787424288.256576300,FOLLOW,1,1,1,1,0,0,11,4,0,0,0.000000,0.000000,2.599773,2.599773
tracking_cdrone3_20260822_114411_168_milestone4,milestone4,1787424288.355968714,FOLLOW,1,1,1,1,0,0,11,4,0,0,0.000000,0.000000,2.599773,2.599773
tracking_cdrone3_20260822_114411_168_milestone4,milestone4,1787424288.455966473,FOLLOW,1,1,1,1,0,0,11,4,0,0,0.000000,0.000000,2.599773,2.599773
tracking_cdrone3_20260822_114411_168_milestone4,milestone4,1787424288.556249619,FOLLOW,1,1,1,1,1,1,11,4,0,0,0.000000,0.000000,2.599773,2.599773
tracking_cdrone3_20260822_114411_168_milestone4,milestone4,1787424288.656234503,FOLLOW,1,1,1,1,0,0,11,4,0,0,0.000000,0.000000,2.599773,2.599773
tracking_cdrone3_20260822_114411_168_milestone4,milestone4,1787424288.756047726,FOLLOW,1,1,1,1,0,0,11,4,0,0,0.000000,0.000000,2.599773,2.599773
tracking_cdrone3_20260822_114411_168_milestone4,milestone4,1787424288.855974197,FOLLOW,1,1,1,1,1,1,11,4,0,0,0.000000,0.000000,2.599773,2.599773
tracking_cdrone3_20260822_114411_168_milestone4,milestone4,1787424288.956207037,FOLLOW,1,1,1,1,0,0,11,4,0,0,0.000000,0.000000,2.599773,2.599773
tracking_cdrone3_20260822_114411_168_milestone4,milestone4,1787424289.056263685,FOLLOW,1,1,1,1,0,0,11,4,0,0,0.000000,0.000000,2.599773,2.599773
tracking_cdrone3_20260822_114411_168_milestone4,milestone4,1787424289.156153917,FOLLOW,1,1,1,1,0,0,11,4,0,0,0.000000,0.000000,2.599773,2.599773
tracking_cdrone3_20260822_114411_168_milestone4,milestone4,1787424289.255934954,FOLLOW,1,1,1,1,0,0,11,4,0,0,0.000000,0.000000,2.599773,2.599773
tracking_cdrone3_20260822_114411_168_milestone4,milestone4,1787424289.356454134,FOLLOW,1,1,1,1,0,0,11,4,0,0,0.000000,0.000000,2.599773,2.599773
tracking_cdrone3_20260822_114411_168_milestone4,milestone4,1787424289.456026316,FOLLOW,1,1,1,1,0,0,11,4,0,0,0.000000,0.000000,2.599773,2.599773
tracking_cdrone3_20260822_114411_168_milestone4,milestone4,1787424289.556262970,FOLLOW,1,1,1,1,0,0,11,4,0,0,0.000000,0.000000,2.599773,2.599773
tracking_cdrone3_20260822_114411_168_milestone4,milestone4,1787424289.656466722,FOLLOW,1,1,1,1,1,1,11,4,0,0,0.000000,0.000000,2.599773,2.599773
tracking_cdrone3_20260822_114411_168_milestone4,milestone4,1787424289.756257772,FOLLOW,1,1,1,1,0,0,11,4,0,0,0.000000,0.000000,2.599773,2.599773
tracking_cdrone3_20260822_114411_168_milestone4,milestone4,1787424289.856034994,FOLLOW,1,1,1,1,0,0,11,4,0,0,0.000000,0.000000,2.599773,2.599773
tracking_cdrone3_20260822_114411_168_milestone4,milestone4,1787424289.956246376,FOLLOW,1,1,1,1,1,1,11,4,0,0,0.000000,0.000000,2.599773,2.599773
tracking_cdrone3_20260822_114411_168_milestone4,milestone4,1787424290.056169987,FOLLOW,1,1,1,1,0,0,11,4,0,0,0.000000,0.000000,2.599773,2.599773
tracking_cdrone3_20260822_114411_168_milestone4,milestone4,1787424290.156301260,FOLLOW,1,1,1,1,0,0,11,4,0,0,0.000000,0.000000,2.599773,2.599773
tracking_cdrone3_20260822_114411_168_milestone4,milestone4,1787424290.256072044,FOLLOW,1,1,1,1,0,0,11,4,0,0,0.000000,0.000000,2.599773,2.599773
tracking_cdrone3_20260822_114411_168_milestone4,milestone4,1787424290.356239557,FOLLOW,1,1,1,1,0,0,11,4,0,0,0.000000,0.000000,2.599773,2.599773
tracking_cdrone3_20260822_114411_168_milestone4,milestone4,1787424290.456088543,FOLLOW,1,1,1,1,0,0,11,4,0,0,0.000000,0.000000,2.599773,2.599773
tracking_cdrone3_20260822_114411_168_milestone4,milestone4,1787424290.556259871,FOLLOW,1,1,1,1,0,0,11,4,0,0,0.000000,0.000000,2.599773,2.599773
tracking_cdrone3_20260822_114411_168_milestone4,milestone4,1787424290.656172037,FOLLOW,1,1,1,1,0,0,11,4,0,0,0.000000,0.000000,2.599773,2.599773
tracking_cdrone3_20260822_114411_168_milestone4,milestone4,1787424290.755959749,FOLLOW,1,1,1,1,0,0,11,4,0,0,0.000000,0.000000,2.599773,2.599773
tracking_cdrone3_20260822_114411_168_milestone4,milestone4,1787424290.856204271,FOLLOW,1,1,1,1,0,0,11,4,0,0,0.000000,0.000000,2.599773,2.599773
tracking_cdrone3_20260822_114411_168_milestone4,milestone4,1787424290.964249134,FOLLOW,1,1,1,1,0,0,11,4,0,0,0.000000,0.000000,2.599773,2.599773
tracking_cdrone3_20260822_114411_168_milestone4,milestone4,1787424291.056303263,FOLLOW,1,1,1,1,0,0,11,4,0,0,0.000000,0.000000,2.599773,2.599773
tracking_cdrone3_20260822_114411_168_milestone4,milestone4,1787424291.156250954,FOLLOW,1,1,1,1,0,0,11,4,0,0,0.000000,0.000000,2.599773,2.599773
tracking_cdrone3_20260822_114411_168_milestone4,milestone4,1787424291.255932570,FOLLOW,1,1,1,1,0,0,11,4,0,0,0.000000,0.000000,2.599773,2.599773
tracking_cdrone3_20260822_114411_168_milestone4,milestone4,1787424291.355921507,FOLLOW,1,1,1,1,0,0,11,4,0,0,0.000000,0.000000,2.599773,2.599773
tracking_cdrone3_20260822_114411_168_milestone4,milestone4,1787424291.456137657,FOLLOW,1,1,1,1,0,0,11,4,0,0,0.000000,0.000000,2.599773,2.599773
tracking_cdrone3_20260822_114411_168_milestone4,milestone4,1787424291.555962563,FOLLOW,1,1,1,1,0,0,11,4,0,0,0.000000,0.000000,2.599773,2.599773
tracking_cdrone3_20260822_114411_168_milestone4,milestone4,1787424291.655878305,FOLLOW,1,1,1,1,0,0,11,4,0,0,0.000000,0.000000,2.599773,2.599773
tracking_cdrone3_20260822_114411_168_milestone4,milestone4,1787424291.756409168,FOLLOW,1,1,1,1,0,0,11,4,0,0,0.000000,0.000000,2.599773,2.599773
tracking_cdrone3_20260822_114411_168_milestone4,milestone4,1787424291.856200933,FOLLOW,1,1,1,1,0,0,11,4,0,0,0.000000,0.000000,2.599773,2.599773
tracking_cdrone3_20260822_114411_168_milestone4,milestone4,1787424291.955974579,FOLLOW,1,1,1,1,0,0,11,4,0,0,0.000000,0.000000,2.599773,2.599773
tracking_cdrone3_20260822_114411_168_milestone4,milestone4,1787424292.056237221,FOLLOW,1,1,1,1,1,1,11,4,0,0,0.000000,0.000000,2.599773,2.599773
tracking_cdrone3_20260822_114411_168_milestone4,milestone4,1787424292.156263113,FOLLOW,1,1,1,1,0,0,11,4,0,0,0.000000,0.000000,2.599773,2.599773
tracking_cdrone3_20260822_114411_168_milestone4,milestone4,1787424292.256061554,FOLLOW,1,1,1,1,0,0,11,4,0,0,0.000000,0.000000,2.599773,2.599773
tracking_cdrone3_20260822_114411_168_milestone4,milestone4,1787424292.355979919,FOLLOW,1,1,1,1,0,0,11,4,0,0,0.000000,0.000000,2.599773,2.599773
tracking_cdrone3_20260822_114411_168_milestone4,milestone4,1787424292.456195116,FOLLOW,1,1,1,1,0,0,11,4,0,0,0.000000,0.000000,2.599773,2.599773
tracking_cdrone3_20260822_114411_168_milestone4,milestone4,1787424292.556375980,FOLLOW,1,1,1,1,0,0,11,4,0,0,0.000000,0.000000,2.599773,2.599773
tracking_cdrone3_20260822_114411_168_milestone4,milestone4,1787424292.656315565,FOLLOW,1,1,1,1,0,0,11,4,0,0,0.000000,0.000000,2.599773,2.599773
tracking_cdrone3_20260822_114411_168_milestone4,milestone4,1787424292.755980730,FOLLOW,1,1,1,1,0,0,11,4,0,0,0.000000,0.000000,2.599773,2.599773
tracking_cdrone3_20260822_114411_168_milestone4,milestone4,1787424292.856394529,FOLLOW,1,1,1,1,0,0,11,4,0,0,0.000000,0.000000,2.599773,2.599773
tracking_cdrone3_20260822_114411_168_milestone4,milestone4,1787424292.955851078,FOLLOW,1,1,1,1,0,0,11,4,0,0,0.000000,0.000000,2.599773,2.599773
tracking_cdrone3_20260822_114411_168_milestone4,milestone4,1787424293.056264162,FOLLOW,1,1,1,1,0,0,11,4,0,0,0.000000,0.000000,2.599773,2.599773
tracking_cdrone3_20260822_114411_168_milestone4,milestone4,1787424293.156050444,FOLLOW,1,1,1,1,1,1,11,4,0,0,0.000000,0.000000,2.599773,2.599773
tracking_cdrone3_20260822_114411_168_milestone4,milestone4,1787424293.256207705,FOLLOW,1,1,1,1,0,0,11,4,0,0,0.000000,0.000000,2.599773,2.599773
tracking_cdrone3_20260822_114411_168_milestone4,milestone4,1787424293.355883837,FOLLOW,1,1,1,1,0,0,11,4,0,0,0.000000,0.000000,2.599773,2.599773
tracking_cdrone3_20260822_114411_168_milestone4,milestone4,1787424293.456180811,FOLLOW,1,1,1,1,0,0,11,4,0,0,0.000000,0.000000,2.599773,2.599773
tracking_cdrone3_20260822_114411_168_milestone4,milestone4,1787424293.556434393,FOLLOW,1,1,1,1,0,0,11,4,0,0,0.000000,0.000000,2.599773,2.599773
tracking_cdrone3_20260822_114411_168_milestone4,milestone4,1787424293.656330347,FOLLOW,1,1,1,1,0,0,11,4,0,0,0.000000,0.000000,2.599773,2.599773
tracking_cdrone3_20260822_114411_168_milestone4,milestone4,1787424293.756433725,FOLLOW,1,1,1,1,0,0,11,4,0,0,0.000000,0.000000,2.599773,2.599773
tracking_cdrone3_20260822_114411_168_milestone4,milestone4,1787424293.856023312,FOLLOW,1,1,1,1,0,0,11,4,0,0,0.000000,0.000000,2.599773,2.599773
tracking_cdrone3_20260822_114411_168_milestone4,milestone4,1787424293.956502438,FOLLOW,1,1,1,1,1,1,11,4,0,0,0.000000,0.000000,2.599773,2.599773
tracking_cdrone3_20260822_114411_168_milestone4,milestone4,1787424294.056206703,FOLLOW,1,1,1,1,0,0,11,4,0,0,0.000000,0.000000,2.599773,2.599773
tracking_cdrone3_20260822_114411_168_milestone4,milestone4,1787424294.156311274,FOLLOW,1,1,1,1,0,0,11,4,0,0,0.000000,0.000000,2.599773,2.599773
tracking_cdrone3_20260822_114411_168_milestone4,milestone4,1787424294.256067514,FOLLOW,1,1,1,1,0,0,11,4,0,0,0.000000,0.000000,2.599773,2.599773
tracking_cdrone3_20260822_114411_168_milestone4,milestone4,1787424294.356238604,FOLLOW,1,1,1,1,0,0,11,4,0,0,0.000000,0.000000,2.599773,2.599773
tracking_cdrone3_20260822_114411_168_milestone4,milestone4,1787424294.456272125,FOLLOW,1,1,1,1,0,0,11,4,0,0,0.000000,0.000000,2.599773,2.599773
tracking_cdrone3_20260822_114411_168_milestone4,milestone4,1787424294.556213856,FOLLOW,1,1,1,1,0,0,11,4,0,0,0.000000,0.000000,2.599773,2.599773
tracking_cdrone3_20260822_114411_168_milestone4,milestone4,1787424294.656982422,FOLLOW,1,1,1,1,0,0,11,4,0,0,0.000000,0.000000,2.599773,2.599773
tracking_cdrone3_20260822_114411_168_milestone4,milestone4,1787424294.756232500,FOLLOW,1,1,1,1,1,1,11,4,0,0,0.000000,0.000000,2.599773,2.599773
tracking_cdrone3_20260822_114411_168_milestone4,milestone4,1787424294.856251478,FOLLOW,1,1,1,1,0,0,11,4,0,0,0.000000,0.000000,2.599773,2.599773
tracking_cdrone3_20260822_114411_168_milestone4,milestone4,1787424294.956338882,FOLLOW,1,1,1,1,0,0,11,4,0,0,0.000000,0.000000,2.599773,2.599773
tracking_cdrone3_20260822_114411_168_milestone4,milestone4,1787424295.056207418,FOLLOW,1,1,1,1,1,1,11,4,0,0,0.000000,0.000000,2.599773,2.599773
tracking_cdrone3_20260822_114411_168_milestone4,milestone4,1787424295.156028986,FOLLOW,1,1,1,1,0,0,11,4,0,0,0.000000,0.000000,2.599773,2.599773
tracking_cdrone3_20260822_114411_168_milestone4,milestone4,1787424295.256247997,FOLLOW,1,1,1,1,0,0,11,4,0,0,0.000000,0.000000,2.599773,2.599773
tracking_cdrone3_20260822_114411_168_milestone4,milestone4,1787424295.356210470,FOLLOW,1,1,1,1,0,0,11,4,0,0,0.000000,0.000000,2.599773,2.599773
tracking_cdrone3_20260822_114411_168_milestone4,milestone4,1787424295.455995083,FOLLOW,1,1,1,1,0,0,11,4,0,0,0.000000,0.000000,2.599773,2.599773
tracking_cdrone3_20260822_114411_168_milestone4,milestone4,1787424295.557047129,FOLLOW,1,1,1,1,0,0,11,4,0,0,0.000000,0.000000,2.599773,2.599773
tracking_cdrone3_20260822_114411_168_milestone4,milestone4,1787424295.655911446,FOLLOW,1,1,1,1,0,0,11,4,0,0,0.000000,0.000000,2.599773,2.599773
tracking_cdrone3_20260822_114411_168_milestone4,milestone4,1787424295.756211519,FOLLOW,1,1,1,1,0,0,11,4,0,0,0.000000,0.000000,2.599773,2.599773
tracking_cdrone3_20260822_114411_168_milestone4,milestone4,1787424295.856079102,FOLLOW,1,1,1,1,0,0,11,4,0,0,0.000000,0.000000,2.599773,2.599773
tracking_cdrone3_20260822_114411_168_milestone4,milestone4,1787424295.956524372,FOLLOW,2,2,1,1,0,0,12,5,0,0,0.000000,0.000000,2.599773,2.599773
tracking_cdrone3_20260822_114411_168_milestone4,milestone4,1787424296.056042194,FOLLOW,2,2,1,1,0,0,12,5,0,0,0.000000,0.000000,2.599773,2.599773
tracking_cdrone3_20260822_114411_168_milestone4,milestone4,1787424296.156325102,FOLLOW,2,2,1,1,2,1,12,5,0,0,0.000000,0.000000,2.599773,2.599773
tracking_cdrone3_20260822_114411_168_milestone4,milestone4,1787424296.255982161,FOLLOW,2,2,1,1,0,0,12,5,0,0,0.000000,0.000000,2.599773,2.599773
tracking_cdrone3_20260822_114411_168_milestone4,milestone4,1787424296.356250525,FOLLOW,2,2,1,1,0,0,12,5,0,0,0.000000,0.000000,2.599773,2.599773
tracking_cdrone3_20260822_114411_168_milestone4,milestone4,1787424296.456205606,FOLLOW,2,2,1,1,0,0,12,5,0,0,0.000000,0.000000,2.599773,2.599773
tracking_cdrone3_20260822_114411_168_milestone4,milestone4,1787424296.556378841,FOLLOW,2,2,1,1,0,0,12,5,0,0,0.000000,0.000000,2.599773,2.599773
tracking_cdrone3_20260822_114411_168_milestone4,milestone4,1787424296.656410217,FOLLOW,2,2,1,1,0,0,12,5,0,0,0.000000,0.000000,2.599773,2.599773
tracking_cdrone3_20260822_114411_168_milestone4,milestone4,1787424296.755966425,FOLLOW,2,2,1,1,0,0,12,5,0,0,0.000000,0.000000,2.599773,2.599773
tracking_cdrone3_20260822_114411_168_milestone4,milestone4,1787424296.856121540,FOLLOW,2,2,1,1,0,0,12,5,0,0,0.000000,0.000000,2.599773,2.599773
tracking_cdrone3_20260822_114411_168_milestone4,milestone4,1787424296.955987215,FOLLOW,2,2,1,1,2,1,12,5,0,0,0.000000,0.000000,2.599773,2.599773
tracking_cdrone3_20260822_114411_168_milestone4,milestone4,1787424297.056436062,FOLLOW,2,2,1,1,0,0,12,5,0,0,0.000000,0.000000,2.599773,2.599773
tracking_cdrone3_20260822_114411_168_milestone4,milestone4,1787424297.156242371,FOLLOW,2,2,1,1,0,0,12,5,0,0,0.000000,0.000000,2.599773,2.599773
tracking_cdrone3_20260822_114411_168_milestone4,milestone4,1787424297.256307125,FOLLOW,2,2,1,1,2,1,12,5,0,0,0.000000,0.000000,2.599773,2.599773
tracking_cdrone3_20260822_114411_168_milestone4,milestone4,1787424297.356229305,FOLLOW,2,2,1,1,0,0,12,5,0,0,0.000000,0.000000,2.599773,2.599773
tracking_cdrone3_20260822_114411_168_milestone4,milestone4,1787424297.456265450,FOLLOW,2,2,1,1,0,0,12,5,0,0,0.000000,0.000000,2.599773,2.599773
tracking_cdrone3_20260822_114411_168_milestone4,milestone4,1787424297.561672688,FOLLOW,2,2,1,1,2,1,12,5,0,0,0.000000,0.000000,2.599773,2.599773
tracking_cdrone3_20260822_114411_168_milestone4,milestone4,1787424297.656141520,FOLLOW,2,2,1,1,0,0,12,5,0,0,0.000000,0.000000,2.599773,2.599773
tracking_cdrone3_20260822_114411_168_milestone4,milestone4,1787424297.755915165,FOLLOW,2,2,1,1,0,0,12,5,0,0,0.000000,0.000000,2.599773,2.599773
tracking_cdrone3_20260822_114411_168_milestone4,milestone4,1787424297.856263161,FOLLOW,2,2,1,1,0,0,12,5,0,0,0.000000,0.000000,2.599773,2.599773
tracking_cdrone3_20260822_114411_168_milestone4,milestone4,1787424297.955877304,FOLLOW,2,2,1,1,0,0,12,5,0,0,0.000000,0.000000,2.599773,2.599773
tracking_cdrone3_20260822_114411_168_milestone4,milestone4,1787424298.056341171,FOLLOW,2,2,1,1,0,0,12,5,0,0,0.000000,0.000000,2.599773,2.599773
tracking_cdrone3_20260822_114411_168_milestone4,milestone4,1787424298.155997038,FOLLOW,2,2,1,1,0,0,12,5,0,0,0.000000,0.000000,2.599773,2.599773
tracking_cdrone3_20260822_114411_168_milestone4,milestone4,1787424298.256335020,FOLLOW,2,2,1,1,0,0,12,5,0,0,0.000000,0.000000,2.599773,2.599773
tracking_cdrone3_20260822_114411_168_milestone4,milestone4,1787424298.356024027,FOLLOW,2,2,1,1,0,0,11,5,0,0,0.000000,0.000000,2.599773,2.599773
tracking_cdrone3_20260822_114411_168_milestone4,milestone4,1787424298.456231833,FOLLOW,2,2,1,1,0,0,11,4,0,0,0.000000,0.000000,2.599773,2.599773
tracking_cdrone3_20260822_114411_168_milestone4,milestone4,1787424298.556113005,FOLLOW,2,2,1,1,0,0,11,4,0,0,0.000000,0.000000,2.599773,2.599773
tracking_cdrone3_20260822_114411_168_milestone4,milestone4,1787424298.656228542,FOLLOW,1,2,1,1,2,1,12,4,0,0,0.000000,0.000000,2.599773,2.599773
tracking_cdrone3_20260822_114411_168_milestone4,milestone4,1787424298.755966187,FOLLOW,1,2,1,1,1,1,12,5,0,0,0.000000,0.000000,2.599773,2.599773
tracking_cdrone3_20260822_114411_168_milestone4,milestone4,1787424298.855939627,FOLLOW,1,2,1,1,1,1,12,5,0,0,0.000000,0.000000,2.599773,2.599773
tracking_cdrone3_20260822_114411_168_milestone4,milestone4,1787424298.956036329,FOLLOW,1,2,1,1,1,1,12,5,0,0,0.000000,0.000000,2.599773,2.599773
tracking_cdrone3_20260822_114411_168_milestone4,milestone4,1787424299.056190729,FOLLOW,1,2,1,1,1,1,12,5,0,0,0.000000,0.000000,2.599773,2.599773
tracking_cdrone3_20260822_114411_168_milestone4,milestone4,1787424299.156291246,FOLLOW,1,2,1,1,1,1,12,5,0,0,0.000000,0.000000,2.599773,2.599773
tracking_cdrone3_20260822_114411_168_milestone4,milestone4,1787424299.256241560,FOLLOW,1,2,1,1,1,1,12,5,0,0,0.000000,0.000000,2.599773,2.599773
tracking_cdrone3_20260822_114411_168_milestone4,milestone4,1787424299.355950117,FOLLOW,1,2,1,1,1,1,12,5,0,0,0.000000,0.000000,2.599773,2.599773
tracking_cdrone3_20260822_114411_168_milestone4,milestone4,1787424299.455866575,FOLLOW,1,2,1,1,1,1,12,5,0,0,0.000000,0.000000,2.599773,2.599773
tracking_cdrone3_20260822_114411_168_milestone4,milestone4,1787424299.556197166,DWELL,1,2,1,1,1,1,12,5,0,0,0.000000,0.000000,2.599773,2.599773
tracking_cdrone3_20260822_114411_168_milestone4,milestone4,1787424299.656255960,DWELL,1,2,1,1,1,1,12,5,0,0,0.000000,0.000000,2.599773,2.599773
tracking_cdrone3_20260822_114411_168_milestone4,milestone4,1787424299.756026268,FOLLOW,1,2,1,1,2,1,12,5,0,0,0.000000,0.000000,2.599773,2.599773
tracking_cdrone3_20260822_114411_168_milestone4,milestone4,1787424299.856221914,FOLLOW,1,2,1,1,1,1,12,5,0,0,0.000000,0.000000,2.599773,2.599773
tracking_cdrone3_20260822_114411_168_milestone4,milestone4,1787424299.956552029,FOLLOW,1,2,1,1,1,1,12,5,0,0,0.000000,0.000000,2.599773,2.599773
tracking_cdrone3_20260822_114411_168_milestone4,milestone4,1787424300.056230307,FOLLOW,1,2,1,1,1,1,12,5,0,0,0.000000,0.000000,2.599773,2.599773
tracking_cdrone3_20260822_114411_168_milestone4,milestone4,1787424300.155973673,SEARCH,1,2,1,1,1,1,12,5,0,0,0.000000,0.000000,2.599773,2.599773
tracking_cdrone3_20260822_114411_168_milestone4,milestone4,1787424300.256073952,SEARCH,1,2,1,1,1,1,12,5,0,0,0.000000,0.000000,2.599773,2.599773
tracking_cdrone3_20260822_114411_168_milestone4,milestone4,1787424300.355888367,SEARCH,1,2,1,1,1,1,12,5,0,0,0.000000,0.000000,2.599773,2.599773
tracking_cdrone3_20260822_114411_168_milestone4,milestone4,1787424300.456285238,SEARCH,1,2,1,1,1,1,12,5,0,0,0.000000,0.000000,2.599773,2.599773
tracking_cdrone3_20260822_114411_168_milestone4,milestone4,1787424300.555871248,SEARCH,1,2,1,1,1,1,12,5,0,0,0.000000,0.000000,2.599773,2.599773
tracking_cdrone3_20260822_114411_168_milestone4,milestone4,1787424300.656205654,SEARCH,1,2,1,1,1,1,12,5,0,0,0.000000,0.000000,2.599773,2.599773
tracking_cdrone3_20260822_114411_168_milestone4,milestone4,1787424300.756315708,SEARCH,1,2,1,1,1,1,12,5,0,0,0.000000,0.000000,2.599773,2.599773
tracking_cdrone3_20260822_114411_168_milestone4,milestone4,1787424300.856295824,SEARCH,1,2,1,1,1,1,12,5,0,0,0.000000,0.000000,2.599773,2.599773
tracking_cdrone3_20260822_114411_168_milestone4,milestone4,1787424300.956039429,SEARCH,1,2,1,1,1,1,12,5,0,0,0.000000,0.000000,2.599773,2.599773
tracking_cdrone3_20260822_114411_168_milestone4,milestone4,1787424301.056231022,SEARCH,1,2,1,1,1,1,12,5,0,0,0.000000,0.000000,2.599773,2.599773
tracking_cdrone3_20260822_114411_168_milestone4,milestone4,1787424301.156169653,SEARCH,1,2,1,1,1,1,12,5,0,0,0.000000,0.000000,2.599773,2.599773
tracking_cdrone3_20260822_114411_168_milestone4,milestone4,1787424301.256192923,SEARCH,1,2,1,1,1,1,12,5,0,0,0.000000,0.000000,2.599773,2.599773
tracking_cdrone3_20260822_114411_168_milestone4,milestone4,1787424301.356175661,SEARCH,1,2,1,1,1,1,12,5,0,0,0.000000,0.000000,2.599773,2.599773
tracking_cdrone3_20260822_114411_168_milestone4,milestone4,1787424301.456690788,SEARCH,1,2,1,1,1,1,12,5,0,0,0.000000,0.000000,2.599773,2.599773
tracking_cdrone3_20260822_114411_168_milestone4,milestone4,1787424301.555910110,SEARCH,0,2,0,1,2,1,,5,1,1,0.000000,0.000000,2.599773,2.599773
tracking_cdrone3_20260822_114411_168_milestone4,milestone4,1787424301.656243563,SEARCH,0,2,0,1,2,1,,5,1,1,0.100333,0.100333,2.599773,2.599773
tracking_cdrone3_20260822_114411_168_milestone4,milestone4,1787424301.756863117,SEARCH,0,2,0,1,2,1,,5,1,1,0.200953,0.200953,2.599773,2.599773
tracking_cdrone3_20260822_114411_168_milestone4,milestone4,1787424301.856228590,SEARCH,0,2,0,1,2,1,,5,1,1,0.300318,0.300318,2.599773,2.599773
tracking_cdrone3_20260822_114411_168_milestone4,milestone4,1787424301.955920935,SEARCH,0,2,0,1,2,1,,5,1,1,0.400011,0.400011,2.599773,2.599773
tracking_cdrone3_20260822_114411_168_milestone4,milestone4,1787424302.056290627,SEARCH,0,2,0,1,2,1,,5,1,1,0.500381,0.500381,2.599773,2.599773
tracking_cdrone3_20260822_114411_168_milestone4,milestone4,1787424302.156149149,SEARCH,0,2,0,1,2,1,,5,1,1,0.600239,0.600239,2.599773,2.599773
tracking_cdrone3_20260822_114411_168_milestone4,milestone4,1787424302.256295204,SEARCH,0,2,0,1,2,1,,5,1,1,0.700385,0.700385,2.599773,2.599773
tracking_cdrone3_20260822_114411_168_milestone4,milestone4,1787424302.355878353,SEARCH,0,2,0,1,2,1,,5,1,1,0.799968,0.799968,2.599773,2.599773
tracking_cdrone3_20260822_114411_168_milestone4,milestone4,1787424302.456185818,SEARCH,0,2,0,1,2,1,,5,1,1,0.900276,0.900276,2.599773,2.599773
tracking_cdrone3_20260822_114411_168_milestone4,milestone4,1787424302.556160688,SEARCH,0,2,0,1,2,1,,5,1,1,1.000251,1.000251,2.599773,2.599773
tracking_cdrone3_20260822_114411_168_milestone4,milestone4,1787424302.656282902,SEARCH,0,2,0,1,2,1,,5,1,1,1.100373,1.100373,2.599773,2.599773
tracking_cdrone3_20260822_114411_168_milestone4,milestone4,1787424302.757396460,SEARCH,0,2,0,1,2,1,,5,1,1,1.201486,1.201486,2.599773,2.599773
tracking_cdrone3_20260822_114411_168_milestone4,milestone4,1787424302.856119871,SEARCH,0,2,0,1,2,1,,5,1,1,1.300210,1.300210,2.599773,2.599773
tracking_cdrone3_20260822_114411_168_milestone4,milestone4,1787424302.956198215,SEARCH,0,2,0,1,2,1,,5,1,1,1.400288,1.400288,2.599773,2.599773
tracking_cdrone3_20260822_114411_168_milestone4,milestone4,1787424303.056181669,SEARCH,0,2,0,1,2,1,,5,1,1,1.500272,1.500272,2.599773,2.599773
tracking_cdrone3_20260822_114411_168_milestone4,milestone4,1787424303.156323671,SEARCH,0,2,0,1,2,1,,5,1,1,1.600414,1.600414,2.599773,2.599773
tracking_cdrone3_20260822_114411_168_milestone4,milestone4,1787424303.255990505,SEARCH,0,2,0,1,2,1,,5,1,1,1.700080,1.700080,2.599773,2.599773
tracking_cdrone3_20260822_114411_168_milestone4,milestone4,1787424303.356205225,SEARCH,0,2,0,1,2,1,,5,1,1,1.800295,1.800295,2.599773,2.599773
tracking_cdrone3_20260822_114411_168_milestone4,milestone4,1787424303.456198215,SEARCH,0,1,0,1,1,1,,5,1,1,1.900288,1.900288,2.599773,2.599773
tracking_cdrone3_20260822_114411_168_milestone4,milestone4,1787424303.556192160,SEARCH,1,1,1,1,1,1,13,5,0,0,0.000000,0.000000,2.599773,2.599773
tracking_cdrone3_20260822_114411_168_milestone4,milestone4,1787424303.655961037,SEARCH,1,2,1,1,1,1,13,6,0,0,0.000000,0.000000,2.599773,2.599773
tracking_cdrone3_20260822_114411_168_milestone4,milestone4,1787424303.756277561,FOLLOW,1,2,1,1,1,1,13,6,0,0,0.000000,0.000000,2.599773,2.599773
tracking_cdrone3_20260822_114411_168_milestone4,milestone4,1787424303.856268644,FOLLOW,1,2,1,1,1,1,13,6,0,0,0.000000,0.000000,2.599773,2.599773
tracking_cdrone3_20260822_114411_168_milestone4,milestone4,1787424303.956460476,FOLLOW,1,2,1,1,1,1,13,6,0,0,0.000000,0.000000,2.599773,2.599773
tracking_cdrone3_20260822_114411_168_milestone4,milestone4,1787424304.056060791,FOLLOW,1,2,1,1,1,1,13,6,0,0,0.000000,0.000000,2.599773,2.599773
tracking_cdrone3_20260822_114411_168_milestone4,milestone4,1787424304.156465769,FOLLOW,1,2,1,1,1,1,13,6,0,0,0.000000,0.000000,2.599773,2.599773
tracking_cdrone3_20260822_114411_168_milestone4,milestone4,1787424304.256240606,FOLLOW,1,2,1,1,1,1,13,6,0,0,0.000000,0.000000,2.599773,2.599773
tracking_cdrone3_20260822_114411_168_milestone4,milestone4,1787424304.356017828,FOLLOW,1,2,1,1,1,1,13,6,0,0,0.000000,0.000000,2.599773,2.599773
tracking_cdrone3_20260822_114411_168_milestone4,milestone4,1787424304.456060886,FOLLOW,1,2,1,1,1,1,13,6,0,0,0.000000,0.000000,2.599773,2.599773
tracking_cdrone3_20260822_114411_168_milestone4,milestone4,1787424304.556025267,FOLLOW,1,2,1,1,1,1,13,6,0,0,0.000000,0.000000,2.599773,2.599773
tracking_cdrone3_20260822_114411_168_milestone4,milestone4,1787424304.656232119,FOLLOW,1,2,1,1,1,1,13,6,0,0,0.000000,0.000000,2.599773,2.599773
tracking_cdrone3_20260822_114411_168_milestone4,milestone4,1787424304.756332397,FOLLOW,1,2,1,1,1,1,13,6,0,0,0.000000,0.000000,2.599773,2.599773
tracking_cdrone3_20260822_114411_168_milestone4,milestone4,1787424304.855905533,FOLLOW,1,2,1,1,1,1,13,6,0,0,0.000000,0.000000,2.599773,2.599773
tracking_cdrone3_20260822_114411_168_milestone4,milestone4,1787424304.956132889,FOLLOW,1,2,1,1,1,1,13,6,0,0,0.000000,0.000000,2.599773,2.599773
tracking_cdrone3_20260822_114411_168_milestone4,milestone4,1787424305.056489468,FOLLOW,1,2,1,1,1,1,13,6,0,0,0.000000,0.000000,2.599773,2.599773
tracking_cdrone3_20260822_114411_168_milestone4,milestone4,1787424305.156415701,FOLLOW,1,2,1,1,1,1,13,6,0,0,0.000000,0.000000,2.599773,2.599773
tracking_cdrone3_20260822_114411_168_milestone4,milestone4,1787424305.256048918,FOLLOW,1,2,1,1,1,1,13,6,0,0,0.000000,0.000000,2.599773,2.599773
tracking_cdrone3_20260822_114411_168_milestone4,milestone4,1787424305.356232405,FOLLOW,1,2,1,1,1,1,13,6,0,0,0.000000,0.000000,2.599773,2.599773
tracking_cdrone3_20260822_114411_168_milestone4,milestone4,1787424305.456017494,FOLLOW,1,2,1,1,1,1,13,6,0,0,0.000000,0.000000,2.599773,2.599773
tracking_cdrone3_20260822_114411_168_milestone4,milestone4,1787424305.556110859,FOLLOW,1,2,1,1,1,1,13,6,0,0,0.000000,0.000000,2.599773,2.599773
tracking_cdrone3_20260822_114411_168_milestone4,milestone4,1787424305.656020403,FOLLOW,1,2,1,1,1,1,13,6,0,0,0.000000,0.000000,2.599773,2.599773
tracking_cdrone3_20260822_114411_168_milestone4,milestone4,1787424305.756310940,FOLLOW,1,2,1,1,1,1,13,6,0,0,0.000000,0.000000,2.599773,2.599773
tracking_cdrone3_20260822_114411_168_milestone4,milestone4,1787424305.856113195,FOLLOW,1,2,1,1,1,1,13,6,0,0,0.000000,0.000000,2.599773,2.599773
tracking_cdrone3_20260822_114411_168_milestone4,milestone4,1787424305.955958128,FOLLOW,1,2,1,1,1,1,13,6,0,0,0.000000,0.000000,2.599773,2.599773
tracking_cdrone3_20260822_114411_168_milestone4,milestone4,1787424306.056187391,FOLLOW,1,1,1,1,0,0,13,6,0,0,0.000000,0.000000,2.599773,2.599773
tracking_cdrone3_20260822_114411_168_milestone4,milestone4,1787424306.156291723,FOLLOW,1,1,1,1,1,1,13,6,0,0,0.000000,0.000000,2.599773,2.599773
tracking_cdrone3_20260822_114411_168_milestone4,milestone4,1787424306.256346226,FOLLOW,1,1,1,1,0,0,13,6,0,0,0.000000,0.000000,2.599773,2.599773
tracking_cdrone3_20260822_114411_168_milestone4,milestone4,1787424306.356319427,FOLLOW,1,1,1,1,0,0,13,6,0,0,0.000000,0.000000,2.599773,2.599773
tracking_cdrone3_20260822_114411_168_milestone4,milestone4,1787424306.456454515,FOLLOW,1,1,1,1,0,0,13,6,0,0,0.000000,0.000000,2.599773,2.599773
tracking_cdrone3_20260822_114411_168_milestone4,milestone4,1787424306.555967093,FOLLOW,1,1,1,1,0,0,13,6,0,0,0.000000,0.000000,2.599773,2.599773
tracking_cdrone3_20260822_114411_168_milestone4,milestone4,1787424306.656156778,FOLLOW,1,1,1,1,0,0,13,6,0,0,0.000000,0.000000,2.599773,2.599773
tracking_cdrone3_20260822_114411_168_milestone4,milestone4,1787424306.756145716,FOLLOW,1,1,1,1,0,0,13,6,0,0,0.000000,0.000000,2.599773,2.599773
tracking_cdrone3_20260822_114411_168_milestone4,milestone4,1787424306.856001139,FOLLOW,1,1,1,1,0,0,13,6,0,0,0.000000,0.000000,2.599773,2.599773
tracking_cdrone3_20260822_114411_168_milestone4,milestone4,1787424306.956186771,FOLLOW,1,1,1,1,0,0,13,6,0,0,0.000000,0.000000,2.599773,2.599773
tracking_cdrone3_20260822_114411_168_milestone4,milestone4,1787424307.056060791,FOLLOW,1,1,1,1,0,0,13,6,0,0,0.000000,0.000000,2.599773,2.599773
tracking_cdrone3_20260822_114411_168_milestone4,milestone4,1787424307.156133413,FOLLOW,1,1,1,1,0,0,13,6,0,0,0.000000,0.000000,2.599773,2.599773
tracking_cdrone3_20260822_114411_168_milestone4,milestone4,1787424307.256232977,FOLLOW,1,1,1,1,0,0,13,6,0,0,0.000000,0.000000,2.599773,2.599773
tracking_cdrone3_20260822_114411_168_milestone4,milestone4,1787424307.356205463,FOLLOW,1,1,1,1,0,0,13,6,0,0,0.000000,0.000000,2.599773,2.599773
tracking_cdrone3_20260822_114411_168_milestone4,milestone4,1787424307.456097603,FOLLOW,1,1,1,1,0,0,13,6,0,0,0.000000,0.000000,2.599773,2.599773
tracking_cdrone3_20260822_114411_168_milestone4,milestone4,1787424307.556382418,FOLLOW,1,1,1,1,0,0,13,6,0,0,0.000000,0.000000,2.599773,2.599773
tracking_cdrone3_20260822_114411_168_milestone4,milestone4,1787424307.656068325,FOLLOW,1,1,1,1,0,0,13,6,0,0,0.000000,0.000000,2.599773,2.599773
tracking_cdrone3_20260822_114411_168_milestone4,milestone4,1787424307.757297993,FOLLOW,1,1,1,1,0,0,13,6,0,0,0.000000,0.000000,2.599773,2.599773
tracking_cdrone3_20260822_114411_168_milestone4,milestone4,1787424307.856250525,FOLLOW,1,1,1,1,0,0,13,6,0,0,0.000000,0.000000,2.599773,2.599773
tracking_cdrone3_20260822_114411_168_milestone4,milestone4,1787424307.956241846,FOLLOW,1,1,1,1,0,0,13,6,0,0,0.000000,0.000000,2.599773,2.599773
tracking_cdrone3_20260822_114411_168_milestone4,milestone4,1787424308.056018829,FOLLOW,1,1,1,1,0,0,13,6,0,0,0.000000,0.000000,2.599773,2.599773
tracking_cdrone3_20260822_114411_168_milestone4,milestone4,1787424308.156279564,FOLLOW,1,1,1,1,0,0,13,6,0,0,0.000000,0.000000,2.599773,2.599773
tracking_cdrone3_20260822_114411_168_milestone4,milestone4,1787424308.256489277,FOLLOW,1,1,1,1,0,0,13,6,0,0,0.000000,0.000000,2.599773,2.599773
tracking_cdrone3_20260822_114411_168_milestone4,milestone4,1787424308.356218576,FOLLOW,1,1,1,1,0,0,13,6,0,0,0.000000,0.000000,2.599773,2.599773
tracking_cdrone3_20260822_114411_168_milestone4,milestone4,1787424308.455999851,FOLLOW,1,1,1,1,0,0,13,6,0,0,0.000000,0.000000,2.599773,2.599773
tracking_cdrone3_20260822_114411_168_milestone4,milestone4,1787424308.555995941,FOLLOW,1,1,1,1,0,0,13,6,0,0,0.000000,0.000000,2.599773,2.599773
tracking_cdrone3_20260822_114411_168_milestone4,milestone4,1787424308.656178474,FOLLOW,1,1,1,1,0,0,13,6,0,0,0.000000,0.000000,2.599773,2.599773
tracking_cdrone3_20260822_114411_168_milestone4,milestone4,1787424308.762465715,FOLLOW,1,1,1,1,0,0,13,6,0,0,0.000000,0.000000,2.599773,2.599773
tracking_cdrone3_20260822_114411_168_milestone4,milestone4,1787424308.856168509,FOLLOW,1,1,1,1,0,0,13,6,0,0,0.000000,0.000000,2.599773,2.599773
tracking_cdrone3_20260822_114411_168_milestone4,milestone4,1787424308.956027985,FOLLOW,1,1,1,1,0,0,13,6,0,0,0.000000,0.000000,2.599773,2.599773
tracking_cdrone3_20260822_114411_168_milestone4,milestone4,1787424309.056079865,FOLLOW,1,1,1,1,1,1,13,6,0,0,0.000000,0.000000,2.599773,2.599773
tracking_cdrone3_20260822_114411_168_milestone4,milestone4,1787424309.156227589,FOLLOW,1,1,1,1,0,0,13,6,0,0,0.000000,0.000000,2.599773,2.599773
tracking_cdrone3_20260822_114411_168_milestone4,milestone4,1787424309.256200790,FOLLOW,1,1,1,1,0,0,13,6,0,0,0.000000,0.000000,2.599773,2.599773
tracking_cdrone3_20260822_114411_168_milestone4,milestone4,1787424309.356284618,FOLLOW,1,1,1,1,0,0,13,6,0,0,0.000000,0.000000,2.599773,2.599773
tracking_cdrone3_20260822_114411_168_milestone4,milestone4,1787424309.456239939,FOLLOW,1,1,1,1,0,0,13,6,0,0,0.000000,0.000000,2.599773,2.599773
tracking_cdrone3_20260822_114411_168_milestone4,milestone4,1787424309.556567192,FOLLOW,1,1,1,1,0,0,13,6,0,0,0.000000,0.000000,2.599773,2.599773
tracking_cdrone3_20260822_114411_168_milestone4,milestone4,1787424309.656258821,FOLLOW,1,1,1,1,0,0,13,6,0,0,0.000000,0.000000,2.599773,2.599773
tracking_cdrone3_20260822_114411_168_milestone4,milestone4,1787424309.756134987,FOLLOW,1,1,1,1,0,0,13,6,0,0,0.000000,0.000000,2.599773,2.599773
tracking_cdrone3_20260822_114411_168_milestone4,milestone4,1787424309.856225491,FOLLOW,2,1,1,1,1,1,14,6,0,0,0.000000,0.000000,2.599773,2.599773
tracking_cdrone3_20260822_114411_168_milestone4,milestone4,1787424309.956217527,FOLLOW,2,2,1,1,0,0,14,7,0,0,0.000000,0.000000,2.599773,2.599773
tracking_cdrone3_20260822_114411_168_milestone4,milestone4,1787424310.056270123,FOLLOW,2,2,1,1,0,0,14,7,0,0,0.000000,0.000000,2.599773,2.599773
tracking_cdrone3_20260822_114411_168_milestone4,milestone4,1787424310.156033993,FOLLOW,2,2,1,1,2,1,14,7,0,0,0.000000,0.000000,2.599773,2.599773
tracking_cdrone3_20260822_114411_168_milestone4,milestone4,1787424310.256021976,FOLLOW,2,2,1,1,0,0,14,7,0,0,0.000000,0.000000,2.599773,2.599773
tracking_cdrone3_20260822_114411_168_milestone4,milestone4,1787424310.355916977,FOLLOW,2,2,1,1,0,0,14,7,0,0,0.000000,0.000000,2.599773,2.599773
tracking_cdrone3_20260822_114411_168_milestone4,milestone4,1787424310.455861807,FOLLOW,2,2,1,1,2,1,14,7,0,0,0.000000,0.000000,2.599773,2.599773
tracking_cdrone3_20260822_114411_168_milestone4,milestone4,1787424310.556203365,FOLLOW,2,2,1,1,0,0,14,7,0,0,0.000000,0.000000,2.599773,2.599773
tracking_cdrone3_20260822_114411_168_milestone4,milestone4,1787424310.656296015,FOLLOW,2,2,1,1,0,0,14,7,0,0,0.000000,0.000000,2.599773,2.599773
tracking_cdrone3_20260822_114411_168_milestone4,milestone4,1787424310.756187677,FOLLOW,1,2,1,1,1,1,13,6,0,0,0.000000,0.000000,2.599773,2.599773
tracking_cdrone3_20260822_114411_168_milestone4,milestone4,1787424310.856015682,FOLLOW,1,2,1,1,1,1,13,6,0,0,0.000000,0.000000,2.599773,2.599773
tracking_cdrone3_20260822_114411_168_milestone4,milestone4,1787424310.956219196,FOLLOW,1,2,1,1,1,1,13,6,0,0,0.000000,0.000000,2.599773,2.599773
tracking_cdrone3_20260822_114411_168_milestone4,milestone4,1787424311.056292057,FOLLOW,1,2,1,1,1,1,13,6,0,0,0.000000,0.000000,2.599773,2.599773
tracking_cdrone3_20260822_114411_168_milestone4,milestone4,1787424311.156451702,FOLLOW,1,2,1,1,1,1,13,6,0,0,0.000000,0.000000,2.599773,2.599773
tracking_cdrone3_20260822_114411_168_milestone4,milestone4,1787424311.256340981,FOLLOW,1,2,1,1,1,1,13,6,0,0,0.000000,0.000000,2.599773,2.599773
tracking_cdrone3_20260822_114411_168_milestone4,milestone4,1787424311.356007099,FOLLOW,1,2,1,1,1,1,13,6,0,0,0.000000,0.000000,2.599773,2.599773
tracking_cdrone3_20260822_114411_168_milestone4,milestone4,1787424311.455951452,FOLLOW,1,2,1,1,1,1,13,6,0,0,0.000000,0.000000,2.599773,2.599773
tracking_cdrone3_20260822_114411_168_milestone4,milestone4,1787424311.556213140,FOLLOW,1,2,1,1,2,1,13,6,0,0,0.000000,0.000000,2.599773,2.599773
tracking_cdrone3_20260822_114411_168_milestone4,milestone4,1787424311.655962229,FOLLOW,1,2,1,1,1,1,13,6,0,0,0.000000,0.000000,2.599773,2.599773
tracking_cdrone3_20260822_114411_168_milestone4,milestone4,1787424311.757434130,FOLLOW,1,2,1,1,1,1,13,6,0,0,0.000000,0.000000,2.599773,2.599773
tracking_cdrone3_20260822_114411_168_milestone4,milestone4,1787424311.856245995,FOLLOW,0,2,0,1,2,1,,6,1,1,0.000000,0.000000,2.599773,2.599773
tracking_cdrone3_20260822_114411_168_milestone4,milestone4,1787424311.956274509,FOLLOW,0,2,0,1,2,1,,6,1,1,0.100029,0.100029,2.599773,2.599773
tracking_cdrone3_20260822_114411_168_milestone4,milestone4,1787424312.056084633,FOLLOW,0,2,0,1,2,1,,6,1,1,0.199839,0.199839,2.599773,2.599773
tracking_cdrone3_20260822_114411_168_milestone4,milestone4,1787424312.156210661,FOLLOW,0,2,0,1,2,1,,6,1,1,0.299965,0.299965,2.599773,2.599773
tracking_cdrone3_20260822_114411_168_milestone4,milestone4,1787424312.256181479,FOLLOW,0,2,0,1,2,1,,6,1,1,0.399935,0.399935,2.599773,2.599773
tracking_cdrone3_20260822_114411_168_milestone4,milestone4,1787424312.356239319,FOLLOW,0,2,0,1,2,1,,6,1,1,0.499993,0.499993,2.599773,2.599773
tracking_cdrone3_20260822_114411_168_milestone4,milestone4,1787424312.456161737,FOLLOW,0,2,0,1,2,1,,6,1,1,0.599916,0.599916,2.599773,2.599773
tracking_cdrone3_20260822_114411_168_milestone4,milestone4,1787424312.556366444,FOLLOW,0,2,0,1,2,1,,6,1,1,0.700120,0.700120,2.599773,2.599773
tracking_cdrone3_20260822_114411_168_milestone4,milestone4,1787424312.655949831,FOLLOW,0,2,0,1,2,1,,6,1,1,0.799704,0.799704,2.599773,2.599773
tracking_cdrone3_20260822_114411_168_milestone4,milestone4,1787424312.756214619,SEARCH,0,2,0,1,2,1,,6,1,1,0.899969,0.899969,2.599773,2.599773
tracking_cdrone3_20260822_114411_168_milestone4,milestone4,1787424312.855932713,SEARCH,0,2,0,1,2,1,,6,1,1,0.999687,0.999687,2.599773,2.599773
tracking_cdrone3_20260822_114411_168_milestone4,milestone4,1787424312.957540512,SEARCH,0,2,0,1,2,1,,6,1,1,1.101295,1.101295,2.599773,2.599773
tracking_cdrone3_20260822_114411_168_milestone4,milestone4,1787424313.056184530,SEARCH,0,2,0,1,2,1,,6,1,1,1.199939,1.199939,2.599773,2.599773
tracking_cdrone3_20260822_114411_168_milestone4,milestone4,1787424313.156269312,SEARCH,0,2,0,1,2,1,,6,1,1,1.300023,1.300023,2.599773,2.599773
tracking_cdrone3_20260822_114411_168_milestone4,milestone4,1787424313.255978346,SEARCH,0,2,0,1,2,1,,6,1,1,1.399732,1.399732,2.599773,2.599773
tracking_cdrone3_20260822_114411_168_milestone4,milestone4,1787424313.356467485,SEARCH,0,2,0,1,2,1,,6,1,1,1.500221,1.500221,2.599773,2.599773
tracking_cdrone3_20260822_114411_168_milestone4,milestone4,1787424313.456386328,SEARCH,0,2,0,1,2,1,,6,1,1,1.600140,1.600140,2.599773,2.599773
tracking_cdrone3_20260822_114411_168_milestone4,milestone4,1787424313.556399584,SEARCH,0,2,0,1,2,1,,6,1,1,1.700154,1.700154,2.599773,2.599773
tracking_cdrone3_20260822_114411_168_milestone4,milestone4,1787424313.655967951,SEARCH,0,2,0,1,2,1,,6,1,1,1.799722,1.799722,2.599773,2.599773
tracking_cdrone3_20260822_114411_168_milestone4,milestone4,1787424313.756580830,SEARCH,0,2,0,1,2,1,,6,1,1,1.900335,1.900335,2.599773,2.599773
tracking_cdrone3_20260822_114411_168_milestone4,milestone4,1787424313.855899334,SEARCH,0,2,0,1,2,1,,6,1,1,1.999653,1.999653,2.599773,2.599773
tracking_cdrone3_20260822_114411_168_milestone4,milestone4,1787424313.956273317,SEARCH,0,2,0,1,2,1,,6,1,1,2.100027,2.100027,2.599773,2.599773
tracking_cdrone3_20260822_114411_168_milestone4,milestone4,1787424314.057215214,SEARCH,0,2,0,1,2,1,,6,1,1,2.200969,2.200969,2.599773,2.599773
tracking_cdrone3_20260822_114411_168_milestone4,milestone4,1787424314.156051397,SEARCH,0,2,0,1,2,1,,6,1,1,2.299805,2.299805,2.599773,2.599773
tracking_cdrone3_20260822_114411_168_milestone4,milestone4,1787424314.256280422,SEARCH,0,2,0,1,2,1,,6,1,1,2.400034,2.400034,2.599773,2.599773
tracking_cdrone3_20260822_114411_168_milestone4,milestone4,1787424314.356413841,SEARCH,0,2,0,1,2,1,,6,1,1,2.500168,2.500168,2.599773,2.599773
tracking_cdrone3_20260822_114411_168_milestone4,milestone4,1787424314.456318140,SEARCH,0,2,0,1,2,1,,6,1,1,2.600072,2.600072,2.600072,2.600072
tracking_cdrone3_20260822_114411_168_milestone4,milestone4,1787424314.555995703,SEARCH,0,2,0,1,2,1,,6,1,1,2.699750,2.699750,2.699750,2.699750
tracking_cdrone3_20260822_114411_168_milestone4,milestone4,1787424314.656304359,SEARCH,0,2,0,1,2,1,,6,1,1,2.800058,2.800058,2.800058,2.800058
tracking_cdrone3_20260822_114411_168_milestone4,milestone4,1787424314.756077766,SEARCH,0,2,0,1,2,1,,6,1,1,2.899832,2.899832,2.899832,2.899832
tracking_cdrone3_20260822_114411_168_milestone4,milestone4,1787424314.856293678,SEARCH,0,2,0,1,2,1,,6,1,1,3.000048,3.000048,3.000048,3.000048
tracking_cdrone3_20260822_114411_168_milestone4,milestone4,1787424314.955904961,SEARCH,0,2,0,1,2,1,,6,1,1,3.099659,3.099659,3.099659,3.099659
tracking_cdrone3_20260822_114411_168_milestone4,milestone4,1787424315.056104183,SEARCH,0,2,0,1,2,1,,6,1,1,3.199858,3.199858,3.199858,3.199858
tracking_cdrone3_20260822_114411_168_milestone4,milestone4,1787424315.157120705,SEARCH,0,2,0,1,2,1,,6,1,1,3.300875,3.300875,3.300875,3.300875
tracking_cdrone3_20260822_114411_168_milestone4,milestone4,1787424315.256097078,SEARCH,0,2,0,1,2,1,,6,1,1,3.399851,3.399851,3.399851,3.399851
tracking_cdrone3_20260822_114411_168_milestone4,milestone4,1787424315.356257439,SEARCH,0,2,0,1,2,1,,6,1,1,3.500011,3.500011,3.500011,3.500011
tracking_cdrone3_20260822_114411_168_milestone4,milestone4,1787424315.456221104,SEARCH,0,2,0,1,2,1,,6,1,1,3.599975,3.599975,3.599975,3.599975
tracking_cdrone3_20260822_114411_168_milestone4,milestone4,1787424315.556154251,SEARCH,0,1,0,1,1,1,,6,1,1,3.699908,3.699908,3.699908,3.699908
tracking_cdrone3_20260822_114411_168_milestone4,milestone4,1787424315.656120062,SEARCH,0,1,0,1,1,1,,6,1,1,3.799874,3.799874,3.799874,3.799874
tracking_cdrone3_20260822_114411_168_milestone4,milestone4,1787424315.756238222,SEARCH,0,1,0,1,1,1,,6,1,1,3.899992,3.899992,3.899992,3.899992
tracking_cdrone3_20260822_114411_168_milestone4,milestone4,1787424315.856295347,SEARCH,0,1,0,1,1,1,,6,1,1,4.000049,4.000049,4.000049,4.000049
tracking_cdrone3_20260822_114411_168_milestone4,milestone4,1787424315.955859661,SEARCH,0,1,0,1,1,1,,6,1,1,4.099614,4.099614,4.099614,4.099614
tracking_cdrone3_20260822_114411_168_milestone4,milestone4,1787424316.056283236,SEARCH,0,1,0,1,1,1,,6,1,1,4.200037,4.200037,4.200037,4.200037
tracking_cdrone3_20260822_114411_168_milestone4,milestone4,1787424316.155924082,SEARCH,0,1,0,1,1,1,,6,1,1,4.299678,4.299678,4.299678,4.299678
tracking_cdrone3_20260822_114411_168_milestone4,milestone4,1787424316.256024361,SEARCH,0,1,0,1,1,1,,6,1,1,4.399778,4.399778,4.399778,4.399778
tracking_cdrone3_20260822_114411_168_milestone4,milestone4,1787424316.356263638,SEARCH,0,1,0,1,1,1,,6,1,1,4.500018,4.500018,4.500018,4.500018
tracking_cdrone3_20260822_114411_168_milestone4,milestone4,1787424316.456226349,SEARCH,0,1,0,1,1,1,,6,1,1,4.599980,4.599980,4.599980,4.599980
tracking_cdrone3_20260822_114411_168_milestone4,milestone4,1787424316.556264639,SEARCH,0,1,0,1,1,1,,6,1,1,4.700019,4.700019,4.700019,4.700019
tracking_cdrone3_20260822_114411_168_milestone4,milestone4,1787424316.656200171,SEARCH,0,0,0,0,0,0,,,1,0,4.799954,0.000000,4.799954,4.700019
tracking_cdrone3_20260822_114411_168_milestone4,milestone4,1787424316.756317377,SEARCH,0,0,0,0,0,0,,,1,0,4.900071,0.000000,4.900071,4.700019
tracking_cdrone3_20260822_114411_168_milestone4,milestone4,1787424316.856224537,SEARCH,0,0,0,0,0,0,,,1,0,4.999979,0.000000,4.999979,4.700019
tracking_cdrone3_20260822_114411_168_milestone4,milestone4,1787424316.956042767,SEARCH,0,0,0,0,0,0,,,1,0,5.099797,0.000000,5.099797,4.700019
tracking_cdrone3_20260822_114411_168_milestone4,milestone4,1787424317.055919886,SEARCH,0,0,0,0,0,0,,,1,0,5.199674,0.000000,5.199674,4.700019
tracking_cdrone3_20260822_114411_168_milestone4,milestone4,1787424317.156226397,SEARCH,0,0,0,0,0,0,,,1,0,5.299980,0.000000,5.299980,4.700019
tracking_cdrone3_20260822_114411_168_milestone4,milestone4,1787424317.256347895,SEARCH,0,0,0,0,0,0,,,1,0,5.400102,0.000000,5.400102,4.700019
tracking_cdrone3_20260822_114411_168_milestone4,milestone4,1787424317.356085300,SEARCH,0,0,0,0,0,0,,,1,0,5.499839,0.000000,5.499839,4.700019
tracking_cdrone3_20260822_114411_168_milestone4,milestone4,1787424317.455970526,SEARCH,0,0,0,0,0,0,,,1,0,5.599725,0.000000,5.599725,4.700019
tracking_cdrone3_20260822_114411_168_milestone4,milestone4,1787424317.556194782,SEARCH,0,0,0,0,0,0,,,1,0,5.699949,0.000000,5.699949,4.700019
tracking_cdrone3_20260822_114411_168_milestone4,milestone4,1787424317.655923605,SEARCH,0,0,0,0,0,0,,,1,0,5.799678,0.000000,5.799678,4.700019
tracking_cdrone3_20260822_114411_168_milestone4,milestone4,1787424317.756700277,SEARCH,0,0,0,0,0,0,,,1,0,5.900454,0.000000,5.900454,4.700019
tracking_cdrone3_20260822_114411_168_milestone4,milestone4,1787424317.856066227,SEARCH,0,0,0,0,0,0,,,1,0,5.999820,0.000000,5.999820,4.700019
tracking_cdrone3_20260822_114411_168_milestone4,milestone4,1787424317.956271172,SEARCH,0,0,0,0,0,0,,,1,0,6.100025,0.000000,6.100025,4.700019
tracking_cdrone3_20260822_114411_168_milestone4,milestone4,1787424318.056225061,SEARCH,0,0,0,0,0,0,,,1,0,6.199979,0.000000,6.199979,4.700019
tracking_cdrone3_20260822_114411_168_milestone4,milestone4,1787424318.156295061,SEARCH,0,0,0,0,0,0,,,1,0,6.300049,0.000000,6.300049,4.700019
tracking_cdrone3_20260822_114411_168_milestone4,milestone4,1787424318.255974293,SEARCH,0,0,0,0,0,0,,,1,0,6.399728,0.000000,6.399728,4.700019
tracking_cdrone3_20260822_114411_168_milestone4,milestone4,1787424318.356191635,SEARCH,0,0,0,0,0,0,,,1,0,6.499946,0.000000,6.499946,4.700019
tracking_cdrone3_20260822_114411_168_milestone4,milestone4,1787424318.455969810,SEARCH,0,0,0,0,0,0,,,1,0,6.599724,0.000000,6.599724,4.700019
tracking_cdrone3_20260822_114411_168_milestone4,milestone4,1787424318.556197882,SEARCH,0,0,0,0,0,0,,,1,0,6.699952,0.000000,6.699952,4.700019
tracking_cdrone3_20260822_114411_168_milestone4,milestone4,1787424318.656100035,SEARCH,0,0,0,0,0,0,,,1,0,6.799854,0.000000,6.799854,4.700019
tracking_cdrone3_20260822_114411_168_milestone4,milestone4,1787424318.756017685,SEARCH,0,0,0,0,0,0,,,1,0,6.899772,0.000000,6.899772,4.700019
tracking_cdrone3_20260822_114411_168_milestone4,milestone4,1787424318.856201649,SEARCH,0,0,0,0,0,0,,,1,0,6.999956,0.000000,6.999956,4.700019
tracking_cdrone3_20260822_114411_168_milestone4,milestone4,1787424318.956239462,SEARCH,0,0,0,0,0,0,,,1,0,7.099993,0.000000,7.099993,4.700019
tracking_cdrone3_20260822_114411_168_milestone4,milestone4,1787424319.056021214,SEARCH,0,0,0,0,0,0,,,1,0,7.199775,0.000000,7.199775,4.700019
tracking_cdrone3_20260822_114411_168_milestone4,milestone4,1787424319.156193972,SEARCH,0,0,0,0,0,0,,,1,0,7.299948,0.000000,7.299948,4.700019
tracking_cdrone3_20260822_114411_168_milestone4,milestone4,1787424319.256337881,SEARCH,0,0,0,0,0,0,,,1,0,7.400092,0.000000,7.400092,4.700019
tracking_cdrone3_20260822_114411_168_milestone4,milestone4,1787424319.356235981,SEARCH,0,0,0,0,0,0,,,1,0,7.499990,0.000000,7.499990,4.700019
tracking_cdrone3_20260822_114411_168_milestone4,milestone4,1787424319.456083775,SEARCH,0,0,0,0,0,0,,,1,0,7.599838,0.000000,7.599838,4.700019
tracking_cdrone3_20260822_114411_168_milestone4,milestone4,1787424319.556088686,SEARCH,0,0,0,0,0,0,,,1,0,7.699843,0.000000,7.699843,4.700019
tracking_cdrone3_20260822_114411_168_milestone4,milestone4,1787424319.655962467,SEARCH,0,0,0,0,0,0,,,1,0,7.799716,0.000000,7.799716,4.700019
tracking_cdrone3_20260822_114411_168_milestone4,milestone4,1787424319.756342411,SEARCH,0,0,0,0,0,0,,,1,0,7.900096,0.000000,7.900096,4.700019
tracking_cdrone3_20260822_114411_168_milestone4,milestone4,1787424319.855952024,SEARCH,0,0,0,0,0,0,,,1,0,7.999706,0.000000,7.999706,4.700019
tracking_cdrone3_20260822_114411_168_milestone4,milestone4,1787424319.956073761,SEARCH,0,0,0,0,0,0,,,1,0,8.099828,0.000000,8.099828,4.700019
tracking_cdrone3_20260822_114411_168_milestone4,milestone4,1787424320.056198835,SEARCH,0,0,0,0,0,0,,,1,0,8.199953,0.000000,8.199953,4.700019
tracking_cdrone3_20260822_114411_168_milestone4,milestone4,1787424320.156224966,SEARCH,0,0,0,0,0,0,,,1,0,8.299979,0.000000,8.299979,4.700019
tracking_cdrone3_20260822_114411_168_milestone4,milestone4,1787424320.255990505,SEARCH,0,0,0,0,0,0,,,1,0,8.399745,0.000000,8.399745,4.700019
tracking_cdrone3_20260822_114411_168_milestone4,milestone4,1787424320.356095552,SEARCH,0,0,0,0,0,0,,,1,0,8.499850,0.000000,8.499850,4.700019
tracking_cdrone3_20260822_114411_168_milestone4,milestone4,1787424320.456996202,SEARCH,0,0,0,0,0,0,,,1,0,8.600750,0.000000,8.600750,4.700019
tracking_cdrone3_20260822_114411_168_milestone4,milestone4,1787424320.556220531,SEARCH,0,0,0,0,0,0,,,1,0,8.699975,0.000000,8.699975,4.700019
tracking_cdrone3_20260822_114411_168_milestone4,milestone4,1787424320.656077862,SEARCH,0,0,0,0,0,0,,,1,0,8.799832,0.000000,8.799832,4.700019
tracking_cdrone3_20260822_114411_168_milestone4,milestone4,1787424320.756072760,SEARCH,0,0,0,0,0,0,,,1,0,8.899827,0.000000,8.899827,4.700019
tracking_cdrone3_20260822_114411_168_milestone4,milestone4,1787424320.856482267,SEARCH,0,0,0,0,0,0,,,1,0,9.000236,0.000000,9.000236,4.700019
tracking_cdrone3_20260822_114411_168_milestone4,milestone4,1787424320.955987453,SEARCH,0,0,0,0,0,0,,,1,0,9.099741,0.000000,9.099741,4.700019
tracking_cdrone3_20260822_114411_168_milestone4,milestone4,1787424321.056080103,SEARCH,0,0,0,0,0,0,,,1,0,9.199834,0.000000,9.199834,4.700019
tracking_cdrone3_20260822_114411_168_milestone4,milestone4,1787424321.156078815,SEARCH,0,0,0,0,0,0,,,1,0,9.299833,0.000000,9.299833,4.700019
tracking_cdrone3_20260822_114411_168_milestone4,milestone4,1787424321.256133080,SEARCH,0,0,0,0,0,0,,,1,0,9.399887,0.000000,9.399887,4.700019
tracking_cdrone3_20260822_114411_168_milestone4,milestone4,1787424321.356364489,SEARCH,0,0,0,0,0,0,,,1,0,9.500118,0.000000,9.500118,4.700019
tracking_cdrone3_20260822_114411_168_milestone4,milestone4,1787424321.456209421,SEARCH,0,0,0,0,0,0,,,1,0,9.599963,0.000000,9.599963,4.700019
tracking_cdrone3_20260822_114411_168_milestone4,milestone4,1787424321.556039095,SEARCH,0,0,0,0,0,0,,,1,0,9.699793,0.000000,9.699793,4.700019
tracking_cdrone3_20260822_114411_168_milestone4,milestone4,1787424321.656429529,SEARCH,0,0,0,0,0,0,,,1,0,9.800184,0.000000,9.800184,4.700019
tracking_cdrone3_20260822_114411_168_milestone4,milestone4,1787424321.757248878,SEARCH,0,0,0,0,0,0,,,1,0,9.901003,0.000000,9.901003,4.700019
tracking_cdrone3_20260822_114411_168_milestone4,milestone4,1787424321.856970072,SEARCH,0,0,0,0,0,0,,,1,0,10.000724,0.000000,10.000724,4.700019
tracking_cdrone3_20260822_114411_168_milestone4,milestone4,1787424321.955960035,SEARCH,0,0,0,0,0,0,,,1,0,10.099714,0.000000,10.099714,4.700019
tracking_cdrone3_20260822_114411_168_milestone4,milestone4,1787424322.055868626,SEARCH,0,0,0,0,0,0,,,1,0,10.199623,0.000000,10.199623,4.700019
tracking_cdrone3_20260822_114411_168_milestone4,milestone4,1787424322.155898809,SEARCH,0,0,0,0,0,0,,,1,0,10.299653,0.000000,10.299653,4.700019
tracking_cdrone3_20260822_114411_168_milestone4,milestone4,1787424322.256364107,SEARCH,0,0,0,0,0,0,,,1,0,10.400118,0.000000,10.400118,4.700019
tracking_cdrone3_20260822_114411_168_milestone4,milestone4,1787424322.356074095,SEARCH,0,0,0,0,0,0,,,1,0,10.499828,0.000000,10.499828,4.700019
tracking_cdrone3_20260822_114411_168_milestone4,milestone4,1787424322.457220793,SEARCH,0,0,0,0,0,0,,,1,0,10.600975,0.000000,10.600975,4.700019
tracking_cdrone3_20260822_114411_168_milestone4,milestone4,1787424322.556291819,SEARCH,0,0,0,0,0,0,,,1,0,10.700046,0.000000,10.700046,4.700019
tracking_cdrone3_20260822_114411_168_milestone4,milestone4,1787424322.656197071,SEARCH,0,0,0,0,0,0,,,1,0,10.799951,0.000000,10.799951,4.700019
tracking_cdrone3_20260822_114411_168_milestone4,milestone4,1787424322.758361816,SEARCH,0,0,0,0,0,0,,,1,0,10.902116,0.000000,10.902116,4.700019
tracking_cdrone3_20260822_114411_168_milestone4,milestone4,1787424322.856000662,SEARCH,0,0,0,0,0,0,,,1,0,10.999755,0.000000,10.999755,4.700019
tracking_cdrone3_20260822_114411_168_milestone4,milestone4,1787424322.956089497,SEARCH,0,0,0,0,0,0,,,1,0,11.099844,0.000000,11.099844,4.700019
tracking_cdrone3_20260822_114411_168_milestone4,milestone4,1787424323.056224108,SEARCH,0,0,0,0,0,0,,,1,0,11.199978,0.000000,11.199978,4.700019
tracking_cdrone3_20260822_114411_168_milestone4,milestone4,1787424323.156043053,SEARCH,0,0,0,0,0,0,,,1,0,11.299797,0.000000,11.299797,4.700019
tracking_cdrone3_20260822_114411_168_milestone4,milestone4,1787424323.255938292,SEARCH,0,0,0,0,0,0,,,1,0,11.399692,0.000000,11.399692,4.700019
tracking_cdrone3_20260822_114411_168_milestone4,milestone4,1787424323.356021166,SEARCH,0,0,0,0,0,0,,,1,0,11.499775,0.000000,11.499775,4.700019
tracking_cdrone3_20260822_114411_168_milestone4,milestone4,1787424323.456230879,SEARCH,0,0,0,0,0,0,,,1,0,11.599985,0.000000,11.599985,4.700019
tracking_cdrone3_20260822_114411_168_milestone4,milestone4,1787424323.557744503,SEARCH,0,0,0,0,0,0,,,1,0,11.701499,0.000000,11.701499,4.700019
tracking_cdrone3_20260822_114411_168_milestone4,milestone4,1787424323.656183720,SEARCH,0,0,0,0,0,0,,,1,0,11.799938,0.000000,11.799938,4.700019
tracking_cdrone3_20260822_114411_168_milestone4,milestone4,1787424323.756366253,SEARCH,0,0,0,0,0,0,,,1,0,11.900120,0.000000,11.900120,4.700019
tracking_cdrone3_20260822_114411_168_milestone4,milestone4,1787424323.856266499,SEARCH,0,0,0,0,0,0,,,1,0,12.000021,0.000000,12.000021,4.700019
tracking_cdrone3_20260822_114411_168_milestone4,milestone4,1787424323.955988407,SEARCH,0,0,0,0,0,0,,,1,0,12.099742,0.000000,12.099742,4.700019
tracking_cdrone3_20260822_114411_168_milestone4,milestone4,1787424324.058192015,SEARCH,0,0,0,0,0,0,,,1,0,12.201946,0.000000,12.201946,4.700019
tracking_cdrone3_20260822_114411_168_milestone4,milestone4,1787424324.155956268,SEARCH,0,0,0,0,0,0,,,1,0,12.299710,0.000000,12.299710,4.700019
tracking_cdrone3_20260822_114411_168_milestone4,milestone4,1787424324.256120205,SEARCH,0,0,0,0,0,0,,,1,0,12.399874,0.000000,12.399874,4.700019
tracking_cdrone3_20260822_114411_168_milestone4,milestone4,1787424324.356366396,SEARCH,0,0,0,0,0,0,,,1,0,12.500120,0.000000,12.500120,4.700019
tracking_cdrone3_20260822_114411_168_milestone4,milestone4,1787424324.456318617,SEARCH,0,0,0,0,0,0,,,1,0,12.600073,0.000000,12.600073,4.700019
tracking_cdrone3_20260822_114411_168_milestone4,milestone4,1787424324.556480169,SEARCH,0,0,0,0,0,0,,,1,0,12.700234,0.000000,12.700234,4.700019
tracking_cdrone3_20260822_114411_168_milestone4,milestone4,1787424324.656229734,SEARCH,0,0,0,0,0,0,,,1,0,12.799984,0.000000,12.799984,4.700019
tracking_cdrone3_20260822_114411_168_milestone4,milestone4,1787424324.756257296,SEARCH,0,0,0,0,0,0,,,1,0,12.900011,0.000000,12.900011,4.700019
tracking_cdrone3_20260822_114411_168_milestone4,milestone4,1787424324.856459618,SEARCH,0,0,0,0,0,0,,,1,0,13.000214,0.000000,13.000214,4.700019
tracking_cdrone3_20260822_114411_168_milestone4,milestone4,1787424324.955997705,SEARCH,0,0,0,0,0,0,,,1,0,13.099752,0.000000,13.099752,4.700019
tracking_cdrone3_20260822_114411_168_milestone4,milestone4,1787424325.056236029,SEARCH,0,0,0,0,0,0,,,1,0,13.199990,0.000000,13.199990,4.700019
tracking_cdrone3_20260822_114411_168_milestone4,milestone4,1787424325.155942917,SEARCH,0,0,0,0,0,0,,,1,0,13.299697,0.000000,13.299697,4.700019
tracking_cdrone3_20260822_114411_168_milestone4,milestone4,1787424325.256296158,SEARCH,0,0,0,0,0,0,,,1,0,13.400050,0.000000,13.400050,4.700019
tracking_cdrone3_20260822_114411_168_milestone4,milestone4,1787424325.355936766,SEARCH,0,0,0,0,0,0,,,1,0,13.499691,0.000000,13.499691,4.700019
tracking_cdrone3_20260822_114411_168_milestone4,milestone4,1787424325.456260204,SEARCH,0,0,0,0,0,0,,,1,0,13.600014,0.000000,13.600014,4.700019
tracking_cdrone3_20260822_114411_168_milestone4,milestone4,1787424325.556362391,SEARCH,0,0,0,0,0,0,,,1,0,13.700116,0.000000,13.700116,4.700019
tracking_cdrone3_20260822_114411_168_milestone4,milestone4,1787424325.656243801,SEARCH,0,0,0,0,0,0,,,1,0,13.799998,0.000000,13.799998,4.700019
tracking_cdrone3_20260822_114411_168_milestone4,milestone4,1787424325.756106853,SEARCH,0,0,0,0,0,0,,,1,0,13.899861,0.000000,13.899861,4.700019
tracking_cdrone3_20260822_114411_168_milestone4,milestone4,1787424325.856207371,SEARCH,0,0,0,0,0,0,,,1,0,13.999961,0.000000,13.999961,4.700019
tracking_cdrone3_20260822_114411_168_milestone4,milestone4,1787424325.956287861,SEARCH,0,0,0,0,0,0,,,1,0,14.100042,0.000000,14.100042,4.700019
tracking_cdrone3_20260822_114411_168_milestone4,milestone4,1787424326.056190968,SEARCH,0,0,0,0,0,0,,,1,0,14.199945,0.000000,14.199945,4.700019
tracking_cdrone3_20260822_114411_168_milestone4,milestone4,1787424326.155915260,SEARCH,0,0,0,0,0,0,,,1,0,14.299669,0.000000,14.299669,4.700019
tracking_cdrone3_20260822_114411_168_milestone4,milestone4,1787424326.256269217,SEARCH,0,0,0,0,0,0,,,1,0,14.400023,0.000000,14.400023,4.700019
tracking_cdrone3_20260822_114411_168_milestone4,milestone4,1787424326.355946302,SEARCH,0,0,0,0,0,0,,,1,0,14.499700,0.000000,14.499700,4.700019
tracking_cdrone3_20260822_114411_168_milestone4,milestone4,1787424326.456332207,SEARCH,0,0,0,0,0,0,,,1,0,14.600086,0.000000,14.600086,4.700019
tracking_cdrone3_20260822_114411_168_milestone4,milestone4,1787424326.556250811,SEARCH,0,0,0,0,0,0,,,1,0,14.700005,0.000000,14.700005,4.700019
tracking_cdrone3_20260822_114411_168_milestone4,milestone4,1787424326.660661221,SEARCH,0,0,0,0,0,0,,,1,0,14.804415,0.000000,14.804415,4.700019
tracking_cdrone3_20260822_114411_168_milestone4,milestone4,1787424326.756013632,SEARCH,0,0,0,0,0,0,,,1,0,14.899768,0.000000,14.899768,4.700019
tracking_cdrone3_20260822_114411_168_milestone4,milestone4,1787424326.856045723,SEARCH,0,0,0,0,0,0,,,1,0,14.999800,0.000000,14.999800,4.700019
tracking_cdrone3_20260822_114411_168_milestone4,milestone4,1787424326.956138611,SEARCH,0,0,0,0,0,0,,,1,0,15.099893,0.000000,15.099893,4.700019
tracking_cdrone3_20260822_114411_168_milestone4,milestone4,1787424327.056347609,SEARCH,0,0,0,0,0,0,,,1,0,15.200102,0.000000,15.200102,4.700019
tracking_cdrone3_20260822_114411_168_milestone4,milestone4,1787424327.156049728,SEARCH,0,0,0,0,0,0,,,1,0,15.299804,0.000000,15.299804,4.700019
tracking_cdrone3_20260822_114411_168_milestone4,milestone4,1787424327.256184578,SEARCH,0,0,0,0,0,0,,,1,0,15.399939,0.000000,15.399939,4.700019
tracking_cdrone3_20260822_114411_168_milestone4,milestone4,1787424327.355993271,SEARCH,0,0,0,0,0,0,,,1,0,15.499747,0.000000,15.499747,4.700019
tracking_cdrone3_20260822_114411_168_milestone4,milestone4,1787424327.456289291,SEARCH,0,0,0,0,0,0,,,1,0,15.600043,0.000000,15.600043,4.700019
tracking_cdrone3_20260822_114411_168_milestone4,milestone4,1787424327.555950880,SEARCH,0,0,0,0,0,0,,,1,0,15.699705,0.000000,15.699705,4.700019
tracking_cdrone3_20260822_114411_168_milestone4,milestone4,1787424327.656224012,SEARCH,0,0,0,0,0,0,,,1,0,15.799978,0.000000,15.799978,4.700019
tracking_cdrone3_20260822_114411_168_milestone4,milestone4,1787424327.756182671,SEARCH,0,0,0,0,0,0,,,1,0,15.899937,0.000000,15.899937,4.700019
tracking_cdrone3_20260822_114411_168_milestone4,milestone4,1787424327.856451988,SEARCH,0,0,0,0,0,0,,,1,0,16.000206,0.000000,16.000206,4.700019
tracking_cdrone3_20260822_114411_168_milestone4,milestone4,1787424327.956184864,SEARCH,0,0,0,0,0,0,,,1,0,16.099939,0.000000,16.099939,4.700019
tracking_cdrone3_20260822_114411_168_milestone4,milestone4,1787424328.056267500,SEARCH,0,0,0,0,0,0,,,1,0,16.200022,0.000000,16.200022,4.700019
tracking_cdrone3_20260822_114411_168_milestone4,milestone4,1787424328.156166315,SEARCH,0,0,0,0,0,0,,,1,0,16.299920,0.000000,16.299920,4.700019
tracking_cdrone3_20260822_114411_168_milestone4,milestone4,1787424328.256548882,SEARCH,0,0,0,0,0,0,,,1,0,16.400303,0.000000,16.400303,4.700019
tracking_cdrone3_20260822_114411_168_milestone4,milestone4,1787424328.356267452,SEARCH,0,0,0,0,0,0,,,1,0,16.500021,0.000000,16.500021,4.700019
tracking_cdrone3_20260822_114411_168_milestone4,milestone4,1787424328.455976725,SEARCH,0,0,0,0,0,0,,,1,0,16.599731,0.000000,16.599731,4.700019
tracking_cdrone3_20260822_114411_168_milestone4,milestone4,1787424328.555976391,SEARCH,0,0,0,0,0,0,,,1,0,16.699730,0.000000,16.699730,4.700019
tracking_cdrone3_20260822_114411_168_milestone4,milestone4,1787424328.656239510,SEARCH,0,0,0,0,0,0,,,1,0,16.799994,0.000000,16.799994,4.700019
tracking_cdrone3_20260822_114411_168_milestone4,milestone4,1787424328.756451130,SEARCH,0,0,0,0,0,0,,,1,0,16.900205,0.000000,16.900205,4.700019
tracking_cdrone3_20260822_114411_168_milestone4,milestone4,1787424328.856274843,SEARCH,0,0,0,0,0,0,,,1,0,17.000029,0.000000,17.000029,4.700019
tracking_cdrone3_20260822_114411_168_milestone4,milestone4,1787424328.956118345,SEARCH,0,0,0,0,0,0,,,1,0,17.099872,0.000000,17.099872,4.700019
tracking_cdrone3_20260822_114411_168_milestone4,milestone4,1787424329.056236506,SEARCH,0,0,0,0,0,0,,,1,0,17.199991,0.000000,17.199991,4.700019
tracking_cdrone3_20260822_114411_168_milestone4,milestone4,1787424329.156072140,SEARCH,0,0,0,0,0,0,,,1,0,17.299826,0.000000,17.299826,4.700019
tracking_cdrone3_20260822_114411_168_milestone4,milestone4,1787424329.256268263,SEARCH,0,0,0,0,0,0,,,1,0,17.400022,0.000000,17.400022,4.700019
tracking_cdrone3_20260822_114411_168_milestone4,milestone4,1787424329.355899334,SEARCH,0,0,0,0,0,0,,,1,0,17.499653,0.000000,17.499653,4.700019
tracking_cdrone3_20260822_114411_168_milestone4,milestone4,1787424329.456108570,SEARCH,0,0,0,0,0,0,,,1,0,17.599863,0.000000,17.599863,4.700019
tracking_cdrone3_20260822_114411_168_milestone4,milestone4,1787424329.556039572,SEARCH,0,0,0,0,0,0,,,1,0,17.699794,0.000000,17.699794,4.700019
tracking_cdrone3_20260822_114411_168_milestone4,milestone4,1787424329.656481266,SEARCH,0,0,0,0,0,0,,,1,0,17.800235,0.000000,17.800235,4.700019
tracking_cdrone3_20260822_114411_168_milestone4,milestone4,1787424329.756168127,SEARCH,0,0,0,0,0,0,,,1,0,17.899922,0.000000,17.899922,4.700019
tracking_cdrone3_20260822_114411_168_milestone4,milestone4,1787424329.855995417,SEARCH,0,0,0,0,0,0,,,1,0,17.999749,0.000000,17.999749,4.700019
tracking_cdrone3_20260822_114411_168_milestone4,milestone4,1787424329.956046343,SEARCH,0,0,0,0,0,0,,,1,0,18.099800,0.000000,18.099800,4.700019
tracking_cdrone3_20260822_114411_168_milestone4,milestone4,1787424330.055962563,SEARCH,0,0,0,0,0,0,,,1,0,18.199717,0.000000,18.199717,4.700019
tracking_cdrone3_20260822_114411_168_milestone4,milestone4,1787424330.155910254,SEARCH,0,0,0,0,0,0,,,1,0,18.299664,0.000000,18.299664,4.700019
tracking_cdrone3_20260822_114411_168_milestone4,milestone4,1787424330.255893469,SEARCH,0,0,0,0,0,0,,,1,0,18.399647,0.000000,18.399647,4.700019
tracking_cdrone3_20260822_114411_168_milestone4,milestone4,1787424330.355869293,SEARCH,0,0,0,0,0,0,,,1,0,18.499623,0.000000,18.499623,4.700019
tracking_cdrone3_20260822_114411_168_milestone4,milestone4,1787424330.455970526,SEARCH,0,0,0,0,0,0,,,1,0,18.599725,0.000000,18.599725,4.700019
tracking_cdrone3_20260822_114411_168_milestone4,milestone4,1787424330.556003094,SEARCH,0,0,0,0,0,0,,,1,0,18.699757,0.000000,18.699757,4.700019
tracking_cdrone3_20260822_114411_168_milestone4,milestone4,1787424330.656009436,SEARCH,0,0,0,0,0,0,,,1,0,18.799763,0.000000,18.799763,4.700019
tracking_cdrone3_20260822_114411_168_milestone4,milestone4,1787424330.756215096,SEARCH,0,0,0,0,0,0,,,1,0,18.899969,0.000000,18.899969,4.700019
tracking_cdrone3_20260822_114411_168_milestone4,milestone4,1787424330.856385708,SEARCH,0,0,0,0,0,0,,,1,0,19.000140,0.000000,19.000140,4.700019
tracking_cdrone3_20260822_114411_168_milestone4,milestone4,1787424330.956348181,SEARCH,0,0,0,0,0,0,,,1,0,19.100102,0.000000,19.100102,4.700019
tracking_cdrone3_20260822_114411_168_milestone4,milestone4,1787424331.056168079,SEARCH,0,0,0,0,0,0,,,1,0,19.199922,0.000000,19.199922,4.700019
tracking_cdrone3_20260822_114411_168_milestone4,milestone4,1787424331.156253099,SEARCH,0,0,0,0,0,0,,,1,0,19.300007,0.000000,19.300007,4.700019
tracking_cdrone3_20260822_114411_168_milestone4,milestone4,1787424331.256682158,SEARCH,0,0,0,0,0,0,,,1,0,19.400436,0.000000,19.400436,4.700019
tracking_cdrone3_20260822_114411_168_milestone4,milestone4,1787424331.355857611,SEARCH,0,0,0,0,0,0,,,1,0,19.499612,0.000000,19.499612,4.700019
tracking_cdrone3_20260822_114411_168_milestone4,milestone4,1787424331.456012487,SEARCH,0,0,0,0,0,0,,,1,0,19.599766,0.000000,19.599766,4.700019
tracking_cdrone3_20260822_114411_168_milestone4,milestone4,1787424331.555972576,SEARCH,0,0,0,0,0,0,,,1,0,19.699727,0.000000,19.699727,4.700019
tracking_cdrone3_20260822_114411_168_milestone4,milestone4,1787424331.656030893,SEARCH,0,0,0,0,0,0,,,1,0,19.799785,0.000000,19.799785,4.700019
tracking_cdrone3_20260822_114411_168_milestone4,milestone4,1787424331.756148338,SEARCH,0,0,0,0,0,0,,,1,0,19.899902,0.000000,19.899902,4.700019
tracking_cdrone3_20260822_114411_168_milestone4,milestone4,1787424331.856376648,SEARCH,0,0,0,0,0,0,,,1,0,20.000131,0.000000,20.000131,4.700019
tracking_cdrone3_20260822_114411_168_milestone4,milestone4,1787424331.956341743,SEARCH,0,0,0,0,0,0,,,1,0,20.100096,0.000000,20.100096,4.700019
tracking_cdrone3_20260822_114411_168_milestone4,milestone4,1787424332.055983067,SEARCH,0,0,0,0,0,0,,,1,0,20.199737,0.000000,20.199737,4.700019
tracking_cdrone3_20260822_114411_168_milestone4,milestone4,1787424332.156460524,SEARCH,0,0,0,0,0,0,,,1,0,20.300215,0.000000,20.300215,4.700019
tracking_cdrone3_20260822_114411_168_milestone4,milestone4,1787424332.256228924,SEARCH,0,0,0,0,0,0,,,1,0,20.399983,0.000000,20.399983,4.700019
tracking_cdrone3_20260822_114411_168_milestone4,milestone4,1787424332.356243372,SEARCH,0,0,0,0,0,0,,,1,0,20.499997,0.000000,20.499997,4.700019
tracking_cdrone3_20260822_114411_168_milestone4,milestone4,1787424332.456026793,SEARCH,0,0,0,0,0,0,,,1,0,20.599781,0.000000,20.599781,4.700019
tracking_cdrone3_20260822_114411_168_milestone4,milestone4,1787424332.555995226,SEARCH,0,0,0,0,0,0,,,1,0,20.699749,0.000000,20.699749,4.700019
tracking_cdrone3_20260822_114411_168_milestone4,milestone4,1787424332.656374454,SEARCH,0,0,0,0,0,0,,,1,0,20.800128,0.000000,20.800128,4.700019
tracking_cdrone3_20260822_114411_168_milestone4,milestone4,1787424332.756188393,SEARCH,0,0,0,0,0,0,,,1,0,20.899942,0.000000,20.899942,4.700019
tracking_cdrone3_20260822_114411_168_milestone4,milestone4,1787424332.856295109,SEARCH,0,0,0,0,0,0,,,1,0,21.000049,0.000000,21.000049,4.700019
tracking_cdrone3_20260822_114411_168_milestone4,milestone4,1787424332.955932856,SEARCH,0,0,0,0,0,0,,,1,0,21.099687,0.000000,21.099687,4.700019
tracking_cdrone3_20260822_114411_168_milestone4,milestone4,1787424333.055892706,SEARCH,0,0,0,0,0,0,,,1,0,21.199647,0.000000,21.199647,4.700019
tracking_cdrone3_20260822_114411_168_milestone4,milestone4,1787424333.156054974,SEARCH,0,0,0,0,0,0,,,1,0,21.299809,0.000000,21.299809,4.700019
tracking_cdrone3_20260822_114411_168_milestone4,milestone4,1787424333.255945444,SEARCH,0,0,0,0,0,0,,,1,0,21.399699,0.000000,21.399699,4.700019
tracking_cdrone3_20260822_114411_168_milestone4,milestone4,1787424333.355997324,SEARCH,0,0,0,0,0,0,,,1,0,21.499751,0.000000,21.499751,4.700019
tracking_cdrone3_20260822_114411_168_milestone4,milestone4,1787424333.455883503,SEARCH,0,0,0,0,0,0,,,1,0,21.599638,0.000000,21.599638,4.700019
tracking_cdrone3_20260822_114411_168_milestone4,milestone4,1787424333.556232929,SEARCH,0,0,0,0,0,0,,,1,0,21.699987,0.000000,21.699987,4.700019
tracking_cdrone3_20260822_114411_168_milestone4,milestone4,1787424333.655896425,SEARCH,0,0,0,0,0,0,,,1,0,21.799650,0.000000,21.799650,4.700019
tracking_cdrone3_20260822_114411_168_milestone4,milestone4,1787424333.756241560,SEARCH,0,0,0,0,0,0,,,1,0,21.899996,0.000000,21.899996,4.700019
tracking_cdrone3_20260822_114411_168_milestone4,milestone4,1787424333.856297493,SEARCH,0,0,0,0,0,0,,,1,0,22.000051,0.000000,22.000051,4.700019
tracking_cdrone3_20260822_114411_168_milestone4,milestone4,1787424333.956220388,SEARCH,0,0,0,0,0,0,,,1,0,22.099974,0.000000,22.099974,4.700019
tracking_cdrone3_20260822_114411_168_milestone4,milestone4,1787424334.055991411,SEARCH,0,0,0,0,0,0,,,1,0,22.199745,0.000000,22.199745,4.700019
tracking_cdrone3_20260822_114411_168_milestone4,milestone4,1787424334.156308889,SEARCH,0,0,0,0,0,0,,,1,0,22.300063,0.000000,22.300063,4.700019
tracking_cdrone3_20260822_114411_168_milestone4,milestone4,1787424334.256363153,SEARCH,0,0,0,0,0,0,,,1,0,22.400117,0.000000,22.400117,4.700019
tracking_cdrone3_20260822_114411_168_milestone4,milestone4,1787424334.356397390,SEARCH,0,0,0,0,0,0,,,1,0,22.500151,0.000000,22.500151,4.700019
tracking_cdrone3_20260822_114411_168_milestone4,milestone4,1787424334.455946684,SEARCH,0,0,0,0,0,0,,,1,0,22.599701,0.000000,22.599701,4.700019
tracking_cdrone3_20260822_114411_168_milestone4,milestone4,1787424334.556238413,SEARCH,0,0,0,0,0,0,,,1,0,22.699992,0.000000,22.699992,4.700019
tracking_cdrone3_20260822_114411_168_milestone4,milestone4,1787424334.656062126,SEARCH,0,0,0,0,0,0,,,1,0,22.799816,0.000000,22.799816,4.700019
tracking_cdrone3_20260822_114411_168_milestone4,milestone4,1787424334.765643835,SEARCH,0,0,0,0,0,0,,,1,0,22.909398,0.000000,22.909398,4.700019
tracking_cdrone3_20260822_114411_168_milestone4,milestone4,1787424334.856343031,SEARCH,0,0,0,0,0,0,,,1,0,23.000097,0.000000,23.000097,4.700019
tracking_cdrone3_20260822_114411_168_milestone4,milestone4,1787424334.956213951,SEARCH,0,0,0,0,0,0,,,1,0,23.099968,0.000000,23.099968,4.700019
tracking_cdrone3_20260822_114411_168_milestone4,milestone4,1787424335.055958986,SEARCH,0,0,0,0,0,0,,,1,0,23.199713,0.000000,23.199713,4.700019
tracking_cdrone3_20260822_114411_168_milestone4,milestone4,1787424335.156290293,SEARCH,0,0,0,0,0,0,,,1,0,23.300044,0.000000,23.300044,4.700019
tracking_cdrone3_20260822_114411_168_milestone4,milestone4,1787424335.256275654,SEARCH,0,0,0,0,0,0,,,1,0,23.400030,0.000000,23.400030,4.700019
tracking_cdrone3_20260822_114411_168_milestone4,milestone4,1787424335.356361151,SEARCH,0,0,0,0,0,0,,,1,0,23.500115,0.000000,23.500115,4.700019
tracking_cdrone3_20260822_114411_168_milestone4,milestone4,1787424335.455975771,SEARCH,0,0,0,0,0,0,,,1,0,23.599730,0.000000,23.599730,4.700019
tracking_cdrone3_20260822_114411_168_milestone4,milestone4,1787424335.556619406,SEARCH,0,0,0,0,0,0,,,1,0,23.700373,0.000000,23.700373,4.700019
tracking_cdrone3_20260822_114411_168_milestone4,milestone4,1787424335.656053543,SEARCH,0,0,0,0,0,0,,,1,0,23.799808,0.000000,23.799808,4.700019
tracking_cdrone3_20260822_114411_168_milestone4,milestone4,1787424335.756006718,SEARCH,0,0,0,0,0,0,,,1,0,23.899761,0.000000,23.899761,4.700019
tracking_cdrone3_20260822_114411_168_milestone4,milestone4,1787424335.856022835,SEARCH,0,0,0,0,0,0,,,1,0,23.999777,0.000000,23.999777,4.700019
tracking_cdrone3_20260822_114411_168_milestone4,milestone4,1787424335.956794977,SEARCH,0,0,0,0,0,0,,,1,0,24.100549,0.000000,24.100549,4.700019
tracking_cdrone3_20260822_114411_168_milestone4,milestone4,1787424336.056229830,SEARCH,0,0,0,0,0,0,,,1,0,24.199984,0.000000,24.199984,4.700019
tracking_cdrone3_20260822_114411_168_milestone4,milestone4,1787424336.156304598,SEARCH,0,0,0,0,0,0,,,1,0,24.300059,0.000000,24.300059,4.700019
tracking_cdrone3_20260822_114411_168_milestone4,milestone4,1787424336.256762028,SEARCH,0,0,0,0,0,0,,,1,0,24.400516,0.000000,24.400516,4.700019
tracking_cdrone3_20260822_114411_168_milestone4,milestone4,1787424336.356347322,SEARCH,0,0,0,0,0,0,,,1,0,24.500101,0.000000,24.500101,4.700019
tracking_cdrone3_20260822_114411_168_milestone4,milestone4,1787424336.456001520,SEARCH,0,0,0,0,0,0,,,1,0,24.599756,0.000000,24.599756,4.700019
tracking_cdrone3_20260822_114411_168_milestone4,milestone4,1787424336.556227922,SEARCH,0,0,0,0,0,0,,,1,0,24.699982,0.000000,24.699982,4.700019
tracking_cdrone3_20260822_114411_168_milestone4,milestone4,1787424336.656649590,SEARCH,0,0,0,0,0,0,,,1,0,24.800404,0.000000,24.800404,4.700019
tracking_cdrone3_20260822_114411_168_milestone4,milestone4,1787424336.756952524,SEARCH,0,0,0,0,0,0,,,1,0,24.900707,0.000000,24.900707,4.700019
tracking_cdrone3_20260822_114411_168_milestone4,milestone4,1787424336.856269360,SEARCH,0,0,0,0,0,0,,,1,0,25.000023,0.000000,25.000023,4.700019
tracking_cdrone3_20260822_114411_168_milestone4,milestone4,1787424336.956229210,SEARCH,0,0,0,0,0,0,,,1,0,25.099983,0.000000,25.099983,4.700019
tracking_cdrone3_20260822_114411_168_milestone4,milestone4,1787424337.056451082,SEARCH,0,0,0,0,0,0,,,1,0,25.200205,0.000000,25.200205,4.700019
tracking_cdrone3_20260822_114411_168_milestone4,milestone4,1787424337.156186819,SEARCH,0,0,0,0,0,0,,,1,0,25.299941,0.000000,25.299941,4.700019
tracking_cdrone3_20260822_114411_168_milestone4,milestone4,1787424337.256199837,SEARCH,0,0,0,0,0,0,,,1,0,25.399954,0.000000,25.399954,4.700019
tracking_cdrone3_20260822_114411_168_milestone4,milestone4,1787424337.356127501,SEARCH,0,0,0,0,0,0,,,1,0,25.499882,0.000000,25.499882,4.700019
tracking_cdrone3_20260822_114411_168_milestone4,milestone4,1787424337.455881834,SEARCH,0,0,0,0,0,0,,,1,0,25.599636,0.000000,25.599636,4.700019
tracking_cdrone3_20260822_114411_168_milestone4,milestone4,1787424337.556144714,SEARCH,0,0,0,0,0,0,,,1,0,25.699899,0.000000,25.699899,4.700019
tracking_cdrone3_20260822_114411_168_milestone4,milestone4,1787424337.655889750,SEARCH,0,0,0,0,0,0,,,1,0,25.799644,0.000000,25.799644,4.700019
tracking_cdrone3_20260822_114411_168_milestone4,milestone4,1787424337.756209850,SEARCH,0,0,0,0,0,0,,,1,0,25.899964,0.000000,25.899964,4.700019
tracking_cdrone3_20260822_114411_168_milestone4,milestone4,1787424337.856408119,SEARCH,0,0,0,0,0,0,,,1,0,26.000162,0.000000,26.000162,4.700019
tracking_cdrone3_20260822_114411_168_milestone4,milestone4,1787424337.956256151,SEARCH,0,0,0,0,0,0,,,1,0,26.100010,0.000000,26.100010,4.700019
tracking_cdrone3_20260822_114411_168_milestone4,milestone4,1787424338.056279182,SEARCH,0,0,0,0,0,0,,,1,0,26.200033,0.000000,26.200033,4.700019
tracking_cdrone3_20260822_114411_168_milestone4,milestone4,1787424338.156173706,SEARCH,0,0,0,0,0,0,,,1,0,26.299928,0.000000,26.299928,4.700019
tracking_cdrone3_20260822_114411_168_milestone4,milestone4,1787424338.256288052,SEARCH,0,0,0,0,0,0,,,1,0,26.400042,0.000000,26.400042,4.700019
tracking_cdrone3_20260822_114411_168_milestone4,milestone4,1787424338.356222630,SEARCH,0,0,0,0,0,0,,,1,0,26.499977,0.000000,26.499977,4.700019
tracking_cdrone3_20260822_114411_168_milestone4,milestone4,1787424338.456220627,SEARCH,0,0,0,0,0,0,,,1,0,26.599975,0.000000,26.599975,4.700019
tracking_cdrone3_20260822_114411_168_milestone4,milestone4,1787424338.556179285,SEARCH,0,0,0,0,0,0,,,1,0,26.699933,0.000000,26.699933,4.700019
tracking_cdrone3_20260822_114411_168_milestone4,milestone4,1787424338.656461716,SEARCH,0,0,0,0,0,0,,,1,0,26.800216,0.000000,26.800216,4.700019
tracking_cdrone3_20260822_114411_168_milestone4,milestone4,1787424338.756209850,SEARCH,0,0,0,0,0,0,,,1,0,26.899964,0.000000,26.899964,4.700019
tracking_cdrone3_20260822_114411_168_milestone4,milestone4,1787424338.856226444,SEARCH,0,0,0,0,0,0,,,1,0,26.999980,0.000000,26.999980,4.700019
tracking_cdrone3_20260822_114411_168_milestone4,milestone4,1787424338.956204176,SEARCH,0,0,0,0,0,0,,,1,0,27.099958,0.000000,27.099958,4.700019
tracking_cdrone3_20260822_114411_168_milestone4,milestone4,1787424339.055964947,SEARCH,0,0,0,0,0,0,,,1,0,27.199719,0.000000,27.199719,4.700019
tracking_cdrone3_20260822_114411_168_milestone4,milestone4,1787424339.156242609,SEARCH,0,0,0,0,0,0,,,1,0,27.299997,0.000000,27.299997,4.700019
tracking_cdrone3_20260822_114411_168_milestone4,milestone4,1787424339.256506205,SEARCH,0,0,0,0,0,0,,,1,0,27.400260,0.000000,27.400260,4.700019
tracking_cdrone3_20260822_114411_168_milestone4,milestone4,1787424339.356200695,SEARCH,0,0,0,0,0,0,,,1,0,27.499955,0.000000,27.499955,4.700019
tracking_cdrone3_20260822_114411_168_milestone4,milestone4,1787424339.456083536,SEARCH,0,0,0,0,0,0,,,1,0,27.599838,0.000000,27.599838,4.700019
tracking_cdrone3_20260822_114411_168_milestone4,milestone4,1787424339.556451321,SEARCH,0,0,0,0,0,0,,,1,0,27.700205,0.000000,27.700205,4.700019
tracking_cdrone3_20260822_114411_168_milestone4,milestone4,1787424339.655973673,SEARCH,0,0,0,0,0,0,,,1,0,27.799728,0.000000,27.799728,4.700019
tracking_cdrone3_20260822_114411_168_milestone4,milestone4,1787424339.756183386,SEARCH,0,0,0,0,0,0,,,1,0,27.899937,0.000000,27.899937,4.700019
tracking_cdrone3_20260822_114411_168_milestone4,milestone4,1787424339.856063604,SEARCH,0,0,0,0,0,0,,,1,0,27.999818,0.000000,27.999818,4.700019
tracking_cdrone3_20260822_114411_168_milestone4,milestone4,1787424339.956260681,SEARCH,0,0,0,0,0,0,,,1,0,28.100015,0.000000,28.100015,4.700019
tracking_cdrone3_20260822_114411_168_milestone4,milestone4,1787424340.056991816,SEARCH,0,0,0,0,0,0,,,1,0,28.200746,0.000000,28.200746,4.700019
tracking_cdrone3_20260822_114411_168_milestone4,milestone4,1787424340.156002760,SEARCH,0,0,0,0,0,0,,,1,0,28.299757,0.000000,28.299757,4.700019
tracking_cdrone3_20260822_114411_168_milestone4,milestone4,1787424340.256285667,SEARCH,0,0,0,0,0,0,,,1,0,28.400040,0.000000,28.400040,4.700019
tracking_cdrone3_20260822_114411_168_milestone4,milestone4,1787424340.356278896,SEARCH,0,0,0,0,0,0,,,1,0,28.500033,0.000000,28.500033,4.700019
tracking_cdrone3_20260822_114411_168_milestone4,milestone4,1787424340.455923796,SEARCH,0,0,0,0,0,0,,,1,0,28.599678,0.000000,28.599678,4.700019
tracking_cdrone3_20260822_114411_168_milestone4,milestone4,1787424340.556396723,SEARCH,0,0,0,0,0,0,,,1,0,28.700151,0.000000,28.700151,4.700019
tracking_cdrone3_20260822_114411_168_milestone4,milestone4,1787424340.656399250,SEARCH,0,0,0,0,0,0,,,1,0,28.800153,0.000000,28.800153,4.700019
tracking_cdrone3_20260822_114411_168_milestone4,milestone4,1787424340.756241083,SEARCH,0,0,0,0,0,0,,,1,0,28.899995,0.000000,28.899995,4.700019
tracking_cdrone3_20260822_114411_168_milestone4,milestone4,1787424340.855977774,SEARCH,0,0,0,0,0,0,,,1,0,28.999732,0.000000,28.999732,4.700019
tracking_cdrone3_20260822_114411_168_milestone4,milestone4,1787424340.956245899,SEARCH,0,0,0,0,0,0,,,1,0,29.100000,0.000000,29.100000,4.700019
tracking_cdrone3_20260822_114411_168_milestone4,milestone4,1787424341.056056261,SEARCH,0,0,0,0,0,0,,,1,0,29.199810,0.000000,29.199810,4.700019
tracking_cdrone3_20260822_114411_168_milestone4,milestone4,1787424341.156583309,SEARCH,0,0,0,0,0,0,,,1,0,29.300337,0.000000,29.300337,4.700019
tracking_cdrone3_20260822_114411_168_milestone4,milestone4,1787424341.256133080,SEARCH,0,0,0,0,0,0,,,1,0,29.399887,0.000000,29.399887,4.700019
tracking_cdrone3_20260822_114411_168_milestone4,milestone4,1787424341.356405020,SEARCH,0,0,0,0,0,0,,,1,0,29.500159,0.000000,29.500159,4.700019
tracking_cdrone3_20260822_114411_168_milestone4,milestone4,1787424341.456003904,SEARCH,0,0,0,0,0,0,,,1,0,29.599758,0.000000,29.599758,4.700019
tracking_cdrone3_20260822_114411_168_milestone4,milestone4,1787424341.556360006,SEARCH,0,0,0,0,0,0,,,1,0,29.700114,0.000000,29.700114,4.700019
tracking_cdrone3_20260822_114411_168_milestone4,milestone4,1787424341.658516169,SEARCH,0,0,0,0,0,0,,,1,0,29.802270,0.000000,29.802270,4.700019
tracking_cdrone3_20260822_114411_168_milestone4,milestone4,1787424341.755977392,SEARCH,0,0,0,0,0,0,,,1,0,29.899731,0.000000,29.899731,4.700019
tracking_cdrone3_20260822_114411_168_milestone4,milestone4,1787424341.856007099,SEARCH,0,0,0,0,0,0,,,1,0,29.999761,0.000000,29.999761,4.700019
tracking_cdrone3_20260822_114411_168_milestone4,milestone4,1787424341.955888748,SEARCH,0,0,0,0,0,0,,,1,0,30.099643,0.000000,30.099643,4.700019
tracking_cdrone3_20260822_114411_168_milestone4,milestone4,1787424342.055962563,SEARCH,0,0,0,0,0,0,,,1,0,30.199717,0.000000,30.199717,4.700019
tracking_cdrone3_20260822_114411_168_milestone4,milestone4,1787424342.155985355,SEARCH,0,0,0,0,0,0,,,1,0,30.299739,0.000000,30.299739,4.700019
tracking_cdrone3_20260822_114411_168_milestone4,milestone4,1787424342.256227016,SEARCH,0,0,0,0,0,0,,,1,0,30.399981,0.000000,30.399981,4.700019
tracking_cdrone3_20260822_114411_168_milestone4,milestone4,1787424342.356180429,SEARCH,0,0,0,0,0,0,,,1,0,30.499934,0.000000,30.499934,4.700019
tracking_cdrone3_20260822_114411_168_milestone4,milestone4,1787424342.456244707,SEARCH,0,0,0,0,0,0,,,1,0,30.599999,0.000000,30.599999,4.700019
tracking_cdrone3_20260822_114411_168_milestone4,milestone4,1787424342.556027174,SEARCH,0,0,0,0,0,0,,,1,0,30.699781,0.000000,30.699781,4.700019
tracking_cdrone3_20260822_114411_168_milestone4,milestone4,1787424342.656224966,SEARCH,0,0,0,0,0,0,,,1,0,30.799979,0.000000,30.799979,4.700019
tracking_cdrone3_20260822_114411_168_milestone4,milestone4,1787424342.756213188,SEARCH,0,0,0,0,0,0,,,1,0,30.899967,0.000000,30.899967,4.700019
tracking_cdrone3_20260822_114411_168_milestone4,milestone4,1787424342.856181145,SEARCH,0,0,0,0,0,0,,,1,0,30.999935,0.000000,30.999935,4.700019
tracking_cdrone3_20260822_114411_168_milestone4,milestone4,1787424342.956018925,SEARCH,0,0,0,0,0,0,,,1,0,31.099773,0.000000,31.099773,4.700019
tracking_cdrone3_20260822_114411_168_milestone4,milestone4,1787424343.056726933,SEARCH,0,0,0,0,0,0,,,1,0,31.200481,0.000000,31.200481,4.700019
tracking_cdrone3_20260822_114411_168_milestone4,milestone4,1787424343.156162500,SEARCH,0,0,0,0,0,0,,,1,0,31.299917,0.000000,31.299917,4.700019
tracking_cdrone3_20260822_114411_168_milestone4,milestone4,1787424343.256111145,SEARCH,0,0,0,0,0,0,,,1,0,31.399865,0.000000,31.399865,4.700019
tracking_cdrone3_20260822_114411_168_milestone4,milestone4,1787424343.356170654,SEARCH,0,0,0,0,0,0,,,1,0,31.499925,0.000000,31.499925,4.700019
tracking_cdrone3_20260822_114411_168_milestone4,milestone4,1787424343.456188202,SEARCH,0,0,0,0,0,0,,,1,0,31.599942,0.000000,31.599942,4.700019
tracking_cdrone3_20260822_114411_168_milestone4,milestone4,1787424343.565116405,SEARCH,0,0,0,0,0,0,,,1,0,31.708870,0.000000,31.708870,4.700019
tracking_cdrone3_20260822_114411_168_milestone4,milestone4,1787424343.669943333,SEARCH,0,0,0,0,0,0,,,1,0,31.813697,0.000000,31.813697,4.700019
