run_id,experiment_tag,timestamp_s,sample_kind,track_id,detector_track_id,source,source_label,x_m,y_m,z_m,vx_mps,vy_mps,vz_mps,confidence,distance_m,bbox_area_px,inbound,last_observed_age_s,prediction_horizon_s,position_uncertainty_m,velocity_uncertainty_mps
tracking_cdrone3_20260822_203534_108_milestone4,milestone4,1787456134.140989304,raw,1,1,0,detected,4.138988,8.793064,0.323055,0.927230,0.429768,0.041899,0.652344,16.889536,714.375,0,0.000000,0.000000,0.000000,0.000000
tracking_cdrone3_20260822_203534_108_milestone4,milestone4,1787456134.140989304,raw,4,4,0,detected,-1.752795,2.663343,0.300936,0.000000,0.000000,0.000000,0.444336,9.354036,7072.500,0,0.000000,0.000000,0.000000,0.000000
tracking_cdrone3_20260822_203534_108_milestone4,milestone4,1787456134.170799732,target_map,1,1,0,detected,4.146886,8.796710,0.323083,0.314217,0.145063,0.001109,0.648245,16.889536,714.375,0,0.025135,0.000000,0.158797,0.356284
tracking_cdrone3_20260822_203534_108_milestone4,milestone4,1787456134.170799732,target_map,2,4,0,detected,-1.752795,2.663343,0.300936,0.000000,0.000000,0.000000,0.441544,9.354036,7072.500,0,0.025135,0.000000,0.158797,0.356284
tracking_cdrone3_20260822_203534_108_milestone4,milestone4,1787456134.264487028,raw,1,1,0,detected,4.093421,8.770414,0.328044,-0.369023,-0.183430,0.040399,0.658691,16.838739,757.875,1,0.000000,0.000000,0.000000,0.000000
tracking_cdrone3_20260822_203534_108_milestone4,milestone4,1787456134.264487028,raw,4,4,0,detected,-1.835428,2.647258,0.301694,-0.669198,-0.130266,0.006141,0.444336,9.270010,7072.500,1,0.000000,0.000000,0.000000,0.000000
tracking_cdrone3_20260822_203534_108_milestone4,milestone4,1787456134.270755768,target_map,1,1,0,detected,4.093326,8.770359,0.328079,-0.061565,-0.035608,0.022718,0.658437,16.838739,757.875,1,0.001545,0.000000,0.150541,0.350386
tracking_cdrone3_20260822_203534_108_milestone4,milestone4,1787456134.270755768,target_map,2,4,0,detected,-1.835997,2.647147,0.301700,-0.368059,-0.071646,0.003378,0.444164,9.270010,7072.500,1,0.001545,0.000000,0.150541,0.350386
tracking_cdrone3_20260822_203534_108_milestone4,milestone4,1787456134.370843410,target_map,1,1,0,detected,4.087166,8.766796,0.330352,-0.061565,-0.035608,0.022718,0.641960,16.838739,757.875,1,0.101602,0.000000,0.185561,0.375400
tracking_cdrone3_20260822_203534_108_milestone4,milestone4,1787456134.370843410,target_map,2,4,0,detected,-1.872824,2.639978,0.302037,-0.368059,-0.071646,0.003378,0.433050,9.270010,7072.500,1,0.101602,0.000000,0.185561,0.375400
tracking_cdrone3_20260822_203534_108_milestone4,milestone4,1787456134.385207891,raw,1,1,0,detected,4.075830,8.761349,0.322178,-0.145722,-0.075099,-0.048588,0.630371,16.818871,703.125,1,0.000000,0.000000,0.000000,0.000000
tracking_cdrone3_20260822_203534_108_milestone4,milestone4,1787456134.385207891,raw,4,4,0,detected,-4.261150,2.295478,0.250171,-20.093958,-2.914037,-0.426804,0.444336,6.818376,7072.500,1,0.000000,0.000000,0.000000,0.000000
tracking_cdrone3_20260822_203534_108_milestone4,milestone4,1787456134.470652580,target_map,1,1,0,detected,4.067180,8.756751,0.320855,-0.107851,-0.057328,-0.016500,0.617732,16.818871,703.125,1,0.080202,0.000000,0.178071,0.370051
tracking_cdrone3_20260822_203534_108_milestone4,milestone4,1787456134.470652580,target_map,2,4,0,detected,-4.623593,2.242257,0.242877,-4.519114,-0.663586,-0.090950,0.435427,6.818376,7072.500,1,0.080202,0.000000,0.178071,0.370051
tracking_cdrone3_20260822_203534_108_milestone4,milestone4,1787456134.500192165,raw,1,1,0,detected,4.227721,8.836440,0.327225,1.320927,0.653039,0.043892,0.670410,16.988411,736.000,0,0.000000,0.000000,0.000000,0.000000
tracking_cdrone3_20260822_203534_108_milestone4,milestone4,1787456134.500192165,raw,4,4,0,detected,-4.732199,2.225514,0.241404,-4.096488,-0.608444,-0.076239,0.444336,6.342142,7072.500,1,0.000000,0.000000,0.000000,0.000000
tracking_cdrone3_20260822_203534_108_milestone4,milestone4,1787456134.572245598,target_map,1,1,0,detected,4.274616,8.859499,0.328382,0.677977,0.333374,0.016715,0.658817,16.988411,736.000,0,0.069168,0.000000,0.174209,0.367292
tracking_cdrone3_20260822_203534_108_milestone4,milestone4,1787456134.572245598,target_map,2,4,0,detected,-5.028701,2.181713,0.235673,-4.286669,-0.633258,-0.082859,0.436652,6.342142,7072.500,1,0.069168,0.000000,0.174209,0.367292
tracking_cdrone3_20260822_203534_108_milestone4,milestone4,1787456134.616162300,raw,1,1,0,detected,4.107505,8.780448,0.328689,-1.036534,-0.482783,0.012622,0.638672,16.855824,724.500,1,0.000000,0.000000,0.000000,0.000000
tracking_cdrone3_20260822_203534_108_milestone4,milestone4,1787456134.670586824,target_map,1,1,0,detected,4.094740,8.774884,0.329386,-0.265004,-0.115512,0.014464,0.630981,16.855824,724.500,1,0.048170,0.000000,0.166859,0.362042
tracking_cdrone3_20260822_203534_108_milestone4,milestone4,1787456134.670586824,target_map,2,4,0,detected,-5.450340,2.119425,0.227523,-4.286669,-0.633258,-0.082859,0.425726,6.342142,7072.500,1,0.167529,0.000000,0.208635,0.391882
tracking_cdrone3_20260822_203534_108_milestone4,milestone4,1787456134.742563725,raw,1,1,0,detected,4.113206,8.781909,0.321925,0.045102,0.011563,-0.053513,0.667969,16.861517,753.250,0,0.000000,0.000000,0.000000,0.000000
tracking_cdrone3_20260822_203534_108_milestone4,milestone4,1787456134.770865679,target_map,1,1,0,detected,4.111123,8.780903,0.321420,-0.094445,-0.045621,-0.022923,0.664286,16.861517,753.250,0,0.022053,0.000000,0.157718,0.355513
tracking_cdrone3_20260822_203534_108_milestone4,milestone4,1787456134.770865679,target_map,2,4,2,predicted,-5.880066,2.055943,0.219217,-4.286669,-0.633258,-0.082859,0.414590,6.342142,7072.500,1,0.267776,0.267776,0.243722,0.416944
tracking_cdrone3_20260822_203534_108_milestone4,milestone4,1787456134.870878458,target_map,1,1,0,detected,4.101676,8.776340,0.319127,-0.094445,-0.045621,-0.022923,0.647582,16.861517,753.250,0,0.122083,0.000000,0.192729,0.380521
tracking_cdrone3_20260822_203534_108_milestone4,milestone4,1787456134.870878458,target_map,2,4,2,predicted,-6.308863,1.992598,0.210928,-4.286669,-0.633258,-0.082859,0.403479,6.342142,7072.500,1,0.367806,0.367806,0.278732,0.441952
tracking_cdrone3_20260822_203534_108_milestone4,milestone4,1787456134.969707489,raw,1,1,0,detected,4.146376,8.793956,0.322357,0.146032,0.053034,0.001901,0.635254,16.896536,724.500,0,0.000000,0.000000,0.000000,0.000000
tracking_cdrone3_20260822_203534_108_milestone4,milestone4,1787456134.970891714,target_map,1,1,0,detected,4.092229,8.771776,0.316834,-0.094445,-0.045621,-0.022923,0.630879,16.861517,753.250,0,0.222103,0.000000,0.227736,0.405526
tracking_cdrone3_20260822_203534_108_milestone4,milestone4,1787456134.970891714,target_map,2,4,2,predicted,-6.737615,1.929259,0.202641,-4.286669,-0.633258,-0.082859,0.392368,6.342142,7072.500,1,0.467826,0.467826,0.313739,0.466957
tracking_cdrone3_20260822_203534_108_milestone4,milestone4,1787456135.070597649,target_map,1,1,0,detected,4.149929,8.794767,0.321486,0.037817,0.008639,-0.009270,0.620335,16.896536,724.500,0,0.093939,0.000000,0.182879,0.373485
tracking_cdrone3_20260822_203534_108_milestone4,milestone4,1787456135.070597649,target_map,2,4,2,predicted,-7.165030,1.866119,0.194379,-4.286669,-0.633258,-0.082859,0.381292,6.342142,7072.500,1,0.567534,0.567534,0.348637,0.491883
tracking_cdrone3_20260822_203534_108_milestone4,milestone4,1787456135.170635700,target_map,1,1,0,detected,4.153712,8.795631,0.320559,0.037817,0.008639,-0.009270,0.604448,16.896536,724.500,0,0.193972,0.000000,0.217890,0.398493
tracking_cdrone3_20260822_203534_108_milestone4,milestone4,1787456135.170635700,target_map,2,4,2,predicted,-7.593838,1.802772,0.186090,-4.286669,-0.633258,-0.082859,0.370180,6.342142,7072.500,1,0.667567,0.667567,0.383648,0.516892
tracking_cdrone3_20260822_203534_108_milestone4,milestone4,1787456135.192606449,raw,1,1,0,detected,4.048981,8.746967,0.325234,-0.436962,-0.210812,0.012910,0.651367,16.788498,736.000,1,0.000000,0.000000,0.000000,0.000000
tracking_cdrone3_20260822_203534_108_milestone4,milestone4,1787456135.192606449,raw,4,4,0,detected,-4.328150,2.314871,0.252958,0.000000,0.000000,0.000000,0.622559,6.754968,6375.000,0,0.000000,0.000000,0.000000,0.000000
tracking_cdrone3_20260822_203534_108_milestone4,milestone4,1787456135.270822525,target_map,1,1,0,detected,4.032255,8.738574,0.325454,-0.223311,-0.112059,0.002929,0.639170,16.788498,736.000,1,0.074900,0.000000,0.176215,0.368725
tracking_cdrone3_20260822_203534_108_milestone4,milestone4,1787456135.270822525,target_map,2,4,0,detected,-4.272019,2.324927,0.254266,0.749410,0.134259,0.017458,0.610901,6.754968,6375.000,0,0.074900,0.000000,0.176215,0.368725
tracking_cdrone3_20260822_203534_108_milestone4,milestone4,1787456135.370872736,target_map,1,1,0,detected,4.009912,8.727363,0.325747,-0.223311,-0.112059,0.002929,0.622878,16.788498,736.000,1,0.174950,0.000000,0.211233,0.393738
tracking_cdrone3_20260822_203534_108_milestone4,milestone4,1787456135.370872736,target_map,2,4,0,detected,-4.197041,2.338359,0.256013,0.749410,0.134259,0.017458,0.595329,6.754968,6375.000,0,0.174950,0.000000,0.211233,0.393738
tracking_cdrone3_20260822_203534_108_milestone4,milestone4,1787456135.405738354,raw,1,1,0,detected,4.010196,8.730626,0.320283,-0.181975,-0.076670,-0.023230,0.626953,16.746410,752.000,1,0.000000,0.000000,0.000000,0.000000
tracking_cdrone3_20260822_203534_108_milestone4,milestone4,1787456135.405738354,raw,4,4,0,detected,-4.213358,2.332087,0.255247,0.538596,0.080777,0.010737,0.622559,6.871044,6375.000,0,0.000000,0.000000,0.000000,0.000000
tracking_cdrone3_20260822_203534_108_milestone4,milestone4,1787456135.470862627,target_map,1,1,0,detected,3.998198,8.725087,0.319598,-0.200576,-0.092595,-0.011459,0.617577,16.746410,752.000,1,0.059817,0.000000,0.170936,0.364954
tracking_cdrone3_20260822_203534_108_milestone4,milestone4,1787456135.470862627,target_map,2,4,0,detected,-4.175466,2.338358,0.256070,0.633462,0.104844,0.013762,0.613249,6.871044,6375.000,0,0.059817,0.000000,0.170936,0.364954
tracking_cdrone3_20260822_203534_108_milestone4,milestone4,1787456135.571556807,target_map,1,1,0,detected,3.978000,8.715763,0.318444,-0.200576,-0.092595,-0.011459,0.601794,16.746410,752.000,1,0.160518,0.000000,0.206181,0.390130
tracking_cdrone3_20260822_203534_108_milestone4,milestone4,1787456135.571556807,target_map,2,4,0,detected,-4.111676,2.348916,0.257456,0.633462,0.104844,0.013762,0.597576,6.871044,6375.000,0,0.160518,0.000000,0.206181,0.390130
tracking_cdrone3_20260822_203534_108_milestone4,milestone4,1787456135.618003368,raw,1,1,0,detected,4.016616,8.737799,0.324381,0.030243,0.033789,0.019306,0.644043,16.755434,708.750,0,0.000000,0.000000,0.000000,0.000000
tracking_cdrone3_20260822_203534_108_milestone4,milestone4,1787456135.618003368,raw,4,4,0,detected,-4.142942,2.342940,0.257808,0.331726,0.051127,0.012065,0.622559,6.942363,6375.000,0,0.000000,0.000000,0.000000,0.000000
tracking_cdrone3_20260822_203534_108_milestone4,milestone4,1787456135.671473265,target_map,1,1,0,detected,4.012941,8.736647,0.324654,-0.073626,-0.023084,0.005462,0.636006,16.755434,708.750,0,0.049914,0.000000,0.167470,0.362478
tracking_cdrone3_20260822_203534_108_milestone4,milestone4,1787456135.671473265,target_map,2,4,0,detected,-4.119607,2.346698,0.258448,0.467507,0.075300,0.012829,0.614790,6.942363,6375.000,0,0.049914,0.000000,0.167470,0.362478
tracking_cdrone3_20260822_203534_108_milestone4,milestone4,1787456135.770890474,target_map,1,1,0,detected,4.005623,8.734352,0.325197,-0.073626,-0.023084,0.005462,0.620004,16.755434,708.750,0,0.149303,0.000000,0.202256,0.387326
tracking_cdrone3_20260822_203534_108_milestone4,milestone4,1787456135.770890474,target_map,2,4,0,detected,-4.073142,2.354182,0.259723,0.467507,0.075300,0.012829,0.599321,6.942363,6375.000,0,0.149303,0.000000,0.202256,0.387326
tracking_cdrone3_20260822_203534_108_milestone4,milestone4,1787456135.831787586,raw,1,1,0,detected,4.065506,8.759689,0.325852,0.228641,0.102374,0.006879,0.641602,16.808960,713.000,0,0.000000,0.000000,0.000000,0.000000
tracking_cdrone3_20260822_203534_108_milestone4,milestone4,1787456135.831787586,raw,4,4,0,detected,-3.909225,2.375394,0.259594,1.092991,0.151773,0.008353,0.520508,7.178284,6252.500,0,0.000000,0.000000,0.000000,0.000000
tracking_cdrone3_20260822_203534_108_milestone4,milestone4,1787456135.870848179,target_map,1,1,0,detected,4.068728,8.761287,0.326069,0.092621,0.045918,0.006241,0.636022,16.808960,713.000,0,0.034786,0.000000,0.162175,0.358697
tracking_cdrone3_20260822_203534_108_milestone4,milestone4,1787456135.870848179,target_map,2,4,0,detected,-3.880995,2.379476,0.259955,0.811523,0.117360,0.010367,0.515981,7.178284,6252.500,0,0.034786,0.000000,0.162175,0.358697
tracking_cdrone3_20260822_203534_108_milestone4,milestone4,1787456135.971548796,target_map,1,1,0,detected,4.078055,8.765910,0.326698,0.092621,0.045918,0.006241,0.619870,16.808960,713.000,0,0.135481,0.000000,0.197418,0.383870
tracking_cdrone3_20260822_203534_108_milestone4,milestone4,1787456135.971548796,target_map,2,4,0,detected,-3.799279,2.391294,0.260999,0.811523,0.117360,0.010367,0.502878,7.178284,6252.500,0,0.135481,0.000000,0.197418,0.383870
tracking_cdrone3_20260822_203534_108_milestone4,milestone4,1787456136.053447962,raw,1,1,0,detected,4.017369,8.737877,0.322958,-0.217222,-0.098432,-0.013062,0.641602,16.756107,708.750,1,0.000000,0.000000,0.000000,0.000000
tracking_cdrone3_20260822_203534_108_milestone4,milestone4,1787456136.053447962,raw,4,4,0,detected,-2.456694,2.589960,0.288260,6.554658,0.968245,0.129355,0.520508,8.646872,6252.500,0,0.000000,0.000000,0.000000,0.000000
tracking_cdrone3_20260822_203534_108_milestone4,milestone4,1787456136.070582390,target_map,1,1,0,detected,4.016730,8.737601,0.322922,-0.077793,-0.033475,-0.004376,0.640283,16.756107,708.750,1,0.008223,0.000000,0.152878,0.352056
tracking_cdrone3_20260822_203534_108_milestone4,milestone4,1787456136.070582390,target_map,2,4,0,detected,-2.424047,2.594773,0.288883,3.970248,0.585347,0.075810,0.519438,8.646872,6252.500,0,0.008223,0.000000,0.152878,0.352056
tracking_cdrone3_20260822_203534_108_milestone4,milestone4,1787456136.170906067,target_map,1,1,0,detected,4.008928,8.734244,0.322483,-0.077793,-0.033475,-0.004376,0.624196,16.756107,708.750,1,0.108510,0.000000,0.187979,0.377128
tracking_cdrone3_20260822_203534_108_milestone4,milestone4,1787456136.170906067,target_map,2,4,0,detected,-2.025881,2.653476,0.296486,3.970248,0.585347,0.075810,0.506388,8.646872,6252.500,0,0.108510,0.000000,0.187979,0.377128
tracking_cdrone3_20260822_203534_108_milestone4,milestone4,1787456136.270624161,target_map,1,1,0,detected,4.001169,8.730906,0.322046,-0.077793,-0.033475,-0.004376,0.608198,16.756107,708.750,1,0.208253,0.000000,0.222889,0.402063
tracking_cdrone3_20260822_203534_108_milestone4,milestone4,1787456136.270624161,target_map,2,4,0,detected,-1.629876,2.711860,0.304047,3.970248,0.585347,0.075810,0.493408,8.646872,6252.500,0,0.208253,0.000000,0.222889,0.402063
tracking_cdrone3_20260822_203534_108_milestone4,milestone4,1787456136.304651499,raw,1,1,0,detected,4.107444,8.775850,0.326640,0.358542,0.151154,0.014659,0.638672,16.853657,724.500,0,0.000000,0.000000,0.000000,0.000000
tracking_cdrone3_20260822_203534_108_milestone4,milestone4,1787456136.304651499,raw,4,4,0,detected,-2.918904,2.506719,0.278105,-1.839824,-0.331340,-0.040421,0.482178,8.177294,7130.000,1,0.000000,0.000000,0.000000,0.000000
tracking_cdrone3_20260822_203534_108_milestone4,milestone4,1787456136.370651722,target_map,1,1,0,detected,4.116683,8.779728,0.326987,0.162191,0.068071,0.006094,0.629577,16.853657,724.500,0,0.056960,0.000000,0.169936,0.364240
tracking_cdrone3_20260822_203534_108_milestone4,milestone4,1787456136.370651722,target_map,2,4,0,detected,-2.874776,2.511343,0.278782,0.774708,0.081169,0.011883,0.475312,8.177294,7130.000,1,0.056960,0.000000,0.169936,0.364240
tracking_cdrone3_20260822_203534_108_milestone4,milestone4,1787456136.470548391,target_map,1,1,0,detected,4.132885,8.786528,0.327596,0.162191,0.068071,0.006094,0.613627,16.853657,724.500,0,0.156857,0.000000,0.204900,0.389214
tracking_cdrone3_20260822_203534_108_milestone4,milestone4,1787456136.470548391,target_map,2,4,0,detected,-2.797385,2.519451,0.279969,0.774708,0.081169,0.011883,0.463269,8.177294,7130.000,1,0.156857,0.000000,0.204900,0.389214
tracking_cdrone3_20260822_203534_108_milestone4,milestone4,1787456136.510266304,raw,1,1,0,detected,4.163512,8.806432,0.322485,0.272704,0.148742,-0.020212,0.605957,16.917446,697.500,0,0.000000,0.000000,0.000000,0.000000
tracking_cdrone3_20260822_203534_108_milestone4,milestone4,1787456136.510266304,raw,4,4,0,detected,-4.951436,2.207650,0.233402,-9.885945,-1.454629,-0.217427,0.482178,6.122420,7130.000,1,0.000000,0.000000,0.000000,0.000000
tracking_cdrone3_20260822_203534_108_milestone4,milestone4,1787456136.570698738,target_map,1,1,0,detected,4.174575,8.812011,0.322069,0.222973,0.112440,-0.008375,0.598441,16.917446,697.500,0,0.049616,0.000000,0.167366,0.362404
tracking_cdrone3_20260822_203534_108_milestone4,milestone4,1787456136.570698738,target_map,2,4,0,detected,-5.150074,2.177689,0.228918,-4.003480,-0.603846,-0.090371,0.476197,6.122420,7130.000,1,0.049616,0.000000,0.167366,0.362404
tracking_cdrone3_20260822_203534_108_milestone4,milestone4,1787456136.670501232,target_map,1,1,0,detected,4.196829,8.823233,0.321233,0.222973,0.112440,-0.008375,0.583321,16.917446,697.500,0,0.149421,0.000000,0.202297,0.387355
tracking_cdrone3_20260822_203534_108_milestone4,milestone4,1787456136.670501232,target_map,2,4,0,detected,-5.549640,2.117423,0.219899,-4.003480,-0.603846,-0.090371,0.464166,6.122420,7130.000,1,0.149421,0.000000,0.202297,0.387355
tracking_cdrone3_20260822_203534_108_milestone4,milestone4,1787456136.722826719,raw,1,1,0,detected,4.243042,8.845444,0.323276,0.374144,0.183527,0.003724,0.645020,17.006084,697.500,0,0.000000,0.000000,0.000000,0.000000
tracking_cdrone3_20260822_203534_108_milestone4,milestone4,1787456136.770775557,target_map,1,1,0,detected,4.256832,8.852270,0.323199,0.306117,0.151538,-0.001721,0.637755,17.006084,697.500,0,0.045047,0.000000,0.165767,0.361262
tracking_cdrone3_20260822_203534_108_milestone4,milestone4,1787456136.770775557,target_map,2,4,0,detected,-5.951081,2.056873,0.210837,-4.003480,-0.603846,-0.090371,0.452078,6.122420,7130.000,1,0.249694,0.000000,0.237393,0.412424
tracking_cdrone3_20260822_203534_108_milestone4,milestone4,1787456136.870752811,target_map,1,1,0,detected,4.287436,8.867420,0.323027,0.306117,0.151538,-0.001721,0.621634,17.006084,697.500,0,0.145025,0.000000,0.200759,0.386256
tracking_cdrone3_20260822_203534_108_milestone4,milestone4,1787456136.870752811,target_map,2,4,2,predicted,-6.351338,1.996502,0.201802,-4.003480,-0.603846,-0.090371,0.440027,6.122420,7130.000,1,0.349671,0.349671,0.272385,0.437418
tracking_cdrone3_20260822_203534_108_milestone4,milestone4,1787456136.953683138,raw,1,1,0,detected,3.981666,8.719927,0.317701,-1.131940,-0.543572,-0.024146,0.631348,16.716026,703.125,1,0.000000,0.000000,0.000000,0.000000
tracking_cdrone3_20260822_203534_108_milestone4,milestone4,1787456136.970899343,target_map,1,1,0,detected,3.977267,8.717833,0.317573,-0.484814,-0.230773,-0.014055,0.629915,16.716026,703.125,1,0.009075,0.000000,0.153176,0.352269
tracking_cdrone3_20260822_203534_108_milestone4,milestone4,1787456136.970899343,target_map,2,4,2,predicted,-6.752244,1.936033,0.192752,-4.003480,-0.603846,-0.090371,0.427956,6.122420,7130.000,1,0.449811,0.449811,0.307434,0.462453
tracking_cdrone3_20260822_203534_108_milestone4,milestone4,1787456137.070855618,target_map,1,1,0,detected,3.928806,8.694765,0.316168,-0.484814,-0.230773,-0.014055,0.614138,16.716026,703.125,1,0.109033,0.000000,0.188161,0.377258
tracking_cdrone3_20260822_203534_108_milestone4,milestone4,1787456137.070855618,target_map,2,4,2,predicted,-7.152423,1.875674,0.183719,-4.003480,-0.603846,-0.090371,0.415906,6.122420,7130.000,1,0.549769,0.549769,0.342419,0.487442
tracking_cdrone3_20260822_203534_108_milestone4,milestone4,1787456137.170609713,target_map,1,1,0,detected,3.880440,8.671742,0.314766,-0.484814,-0.230773,-0.014055,0.598392,16.716026,703.125,1,0.208795,0.000000,0.223078,0.402199
tracking_cdrone3_20260822_203534_108_milestone4,milestone4,1787456137.170609713,target_map,2,4,2,predicted,-7.551818,1.815433,0.174704,-4.003480,-0.603846,-0.090371,0.403880,6.122420,7130.000,1,0.649531,0.649531,0.377336,0.512383
tracking_cdrone3_20260822_203534_108_milestone4,milestone4,1787456137.183270454,raw,1,1,0,detected,4.186935,8.822395,0.323976,0.894304,0.446427,0.027342,0.672363,16.945543,730.250,0,0.000000,0.000000,0.000000,0.000000
tracking_cdrone3_20260822_203534_108_milestone4,milestone4,1787456137.270874977,target_map,1,1,0,detected,4.209617,8.834137,0.324699,0.273701,0.141687,0.008714,0.658433,16.945543,730.250,0,0.082871,0.000000,0.179005,0.370718
tracking_cdrone3_20260822_203534_108_milestone4,milestone4,1787456137.270874977,target_map,2,4,2,predicted,-7.953200,1.754893,0.165643,-4.003480,-0.603846,-0.090371,0.391795,6.122420,7130.000,1,0.749789,0.749789,0.412426,0.537447
tracking_cdrone3_20260822_203534_108_milestone4,milestone4,1787456137.372075319,target_map,1,1,0,detected,4.237312,8.848475,0.325580,0.273701,0.141687,0.008714,0.641425,16.945543,730.250,0,0.184060,0.000000,0.214421,0.396015
tracking_cdrone3_20260822_203534_108_milestone4,milestone4,1787456137.372075319,target_map,2,4,2,predicted,-8.358309,1.693790,0.156499,-4.003480,-0.603846,-0.090371,0.379597,6.122420,7130.000,1,0.850978,0.850978,0.447842,0.562744
tracking_cdrone3_20260822_203534_108_milestone4,milestone4,1787456137.416319370,raw,1,1,0,detected,3.989824,8.725165,0.318277,-0.845787,-0.417206,-0.024458,0.640625,16.725698,736.000,1,0.000000,0.000000,0.000000,0.000000
tracking_cdrone3_20260822_203534_108_milestone4,milestone4,1787456137.470832586,target_map,1,1,0,detected,3.972200,8.716627,0.317786,-0.342018,-0.165704,-0.009531,0.632372,16.725698,736.000,1,0.051529,0.000000,0.168035,0.362882
tracking_cdrone3_20260822_203534_108_milestone4,milestone4,1787456137.470832586,target_map,2,4,2,predicted,-8.753731,1.634148,0.147573,-4.003480,-0.603846,-0.090371,0.367691,6.122420,7130.000,1,0.949748,0.949748,0.482412,0.587437
tracking_cdrone3_20260822_203534_108_milestone4,milestone4,1787456137.570554256,target_map,1,1,0,detected,3.938092,8.700102,0.316835,-0.342018,-0.165704,-0.009531,0.616401,16.725698,736.000,1,0.151254,0.000000,0.202939,0.387814
tracking_cdrone3_20260822_203534_108_milestone4,milestone4,1787456137.570554256,target_map,2,4,2,predicted,-9.152980,1.573930,0.138561,-4.003480,-0.603846,-0.090371,0.355670,6.122420,7130.000,1,1.049473,1.049473,0.517316,0.612368
tracking_cdrone3_20260822_203534_108_milestone4,milestone4,1787456137.640894890,raw,1,1,0,detected,3.888281,8.686258,0.319831,-0.452145,-0.173243,0.006922,0.676270,16.617487,703.125,1,0.000000,0.000000,0.000000,0.000000
tracking_cdrone3_20260822_203534_108_milestone4,milestone4,1787456137.670866489,target_map,1,1,0,detected,3.877927,8.681890,0.319819,-0.402588,-0.169850,-0.000482,0.671922,16.617487,703.125,1,0.025717,0.000000,0.159001,0.356429
tracking_cdrone3_20260822_203534_108_milestone4,milestone4,1787456137.670866489,target_map,2,4,2,predicted,-9.554545,1.513361,0.129496,-4.003480,-0.603846,-0.090371,0.343578,6.122420,7130.000,1,1.149777,1.149777,0.552422,0.637444
tracking_cdrone3_20260822_203534_108_milestone4,milestone4,1787456137.770874262,target_map,1,1,0,detected,3.837666,8.664904,0.319771,-0.402588,-0.169850,-0.000482,0.655014,16.617487,703.125,1,0.125724,0.000000,0.194003,0.381431
tracking_cdrone3_20260822_203534_108_milestone4,milestone4,1787456137.770874262,target_map,2,4,2,predicted,-9.954920,1.452973,0.120458,-4.003480,-0.603846,-0.090371,0.331523,6.122420,7130.000,1,1.249784,1.249784,0.587424,0.662446
tracking_cdrone3_20260822_203534_108_milestone4,milestone4,1787456137.871028423,target_map,1,1,0,detected,3.797349,8.647895,0.319722,-0.402588,-0.169850,-0.000482,0.638083,16.617487,703.125,1,0.225869,0.000000,0.229054,0.406467
tracking_cdrone3_20260822_203534_108_milestone4,milestone4,1787456137.871028423,target_map,2,4,2,predicted,-10.355847,1.392501,0.111408,-4.003480,-0.603846,-0.090371,0.319451,6.122420,7130.000,1,1.349929,1.349929,0.622475,0.687482
tracking_cdrone3_20260822_203534_108_milestone4,milestone4,1787456137.874220848,raw,1,1,0,detected,3.169006,8.298346,0.284724,-3.082767,-1.662569,-0.150466,0.635254,15.800548,686.250,1,0.000000,0.000000,0.000000,0.000000
tracking_cdrone3_20260822_203534_108_milestone4,milestone4,1787456137.970562458,target_map,1,1,0,detected,2.994548,8.206236,0.277011,-1.876687,-0.990846,-0.082973,0.620491,15.800548,686.250,1,0.092960,0.000000,0.182536,0.373240
tracking_cdrone3_20260822_203534_108_milestone4,milestone4,1787456137.970562458,target_map,2,4,2,predicted,-10.754425,1.332383,0.102411,-4.003480,-0.603846,-0.090371,0.307450,6.122420,7130.000,1,1.449486,1.449486,0.657320,0.712372
tracking_cdrone3_20260822_203534_108_milestone4,milestone4,1787456138.070685387,target_map,1,1,0,detected,2.806653,8.107032,0.268704,-1.876687,-0.990846,-0.082973,0.604590,15.800548,686.250,1,0.193081,0.000000,0.217578,0.398270
tracking_cdrone3_20260822_203534_108_milestone4,milestone4,1787456138.070685387,target_map,2,4,2,predicted,-11.155257,1.271925,0.093363,-4.003480,-0.603846,-0.090371,0.295381,6.122420,7130.000,1,1.549607,1.549607,0.692363,0.737402
tracking_cdrone3_20260822_203534_108_milestone4,milestone4,1787456138.099855423,raw,1,1,0,detected,3.355935,8.403984,0.283845,0.828437,0.468170,-0.003897,0.683594,16.014894,740.250,0,0.000000,0.000000,0.000000,0.000000
tracking_cdrone3_20260822_203534_108_milestone4,milestone4,1787456138.170538187,target_map,1,1,0,detected,3.329542,8.391198,0.281165,-0.388869,-0.188387,-0.039481,0.671995,16.014894,740.250,0,0.067870,0.000000,0.173754,0.366967
tracking_cdrone3_20260822_203534_108_milestone4,milestone4,1787456138.170538187,target_map,2,4,2,predicted,-11.555044,1.211625,0.084339,-4.003480,-0.603846,-0.090371,0.283344,6.122420,7130.000,1,1.649467,1.649467,0.727314,0.762367
tracking_cdrone3_20260822_203534_108_milestone4,milestone4,1787456138.271151781,target_map,1,1,0,detected,3.290430,8.372251,0.277194,-0.388869,-0.188387,-0.039481,0.654806,16.014894,740.250,0,0.168449,0.000000,0.208957,0.392112
tracking_cdrone3_20260822_203534_108_milestone4,milestone4,1787456138.271151781,target_map,2,4,2,predicted,-11.957712,1.150891,0.075249,-4.003480,-0.603846,-0.090371,0.271219,6.122420,7130.000,1,1.750047,1.750047,0.762516,0.787512
tracking_cdrone3_20260822_203534_108_milestone4,milestone4,1787456138.318281651,raw,1,1,0,detected,3.248999,8.336906,0.311601,-0.489567,-0.307088,0.127069,0.659180,15.889528,740.250,1,0.000000,0.000000,0.000000,0.000000
tracking_cdrone3_20260822_203534_108_milestone4,milestone4,1787456138.370730400,target_map,1,1,0,detected,3.227588,8.324680,0.314113,-0.444253,-0.253673,0.052121,0.651237,15.889528,740.250,1,0.048196,0.000000,0.166868,0.362049
tracking_cdrone3_20260822_203534_108_milestone4,milestone4,1787456138.370730400,target_map,2,4,2,predicted,-12.356469,1.090746,0.066248,-4.003480,-0.603846,-0.090371,0.259213,6.122420,7130.000,1,1.849649,1.849649,0.797377,0.812412
tracking_cdrone3_20260822_203534_108_milestone4,milestone4,1787456138.471052408,target_map,1,1,0,detected,3.183025,8.299234,0.319341,-0.444253,-0.253673,0.052121,0.634707,15.889528,740.250,1,0.148505,0.000000,0.201977,0.387126
tracking_cdrone3_20260822_203534_108_milestone4,milestone4,1787456138.471052408,target_map,2,4,2,predicted,-12.758058,1.030174,0.057183,-4.003480,-0.603846,-0.090371,0.247121,6.122420,7130.000,1,1.949959,1.949959,0.832486,0.837490
tracking_cdrone3_20260822_203534_108_milestone4,milestone4,1787456138.520787477,raw,1,1,0,detected,3.970344,8.695204,0.299278,3.562048,1.769292,-0.060851,0.674805,16.694952,701.500,0,0.000000,0.000000,0.000000,0.000000
tracking_cdrone3_20260822_203534_108_milestone4,milestone4,1787456138.570856094,target_map,1,1,0,detected,4.052677,8.735404,0.298809,1.759213,0.858958,-0.010013,0.666909,16.694952,701.500,0,0.046801,0.000000,0.166380,0.361700
tracking_cdrone3_20260822_203534_108_milestone4,milestone4,1787456138.570856094,target_map,2,4,2,predicted,-13.157648,0.969904,0.048163,-4.003480,-0.603846,-0.090371,0.235089,6.122420,7130.000,1,2.049770,2.049770,0.867419,0.862442
tracking_cdrone3_20260822_203534_108_milestone4,milestone4,1787456138.673734188,target_map,1,1,0,detected,4.233637,8.823760,0.297779,1.759213,0.858958,-0.010013,0.649556,16.694952,701.500,0,0.149666,0.000000,0.202383,0.387416
tracking_cdrone3_20260822_203534_108_milestone4,milestone4,1787456138.673734188,target_map,2,4,2,predicted,-13.569464,0.907790,0.038867,-4.003480,-0.603846,-0.090371,0.222690,6.122420,7130.000,1,2.152634,2.152634,0.903422,0.888159
tracking_cdrone3_20260822_203534_108_milestone4,milestone4,1787456138.742359161,raw,1,1,0,detected,4.815013,9.114612,0.318555,3.812473,1.893028,0.087008,0.603027,17.638123,678.500,0,0.000000,0.000000,0.000000,0.000000
tracking_cdrone3_20260822_203534_108_milestone4,milestone4,1787456138.772333860,target_map,1,1,0,detected,4.894637,9.153967,0.319749,2.888506,1.427697,0.043348,0.598872,17.638123,678.500,0,0.027566,0.000000,0.159648,0.356891
tracking_cdrone3_20260822_203534_108_milestone4,milestone4,1787456138.772333860,target_map,2,4,2,predicted,-13.964320,0.848233,0.029954,-4.003480,-0.603846,-0.090371,0.210801,6.122420,7130.000,1,2.251263,2.251263,0.937942,0.912816
tracking_cdrone3_20260822_203534_108_milestone4,milestone4,1787456138.870831966,target_map,1,1,0,detected,5.179098,9.294567,0.324018,2.888506,1.427697,0.043348,0.584025,17.638123,678.500,0,0.126046,0.000000,0.194116,0.381512
tracking_cdrone3_20260822_203534_108_milestone4,milestone4,1787456138.870831966,target_map,2,4,2,predicted,-14.358584,0.788766,0.021054,-4.003480,-0.603846,-0.090371,0.198929,6.122420,7130.000,1,2.349743,2.349743,0.972410,0.937436
tracking_cdrone3_20260822_203534_108_milestone4,milestone4,1787456138.970560074,target_map,1,1,0,detected,5.467204,9.436969,0.328342,2.888506,1.427697,0.043348,0.568988,17.638123,678.500,0,0.225788,0.000000,0.229026,0.406447
tracking_cdrone3_20260822_203534_108_milestone4,milestone4,1787456138.970560074,target_map,2,4,2,predicted,-14.757900,0.728537,0.012041,-4.003480,-0.603846,-0.090371,0.186906,6.122420,7130.000,1,2.449485,2.449485,1.007320,0.962371
tracking_cdrone3_20260822_203534_108_milestone4,milestone4,1787456138.983177662,raw,1,1,0,detected,3.247957,8.343888,0.288364,-6.507238,-3.200446,-0.125368,0.553711,15.891596,712.500,1,0.000000,0.000000,0.000000,0.000000
tracking_cdrone3_20260822_203534_108_milestone4,milestone4,1787456138.983177662,raw,5,5,0,detected,2.884064,4.263888,0.350915,0.000000,0.000000,0.000000,0.504883,14.202292,493.500,0,0.000000,0.000000,0.000000,0.000000
tracking_cdrone3_20260822_203534_108_milestone4,milestone4,1787456139.070801497,target_map,1,1,0,detected,3.060426,8.251916,0.284295,-2.279153,-1.117782,-0.049446,0.542321,15.891596,712.500,1,0.082281,0.000000,0.178798,0.370570
tracking_cdrone3_20260822_203534_108_milestone4,milestone4,1787456139.070801497,target_map,2,4,2,predicted,-15.159196,0.668010,0.002982,-4.003480,-0.603846,-0.090371,0.174823,6.122420,7130.000,1,2.549722,2.549722,1.042403,0.987431
tracking_cdrone3_20260822_203534_108_milestone4,milestone4,1787456139.070801497,target_map,3,5,0,detected,2.884064,4.263888,0.350915,0.000000,0.000000,0.000000,0.494497,14.202292,493.500,0,0.082281,0.000000,0.178798,0.370570
tracking_cdrone3_20260822_203534_108_milestone4,milestone4,1787456139.170770645,target_map,1,1,0,detected,2.832568,8.140166,0.279352,-2.279153,-1.117782,-0.049446,0.528482,15.891596,712.500,1,0.182256,0.000000,0.213790,0.395564
tracking_cdrone3_20260822_203534_108_milestone4,milestone4,1787456139.170770645,target_map,2,4,2,predicted,-15.559443,0.607640,-0.006053,-4.003480,-0.603846,-0.090371,0.162772,6.122420,7130.000,1,2.649697,2.649697,1.077394,1.012424
tracking_cdrone3_20260822_203534_108_milestone4,milestone4,1787456139.170770645,target_map,3,5,0,detected,2.884064,4.263888,0.350915,0.000000,0.000000,0.000000,0.481878,14.202292,493.500,0,0.182256,0.000000,0.213790,0.395564
tracking_cdrone3_20260822_203534_108_milestone4,milestone4,1787456139.210113525,raw,1,1,0,detected,4.160127,8.799102,0.285145,4.019412,2.005864,-0.014181,0.531250,16.910900,673.750,0,0.000000,0.000000,0.000000,0.000000
tracking_cdrone3_20260822_203534_108_milestone4,milestone4,1787456139.210113525,raw,5,5,0,detected,2.652498,4.221943,0.341837,-1.020379,-0.184830,-0.040000,0.506836,13.966901,461.250,1,0.000000,0.000000,0.000000,0.000000
tracking_cdrone3_20260822_203534_108_milestone4,milestone4,1787456139.270934582,target_map,1,1,0,detected,4.224356,8.831634,0.283517,1.185057,0.600223,-0.030050,0.524052,16.910900,673.750,0,0.054199,0.000000,0.168970,0.363550
tracking_cdrone3_20260822_203534_108_milestone4,milestone4,1787456139.270934582,target_map,2,4,2,predicted,-15.960327,0.547175,-0.015102,-4.003480,-0.603846,-0.090371,0.150701,6.122420,7130.000,1,2.749831,2.749831,1.112441,1.037458
tracking_cdrone3_20260822_203534_108_milestone4,milestone4,1787456139.270934582,target_map,3,5,0,detected,2.622081,4.216433,0.340645,-0.561208,-0.101656,-0.022000,0.499968,13.966901,461.250,1,0.054199,0.000000,0.168970,0.363550
tracking_cdrone3_20260822_203534_108_milestone4,milestone4,1787456139.370851994,target_map,1,1,0,detected,4.342778,8.891613,0.280514,1.185057,0.600223,-0.030050,0.510780,16.910900,673.750,0,0.154129,0.000000,0.203945,0.388532
tracking_cdrone3_20260822_203534_108_milestone4,milestone4,1787456139.370851994,target_map,2,4,2,predicted,-16.360394,0.486833,-0.024133,-4.003480,-0.603846,-0.090371,0.138655,6.122420,7130.000,1,2.849761,2.849761,1.147416,1.062440
tracking_cdrone3_20260822_203534_108_milestone4,milestone4,1787456139.370851994,target_map,3,5,0,detected,2.566000,4.206275,0.338446,-0.561208,-0.101656,-0.022000,0.487306,13.966901,461.250,1,0.154129,0.000000,0.203945,0.388532
tracking_cdrone3_20260822_203534_108_milestone4,milestone4,1787456139.416004658,raw,1,1,0,detected,4.477824,8.929258,0.277270,1.542979,0.632142,-0.038250,0.475830,17.253384,654.000,0,0.000000,0.000000,0.000000,0.000000
tracking_cdrone3_20260822_203534_108_milestone4,milestone4,1787456139.416004658,raw,5,5,0,detected,2.735608,4.221544,0.333355,0.403644,-0.001939,-0.041198,0.493164,14.048031,438.750,0,0.000000,0.000000,0.000000,0.000000
tracking_cdrone3_20260822_203534_108_milestone4,milestone4,1787456139.470827818,target_map,1,1,0,detected,4.533209,8.954019,0.275885,1.381914,0.617779,-0.034560,0.471062,17.253384,654.000,0,0.040079,0.000000,0.164028,0.360020
tracking_cdrone3_20260822_203534_108_milestone4,milestone4,1787456139.470827818,target_map,2,4,2,predicted,-16.760677,0.426458,-0.033168,-4.003480,-0.603846,-0.090371,0.126602,6.122420,7130.000,1,2.949744,2.949744,1.182410,1.087436
tracking_cdrone3_20260822_203534_108_milestone4,milestone4,1787456139.470827818,target_map,3,5,0,detected,2.734384,4.219667,0.332050,-0.030540,-0.046812,-0.032559,0.488223,14.048031,438.750,0,0.040079,0.000000,0.164028,0.360020
tracking_cdrone3_20260822_203534_108_milestone4,milestone4,1787456139.570541859,target_map,1,1,0,detected,4.671025,9.015628,0.272438,1.381914,0.617779,-0.034560,0.459199,17.253384,654.000,0,0.139807,0.000000,0.198932,0.384952
tracking_cdrone3_20260822_203534_108_milestone4,milestone4,1787456139.570541859,target_map,2,4,2,predicted,-17.159935,0.366238,-0.042181,-4.003480,-0.603846,-0.090371,0.114581,6.122420,7130.000,1,3.049472,3.049472,1.217315,1.112368
tracking_cdrone3_20260822_203534_108_milestone4,milestone4,1787456139.570541859,target_map,3,5,0,detected,2.731338,4.214999,0.328803,-0.030540,-0.046812,-0.032559,0.475927,14.048031,438.750,0,0.139807,0.000000,0.198932,0.384952
tracking_cdrone3_20260822_203534_108_milestone4,milestone4,1787456139.635777950,raw,1,1,0,detected,4.622329,9.016303,0.295677,0.657537,0.396074,0.083758,0.446777,17.421577,649.750,0,0.000000,0.000000,0.000000,0.000000
tracking_cdrone3_20260822_203534_108_milestone4,milestone4,1787456139.635777950,raw,5,5,0,detected,2.837820,4.255491,0.343374,0.465092,0.154467,0.045589,0.508789,14.155143,512.500,0,0.000000,0.000000,0.000000,0.000000
tracking_cdrone3_20260822_203534_108_milestone4,milestone4,1787456139.670682669,target_map,1,1,0,detected,4.653291,9.031913,0.296638,0.983507,0.495841,0.030515,0.443261,17.421577,649.750,0,0.031482,0.000000,0.161019,0.357870
tracking_cdrone3_20260822_203534_108_milestone4,milestone4,1787456139.670682669,target_map,2,4,2,predicted,-17.560808,0.305774,-0.051230,-4.003480,-0.603846,-0.090371,0.102511,6.122420,7130.000,1,3.149603,3.149603,1.252361,1.137401
tracking_cdrone3_20260822_203534_108_milestone4,milestone4,1787456139.670682669,target_map,3,5,0,detected,2.845440,4.257502,0.343702,0.242058,0.063892,0.010422,0.504785,14.155143,512.500,0,0.031482,0.000000,0.161019,0.357870
tracking_cdrone3_20260822_203534_108_milestone4,milestone4,1787456139.770812273,target_map,1,1,0,detected,4.751758,9.081555,0.299693,0.983507,0.495841,0.030515,0.432078,17.421577,649.750,0,0.131600,0.000000,0.196060,0.382900
tracking_cdrone3_20260822_203534_108_milestone4,milestone4,1787456139.770812273,target_map,2,4,2,predicted,-17.961630,0.245318,-0.060277,-4.003480,-0.603846,-0.090371,0.090442,6.122420,7130.000,1,3.249721,3.249721,1.287402,1.162430
tracking_cdrone3_20260822_203534_108_milestone4,milestone4,1787456139.770812273,target_map,3,5,0,detected,2.869674,4.263899,0.344745,0.242058,0.063892,0.010422,0.492050,14.155143,512.500,0,0.131600,0.000000,0.196060,0.382900
tracking_cdrone3_20260822_203534_108_milestone4,milestone4,1787456139.870884657,target_map,1,1,0,detected,4.850185,9.131178,0.302747,0.983507,0.495841,0.030515,0.420900,17.421577,649.750,0,0.231677,0.000000,0.231087,0.407919
tracking_cdrone3_20260822_203534_108_milestone4,milestone4,1787456139.870884657,target_map,2,4,2,predicted,-18.362288,0.184886,-0.069321,-4.003480,-0.603846,-0.090371,0.078378,6.122420,7130.000,1,3.349799,3.349799,1.322430,1.187450
tracking_cdrone3_20260822_203534_108_milestone4,milestone4,1787456139.870884657,target_map,3,5,0,detected,2.893899,4.270293,0.345788,0.242058,0.063892,0.010422,0.479320,14.155143,512.500,0,0.231677,0.000000,0.231087,0.407919
tracking_cdrone3_20260822_203534_108_milestone4,milestone4,1787456139.876746893,raw,1,1,0,detected,4.717929,9.046259,0.314120,0.396702,0.124305,0.076530,0.476807,17.520771,661.250,0,0.000000,0.000000,0.000000,0.000000
tracking_cdrone3_20260822_203534_108_milestone4,milestone4,1787456139.876746893,raw,5,5,0,detected,2.662577,4.209909,0.348584,-0.727182,-0.189146,0.021619,0.445557,13.974380,438.750,1,0.000000,0.000000,0.000000,0.000000
tracking_cdrone3_20260822_203534_108_milestone4,milestone4,1787456139.876746893,raw,6,6,0,detected,3.592151,8.495128,0.280414,0.000000,0.000000,0.000000,0.442871,16.267033,434.750,0,0.000000,0.000000,0.000000,0.000000
tracking_cdrone3_20260822_203534_108_milestone4,milestone4,1787456139.970841646,target_map,1,1,0,detected,4.774871,9.071379,0.318931,0.660764,0.291496,0.055824,0.466534,17.520771,661.250,0,0.086175,0.000000,0.180161,0.371544
tracking_cdrone3_20260822_203534_108_milestone4,milestone4,1787456139.970841646,target_map,2,4,2,predicted,-18.762474,0.124526,-0.078355,-4.003480,-0.603846,-0.090371,0.066329,6.122420,7130.000,1,3.449759,3.449759,1.357416,1.212440
tracking_cdrone3_20260822_203534_108_milestone4,milestone4,1787456139.970841646,target_map,3,5,0,detected,2.637498,4.203422,0.350012,-0.291024,-0.075279,0.016581,0.435958,13.974380,438.750,1,0.086175,0.000000,0.180161,0.371544
tracking_cdrone3_20260822_203534_108_milestone4,milestone4,1787456139.970841646,target_map,4,6,0,detected,3.592151,8.495128,0.280414,0.000000,0.000000,0.000000,0.433330,16.267033,434.750,0,0.086175,0.000000,0.180161,0.371544
tracking_cdrone3_20260822_203534_108_milestone4,milestone4,1787456140.070701361,target_map,1,1,0,detected,4.840850,9.100486,0.324505,0.660764,0.291496,0.055824,0.454632,17.520771,661.250,0,0.186029,0.000000,0.215110,0.396507
tracking_cdrone3_20260822_203534_108_milestone4,milestone4,1787456140.070701361,target_map,2,4,2,predicted,-19.162237,0.064230,-0.087379,-4.003480,-0.603846,-0.090371,0.054292,6.122420,7130.000,1,3.549612,3.549612,1.392364,1.237403
tracking_cdrone3_20260822_203534_108_milestone4,milestone4,1787456140.070701361,target_map,3,5,0,detected,2.608438,4.195905,0.351668,-0.291024,-0.075279,0.016581,0.424835,13.974380,438.750,1,0.186029,0.000000,0.215110,0.396507
tracking_cdrone3_20260822_203534_108_milestone4,milestone4,1787456140.070701361,target_map,4,6,0,detected,3.592151,8.495128,0.280414,0.000000,0.000000,0.000000,0.422274,16.267033,434.750,0,0.186029,0.000000,0.215110,0.396507
tracking_cdrone3_20260822_203534_108_milestone4,milestone4,1787456140.136735439,raw,1,1,0,detected,4.412398,8.902352,0.300586,-1.175053,-0.553455,-0.052053,0.489502,17.182888,693.250,1,0.000000,0.000000,0.000000,0.000000
tracking_cdrone3_20260822_203534_108_milestone4,milestone4,1787456140.136735439,raw,5,5,0,detected,3.209105,4.330111,0.352294,2.101907,0.462287,0.014270,0.445557,14.533854,438.750,0,0.000000,0.000000,0.000000,0.000000
tracking_cdrone3_20260822_203534_108_milestone4,milestone4,1787456140.136735439,raw,6,6,0,detected,4.024445,8.713059,0.277792,1.662572,0.838148,-0.010085,0.442871,16.751003,434.750,0,0.000000,0.000000,0.000000,0.000000
tracking_cdrone3_20260822_203534_108_milestone4,milestone4,1787456140.170804739,target_map,1,1,0,detected,4.402072,8.897226,0.300482,-0.348935,-0.173227,-0.003509,0.485881,17.182888,693.250,1,0.029591,0.000000,0.160357,0.357398
tracking_cdrone3_20260822_203534_108_milestone4,milestone4,1787456140.170804739,target_map,2,4,2,predicted,-19.563046,0.003776,-0.096426,-4.003480,-0.603846,-0.090371,0.042223,6.122420,7130.000,1,3.649727,3.649727,1.427405,1.262432
tracking_cdrone3_20260822_203534_108_milestone4,milestone4,1787456140.170804739,target_map,3,5,0,detected,3.239439,4.336632,0.352747,1.025088,0.220382,0.015310,0.442260,14.533854,438.750,0,0.029591,0.000000,0.160357,0.357398
tracking_cdrone3_20260822_203534_108_milestone4,milestone4,1787456140.170804739,target_map,4,6,0,detected,4.051504,8.726701,0.277628,0.914415,0.460982,-0.005546,0.439595,16.751003,434.750,0,0.029591,0.000000,0.160357,0.357398
tracking_cdrone3_20260822_203534_108_milestone4,milestone4,1787456140.270502806,target_map,1,1,0,detected,4.367282,8.879955,0.300132,-0.348935,-0.173227,-0.003509,0.473679,17.182888,693.250,1,0.129295,0.000000,0.195253,0.382324
tracking_cdrone3_20260822_203534_108_milestone4,milestone4,1787456140.270502806,target_map,2,4,2,predicted,-19.962208,-0.056430,-0.105437,-4.003480,-0.603846,-0.090371,0.030205,6.122420,7130.000,1,3.749431,3.749431,1.462301,1.287358
tracking_cdrone3_20260822_203534_108_milestone4,milestone4,1787456140.270502806,target_map,3,5,0,detected,3.341644,4.358605,0.354273,1.025088,0.220382,0.015310,0.431155,14.533854,438.750,0,0.129295,0.000000,0.195253,0.382324
tracking_cdrone3_20260822_203534_108_milestone4,milestone4,1787456140.270502806,target_map,4,6,0,detected,4.142674,8.772662,0.277075,0.914415,0.460982,-0.005546,0.428556,16.751003,434.750,0,0.129295,0.000000,0.195253,0.382324
tracking_cdrone3_20260822_203534_108_milestone4,milestone4,1787456140.370872259,target_map,1,1,0,detected,4.332266,8.862572,0.299780,-0.348935,-0.173227,-0.003509,0.461399,17.182888,693.250,1,0.229645,0.000000,0.230376,0.407411
tracking_cdrone3_20260822_203534_108_milestone4,milestone4,1787456140.370872259,target_map,2,4,2,predicted,-20.363956,-0.117026,-0.114505,-4.003480,-0.603846,-0.090371,0.018108,6.122420,7130.000,1,3.849781,3.849781,1.497423,1.312445
tracking_cdrone3_20260822_203534_108_milestone4,milestone4,1787456140.370872259,target_map,3,5,0,detected,3.444512,4.380720,0.355810,1.025088,0.220382,0.015310,0.419977,14.533854,438.750,0,0.229645,0.000000,0.230376,0.407411
tracking_cdrone3_20260822_203534_108_milestone4,milestone4,1787456140.370872259,target_map,4,6,0,detected,4.234436,8.818922,0.276518,0.914415,0.460982,-0.005546,0.417445,16.751003,434.750,0,0.229645,0.000000,0.230376,0.407411
tracking_cdrone3_20260822_203534_108_milestone4,milestone4,1787456140.372450829,raw,1,1,0,detected,4.906948,9.150962,0.332904,2.098534,1.054932,0.137135,0.733887,17.736509,708.750,0,0.000000,0.000000,0.000000,0.000000
tracking_cdrone3_20260822_203534_108_milestone4,milestone4,1787456140.372450829,raw,5,5,0,detected,3.368639,4.365384,0.377729,0.676952,0.149677,0.107929,0.445557,14.697471,438.750,0,0.000000,0.000000,0.000000,0.000000
tracking_cdrone3_20260822_203534_108_milestone4,milestone4,1787456140.372450829,raw,6,6,0,detected,4.423257,8.912686,0.309308,1.692287,0.847081,0.133733,0.442871,17.197069,434.750,0,0.000000,0.000000,0.000000,0.000000
tracking_cdrone3_20260822_203534_108_milestone4,milestone4,1787456140.470651865,target_map,1,1,0,detected,4.998730,9.197191,0.339701,0.997173,0.502261,0.073845,0.716999,17.736509,708.750,0,0.092043,0.000000,0.182215,0.373011
tracking_cdrone3_20260822_203534_108_milestone4,milestone4,1787456140.470651865,target_map,2,4,2,predicted,-20.763489,-0.177288,-0.123524,-4.003480,-0.603846,-0.090371,0.006078,6.122420,7130.000,1,3.949577,3.949577,1.532352,1.337394
tracking_cdrone3_20260822_203534_108_milestone4,milestone4,1787456140.470651865,target_map,3,5,0,detected,3.445367,4.382090,0.383827,0.833613,0.181495,0.066250,0.435304,14.697471,438.750,0,0.092043,0.000000,0.182215,0.373011
tracking_cdrone3_20260822_203534_108_milestone4,milestone4,1787456140.470651865,target_map,4,6,0,detected,4.546802,8.974662,0.315848,1.342245,0.673336,0.071057,0.432680,17.197069,434.750,0,0.092043,0.000000,0.182215,0.373011
tracking_cdrone3_20260822_203534_108_milestone4,milestone4,1787456140.570888042,target_map,1,1,0,detected,5.098668,9.247528,0.347101,0.997173,0.502261,0.073845,0.698612,17.736509,708.750,0,0.192264,0.000000,0.217292,0.398066
tracking_cdrone3_20260822_203534_108_milestone4,milestone4,1787456140.570888042,target_map,2,4,2,predicted,-21.164721,-0.237806,-0.132581,-4.003480,-0.603846,-0.090371,0.000000,6.122420,7130.000,1,4.049798,4.049798,1.567429,1.362450
tracking_cdrone3_20260822_203534_108_milestone4,milestone4,1787456140.570888042,target_map,3,5,0,detected,3.528913,4.400279,0.390467,0.833613,0.181495,0.066250,0.424141,14.697471,438.750,0,0.192264,0.000000,0.217292,0.398066
tracking_cdrone3_20260822_203534_108_milestone4,milestone4,1787456140.570888042,target_map,4,6,0,detected,4.681323,9.042145,0.322970,1.342245,0.673336,0.071057,0.421584,17.197069,434.750,0,0.192264,0.000000,0.217292,0.398066
tracking_cdrone3_20260822_203534_108_milestone4,milestone4,1787456140.604156733,raw,1,1,0,detected,4.687111,9.060980,0.282828,-0.948745,-0.388337,-0.216111,0.718262,17.498894,701.500,1,0.000000,0.000000,0.000000,0.000000
tracking_cdrone3_20260822_203534_108_milestone4,milestone4,1787456140.604156733,raw,5,5,0,detected,3.437308,4.387266,0.331663,0.296355,0.094437,-0.198805,0.405273,14.768376,580.000,0,0.000000,0.000000,0.000000,0.000000
tracking_cdrone3_20260822_203534_108_milestone4,milestone4,1787456140.670406818,target_map,1,1,0,detected,4.682653,9.061738,0.277604,-0.073082,0.012432,-0.085631,0.707307,17.498894,701.500,1,0.061006,0.000000,0.171352,0.365251
tracking_cdrone3_20260822_203534_108_milestone4,milestone4,1787456140.670406818,target_map,2,4,2,predicted,-21.563221,-0.297912,-0.141576,-4.003480,-0.603846,-0.090371,0.000000,6.122420,7130.000,1,4.149337,4.149337,1.602268,1.387334
tracking_cdrone3_20260822_203534_108_milestone4,milestone4,1787456140.670406818,target_map,3,5,0,detected,3.470137,4.395417,0.326811,0.538121,0.133613,-0.079530,0.399092,14.768376,580.000,0,0.061006,0.000000,0.171352,0.365251
tracking_cdrone3_20260822_203534_108_milestone4,milestone4,1787456140.670406818,target_map,4,6,2,predicted,4.814927,9.109167,0.330043,1.342245,0.673336,0.071057,0.410563,17.197069,434.750,0,0.291802,0.291802,0.252131,0.422951
tracking_cdrone3_20260822_203534_108_milestone4,milestone4,1787456140.770758867,target_map,1,1,0,detected,4.675320,9.062985,0.269012,-0.073082,0.012432,-0.085631,0.689290,17.498894,701.500,1,0.161342,0.000000,0.206470,0.390335
tracking_cdrone3_20260822_203534_108_milestone4,milestone4,1787456140.770758867,target_map,2,4,2,predicted,-21.964912,-0.358499,-0.150644,-4.003480,-0.603846,-0.090371,0.000000,6.122420,7130.000,1,4.249672,4.249672,1.637385,1.412418
tracking_cdrone3_20260822_203534_108_milestone4,milestone4,1787456140.770758867,target_map,3,5,0,detected,3.524129,4.408823,0.318832,0.538121,0.133613,-0.079530,0.388927,14.768376,580.000,0,0.161342,0.000000,0.206470,0.390335
tracking_cdrone3_20260822_203534_108_milestone4,milestone4,1787456140.770758867,target_map,4,6,2,predicted,4.949603,9.176727,0.337172,1.342245,0.673336,0.071057,0.399454,17.197069,434.750,0,0.392138,0.392138,0.287248,0.448034
tracking_cdrone3_20260822_203534_108_milestone4,milestone4,1787456140.844572067,raw,1,1,0,detected,4.335571,8.922759,0.373146,-1.462206,-0.574921,0.375672,0.636230,17.123413,563.750,1,0.000000,0.000000,0.000000,0.000000
tracking_cdrone3_20260822_203534_108_milestone4,milestone4,1787456140.844572067,raw,5,5,0,detected,3.255620,4.372517,0.392336,-0.755719,-0.061350,0.252362,0.405273,14.588454,580.000,1,0.000000,0.000000,0.000000,0.000000
tracking_cdrone3_20260822_203534_108_milestone4,milestone4,1787456140.871058226,target_map,1,1,0,detected,4.318628,8.916472,0.376548,-0.837100,-0.310612,0.168086,0.633011,17.123413,563.750,1,0.020241,0.000000,0.157084,0.355060
tracking_cdrone3_20260822_203534_108_milestone4,milestone4,1787456140.871058226,target_map,2,4,2,predicted,-22.366461,-0.419065,-0.159708,-4.003480,-0.603846,-0.090371,0.000000,6.122420,7130.000,1,4.349972,4.349972,1.672490,1.437493
tracking_cdrone3_20260822_203534_108_milestone4,milestone4,1787456140.871058226,target_map,3,5,0,detected,3.252108,4.373051,0.394421,-0.173491,0.026383,0.103011,0.403223,14.588454,580.000,1,0.020241,0.000000,0.157084,0.355060
tracking_cdrone3_20260822_203534_108_milestone4,milestone4,1787456140.871058226,target_map,4,6,2,predicted,5.084229,9.244263,0.344299,1.342245,0.673336,0.071057,0.388349,17.197069,434.750,0,0.492438,0.492438,0.322353,0.473109
tracking_cdrone3_20260822_203534_108_milestone4,milestone4,1787456140.970887423,target_map,1,1,0,detected,4.235065,8.885466,0.393327,-0.837100,-0.310612,0.168086,0.617133,17.123413,563.750,1,0.120065,0.000000,0.192023,0.380016
tracking_cdrone3_20260822_203534_108_milestone4,milestone4,1787456140.970887423,target_map,2,4,2,predicted,-22.766104,-0.479343,-0.168729,-4.003480,-0.603846,-0.090371,0.000000,6.122420,7130.000,1,4.449796,4.449796,1.707429,1.462449
tracking_cdrone3_20260822_203534_108_milestone4,milestone4,1787456140.970887423,target_map,3,5,0,detected,3.234790,4.375684,0.404704,-0.173491,0.026383,0.103011,0.393109,14.588454,580.000,1,0.120065,0.000000,0.192023,0.380016
tracking_cdrone3_20260822_203534_108_milestone4,milestone4,1787456140.970887423,target_map,4,6,2,predicted,5.218217,9.311478,0.351393,1.342245,0.673336,0.071057,0.377297,17.197069,434.750,0,0.592262,0.592262,0.357292,0.498065
tracking_cdrone3_20260822_203534_108_milestone4,milestone4,1787456141.070605755,target_map,1,1,0,detected,4.151576,8.854486,0.410091,-0.837100,-0.310612,0.168086,0.601270,17.123413,563.750,1,0.219800,0.000000,0.226930,0.404950
tracking_cdrone3_20260822_203534_108_milestone4,milestone4,1787456141.070605755,target_map,2,4,2,predicted,-23.165394,-0.539568,-0.177742,-4.003480,-0.603846,-0.090371,0.000000,6.122420,7130.000,1,4.549532,4.549532,1.742336,1.487383
tracking_cdrone3_20260822_203534_108_milestone4,milestone4,1787456141.070605755,target_map,3,5,0,detected,3.217486,4.378315,0.414977,-0.173491,0.026383,0.103011,0.383004,14.588454,580.000,1,0.219800,0.000000,0.226930,0.404950
tracking_cdrone3_20260822_203534_108_milestone4,milestone4,1787456141.070605755,target_map,4,6,2,predicted,5.352087,9.378633,0.358480,1.342245,0.673336,0.071057,0.366255,17.197069,434.750,0,0.691998,0.691998,0.392199,0.522999
tracking_cdrone3_20260822_203534_108_milestone4,milestone4,1787456141.083135366,raw,1,1,0,detected,0.746175,7.300813,0.327625,-15.046565,-6.799112,-0.190821,0.463867,13.187625,580.500,1,0.000000,0.000000,0.000000,0.000000
tracking_cdrone3_20260822_203534_108_milestone4,milestone4,1787456141.083135366,raw,5,5,0,detected,2.942484,4.453438,0.382159,-1.312650,0.339220,-0.042661,0.405273,14.299955,580.000,1,0.000000,0.000000,0.000000,0.000000
tracking_cdrone3_20260822_203534_108_milestone4,milestone4,1787456141.170859098,target_map,1,1,0,detected,0.398904,7.146302,0.329588,-4.386069,-1.951497,0.024792,0.454685,13.187625,580.500,1,0.079176,0.000000,0.177712,0.369794
tracking_cdrone3_20260822_203534_108_milestone4,milestone4,1787456141.170859098,target_map,2,4,2,predicted,-23.566721,-0.600100,-0.186801,-4.003480,-0.603846,-0.090371,0.000000,6.122420,7130.000,1,4.649776,4.649776,1.777422,1.512444
tracking_cdrone3_20260822_203534_108_milestone4,milestone4,1787456141.170859098,target_map,3,5,0,detected,2.879141,4.469150,0.383971,-0.800028,0.198443,0.022891,0.397251,14.299955,580.000,1,0.079176,0.000000,0.177712,0.369794
tracking_cdrone3_20260822_203534_108_milestone4,milestone4,1787456141.170859098,target_map,4,6,2,predicted,5.486640,9.446132,0.365603,1.342245,0.673336,0.071057,0.355156,17.197069,434.750,0,0.792242,0.792242,0.427285,0.548061
tracking_cdrone3_20260822_203534_108_milestone4,milestone4,1787456141.270951271,target_map,1,1,0,detected,-0.040041,6.951002,0.332069,-4.386069,-1.951497,0.024792,0.443080,13.187625,580.500,1,0.179253,0.000000,0.212738,0.394813
tracking_cdrone3_20260822_203534_108_milestone4,milestone4,1787456141.270951271,target_map,2,4,2,predicted,-23.967379,-0.660532,-0.195845,-4.003480,-0.603846,-0.090371,0.000000,6.122420,7130.000,1,4.749854,4.749854,1.812449,1.537463
tracking_cdrone3_20260822_203534_108_milestone4,milestone4,1787456141.270951271,target_map,3,5,0,detected,2.799076,4.489010,0.386262,-0.800028,0.198443,0.022891,0.387112,14.299955,580.000,1,0.179253,0.000000,0.212738,0.394813
tracking_cdrone3_20260822_203534_108_milestone4,milestone4,1787456141.270951271,target_map,4,6,2,predicted,5.620968,9.513517,0.372714,1.342245,0.673336,0.071057,0.344076,17.197069,434.750,0,0.892319,0.892319,0.462312,0.573080
tracking_cdrone3_20260822_203534_108_milestone4,milestone4,1787456141.351528883,raw,1,1,0,detected,2.803703,8.281181,0.703957,7.666088,3.652728,1.402164,0.708984,15.474504,490.250,0,0.000000,0.000000,0.000000,0.000000
tracking_cdrone3_20260822_203534_108_milestone4,milestone4,1787456141.351528883,raw,5,5,0,detected,3.291600,4.464106,0.617460,1.300761,0.039745,0.876703,0.405273,14.649167,580.000,0,0.000000,0.000000,0.000000,0.000000
tracking_cdrone3_20260822_203534_108_milestone4,milestone4,1787456141.370805025,target_map,1,1,0,detected,2.825885,8.292460,0.712258,1.945344,0.989183,0.727974,0.706963,15.474504,490.250,0,0.011403,0.000000,0.153991,0.352851
tracking_cdrone3_20260822_203534_108_milestone4,milestone4,1787456141.370805025,target_map,2,4,2,predicted,-24.367201,-0.720837,-0.204871,-4.003480,-0.603846,-0.090371,0.000000,6.122420,7130.000,1,4.849722,4.849722,1.847403,1.562431
tracking_cdrone3_20260822_203534_108_milestone4,milestone4,1787456141.370805025,target_map,3,5,0,detected,3.295652,4.465374,0.623076,0.355406,0.111159,0.492488,0.404118,14.649167,580.000,0,0.011403,0.000000,0.153991,0.352851
tracking_cdrone3_20260822_203534_108_milestone4,milestone4,1787456141.370805025,target_map,4,6,2,predicted,5.755016,9.580763,0.379810,1.342245,0.673336,0.071057,0.333018,17.197069,434.750,0,0.992188,0.992188,0.497266,0.598047
tracking_cdrone3_20260822_203534_108_milestone4,milestone4,1787456141.470834494,target_map,1,1,0,detected,3.020469,8.391404,0.785074,1.945344,0.989183,0.727974,0.689234,15.474504,490.250,0,0.111428,0.000000,0.189000,0.377857
tracking_cdrone3_20260822_203534_108_milestone4,milestone4,1787456141.470834494,target_map,2,4,2,predicted,-24.767653,-0.781237,-0.213910,-4.003480,-0.603846,-0.090371,0.000000,6.122420,7130.000,1,4.949748,4.949748,1.882412,1.587437
tracking_cdrone3_20260822_203534_108_milestone4,milestone4,1787456141.470834494,target_map,3,5,0,detected,3.331202,4.476492,0.672337,0.355406,0.111159,0.492488,0.393984,14.649167,580.000,0,0.111428,0.000000,0.189000,0.377857
tracking_cdrone3_20260822_203534_108_milestone4,milestone4,1787456141.470834494,target_map,4,6,2,predicted,5.889275,9.648113,0.386918,1.342245,0.673336,0.071057,0.321944,17.197069,434.750,0,1.092214,1.092214,0.532275,0.623053
tracking_cdrone3_20260822_203534_108_milestone4,milestone4,1787456141.570585489,target_map,1,1,0,detected,3.214521,8.490077,0.857691,1.945344,0.989183,0.727974,0.671553,15.474504,490.250,0,0.211180,0.000000,0.223913,0.402795
tracking_cdrone3_20260822_203534_108_milestone4,milestone4,1787456141.570585489,target_map,3,5,0,detected,3.366655,4.487581,0.721464,0.355406,0.111159,0.492488,0.383877,14.649167,580.000,0,0.211180,0.000000,0.223913,0.402795
tracking_cdrone3_20260822_203534_108_milestone4,milestone4,1787456141.570585489,target_map,4,6,2,predicted,6.023167,9.715281,0.394006,1.342245,0.673336,0.071057,0.310899,17.197069,434.750,0,1.191966,1.191966,0.567188,0.647991
tracking_cdrone3_20260822_203534_108_milestone4,milestone4,1787456141.645998955,raw,1,1,0,detected,2.406745,7.465799,-0.403626,-1.348010,-2.768922,-3.761192,0.603027,14.750859,905.625,1,0.000000,0.000000,0.000000,0.000000
tracking_cdrone3_20260822_203534_108_milestone4,milestone4,1787456141.645998955,raw,5,5,0,detected,3.068635,3.882967,-0.177925,-0.757158,-1.973466,-2.701015,0.476807,14.303695,673.750,1,0.000000,0.000000,0.000000,0.000000
tracking_cdrone3_20260822_203534_108_milestone4,milestone4,1787456141.671210527,target_map,1,1,0,detected,2.409697,7.442062,-0.441971,0.133999,-1.077775,-1.741067,0.599707,14.750859,905.625,1,0.022024,0.000000,0.157708,0.355506
tracking_cdrone3_20260822_203534_108_milestone4,milestone4,1787456141.671210527,target_map,3,5,0,detected,3.062985,3.860163,-0.205762,-0.256504,-1.035384,-1.263939,0.474181,14.303695,673.750,1,0.022024,0.000000,0.157708,0.355506
tracking_cdrone3_20260822_203534_108_milestone4,milestone4,1787456141.671210527,target_map,4,6,2,predicted,6.158248,9.783044,0.401157,1.342245,0.673336,0.071057,0.299757,17.197069,434.750,0,1.292604,1.292604,0.602411,0.673151
tracking_cdrone3_20260822_203534_108_milestone4,milestone4,1787456141.770780802,target_map,1,1,0,detected,2.423037,7.334763,-0.615305,0.133999,-1.077775,-1.741067,0.584698,14.750859,905.625,1,0.121580,0.000000,0.192553,0.380395
tracking_cdrone3_20260822_203534_108_milestone4,milestone4,1787456141.770780802,target_map,3,5,0,detected,3.037449,3.757085,-0.331595,-0.256504,-1.035384,-1.263939,0.462314,14.303695,673.750,1,0.121580,0.000000,0.192553,0.380395
tracking_cdrone3_20260822_203534_108_milestone4,milestone4,1787456141.770780802,target_map,4,6,2,predicted,6.291876,9.850078,0.408231,1.342245,0.673336,0.071057,0.288734,17.197069,434.750,0,1.392160,1.392160,0.637256,0.698040
tracking_cdrone3_20260822_203534_108_milestone4,milestone4,1787456141.870836735,target_map,1,1,0,detected,2.436444,7.226927,-0.789507,0.133999,-1.077775,-1.741067,0.569614,14.750859,905.625,1,0.221635,0.000000,0.227572,0.405409
tracking_cdrone3_20260822_203534_108_milestone4,milestone4,1787456141.870836735,target_map,3,5,0,detected,3.011784,3.653490,-0.458058,-0.256504,-1.035384,-1.263939,0.450387,14.303695,673.750,1,0.221635,0.000000,0.227572,0.405409
tracking_cdrone3_20260822_203534_108_milestone4,milestone4,1787456141.870836735,target_map,4,6,2,predicted,6.426174,9.917448,0.415341,1.342245,0.673336,0.071057,0.277656,17.197069,434.750,0,1.492214,1.492214,0.672275,0.723054
tracking_cdrone3_20260822_203534_108_milestone4,milestone4,1787456141.907814980,raw,1,1,0,detected,2.962046,7.995967,0.237990,2.120984,2.024989,2.450665,0.691895,15.408439,955.625,0,0.000000,0.000000,0.000000,0.000000
tracking_cdrone3_20260822_203534_108_milestone4,milestone4,1787456141.907814980,raw,5,5,0,detected,2.190049,3.951710,0.374709,-3.355777,0.262567,2.110799,0.424561,13.409186,586.500,1,0.000000,0.000000,0.000000,0.000000
tracking_cdrone3_20260822_203534_108_milestone4,milestone4,1787456141.970820904,target_map,1,1,0,detected,3.034969,8.033340,0.271537,1.226841,0.628745,0.564385,0.681613,15.408439,955.625,0,0.059440,0.000000,0.170804,0.364860
tracking_cdrone3_20260822_203534_108_milestone4,milestone4,1787456141.970820904,target_map,3,5,0,detected,2.073481,3.932600,0.409907,-1.961104,-0.321511,0.592167,0.418252,13.409186,586.500,1,0.059440,0.000000,0.170804,0.364860
tracking_cdrone3_20260822_203534_108_milestone4,milestone4,1787456141.970820904,target_map,4,6,2,predicted,6.560386,9.984776,0.422446,1.342245,0.673336,0.071057,0.266586,17.197069,434.750,0,1.592205,1.592205,0.707272,0.748051
tracking_cdrone3_20260822_203534_108_milestone4,milestone4,1787456142.070552826,target_map,1,1,0,detected,3.157327,8.096047,0.327825,1.226841,0.628745,0.564385,0.664362,15.408439,955.625,0,0.159173,0.000000,0.205711,0.389793
tracking_cdrone3_20260822_203534_108_milestone4,milestone4,1787456142.070552826,target_map,3,5,0,detected,1.877893,3.900534,0.468966,-1.961104,-0.321511,0.592167,0.407666,13.409186,586.500,1,0.159173,0.000000,0.205711,0.389793
tracking_cdrone3_20260822_203534_108_milestone4,milestone4,1787456142.070552826,target_map,4,6,2,predicted,6.694253,10.051930,0.429533,1.342245,0.673336,0.071057,0.255543,17.197069,434.750,0,1.691939,1.691939,0.742179,0.772985
tracking_cdrone3_20260822_203534_108_milestone4,milestone4,1787456142.170531988,target_map,1,1,2,predicted,3.279994,8.158913,0.384256,1.226841,0.628745,0.564385,0.647067,15.408439,955.625,0,0.259159,0.259159,0.240706,0.414790
tracking_cdrone3_20260822_203534_108_milestone4,milestone4,1787456142.170531988,target_map,3,5,2,predicted,1.681810,3.868387,0.528175,-1.961104,-0.321511,0.592167,0.397053,13.409186,586.500,1,0.259159,0.259159,0.240706,0.414790
tracking_cdrone3_20260822_203534_108_milestone4,milestone4,1787456142.170531988,target_map,4,6,2,predicted,6.828458,10.119254,0.436638,1.342245,0.673336,0.071057,0.244473,17.197069,434.750,0,1.791925,1.791925,0.777174,0.797981
tracking_cdrone3_20260822_203534_108_milestone4,milestone4,1787456142.185315132,raw,1,1,0,detected,2.335616,7.711345,0.039646,-2.256866,-1.025419,-0.714581,0.779297,14.700251,1069.500,1,0.000000,0.000000,0.000000,0.000000
tracking_cdrone3_20260822_203534_108_milestone4,milestone4,1787456142.185315132,raw,5,5,0,detected,2.722479,4.067681,0.129376,1.918207,0.417814,-0.883871,0.537109,13.939573,921.250,0,0.000000,0.000000,0.000000,0.000000
tracking_cdrone3_20260822_203534_108_milestone4,milestone4,1787456142.185315132,raw,7,7,0,detected,-5.317748,2.052744,0.089519,0.000000,0.000000,0.000000,0.689941,5.690477,8075.000,0,0.000000,0.000000,0.000000,0.000000
tracking_cdrone3_20260822_203534_108_milestone4,milestone4,1787456142.271072149,target_map,1,1,0,detected,2.280329,7.688800,0.028492,-0.689198,-0.281045,-0.139046,0.763668,14.700251,1069.500,1,0.080220,0.000000,0.178077,0.370055
tracking_cdrone3_20260822_203534_108_milestone4,milestone4,1787456142.271072149,target_map,3,5,0,detected,2.736318,4.074510,0.111755,0.172517,0.085118,-0.219654,0.526338,13.939573,921.250,0,0.080220,0.000000,0.178077,0.370055
tracking_cdrone3_20260822_203534_108_milestone4,milestone4,1787456142.271072149,target_map,4,6,2,predicted,6.963382,10.186938,0.443780,1.342245,0.673336,0.071057,0.233344,17.197069,434.750,0,1.892445,1.892445,0.812356,0.823111
tracking_cdrone3_20260822_203534_108_milestone4,milestone4,1787456142.271072149,target_map,5,7,0,detected,-5.317748,2.052744,0.089519,0.000000,0.000000,0.000000,0.676105,5.690477,8075.000,0,0.080220,0.000000,0.178077,0.370055
tracking_cdrone3_20260822_203534_108_milestone4,milestone4,1787456142.370970488,target_map,1,1,0,detected,2.211483,7.660726,0.014602,-0.689198,-0.281045,-0.139046,0.744207,14.700251,1069.500,1,0.180112,0.000000,0.213039,0.395028
tracking_cdrone3_20260822_203534_108_milestone4,milestone4,1787456142.370970488,target_map,3,5,0,detected,2.753551,4.083012,0.089814,0.172517,0.085118,-0.219654,0.512924,13.939573,921.250,0,0.180112,0.000000,0.213039,0.395028
tracking_cdrone3_20260822_203534_108_milestone4,milestone4,1787456142.370970488,target_map,4,6,2,predicted,7.097461,10.254199,0.450878,1.342245,0.673336,0.071057,0.222284,17.197069,434.750,0,1.992337,1.992337,0.847318,0.848084
tracking_cdrone3_20260822_203534_108_milestone4,milestone4,1787456142.370970488,target_map,5,7,0,detected,-5.317748,2.052744,0.089519,0.000000,0.000000,0.000000,0.658875,5.690477,8075.000,0,0.180112,0.000000,0.213039,0.395028
tracking_cdrone3_20260822_203534_108_milestone4,milestone4,1787456142.470984936,target_map,1,1,2,predicted,2.142552,7.632617,0.000696,-0.689198,-0.281045,-0.139046,0.724721,14.700251,1069.500,1,0.280128,0.280128,0.248045,0.420032
tracking_cdrone3_20260822_203534_108_milestone4,milestone4,1787456142.470984936,target_map,3,5,2,predicted,2.770806,4.091525,0.067845,0.172517,0.085118,-0.219654,0.499494,13.939573,921.250,0,0.280128,0.280128,0.248045,0.420032
tracking_cdrone3_20260822_203534_108_milestone4,milestone4,1787456142.470984936,target_map,4,6,2,predicted,7.231708,10.321544,0.457985,1.342245,0.673336,0.071057,0.211210,17.197069,434.750,0,2.092354,2.092354,0.882324,0.873088
tracking_cdrone3_20260822_203534_108_milestone4,milestone4,1787456142.470984936,target_map,5,7,2,predicted,-5.317748,2.052744,0.089519,0.000000,0.000000,0.000000,0.641623,5.690477,8075.000,0,0.280128,0.280128,0.248045,0.420032
tracking_cdrone3_20260822_203534_108_milestone4,milestone4,1787456142.475803614,raw,1,1,0,detected,1.552341,7.614897,0.151662,-2.697063,-0.332103,0.385706,0.680176,13.932006,672.750,1,0.000000,0.000000,0.000000,0.000000
tracking_cdrone3_20260822_203534_108_milestone4,milestone4,1787456142.475803614,raw,5,5,0,detected,2.153757,4.205750,0.169847,-1.958289,0.475417,0.139355,0.495117,13.397169,1011.750,1,0.000000,0.000000,0.000000,0.000000
tracking_cdrone3_20260822_203534_108_milestone4,milestone4,1787456142.475803614,raw,7,7,0,detected,-3.695874,2.364950,-0.021951,5.584624,1.075025,-0.383828,0.882812,7.340763,8307.750,0,0.000000,0.000000,0.000000,0.000000
tracking_cdrone3_20260822_203534_108_milestone4,milestone4,1787456142.570464849,target_map,1,1,0,detected,1.393217,7.587471,0.164932,-1.793524,-0.309127,0.149567,0.665089,13.932006,672.750,1,0.088722,0.000000,0.181053,0.372180
tracking_cdrone3_20260822_203534_108_milestone4,milestone4,1787456142.570464849,target_map,3,5,0,detected,2.065086,4.232347,0.167878,-0.999426,0.299782,-0.022199,0.484135,13.397169,1011.750,1,0.088722,0.000000,0.181053,0.372180
tracking_cdrone3_20260822_203534_108_milestone4,milestone4,1787456142.570464849,target_map,4,6,2,predicted,7.365272,10.388546,0.465056,1.342245,0.673336,0.071057,0.200193,17.197069,434.750,0,2.191862,2.191862,0.917152,0.897965
tracking_cdrone3_20260822_203534_108_milestone4,milestone4,1787456142.570464849,target_map,5,7,0,detected,-3.423362,2.417408,-0.040681,3.071543,0.591264,-0.211106,0.863231,7.340763,8307.750,0,0.088722,0.000000,0.181053,0.372180
tracking_cdrone3_20260822_203534_108_milestone4,milestone4,1787456142.670546770,target_map,1,1,0,detected,1.213737,7.556536,0.179899,-1.793524,-0.309127,0.149567,0.648073,13.932006,672.750,1,0.188793,0.000000,0.216077,0.397198
tracking_cdrone3_20260822_203534_108_milestone4,milestone4,1787456142.670546770,target_map,3,5,0,detected,1.965072,4.262347,0.165656,-0.999426,0.299782,-0.022199,0.471749,13.397169,1011.750,1,0.188793,0.000000,0.216077,0.397198
tracking_cdrone3_20260822_203534_108_milestone4,milestone4,1787456142.670546770,target_map,4,6,2,predicted,7.499592,10.455928,0.472167,1.342245,0.673336,0.071057,0.189113,17.197069,434.750,0,2.291933,2.291933,0.952177,0.922983
tracking_cdrone3_20260822_203534_108_milestone4,milestone4,1787456142.670546770,target_map,5,7,0,detected,-3.115989,2.476577,-0.061806,3.071543,0.591264,-0.211106,0.841145,7.340763,8307.750,0,0.188793,0.000000,0.216077,0.397198
tracking_cdrone3_20260822_203534_108_milestone4,milestone4,1787456142.770618200,target_map,1,1,2,predicted,1.034257,7.525601,0.194867,-1.793524,-0.309127,0.149567,0.631056,13.932006,672.750,1,0.288864,0.288864,0.251102,0.422216
tracking_cdrone3_20260822_203534_108_milestone4,milestone4,1787456142.770618200,target_map,3,5,2,predicted,1.865059,4.292346,0.163435,-0.999426,0.299782,-0.022199,0.459362,13.397169,1011.750,1,0.288864,0.288864,0.251102,0.422216
tracking_cdrone3_20260822_203534_108_milestone4,milestone4,1787456142.770618200,target_map,4,6,2,predicted,7.633912,10.523310,0.479278,1.342245,0.673336,0.071057,0.178034,17.197069,434.750,0,2.392004,2.392004,0.987201,0.948001
tracking_cdrone3_20260822_203534_108_milestone4,milestone4,1787456142.770618200,target_map,5,7,2,predicted,-2.808617,2.535745,-0.082932,3.071543,0.591264,-0.211106,0.819059,7.340763,8307.750,0,0.288864,0.288864,0.251102,0.422216
tracking_cdrone3_20260822_203534_108_milestone4,milestone4,1787456142.771172523,raw,1,1,0,detected,1.676640,7.543426,0.283638,0.420815,-0.241966,0.446807,0.546875,14.018797,1073.000,0,0.000000,0.000000,0.000000,0.000000
tracking_cdrone3_20260822_203534_108_milestone4,milestone4,1787456142.771172523,raw,5,5,0,detected,2.169224,4.111648,0.346094,0.052363,-0.318586,0.596687,0.546875,13.403472,805.000,0,0.000000,0.000000,0.000000,0.000000
tracking_cdrone3_20260822_203534_108_milestone4,milestone4,1787456142.771172523,raw,7,7,0,detected,-4.055079,2.272503,0.102573,-1.216095,-0.312982,0.421579,0.838867,6.998613,7975.000,1,0.000000,0.000000,0.000000,0.000000
tracking_cdrone3_20260822_203534_108_milestone4,milestone4,1787456142.870656729,target_map,1,1,0,detected,1.624921,7.518971,0.311764,-0.575637,-0.272189,0.313049,0.534591,14.018797,1073.000,0,0.089846,0.000000,0.181446,0.372462
tracking_cdrone3_20260822_203534_108_milestone4,milestone4,1787456142.870656729,target_map,3,5,0,detected,2.131403,4.108026,0.374682,-0.420942,-0.040321,0.318188,0.534591,13.403472,805.000,0,0.089846,0.000000,0.181446,0.372462
tracking_cdrone3_20260822_203534_108_milestone4,milestone4,1787456142.870656729,target_map,4,6,2,predicted,7.768190,10.590670,0.486386,1.342245,0.673336,0.071057,0.166958,17.197069,434.750,0,2.492044,2.492044,1.022215,0.973011
tracking_cdrone3_20260822_203534_108_milestone4,milestone4,1787456142.870656729,target_map,5,7,0,detected,-3.990987,2.280942,0.114870,0.713342,0.093929,0.136871,0.820025,6.998613,7975.000,1,0.089846,0.000000,0.181446,0.372462
tracking_cdrone3_20260822_203534_108_milestone4,milestone4,1787456142.970984697,target_map,1,1,0,detected,1.567181,7.491669,0.343165,-0.575637,-0.272189,0.313049,0.520878,14.018797,1073.000,0,0.190153,0.000000,0.216554,0.397538
tracking_cdrone3_20260822_203534_108_milestone4,milestone4,1787456142.970984697,target_map,3,5,0,detected,2.089180,4.103981,0.406598,-0.420942,-0.040321,0.318188,0.520878,13.403472,805.000,0,0.190153,0.000000,0.216554,0.397538
tracking_cdrone3_20260822_203534_108_milestone4,milestone4,1787456142.970984697,target_map,4,6,2,predicted,7.902825,10.658210,0.493514,1.342245,0.673336,0.071057,0.155852,17.197069,434.750,0,2.592350,2.592350,1.057323,0.998088
tracking_cdrone3_20260822_203534_108_milestone4,milestone4,1787456142.970984697,target_map,5,7,0,detected,-3.919434,2.290364,0.128599,0.713342,0.093929,0.136871,0.798989,6.998613,7975.000,1,0.190153,0.000000,0.216554,0.397538
tracking_cdrone3_20260822_203534_108_milestone4,milestone4,1787456143.031188011,raw,1,1,0,detected,0.779628,7.198821,0.203467,-3.449850,-1.325327,-0.308333,0.533203,13.119105,952.000,1,0.000000,0.000000,0.000000,0.000000
tracking_cdrone3_20260822_203534_108_milestone4,milestone4,1787456143.031188011,raw,5,5,0,detected,1.284857,4.020698,0.239712,-3.401215,-0.349788,-0.409138,0.620605,12.579620,1160.250,1,0.000000,0.000000,0.000000,0.000000
tracking_cdrone3_20260822_203534_108_milestone4,milestone4,1787456143.031188011,raw,7,7,0,detected,-5.288048,2.175638,0.166311,-4.741921,-0.372537,0.245132,0.883301,5.840617,7754.250,1,0.000000,0.000000,0.000000,0.000000
tracking_cdrone3_20260822_203534_108_milestone4,milestone4,1787456143.070822716,target_map,1,1,0,detected,0.706627,7.169999,0.202495,-2.156454,-0.851415,-0.028711,0.528691,13.119105,952.000,1,0.033852,0.000000,0.161848,0.358463
tracking_cdrone3_20260822_203534_108_milestone4,milestone4,1787456143.070822716,target_map,3,5,0,detected,1.215119,4.013571,0.236941,-2.060092,-0.210528,-0.081841,0.615353,12.579620,1160.250,1,0.033852,0.000000,0.161848,0.358463
tracking_cdrone3_20260822_203534_108_milestone4,milestone4,1787456143.070822716,target_map,4,6,2,predicted,8.036864,10.725451,0.500610,1.342245,0.673336,0.071057,0.144795,17.197069,434.750,0,2.692212,2.692212,1.092274,1.023053
tracking_cdrone3_20260822_203534_108_milestone4,milestone4,1787456143.070822716,target_map,5,7,0,detected,-5.365470,2.170133,0.172960,-2.287052,-0.162627,0.196415,0.875825,5.840617,7754.250,1,0.033852,0.000000,0.161848,0.358463
tracking_cdrone3_20260822_203534_108_milestone4,milestone4,1787456143.170617819,target_map,1,1,0,detected,0.491448,7.085042,0.199630,-2.156454,-0.851415,-0.028711,0.515389,13.119105,952.000,1,0.133636,0.000000,0.196773,0.383409
tracking_cdrone3_20260822_203534_108_milestone4,milestone4,1787456143.170617819,target_map,3,5,0,detected,1.009555,3.992563,0.228775,-2.060092,-0.210528,-0.081841,0.599872,12.579620,1160.250,1,0.133636,0.000000,0.196773,0.383409
tracking_cdrone3_20260822_203534_108_milestone4,milestone4,1787456143.170617819,target_map,4,6,2,predicted,8.170798,10.792638,0.507700,1.342245,0.673336,0.071057,0.133748,17.197069,434.750,0,2.791996,2.791996,1.127198,1.047999
tracking_cdrone3_20260822_203534_108_milestone4,milestone4,1787456143.170617819,target_map,5,7,0,detected,-5.593680,2.153905,0.192559,-2.287052,-0.162627,0.196415,0.853791,5.840617,7754.250,1,0.133636,0.000000,0.196773,0.383409
tracking_cdrone3_20260822_203534_108_milestone4,milestone4,1787456143.270895243,target_map,1,1,0,detected,0.275214,6.999668,0.196751,-2.156454,-0.851415,-0.028711,0.502023,13.119105,952.000,1,0.233909,0.000000,0.231868,0.408477
tracking_cdrone3_20260822_203534_108_milestone4,milestone4,1787456143.270895243,target_map,3,5,0,detected,0.802984,3.971453,0.220569,-2.060092,-0.210528,-0.081841,0.584314,12.579620,1160.250,1,0.233909,0.000000,0.231868,0.408477
tracking_cdrone3_20260822_203534_108_milestone4,milestone4,1787456143.270895243,target_map,4,6,2,predicted,8.305388,10.860155,0.514825,1.342245,0.673336,0.071057,0.122646,17.197069,434.750,0,2.892268,2.892268,1.162294,1.073067
tracking_cdrone3_20260822_203534_108_milestone4,milestone4,1787456143.270895243,target_map,5,7,0,detected,-5.823009,2.137598,0.212254,-2.287052,-0.162627,0.196415,0.831648,5.840617,7754.250,1,0.233909,0.000000,0.231868,0.408477
tracking_cdrone3_20260822_203534_108_milestone4,milestone4,1787456143.294715166,raw,1,1,0,detected,-0.058687,6.727455,0.202526,-3.181169,-1.788703,-0.003570,0.636230,12.194208,537.500,1,0.000000,0.000000,0.000000,0.000000
tracking_cdrone3_20260822_203534_108_milestone4,milestone4,1787456143.294715166,raw,5,5,0,detected,0.610535,3.837363,0.263392,-2.558865,-0.695702,0.089859,0.715820,11.914532,875.000,1,0.000000,0.000000,0.000000,0.000000
tracking_cdrone3_20260822_203534_108_milestone4,milestone4,1787456143.294715166,raw,7,7,0,detected,-5.269770,2.149160,0.095103,0.069361,-0.100475,-0.270216,0.870605,5.910557,8085.500,0,0.000000,0.000000,0.000000,0.000000
tracking_cdrone3_20260822_203534_108_milestone4,milestone4,1787456143.370868206,target_map,1,1,0,detected,-0.246319,6.633163,0.201499,-2.720047,-1.366923,-0.014883,0.625259,12.194208,537.500,1,0.068981,0.000000,0.174143,0.367245
tracking_cdrone3_20260822_203534_108_milestone4,milestone4,1787456143.370868206,target_map,3,5,0,detected,0.449504,3.804434,0.264261,-2.334417,-0.477374,0.012594,0.703476,11.914532,875.000,1,0.068981,0.000000,0.174143,0.367245
tracking_cdrone3_20260822_203534_108_milestone4,milestone4,1787456143.370868206,target_map,4,6,2,predicted,8.439588,10.927476,0.521930,1.342245,0.673336,0.071057,0.111576,17.197069,434.750,0,2.992249,2.992249,1.197287,1.098062
tracking_cdrone3_20260822_203534_108_milestone4,milestone4,1787456143.370868206,target_map,5,7,0,detected,-5.338132,2.140300,0.090948,-0.991025,-0.128444,-0.060232,0.855592,5.910557,8085.500,0,0.068981,0.000000,0.174143,0.367245
tracking_cdrone3_20260822_203534_108_milestone4,milestone4,1787456143.471434116,target_map,1,1,0,detected,-0.519857,6.495700,0.200003,-2.720047,-1.366923,-0.014883,0.609263,12.194208,537.500,1,0.169545,0.000000,0.209341,0.392386
tracking_cdrone3_20260822_203534_108_milestone4,milestone4,1787456143.471434116,target_map,3,5,0,detected,0.214747,3.756427,0.265527,-2.334417,-0.477374,0.012594,0.685479,11.914532,875.000,1,0.169545,0.000000,0.209341,0.392386
tracking_cdrone3_20260822_203534_108_milestone4,milestone4,1787456143.471434116,target_map,4,6,2,predicted,8.574569,10.995190,0.529076,1.342245,0.673336,0.071057,0.100442,17.197069,434.750,0,3.092813,3.092813,1.232485,1.123203
tracking_cdrone3_20260822_203534_108_milestone4,milestone4,1787456143.471434116,target_map,5,7,0,detected,-5.437793,2.127383,0.084891,-0.991025,-0.128444,-0.060232,0.833704,5.910557,8085.500,0,0.169545,0.000000,0.209341,0.392386
tracking_cdrone3_20260822_203534_108_milestone4,milestone4,1787456143.565193415,raw,1,1,0,detected,-0.045642,6.673649,0.186887,0.048226,-0.198923,-0.057818,0.401855,12.225673,466.375,0,0.000000,0.000000,0.000000,0.000000
tracking_cdrone3_20260822_203534_108_milestone4,milestone4,1787456143.565193415,raw,5,5,0,detected,0.661821,3.805379,0.259613,0.189607,-0.118248,-0.013971,0.702148,11.999545,921.250,0,0.000000,0.000000,0.000000,0.000000
tracking_cdrone3_20260822_203534_108_milestone4,milestone4,1787456143.565193415,raw,7,7,0,detected,-5.231291,2.134657,0.056374,0.142257,-0.053619,-0.143180,0.859863,6.008103,8715.000,0,0.000000,0.000000,0.000000,0.000000
tracking_cdrone3_20260822_203534_108_milestone4,milestone4,1787456143.570795059,target_map,1,1,0,detected,-0.047305,6.672644,0.186834,-1.197497,-0.724523,-0.038497,0.401716,12.225673,466.375,0,0.001388,0.000000,0.150486,0.350347
tracking_cdrone3_20260822_203534_108_milestone4,milestone4,1787456143.570795059,target_map,3,5,0,detected,0.660507,3.804991,0.259610,-0.946204,-0.279855,-0.002017,0.701905,11.999545,921.250,0,0.001388,0.000000,0.150486,0.350347
tracking_cdrone3_20260822_203534_108_milestone4,milestone4,1787456143.570795059,target_map,4,6,2,predicted,8.707970,11.062110,0.536138,1.342245,0.673336,0.071057,0.089438,17.197069,434.750,0,3.192199,3.192199,1.267270,1.148050
tracking_cdrone3_20260822_203534_108_milestone4,milestone4,1787456143.570795059,target_map,5,7,0,detected,-5.231802,2.134536,0.056227,-0.367720,-0.087290,-0.105853,0.859565,6.008103,8715.000,0,0.001388,0.000000,0.150486,0.350347
tracking_cdrone3_20260822_203534_108_milestone4,milestone4,1787456143.670777798,target_map,1,1,0,detected,-0.167009,6.600218,0.182985,-1.197497,-0.724523,-0.038497,0.391673,12.225673,466.375,0,0.101351,0.000000,0.185473,0.375338
tracking_cdrone3_20260822_203534_108_milestone4,milestone4,1787456143.670777798,target_map,3,5,0,detected,0.565922,3.777016,0.259409,-0.946204,-0.279855,-0.002017,0.684358,11.999545,921.250,0,0.101351,0.000000,0.185473,0.375338
tracking_cdrone3_20260822_203534_108_milestone4,milestone4,1787456143.670777798,target_map,4,6,2,predicted,8.842143,11.129418,0.543241,1.342245,0.673336,0.071057,0.078370,17.197069,434.750,0,3.292162,3.292162,1.302257,1.173040
tracking_cdrone3_20260822_203534_108_milestone4,milestone4,1787456143.670777798,target_map,5,7,0,detected,-5.268560,2.125810,0.045646,-0.367720,-0.087290,-0.105853,0.838076,6.008103,8715.000,0,0.101351,0.000000,0.185473,0.375338
tracking_cdrone3_20260822_203534_108_milestone4,milestone4,1787456143.770685911,target_map,1,1,0,detected,-0.286639,6.527839,0.179139,-1.197497,-0.724523,-0.038497,0.381637,12.225673,466.375,0,0.201250,0.000000,0.220437,0.400312
tracking_cdrone3_20260822_203534_108_milestone4,milestone4,1787456143.770685911,target_map,3,5,0,detected,0.471397,3.749058,0.259207,-0.946204,-0.279855,-0.002017,0.666822,11.999545,921.250,0,0.201250,0.000000,0.220437,0.400312
tracking_cdrone3_20260822_203534_108_milestone4,milestone4,1787456143.770685911,target_map,4,6,2,predicted,8.976233,11.196684,0.550339,1.342245,0.673336,0.071057,0.067310,17.197069,434.750,0,3.392061,3.392061,1.337221,1.198015
tracking_cdrone3_20260822_203534_108_milestone4,milestone4,1787456143.770685911,target_map,5,7,0,detected,-5.305295,2.117090,0.035071,-0.367720,-0.087290,-0.105853,0.816601,6.008103,8715.000,0,0.201250,0.000000,0.220437,0.400312
tracking_cdrone3_20260822_203534_108_milestone4,milestone4,1787456143.825918198,raw,1,1,0,detected,-0.139770,6.627944,0.240623,-0.361036,-0.175307,0.206110,0.773438,12.180658,725.000,1,0.000000,0.000000,0.000000,0.000000
tracking_cdrone3_20260822_203534_108_milestone4,milestone4,1787456143.825918198,raw,5,5,0,detected,0.681768,3.789815,0.288666,0.076511,-0.059697,0.111437,0.611328,12.076808,812.500,0,0.000000,0.000000,0.000000,0.000000
tracking_cdrone3_20260822_203534_108_milestone4,milestone4,1787456143.825918198,raw,7,7,0,detected,-5.166717,2.142218,0.080918,0.247684,0.028999,0.094138,0.861328,6.148114,8048.250,0,0.000000,0.000000,0.000000,0.000000
tracking_cdrone3_20260822_203534_108_milestone4,milestone4,1787456143.870777369,target_map,1,1,0,detected,-0.170220,6.610500,0.244588,-0.737443,-0.422454,0.096037,0.765453,12.180658,725.000,1,0.041292,0.000000,0.164452,0.360323
tracking_cdrone3_20260822_203534_108_milestone4,milestone4,1787456143.870777369,target_map,3,5,0,detected,0.665924,3.783259,0.291159,-0.383711,-0.158768,0.060383,0.605017,12.076808,812.500,0,0.041292,0.000000,0.164452,0.360323
tracking_cdrone3_20260822_203534_108_milestone4,milestone4,1787456143.870777369,target_map,4,6,2,predicted,9.110601,11.264091,0.557453,1.342245,0.673336,0.071057,0.056226,17.197069,434.750,0,3.492169,3.492169,1.372259,1.223042
tracking_cdrone3_20260822_203534_108_milestone4,milestone4,1787456143.870777369,target_map,5,7,0,detected,-5.167924,2.141254,0.081089,-0.029248,-0.023331,0.004142,0.852437,6.148114,8048.250,0,0.041292,0.000000,0.164452,0.360323
tracking_cdrone3_20260822_203534_108_milestone4,milestone4,1787456143.970719337,target_map,1,1,0,detected,-0.243918,6.568281,0.254186,-0.737443,-0.422454,0.096037,0.746130,12.180658,725.000,1,0.141229,0.000000,0.199430,0.385307
tracking_cdrone3_20260822_203534_108_milestone4,milestone4,1787456143.970719337,target_map,3,5,0,detected,0.627577,3.767393,0.297194,-0.383711,-0.158768,0.060383,0.589744,12.076808,812.500,0,0.141229,0.000000,0.199430,0.385307
tracking_cdrone3_20260822_203534_108_milestone4,milestone4,1787456143.970719337,target_map,4,6,2,predicted,9.244741,11.331381,0.564554,1.342245,0.673336,0.071057,0.045161,17.197069,434.750,0,3.592105,3.592105,1.407237,1.248026
tracking_cdrone3_20260822_203534_108_milestone4,milestone4,1787456143.970719337,target_map,5,7,0,detected,-5.170847,2.138923,0.081503,-0.029248,-0.023331,0.004142,0.830917,6.148114,8048.250,0,0.141229,0.000000,0.199430,0.385307
tracking_cdrone3_20260822_203534_108_milestone4,milestone4,1787456144.070896387,target_map,1,1,0,detected,-0.317783,6.525967,0.263805,-0.737443,-0.422454,0.096037,0.726762,12.180658,725.000,1,0.241393,0.000000,0.234488,0.410348
tracking_cdrone3_20260822_203534_108_milestone4,milestone4,1787456144.070896387,target_map,3,5,0,detected,0.589143,3.751490,0.303242,-0.383711,-0.158768,0.060383,0.574436,12.076808,812.500,0,0.241393,0.000000,0.234488,0.410348
tracking_cdrone3_20260822_203534_108_milestone4,milestone4,1787456144.070896387,target_map,4,6,2,predicted,9.379186,11.398825,0.571671,1.342245,0.673336,0.071057,0.034071,17.197069,434.750,0,3.692270,3.692270,1.442294,1.273067
tracking_cdrone3_20260822_203534_108_milestone4,milestone4,1787456144.070896387,target_map,5,7,0,detected,-5.173777,2.136586,0.081917,-0.029248,-0.023331,0.004142,0.809348,6.148114,8048.250,0,0.241393,0.000000,0.234488,0.410348
tracking_cdrone3_20260822_203534_108_milestone4,milestone4,1787456144.100230932,raw,1,1,0,detected,-0.185545,6.668560,0.430527,-0.166867,0.148056,0.692262,0.481201,12.197547,546.000,0,0.000000,0.000000,0.000000,0.000000
tracking_cdrone3_20260822_203534_108_milestone4,milestone4,1787456144.100230932,raw,5,5,0,detected,0.713638,3.859015,0.484354,0.116176,0.252256,0.713346,0.654785,12.161482,1026.000,0,0.000000,0.000000,0.000000,0.000000
tracking_cdrone3_20260822_203534_108_milestone4,milestone4,1787456144.100230932,raw,7,7,0,detected,-5.125783,2.184163,0.195588,0.149215,0.152902,0.418009,0.841309,6.236469,7807.000,0,0.000000,0.000000,0.000000,0.000000
tracking_cdrone3_20260822_203534_108_milestone4,milestone4,1787456144.170752764,target_map,1,1,0,detected,-0.213717,6.661333,0.458721,-0.423626,-0.108674,0.423961,0.473201,12.197547,546.000,0,0.066500,0.000000,0.173275,0.366625
tracking_cdrone3_20260822_203534_108_milestone4,milestone4,1787456144.170752764,target_map,3,5,0,detected,0.706405,3.863490,0.512252,-0.108773,0.067295,0.419513,0.643899,12.161482,1026.000,0,0.066500,0.000000,0.173275,0.366625
tracking_cdrone3_20260822_203534_108_milestone4,milestone4,1787456144.170752764,target_map,4,6,2,predicted,9.513244,11.466075,0.578768,1.342245,0.673336,0.071057,0.023013,17.197069,434.750,0,3.792145,3.792145,1.477251,1.298036
tracking_cdrone3_20260822_203534_108_milestone4,milestone4,1787456144.170752764,target_map,5,7,0,detected,-5.121201,2.189057,0.211000,0.068907,0.073597,0.231769,0.827322,6.236469,7807.000,0,0.066500,0.000000,0.173275,0.366625
tracking_cdrone3_20260822_203534_108_milestone4,milestone4,1787456144.270510197,target_map,1,1,0,detected,-0.255976,6.650492,0.501013,-0.423626,-0.108674,0.423961,0.461201,12.197547,546.000,0,0.166256,0.000000,0.208190,0.391564
tracking_cdrone3_20260822_203534_108_milestone4,milestone4,1787456144.270510197,target_map,3,5,0,detected,0.695554,3.870203,0.554101,-0.108773,0.067295,0.419513,0.627570,12.161482,1026.000,0,0.166256,0.000000,0.208190,0.391564
tracking_cdrone3_20260822_203534_108_milestone4,milestone4,1787456144.270510197,target_map,4,6,2,predicted,9.647140,11.533244,0.585857,1.342245,0.673336,0.071057,0.011969,17.197069,434.750,0,3.891901,3.891901,1.512165,1.322975
tracking_cdrone3_20260822_203534_108_milestone4,milestone4,1787456144.270510197,target_map,5,7,0,detected,-5.114327,2.196399,0.234121,0.068907,0.073597,0.231769,0.806340,6.236469,7807.000,0,0.166256,0.000000,0.208190,0.391564
tracking_cdrone3_20260822_203534_108_milestone4,milestone4,1787456144.342970610,raw,1,1,0,detected,-0.161300,6.683039,0.299672,0.099884,0.059651,-0.539097,0.648926,12.341155,690.000,0,0.000000,0.000000,0.000000,0.000000
tracking_cdrone3_20260822_203534_108_milestone4,milestone4,1787456144.342970610,raw,5,5,0,detected,0.790777,3.853836,0.333340,0.317795,-0.021336,-0.622148,0.687500,12.353560,812.500,0,0.000000,0.000000,0.000000,0.000000
tracking_cdrone3_20260822_203534_108_milestone4,milestone4,1787456144.342970610,raw,7,7,0,detected,-5.220675,2.168986,0.144049,-0.390931,-0.062526,-0.212330,0.894531,6.261796,7614.750,0,0.000000,0.000000,0.000000,0.000000
tracking_cdrone3_20260822_203534_108_milestone4,milestone4,1787456144.370805979,target_map,1,1,0,detected,-0.164547,6.682654,0.297142,-0.135696,-0.016095,-0.105721,0.645045,12.341155,690.000,0,0.023922,0.000000,0.158373,0.355981
tracking_cdrone3_20260822_203534_108_milestone4,milestone4,1787456144.370805979,target_map,3,5,0,detected,0.793787,3.854280,0.329670,0.125839,0.018548,-0.153400,0.683388,12.353560,812.500,0,0.023922,0.000000,0.158373,0.355981
tracking_cdrone3_20260822_203534_108_milestone4,milestone4,1787456144.370805979,target_map,4,6,2,predicted,9.781765,11.600779,0.592984,1.342245,0.673336,0.071057,0.000864,17.197069,434.750,0,3.992199,3.992199,1.547270,1.348050
tracking_cdrone3_20260822_203534_108_milestone4,milestone4,1787456144.370805979,target_map,5,7,0,detected,-5.225076,2.168955,0.143750,-0.184004,-0.001270,-0.012485,0.889181,6.261796,7614.750,0,0.023922,0.000000,0.158373,0.355981
tracking_cdrone3_20260822_203534_108_milestone4,milestone4,1787456144.470779419,target_map,1,1,0,detected,-0.178111,6.681045,0.286575,-0.135696,-0.016095,-0.105721,0.628828,12.341155,690.000,0,0.123883,0.000000,0.193359,0.380971
tracking_cdrone3_20260822_203534_108_milestone4,milestone4,1787456144.470779419,target_map,3,5,0,detected,0.806366,3.856134,0.314336,0.125839,0.018548,-0.153400,0.666208,12.353560,812.500,0,0.123883,0.000000,0.193359,0.380971
tracking_cdrone3_20260822_203534_108_milestone4,milestone4,1787456144.470779419,target_map,4,6,2,predicted,9.915936,11.668085,0.600087,1.342245,0.673336,0.071057,0.000000,17.197069,434.750,0,4.092159,4.092159,1.582256,1.373040
tracking_cdrone3_20260822_203534_108_milestone4,milestone4,1787456144.470779419,target_map,5,7,0,detected,-5.243469,2.168828,0.142502,-0.184004,-0.001270,-0.012485,0.866827,6.261796,7614.750,0,0.123883,0.000000,0.193359,0.380971
tracking_cdrone3_20260822_203534_108_milestone4,milestone4,1787456144.570800304,target_map,1,1,0,detected,-0.191683,6.679435,0.276000,-0.135696,-0.016095,-0.105721,0.612602,12.341155,690.000,0,0.223902,0.000000,0.228366,0.405976
tracking_cdrone3_20260822_203534_108_milestone4,milestone4,1787456144.570800304,target_map,3,5,0,detected,0.818953,3.857989,0.298993,0.125839,0.018548,-0.153400,0.649017,12.353560,812.500,0,0.223902,0.000000,0.228366,0.405976
tracking_cdrone3_20260822_203534_108_milestone4,milestone4,1787456144.570800304,target_map,4,6,2,predicted,10.050187,11.735433,0.607194,1.342245,0.673336,0.071057,0.000000,17.197069,434.750,0,4.192179,4.192179,1.617263,1.398045
tracking_cdrone3_20260822_203534_108_milestone4,milestone4,1787456144.570800304,target_map,5,7,0,detected,-5.261873,2.168701,0.141253,-0.184004,-0.001270,-0.012485,0.844459,6.261796,7614.750,0,0.223902,0.000000,0.228366,0.405976
tracking_cdrone3_20260822_203534_108_milestone4,milestone4,1787456144.616766214,raw,1,1,0,detected,0.172874,6.783407,0.327418,1.220287,0.366510,0.101320,0.726074,12.716995,733.125,0,0.000000,0.000000,0.000000,0.000000
tracking_cdrone3_20260822_203534_108_milestone4,milestone4,1787456144.616766214,raw,5,5,0,detected,0.936128,3.837000,0.369513,0.530771,-0.061480,0.132092,0.696777,12.524447,861.250,0,0.000000,0.000000,0.000000,0.000000
tracking_cdrone3_20260822_203534_108_milestone4,milestone4,1787456144.616766214,raw,7,7,0,detected,-5.143422,2.155713,0.152156,0.282098,-0.048466,0.029605,0.880371,6.370809,7467.500,0,0.000000,0.000000,0.000000,0.000000
tracking_cdrone3_20260822_203534_108_milestone4,milestone4,1787456144.670902252,target_map,1,1,0,detected,0.199893,6.792014,0.327779,0.610095,0.194338,0.008152,0.718035,12.716995,733.125,0,0.044286,0.000000,0.165500,0.361072
tracking_cdrone3_20260822_203534_108_milestone4,milestone4,1787456144.670902252,target_map,3,5,0,detected,0.951564,3.835872,0.369673,0.348552,-0.025467,0.003620,0.689063,12.524447,861.250,0,0.044286,0.000000,0.165500,0.361072
tracking_cdrone3_20260822_203534_108_milestone4,milestone4,1787456144.670902252,target_map,4,6,2,predicted,10.184538,11.802830,0.614306,1.342245,0.673336,0.071057,0.000000,17.197069,434.750,0,4.292274,4.292274,1.652296,1.423068
tracking_cdrone3_20260822_203534_108_milestone4,milestone4,1787456144.670902252,target_map,5,7,0,detected,-5.140218,2.154507,0.152628,0.072352,-0.027228,0.010664,0.870624,6.370809,7467.500,0,0.044286,0.000000,0.165500,0.361072
tracking_cdrone3_20260822_203534_108_milestone4,milestone4,1787456144.770786285,target_map,1,1,0,detected,0.260841,6.811428,0.328593,0.610095,0.194338,0.008152,0.699902,12.716995,733.125,0,0.144186,0.000000,0.200465,0.386047
tracking_cdrone3_20260822_203534_108_milestone4,milestone4,1787456144.770786285,target_map,3,5,0,detected,0.986384,3.833328,0.370035,0.348552,-0.025467,0.003620,0.671661,12.524447,861.250,0,0.144186,0.000000,0.200465,0.386047
tracking_cdrone3_20260822_203534_108_milestone4,milestone4,1787456144.770786285,target_map,4,6,2,predicted,10.318628,11.870095,0.621405,1.342245,0.673336,0.071057,0.000000,17.197069,434.750,0,4.392173,4.392173,1.687261,1.448043
tracking_cdrone3_20260822_203534_108_milestone4,milestone4,1787456144.770786285,target_map,5,7,0,detected,-5.132990,2.151788,0.153694,0.072352,-0.027228,0.010664,0.848637,6.370809,7467.500,0,0.144186,0.000000,0.200465,0.386047
tracking_cdrone3_20260822_203534_108_milestone4,milestone4,1787456144.870914221,target_map,1,1,0,detected,0.321923,6.830885,0.329410,0.610095,0.194338,0.008152,0.681728,12.716995,733.125,0,0.244306,0.000000,0.235507,0.411076
tracking_cdrone3_20260822_203534_108_milestone4,milestone4,1787456144.870914221,target_map,3,5,0,detected,1.021281,3.830778,0.370397,0.348552,-0.025467,0.003620,0.654221,12.524447,861.250,0,0.244306,0.000000,0.235507,0.411076
tracking_cdrone3_20260822_203534_108_milestone4,milestone4,1787456144.870914221,target_map,4,6,2,predicted,10.453012,11.937510,0.628519,1.342245,0.673336,0.071057,0.000000,17.197069,434.750,0,4.492292,4.492292,1.722302,1.473073
tracking_cdrone3_20260822_203534_108_milestone4,milestone4,1787456144.870914221,target_map,5,7,0,detected,-5.125746,2.149061,0.154761,0.072352,-0.027228,0.010664,0.826601,6.370809,7467.500,0,0.244306,0.000000,0.235507,0.411076
tracking_cdrone3_20260822_203534_108_milestone4,milestone4,1787456144.879999399,raw,1,1,0,detected,1.089452,7.195505,0.336329,3.482642,1.565813,0.033858,0.662598,13.765684,854.250,0,0.000000,0.000000,0.000000,0.000000
tracking_cdrone3_20260822_203534_108_milestone4,milestone4,1787456144.879999399,raw,5,5,0,detected,0.979862,3.818287,0.355147,0.166173,-0.071102,-0.054586,0.583984,12.616421,748.000,0,0.000000,0.000000,0.000000,0.000000
tracking_cdrone3_20260822_203534_108_milestone4,milestone4,1787456144.879999399,raw,7,7,0,detected,-5.143546,2.137438,0.155815,-0.000471,-0.069439,0.013903,0.880371,6.422400,7644.000,0,0.000000,0.000000,0.000000,0.000000
tracking_cdrone3_20260822_203534_108_milestone4,milestone4,1787456144.971002340,target_map,1,1,0,detected,1.270884,7.274096,0.338176,2.189996,0.948649,0.022290,0.648874,13.765684,854.250,0,0.082846,0.000000,0.178996,0.370711
tracking_cdrone3_20260822_203534_108_milestone4,milestone4,1787456144.971002340,target_map,3,5,0,detected,1.000428,3.814098,0.352794,0.248243,-0.050567,-0.028393,0.571889,12.616421,748.000,0,0.082846,0.000000,0.178996,0.370711
tracking_cdrone3_20260822_203534_108_milestone4,milestone4,1787456144.971002340,target_map,4,6,2,predicted,10.587377,12.004913,0.635632,1.342245,0.673336,0.071057,0.000000,17.197069,434.750,0,4.592397,4.592397,1.757339,1.498099
tracking_cdrone3_20260822_203534_108_milestone4,milestone4,1787456144.971002340,target_map,5,7,0,detected,-5.140870,2.133259,0.156846,0.032299,-0.050444,0.012445,0.862137,6.422400,7644.000,0,0.082846,0.000000,0.178996,0.370711
tracking_cdrone3_20260822_203534_108_milestone4,milestone4,1787456145.070957899,target_map,1,1,0,detected,1.489753,7.368905,0.340403,2.189996,0.948649,0.022290,0.632319,13.765684,854.250,0,0.182786,0.000000,0.213975,0.395697
tracking_cdrone3_20260822_203534_108_milestone4,milestone4,1787456145.070957899,target_map,3,5,0,detected,1.025238,3.809044,0.349957,0.248243,-0.050567,-0.028393,0.557298,12.616421,748.000,0,0.182786,0.000000,0.213975,0.395697
tracking_cdrone3_20260822_203534_108_milestone4,milestone4,1787456145.070957899,target_map,4,6,2,predicted,10.721521,12.072206,0.642734,1.342245,0.673336,0.071057,0.000000,17.197069,434.750,0,4.692337,4.692337,1.792318,1.523084
tracking_cdrone3_20260822_203534_108_milestone4,milestone4,1787456145.070957899,target_map,5,7,0,detected,-5.137642,2.128217,0.158090,0.032299,-0.050444,0.012445,0.840141,6.422400,7644.000,0,0.182786,0.000000,0.213975,0.395697
tracking_cdrone3_20260822_203534_108_milestone4,milestone4,1787456145.122916460,raw,1,1,0,detected,3.319093,8.283177,0.416646,9.178755,4.477619,0.330642,0.565918,16.298166,634.500,0,0.000000,0.000000,0.000000,0.000000
tracking_cdrone3_20260822_203534_108_milestone4,milestone4,1787456145.122916460,raw,5,5,0,detected,0.944871,3.844124,0.371551,-0.144047,0.106364,0.067532,0.513672,12.658417,756.000,0,0.000000,0.000000,0.000000,0.000000
tracking_cdrone3_20260822_203534_108_milestone4,milestone4,1787456145.122916460,raw,7,7,0,detected,-5.192677,2.149084,0.187391,-0.202260,0.047943,0.129991,0.864746,6.445589,7822.500,0,0.000000,0.000000,0.000000,0.000000
tracking_cdrone3_20260822_203534_108_milestone4,milestone4,1787456145.173044920,target_map,1,1,0,detected,3.546897,8.391821,0.423677,4.937978,2.355008,0.152409,0.559391,16.298166,634.500,0,0.046133,0.000000,0.166147,0.361533
tracking_cdrone3_20260822_203534_108_milestone4,milestone4,1787456145.173044920,target_map,3,5,0,detected,0.946370,3.845773,0.372675,0.032484,0.035745,0.024366,0.507748,12.658417,756.000,0,0.046133,0.000000,0.166147,0.361533
tracking_cdrone3_20260822_203534_108_milestone4,milestone4,1787456145.173044920,target_map,4,6,2,predicted,10.858563,12.140954,0.649989,1.342245,0.673336,0.071057,0.000000,17.197069,434.750,0,4.794436,4.794436,1.828053,1.548609
tracking_cdrone3_20260822_203534_108_milestone4,milestone4,1787456145.173044920,target_map,5,7,0,detected,-5.197139,2.149253,0.190948,-0.096708,0.003669,0.077096,0.854773,6.445589,7822.500,0,0.046133,0.000000,0.166147,0.361533
tracking_cdrone3_20260822_203534_108_milestone4,milestone4,1787456145.270725489,target_map,1,1,0,detected,4.029175,8.621828,0.438563,4.937978,2.355008,0.152409,0.545573,16.298166,634.500,0,0.143800,0.000000,0.200330,0.385950
tracking_cdrone3_20260822_203534_108_milestone4,milestone4,1787456145.270725489,target_map,3,5,0,detected,0.949542,3.849265,0.375055,0.032484,0.035745,0.024366,0.495205,12.658417,756.000,0,0.143800,0.000000,0.200330,0.385950
tracking_cdrone3_20260822_203534_108_milestone4,milestone4,1787456145.270725489,target_map,4,6,2,predicted,10.989656,12.206717,0.656929,1.342245,0.673336,0.071057,0.000000,17.197069,434.750,0,4.892104,4.892104,1.862236,1.573026
tracking_cdrone3_20260822_203534_108_milestone4,milestone4,1787456145.270725489,target_map,5,7,0,detected,-5.206584,2.149612,0.198478,-0.096708,0.003669,0.077096,0.833658,6.445589,7822.500,0,0.143800,0.000000,0.200330,0.385950
tracking_cdrone3_20260822_203534_108_milestone4,milestone4,1787456145.370839834,target_map,1,1,0,detected,4.523547,8.857603,0.453821,4.937978,2.355008,0.152409,0.531409,16.298166,634.500,0,0.243917,0.000000,0.235371,0.410979
tracking_cdrone3_20260822_203534_108_milestone4,milestone4,1787456145.370839834,target_map,3,5,0,detected,0.952794,3.852843,0.377494,0.032484,0.035745,0.024366,0.482349,12.658417,756.000,0,0.243917,0.000000,0.235371,0.410979
tracking_cdrone3_20260822_203534_108_milestone4,milestone4,1787456145.370839834,target_map,4,6,2,predicted,11.124037,12.274129,0.664043,1.342245,0.673336,0.071057,0.000000,17.197069,434.750,0,4.992220,4.992220,1.897277,1.598055
tracking_cdrone3_20260822_203534_108_milestone4,milestone4,1787456145.370839834,target_map,5,7,0,detected,-5.216266,2.149979,0.206196,-0.096708,0.003669,0.077096,0.812015,6.445589,7822.500,0,0.243917,0.000000,0.235371,0.410979
tracking_cdrone3_20260822_203534_108_milestone4,milestone4,1787456145.383438826,raw,1,1,0,detected,5.208577,9.280232,0.636256,7.252594,3.827096,0.842951,0.497070,18.458549,484.500,0,0.000000,0.000000,0.000000,0.000000
tracking_cdrone3_20260822_203534_108_milestone4,milestone4,1787456145.383438826,raw,5,5,0,detected,1.023547,3.939387,0.356120,0.301990,0.365655,-0.059232,0.695312,12.807237,937.500,0,0.000000,0.000000,0.000000,0.000000
tracking_cdrone3_20260822_203534_108_milestone4,milestone4,1787456145.383438826,raw,7,7,0,detected,-5.228707,2.179093,0.200253,-0.138297,0.115187,0.049369,0.847656,6.465342,7596.000,0,0.000000,0.000000,0.000000,0.000000
tracking_cdrone3_20260822_203534_108_milestone4,milestone4,1787456145.470821619,target_map,1,1,0,detected,5.682014,9.521294,0.676544,6.093132,3.102450,0.518506,0.487415,18.458549,484.500,0,0.077700,0.000000,0.177195,0.369425
tracking_cdrone3_20260822_203534_108_milestone4,milestone4,1787456145.470821619,target_map,3,5,0,detected,1.037589,3.956263,0.354440,0.180712,0.217196,-0.021613,0.681806,12.807237,937.500,0,0.077700,0.000000,0.177195,0.369425
tracking_cdrone3_20260822_203534_108_milestone4,milestone4,1787456145.470821619,target_map,5,7,0,detected,-5.237999,2.184144,0.205059,-0.119582,0.065004,0.061846,0.831191,6.465342,7596.000,0,0.077700,0.000000,0.177195,0.369425
tracking_cdrone3_20260822_203534_108_milestone4,milestone4,1787456145.570522308,target_map,1,1,0,detected,6.289551,9.830634,0.728244,6.093132,3.102450,0.518506,0.475024,18.458549,484.500,0,0.177409,0.000000,0.212093,0.394352
tracking_cdrone3_20260822_203534_108_milestone4,milestone4,1787456145.570522308,target_map,3,5,0,detected,1.055607,3.977919,0.352285,0.180712,0.217196,-0.021613,0.664474,12.807237,937.500,0,0.177409,0.000000,0.212093,0.394352
tracking_cdrone3_20260822_203534_108_milestone4,milestone4,1787456145.570522308,target_map,5,7,0,detected,-5.249922,2.190626,0.211225,-0.119582,0.065004,0.061846,0.810061,6.465342,7596.000,0,0.177409,0.000000,0.212093,0.394352
tracking_cdrone3_20260822_203534_108_milestone4,milestone4,1787456145.657733679,raw,1,1,0,detected,-11.453468,1.426082,1.783805,-60.744278,-28.633621,4.183579,0.497070,0.019493,484.500,1,0.000000,0.000000,0.000000,0.000000
tracking_cdrone3_20260822_203534_108_milestone4,milestone4,1787456145.657733679,raw,5,5,0,detected,1.080759,4.036122,-0.257270,0.208575,0.352666,-2.236214,0.662109,12.983662,775.000,0,0.000000,0.000000,0.000000,0.000000
tracking_cdrone3_20260822_203534_108_milestone4,milestone4,1787456145.657733679,raw,7,7,0,detected,-5.339687,2.212017,-0.067678,-0.404597,0.120030,-0.976788,0.785156,6.454321,6128.500,0,0.000000,0.000000,0.000000,0.000000
tracking_cdrone3_20260822_203534_108_milestone4,milestone4,1787456145.670840025,target_map,1,1,0,detected,-11.462359,1.422640,1.787468,-1.230378,-0.476353,0.506907,0.496172,0.019493,484.500,1,0.007226,0.000000,0.152529,0.351807
tracking_cdrone3_20260822_203534_108_milestone4,milestone4,1787456145.670840025,target_map,3,5,0,detected,1.082176,4.038230,-0.266228,0.196037,0.291704,-1.239643,0.660913,12.983662,775.000,0,0.007226,0.000000,0.152529,0.351807
tracking_cdrone3_20260822_203534_108_milestone4,milestone4,1787456145.670840025,target_map,5,7,0,detected,-5.341684,2.212705,-0.071359,-0.276340,0.095268,-0.509403,0.783738,6.454321,6128.500,0,0.007226,0.000000,0.152529,0.351807
tracking_cdrone3_20260822_203534_108_milestone4,milestone4,1787456145.770785332,target_map,1,1,0,detected,-11.585338,1.375028,1.838134,-1.230378,-0.476353,0.506907,0.483752,0.019493,484.500,1,0.107178,0.000000,0.187512,0.376794
tracking_cdrone3_20260822_203534_108_milestone4,milestone4,1787456145.770785332,target_map,3,5,0,detected,1.101770,4.067387,-0.390132,0.196037,0.291704,-1.239643,0.644368,12.983662,775.000,0,0.107178,0.000000,0.187512,0.376794
tracking_cdrone3_20260822_203534_108_milestone4,milestone4,1787456145.770785332,target_map,5,7,0,detected,-5.369305,2.222228,-0.122275,-0.276340,0.095268,-0.509403,0.764118,6.454321,6128.500,0,0.107178,0.000000,0.187512,0.376794
tracking_cdrone3_20260822_203534_108_milestone4,milestone4,1787456145.870904207,target_map,1,1,0,detected,-11.708513,1.327339,1.888881,-1.230378,-0.476353,0.506907,0.471311,0.019493,484.500,1,0.207290,0.000000,0.222551,0.401822
tracking_cdrone3_20260822_203534_108_milestone4,milestone4,1787456145.870904207,target_map,3,5,0,detected,1.121396,4.096590,-0.514235,0.196037,0.291704,-1.239643,0.627797,12.983662,775.000,0,0.207290,0.000000,0.222551,0.401822
tracking_cdrone3_20260822_203534_108_milestone4,milestone4,1787456145.870904207,target_map,5,7,0,detected,-5.396970,2.231765,-0.173272,-0.276340,0.095268,-0.509403,0.744468,6.454321,6128.500,0,0.207290,0.000000,0.222551,0.401822
tracking_cdrone3_20260822_203534_108_milestone4,milestone4,1787456145.936419249,raw,5,5,0,detected,1.250350,3.997004,0.618674,0.608525,-0.140363,3.143045,0.674316,13.055859,768.000,0,0.000000,0.000000,0.000000,0.000000
tracking_cdrone3_20260822_203534_108_milestone4,milestone4,1787456145.936419249,raw,7,7,0,detected,-5.214897,2.162366,0.390286,0.447773,-0.178159,1.643260,0.861816,6.475725,6944.250,0,0.000000,0.000000,0.000000,0.000000
tracking_cdrone3_20260822_203534_108_milestone4,milestone4,1787456145.936419249,raw,1,1,1,held,-11.706738,1.329176,1.782629,-0.908776,-0.347717,-0.004220,0.497070,0.230515,484.500,1,0.278692,0.278692,0.000000,0.000000
tracking_cdrone3_20260822_203534_108_milestone4,milestone4,1787456145.971620798,target_map,1,1,1,held,-11.736743,1.317624,1.789059,-1.053496,-0.405604,0.225787,0.458899,0.230515,484.500,1,0.307174,0.000000,0.159969,0.357120
tracking_cdrone3_20260822_203534_108_milestone4,milestone4,1787456145.971620798,target_map,3,5,0,detected,1.262395,3.998544,0.652021,0.422905,0.054067,1.170835,0.669515,13.055859,768.000,0,0.028481,0.000000,0.159969,0.357120
tracking_cdrone3_20260822_203534_108_milestone4,milestone4,1787456145.971620798,target_map,5,7,0,detected,-5.211424,2.160796,0.409499,0.121922,-0.055117,0.674562,0.855680,6.475725,6944.250,0,0.028481,0.000000,0.159969,0.357120
tracking_cdrone3_20260822_203534_108_milestone4,milestone4,1787456146.070543289,target_map,1,1,1,held,-11.840959,1.277500,1.811395,-1.053496,-0.405604,0.225787,0.446606,0.230515,484.500,1,0.406098,0.000000,0.194592,0.381851
tracking_cdrone3_20260822_203534_108_milestone4,milestone4,1787456146.070543289,target_map,3,5,0,detected,1.304231,4.003893,0.767844,0.422905,0.054067,1.170835,0.652839,13.055859,768.000,0,0.127405,0.000000,0.194592,0.381851
tracking_cdrone3_20260822_203534_108_milestone4,milestone4,1787456146.070543289,target_map,5,7,0,detected,-5.199363,2.155344,0.476229,0.121922,-0.055117,0.674562,0.834366,6.475725,6944.250,0,0.127405,0.000000,0.194592,0.381851
tracking_cdrone3_20260822_203534_108_milestone4,milestone4,1787456146.171102047,target_map,1,1,1,held,-11.946895,1.236714,1.834099,-1.053496,-0.405604,0.225787,0.434110,0.230515,484.500,1,0.506654,0.000000,0.229787,0.406990
tracking_cdrone3_20260822_203534_108_milestone4,milestone4,1787456146.171102047,target_map,3,5,0,detected,1.346757,4.009330,0.885579,0.422905,0.054067,1.170835,0.635887,13.055859,768.000,0,0.227962,0.000000,0.229787,0.406990
tracking_cdrone3_20260822_203534_108_milestone4,milestone4,1787456146.171102047,target_map,5,7,0,detected,-5.187103,2.149801,0.544060,0.121922,-0.055117,0.674562,0.812701,6.475725,6944.250,0,0.227962,0.000000,0.229787,0.406990
tracking_cdrone3_20260822_203534_108_milestone4,milestone4,1787456146.212936878,raw,5,5,0,detected,1.319869,4.052861,0.569919,0.251416,0.202008,-0.176322,0.468018,13.176834,645.750,0,0.000000,0.000000,0.000000,0.000000
tracking_cdrone3_20260822_203534_108_milestone4,milestone4,1787456146.212936878,raw,7,7,0,detected,-5.221359,2.214449,0.341512,-0.023373,0.188363,-0.176394,0.866211,6.520842,7191.000,0,0.000000,0.000000,0.000000,0.000000
tracking_cdrone3_20260822_203534_108_milestone4,milestone4,1787456146.271877050,target_map,1,1,2,predicted,-12.053057,1.195841,1.856852,-1.053496,-0.405604,0.225787,0.421587,0.230515,484.500,1,0.607425,0.607425,0.265057,0.432183
tracking_cdrone3_20260822_203534_108_milestone4,milestone4,1787456146.271877050,target_map,3,5,0,detected,1.335661,4.059370,0.590580,0.328586,0.135435,0.429899,0.462394,13.176834,645.750,0,0.048060,0.000000,0.166821,0.362015
tracking_cdrone3_20260822_203534_108_milestone4,milestone4,1787456146.271877050,target_map,5,7,0,detected,-5.219340,2.218236,0.351438,0.042010,0.078797,0.206536,0.855803,6.520842,7191.000,0,0.048060,0.000000,0.166821,0.362015
tracking_cdrone3_20260822_203534_108_milestone4,milestone4,1787456146.370671511,target_map,1,1,2,predicted,-12.157135,1.155770,1.879158,-1.053496,-0.405604,0.225787,0.409310,0.230515,484.500,1,0.706219,0.706219,0.299634,0.456882
tracking_cdrone3_20260822_203534_108_milestone4,milestone4,1787456146.370671511,target_map,3,5,0,detected,1.368123,4.072750,0.633052,0.328586,0.135435,0.429899,0.450835,13.176834,645.750,0,0.146854,0.000000,0.201399,0.386713
tracking_cdrone3_20260822_203534_108_milestone4,milestone4,1787456146.370671511,target_map,5,7,0,detected,-5.215190,2.226021,0.371843,0.042010,0.078797,0.206536,0.834409,6.520842,7191.000,0,0.146854,0.000000,0.201399,0.386713
tracking_cdrone3_20260822_203534_108_milestone4,milestone4,1787456146.470826387,raw,1,1,0,detected,-11.599068,1.461840,1.792639,0.000000,0.000000,0.000000,0.497070,0.016573,484.500,0,0.000000,0.000000,0.000000,0.000000
tracking_cdrone3_20260822_203534_108_milestone4,milestone4,1787456146.470826387,raw,5,5,0,detected,1.630979,4.024384,0.339493,1.206333,-0.110418,-0.893480,0.445557,13.570078,819.000,0,0.000000,0.000000,0.000000,0.000000
tracking_cdrone3_20260822_203534_108_milestone4,milestone4,1787456146.470826387,raw,7,7,0,detected,-5.292461,2.146511,0.216970,-0.275696,-0.263431,-0.482913,0.857422,6.551732,7105.000,0,0.000000,0.000000,0.000000,0.000000
tracking_cdrone3_20260822_203534_108_milestone4,milestone4,1787456146.473515034,target_map,1,1,2,predicted,-12.265484,1.114055,1.902380,-1.053496,-0.405604,0.225787,0.396530,0.230515,484.500,1,0.809065,0.809065,0.335631,0.482593
tracking_cdrone3_20260822_203534_108_milestone4,milestone4,1787456146.473515034,target_map,3,5,0,detected,1.401917,4.086679,0.677265,0.328586,0.135435,0.429899,0.438802,13.176834,645.750,0,0.249700,0.000000,0.237395,0.412425
tracking_cdrone3_20260822_203534_108_milestone4,milestone4,1787456146.473515034,target_map,5,7,0,detected,-5.210869,2.234125,0.393084,0.042010,0.078797,0.206536,0.812138,6.520842,7191.000,0,0.249700,0.000000,0.237395,0.412425
tracking_cdrone3_20260822_203534_108_milestone4,milestone4,1787456146.570611954,target_map,1,1,0,detected,-11.600722,1.466446,1.794895,-0.019298,0.053717,0.026317,0.486414,0.016573,484.500,0,0.085751,0.000000,0.180013,0.371438
tracking_cdrone3_20260822_203534_108_milestone4,milestone4,1787456146.570611954,target_map,3,5,0,detected,1.700553,4.024403,0.313943,0.811347,0.000216,-0.297960,0.436005,13.570078,819.000,0,0.085751,0.000000,0.180013,0.371438
tracking_cdrone3_20260822_203534_108_milestone4,milestone4,1787456146.570611954,target_map,5,7,0,detected,-5.303843,2.137128,0.202164,-0.132728,-0.109428,-0.172661,0.839041,6.551732,7105.000,0,0.085751,0.000000,0.180013,0.371438
tracking_cdrone3_20260822_203534_108_milestone4,milestone4,1787456146.671836376,target_map,1,1,0,detected,-11.602675,1.471883,1.797559,-0.019298,0.053717,0.026317,0.473837,0.016573,484.500,0,0.186966,0.000000,0.215438,0.396741
tracking_cdrone3_20260822_203534_108_milestone4,milestone4,1787456146.671836376,target_map,3,5,0,detected,1.782673,4.024425,0.283785,0.811347,0.000216,-0.297960,0.424731,13.570078,819.000,0,0.186966,0.000000,0.215438,0.396741
tracking_cdrone3_20260822_203534_108_milestone4,milestone4,1787456146.671836376,target_map,5,7,0,detected,-5.317276,2.126052,0.184688,-0.132728,-0.109428,-0.172661,0.817345,6.551732,7105.000,0,0.186966,0.000000,0.215438,0.396741
tracking_cdrone3_20260822_203534_108_milestone4,milestone4,1787456146.743419170,raw,5,5,0,detected,1.835731,4.092112,0.259863,0.751127,0.248456,-0.292120,0.445557,13.821648,819.000,0,0.000000,0.000000,0.000000,0.000000
tracking_cdrone3_20260822_203534_108_milestone4,milestone4,1787456146.743419170,raw,7,7,0,detected,-5.300436,2.172806,0.172248,-0.029256,0.096463,-0.164063,0.868652,6.596052,6762.000,0,0.000000,0.000000,0.000000,0.000000
tracking_cdrone3_20260822_203534_108_milestone4,milestone4,1787456146.743419170,raw,1,1,1,held,-11.625173,1.466215,1.851117,-0.095765,0.016050,0.214527,0.497070,0.015613,484.500,0,0.272593,0.272593,0.000000,0.000000
tracking_cdrone3_20260822_203534_108_milestone4,milestone4,1787456146.772353172,target_map,1,1,1,held,-11.626227,1.466782,1.853349,-0.061354,0.033000,0.129832,0.461060,0.015613,484.500,0,0.289782,0.000000,0.156016,0.354297
tracking_cdrone3_20260822_203534_108_milestone4,milestone4,1787456146.772353172,target_map,3,5,0,detected,1.849108,4.094462,0.254797,0.778226,0.136748,-0.294748,0.443642,13.821648,819.000,0,0.017190,0.000000,0.156016,0.354297
tracking_cdrone3_20260822_203534_108_milestone4,milestone4,1787456146.772353172,target_map,5,7,0,detected,-5.301739,2.172872,0.169361,-0.075819,0.003812,-0.167932,0.864919,6.596052,6762.000,0,0.017190,0.000000,0.156016,0.354297
tracking_cdrone3_20260822_203534_108_milestone4,milestone4,1787456146.870821953,target_map,1,1,1,held,-11.632270,1.470032,1.866136,-0.061354,0.033000,0.129832,0.448820,0.015613,484.500,0,0.388274,0.000000,0.190488,0.378920
tracking_cdrone3_20260822_203534_108_milestone4,milestone4,1787456146.870821953,target_map,3,5,0,detected,1.925757,4.107931,0.225766,0.778226,0.136748,-0.294748,0.432671,13.821648,819.000,0,0.115681,0.000000,0.190488,0.378920
tracking_cdrone3_20260822_203534_108_milestone4,milestone4,1787456146.870821953,target_map,5,7,0,detected,-5.309206,2.173247,0.152821,-0.075819,0.003812,-0.167932,0.843531,6.596052,6762.000,0,0.115681,0.000000,0.190488,0.378920
tracking_cdrone3_20260822_203534_108_milestone4,milestone4,1787456146.970572472,target_map,1,1,1,held,-11.638391,1.473324,1.879088,-0.061354,0.033000,0.129832,0.436424,0.015613,484.500,0,0.488032,0.000000,0.225404,0.403860
tracking_cdrone3_20260822_203534_108_milestone4,milestone4,1787456146.970572472,target_map,3,5,0,detected,2.003392,4.121572,0.196363,0.778226,0.136748,-0.294748,0.421559,13.821648,819.000,0,0.215440,0.000000,0.225404,0.403860
tracking_cdrone3_20260822_203534_108_milestone4,milestone4,1787456146.970572472,target_map,5,7,0,detected,-5.316770,2.173628,0.136069,-0.075819,0.003812,-0.167932,0.821867,6.596052,6762.000,0,0.215440,0.000000,0.225404,0.403860
tracking_cdrone3_20260822_203534_108_milestone4,milestone4,1787456146.991187096,raw,5,5,0,detected,1.998334,3.972760,0.272353,0.656233,-0.481676,0.050407,0.445557,13.981108,819.000,0,0.000000,0.000000,0.000000,0.000000
tracking_cdrone3_20260822_203534_108_milestone4,milestone4,1787456146.991187096,raw,7,7,0,detected,-5.284460,2.088108,0.173720,0.064474,-0.341826,0.005943,0.864746,6.634736,6970.000,0,0.000000,0.000000,0.000000,0.000000
tracking_cdrone3_20260822_203534_108_milestone4,milestone4,1787456147.070547581,target_map,1,1,2,predicted,-11.644524,1.476623,1.892065,-0.061354,0.033000,0.129832,0.424003,0.015613,484.500,0,0.587982,0.587982,0.260386,0.428847
tracking_cdrone3_20260822_203534_108_milestone4,milestone4,1787456147.070547581,target_map,3,5,0,detected,2.051766,3.957479,0.264471,0.711130,-0.203385,-0.104913,0.437187,13.981108,819.000,0,0.075136,0.000000,0.176298,0.368784
tracking_cdrone3_20260822_203534_108_milestone4,milestone4,1787456147.070547581,target_map,5,7,0,detected,-5.284359,2.074111,0.168288,0.001342,-0.186289,-0.072301,0.848503,6.634736,6970.000,0,0.075136,0.000000,0.176298,0.368784
tracking_cdrone3_20260822_203534_108_milestone4,milestone4,1787456147.170495510,target_map,1,1,2,predicted,-11.650657,1.479922,1.905045,-0.061354,0.033000,0.129832,0.411579,0.015613,484.500,0,0.687958,0.687958,0.295378,0.453841
tracking_cdrone3_20260822_203534_108_milestone4,milestone4,1787456147.170495510,target_map,3,5,0,detected,2.122862,3.937145,0.253982,0.711130,-0.203385,-0.104913,0.426051,13.981108,819.000,0,0.175112,0.000000,0.211289,0.393778
tracking_cdrone3_20260822_203534_108_milestone4,milestone4,1787456147.170495510,target_map,5,7,0,detected,-5.284225,2.055486,0.161060,0.001342,-0.186289,-0.072301,0.826889,6.634736,6970.000,0,0.175112,0.000000,0.211289,0.393778
tracking_cdrone3_20260822_203534_108_milestone4,milestone4,1787456147.255309343,raw,5,5,0,detected,2.023425,4.025881,0.348660,0.095008,0.201142,0.288933,0.445557,14.040350,819.000,0,0.000000,0.000000,0.000000,0.000000
tracking_cdrone3_20260822_203534_108_milestone4,milestone4,1787456147.255309343,raw,7,7,0,detected,-5.306229,2.115800,0.225155,-0.082427,0.104858,0.194758,0.730957,6.648621,6708.000,0,0.000000,0.000000,0.000000,0.000000
tracking_cdrone3_20260822_203534_108_milestone4,milestone4,1787456147.270600557,target_map,1,1,2,predicted,-11.656799,1.483225,1.918042,-0.061354,0.033000,0.129832,0.399140,0.015613,484.500,0,0.788063,0.788063,0.330415,0.478868
tracking_cdrone3_20260822_203534_108_milestone4,milestone4,1787456147.270600557,target_map,3,5,0,detected,2.026170,4.026022,0.349484,0.372263,0.019105,0.111703,0.444735,14.040350,819.000,0,0.007373,0.000000,0.152581,0.351843
tracking_cdrone3_20260822_203534_108_milestone4,milestone4,1787456147.270600557,target_map,5,7,0,detected,-5.306559,2.115608,0.225705,-0.044731,-0.026158,0.074581,0.729610,6.648621,6708.000,0,0.007373,0.000000,0.152581,0.351843
tracking_cdrone3_20260822_203534_108_milestone4,milestone4,1787456147.370578051,target_map,1,1,2,predicted,-11.662933,1.486525,1.931022,-0.061354,0.033000,0.129832,0.386716,0.015613,484.500,0,0.888039,0.888039,0.365406,0.503862
tracking_cdrone3_20260822_203534_108_milestone4,milestone4,1787456147.370578051,target_map,3,5,0,detected,2.063388,4.027932,0.360651,0.372263,0.019105,0.111703,0.433599,14.040350,819.000,0,0.107349,0.000000,0.187572,0.376837
tracking_cdrone3_20260822_203534_108_milestone4,milestone4,1787456147.370578051,target_map,5,7,0,detected,-5.311030,2.112992,0.233162,-0.044731,-0.026158,0.074581,0.711340,6.648621,6708.000,0,0.107349,0.000000,0.187572,0.376837
tracking_cdrone3_20260822_203534_108_milestone4,milestone4,1787456147.470611572,target_map,1,1,2,predicted,-11.669069,1.489825,1.944007,-0.061354,0.033000,0.129832,0.374287,0.015613,484.500,0,0.988055,0.988055,0.400412,0.528866
tracking_cdrone3_20260822_203534_108_milestone4,milestone4,1787456147.470611572,target_map,3,5,0,detected,2.100620,4.029843,0.371823,0.372263,0.019105,0.111703,0.422458,14.040350,819.000,0,0.207365,0.000000,0.222578,0.401841
tracking_cdrone3_20260822_203534_108_milestone4,milestone4,1787456147.470611572,target_map,5,7,0,detected,-5.315504,2.110376,0.240621,-0.044731,-0.026158,0.074581,0.693063,6.648621,6708.000,0,0.207365,0.000000,0.222578,0.401841
tracking_cdrone3_20260822_203534_108_milestone4,milestone4,1787456147.543527603,raw,5,5,0,detected,2.189422,4.139299,0.426942,0.575960,0.393526,0.271616,0.445557,14.251784,819.000,0,0.000000,0.000000,0.000000,0.000000
tracking_cdrone3_20260822_203534_108_milestone4,milestone4,1787456147.543527603,raw,7,7,0,detected,-5.309439,2.157414,0.276873,-0.011137,0.144386,0.179446,0.722656,6.680484,6844.750,0,0.000000,0.000000,0.000000,0.000000
tracking_cdrone3_20260822_203534_108_milestone4,milestone4,1787456147.570857525,target_map,1,1,2,predicted,-11.675220,1.493134,1.957023,-0.061354,0.033000,0.129832,0.361829,0.015613,484.500,0,1.088306,1.088306,0.435500,0.553928
tracking_cdrone3_20260822_203534_108_milestone4,milestone4,1787456147.570857525,target_map,3,5,0,detected,2.200541,4.144466,0.431526,0.484297,0.225037,0.199655,0.442999,14.251784,819.000,0,0.022959,0.000000,0.158036,0.355740
tracking_cdrone3_20260822_203534_108_milestone4,milestone4,1787456147.570857525,target_map,5,7,0,detected,-5.310041,2.158967,0.279910,-0.026254,0.067641,0.132257,0.718508,6.680484,6844.750,0,0.022959,0.000000,0.158036,0.355740
tracking_cdrone3_20260822_203534_108_milestone4,milestone4,1787456147.670681715,target_map,1,1,2,predicted,-11.681345,1.496428,1.969984,-0.061354,0.033000,0.129832,0.349423,0.015613,484.500,0,1.188137,1.188137,0.470441,0.578886
tracking_cdrone3_20260822_203534_108_milestone4,milestone4,1787456147.670681715,target_map,3,5,0,detected,2.248889,4.166932,0.451458,0.484297,0.225037,0.199655,0.431879,14.251784,819.000,0,0.122790,0.000000,0.192977,0.380698
tracking_cdrone3_20260822_203534_108_milestone4,milestone4,1787456147.670681715,target_map,5,7,0,detected,-5.312663,2.165719,0.293113,-0.026254,0.067641,0.132257,0.700472,6.680484,6844.750,0,0.122790,0.000000,0.192977,0.380698
tracking_cdrone3_20260822_203534_108_milestone4,milestone4,1787456147.770851612,target_map,1,1,2,predicted,-11.687490,1.499733,1.982987,-0.061354,0.033000,0.129832,0.336978,0.015613,484.500,0,1.288286,1.288286,0.505493,0.603923
tracking_cdrone3_20260822_203534_108_milestone4,milestone4,1787456147.770851612,target_map,3,5,0,detected,2.297391,4.189469,0.471453,0.484297,0.225037,0.199655,0.420724,14.251784,819.000,0,0.222939,0.000000,0.228029,0.405735
tracking_cdrone3_20260822_203534_108_milestone4,milestone4,1787456147.770851612,target_map,5,7,0,detected,-5.315292,2.172493,0.306358,-0.026254,0.067641,0.132257,0.682379,6.680484,6844.750,0,0.222939,0.000000,0.228029,0.405735
tracking_cdrone3_20260822_203534_108_milestone4,milestone4,1787456147.800648212,raw,5,5,0,detected,2.365162,4.157191,0.356277,0.683449,0.069580,-0.274814,0.445557,14.447757,819.000,0,0.000000,0.000000,0.000000,0.000000
tracking_cdrone3_20260822_203534_108_milestone4,milestone4,1787456147.800648212,raw,7,7,0,detected,-5.336967,2.152982,0.260137,-0.107058,-0.017234,-0.065085,0.860352,6.670686,5626.000,0,0.000000,0.000000,0.000000,0.000000
tracking_cdrone3_20260822_203534_108_milestone4,milestone4,1787456147.870857000,target_map,1,1,2,predicted,-11.693626,1.503034,1.995973,-0.061354,0.033000,0.129832,0.324549,0.015613,484.500,0,1.388307,1.388307,0.540500,0.628929
tracking_cdrone3_20260822_203534_108_milestone4,milestone4,1787456147.870857000,target_map,3,5,0,detected,2.401083,4.165631,0.352569,0.593830,0.139535,-0.061303,0.438819,14.447757,819.000,0,0.060491,0.000000,0.171172,0.365123
tracking_cdrone3_20260822_203534_108_milestone4,milestone4,1787456147.870857000,target_map,5,7,0,detected,-5.341243,2.154250,0.261572,-0.070696,0.020960,0.023719,0.847341,6.670686,5626.000,0,0.060491,0.000000,0.171172,0.365123
tracking_cdrone3_20260822_203534_108_milestone4,milestone4,1787456147.970524549,target_map,1,1,2,predicted,-11.699742,1.506323,2.008914,-0.061354,0.033000,0.129832,0.312162,0.015613,484.500,0,1.487981,1.487981,0.575386,0.653847
tracking_cdrone3_20260822_203534_108_milestone4,milestone4,1787456147.970524549,target_map,3,5,0,detected,2.460273,4.179540,0.346459,0.593830,0.139535,-0.061303,0.427716,14.447757,819.000,0,0.160166,0.000000,0.206058,0.390041
tracking_cdrone3_20260822_203534_108_milestone4,milestone4,1787456147.970524549,target_map,5,7,0,detected,-5.348290,2.156339,0.263936,-0.070696,0.020960,0.023719,0.825902,6.670686,5626.000,0,0.160166,0.000000,0.206058,0.390041
tracking_cdrone3_20260822_203534_108_milestone4,milestone4,1787456148.061692953,raw,5,5,0,detected,4.330228,4.535913,0.593930,7.527917,1.450839,0.910418,0.400635,16.424955,899.000,0,0.000000,0.000000,0.000000,0.000000
tracking_cdrone3_20260822_203534_108_milestone4,milestone4,1787456148.061692953,raw,7,7,0,detected,-5.333802,2.157236,0.277800,0.012127,0.016297,0.067663,0.849609,6.678082,5520.000,0,0.000000,0.000000,0.000000,0.000000
tracking_cdrone3_20260822_203534_108_milestone4,milestone4,1787456148.077467918,target_map,1,1,2,predicted,-11.706304,1.509852,2.022798,-0.061354,0.033000,0.129832,0.298873,0.015613,484.500,0,1.594920,1.594920,0.612815,0.680582
tracking_cdrone3_20260822_203534_108_milestone4,milestone4,1787456148.077467918,target_map,3,5,0,detected,4.374446,4.544549,0.598677,4.407578,0.860752,0.473144,0.399630,16.424955,899.000,0,0.010032,0.000000,0.153511,0.352508
tracking_cdrone3_20260822_203534_108_milestone4,milestone4,1787456148.077467918,target_map,5,7,0,detected,-5.334054,2.157421,0.278280,-0.025144,0.018395,0.047888,0.847478,6.678082,5520.000,0,0.010032,0.000000,0.153511,0.352508
tracking_cdrone3_20260822_203534_108_milestone4,milestone4,1787456148.170674086,target_map,1,1,2,predicted,-11.712023,1.512928,2.034900,-0.061354,0.033000,0.129832,0.287290,0.015613,484.500,0,1.688136,1.688136,0.645440,0.703886
tracking_cdrone3_20260822_203534_108_milestone4,milestone4,1787456148.170674086,target_map,3,5,0,detected,4.785301,4.624784,0.642781,4.407578,0.860752,0.473144,0.390294,16.424955,899.000,0,0.103248,0.000000,0.186137,0.375812
tracking_cdrone3_20260822_203534_108_milestone4,milestone4,1787456148.170674086,target_map,5,7,0,detected,-5.336398,2.159135,0.282744,-0.025144,0.018395,0.047888,0.827679,6.678082,5520.000,0,0.103248,0.000000,0.186137,0.375812
tracking_cdrone3_20260822_203534_108_milestone4,milestone4,1787456148.270694971,target_map,1,1,2,predicted,-11.718159,1.516229,2.047885,-0.061354,0.033000,0.129832,0.274861,0.015613,484.500,0,1.788152,1.788152,0.680446,0.728890
tracking_cdrone3_20260822_203534_108_milestone4,milestone4,1787456148.270694971,target_map,3,5,0,detected,5.226131,4.710874,0.690103,4.407578,0.860752,0.473144,0.380276,16.424955,899.000,0,0.203264,0.000000,0.221142,0.400816
tracking_cdrone3_20260822_203534_108_milestone4,milestone4,1787456148.270694971,target_map,5,7,0,detected,-5.338912,2.160975,0.287534,-0.025144,0.018395,0.047888,0.806436,6.678082,5520.000,0,0.203264,0.000000,0.221142,0.400816
tracking_cdrone3_20260822_203534_108_milestone4,milestone4,1787456148.324556589,raw,5,5,0,detected,4.408930,4.594601,0.684653,0.299389,0.223250,0.345112,0.400635,16.526634,899.000,0,0.000000,0.000000,0.000000,0.000000
tracking_cdrone3_20260822_203534_108_milestone4,milestone4,1787456148.324556589,raw,7,7,0,detected,-5.341508,2.173488,0.260289,-0.029317,0.061822,-0.066614,0.845703,6.692601,5411.250,0,0.000000,0.000000,0.000000,0.000000
tracking_cdrone3_20260822_203534_108_milestone4,milestone4,1787456148.370728016,target_map,1,1,2,predicted,-11.724296,1.519529,2.060871,-0.061354,0.033000,0.129832,0.262432,0.015613,484.500,0,1.888170,1.888170,0.715452,0.753894
tracking_cdrone3_20260822_203534_108_milestone4,milestone4,1787456148.370728016,target_map,3,5,0,detected,4.490415,4.613952,0.699929,2.148074,0.510126,0.402726,0.396835,16.526634,899.000,0,0.037934,0.000000,0.163277,0.359483
tracking_cdrone3_20260822_203534_108_milestone4,milestone4,1787456148.370728016,target_map,5,7,0,detected,-5.342549,2.175092,0.259716,-0.027439,0.042280,-0.015088,0.837683,6.692601,5411.250,0,0.037934,0.000000,0.163277,0.359483
tracking_cdrone3_20260822_203534_108_milestone4,milestone4,1787456148.470567226,target_map,1,1,2,predicted,-11.730422,1.522825,2.073836,-0.061354,0.033000,0.129832,0.250023,0.015613,484.500,0,1.988026,1.988026,0.750402,0.778858
tracking_cdrone3_20260822_203534_108_milestone4,milestone4,1787456148.470567226,target_map,3,5,0,detected,4.704913,4.664891,0.740144,2.148074,0.510126,0.402726,0.386834,16.526634,899.000,0,0.137790,0.000000,0.198226,0.384447
tracking_cdrone3_20260822_203534_108_milestone4,milestone4,1787456148.470567226,target_map,5,7,0,detected,-5.345289,2.179313,0.258210,-0.027439,0.042280,-0.015088,0.816571,6.692601,5411.250,0,0.137790,0.000000,0.198226,0.384447
tracking_cdrone3_20260822_203534_108_milestone4,milestone4,1787456148.570922852,target_map,1,1,2,predicted,-11.736579,1.526136,2.086864,-0.061354,0.033000,0.129832,0.237554,0.015613,484.500,0,2.088371,2.088371,0.785522,0.803945
tracking_cdrone3_20260822_203534_108_milestone4,milestone4,1787456148.570922852,target_map,3,5,0,detected,4.920462,4.716080,0.780556,2.148074,0.510126,0.402726,0.376783,16.526634,899.000,0,0.238135,0.000000,0.233347,0.409534
tracking_cdrone3_20260822_203534_108_milestone4,milestone4,1787456148.570922852,target_map,5,7,0,detected,-5.348042,2.183556,0.256696,-0.027439,0.042280,-0.015088,0.795355,6.692601,5411.250,0,0.238135,0.000000,0.233347,0.409534
tracking_cdrone3_20260822_203534_108_milestone4,milestone4,1787456148.578217030,raw,5,5,0,detected,4.800647,4.648548,0.989341,1.544315,0.212682,1.201213,0.400635,16.924515,899.000,0,0.000000,0.000000,0.000000,0.000000
tracking_cdrone3_20260822_203534_108_milestone4,milestone4,1787456148.578217030,raw,7,7,0,detected,-5.331748,2.159911,0.321903,0.038479,-0.053526,0.242911,0.764648,6.704349,6732.000,0,0.000000,0.000000,0.000000,0.000000
tracking_cdrone3_20260822_203534_108_milestone4,milestone4,1787456148.670911551,target_map,1,1,2,predicted,-11.742714,1.529436,2.099845,-0.061354,0.033000,0.129832,0.225128,0.015613,484.500,0,2.188361,2.188361,0.820519,0.828942
tracking_cdrone3_20260822_203534_108_milestone4,milestone4,1787456148.670911551,target_map,3,5,0,detected,4.962026,4.679342,1.064156,1.816007,0.346532,0.841894,0.391734,16.924515,899.000,0,0.088865,0.000000,0.181103,0.372216
tracking_cdrone3_20260822_203534_108_milestone4,milestone4,1787456148.670911551,target_map,5,7,0,detected,-5.330965,2.158986,0.333172,0.008816,-0.010413,0.126811,0.747661,6.704349,6732.000,0,0.088865,0.000000,0.181103,0.372216
tracking_cdrone3_20260822_203534_108_milestone4,milestone4,1787456148.770749092,target_map,1,1,2,predicted,-11.748839,1.532730,2.112808,-0.061354,0.033000,0.129832,0.212721,0.015613,484.500,0,2.288199,2.288199,0.855462,0.853902
tracking_cdrone3_20260822_203534_108_milestone4,milestone4,1787456148.770749092,target_map,3,5,0,detected,5.143333,4.713939,1.148209,1.816007,0.346532,0.841894,0.381735,16.924515,899.000,0,0.188703,0.000000,0.216046,0.397176
tracking_cdrone3_20260822_203534_108_milestone4,milestone4,1787456148.770749092,target_map,5,7,0,detected,-5.330084,2.157946,0.345833,0.008816,-0.010413,0.126811,0.728576,6.704349,6732.000,0,0.188703,0.000000,0.216046,0.397176
tracking_cdrone3_20260822_203534_108_milestone4,milestone4,1787456148.804691553,raw,5,5,0,detected,-11.768048,1.339860,2.009296,-73.160439,-14.609781,4.503694,0.486328,0.015816,870.250,1,0.000000,0.000000,0.000000,0.000000
tracking_cdrone3_20260822_203534_108_milestone4,milestone4,1787456148.804691553,raw,7,7,0,detected,-5.345302,2.137475,0.270440,-0.059849,-0.099065,-0.227240,0.821777,6.717039,6950.000,0,0.000000,0.000000,0.000000,0.000000
tracking_cdrone3_20260822_203534_108_milestone4,milestone4,1787456148.870841265,target_map,1,1,2,predicted,-11.754980,1.536034,2.125803,-0.061354,0.033000,0.129832,0.200283,0.015613,484.500,0,2.388294,2.388294,0.890495,0.878925
tracking_cdrone3_20260822_203534_108_milestone4,milestone4,1787456148.870841265,target_map,3,5,0,detected,-11.985723,1.295939,2.049464,-3.489764,-0.704141,0.643985,0.478744,0.015816,870.250,1,0.062375,0.000000,0.171831,0.365594
tracking_cdrone3_20260822_203534_108_milestone4,milestone4,1787456148.870841265,target_map,5,7,0,detected,-5.347108,2.133785,0.266204,-0.028950,-0.059172,-0.067917,0.808963,6.717039,6950.000,0,0.062375,0.000000,0.171831,0.365594
tracking_cdrone3_20260822_203534_108_milestone4,milestone4,1787456148.970983982,target_map,1,1,2,predicted,-11.761124,1.539338,2.138803,-0.061354,0.033000,0.129832,0.187840,0.015613,484.500,0,2.488424,2.488424,0.925541,0.903958
tracking_cdrone3_20260822_203534_108_milestone4,milestone4,1787456148.970983982,target_map,3,5,0,detected,-12.335154,1.225434,2.113947,-3.489764,-0.704141,0.643985,0.466570,0.015816,870.250,1,0.162505,0.000000,0.206877,0.390626
tracking_cdrone3_20260822_203534_108_milestone4,milestone4,1787456148.970983982,target_map,5,7,0,detected,-5.350007,2.127860,0.259403,-0.028950,-0.059172,-0.067917,0.788392,6.717039,6950.000,0,0.162505,0.000000,0.206877,0.390626
tracking_cdrone3_20260822_203534_108_milestone4,milestone4,1787456149.047098398,raw,5,5,0,detected,-11.782057,1.317645,2.009755,-0.057788,-0.091646,0.001896,0.486328,0.015146,870.250,0,0.000000,0.000000,0.000000,0.000000
tracking_cdrone3_20260822_203534_108_milestone4,milestone4,1787456149.047098398,raw,7,7,0,detected,-5.317560,2.147501,0.346219,0.114450,0.041359,0.312621,0.839844,6.741242,6532.000,0,0.000000,0.000000,0.000000,0.000000
tracking_cdrone3_20260822_203534_108_milestone4,milestone4,1787456149.070890665,target_map,1,1,2,predicted,-11.767255,1.542636,2.151778,-0.061354,0.033000,0.129832,0.175422,0.015613,484.500,0,2.588354,2.588354,0.960516,0.928940
tracking_cdrone3_20260822_203534_108_milestone4,milestone4,1787456149.070890665,target_map,3,5,0,detected,-11.812662,1.310630,2.015311,-1.602177,-0.367269,0.290836,0.484006,0.015146,870.250,0,0.019102,0.000000,0.156686,0.354776
tracking_cdrone3_20260822_203534_108_milestone4,milestone4,1787456149.070890665,target_map,5,7,0,detected,-5.316606,2.147427,0.348920,0.049920,-0.003880,0.141379,0.835833,6.741242,6532.000,0,0.019102,0.000000,0.156686,0.354776
tracking_cdrone3_20260822_203534_108_milestone4,milestone4,1787456149.170720816,target_map,1,1,2,predicted,-11.773378,1.545929,2.164736,-0.061354,0.033000,0.129832,0.163018,0.015613,484.500,0,2.688166,2.688166,0.995451,0.953893
tracking_cdrone3_20260822_203534_108_milestone4,milestone4,1787456149.170720816,target_map,3,5,0,detected,-11.972578,1.273972,2.044340,-1.602177,-0.367269,0.290836,0.471870,0.015146,870.250,0,0.118914,0.000000,0.191620,0.379728
tracking_cdrone3_20260822_203534_108_milestone4,milestone4,1787456149.170720816,target_map,5,7,0,detected,-5.311624,2.147040,0.363031,0.049920,-0.003880,0.141379,0.814876,6.741242,6532.000,0,0.118914,0.000000,0.191620,0.379728
tracking_cdrone3_20260822_203534_108_milestone4,milestone4,1787456149.270710230,target_map,1,1,2,predicted,-11.779514,1.549229,2.177719,-0.061354,0.033000,0.129832,0.150592,0.015613,484.500,0,2.788162,2.788162,1.030449,0.978892
tracking_cdrone3_20260822_203534_108_milestone4,milestone4,1787456149.270710230,target_map,3,5,0,detected,-12.132789,1.237247,2.073422,-1.602177,-0.367269,0.290836,0.459713,0.015146,870.250,0,0.218910,0.000000,0.226618,0.404727
tracking_cdrone3_20260822_203534_108_milestone4,milestone4,1787456149.270710230,target_map,5,7,0,detected,-5.306632,2.146652,0.377169,0.049920,-0.003880,0.141379,0.793881,6.741242,6532.000,0,0.218910,0.000000,0.226618,0.404727
tracking_cdrone3_20260822_203534_108_milestone4,milestone4,1787456149.300637484,raw,5,5,0,detected,-11.803698,1.276026,2.027884,-0.085345,-0.164133,0.071496,0.459961,0.015511,929.250,0,0.000000,0.000000,0.000000,0.000000
tracking_cdrone3_20260822_203534_108_milestone4,milestone4,1787456149.300637484,raw,7,7,0,detected,-5.387377,2.105628,0.249508,-0.275339,-0.165133,-0.381398,0.712891,6.724772,6444.000,1,0.000000,0.000000,0.000000,0.000000
tracking_cdrone3_20260822_203534_108_milestone4,milestone4,1787456149.370809078,target_map,1,1,2,predicted,-11.785656,1.552533,2.190715,-0.061354,0.033000,0.129832,0.138153,0.015613,484.500,0,2.888261,2.888261,1.065484,1.003917
tracking_cdrone3_20260822_203534_108_milestone4,milestone4,1787456149.370809078,target_map,3,5,0,detected,-11.854017,1.259281,2.039037,-0.767919,-0.255544,0.170199,0.452426,0.015511,929.250,0,0.065527,0.000000,0.172934,0.366382
tracking_cdrone3_20260822_203534_108_milestone4,milestone4,1787456149.370809078,target_map,5,7,0,detected,-5.395828,2.099562,0.239931,-0.128972,-0.092569,-0.146149,0.701212,6.724772,6444.000,1,0.065527,0.000000,0.172934,0.366382
tracking_cdrone3_20260822_203534_108_milestone4,milestone4,1787456149.470620632,target_map,1,1,2,predicted,-11.791780,1.555826,2.203673,-0.061354,0.033000,0.129832,0.125750,0.015613,484.500,0,2.988067,2.988067,1.100416,1.028869
tracking_cdrone3_20260822_203534_108_milestone4,milestone4,1787456149.470620632,target_map,3,5,0,detected,-11.930660,1.233776,2.056024,-0.767919,-0.255544,0.170199,0.440949,0.015511,929.250,0,0.165333,0.000000,0.207866,0.391333
tracking_cdrone3_20260822_203534_108_milestone4,milestone4,1787456149.470620632,target_map,5,7,0,detected,-5.408700,2.090323,0.225345,-0.128972,-0.092569,-0.146149,0.683425,6.724772,6444.000,1,0.165333,0.000000,0.207866,0.391333
tracking_cdrone3_20260822_203534_108_milestone4,milestone4,1787456149.570833683,target_map,1,1,2,predicted,-11.797928,1.559133,2.216684,-0.061354,0.033000,0.129832,0.113297,0.015613,484.500,0,3.088281,3.088281,1.135491,1.053922
tracking_cdrone3_20260822_203534_108_milestone4,milestone4,1787456149.570833683,target_map,3,5,2,predicted,-12.007616,1.208167,2.073080,-0.767919,-0.255544,0.170199,0.429426,0.015511,929.250,0,0.265547,0.265547,0.242941,0.416387
tracking_cdrone3_20260822_203534_108_milestone4,milestone4,1787456149.570833683,target_map,5,7,2,predicted,-5.421626,2.081047,0.210699,-0.128972,-0.092569,-0.146149,0.665564,6.724772,6444.000,1,0.265547,0.265547,0.242941,0.416387
tracking_cdrone3_20260822_203534_108_milestone4,milestone4,1787456149.572272062,raw,1,1,0,detected,-11.826729,1.217112,2.067778,0.000000,0.000000,0.000000,0.540039,0.013025,967.750,0,0.000000,0.000000,0.000000,0.000000
tracking_cdrone3_20260822_203534_108_milestone4,milestone4,1787456149.572272062,raw,5,5,0,detected,-11.822554,1.214304,2.067394,-0.069423,-0.227246,0.145465,0.459961,0.016045,929.250,0,0.000000,0.000000,0.000000,0.000000
tracking_cdrone3_20260822_203534_108_milestone4,milestone4,1787456149.572272062,raw,7,7,0,detected,-5.415540,2.023746,0.332301,-0.103689,-0.301467,0.304822,0.770020,6.702517,6176.250,1,0.000000,0.000000,0.000000,0.000000
tracking_cdrone3_20260822_203534_108_milestone4,milestone4,1787456149.670509815,target_map,1,1,0,detected,-11.829754,1.212853,2.070725,-0.032650,-0.045964,0.031803,0.527530,0.013025,967.750,0,0.092654,0.000000,0.182429,0.373163
tracking_cdrone3_20260822_203534_108_milestone4,milestone4,1787456149.670509815,target_map,3,5,0,detected,-11.858109,1.192069,2.081903,-0.383746,-0.239980,0.156595,0.449307,0.016045,929.250,0,0.092654,0.000000,0.182429,0.373163
tracking_cdrone3_20260822_203534_108_milestone4,milestone4,1787456149.670509815,target_map,5,7,0,detected,-5.426201,2.004524,0.341741,-0.115066,-0.207463,0.101885,0.752183,6.702517,6176.250,1,0.092654,0.000000,0.182429,0.373163
tracking_cdrone3_20260822_203534_108_milestone4,milestone4,1787456149.770905733,target_map,1,1,0,detected,-11.833032,1.208239,2.073917,-0.032650,-0.045964,0.031803,0.513978,0.013025,967.750,0,0.193031,0.000000,0.217561,0.398258
tracking_cdrone3_20260822_203534_108_milestone4,milestone4,1787456149.770905733,target_map,3,5,0,detected,-11.896628,1.167980,2.097622,-0.383746,-0.239980,0.156595,0.437764,0.016045,929.250,0,0.193031,0.000000,0.217561,0.398258
tracking_cdrone3_20260822_203534_108_milestone4,milestone4,1787456149.770905733,target_map,5,7,0,detected,-5.437751,1.983700,0.351968,-0.115066,-0.207463,0.101885,0.732860,6.702517,6176.250,1,0.193031,0.000000,0.217561,0.398258
tracking_cdrone3_20260822_203534_108_milestone4,milestone4,1787456149.870676279,target_map,1,1,2,predicted,-11.836289,1.203653,2.077091,-0.032650,-0.045964,0.031803,0.500507,0.013025,967.750,0,0.292812,0.292812,0.252484,0.423203
tracking_cdrone3_20260822_203534_108_milestone4,milestone4,1787456149.870676279,target_map,3,5,2,predicted,-11.934919,1.144035,2.113247,-0.383746,-0.239980,0.156595,0.426290,0.016045,929.250,0,0.292812,0.292812,0.252484,0.423203
tracking_cdrone3_20260822_203534_108_milestone4,milestone4,1787456149.870676279,target_map,5,7,2,predicted,-5.449233,1.962999,0.362134,-0.115066,-0.207463,0.101885,0.713652,6.702517,6176.250,1,0.292812,0.292812,0.252484,0.423203
tracking_cdrone3_20260822_203534_108_milestone4,milestone4,1787456149.896435022,raw,1,1,0,detected,-11.837057,1.172295,2.096287,-0.031861,-0.138252,0.087945,0.577637,0.012610,712.500,0,0.000000,0.000000,0.000000,0.000000
tracking_cdrone3_20260822_203534_108_milestone4,milestone4,1787456149.896435022,raw,5,5,0,detected,-11.832230,1.169784,2.096213,-0.029851,-0.137335,0.088900,0.578613,0.016289,1180.000,0,0.000000,0.000000,0.000000,0.000000
tracking_cdrone3_20260822_203534_108_milestone4,milestone4,1787456149.896435022,raw,7,7,0,detected,-5.252052,2.026559,0.683145,0.504332,0.008676,1.082294,0.770020,6.800294,6176.250,0,0.000000,0.000000,0.000000,0.000000
tracking_cdrone3_20260822_203534_108_milestone4,milestone4,1787456149.970932722,target_map,1,1,0,detected,-11.839334,1.165460,2.100717,-0.032216,-0.096722,0.062681,0.567431,0.012610,712.500,0,0.070675,0.000000,0.174736,0.367669
tracking_cdrone3_20260822_203534_108_milestone4,milestone4,1787456149.970932722,target_map,3,5,0,detected,-11.845594,1.156814,2.104649,-0.189104,-0.183525,0.119363,0.568390,0.016289,1180.000,0,0.070675,0.000000,0.174736,0.367669
tracking_cdrone3_20260822_203534_108_milestone4,milestone4,1787456149.970932722,target_map,5,7,0,detected,-5.236108,2.020298,0.728455,0.225603,-0.088587,0.641110,0.756414,6.800294,6176.250,0,0.070675,0.000000,0.174736,0.367669
tracking_cdrone3_20260822_203534_108_milestone4,milestone4,1787456150.070545435,target_map,1,1,0,detected,-11.842543,1.155826,2.106960,-0.032216,-0.096722,0.062681,0.553048,0.012610,712.500,0,0.170271,0.000000,0.209595,0.392568
tracking_cdrone3_20260822_203534_108_milestone4,milestone4,1787456150.070545435,target_map,3,5,0,detected,-11.864429,1.138535,2.116537,-0.189104,-0.183525,0.119363,0.553983,0.016289,1180.000,0,0.170271,0.000000,0.209595,0.392568
tracking_cdrone3_20260822_203534_108_milestone4,milestone4,1787456150.070545435,target_map,5,7,0,detected,-5.213639,2.011475,0.792307,0.225603,-0.088587,0.641110,0.737242,6.800294,6176.250,0,0.170271,0.000000,0.209595,0.392568
tracking_cdrone3_20260822_203534_108_milestone4,milestone4,1787456150.170826674,target_map,1,1,2,predicted,-11.845774,1.146125,2.113246,-0.032216,-0.096722,0.062681,0.538564,0.012610,712.500,0,0.270570,0.270570,0.244700,0.417643
tracking_cdrone3_20260822_203534_108_milestone4,milestone4,1787456150.170826674,target_map,3,5,2,predicted,-11.883395,1.120128,2.128509,-0.189104,-0.183525,0.119363,0.539474,0.016289,1180.000,0,0.270570,0.270570,0.244700,0.417643
tracking_cdrone3_20260822_203534_108_milestone4,milestone4,1787456150.170826674,target_map,5,7,2,predicted,-5.191011,2.002590,0.856610,0.225603,-0.088587,0.641110,0.717933,6.800294,6176.250,0,0.270570,0.270570,0.244700,0.417643
tracking_cdrone3_20260822_203534_108_milestone4,milestone4,1787456150.229933023,raw,1,1,0,detected,-11.831180,1.141192,2.079817,0.017626,-0.093267,-0.049387,0.611328,0.012527,1087.500,0,0.000000,0.000000,0.000000,0.000000
tracking_cdrone3_20260822_203534_108_milestone4,milestone4,1787456150.229933023,raw,5,5,0,detected,-11.823296,1.139567,2.078920,0.026791,-0.090611,-0.051856,0.463867,0.019305,1193.500,0,0.000000,0.000000,0.000000,0.000000
tracking_cdrone3_20260822_203534_108_milestone4,milestone4,1787456150.229933023,raw,7,7,0,detected,-5.331347,2.239335,0.003977,-0.237773,0.638030,-2.036552,0.770020,6.922349,6176.250,0,0.000000,0.000000,0.000000,0.000000
tracking_cdrone3_20260822_203534_108_milestone4,milestone4,1787456150.270763397,target_map,1,1,0,detected,-11.831359,1.137660,2.079856,-0.004803,-0.094822,0.001044,0.605635,0.012527,1087.500,0,0.037252,0.000000,0.163038,0.359313
tracking_cdrone3_20260822_203534_108_milestone4,milestone4,1787456150.270763397,target_map,3,5,0,detected,-11.825916,1.134634,2.079858,-0.070362,-0.132422,0.025193,0.459547,0.019305,1193.500,0,0.037252,0.000000,0.163038,0.359313
tracking_cdrone3_20260822_203534_108_milestone4,milestone4,1787456150.270763397,target_map,5,7,0,detected,-5.332437,2.250922,-0.027002,-0.029254,0.311052,-0.831604,0.762848,6.922349,6176.250,0,0.037252,0.000000,0.163038,0.359313
tracking_cdrone3_20260822_203534_108_milestone4,milestone4,1787456150.371003389,target_map,1,1,0,detected,-11.831840,1.128158,2.079960,-0.004803,-0.094822,0.001044,0.590321,0.012527,1087.500,0,0.137455,0.000000,0.198109,0.384364
tracking_cdrone3_20260822_203534_108_milestone4,milestone4,1787456150.371003389,target_map,3,5,0,detected,-11.832967,1.121365,2.082382,-0.070362,-0.132422,0.025193,0.447927,0.019305,1193.500,0,0.137455,0.000000,0.198109,0.384364
tracking_cdrone3_20260822_203534_108_milestone4,milestone4,1787456150.371003389,target_map,5,7,0,detected,-5.335368,2.282090,-0.110331,-0.029254,0.311052,-0.831604,0.743559,6.922349,6176.250,0,0.137455,0.000000,0.198109,0.384364
tracking_cdrone3_20260822_203534_108_milestone4,milestone4,1787456150.471193314,target_map,1,1,0,detected,-11.832321,1.118654,2.080065,-0.004803,-0.094822,0.001044,0.575002,0.012527,1087.500,0,0.237684,0.000000,0.233189,0.409421
tracking_cdrone3_20260822_203534_108_milestone4,milestone4,1787456150.471193314,target_map,3,5,0,detected,-11.840019,1.108092,2.084908,-0.070362,-0.132422,0.025193,0.436304,0.019305,1193.500,0,0.237684,0.000000,0.233189,0.409421
tracking_cdrone3_20260822_203534_108_milestone4,milestone4,1787456150.471193314,target_map,5,7,0,detected,-5.338300,2.313267,-0.193682,-0.029254,0.311052,-0.831604,0.724264,6.922349,6176.250,0,0.237684,0.000000,0.233189,0.409421
tracking_cdrone3_20260822_203534_108_milestone4,milestone4,1787456150.539342642,raw,1,1,0,detected,-11.747585,1.058257,2.000778,0.270166,-0.268036,-0.255443,0.575684,0.013339,483.438,0,0.000000,0.000000,0.000000,0.000000
tracking_cdrone3_20260822_203534_108_milestone4,milestone4,1787456150.539342642,raw,5,5,0,detected,-11.739916,1.056345,2.000097,0.269471,-0.268961,-0.254745,0.436768,0.019769,575.000,0,0.000000,0.000000,0.000000,0.000000
tracking_cdrone3_20260822_203534_108_milestone4,milestone4,1787456150.539342642,raw,7,7,0,detected,-5.190094,2.154828,0.144734,0.456511,-0.273114,0.454909,0.770020,6.914764,6176.250,0,0.000000,0.000000,0.000000,0.000000
tracking_cdrone3_20260822_203534_108_milestone4,milestone4,1787456150.573324680,target_map,1,1,0,detected,-11.743152,1.052501,1.996539,0.146430,-0.190090,-0.140024,0.571326,0.013339,483.438,0,0.030277,0.000000,0.160597,0.357569
tracking_cdrone3_20260822_203534_108_milestone4,milestone4,1787456150.573324680,target_map,3,5,0,detected,-11.736387,1.050062,1.996198,0.116546,-0.207519,-0.128773,0.433462,0.019769,575.000,0,0.030277,0.000000,0.160597,0.357569
tracking_cdrone3_20260822_203534_108_milestone4,milestone4,1787456150.573324680,target_map,5,7,0,detected,-5.182890,2.154518,0.140979,0.237917,-0.010239,-0.124022,0.764191,6.914764,6176.250,0,0.030277,0.000000,0.160597,0.357569
tracking_cdrone3_20260822_203534_108_milestone4,milestone4,1787456150.670532703,target_map,1,1,0,detected,-11.728917,1.034022,1.982926,0.146430,-0.190090,-0.140024,0.557335,0.013339,483.438,0,0.127491,0.000000,0.194622,0.381873
tracking_cdrone3_20260822_203534_108_milestone4,milestone4,1787456150.670532703,target_map,3,5,0,detected,-11.725058,1.029888,1.983679,0.116546,-0.207519,-0.128773,0.422847,0.019769,575.000,0,0.127491,0.000000,0.194622,0.381873
tracking_cdrone3_20260822_203534_108_milestone4,milestone4,1787456150.670532703,target_map,5,7,0,detected,-5.159761,2.153523,0.128922,0.237917,-0.010239,-0.124022,0.745477,6.914764,6176.250,0,0.127491,0.000000,0.194622,0.381873
tracking_cdrone3_20260822_203534_108_milestone4,milestone4,1787456150.770955563,target_map,1,1,0,detected,-11.714215,1.014936,1.968867,0.146430,-0.190090,-0.140024,0.542885,0.013339,483.438,0,0.227894,0.000000,0.229763,0.406973
tracking_cdrone3_20260822_203534_108_milestone4,milestone4,1787456150.770955563,target_map,3,5,0,detected,-11.713356,1.009053,1.970750,0.116546,-0.207519,-0.128773,0.411883,0.019769,575.000,0,0.227894,0.000000,0.229763,0.406973
tracking_cdrone3_20260822_203534_108_milestone4,milestone4,1787456150.770955563,target_map,5,7,0,detected,-5.135874,2.152495,0.116470,0.237917,-0.010239,-0.124022,0.726149,6.914764,6176.250,0,0.227894,0.000000,0.229763,0.406973
tracking_cdrone3_20260822_203534_108_milestone4,milestone4,1787456150.795261860,raw,5,5,0,detected,-11.559699,0.938719,1.916789,0.704185,-0.459615,-0.325520,0.436768,0.019472,575.000,0,0.000000,0.000000,0.000000,0.000000
tracking_cdrone3_20260822_203534_108_milestone4,milestone4,1787456150.795261860,raw,7,7,0,detected,-5.001248,1.888049,0.428659,0.737903,-1.042421,1.109419,0.770020,6.810716,6176.250,1,0.000000,0.000000,0.000000,0.000000
tracking_cdrone3_20260822_203534_108_milestone4,milestone4,1787456150.795261860,raw,8,8,0,detected,-3.761424,1.240176,0.598111,0.000000,0.000000,0.000000,0.860352,7.933543,7671.750,0,0.000000,0.000000,0.000000,0.000000
tracking_cdrone3_20260822_203534_108_milestone4,milestone4,1787456150.795261860,raw,1,1,1,held,-11.566630,0.941514,1.916722,0.707070,-0.456165,-0.328442,0.575684,0.014024,483.438,0,0.255922,0.255922,0.000000,0.000000
tracking_cdrone3_20260822_203534_108_milestone4,milestone4,1787456150.871477365,target_map,1,1,1,held,-11.534087,0.917439,1.899287,0.454782,-0.336431,-0.243654,0.528552,0.014024,483.438,0,0.327480,0.000000,0.175045,0.367889
tracking_cdrone3_20260822_203534_108_milestone4,milestone4,1787456150.871477365,target_map,3,5,0,detected,-11.528232,0.913948,1.899831,0.439748,-0.346172,-0.236984,0.428954,0.019472,575.000,0,0.071558,0.000000,0.175045,0.367889
tracking_cdrone3_20260822_203534_108_milestone4,milestone4,1787456150.871477365,target_map,5,7,0,detected,-4.964546,1.846693,0.468329,0.512909,-0.577939,0.554370,0.756244,6.810716,6176.250,1,0.071558,0.000000,0.175045,0.367889
tracking_cdrone3_20260822_203534_108_milestone4,milestone4,1787456150.871477365,target_map,6,8,0,detected,-3.761424,1.240176,0.598111,0.000000,0.000000,0.000000,0.844960,7.933543,7671.750,0,0.071558,0.000000,0.175045,0.367889
tracking_cdrone3_20260822_203534_108_milestone4,milestone4,1787456150.971002340,target_map,1,1,1,held,-11.488832,0.883961,1.875041,0.454782,-0.336431,-0.243654,0.514231,0.014024,483.438,0,0.426990,0.000000,0.209874,0.392767
tracking_cdrone3_20260822_203534_108_milestone4,milestone4,1787456150.971002340,target_map,3,5,0,detected,-11.484472,0.879501,1.876248,0.439748,-0.346172,-0.236984,0.418088,0.019472,575.000,0,0.171067,0.000000,0.209874,0.392767
tracking_cdrone3_20260822_203534_108_milestone4,milestone4,1787456150.971002340,target_map,5,7,0,detected,-4.913507,1.789183,0.523494,0.512909,-0.577939,0.554370,0.737088,6.810716,6176.250,1,0.171067,0.000000,0.209874,0.392767
tracking_cdrone3_20260822_203534_108_milestone4,milestone4,1787456150.971002340,target_map,6,8,0,detected,-3.761424,1.240176,0.598111,0.000000,0.000000,0.000000,0.823557,7.933543,7671.750,0,0.171067,0.000000,0.209874,0.392767
tracking_cdrone3_20260822_203534_108_milestone4,milestone4,1787456151.042497158,raw,5,5,0,detected,-11.475804,0.902738,1.865549,0.339318,-0.145528,-0.207241,0.436768,0.018816,575.000,0,0.000000,0.000000,0.000000,0.000000
tracking_cdrone3_20260822_203534_108_milestone4,milestone4,1787456151.042497158,raw,7,7,0,detected,-5.107224,1.797034,0.209682,-0.428626,-0.368117,-0.885663,0.770020,6.659081,6176.250,1,0.000000,0.000000,0.000000,0.000000
tracking_cdrone3_20260822_203534_108_milestone4,milestone4,1787456151.042497158,raw,8,8,0,detected,-3.448020,1.168132,0.276534,1.267580,-0.291385,-1.300639,0.860352,8.206037,7671.750,0,0.000000,0.000000,0.000000,0.000000
tracking_cdrone3_20260822_203534_108_milestone4,milestone4,1787456151.070785999,target_map,1,1,2,predicted,-11.443449,0.850389,1.850727,0.454782,-0.336431,-0.243654,0.499869,0.014024,483.438,0,0.526779,0.526779,0.244800,0.417714
tracking_cdrone3_20260822_203534_108_milestone4,milestone4,1787456151.070785999,target_map,3,5,0,detected,-11.466559,0.897068,1.860245,0.384511,-0.235818,-0.220625,0.434142,0.018816,575.000,0,0.024042,0.000000,0.158415,0.356011
tracking_cdrone3_20260822_203534_108_milestone4,milestone4,1787456151.070785999,target_map,5,7,0,detected,-5.107343,1.785914,0.203969,-0.004935,-0.462537,-0.237648,0.765391,6.659081,6176.250,1,0.024042,0.000000,0.158415,0.356011
tracking_cdrone3_20260822_203534_108_milestone4,milestone4,1787456151.070785999,target_map,6,8,0,detected,-3.431258,1.164279,0.259335,0.697169,-0.160262,-0.715351,0.855180,8.206037,7671.750,0,0.024042,0.000000,0.158415,0.356011
tracking_cdrone3_20260822_203534_108_milestone4,milestone4,1787456151.170866966,target_map,1,1,2,predicted,-11.397941,0.816723,1.826345,0.454782,-0.336431,-0.243654,0.485467,0.014024,483.438,0,0.626847,0.626847,0.279824,0.442731
tracking_cdrone3_20260822_203534_108_milestone4,milestone4,1787456151.170866966,target_map,3,5,0,detected,-11.428082,0.873471,1.838167,0.384511,-0.235818,-0.220625,0.423216,0.018816,575.000,0,0.124110,0.000000,0.193438,0.381027
tracking_cdrone3_20260822_203534_108_milestone4,milestone4,1787456151.170866966,target_map,5,7,0,detected,-5.107837,1.739629,0.180188,-0.004935,-0.462537,-0.237648,0.746128,6.659081,6176.250,1,0.124110,0.000000,0.193438,0.381027
tracking_cdrone3_20260822_203534_108_milestone4,milestone4,1787456151.170866966,target_map,6,8,0,detected,-3.361494,1.148242,0.187752,0.697169,-0.160262,-0.715351,0.833657,8.206037,7671.750,0,0.124110,0.000000,0.193438,0.381027
tracking_cdrone3_20260822_203534_108_milestone4,milestone4,1787456151.270840883,target_map,1,1,2,predicted,-11.352467,0.783083,1.801982,0.454782,-0.336431,-0.243654,0.471077,0.014024,483.438,0,0.726837,0.726837,0.314820,0.467729
tracking_cdrone3_20260822_203534_108_milestone4,milestone4,1787456151.270840883,target_map,3,5,0,detected,-11.389635,0.849891,1.816107,0.384511,-0.235818,-0.220625,0.412298,0.018816,575.000,0,0.224100,0.000000,0.228435,0.406025
tracking_cdrone3_20260822_203534_108_milestone4,milestone4,1787456151.270840883,target_map,5,7,0,detected,-5.108331,1.693380,0.156425,-0.004935,-0.462537,-0.237648,0.726879,6.659081,6176.250,1,0.224100,0.000000,0.228435,0.406025
tracking_cdrone3_20260822_203534_108_milestone4,milestone4,1787456151.270840883,target_map,6,8,0,detected,-3.291784,1.132218,0.116223,0.697169,-0.160262,-0.715351,0.812150,8.206037,7671.750,0,0.224100,0.000000,0.228435,0.406025
tracking_cdrone3_20260822_203534_108_milestone4,milestone4,1787456151.292487860,raw,5,5,0,detected,-11.387136,0.883293,1.797507,0.354713,-0.077789,-0.272198,0.436768,0.017977,575.000,0,0.000000,0.000000,0.000000,0.000000
tracking_cdrone3_20260822_203534_108_milestone4,milestone4,1787456151.292487860,raw,7,7,0,detected,-5.143292,1.753496,0.246399,-0.144287,-0.174173,0.146881,0.770020,6.509673,6176.250,1,0.000000,0.000000,0.000000,0.000000
tracking_cdrone3_20260822_203534_108_milestone4,milestone4,1787456151.292487860,raw,8,8,0,detected,-3.402918,1.133276,0.319953,0.180425,-0.139440,0.173695,0.860352,8.141023,7671.750,1,0.000000,0.000000,0.000000,0.000000
tracking_cdrone3_20260822_203534_108_milestone4,milestone4,1787456151.370949507,target_map,1,1,2,predicted,-11.306944,0.749407,1.777593,0.454782,-0.336431,-0.243654,0.456670,0.014024,483.438,0,0.826935,0.826935,0.349854,0.492753
tracking_cdrone3_20260822_203534_108_milestone4,milestone4,1787456151.370949507,target_map,3,5,0,detected,-11.362102,0.873167,1.780575,0.368122,-0.148902,-0.248990,0.429342,0.017977,575.000,0,0.068003,0.000000,0.173801,0.367001
tracking_cdrone3_20260822_203534_108_milestone4,milestone4,1787456151.370949507,target_map,5,7,0,detected,-5.148840,1.732827,0.244620,-0.081579,-0.303937,-0.026157,0.756929,6.509673,6176.250,1,0.068003,0.000000,0.173801,0.367001
tracking_cdrone3_20260822_203534_108_milestone4,milestone4,1787456151.370949507,target_map,6,8,0,detected,-3.374835,1.123157,0.304558,0.412960,-0.148810,-0.226376,0.845725,8.141023,7671.750,1,0.068003,0.000000,0.173801,0.367001
tracking_cdrone3_20260822_203534_108_milestone4,milestone4,1787456151.470931292,target_map,1,1,2,predicted,-11.261467,0.715765,1.753228,0.454782,-0.336431,-0.243654,0.442279,0.014024,483.438,0,0.926933,0.926933,0.384854,0.517753
tracking_cdrone3_20260822_203534_108_milestone4,milestone4,1787456151.470931292,target_map,3,5,0,detected,-11.325291,0.858277,1.755677,0.368122,-0.148902,-0.248990,0.418423,0.017977,575.000,0,0.168001,0.000000,0.208800,0.392000
tracking_cdrone3_20260822_203534_108_milestone4,milestone4,1787456151.470931292,target_map,5,7,0,detected,-5.156998,1.702434,0.242004,-0.081579,-0.303937,-0.026157,0.737678,6.509673,6176.250,1,0.168001,0.000000,0.208800,0.392000
tracking_cdrone3_20260822_203534_108_milestone4,milestone4,1787456151.470931292,target_map,6,8,0,detected,-3.333540,1.108276,0.281921,0.412960,-0.148810,-0.226376,0.824216,8.141023,7671.750,1,0.168001,0.000000,0.208800,0.392000
tracking_cdrone3_20260822_203534_108_milestone4,milestone4,1787456151.565768480,raw,5,5,0,detected,-11.155518,0.872573,1.608047,0.847532,-0.039225,-0.693268,0.425293,0.019151,585.000,0,0.000000,0.000000,0.000000,0.000000
tracking_cdrone3_20260822_203534_108_milestone4,milestone4,1787456151.565768480,raw,7,7,0,detected,-5.061187,1.805711,0.313271,0.300438,0.191065,0.244699,0.770020,6.318470,6176.250,1,0.000000,0.000000,0.000000,0.000000
tracking_cdrone3_20260822_203534_108_milestone4,milestone4,1787456151.570688486,target_map,1,1,2,predicted,-11.216097,0.682201,1.728920,0.454782,-0.336431,-0.243654,0.427921,0.014024,483.438,0,1.026696,1.026696,0.419771,0.542693
tracking_cdrone3_20260822_203534_108_milestone4,milestone4,1787456151.570688486,target_map,3,5,0,detected,-11.154422,0.872420,1.607192,0.631798,-0.088580,-0.493343,0.425109,0.019151,585.000,0,0.001734,0.000000,0.150607,0.350434
tracking_cdrone3_20260822_203534_108_milestone4,milestone4,1787456151.570688486,target_map,5,7,0,detected,-5.060964,1.805656,0.313484,0.128530,-0.031686,0.122814,0.769686,6.318470,6176.250,1,0.001734,0.000000,0.150607,0.350434
tracking_cdrone3_20260822_203534_108_milestone4,milestone4,1787456151.570688486,target_map,6,8,2,predicted,-3.292342,1.093430,0.259337,0.412960,-0.148810,-0.226376,0.802759,8.141023,7671.750,1,0.267764,0.267764,0.243718,0.416941
tracking_cdrone3_20260822_203534_108_milestone4,milestone4,1787456151.670531511,target_map,1,1,2,predicted,-11.170692,0.648613,1.704594,0.454782,-0.336431,-0.243654,0.413552,0.014024,483.438,0,1.126534,1.126534,0.454714,0.567653
tracking_cdrone3_20260822_203534_108_milestone4,milestone4,1787456151.670531511,target_map,3,5,0,detected,-11.091344,0.863576,1.557937,0.631798,-0.088580,-0.493343,0.414493,0.019151,585.000,0,0.101573,0.000000,0.185550,0.375393
tracking_cdrone3_20260822_203534_108_milestone4,milestone4,1787456151.670531511,target_map,5,7,0,detected,-5.048132,1.802492,0.325746,0.128530,-0.031686,0.122814,0.750466,6.318470,6176.250,1,0.101573,0.000000,0.185550,0.375393
tracking_cdrone3_20260822_203534_108_milestone4,milestone4,1787456151.670531511,target_map,6,8,2,predicted,-3.251113,1.078573,0.236736,0.412960,-0.148810,-0.226376,0.781285,8.141023,7671.750,1,0.367602,0.367602,0.278661,0.441901
tracking_cdrone3_20260822_203534_108_milestone4,milestone4,1787456151.770932198,target_map,1,1,2,predicted,-11.125040,0.614841,1.680135,0.454782,-0.336431,-0.243654,0.399105,0.014024,483.438,0,1.226917,1.226917,0.489848,0.592749
tracking_cdrone3_20260822_203534_108_milestone4,milestone4,1787456151.770932198,target_map,3,5,0,detected,-11.027923,0.854684,1.508414,0.631798,-0.088580,-0.493343,0.403820,0.019151,585.000,0,0.201956,0.000000,0.220685,0.400489
tracking_cdrone3_20260822_203534_108_milestone4,milestone4,1787456151.770932198,target_map,5,7,0,detected,-5.035230,1.799312,0.338074,0.128530,-0.031686,0.122814,0.731142,6.318470,6176.250,1,0.201956,0.000000,0.220685,0.400489
tracking_cdrone3_20260822_203534_108_milestone4,milestone4,1787456151.770932198,target_map,6,8,2,predicted,-3.209659,1.063635,0.214012,0.412960,-0.148810,-0.226376,0.759694,8.141023,7671.750,1,0.467986,0.467986,0.313795,0.466996
tracking_cdrone3_20260822_203534_108_milestone4,milestone4,1787456151.848508596,raw,5,5,0,detected,-10.960923,0.869818,1.470143,0.688260,-0.009745,-0.487754,0.437500,0.013084,569.750,0,0.000000,0.000000,0.000000,0.000000
tracking_cdrone3_20260822_203534_108_milestone4,milestone4,1787456151.848508596,raw,7,7,0,detected,-5.070914,1.766064,0.227449,-0.034404,-0.140226,-0.303543,0.770020,6.098756,6176.250,1,0.000000,0.000000,0.000000,0.000000
tracking_cdrone3_20260822_203534_108_milestone4,milestone4,1787456151.848508596,raw,8,8,0,detected,-4.019681,0.706061,0.832868,0.000000,0.000000,0.000000,0.791504,6.984910,8190.000,0,0.000000,0.000000,0.000000,0.000000
tracking_cdrone3_20260822_203534_108_milestone4,milestone4,1787456151.870653868,target_map,1,1,2,predicted,-11.079682,0.581287,1.655835,0.454782,-0.336431,-0.243654,0.384751,0.014024,483.438,0,1.326650,1.326650,0.524755,0.617682
tracking_cdrone3_20260822_203534_108_milestone4,milestone4,1787456151.870653868,target_map,3,5,0,detected,-10.955045,0.869417,1.465795,0.662852,-0.045221,-0.490269,0.436530,0.013084,569.750,0,0.008868,0.000000,0.153104,0.352217
tracking_cdrone3_20260822_203534_108_milestone4,milestone4,1787456151.870653868,target_map,5,7,0,detected,-5.070569,1.765254,0.226459,0.038916,-0.091383,-0.111683,0.768312,6.098756,6176.250,1,0.008868,0.000000,0.153104,0.352217
tracking_cdrone3_20260822_203534_108_milestone4,milestone4,1787456151.870653868,target_map,6,8,0,detected,-4.025431,0.702464,0.837546,-0.648291,-0.405568,0.527430,0.789749,6.984910,8190.000,0,0.008868,0.000000,0.153104,0.352217
tracking_cdrone3_20260822_203534_108_milestone4,milestone4,1787456151.970902681,target_map,1,1,2,predicted,-11.034099,0.547566,1.631413,0.454782,-0.336431,-0.243654,0.370325,0.014024,483.438,0,1.426883,1.426883,0.559836,0.642740
tracking_cdrone3_20260822_203534_108_milestone4,milestone4,1787456151.970902681,target_map,3,5,0,detected,-10.888606,0.864884,1.416654,0.662852,-0.045221,-0.490269,0.425567,0.013084,569.750,0,0.109100,0.000000,0.188185,0.377275
tracking_cdrone3_20260822_203534_108_milestone4,milestone4,1787456151.970902681,target_map,5,7,0,detected,-5.066669,1.756095,0.215265,0.038916,-0.091383,-0.111683,0.749017,6.098756,6176.250,1,0.109100,0.000000,0.188185,0.377275
tracking_cdrone3_20260822_203534_108_milestone4,milestone4,1787456151.970902681,target_map,6,8,0,detected,-4.090410,0.661813,0.890411,-0.648291,-0.405568,0.527430,0.769916,6.984910,8190.000,0,0.109100,0.000000,0.188185,0.377275
tracking_cdrone3_20260822_203534_108_milestone4,milestone4,1787456152.071241856,target_map,1,1,2,predicted,-10.988463,0.513806,1.606963,0.454782,-0.336431,-0.243654,0.355883,0.014024,483.438,0,1.527229,1.527229,0.594957,0.667827
tracking_cdrone3_20260822_203534_108_milestone4,milestone4,1787456152.071241856,target_map,3,5,0,detected,-10.822091,0.860347,1.367458,0.662852,-0.045221,-0.490269,0.414592,0.013084,569.750,0,0.209446,0.000000,0.223306,0.402362
tracking_cdrone3_20260822_203534_108_milestone4,milestone4,1787456152.071241856,target_map,5,7,0,detected,-5.062763,1.746925,0.204058,0.038916,-0.091383,-0.111683,0.729700,6.098756,6176.250,1,0.209446,0.000000,0.223306,0.402362
tracking_cdrone3_20260822_203534_108_milestone4,milestone4,1787456152.071241856,target_map,6,8,0,detected,-4.155464,0.621116,0.943337,-0.648291,-0.405568,0.527430,0.750060,6.984910,8190.000,0,0.209446,0.000000,0.223306,0.402362
tracking_cdrone3_20260822_203534_108_milestone4,milestone4,1787456152.107106924,raw,5,5,0,detected,-10.862315,0.871185,1.416510,0.381312,0.005288,-0.207396,0.437500,0.016014,569.750,0,0.000000,0.000000,0.000000,0.000000
tracking_cdrone3_20260822_203534_108_milestone4,milestone4,1787456152.107106924,raw,7,7,0,detected,-5.195717,1.763958,0.146421,-0.482607,-0.008144,-0.313334,0.770020,5.890993,6176.250,1,0.000000,0.000000,0.000000,0.000000
tracking_cdrone3_20260822_203534_108_milestone4,milestone4,1787456152.107106924,raw,8,8,0,detected,-3.884974,0.828483,0.660220,0.520910,0.473401,-0.667625,0.577637,7.033751,7286.250,0,0.000000,0.000000,0.000000,0.000000
tracking_cdrone3_20260822_203534_108_milestone4,milestone4,1787456152.170764685,target_map,1,1,2,predicted,-10.943202,0.480323,1.582714,0.454782,-0.336431,-0.243654,0.341560,0.014024,483.438,0,1.626753,1.626753,0.629791,0.692708
tracking_cdrone3_20260822_203534_108_milestone4,milestone4,1787456152.170764685,target_map,3,5,0,detected,-10.832630,0.870166,1.396953,0.508005,-0.017441,-0.334689,0.431109,0.016014,569.750,0,0.058434,0.000000,0.170452,0.364608
tracking_cdrone3_20260822_203534_108_milestone4,milestone4,1787456152.170764685,target_map,5,7,0,detected,-5.210205,1.761294,0.133414,-0.247922,-0.045602,-0.222591,0.758771,5.890993,6176.250,1,0.058434,0.000000,0.170452,0.364608
tracking_cdrone3_20260822_203534_108_milestone4,milestone4,1787456152.170764685,target_map,6,8,0,detected,-3.885279,0.833033,0.652632,-0.005231,0.077865,-0.129850,0.569198,7.033751,7286.250,0,0.058434,0.000000,0.170452,0.364608
tracking_cdrone3_20260822_203534_108_milestone4,milestone4,1787456152.270822287,target_map,1,1,2,predicted,-10.897696,0.446660,1.558334,0.454782,-0.336431,-0.243654,0.327159,0.014024,483.438,0,1.726813,1.726813,0.664812,0.717723
tracking_cdrone3_20260822_203534_108_milestone4,milestone4,1787456152.270822287,target_map,3,5,0,detected,-10.781799,0.868421,1.363464,0.508005,-0.017441,-0.334689,0.420165,0.016014,569.750,0,0.158494,0.000000,0.205473,0.389624
tracking_cdrone3_20260822_203534_108_milestone4,milestone4,1787456152.270822287,target_map,5,7,0,detected,-5.235012,1.756731,0.111141,-0.247922,-0.045602,-0.222591,0.739509,5.890993,6176.250,1,0.158494,0.000000,0.205473,0.389624
tracking_cdrone3_20260822_203534_108_milestone4,milestone4,1787456152.270822287,target_map,6,8,0,detected,-3.885803,0.840824,0.639639,-0.005231,0.077865,-0.129850,0.554749,7.033751,7286.250,0,0.158494,0.000000,0.205473,0.389624
tracking_cdrone3_20260822_203534_108_milestone4,milestone4,1787456152.349335194,raw,1,1,0,detected,-10.649432,0.882078,1.337457,0.000000,0.000000,0.000000,0.563965,0.019482,970.781,0,0.000000,0.000000,0.000000,0.000000
tracking_cdrone3_20260822_203534_108_milestone4,milestone4,1787456152.349335194,raw,5,5,0,detected,-10.650628,0.874848,1.336803,0.873923,0.015122,-0.329058,0.419678,0.015340,622.750,0,0.000000,0.000000,0.000000,0.000000
tracking_cdrone3_20260822_203534_108_milestone4,milestone4,1787456152.349335194,raw,7,7,0,detected,-5.174574,1.687199,0.127373,0.087288,-0.316888,-0.078636,0.770020,5.681441,6176.250,1,0.000000,0.000000,0.000000,0.000000
tracking_cdrone3_20260822_203534_108_milestone4,milestone4,1787456152.349335194,raw,8,8,0,detected,-3.865882,0.954989,0.558997,0.078817,0.522260,-0.417883,0.626953,6.844461,6247.500,1,0.000000,0.000000,0.000000,0.000000
tracking_cdrone3_20260822_203534_108_milestone4,milestone4,1787456152.370743990,target_map,1,1,0,detected,-10.645663,0.881930,1.335063,0.268130,-0.010515,-0.170314,0.561983,0.019482,970.781,0,0.014056,0.000000,0.154920,0.353514
tracking_cdrone3_20260822_203534_108_milestone4,milestone4,1787456152.370743990,target_map,3,5,0,detected,-10.640658,0.874855,1.332142,0.709260,0.000469,-0.331592,0.418203,0.015340,622.750,0,0.014056,0.000000,0.154920,0.353514
tracking_cdrone3_20260822_203534_108_milestone4,milestone4,1787456152.370743990,target_map,5,7,0,detected,-5.175467,1.684461,0.125357,-0.063556,-0.194809,-0.143416,0.767314,5.681441,6176.250,1,0.014056,0.000000,0.154920,0.353514
tracking_cdrone3_20260822_203534_108_milestone4,milestone4,1787456152.370743990,target_map,6,8,0,detected,-3.865306,0.959519,0.554945,0.040995,0.322282,-0.288268,0.624750,6.844461,6247.500,1,0.014056,0.000000,0.154920,0.353514
tracking_cdrone3_20260822_203534_108_milestone4,milestone4,1787456152.470539808,target_map,1,1,0,detected,-10.618904,0.880881,1.318066,0.268130,-0.010515,-0.170314,0.547912,0.019482,970.781,0,0.113856,0.000000,0.189850,0.378464
tracking_cdrone3_20260822_203534_108_milestone4,milestone4,1787456152.470539808,target_map,3,5,0,detected,-10.569875,0.874902,1.299049,0.709260,0.000469,-0.331592,0.407732,0.015340,622.750,0,0.113856,0.000000,0.189850,0.378464
tracking_cdrone3_20260822_203534_108_milestone4,milestone4,1787456152.470539808,target_map,5,7,0,detected,-5.181810,1.665019,0.111044,-0.063556,-0.194809,-0.143416,0.748102,5.681441,6176.250,1,0.113856,0.000000,0.189850,0.378464
tracking_cdrone3_20260822_203534_108_milestone4,milestone4,1787456152.470539808,target_map,6,8,0,detected,-3.861214,0.991682,0.526176,0.040995,0.322282,-0.288268,0.609108,6.844461,6247.500,1,0.113856,0.000000,0.189850,0.378464
tracking_cdrone3_20260822_203534_108_milestone4,milestone4,1787456152.571107388,target_map,1,1,0,detected,-10.591947,0.879823,1.300943,0.268130,-0.010515,-0.170314,0.533737,0.019482,970.781,0,0.214396,0.000000,0.225039,0.403599
tracking_cdrone3_20260822_203534_108_milestone4,milestone4,1787456152.571107388,target_map,3,5,0,detected,-10.498566,0.874949,1.265711,0.709260,0.000469,-0.331592,0.397183,0.015340,622.750,0,0.214396,0.000000,0.225039,0.403599
tracking_cdrone3_20260822_203534_108_milestone4,milestone4,1787456152.571107388,target_map,5,7,0,detected,-5.188200,1.645433,0.096625,-0.063556,-0.194809,-0.143416,0.728747,5.681441,6176.250,1,0.214396,0.000000,0.225039,0.403599
tracking_cdrone3_20260822_203534_108_milestone4,milestone4,1787456152.571107388,target_map,6,8,0,detected,-3.857093,1.024085,0.497194,0.040995,0.322282,-0.288268,0.593349,6.844461,6247.500,1,0.214396,0.000000,0.225039,0.403599
tracking_cdrone3_20260822_203534_108_milestone4,milestone4,1787456152.603149176,raw,1,1,0,detected,-10.381095,0.900668,1.288163,1.057222,0.073243,-0.194215,0.563965,0.021297,970.781,0,0.000000,0.000000,0.000000,0.000000
tracking_cdrone3_20260822_203534_108_milestone4,milestone4,1787456152.603149176,raw,5,5,0,detected,-10.384279,0.892132,1.287297,1.049388,0.068096,-0.195051,0.400635,0.014761,573.750,0,0.000000,0.000000,0.000000,0.000000
tracking_cdrone3_20260822_203534_108_milestone4,milestone4,1787456152.603149176,raw,7,7,0,detected,-5.077769,1.617942,0.180367,0.381401,-0.272866,0.208790,0.770020,5.483402,6176.250,1,0.000000,0.000000,0.000000,0.000000
tracking_cdrone3_20260822_203534_108_milestone4,milestone4,1787456152.603149176,raw,8,8,0,detected,-3.939811,1.098882,0.573210,-0.291273,0.566926,0.055997,0.515625,6.501513,7673.500,1,0.000000,0.000000,0.000000,0.000000
tracking_cdrone3_20260822_203534_108_milestone4,milestone4,1787456152.670719862,target_map,1,1,0,detected,-10.342039,0.902645,1.277958,0.702130,0.035552,-0.183459,0.556122,0.021297,970.781,0,0.055625,0.000000,0.169469,0.363906
tracking_cdrone3_20260822_203534_108_milestone4,milestone4,1787456152.670719862,target_map,3,5,0,detected,-10.334421,0.894227,1.273029,0.896331,0.037664,-0.256494,0.395063,0.014761,573.750,0,0.055625,0.000000,0.169469,0.363906
tracking_cdrone3_20260822_203534_108_milestone4,milestone4,1787456152.670719862,target_map,5,7,0,detected,-5.067692,1.604718,0.183164,0.181170,-0.237741,0.050297,0.759311,5.483402,6176.250,1,0.055625,0.000000,0.169469,0.363906
tracking_cdrone3_20260822_203534_108_milestone4,milestone4,1787456152.670719862,target_map,6,8,0,detected,-3.947696,1.124293,0.567707,-0.141752,0.456836,-0.098922,0.508455,6.501513,7673.500,1,0.055625,0.000000,0.169469,0.363906
tracking_cdrone3_20260822_203534_108_milestone4,milestone4,1787456152.770532846,target_map,1,1,0,detected,-10.271955,0.906194,1.259646,0.702130,0.035552,-0.183459,0.542049,0.021297,970.781,0,0.155441,0.000000,0.204404,0.388860
tracking_cdrone3_20260822_203534_108_milestone4,milestone4,1787456152.770532846,target_map,3,5,0,detected,-10.244953,0.897987,1.247427,0.896331,0.037664,-0.256494,0.385066,0.014761,573.750,0,0.155441,0.000000,0.204404,0.388860
tracking_cdrone3_20260822_203534_108_milestone4,milestone4,1787456152.770532846,target_map,5,7,0,detected,-5.049608,1.580988,0.188185,0.181170,-0.237741,0.050297,0.740096,5.483402,6176.250,1,0.155441,0.000000,0.204404,0.388860
tracking_cdrone3_20260822_203534_108_milestone4,milestone4,1787456152.770532846,target_map,6,8,0,detected,-3.961845,1.169893,0.557833,-0.141752,0.456836,-0.098922,0.495588,6.501513,7673.500,1,0.155441,0.000000,0.204404,0.388860
tracking_cdrone3_20260822_203534_108_milestone4,milestone4,1787456152.870697260,target_map,1,1,2,predicted,-10.201631,0.909755,1.241271,0.702130,0.035552,-0.183459,0.527928,0.021297,970.781,0,0.255600,0.255600,0.239460,0.413900
tracking_cdrone3_20260822_203534_108_milestone4,milestone4,1787456152.870697260,target_map,3,5,2,predicted,-10.155177,0.901759,1.221737,0.896331,0.037664,-0.256494,0.375034,0.014761,573.750,0,0.255600,0.255600,0.239460,0.413900
tracking_cdrone3_20260822_203534_108_milestone4,milestone4,1787456152.870697260,target_map,5,7,2,predicted,-5.031462,1.557176,0.193223,0.181170,-0.237741,0.050297,0.720815,5.483402,6176.250,1,0.255600,0.255600,0.239460,0.413900
tracking_cdrone3_20260822_203534_108_milestone4,milestone4,1787456152.870697260,target_map,6,8,2,predicted,-3.976043,1.215649,0.547925,-0.141752,0.456836,-0.098922,0.482677,6.501513,7673.500,1,0.255600,0.255600,0.239460,0.413900
tracking_cdrone3_20260822_203534_108_milestone4,milestone4,1787456152.891077042,raw,1,1,0,detected,-10.071883,0.938332,1.235888,1.073886,0.130806,-0.181552,0.831055,0.021003,631.312,0,0.000000,0.000000,0.000000,0.000000
tracking_cdrone3_20260822_203534_108_milestone4,milestone4,1787456152.891077042,raw,5,5,0,detected,-10.071515,0.930493,1.235246,1.086224,0.133225,-0.180770,0.400635,0.017947,573.750,0,0.000000,0.000000,0.000000,0.000000
tracking_cdrone3_20260822_203534_108_milestone4,milestone4,1787456152.891077042,raw,7,7,0,detected,-5.033260,1.615993,0.150027,0.154579,-0.006770,-0.105368,0.770020,5.216534,6176.250,1,0.000000,0.000000,0.000000,0.000000
tracking_cdrone3_20260822_203534_108_milestone4,milestone4,1787456152.891077042,raw,8,8,0,detected,-1.502830,1.517736,0.324603,8.463593,1.454675,-0.863407,0.809570,8.654430,6971.250,0,0.000000,0.000000,0.000000,0.000000
tracking_cdrone3_20260822_203534_108_milestone4,milestone4,1787456152.970708370,target_map,1,1,0,detected,-10.004648,0.944854,1.222360,0.906596,0.087942,-0.182410,0.815647,0.021003,631.312,0,0.074162,0.000000,0.175957,0.368540
tracking_cdrone3_20260822_203534_108_milestone4,milestone4,1787456152.970708370,target_map,3,5,0,detected,-9.997296,0.937184,1.219313,1.000772,0.090223,-0.214846,0.393207,0.017947,573.750,0,0.074162,0.000000,0.175957,0.368540
tracking_cdrone3_20260822_203534_108_milestone4,milestone4,1787456152.970708370,target_map,5,7,0,detected,-5.020908,1.607783,0.147408,0.166545,-0.110707,-0.035319,0.755743,5.216534,6176.250,1,0.074162,0.000000,0.175957,0.368540
tracking_cdrone3_20260822_203534_108_milestone4,milestone4,1787456152.970708370,target_map,6,8,0,detected,-1.187578,1.587979,0.288659,4.250875,0.947157,-0.484672,0.794560,8.654430,6971.250,0,0.074162,0.000000,0.175957,0.368540
tracking_cdrone3_20260822_203534_108_milestone4,milestone4,1787456153.072393894,target_map,1,1,0,detected,-9.912471,0.953795,1.203813,0.906596,0.087942,-0.182410,0.794522,0.021003,631.312,0,0.175837,0.000000,0.211543,0.393959
tracking_cdrone3_20260822_203534_108_milestone4,milestone4,1787456153.072393894,target_map,3,5,0,detected,-9.895543,0.946357,1.197468,1.000772,0.090223,-0.214846,0.383023,0.017947,573.750,0,0.175837,0.000000,0.211543,0.393959
tracking_cdrone3_20260822_203534_108_milestone4,milestone4,1787456153.072393894,target_map,5,7,0,detected,-5.003975,1.596526,0.143817,0.166545,-0.110707,-0.035319,0.736170,5.216534,6176.250,1,0.175837,0.000000,0.211543,0.393959
tracking_cdrone3_20260822_203534_108_milestone4,milestone4,1787456153.072393894,target_map,6,8,0,detected,-0.755371,1.684281,0.239380,4.250875,0.947157,-0.484672,0.773982,8.654430,6971.250,0,0.175837,0.000000,0.211543,0.393959
tracking_cdrone3_20260822_203534_108_milestone4,milestone4,1787456153.162920713,raw,1,1,0,detected,-9.903224,0.966202,1.190888,0.620439,0.102523,-0.165537,0.847656,0.020914,835.312,0,0.000000,0.000000,0.000000,0.000000
tracking_cdrone3_20260822_203534_108_milestone4,milestone4,1787456153.162920713,raw,5,5,0,detected,-9.903826,0.957861,1.190135,0.616870,0.100678,-0.165949,0.400635,0.016631,573.750,0,0.000000,0.000000,0.000000,0.000000
tracking_cdrone3_20260822_203534_108_milestone4,milestone4,1787456153.162920713,raw,8,8,0,detected,-0.280022,1.965543,0.338410,4.498270,1.647320,0.050790,0.824707,9.730161,6781.500,0,0.000000,0.000000,0.000000,0.000000
tracking_cdrone3_20260822_203534_108_milestone4,milestone4,1787456153.170494795,target_map,1,1,0,detected,-9.902325,0.966317,1.190680,0.749210,0.095962,-0.173130,0.847402,0.020914,835.312,0,0.001200,0.000000,0.150420,0.350300
tracking_cdrone3_20260822_203534_108_milestone4,milestone4,1787456153.170494795,target_map,3,5,0,detected,-9.902878,0.957976,1.189909,0.789626,0.095973,-0.187952,0.400515,0.016631,573.750,0,0.001200,0.000000,0.150420,0.350300
tracking_cdrone3_20260822_203534_108_milestone4,milestone4,1787456153.170494795,target_map,5,7,2,predicted,-4.987630,1.585662,0.140351,0.166545,-0.110707,-0.035319,0.717278,5.216534,6176.250,1,0.273977,0.273977,0.245892,0.418494
tracking_cdrone3_20260822_203534_108_milestone4,milestone4,1787456153.170494795,target_map,6,8,0,detected,-0.274758,1.967142,0.338182,4.386942,1.332247,-0.190168,0.824460,9.730161,6781.500,0,0.001200,0.000000,0.150420,0.350300
tracking_cdrone3_20260822_203534_108_milestone4,milestone4,1787456153.270513773,target_map,1,1,0,detected,-9.827405,0.975913,1.173368,0.749210,0.095962,-0.173130,0.826211,0.020914,835.312,0,0.101199,0.000000,0.185420,0.375300
tracking_cdrone3_20260822_203534_108_milestone4,milestone4,1787456153.270513773,target_map,3,5,0,detected,-9.823916,0.967573,1.171114,0.789626,0.095973,-0.187952,0.390499,0.016631,573.750,0,0.101199,0.000000,0.185420,0.375300
tracking_cdrone3_20260822_203534_108_milestone4,milestone4,1787456153.270513773,target_map,5,7,2,predicted,-4.970976,1.574591,0.136819,0.166545,-0.110707,-0.035319,0.698027,5.216534,6176.250,1,0.373976,0.373976,0.280891,0.443494
tracking_cdrone3_20260822_203534_108_milestone4,milestone4,1787456153.270513773,target_map,6,8,0,detected,0.163930,2.100365,0.319165,4.386942,1.332247,-0.190168,0.803842,9.730161,6781.500,0,0.101199,0.000000,0.185420,0.375300
tracking_cdrone3_20260822_203534_108_milestone4,milestone4,1787456153.370842934,target_map,1,1,0,detected,-9.752250,0.985539,1.156000,0.749210,0.095962,-0.173130,0.804953,0.020914,835.312,0,0.201511,0.000000,0.220529,0.400378
tracking_cdrone3_20260822_203534_108_milestone4,milestone4,1787456153.370842934,target_map,3,5,0,detected,-9.744708,0.977201,1.152260,0.789626,0.095973,-0.187952,0.380452,0.016631,573.750,0,0.201511,0.000000,0.220529,0.400378
tracking_cdrone3_20260822_203534_108_milestone4,milestone4,1787456153.370842934,target_map,5,7,2,predicted,-4.954269,1.563486,0.133276,0.166545,-0.110707,-0.035319,0.678717,5.216534,6176.250,1,0.474288,0.474288,0.316001,0.468572
tracking_cdrone3_20260822_203534_108_milestone4,milestone4,1787456153.370842934,target_map,6,8,0,detected,0.603993,2.234005,0.300089,4.386942,1.332247,-0.190168,0.783160,9.730161,6781.500,0,0.201511,0.000000,0.220529,0.400378
tracking_cdrone3_20260822_203534_108_milestone4,milestone4,1787456153.470581770,target_map,1,1,2,predicted,-9.677518,0.995111,1.138731,0.749210,0.095962,-0.173130,0.783815,0.020914,835.312,0,0.301259,0.301259,0.255441,0.425315
tracking_cdrone3_20260822_203534_108_milestone4,milestone4,1787456153.470581770,target_map,3,5,2,predicted,-9.665943,0.986774,1.133512,0.789626,0.095973,-0.187952,0.370461,0.016631,573.750,0,0.301259,0.301259,0.255441,0.425315
tracking_cdrone3_20260822_203534_108_milestone4,milestone4,1787456153.470581770,target_map,5,7,2,predicted,-4.937657,1.552443,0.129753,0.166545,-0.110707,-0.035319,0.659515,5.216534,6176.250,1,0.574036,0.574036,0.350913,0.493509
tracking_cdrone3_20260822_203534_108_milestone4,milestone4,1787456153.470581770,target_map,6,8,2,predicted,1.041585,2.366895,0.281120,4.386942,1.332247,-0.190168,0.762594,9.730161,6781.500,0,0.301259,0.301259,0.255441,0.425315
tracking_cdrone3_20260822_203534_108_milestone4,milestone4,1787456153.475030184,raw,1,1,0,detected,7.443449,14.661899,2.772790,55.580933,43.882744,5.068614,0.847656,21.985334,835.312,0,0.000000,0.000000,0.000000,0.000000
tracking_cdrone3_20260822_203534_108_milestone4,milestone4,1787456153.475030184,raw,5,5,0,detected,-9.679417,0.995735,1.103528,0.719036,0.121353,-0.277498,0.508789,0.015099,884.500,0,0.000000,0.000000,0.000000,0.000000
tracking_cdrone3_20260822_203534_108_milestone4,milestone4,1787456153.475030184,raw,8,8,0,detected,0.062664,2.454633,0.385642,1.098011,1.567104,0.151339,0.824707,9.891705,6781.500,0,0.000000,0.000000,0.000000,0.000000
tracking_cdrone3_20260822_203534_108_milestone4,milestone4,1787456153.570852041,target_map,1,1,0,detected,7.777287,14.905787,2.793643,3.781724,2.762778,0.236214,0.828949,21.985334,835.312,0,0.088277,0.000000,0.180897,0.372069
tracking_cdrone3_20260822_203534_108_milestone4,milestone4,1787456153.570852041,target_map,3,5,0,detected,-9.613138,1.005439,1.082589,0.750801,0.109932,-0.237203,0.497561,0.015099,884.500,0,0.088277,0.000000,0.180897,0.372069
tracking_cdrone3_20260822_203534_108_milestone4,milestone4,1787456153.570852041,target_map,5,7,2,predicted,-4.920959,1.541343,0.126212,0.166545,-0.110707,-0.035319,0.640214,5.216534,6176.250,1,0.674298,0.674298,0.386004,0.518575
tracking_cdrone3_20260822_203534_108_milestone4,milestone4,1787456153.570852041,target_map,6,8,0,detected,0.290244,2.583642,0.385436,2.578030,1.461418,-0.002339,0.806506,9.891705,6781.500,0,0.088277,0.000000,0.180897,0.372069
tracking_cdrone3_20260822_203534_108_milestone4,milestone4,1787456153.670581102,target_map,1,1,0,detected,8.154416,15.181303,2.817199,3.781724,2.762778,0.236214,0.807816,21.985334,835.312,0,0.188001,0.000000,0.215800,0.397000
tracking_cdrone3_20260822_203534_108_milestone4,milestone4,1787456153.670581102,target_map,3,5,0,detected,-9.538265,1.016402,1.058934,0.750801,0.109932,-0.237203,0.484876,0.015099,884.500,0,0.188001,0.000000,0.215800,0.397000
tracking_cdrone3_20260822_203534_108_milestone4,milestone4,1787456153.670581102,target_map,5,7,2,predicted,-4.904350,1.530303,0.122690,0.166545,-0.110707,-0.035319,0.621017,5.216534,6176.250,1,0.774022,0.774022,0.420908,0.543506
tracking_cdrone3_20260822_203534_108_milestone4,milestone4,1787456153.670581102,target_map,6,8,0,detected,0.547336,2.729380,0.385203,2.578030,1.461418,-0.002339,0.785946,9.891705,6781.500,0,0.188001,0.000000,0.215800,0.397000
tracking_cdrone3_20260822_203534_108_milestone4,milestone4,1787456153.751857996,raw,1,1,0,detected,7.495592,14.527399,2.834282,0.188347,-0.485828,0.222118,0.858398,21.672554,1797.188,1,0.000000,0.000000,0.000000,0.000000
tracking_cdrone3_20260822_203534_108_milestone4,milestone4,1787456153.751857996,raw,5,5,0,detected,-9.351315,1.045551,0.961234,1.185144,0.179941,-0.513987,0.508789,0.015448,884.500,0,0.000000,0.000000,0.000000,0.000000
tracking_cdrone3_20260822_203534_108_milestone4,milestone4,1787456153.751857996,raw,8,8,0,detected,1.227099,2.600087,0.076231,4.206093,0.525399,-1.117635,0.854004,10.743842,7831.500,0,0.000000,0.000000,0.000000,0.000000
tracking_cdrone3_20260822_203534_108_milestone4,milestone4,1787456153.770981312,target_map,1,1,0,detected,7.522502,14.541947,2.837688,1.805367,0.976045,0.228462,0.855200,21.672554,1797.188,1,0.014906,0.000000,0.155217,0.353726
tracking_cdrone3_20260822_203534_108_milestone4,milestone4,1787456153.770981312,target_map,3,5,0,detected,-9.336563,1.047763,0.955429,0.989690,0.148437,-0.389434,0.506893,0.015448,884.500,0,0.014906,0.000000,0.155217,0.353726
tracking_cdrone3_20260822_203534_108_milestone4,milestone4,1787456153.770981312,target_map,5,7,2,predicted,-4.887627,1.519187,0.119143,0.166545,-0.110707,-0.035319,0.601687,5.216534,6176.250,1,0.874435,0.874435,0.456052,0.568609
tracking_cdrone3_20260822_203534_108_milestone4,milestone4,1787456153.770981312,target_map,6,8,0,detected,1.278873,2.614197,0.067053,3.473465,0.946608,-0.615752,0.850822,10.743842,7831.500,0,0.014906,0.000000,0.155217,0.353726
tracking_cdrone3_20260822_203534_108_milestone4,milestone4,1787456153.870849133,target_map,1,1,0,detected,7.702796,14.639421,2.860503,1.805367,0.976045,0.228462,0.833768,21.672554,1797.188,1,0.114772,0.000000,0.190170,0.378693
tracking_cdrone3_20260822_203534_108_milestone4,milestone4,1787456153.870849133,target_map,3,5,0,detected,-9.237727,1.062587,0.916538,0.989690,0.148437,-0.389434,0.494190,0.015448,884.500,0,0.114772,0.000000,0.190170,0.378693
tracking_cdrone3_20260822_203534_108_milestone4,milestone4,1787456153.870849133,target_map,5,7,2,predicted,-4.870995,1.508131,0.115616,0.166545,-0.110707,-0.035319,0.582462,5.216534,6176.250,1,0.974301,0.974301,0.491005,0.593575
tracking_cdrone3_20260822_203534_108_milestone4,milestone4,1787456153.870849133,target_map,6,8,0,detected,1.625754,2.708730,0.005560,3.473465,0.946608,-0.615752,0.829500,10.743842,7831.500,0,0.114772,0.000000,0.190170,0.378693
tracking_cdrone3_20260822_203534_108_milestone4,milestone4,1787456153.970894098,target_map,1,1,0,detected,7.883399,14.737061,2.883358,1.805367,0.976045,0.228462,0.812301,21.672554,1797.188,1,0.214808,0.000000,0.225183,0.403702
tracking_cdrone3_20260822_203534_108_milestone4,milestone4,1787456153.970894098,target_map,3,5,0,detected,-9.138722,1.077436,0.877580,0.989690,0.148437,-0.389434,0.481466,0.015448,884.500,0,0.214808,0.000000,0.225183,0.403702
tracking_cdrone3_20260822_203534_108_milestone4,milestone4,1787456153.970894098,target_map,5,7,2,predicted,-4.854334,1.497056,0.112083,0.166545,-0.110707,-0.035319,0.563204,5.216534,6176.250,1,1.074337,1.074337,0.526018,0.618584
tracking_cdrone3_20260822_203534_108_milestone4,milestone4,1787456153.970894098,target_map,6,8,0,detected,1.973226,2.803425,-0.056038,3.473465,0.946608,-0.615752,0.808142,10.743842,7831.500,0,0.214808,0.000000,0.225183,0.403702
tracking_cdrone3_20260822_203534_108_milestone4,milestone4,1787456154.070937872,target_map,1,1,2,predicted,8.064009,14.834705,2.906213,1.805367,0.976045,0.228462,0.790832,21.672554,1797.188,1,0.314848,0.314848,0.260197,0.428712
tracking_cdrone3_20260822_203534_108_milestone4,milestone4,1787456154.070937872,target_map,3,5,2,predicted,-9.039713,1.092286,0.838621,0.989690,0.148437,-0.389434,0.468741,0.015448,884.500,0,0.314848,0.314848,0.260197,0.428712
tracking_cdrone3_20260822_203534_108_milestone4,milestone4,1787456154.070937872,target_map,5,7,2,predicted,-4.837673,1.485981,0.108550,0.166545,-0.110707,-0.035319,0.543946,5.216534,6176.250,1,1.174378,1.174378,0.561032,0.643594
tracking_cdrone3_20260822_203534_108_milestone4,milestone4,1787456154.070937872,target_map,6,8,2,predicted,2.320714,2.898125,-0.117638,3.473465,0.946608,-0.615752,0.786783,10.743842,7831.500,0,0.314848,0.314848,0.260197,0.428712
tracking_cdrone3_20260822_203534_108_milestone4,milestone4,1787456154.077992678,raw,1,1,0,detected,7.557105,14.558610,3.922819,0.188615,0.095700,3.337755,0.686035,21.697107,640.500,0,0.000000,0.000000,0.000000,0.000000
tracking_cdrone3_20260822_203534_108_milestone4,milestone4,1787456154.077992678,raw,5,5,0,detected,-9.147377,1.076415,0.886597,0.625331,0.094640,-0.228856,0.508789,0.018579,884.500,0,0.000000,0.000000,0.000000,0.000000
tracking_cdrone3_20260822_203534_108_milestone4,milestone4,1787456154.077992678,raw,8,8,0,detected,2.539352,3.080229,0.419854,4.023729,1.472248,1.053643,0.854004,11.884853,7831.500,0,0.000000,0.000000,0.000000,0.000000
tracking_cdrone3_20260822_203534_108_milestone4,milestone4,1787456154.170935869,target_map,1,1,0,detected,7.636277,14.601115,4.090347,0.916153,0.491855,1.938573,0.671214,21.697107,640.500,0,0.086418,0.000000,0.180246,0.371605
tracking_cdrone3_20260822_203534_108_milestone4,milestone4,1787456154.170935869,target_map,3,5,0,detected,-9.079167,1.086686,0.860575,0.789293,0.118849,-0.301116,0.497797,0.018579,884.500,0,0.086418,0.000000,0.180246,0.371605
tracking_cdrone3_20260822_203534_108_milestone4,milestone4,1787456154.170935869,target_map,5,7,2,predicted,-4.821018,1.474910,0.105018,0.166545,-0.110707,-0.035319,0.524695,5.216534,6176.250,1,1.274383,1.274383,0.596034,0.668596
tracking_cdrone3_20260822_203534_108_milestone4,milestone4,1787456154.170935869,target_map,6,8,0,detected,2.865676,3.187016,0.445988,3.776110,1.235710,0.302415,0.835554,11.884853,7831.500,0,0.086418,0.000000,0.180246,0.371605
tracking_cdrone3_20260822_203534_108_milestone4,milestone4,1787456154.270715237,target_map,1,1,0,detected,7.727703,14.650199,4.283804,0.916153,0.491855,1.938573,0.654098,21.697107,640.500,0,0.186212,0.000000,0.215174,0.396553
tracking_cdrone3_20260822_203534_108_milestone4,milestone4,1787456154.270715237,target_map,3,5,0,detected,-9.000401,1.098546,0.830526,0.789293,0.118849,-0.301116,0.485103,0.018579,884.500,0,0.186212,0.000000,0.215174,0.396553
tracking_cdrone3_20260822_203534_108_milestone4,milestone4,1787456154.270715237,target_map,5,7,2,predicted,-4.804398,1.463862,0.101493,0.166545,-0.110707,-0.035319,0.505484,5.216534,6176.250,1,1.374176,1.374176,0.630962,0.693544
tracking_cdrone3_20260822_203534_108_milestone4,milestone4,1787456154.270715237,target_map,6,8,0,detected,3.242507,3.310332,0.476167,3.776110,1.235710,0.302415,0.814248,11.884853,7831.500,0,0.186212,0.000000,0.215174,0.396553
tracking_cdrone3_20260822_203534_108_milestone4,milestone4,1787456154.370950222,target_map,1,1,2,predicted,7.819520,14.699493,4.478089,0.916153,0.491855,1.938573,0.636910,21.697107,640.500,0,0.286432,0.286432,0.250251,0.421608
tracking_cdrone3_20260822_203534_108_milestone4,milestone4,1787456154.370950222,target_map,3,5,2,predicted,-8.921298,1.110457,0.800348,0.789293,0.118849,-0.301116,0.472356,0.018579,884.500,0,0.286432,0.286432,0.250251,0.421608
tracking_cdrone3_20260822_203534_108_milestone4,milestone4,1787456154.370950222,target_map,5,7,2,predicted,-4.787706,1.452767,0.097954,0.166545,-0.110707,-0.035319,0.486191,5.216534,6176.250,1,1.474396,1.474396,0.666039,0.718599
tracking_cdrone3_20260822_203534_108_milestone4,milestone4,1787456154.370950222,target_map,6,8,2,predicted,3.620950,3.434175,0.506475,3.776110,1.235710,0.302415,0.792850,11.884853,7831.500,0,0.286432,0.286432,0.250251,0.421608
tracking_cdrone3_20260822_203534_108_milestone4,milestone4,1787456154.403432846,raw,5,5,0,detected,-9.044839,1.089995,0.848592,0.315079,0.041726,-0.116781,0.645020,0.018108,1716.000,0,0.000000,0.000000,0.000000,0.000000
tracking_cdrone3_20260822_203534_108_milestone4,milestone4,1787456154.403432846,raw,8,8,0,detected,2.956412,3.454138,0.753335,1.281539,1.148946,1.024720,0.854004,12.250224,7831.500,0,0.000000,0.000000,0.000000,0.000000
tracking_cdrone3_20260822_203534_108_milestone4,milestone4,1787456154.403432846,raw,1,1,1,held,7.708909,14.511612,3.978477,0.466464,-0.144414,0.171022,0.686035,21.710529,640.500,0,0.325437,0.325437,0.000000,0.000000
tracking_cdrone3_20260822_203534_108_milestone4,milestone4,1787456154.470918655,target_map,1,1,1,held,7.748483,14.520008,4.035659,0.668824,0.141907,0.966420,0.620072,21.710529,640.500,0,0.384606,0.000000,0.170709,0.364792
tracking_cdrone3_20260822_203534_108_milestone4,milestone4,1787456154.470918655,target_map,3,5,0,detected,-9.013570,1.094517,0.836774,0.528475,0.076431,-0.199732,0.635478,0.018108,1716.000,0,0.059169,0.000000,0.170709,0.364792
tracking_cdrone3_20260822_203534_108_milestone4,milestone4,1787456154.470918655,target_map,5,7,2,predicted,-4.771056,1.441699,0.094423,0.166545,-0.110707,-0.035319,0.466945,5.216534,6176.250,1,1.574372,1.574372,0.701030,0.743593
tracking_cdrone3_20260822_203534_108_milestone4,milestone4,1787456154.470918655,target_map,6,8,0,detected,3.098660,3.524431,0.794735,2.404096,1.187990,0.699683,0.841371,12.250224,7831.500,0,0.059169,0.000000,0.170709,0.364792
tracking_cdrone3_20260822_203534_108_milestone4,milestone4,1787456154.570941687,target_map,1,1,1,held,7.815377,14.534202,4.132318,0.668824,0.141907,0.966420,0.602918,21.710529,640.500,0,0.484624,0.000000,0.205716,0.389797
tracking_cdrone3_20260822_203534_108_milestone4,milestone4,1787456154.570941687,target_map,3,5,0,detected,-8.960712,1.102161,0.816798,0.528475,0.076431,-0.199732,0.619350,0.018108,1716.000,0,0.159187,0.000000,0.205716,0.389797
tracking_cdrone3_20260822_203534_108_milestone4,milestone4,1787456154.570941687,target_map,5,7,2,predicted,-4.754398,1.430626,0.090890,0.166545,-0.110707,-0.035319,0.447691,5.216534,6176.250,1,1.674391,1.674391,0.736037,0.768598
tracking_cdrone3_20260822_203534_108_milestone4,milestone4,1787456154.570941687,target_map,6,8,0,detected,3.339114,3.643251,0.864716,2.404096,1.187990,0.699683,0.820017,12.250224,7831.500,0,0.159187,0.000000,0.205716,0.389797
tracking_cdrone3_20260822_203534_108_milestone4,milestone4,1787456154.671044350,target_map,1,1,2,predicted,7.882330,14.548408,4.229062,0.668824,0.141907,0.966420,0.585749,21.710529,640.500,0,0.584730,0.584730,0.240752,0.414823
tracking_cdrone3_20260822_203534_108_milestone4,milestone4,1787456154.671044350,target_map,3,5,2,predicted,-8.907809,1.109812,0.796803,0.528475,0.076431,-0.199732,0.603207,0.018108,1716.000,0,0.259293,0.259293,0.240752,0.414823
tracking_cdrone3_20260822_203534_108_milestone4,milestone4,1787456154.671044350,target_map,5,7,2,predicted,-4.737726,1.419544,0.087354,0.166545,-0.110707,-0.035319,0.428420,5.216534,6176.250,1,1.774496,1.774496,0.771074,0.793624
tracking_cdrone3_20260822_203534_108_milestone4,milestone4,1787456154.671044350,target_map,6,8,2,predicted,3.579777,3.762175,0.934758,2.404096,1.187990,0.699683,0.798645,12.250224,7831.500,0,0.259293,0.259293,0.240752,0.414823
tracking_cdrone3_20260822_203534_108_milestone4,milestone4,1787456154.707500935,raw,5,5,0,detected,8.501853,6.060427,2.363503,57.679096,16.338696,4.979779,0.645020,18.184778,1716.000,0,0.000000,0.000000,0.000000,0.000000
tracking_cdrone3_20260822_203534_108_milestone4,milestone4,1787456154.707500935,raw,8,8,0,detected,4.102529,4.048105,0.627862,3.767491,1.952473,-0.412452,0.854004,13.355769,7831.500,0,0.000000,0.000000,0.000000,0.000000
tracking_cdrone3_20260822_203534_108_milestone4,milestone4,1787456154.770534754,target_map,1,1,2,predicted,7.948879,14.562528,4.325222,0.668824,0.141907,0.966420,0.568684,21.710529,640.500,0,0.684231,0.684231,0.275578,0.439698
tracking_cdrone3_20260822_203534_108_milestone4,milestone4,1787456154.770534754,target_map,3,5,0,detected,8.752885,6.129680,2.378957,4.456712,1.229477,0.274363,0.635937,18.184778,1716.000,0,0.056327,0.000000,0.169714,0.364082
tracking_cdrone3_20260822_203534_108_milestone4,milestone4,1787456154.770534754,target_map,5,7,2,predicted,-4.721155,1.408528,0.083840,0.166545,-0.110707,-0.035319,0.409266,5.216534,6176.250,1,1.873997,1.873997,0.805899,0.818499
tracking_cdrone3_20260822_203534_108_milestone4,milestone4,1787456154.770534754,target_map,6,8,0,detected,4.280181,4.138704,0.632820,3.153963,1.608456,0.088009,0.841978,13.355769,7831.500,0,0.056327,0.000000,0.169714,0.364082
tracking_cdrone3_20260822_203534_108_milestone4,milestone4,1787456154.870591164,target_map,1,1,2,predicted,8.015800,14.576726,4.421920,0.668824,0.141907,0.966420,0.551523,21.710529,640.500,0,0.784288,0.784288,0.310598,0.464713
tracking_cdrone3_20260822_203534_108_milestone4,milestone4,1787456154.870591164,target_map,3,5,0,detected,9.198812,6.252697,2.406409,4.456712,1.229477,0.274363,0.619802,18.184778,1716.000,0,0.156384,0.000000,0.204734,0.389096
tracking_cdrone3_20260822_203534_108_milestone4,milestone4,1787456154.870591164,target_map,5,7,2,predicted,-4.704491,1.397451,0.080306,0.166545,-0.110707,-0.035319,0.390004,5.216534,6176.250,1,1.974055,1.974055,0.840919,0.843514
tracking_cdrone3_20260822_203534_108_milestone4,milestone4,1787456154.870591164,target_map,6,8,0,detected,4.595758,4.299642,0.641626,3.153963,1.608456,0.088009,0.820616,13.355769,7831.500,0,0.156384,0.000000,0.204734,0.389096
tracking_cdrone3_20260822_203534_108_milestone4,milestone4,1787456154.970618486,target_map,1,1,2,predicted,8.082699,14.590920,4.518585,0.668824,0.141907,0.966420,0.534368,21.710529,640.500,0,0.884313,0.884313,0.345607,0.489719
tracking_cdrone3_20260822_203534_108_milestone4,milestone4,1787456154.970618486,target_map,3,5,2,predicted,9.644591,6.375675,2.433851,4.456712,1.229477,0.274363,0.603672,18.184778,1716.000,0,0.256408,0.256408,0.239743,0.414102
tracking_cdrone3_20260822_203534_108_milestone4,milestone4,1787456154.970618486,target_map,5,7,2,predicted,-4.687832,1.386378,0.076774,0.166545,-0.110707,-0.035319,0.370749,5.216534,6176.250,1,2.074079,2.074079,0.875928,0.868520
tracking_cdrone3_20260822_203534_108_milestone4,milestone4,1787456154.970618486,target_map,6,8,2,predicted,4.911232,4.460526,0.650429,3.153963,1.608456,0.088009,0.799260,13.355769,7831.500,0,0.256408,0.256408,0.239743,0.414102
tracking_cdrone3_20260822_203534_108_milestone4,milestone4,1787456155.015119076,raw,5,5,0,detected,6.856304,5.595063,2.374488,-5.351856,-1.513513,0.035728,0.413818,16.294952,934.125,1,0.000000,0.000000,0.000000,0.000000
tracking_cdrone3_20260822_203534_108_milestone4,milestone4,1787456155.015119076,raw,8,8,0,detected,4.088472,4.319231,0.776338,-0.045719,0.881789,0.482890,0.854004,13.209322,7831.500,1,0.000000,0.000000,0.000000,0.000000
tracking_cdrone3_20260822_203534_108_milestone4,milestone4,1787456155.070782661,target_map,1,1,2,predicted,8.149689,14.605134,4.615382,0.668824,0.141907,0.966420,0.517189,21.710529,640.500,0,0.984473,0.984473,0.380663,0.514759
tracking_cdrone3_20260822_203534_108_milestone4,milestone4,1787456155.070782661,target_map,3,5,0,detected,6.815922,5.583045,2.380649,-0.938000,-0.279167,0.143114,0.409365,16.294952,934.125,1,0.043051,0.000000,0.165068,0.360763
tracking_cdrone3_20260822_203534_108_milestone4,milestone4,1787456155.070782661,target_map,5,7,2,predicted,-4.671151,1.375289,0.073236,0.166545,-0.110707,-0.035319,0.351468,5.216534,6176.250,1,2.174239,2.174239,0.910984,0.893560
tracking_cdrone3_20260822_203534_108_milestone4,milestone4,1787456155.070782661,target_map,6,8,0,detected,4.148491,4.371271,0.789477,1.394138,1.208789,0.305193,0.844812,13.209322,7831.500,1,0.043051,0.000000,0.165068,0.360763
tracking_cdrone3_20260822_203534_108_milestone4,milestone4,1787456155.170821667,target_map,1,1,2,predicted,8.216594,14.619329,4.712058,0.668824,0.141907,0.966420,0.500033,21.710529,640.500,0,1.084508,1.084508,0.415675,0.539768
tracking_cdrone3_20260822_203534_108_milestone4,milestone4,1787456155.170821667,target_map,3,5,0,detected,6.722089,5.555119,2.394965,-0.938000,-0.279167,0.143114,0.399015,16.294952,934.125,1,0.143086,0.000000,0.200080,0.385771
tracking_cdrone3_20260822_203534_108_milestone4,milestone4,1787456155.170821667,target_map,5,7,2,predicted,-4.654490,1.364215,0.069703,0.166545,-0.110707,-0.035319,0.332211,5.216534,6176.250,1,2.274274,2.274274,0.945996,0.918568
tracking_cdrone3_20260822_203534_108_milestone4,milestone4,1787456155.170821667,target_map,6,8,0,detected,4.287953,4.492191,0.820007,1.394138,1.208789,0.305193,0.823455,13.209322,7831.500,1,0.143086,0.000000,0.200080,0.385771
tracking_cdrone3_20260822_203534_108_milestone4,milestone4,1787456155.270516396,target_map,1,1,2,predicted,8.283280,14.633479,4.808417,0.668824,0.141907,0.966420,0.482932,21.710529,640.500,0,1.184215,1.184215,0.450572,0.564695
tracking_cdrone3_20260822_203534_108_milestone4,milestone4,1787456155.270516396,target_map,3,5,0,detected,6.628564,5.527283,2.409235,-0.938000,-0.279167,0.143114,0.388700,16.294952,934.125,1,0.242793,0.000000,0.234978,0.410698
tracking_cdrone3_20260822_203534_108_milestone4,milestone4,1787456155.270516396,target_map,5,7,2,predicted,-4.637885,1.353176,0.066181,0.166545,-0.110707,-0.035319,0.313017,5.216534,6176.250,1,2.373981,2.373981,0.980893,0.943495
tracking_cdrone3_20260822_203534_108_milestone4,milestone4,1787456155.270516396,target_map,6,8,0,detected,4.426959,4.612717,0.850437,1.394138,1.208789,0.305193,0.802167,13.209322,7831.500,1,0.242793,0.000000,0.234978,0.410698
tracking_cdrone3_20260822_203534_108_milestone4,milestone4,1787456155.311279774,raw,5,5,0,detected,-8.621504,1.132624,0.785103,-52.261772,-15.067701,-5.366655,0.413818,0.016927,934.125,1,0.000000,0.000000,0.000000,0.000000
tracking_cdrone3_20260822_203534_108_milestone4,milestone4,1787456155.311279774,raw,8,8,0,detected,5.294250,4.998505,0.775458,4.071385,2.293612,-0.002972,0.854004,14.459607,7831.500,0,0.000000,0.000000,0.000000,0.000000
tracking_cdrone3_20260822_203534_108_milestone4,milestone4,1787456155.311279774,raw,10,10,0,detected,2.038045,-2.873372,2.903846,0.000000,0.000000,0.000000,0.716309,11.596453,1131.000,0,0.000000,0.000000,0.000000,0.000000
tracking_cdrone3_20260822_203534_108_milestone4,milestone4,1787456155.370486736,target_map,1,1,2,predicted,8.350142,14.647665,4.905028,0.668824,0.141907,0.966420,0.465786,21.710529,640.500,0,1.284184,1.284184,0.485561,0.589687
tracking_cdrone3_20260822_203534_108_milestone4,milestone4,1787456155.370486736,target_map,3,5,0,detected,-8.873940,1.059629,0.765057,-4.629461,-1.338658,-0.367644,0.408177,0.016927,934.125,1,0.054528,0.000000,0.169085,0.363632
tracking_cdrone3_20260822_203534_108_milestone4,milestone4,1787456155.370486736,target_map,5,7,2,predicted,-4.621235,1.342109,0.062651,0.166545,-0.110707,-0.035319,0.293772,5.216534,6176.250,1,2.473950,2.473950,1.015882,0.968487
tracking_cdrone3_20260822_203534_108_milestone4,milestone4,1787456155.370486736,target_map,6,8,0,detected,5.450562,5.096952,0.782857,2.866624,1.805442,0.135702,0.842362,14.459607,7831.500,0,0.054528,0.000000,0.169085,0.363632
tracking_cdrone3_20260822_203534_108_milestone4,milestone4,1787456155.370486736,target_map,7,10,0,detected,2.038045,-2.873372,2.903846,0.000000,0.000000,0.000000,0.706544,11.596453,1131.000,0,0.054528,0.000000,0.169085,0.363632
tracking_cdrone3_20260822_203534_108_milestone4,milestone4,1787456155.470723629,target_map,1,1,2,predicted,8.417174,14.661887,5.001887,0.668824,0.141907,0.966420,0.448597,21.710529,640.500,0,1.384408,1.384408,0.520640,0.614743
tracking_cdrone3_20260822_203534_108_milestone4,milestone4,1787456155.470723629,target_map,3,5,0,detected,-9.337922,0.925464,0.728210,-4.629461,-1.338658,-0.367644,0.397809,0.016927,934.125,1,0.154752,0.000000,0.204163,0.388688
tracking_cdrone3_20260822_203534_108_milestone4,milestone4,1787456155.470723629,target_map,5,7,2,predicted,-4.604544,1.331014,0.059111,0.166545,-0.110707,-0.035319,0.274479,5.216534,6176.250,1,2.574174,2.574174,1.050961,0.993543
tracking_cdrone3_20260822_203534_108_milestone4,milestone4,1787456155.470723629,target_map,6,8,0,detected,5.737866,5.277901,0.796458,2.866624,1.805442,0.135702,0.820964,14.459607,7831.500,0,0.154752,0.000000,0.204163,0.388688
tracking_cdrone3_20260822_203534_108_milestone4,milestone4,1787456155.470723629,target_map,7,10,0,detected,2.038045,-2.873372,2.903846,0.000000,0.000000,0.000000,0.688596,11.596453,1131.000,0,0.154752,0.000000,0.204163,0.388688
tracking_cdrone3_20260822_203534_108_milestone4,milestone4,1787456155.570812702,target_map,1,1,2,predicted,8.484123,14.676092,5.098625,0.668824,0.141907,0.966420,0.431429,21.710529,640.500,0,1.484507,1.484507,0.555674,0.639767
tracking_cdrone3_20260822_203534_108_milestone4,milestone4,1787456155.570812702,target_map,3,5,2,predicted,-9.801327,0.791465,0.691409,-4.629461,-1.338658,-0.367644,0.387453,0.016927,934.125,1,0.254851,0.254851,0.239198,0.413713
tracking_cdrone3_20260822_203534_108_milestone4,milestone4,1787456155.570812702,target_map,5,7,2,predicted,-4.587873,1.319932,0.055576,0.166545,-0.110707,-0.035319,0.255209,5.216534,6176.250,1,2.674273,2.674273,1.085995,1.018568
tracking_cdrone3_20260822_203534_108_milestone4,milestone4,1787456155.570812702,target_map,6,8,2,predicted,6.024813,5.458624,0.810042,2.866624,1.805442,0.135702,0.799593,14.459607,7831.500,0,0.254851,0.254851,0.239198,0.413713
tracking_cdrone3_20260822_203534_108_milestone4,milestone4,1787456155.570812702,target_map,7,10,2,predicted,2.038045,-2.873372,2.903846,0.000000,0.000000,0.000000,0.670671,11.596453,1131.000,0,0.254851,0.254851,0.239198,0.413713
tracking_cdrone3_20260822_203534_108_milestone4,milestone4,1787456155.616776943,raw,5,5,0,detected,-8.554822,1.154870,0.823983,0.218229,0.072803,0.127241,0.751953,0.015182,1810.500,0,0.000000,0.000000,0.000000,0.000000
tracking_cdrone3_20260822_203534_108_milestone4,milestone4,1787456155.616776943,raw,8,8,0,detected,6.567744,5.169947,0.508649,4.167730,0.561074,-0.873177,0.854004,15.664786,7831.500,0,0.000000,0.000000,0.000000,0.000000
tracking_cdrone3_20260822_203534_108_milestone4,milestone4,1787456155.616776943,raw,10,10,1,held,2.117851,-2.823320,2.935426,0.261179,0.163804,0.103351,0.716309,11.596453,1131.000,0,0.305561,0.305561,0.000000,0.000000
tracking_cdrone3_20260822_203534_108_milestone4,milestone4,1787456155.670964718,target_map,1,1,2,predicted,8.551110,14.690305,5.195418,0.668824,0.141907,0.966420,0.414252,21.710529,640.500,0,1.584663,1.584663,0.590729,0.664807
tracking_cdrone3_20260822_203534_108_milestone4,milestone4,1787456155.670964718,target_map,3,5,0,detected,-8.630404,1.133219,0.820308,-1.963232,-0.562354,-0.095457,0.744716,0.015182,1810.500,0,0.038499,0.000000,0.163475,0.359625
tracking_cdrone3_20260822_203534_108_milestone4,milestone4,1787456155.670964718,target_map,5,7,2,predicted,-4.571192,1.308844,0.052038,0.166545,-0.110707,-0.035319,0.235928,5.216534,6176.250,1,2.774429,2.774429,1.121050,1.043607
tracking_cdrone3_20260822_203534_108_milestone4,milestone4,1787456155.670964718,target_map,6,8,0,detected,6.705657,5.213106,0.492511,3.582232,1.121039,-0.419181,0.845784,15.664786,7831.500,0,0.038499,0.000000,0.163475,0.359625
tracking_cdrone3_20260822_203534_108_milestone4,milestone4,1787456155.670964718,target_map,7,10,1,held,2.123381,-2.819851,2.937614,0.143649,0.090092,0.056843,0.654695,11.596453,1131.000,0,0.344060,0.000000,0.163475,0.359625
tracking_cdrone3_20260822_203534_108_milestone4,milestone4,1787456155.770481110,target_map,1,1,2,predicted,8.617668,14.704427,5.291591,0.668824,0.141907,0.966420,0.397184,21.710529,640.500,0,1.684178,1.684178,0.625559,0.689685
tracking_cdrone3_20260822_203534_108_milestone4,milestone4,1787456155.770481110,target_map,3,5,0,detected,-8.825776,1.077257,0.810809,-1.963232,-0.562354,-0.095457,0.726008,0.015182,1810.500,0,0.138014,0.000000,0.198305,0.384504
tracking_cdrone3_20260822_203534_108_milestone4,milestone4,1787456155.770481110,target_map,5,7,2,predicted,-4.554618,1.297827,0.048523,0.166545,-0.110707,-0.035319,0.216771,5.216534,6176.250,1,2.873945,2.873945,1.155881,1.068486
tracking_cdrone3_20260822_203534_108_milestone4,milestone4,1787456155.770481110,target_map,6,8,0,detected,7.062144,5.324667,0.450796,3.582232,1.121039,-0.419181,0.824538,15.664786,7831.500,0,0.138014,0.000000,0.198305,0.384504
tracking_cdrone3_20260822_203534_108_milestone4,milestone4,1787456155.770481110,target_map,7,10,1,held,2.137676,-2.810886,2.943271,0.143649,0.090092,0.056843,0.636874,11.596453,1131.000,0,0.443575,0.000000,0.198305,0.384504
tracking_cdrone3_20260822_203534_108_milestone4,milestone4,1787456155.870475531,target_map,1,1,2,predicted,8.684548,14.718617,5.388231,0.668824,0.141907,0.966420,0.380033,21.710529,640.500,0,1.784176,1.784176,0.660559,0.714685
tracking_cdrone3_20260822_203534_108_milestone4,milestone4,1787456155.870475531,target_map,3,5,0,detected,-9.022094,1.021023,0.801263,-1.963232,-0.562354,-0.095457,0.707210,0.015182,1810.500,0,0.238012,0.000000,0.233304,0.409503
tracking_cdrone3_20260822_203534_108_milestone4,milestone4,1787456155.870475531,target_map,5,7,2,predicted,-4.537964,1.286756,0.044992,0.166545,-0.110707,-0.035319,0.197521,5.216534,6176.250,1,2.973942,2.973942,1.190880,1.093485
tracking_cdrone3_20260822_203534_108_milestone4,milestone4,1787456155.870475531,target_map,6,8,0,detected,7.420357,5.436768,0.408879,3.582232,1.121039,-0.419181,0.803188,15.664786,7831.500,0,0.238012,0.000000,0.233304,0.409503
tracking_cdrone3_20260822_203534_108_milestone4,milestone4,1787456155.870475531,target_map,7,10,1,held,2.152041,-2.801877,2.948955,0.143649,0.090092,0.056843,0.618967,11.596453,1131.000,0,0.543572,0.000000,0.233304,0.409503
tracking_cdrone3_20260822_203534_108_milestone4,milestone4,1787456155.935733795,raw,1,1,0,detected,7.940202,14.483460,4.341512,0.000000,0.000000,0.000000,0.686035,21.331617,640.500,1,0.000000,0.000000,0.000000,0.000000
tracking_cdrone3_20260822_203534_108_milestone4,milestone4,1787456155.935733795,raw,5,5,0,detected,-8.425627,1.255355,0.925608,0.405134,0.315105,0.318677,0.699219,0.014090,1313.500,0,0.000000,0.000000,0.000000,0.000000
tracking_cdrone3_20260822_203534_108_milestone4,milestone4,1787456155.935733795,raw,8,8,0,detected,7.542860,6.032555,0.125883,3.057792,2.704987,-1.200289,0.854004,16.700964,7831.500,0,0.000000,0.000000,0.000000,0.000000
tracking_cdrone3_20260822_203534_108_milestone4,milestone4,1787456155.970817804,target_map,1,1,0,detected,7.942140,14.483202,4.344562,0.066213,-0.008845,0.104221,0.681016,21.331617,640.500,1,0.029265,0.000000,0.160243,0.357316
tracking_cdrone3_20260822_203534_108_milestone4,milestone4,1787456155.970817804,target_map,3,5,0,detected,-8.444960,1.253021,0.929480,-0.660631,-0.079752,0.132317,0.694103,0.014090,1313.500,0,0.029265,0.000000,0.160243,0.357316
tracking_cdrone3_20260822_203534_108_milestone4,milestone4,1787456155.970817804,target_map,5,7,2,predicted,-4.521254,1.275649,0.041448,0.166545,-0.110707,-0.035319,0.178206,5.216534,6176.250,1,3.074276,3.074276,1.225997,1.118569
tracking_cdrone3_20260822_203534_108_milestone4,milestone4,1787456155.970817804,target_map,6,8,0,detected,7.639252,6.090857,0.101043,3.293790,1.992211,-0.848790,0.847756,16.700964,7831.500,0,0.029265,0.000000,0.160243,0.357316
tracking_cdrone3_20260822_203534_108_milestone4,milestone4,1787456155.970817804,target_map,7,10,2,predicted,2.166454,-2.792837,2.954659,0.143649,0.090092,0.056843,0.601000,11.596453,1131.000,0,0.643906,0.643906,0.268421,0.434586
tracking_cdrone3_20260822_203534_108_milestone4,milestone4,1787456156.070770979,target_map,1,1,0,detected,7.948758,14.482318,4.354978,0.066213,-0.008845,0.104221,0.663875,21.331617,640.500,1,0.129208,0.000000,0.195223,0.382302
tracking_cdrone3_20260822_203534_108_milestone4,milestone4,1787456156.070770979,target_map,3,5,0,detected,-8.510985,1.245051,0.942704,-0.660631,-0.079752,0.132317,0.676633,0.014090,1313.500,0,0.129208,0.000000,0.195223,0.382302
tracking_cdrone3_20260822_203534_108_milestone4,milestone4,1787456156.070770979,target_map,5,7,2,predicted,-4.504609,1.264584,0.037918,0.166545,-0.110707,-0.035319,0.158967,5.216534,6176.250,1,3.174219,3.174219,1.260977,1.143555
tracking_cdrone3_20260822_203534_108_milestone4,milestone4,1787456156.070770979,target_map,6,8,0,detected,7.968443,6.289964,0.016213,3.293790,1.992211,-0.848790,0.826418,16.700964,7831.500,0,0.129208,0.000000,0.195223,0.382302
tracking_cdrone3_20260822_203534_108_milestone4,milestone4,1787456156.070770979,target_map,7,10,2,predicted,2.180810,-2.783833,2.960340,0.143649,0.090092,0.056843,0.583102,11.596453,1131.000,0,0.743849,0.743849,0.303401,0.459572
tracking_cdrone3_20260822_203534_108_milestone4,milestone4,1787456156.170920134,target_map,1,1,0,detected,7.955388,14.481432,4.365415,0.066213,-0.008845,0.104221,0.646699,21.331617,640.500,1,0.229352,0.000000,0.230273,0.407338
tracking_cdrone3_20260822_203534_108_milestone4,milestone4,1787456156.170920134,target_map,3,5,0,detected,-8.577144,1.237064,0.955955,-0.660631,-0.079752,0.132317,0.659127,0.014090,1313.500,0,0.229352,0.000000,0.230273,0.407338
tracking_cdrone3_20260822_203534_108_milestone4,milestone4,1787456156.170920134,target_map,5,7,2,predicted,-4.487930,1.253498,0.034381,0.166545,-0.110707,-0.035319,0.139689,5.216534,6176.250,1,3.274363,3.274363,1.296027,1.168591
tracking_cdrone3_20260822_203534_108_milestone4,milestone4,1787456156.170920134,target_map,6,8,0,detected,8.298298,6.489472,-0.068789,3.293790,1.992211,-0.848790,0.805037,16.700964,7831.500,0,0.229352,0.000000,0.230273,0.407338
tracking_cdrone3_20260822_203534_108_milestone4,milestone4,1787456156.170920134,target_map,7,10,2,predicted,2.195196,-2.774811,2.966032,0.143649,0.090092,0.056843,0.565169,11.596453,1131.000,0,0.843994,0.843994,0.338452,0.484608
tracking_cdrone3_20260822_203534_108_milestone4,milestone4,1787456156.253802538,raw,1,1,0,detected,8.522868,14.436453,6.445845,1.831832,-0.147787,6.615777,0.484375,22.062931,808.828,0,0.000000,0.000000,0.000000,0.000000
tracking_cdrone3_20260822_203534_108_milestone4,milestone4,1787456156.253802538,raw,5,5,0,detected,-8.352061,1.338744,0.993204,0.231283,0.262164,0.212512,0.699219,0.017971,1313.500,0,0.000000,0.000000,0.000000,0.000000
tracking_cdrone3_20260822_203534_108_milestone4,milestone4,1787456156.270522833,target_map,1,1,0,detected,8.536259,14.435352,6.493421,1.037303,-0.085263,3.685577,0.482812,22.062931,808.828,0,0.012909,0.000000,0.154518,0.353227
tracking_cdrone3_20260822_203534_108_milestone4,milestone4,1787456156.270522833,target_map,3,5,0,detected,-8.354257,1.340142,0.995481,-0.170078,0.108302,0.176424,0.696962,0.017971,1313.500,0,0.012909,0.000000,0.154518,0.353227
tracking_cdrone3_20260822_203534_108_milestone4,milestone4,1787456156.270522833,target_map,5,7,2,predicted,-4.471338,1.242468,0.030863,0.166545,-0.110707,-0.035319,0.120510,5.216534,6176.250,1,3.373988,3.373988,1.330896,1.193497
tracking_cdrone3_20260822_203534_108_milestone4,milestone4,1787456156.270522833,target_map,6,8,2,predicted,8.626439,6.687945,-0.153349,3.293790,1.992211,-0.848790,0.783767,16.700964,7831.500,0,0.328977,0.328977,0.265142,0.432244
tracking_cdrone3_20260822_203534_108_milestone4,milestone4,1787456156.270522833,target_map,7,10,2,predicted,2.209507,-2.765836,2.971695,0.143649,0.090092,0.056843,0.547328,11.596453,1131.000,0,0.943618,0.943618,0.373320,0.509514
tracking_cdrone3_20260822_203534_108_milestone4,milestone4,1787456156.370549440,target_map,1,1,0,detected,8.640011,14.426824,6.862059,1.037303,-0.085263,3.685577,0.470700,22.062931,808.828,0,0.112930,0.000000,0.189526,0.378233
tracking_cdrone3_20260822_203534_108_milestone4,milestone4,1787456156.370549440,target_map,3,5,0,detected,-8.371268,1.350974,1.013127,-0.170078,0.108302,0.176424,0.679478,0.017971,1313.500,0,0.112930,0.000000,0.189526,0.378233
tracking_cdrone3_20260822_203534_108_milestone4,milestone4,1787456156.370549440,target_map,5,7,2,predicted,-4.454680,1.231395,0.027330,0.166545,-0.110707,-0.035319,0.101256,5.216534,6176.250,1,3.474009,3.474009,1.365903,1.218502
tracking_cdrone3_20260822_203534_108_milestone4,milestone4,1787456156.370549440,target_map,6,8,2,predicted,8.955890,6.887209,-0.238247,3.293790,1.992211,-0.848790,0.762412,16.700964,7831.500,0,0.428998,0.428998,0.300149,0.457250
tracking_cdrone3_20260822_203534_108_milestone4,milestone4,1787456156.370549440,target_map,7,10,2,predicted,2.223875,-2.756825,2.977381,0.143649,0.090092,0.056843,0.529417,11.596453,1131.000,0,1.043640,1.043640,0.408328,0.534520
tracking_cdrone3_20260822_203534_108_milestone4,milestone4,1787456156.470807552,target_map,1,1,0,detected,8.743996,14.418277,7.231518,1.037303,-0.085263,3.685577,0.458561,22.062931,808.828,0,0.213175,0.000000,0.224611,0.403294
tracking_cdrone3_20260822_203534_108_milestone4,milestone4,1787456156.470807552,target_map,3,5,0,detected,-8.388318,1.361831,1.030813,-0.170078,0.108302,0.176424,0.661955,0.017971,1313.500,0,0.213175,0.000000,0.224611,0.403294
tracking_cdrone3_20260822_203534_108_milestone4,milestone4,1787456156.470807552,target_map,5,7,2,predicted,-4.437985,1.220298,0.023789,0.166545,-0.110707,-0.035319,0.081958,5.216534,6176.250,1,3.574254,3.574254,1.400989,1.243564
tracking_cdrone3_20260822_203534_108_milestone4,milestone4,1787456156.470807552,target_map,6,8,2,predicted,9.286075,7.086918,-0.323333,3.293790,1.992211,-0.848790,0.741010,16.700964,7831.500,0,0.529243,0.529243,0.335235,0.482311
tracking_cdrone3_20260822_203534_108_milestone4,milestone4,1787456156.470807552,target_map,7,10,2,predicted,2.238275,-2.747793,2.983079,0.143649,0.090092,0.056843,0.511465,11.596453,1131.000,0,1.143884,1.143884,0.443413,0.559581
tracking_cdrone3_20260822_203534_108_milestone4,milestone4,1787456156.561950445,raw,1,1,0,detected,8.659105,14.481588,5.046600,0.442087,0.146463,-4.540522,0.484375,21.799339,808.828,1,0.000000,0.000000,0.000000,0.000000
tracking_cdrone3_20260822_203534_108_milestone4,milestone4,1787456156.561950445,raw,5,5,0,detected,9.980139,6.403947,2.145317,59.487602,16.436478,3.738583,0.699219,19.000351,1313.500,0,0.000000,0.000000,0.000000,0.000000
tracking_cdrone3_20260822_203534_108_milestone4,milestone4,1787456156.571622849,target_map,1,1,0,detected,8.663394,14.481843,5.041533,0.709935,0.042186,-0.838778,0.483643,21.799339,808.828,1,0.006042,0.000000,0.152115,0.351510
tracking_cdrone3_20260822_203534_108_milestone4,milestone4,1787456156.571622849,target_map,3,5,0,detected,10.005252,6.411308,2.147404,4.156795,1.218409,0.345441,0.698163,19.000351,1313.500,0,0.006042,0.000000,0.152115,0.351510
tracking_cdrone3_20260822_203534_108_milestone4,milestone4,1787456156.571622849,target_map,5,7,2,predicted,-4.421191,1.209135,0.020228,0.166545,-0.110707,-0.035319,0.062547,5.216534,6176.250,1,3.675089,3.675089,1.436281,1.268772
tracking_cdrone3_20260822_203534_108_milestone4,milestone4,1787456156.571622849,target_map,6,8,2,predicted,9.618203,7.287802,-0.408921,3.293790,1.992211,-0.848790,0.719482,16.700964,7831.500,0,0.630078,0.630078,0.370527,0.507519
tracking_cdrone3_20260822_203534_108_milestone4,milestone4,1787456156.571622849,target_map,7,10,2,predicted,2.252759,-2.738709,2.988811,0.143649,0.090092,0.056843,0.493408,11.596453,1131.000,0,1.244719,1.244719,0.478705,0.584790
tracking_cdrone3_20260822_203534_108_milestone4,milestone4,1787456156.670570850,target_map,1,1,0,detected,8.733634,14.486017,4.958545,0.709935,0.042186,-0.838778,0.471663,21.799339,808.828,1,0.104980,0.000000,0.186743,0.376245
tracking_cdrone3_20260822_203534_108_milestone4,milestone4,1787456156.670570850,target_map,3,5,0,detected,10.416520,6.531856,2.181581,4.156795,1.218409,0.345441,0.680868,19.000351,1313.500,0,0.104980,0.000000,0.186743,0.376245
tracking_cdrone3_20260822_203534_108_milestone4,milestone4,1787456156.670570850,target_map,5,7,2,predicted,-4.404714,1.198181,0.016734,0.166545,-0.110707,-0.035319,0.043501,5.216534,6176.250,1,3.774027,3.774027,1.470910,1.293507
tracking_cdrone3_20260822_203534_108_milestone4,milestone4,1787456156.670570850,target_map,6,8,2,predicted,9.944086,7.484909,-0.492899,3.293790,1.992211,-0.848790,0.698358,16.700964,7831.500,0,0.729016,0.729016,0.405156,0.532254
tracking_cdrone3_20260822_203534_108_milestone4,milestone4,1787456156.670570850,target_map,7,10,2,predicted,2.266972,-2.729795,2.994434,0.143649,0.090092,0.056843,0.475690,11.596453,1131.000,0,1.343658,1.343658,0.513334,0.609524
tracking_cdrone3_20260822_203534_108_milestone4,milestone4,1787456156.770775795,target_map,1,1,0,detected,8.804770,14.490244,4.874498,0.709935,0.042186,-0.838778,0.459529,21.799339,808.828,1,0.205181,0.000000,0.221813,0.401295
tracking_cdrone3_20260822_203534_108_milestone4,milestone4,1787456156.770775795,target_map,3,5,0,detected,10.833035,6.653941,2.216195,4.156795,1.218409,0.345441,0.663352,19.000351,1313.500,0,0.205181,0.000000,0.221813,0.401295
tracking_cdrone3_20260822_203534_108_milestone4,milestone4,1787456156.770775795,target_map,5,7,2,predicted,-4.388026,1.187088,0.013195,0.166545,-0.110707,-0.035319,0.024212,5.216534,6176.250,1,3.874228,3.874228,1.505980,1.318557
tracking_cdrone3_20260822_203534_108_milestone4,milestone4,1787456156.770775795,target_map,6,8,2,predicted,10.274127,7.684530,-0.577949,3.293790,1.992211,-0.848790,0.676965,16.700964,7831.500,0,0.829217,0.829217,0.440226,0.557304
tracking_cdrone3_20260822_203534_108_milestone4,milestone4,1787456156.770775795,target_map,7,10,2,predicted,2.281366,-2.720768,3.000130,0.143649,0.090092,0.056843,0.457747,11.596453,1131.000,0,1.443859,1.443859,0.548404,0.634575
tracking_cdrone3_20260822_203534_108_milestone4,milestone4,1787456156.870830297,target_map,1,1,2,predicted,8.875800,14.494465,4.790578,0.709935,0.042186,-0.838778,0.447413,21.799339,808.828,1,0.305232,0.305232,0.256831,0.426308
tracking_cdrone3_20260822_203534_108_milestone4,milestone4,1787456156.870830297,target_map,3,5,2,predicted,11.248923,6.775844,2.250756,4.156795,1.218409,0.345441,0.645863,19.000351,1313.500,0,0.305232,0.305232,0.256831,0.426308
tracking_cdrone3_20260822_203534_108_milestone4,milestone4,1787456156.870830297,target_map,5,7,2,predicted,-4.371363,1.176012,0.009661,0.166545,-0.110707,-0.035319,0.004951,5.216534,6176.250,1,3.974279,3.974279,1.540998,1.343570
tracking_cdrone3_20260822_203534_108_milestone4,milestone4,1787456156.870830297,target_map,6,8,2,predicted,10.603672,7.883852,-0.662870,3.293790,1.992211,-0.848790,0.655604,16.700964,7831.500,0,0.929268,0.929268,0.475244,0.582317
tracking_cdrone3_20260822_203534_108_milestone4,milestone4,1787456156.870830297,target_map,7,10,2,predicted,2.295738,-2.711754,3.005817,0.143649,0.090092,0.056843,0.439830,11.596453,1131.000,0,1.543909,1.543909,0.583422,0.659587
tracking_cdrone3_20260822_203534_108_milestone4,milestone4,1787456156.885385036,raw,1,1,0,detected,8.228243,14.534492,4.493557,-1.332256,0.163580,-1.710044,0.484375,21.226736,808.828,1,0.000000,0.000000,0.000000,0.000000
tracking_cdrone3_20260822_203534_108_milestone4,milestone4,1787456156.885385036,raw,5,5,0,detected,-8.192313,1.588810,0.943581,-56.190418,-14.888721,-3.715845,0.699219,0.019244,1313.500,1,0.000000,0.000000,0.000000,0.000000
tracking_cdrone3_20260822_203534_108_milestone4,milestone4,1787456156.885385036,raw,8,8,0,detected,-4.180746,1.565256,0.547038,0.000000,0.000000,0.000000,0.787598,4.049519,18177.250,0,0.000000,0.000000,0.000000,0.000000
tracking_cdrone3_20260822_203534_108_milestone4,milestone4,1787456156.971105814,target_map,1,1,0,detected,8.196177,14.542946,4.391294,-0.413270,0.108953,-1.317974,0.474979,21.226736,808.828,1,0.077592,0.000000,0.177157,0.369398
tracking_cdrone3_20260822_203534_108_milestone4,milestone4,1787456156.971105814,target_map,3,5,0,detected,-8.376516,1.544086,0.933864,-2.374005,-0.576394,-0.125243,0.685655,0.019244,1313.500,1,0.077592,0.000000,0.177157,0.369398
tracking_cdrone3_20260822_203534_108_milestone4,milestone4,1787456156.971105814,target_map,5,7,2,predicted,-4.354665,1.164913,0.006120,0.166545,-0.110707,-0.035319,0.000000,5.216534,6176.250,1,4.074537,4.074537,1.576088,1.368634
tracking_cdrone3_20260822_203534_108_milestone4,milestone4,1787456156.971105814,target_map,6,8,0,detected,-4.378669,1.500797,0.543288,-2.550826,-0.830746,-0.048342,0.772320,4.049519,18177.250,0,0.077592,0.000000,0.177157,0.369398
tracking_cdrone3_20260822_203534_108_milestone4,milestone4,1787456156.971105814,target_map,7,10,2,predicted,2.310140,-2.702722,3.011516,0.143649,0.090092,0.056843,0.421876,11.596453,1131.000,0,1.644167,1.644167,0.618512,0.684652
tracking_cdrone3_20260822_203534_108_milestone4,milestone4,1787456157.070774794,target_map,1,1,0,detected,8.154975,14.553807,4.259897,-0.413270,0.108953,-1.317974,0.462907,21.226736,808.828,1,0.177288,0.000000,0.212051,0.394322
tracking_cdrone3_20260822_203534_108_milestone4,milestone4,1787456157.070774794,target_map,3,5,0,detected,-8.613194,1.486622,0.921377,-2.374005,-0.576394,-0.125243,0.668228,0.019244,1313.500,1,0.177288,0.000000,0.212051,0.394322
tracking_cdrone3_20260822_203534_108_milestone4,milestone4,1787456157.070774794,target_map,5,7,2,predicted,-4.338061,1.153876,0.002599,0.166545,-0.110707,-0.035319,0.000000,5.216534,6176.250,1,4.174232,4.174232,1.610981,1.393558
tracking_cdrone3_20260822_203534_108_milestone4,milestone4,1787456157.070774794,target_map,6,8,0,detected,-4.632975,1.417975,0.538468,-2.550826,-0.830746,-0.048342,0.752690,4.049519,18177.250,0,0.177288,0.000000,0.212051,0.394322
tracking_cdrone3_20260822_203534_108_milestone4,milestone4,1787456157.070774794,target_map,7,10,2,predicted,2.324461,-2.693740,3.017183,0.143649,0.090092,0.056843,0.404023,11.596453,1131.000,0,1.743863,1.743863,0.653406,0.709576
tracking_cdrone3_20260822_203534_108_milestone4,milestone4,1787456157.170846939,target_map,1,1,2,predicted,8.113622,14.564710,4.128015,-0.413270,0.108953,-1.317974,0.450789,21.226736,808.828,1,0.277352,0.277352,0.247073,0.419338
tracking_cdrone3_20260822_203534_108_milestone4,milestone4,1787456157.170846939,target_map,3,5,2,predicted,-8.850748,1.428946,0.908845,-2.374005,-0.576394,-0.125243,0.650736,0.019244,1313.500,1,0.277352,0.277352,0.247073,0.419338
tracking_cdrone3_20260822_203534_108_milestone4,milestone4,1787456157.170846939,target_map,5,7,2,predicted,-4.321396,1.142798,-0.000935,0.166545,-0.110707,-0.035319,0.000000,5.216534,6176.250,1,4.274297,4.274297,1.646004,1.418574
tracking_cdrone3_20260822_203534_108_milestone4,milestone4,1787456157.170846939,target_map,6,8,2,predicted,-4.888222,1.334847,0.533631,-2.550826,-0.830746,-0.048342,0.732987,4.049519,18177.250,0,0.277352,0.277352,0.247073,0.419338
tracking_cdrone3_20260822_203534_108_milestone4,milestone4,1787456157.170846939,target_map,7,10,2,predicted,2.338835,-2.684725,3.022871,0.143649,0.090092,0.056843,0.386103,11.596453,1131.000,0,1.843927,1.843927,0.688428,0.734592
tracking_cdrone3_20260822_203534_108_milestone4,milestone4,1787456157.181452990,raw,1,1,0,detected,8.056340,14.467705,5.209605,-0.580635,-0.225587,2.418603,0.484375,21.097105,808.828,1,0.000000,0.000000,0.000000,0.000000
tracking_cdrone3_20260822_203534_108_milestone4,milestone4,1787456157.181452990,raw,5,5,0,detected,-8.144571,1.687803,0.898677,0.161258,0.334370,-0.151675,0.699219,0.018393,1313.500,0,0.000000,0.000000,0.000000,0.000000
tracking_cdrone3_20260822_203534_108_milestone4,milestone4,1787456157.181452990,raw,8,8,0,detected,-4.262921,1.629361,0.574435,-0.277566,0.216526,0.092537,0.857422,3.913051,16695.750,1,0.000000,0.000000,0.000000,0.000000
tracking_cdrone3_20260822_203534_108_milestone4,milestone4,1787456157.270594597,target_map,1,1,0,detected,8.016541,14.461794,5.267664,-0.505321,-0.075044,0.737143,0.474837,21.097105,808.828,1,0.078762,0.000000,0.177567,0.369690
tracking_cdrone3_20260822_203534_108_milestone4,milestone4,1787456157.270594597,target_map,3,5,0,detected,-8.221727,1.681858,0.887667,-0.979610,-0.075474,-0.139781,0.685451,0.018393,1313.500,0,0.078762,0.000000,0.177567,0.369690
tracking_cdrone3_20260822_203534_108_milestone4,milestone4,1787456157.270594597,target_map,5,7,2,predicted,-4.304781,1.131753,-0.004459,0.166545,-0.110707,-0.035319,0.000000,5.216534,6176.250,1,4.374062,4.374062,1.680922,1.443515
tracking_cdrone3_20260822_203534_108_milestone4,milestone4,1787456157.270594597,target_map,6,8,0,detected,-4.365354,1.609297,0.576730,-1.300533,-0.254747,0.029141,0.840539,3.913051,16695.750,1,0.078762,0.000000,0.177567,0.369690
tracking_cdrone3_20260822_203534_108_milestone4,milestone4,1787456157.270594597,target_map,7,10,2,predicted,2.353166,-2.675737,3.028542,0.143649,0.090092,0.056843,0.368238,11.596453,1131.000,0,1.943692,1.943692,0.723346,0.759533
tracking_cdrone3_20260822_203534_108_milestone4,milestone4,1787456157.370928288,target_map,1,1,0,detected,7.965849,14.454267,5.341610,-0.505321,-0.075044,0.737143,0.462690,21.097105,808.828,1,0.179076,0.000000,0.212677,0.394769
tracking_cdrone3_20260822_203534_108_milestone4,milestone4,1787456157.370928288,target_map,3,5,0,detected,-8.319996,1.674287,0.873645,-0.979610,-0.075474,-0.139781,0.667915,0.018393,1313.500,0,0.179076,0.000000,0.212677,0.394769
tracking_cdrone3_20260822_203534_108_milestone4,milestone4,1787456157.370928288,target_map,5,7,2,predicted,-4.288074,1.120648,-0.008002,0.166545,-0.110707,-0.035319,0.000000,5.216534,6176.250,1,4.474376,4.474376,1.716032,1.468594
tracking_cdrone3_20260822_203534_108_milestone4,milestone4,1787456157.370928288,target_map,6,8,0,detected,-4.495816,1.583742,0.579653,-1.300533,-0.254747,0.029141,0.819036,3.913051,16695.750,1,0.179076,0.000000,0.212677,0.394769
tracking_cdrone3_20260822_203534_108_milestone4,milestone4,1787456157.370928288,target_map,7,10,2,predicted,2.367576,-2.666700,3.034245,0.143649,0.090092,0.056843,0.350274,11.596453,1131.000,0,2.044007,2.044007,0.758456,0.784612
tracking_cdrone3_20260822_203534_108_milestone4,milestone4,1787456157.470836639,target_map,1,1,2,predicted,7.915360,14.446768,5.415261,-0.505321,-0.075044,0.737143,0.450591,21.097105,808.828,1,0.278990,0.278990,0.247647,0.419748
tracking_cdrone3_20260822_203534_108_milestone4,milestone4,1787456157.470836639,target_map,3,5,2,predicted,-8.417873,1.666746,0.859679,-0.979610,-0.075474,-0.139781,0.650450,0.018393,1313.500,0,0.278990,0.278990,0.247647,0.419748
tracking_cdrone3_20260822_203534_108_milestone4,milestone4,1787456157.470836639,target_map,5,7,2,predicted,-4.271433,1.109587,-0.011530,0.166545,-0.110707,-0.035319,0.000000,5.216534,6176.250,1,4.574290,4.574290,1.751002,1.493573
tracking_cdrone3_20260822_203534_108_milestone4,milestone4,1787456157.470836639,target_map,6,8,2,predicted,-4.625757,1.558289,0.582565,-1.300533,-0.254747,0.029141,0.797619,3.913051,16695.750,1,0.278990,0.278990,0.247647,0.419748
tracking_cdrone3_20260822_203534_108_milestone4,milestone4,1787456157.470836639,target_map,7,10,2,predicted,2.381928,-2.657698,3.039924,0.143649,0.090092,0.056843,0.332381,11.596453,1131.000,0,2.143921,2.143921,0.793426,0.809590
tracking_cdrone3_20260822_203534_108_milestone4,milestone4,1787456157.483785391,raw,1,1,0,detected,7.159260,14.981975,5.485342,-2.966917,1.700845,0.911944,0.484375,20.756134,808.828,1,0.000000,0.000000,0.000000,0.000000
tracking_cdrone3_20260822_203534_108_milestone4,milestone4,1787456157.483785391,raw,5,5,0,detected,-8.124597,1.741784,0.877926,0.066063,0.178530,-0.068630,0.684570,0.018353,1350.500,0,0.000000,0.000000,0.000000,0.000000
tracking_cdrone3_20260822_203534_108_milestone4,milestone4,1787456157.483785391,raw,8,8,0,detected,-4.352245,1.688038,0.888419,-0.295422,0.194063,1.038440,0.795410,3.790155,22198.750,1,0.000000,0.000000,0.000000,0.000000
tracking_cdrone3_20260822_203534_108_milestone4,milestone4,1787456157.570481062,target_map,1,1,0,detected,7.007243,15.055701,5.553475,-1.859199,0.901695,0.833284,0.474474,20.756134,808.828,1,0.081765,0.000000,0.178618,0.370441
tracking_cdrone3_20260822_203534_108_milestone4,milestone4,1787456157.570481062,target_map,3,5,0,detected,-8.157670,1.747035,0.869696,-0.404490,0.064228,-0.100648,0.670577,0.018353,1350.500,0,0.081765,0.000000,0.178618,0.370441
tracking_cdrone3_20260822_203534_108_milestone4,milestone4,1787456157.570481062,target_map,5,7,2,predicted,-4.254836,1.098554,-0.015050,0.166545,-0.110707,-0.035319,0.000000,5.216534,6176.250,1,4.673946,4.673946,1.785881,1.518487
tracking_cdrone3_20260822_203534_108_milestone4,milestone4,1787456157.570481062,target_map,6,8,0,detected,-4.413383,1.687392,0.936190,-0.747722,-0.007901,0.584256,0.779151,3.790155,22198.750,1,0.081765,0.000000,0.178618,0.370441
tracking_cdrone3_20260822_203534_108_milestone4,milestone4,1787456157.570481062,target_map,7,10,2,predicted,2.396244,-2.648720,3.045589,0.143649,0.090092,0.056843,0.314535,11.596453,1131.000,0,2.243577,2.243577,0.828306,0.834504
tracking_cdrone3_20260822_203534_108_milestone4,milestone4,1787456157.670776844,target_map,1,1,0,detected,6.820810,15.146119,5.637033,-1.859199,0.901695,0.833284,0.462331,20.756134,808.828,1,0.182040,0.000000,0.213714,0.395510
tracking_cdrone3_20260822_203534_108_milestone4,milestone4,1787456157.670776844,target_map,3,5,0,detected,-8.198230,1.753476,0.859604,-0.404490,0.064228,-0.100648,0.653415,0.018353,1350.500,0,0.182040,0.000000,0.213714,0.395510
tracking_cdrone3_20260822_203534_108_milestone4,milestone4,1787456157.670776844,target_map,5,7,2,predicted,-4.238136,1.087453,-0.018592,0.166545,-0.110707,-0.035319,0.000000,5.216534,6176.250,1,4.774222,4.774222,1.820978,1.543556
tracking_cdrone3_20260822_203534_108_milestone4,milestone4,1787456157.670776844,target_map,6,8,0,detected,-4.488361,1.686600,0.994777,-0.747722,-0.007901,0.584256,0.759211,3.790155,22198.750,1,0.182040,0.000000,0.213714,0.395510
tracking_cdrone3_20260822_203534_108_milestone4,milestone4,1787456157.670776844,target_map,7,10,2,predicted,2.410648,-2.639686,3.051289,0.143649,0.090092,0.056843,0.296578,11.596453,1131.000,0,2.343853,2.343853,0.863402,0.859573
tracking_cdrone3_20260822_203534_108_milestone4,milestone4,1787456157.770884991,target_map,1,1,2,predicted,6.634688,15.236387,5.720452,-1.859199,0.901695,0.833284,0.450208,20.756134,808.828,1,0.282149,0.282149,0.248752,0.420537
tracking_cdrone3_20260822_203534_108_milestone4,milestone4,1787456157.770884991,target_map,3,5,2,predicted,-8.238723,1.759906,0.849528,-0.404490,0.064228,-0.100648,0.636283,0.018353,1350.500,0,0.282149,0.282149,0.248752,0.420537
tracking_cdrone3_20260822_203534_108_milestone4,milestone4,1787456157.770884991,target_map,5,7,2,predicted,-4.221463,1.076370,-0.022127,0.166545,-0.110707,-0.035319,0.000000,5.216534,6176.250,1,4.874331,4.874331,1.856016,1.568583
tracking_cdrone3_20260822_203534_108_milestone4,milestone4,1787456157.770884991,target_map,6,8,2,predicted,-4.563215,1.685809,1.053266,-0.747722,-0.007901,0.584256,0.739304,3.790155,22198.750,1,0.282149,0.282149,0.248752,0.420537
tracking_cdrone3_20260822_203534_108_milestone4,milestone4,1787456157.770884991,target_map,7,10,2,predicted,2.425029,-2.630667,3.056979,0.143649,0.090092,0.056843,0.278651,11.596453,1131.000,0,2.443962,2.443962,0.898440,0.884600
tracking_cdrone3_20260822_203534_108_milestone4,milestone4,1787456157.866916180,raw,5,5,0,detected,6.944279,6.578538,1.814665,39.329521,12.623851,2.444874,0.615234,15.833126,1054.500,0,0.000000,0.000000,0.000000,0.000000
tracking_cdrone3_20260822_203534_108_milestone4,milestone4,1787456157.866916180,raw,8,8,0,detected,-4.455409,1.997411,0.383908,-0.269255,0.807458,-1.316764,0.524414,3.704723,25462.500,1,0.000000,0.000000,0.000000,0.000000
tracking_cdrone3_20260822_203534_108_milestone4,milestone4,1787456157.866916180,raw,1,1,1,held,7.746234,14.399473,5.030987,1.531994,-1.520319,-1.185858,0.484375,20.682566,808.828,1,0.383144,0.383144,0.000000,0.000000
tracking_cdrone3_20260822_203534_108_milestone4,milestone4,1787456157.871408224,target_map,1,1,2,predicted,6.447778,15.327037,5.804224,-1.859199,0.901695,0.833284,0.438035,20.756134,808.828,1,0.382682,0.382682,0.283939,0.445671
tracking_cdrone3_20260822_203534_108_milestone4,milestone4,1787456157.871408224,target_map,3,5,2,predicted,-8.279387,1.766363,0.839410,-0.404490,0.064228,-0.100648,0.619077,0.018353,1350.500,0,0.382682,0.382682,0.283939,0.445671
tracking_cdrone3_20260822_203534_108_milestone4,milestone4,1787456157.871408224,target_map,5,7,2,predicted,-4.204720,1.065240,-0.025678,0.166545,-0.110707,-0.035319,0.000000,5.216534,6176.250,1,4.974864,4.974864,1.891202,1.593716
tracking_cdrone3_20260822_203534_108_milestone4,milestone4,1787456157.871408224,target_map,6,8,2,predicted,-4.638385,1.685014,1.112003,-0.747722,-0.007901,0.584256,0.719313,3.790155,22198.750,1,0.382682,0.382682,0.283939,0.445671
tracking_cdrone3_20260822_203534_108_milestone4,milestone4,1787456157.871408224,target_map,7,10,2,predicted,2.439470,-2.621610,3.062694,0.143649,0.090092,0.056843,0.260648,11.596453,1131.000,0,2.544494,2.544494,0.933627,0.909733
tracking_cdrone3_20260822_203534_108_milestone4,milestone4,1787456157.970508099,target_map,1,1,1,held,7.746752,14.362095,5.006911,0.005957,-0.430413,-0.277244,0.427463,20.682566,808.828,1,0.469987,0.000000,0.180395,0.371711
tracking_cdrone3_20260822_203534_108_milestone4,milestone4,1787456157.970508099,target_map,3,5,0,detected,7.291661,6.697623,1.833309,4.000137,1.371277,0.214688,0.601877,15.833126,1054.500,0,0.086843,0.000000,0.180395,0.371711
tracking_cdrone3_20260822_203534_108_milestone4,milestone4,1787456157.970508099,target_map,6,8,0,detected,-4.497490,2.035669,0.343848,-0.484565,0.440547,-0.461305,0.513029,3.704723,25462.500,1,0.086843,0.000000,0.180395,0.371711
tracking_cdrone3_20260822_203534_108_milestone4,milestone4,1787456157.970508099,target_map,7,10,2,predicted,2.453706,-2.612682,3.068327,0.143649,0.090092,0.056843,0.242902,11.596453,1131.000,0,2.643591,2.643591,0.968311,0.934508
tracking_cdrone3_20260822_203534_108_milestone4,milestone4,1787456158.070818186,target_map,1,1,1,held,7.747349,14.318921,4.979101,0.005957,-0.430413,-0.277244,0.415316,20.682566,808.828,1,0.570296,0.000000,0.215503,0.396788
tracking_cdrone3_20260822_203534_108_milestone4,milestone4,1787456158.070818186,target_map,3,5,0,detected,7.692910,6.835175,1.854844,4.000137,1.371277,0.214688,0.586449,15.833126,1054.500,0,0.187151,0.000000,0.215503,0.396788
tracking_cdrone3_20260822_203534_108_milestone4,milestone4,1787456158.070818186,target_map,6,8,0,detected,-4.546096,2.079860,0.297575,-0.484565,0.440547,-0.461305,0.499878,3.704723,25462.500,1,0.187151,0.000000,0.215503,0.396788
tracking_cdrone3_20260822_203534_108_milestone4,milestone4,1787456158.070818186,target_map,7,10,2,predicted,2.468115,-2.603645,3.074028,0.143649,0.090092,0.056843,0.224939,11.596453,1131.000,0,2.743900,2.743900,1.003419,0.959585
tracking_cdrone3_20260822_203534_108_milestone4,milestone4,1787456158.170476198,target_map,1,1,2,predicted,7.747943,14.276020,4.951467,0.005957,-0.430413,-0.277244,0.403246,20.682566,808.828,1,0.669969,0.669969,0.250389,0.421706
tracking_cdrone3_20260822_203534_108_milestone4,milestone4,1787456158.170476198,target_map,3,5,2,predicted,8.091618,6.971854,1.876243,4.000137,1.371277,0.214688,0.571118,15.833126,1054.500,0,0.286825,0.286825,0.250389,0.421706
tracking_cdrone3_20260822_203534_108_milestone4,milestone4,1787456158.170476198,target_map,6,8,2,predicted,-4.594395,2.123771,0.251595,-0.484565,0.440547,-0.461305,0.486810,3.704723,25462.500,1,0.286825,0.286825,0.250389,0.421706
tracking_cdrone3_20260822_203534_108_milestone4,milestone4,1787456158.170476198,target_map,7,10,2,predicted,2.482433,-2.594665,3.079694,0.143649,0.090092,0.056843,0.207090,11.596453,1131.000,0,2.843574,2.843574,1.038305,0.984503
tracking_cdrone3_20260822_203534_108_milestone4,milestone4,1787456158.248231173,raw,5,5,0,detected,-7.965157,1.747022,0.982119,-39.103474,-12.671779,-2.183545,0.556641,0.010738,1249.500,1,0.000000,0.000000,0.000000,0.000000
tracking_cdrone3_20260822_203534_108_milestone4,milestone4,1787456158.248231173,raw,8,8,0,detected,-4.373337,1.778787,0.576644,0.215254,-0.573391,0.505493,0.819824,3.624969,17726.500,1,0.000000,0.000000,0.000000,0.000000
tracking_cdrone3_20260822_203534_108_milestone4,milestone4,1787456158.270529509,target_map,1,1,2,predicted,7.748539,14.232958,4.923729,0.005957,-0.430413,-0.277244,0.391131,20.682566,808.828,1,0.770017,0.770017,0.285406,0.446718
tracking_cdrone3_20260822_203534_108_milestone4,milestone4,1787456158.270529509,target_map,3,5,0,detected,-8.009590,1.733253,0.979565,-2.379753,-0.737426,-0.136792,0.554042,0.010738,1249.500,1,0.018672,0.000000,0.156535,0.354668
tracking_cdrone3_20260822_203534_108_milestone4,milestone4,1787456158.270529509,target_map,6,8,0,detected,-4.375198,1.776601,0.577959,-0.099665,-0.117119,0.070434,0.815997,3.624969,17726.500,1,0.018672,0.000000,0.156535,0.354668
tracking_cdrone3_20260822_203534_108_milestone4,milestone4,1787456158.270529509,target_map,7,10,2,predicted,2.496804,-2.585652,3.085382,0.143649,0.090092,0.056843,0.189173,11.596453,1131.000,0,2.943622,2.943622,1.073321,1.009515
tracking_cdrone3_20260822_203534_108_milestone4,milestone4,1787456158.370874405,target_map,1,1,2,predicted,7.749137,14.189774,4.895912,0.005957,-0.430413,-0.277244,0.378981,20.682566,808.828,1,0.870349,0.870349,0.320522,0.471801
tracking_cdrone3_20260822_203534_108_milestone4,milestone4,1787456158.370874405,target_map,3,5,0,detected,-8.248356,1.659266,0.965841,-2.379753,-0.737426,-0.136792,0.540080,0.010738,1249.500,1,0.119004,0.000000,0.191651,0.379751
tracking_cdrone3_20260822_203534_108_milestone4,milestone4,1787456158.370874405,target_map,6,8,0,detected,-4.385197,1.764850,0.585026,-0.099665,-0.117119,0.070434,0.795434,3.624969,17726.500,1,0.119004,0.000000,0.191651,0.379751
tracking_cdrone3_20260822_203534_108_milestone4,milestone4,1787456158.370874405,target_map,7,10,2,predicted,2.511217,-2.576612,3.091085,0.143649,0.090092,0.056843,0.171206,11.596453,1131.000,0,3.043954,3.043954,1.108438,1.034598
tracking_cdrone3_20260822_203534_108_milestone4,milestone4,1787456158.470782042,target_map,1,1,2,predicted,7.749732,14.146769,4.868211,0.005957,-0.430413,-0.277244,0.366882,20.682566,808.828,1,0.970265,0.970265,0.355492,0.496780
tracking_cdrone3_20260822_203534_108_milestone4,milestone4,1787456158.470782042,target_map,3,5,0,detected,-8.486130,1.585585,0.952173,-2.379753,-0.737426,-0.136792,0.526176,0.010738,1249.500,1,0.218919,0.000000,0.226622,0.404730
tracking_cdrone3_20260822_203534_108_milestone4,milestone4,1787456158.470782042,target_map,6,8,0,detected,-4.395155,1.753148,0.592063,-0.099665,-0.117119,0.070434,0.774955,3.624969,17726.500,1,0.218919,0.000000,0.226622,0.404730
tracking_cdrone3_20260822_203534_108_milestone4,milestone4,1787456158.470782042,target_map,7,10,2,predicted,2.525570,-2.567611,3.096764,0.143649,0.090092,0.056843,0.153313,11.596453,1131.000,0,3.143869,3.143869,1.143408,1.059577
tracking_cdrone3_20260822_203534_108_milestone4,milestone4,1787456158.571279049,target_map,1,1,2,predicted,7.750330,14.103509,4.840346,0.005957,-0.430413,-0.277244,0.354711,20.682566,808.828,1,1.070772,1.070772,0.390670,0.521907
tracking_cdrone3_20260822_203534_108_milestone4,milestone4,1787456158.571279049,target_map,3,5,2,predicted,-8.725312,1.511469,0.938424,-2.379753,-0.737426,-0.136792,0.512189,0.010738,1249.500,1,0.319426,0.319426,0.261799,0.429857
tracking_cdrone3_20260822_203534_108_milestone4,milestone4,1787456158.571279049,target_map,6,8,2,predicted,-4.405172,1.741376,0.599142,-0.099665,-0.117119,0.070434,0.754356,3.624969,17726.500,1,0.319426,0.319426,0.261799,0.429857
tracking_cdrone3_20260822_203534_108_milestone4,milestone4,1787456158.571279049,target_map,7,10,2,predicted,2.540007,-2.558556,3.102477,0.143649,0.090092,0.056843,0.135315,11.596453,1131.000,0,3.244377,3.244377,1.178586,1.084704
tracking_cdrone3_20260822_203534_108_milestone4,milestone4,1787456158.587285519,raw,5,5,0,detected,-7.818073,1.669448,1.063790,0.433798,-0.228789,0.240872,0.556641,0.017681,1249.500,0,0.000000,0.000000,0.000000,0.000000
tracking_cdrone3_20260822_203534_108_milestone4,milestone4,1787456158.587285519,raw,8,8,0,detected,-4.366132,1.765363,0.652992,0.021249,-0.039592,0.225175,0.801270,3.494449,18056.250,1,0.000000,0.000000,0.000000,0.000000
tracking_cdrone3_20260822_203534_108_milestone4,milestone4,1787456158.670737743,target_map,1,1,2,predicted,7.750923,14.060709,4.812777,0.005957,-0.430413,-0.277244,0.342669,20.682566,808.828,1,1.170213,1.170213,0.425474,0.546767
tracking_cdrone3_20260822_203534_108_milestone4,milestone4,1787456158.670737743,target_map,3,5,0,detected,-7.883077,1.633703,1.069329,-0.832300,-0.457676,0.070923,0.545772,0.017681,1249.500,0,0.078102,0.000000,0.177336,0.369525
tracking_cdrone3_20260822_203534_108_milestone4,milestone4,1787456158.670737743,target_map,6,8,0,detected,-4.368722,1.759546,0.665140,-0.033162,-0.074479,0.155541,0.785624,3.494449,18056.250,1,0.078102,0.000000,0.177336,0.369525
tracking_cdrone3_20260822_203534_108_milestone4,milestone4,1787456158.670737743,target_map,7,10,2,predicted,2.554292,-2.549597,3.108130,0.143649,0.090092,0.056843,0.117507,11.596453,1131.000,0,3.343818,3.343818,1.213390,1.109564
tracking_cdrone3_20260822_203534_108_milestone4,milestone4,1787456158.770714045,target_map,1,1,2,predicted,7.751519,14.017678,4.785059,0.005957,-0.430413,-0.277244,0.330563,20.682566,808.828,1,1.270188,1.270188,0.460465,0.571761
tracking_cdrone3_20260822_203534_108_milestone4,milestone4,1787456158.770714045,target_map,3,5,0,detected,-7.966286,1.587947,1.076419,-0.832300,-0.457676,0.070923,0.531860,0.017681,1249.500,0,0.178076,0.000000,0.212327,0.394519
tracking_cdrone3_20260822_203534_108_milestone4,milestone4,1787456158.770714045,target_map,6,8,0,detected,-4.372037,1.752100,0.680690,-0.033162,-0.074479,0.155541,0.765598,3.494449,18056.250,1,0.178076,0.000000,0.212327,0.394519
tracking_cdrone3_20260822_203534_108_milestone4,milestone4,1787456158.770714045,target_map,7,10,2,predicted,2.568653,-2.540590,3.113813,0.143649,0.090092,0.056843,0.099604,11.596453,1131.000,0,3.443792,3.443792,1.248381,1.134558
tracking_cdrone3_20260822_203534_108_milestone4,milestone4,1787456158.870866299,target_map,1,1,2,predicted,7.752115,13.974571,4.757292,0.005957,-0.430413,-0.277244,0.318435,20.682566,808.828,1,1.370341,1.370341,0.495519,0.596799
tracking_cdrone3_20260822_203534_108_milestone4,milestone4,1787456158.870866299,target_map,3,5,2,predicted,-8.049644,1.542109,1.083522,-0.832300,-0.457676,0.070923,0.517922,0.017681,1249.500,0,0.278230,0.278230,0.247380,0.419557
tracking_cdrone3_20260822_203534_108_milestone4,milestone4,1787456158.870866299,target_map,6,8,2,predicted,-4.375359,1.744641,0.696268,-0.033162,-0.074479,0.155541,0.745535,3.494449,18056.250,1,0.278230,0.278230,0.247380,0.419557
tracking_cdrone3_20260822_203534_108_milestone4,milestone4,1787456158.870866299,target_map,7,10,2,predicted,2.583040,-2.531567,3.119506,0.143649,0.090092,0.056843,0.081669,11.596453,1131.000,0,3.543946,3.543946,1.283435,1.159596
tracking_cdrone3_20260822_203534_108_milestone4,milestone4,1787456158.904831886,raw,5,5,0,detected,9.380721,6.163031,2.689853,54.157574,14.149920,5.120338,0.607910,17.806759,1886.500,0,0.000000,0.000000,0.000000,0.000000
tracking_cdrone3_20260822_203534_108_milestone4,milestone4,1787456158.904831886,raw,8,8,0,detected,-4.267437,1.836798,0.646959,0.310781,0.224943,-0.018997,0.837402,3.521218,18711.000,0,0.000000,0.000000,0.000000,0.000000
tracking_cdrone3_20260822_203534_108_milestone4,milestone4,1787456158.970492840,target_map,1,1,2,predicted,7.752709,13.931683,4.729667,0.005957,-0.430413,-0.277244,0.306369,20.682566,808.828,1,1.469986,1.469986,0.530395,0.621710
tracking_cdrone3_20260822_203534_108_milestone4,milestone4,1787456158.970492840,target_map,3,5,0,detected,9.605311,6.215429,2.714999,3.864861,0.901686,0.432730,0.599079,17.806759,1886.500,0,0.058111,0.000000,0.170339,0.364528
tracking_cdrone3_20260822_203534_108_milestone4,milestone4,1787456158.970492840,target_map,6,8,0,detected,-4.258372,1.842040,0.650419,0.156006,0.090203,0.059545,0.825237,3.521218,18711.000,0,0.058111,0.000000,0.170339,0.364528
tracking_cdrone3_20260822_203534_108_milestone4,milestone4,1787456158.970492840,target_map,7,10,2,predicted,2.597354,-2.522590,3.125170,0.143649,0.090092,0.056843,0.063825,11.596453,1131.000,0,3.643590,3.643590,1.318310,1.184507
tracking_cdrone3_20260822_203534_108_milestone4,milestone4,1787456159.070774317,target_map,1,1,2,predicted,7.753306,13.888521,4.701865,0.005957,-0.430413,-0.277244,0.294226,20.682566,808.828,1,1.570265,1.570265,0.565492,0.646780
tracking_cdrone3_20260822_203534_108_milestone4,milestone4,1787456159.070774317,target_map,3,5,0,detected,9.992876,6.305849,2.758393,3.864861,0.901686,0.432730,0.583838,17.806759,1886.500,0,0.158390,0.000000,0.205436,0.389597
tracking_cdrone3_20260822_203534_108_milestone4,milestone4,1787456159.070774317,target_map,6,8,0,detected,-4.242728,1.851086,0.656390,0.156006,0.090203,0.059545,0.804243,3.521218,18711.000,0,0.158390,0.000000,0.205436,0.389597
tracking_cdrone3_20260822_203534_108_milestone4,milestone4,1787456159.070774317,target_map,7,10,2,predicted,2.611759,-2.513556,3.130870,0.143649,0.090092,0.056843,0.045867,11.596453,1131.000,0,3.743869,3.743869,1.353408,1.209577
tracking_cdrone3_20260822_203534_108_milestone4,milestone4,1787456159.170923710,target_map,1,1,2,predicted,7.753902,13.845428,4.674107,0.005957,-0.430413,-0.277244,0.282102,20.682566,808.828,1,1.670387,1.670387,0.600535,0.671811
tracking_cdrone3_20260822_203534_108_milestone4,milestone4,1787456159.170923710,target_map,3,5,2,predicted,10.379833,6.396128,2.801719,3.864861,0.901686,0.432730,0.568622,17.806759,1886.500,0,0.258512,0.258512,0.240479,0.414628
tracking_cdrone3_20260822_203534_108_milestone4,milestone4,1787456159.170923710,target_map,6,8,2,predicted,-4.227108,1.860117,0.662352,0.156006,0.090203,0.059545,0.783283,3.521218,18711.000,0,0.258512,0.258512,0.240479,0.414628
tracking_cdrone3_20260822_203534_108_milestone4,milestone4,1787456159.170923710,target_map,7,10,2,predicted,2.626141,-2.504535,3.136561,0.143649,0.090092,0.056843,0.027938,11.596453,1131.000,0,3.843991,3.843991,1.388451,1.234608
tracking_cdrone3_20260822_203534_108_milestone4,milestone4,1787456159.210661888,raw,5,5,0,detected,9.675649,6.246675,2.236205,0.964207,0.273455,-1.483110,0.607910,17.966784,1886.500,0,0.000000,0.000000,0.000000,0.000000
tracking_cdrone3_20260822_203534_108_milestone4,milestone4,1787456159.210661888,raw,8,8,0,detected,-4.117574,1.961684,0.437831,0.489948,0.408289,-0.683700,0.855957,3.576471,19323.000,0,0.000000,0.000000,0.000000,0.000000
tracking_cdrone3_20260822_203534_108_milestone4,milestone4,1787456159.270848036,target_map,1,1,2,predicted,7.754498,13.802413,4.646399,0.005957,-0.430413,-0.277244,0.270000,20.682566,808.828,1,1.770325,1.770325,0.635513,0.696795
tracking_cdrone3_20260822_203534_108_milestone4,milestone4,1787456159.270848036,target_map,3,5,0,detected,9.797231,6.276469,2.202938,2.269502,0.556159,-0.620982,0.599768,17.966784,1886.500,0,0.053572,0.000000,0.168750,0.363393
tracking_cdrone3_20260822_203534_108_milestone4,milestone4,1787456159.270848036,target_map,6,8,0,detected,-4.099377,1.975889,0.419122,0.339675,0.265151,-0.349240,0.844493,3.576471,19323.000,0,0.053572,0.000000,0.168750,0.363393
tracking_cdrone3_20260822_203534_108_milestone4,milestone4,1787456159.270848036,target_map,7,10,2,predicted,2.640497,-2.495532,3.142242,0.143649,0.090092,0.056843,0.010041,11.596453,1131.000,0,3.943930,3.943930,1.423429,1.259592
tracking_cdrone3_20260822_203534_108_milestone4,milestone4,1787456159.370656013,target_map,1,1,2,predicted,7.755093,13.759452,4.618726,0.005957,-0.430413,-0.277244,0.257913,20.682566,808.828,1,1.870140,1.870140,0.670448,0.721749
tracking_cdrone3_20260822_203534_108_milestone4,milestone4,1787456159.370656013,target_map,3,5,0,detected,10.023759,6.331982,2.140955,2.269502,0.556159,-0.620982,0.584599,17.966784,1886.500,0,0.153386,0.000000,0.203685,0.388347
tracking_cdrone3_20260822_203534_108_milestone4,milestone4,1787456159.370656013,target_map,6,8,0,detected,-4.065473,2.002355,0.384263,0.339675,0.265151,-0.349240,0.823134,3.576471,19323.000,0,0.153386,0.000000,0.203685,0.388347
tracking_cdrone3_20260822_203534_108_milestone4,milestone4,1787456159.370656013,target_map,7,10,2,predicted,2.654835,-2.486539,3.147916,0.143649,0.090092,0.056843,0.000000,11.596453,1131.000,0,4.043744,4.043744,1.458364,1.284546
tracking_cdrone3_20260822_203534_108_milestone4,milestone4,1787456159.470868587,target_map,1,1,2,predicted,7.755690,13.716317,4.590942,0.005957,-0.430413,-0.277244,0.245777,20.682566,808.828,1,1.970355,1.970355,0.705524,0.746803
tracking_cdrone3_20260822_203534_108_milestone4,milestone4,1787456159.470868587,target_map,3,5,2,predicted,10.251199,6.387718,2.078723,2.269502,0.556159,-0.620982,0.569368,17.966784,1886.500,0,0.253602,0.253602,0.238761,0.413400
tracking_cdrone3_20260822_203534_108_milestone4,milestone4,1787456159.470868587,target_map,6,8,2,predicted,-4.031432,2.028927,0.349263,0.339675,0.265151,-0.349240,0.801689,3.576471,19323.000,0,0.253602,0.253602,0.238761,0.413400
tracking_cdrone3_20260822_203534_108_milestone4,milestone4,1787456159.470868587,target_map,7,10,2,predicted,2.669231,-2.477511,3.153612,0.143649,0.090092,0.056843,0.000000,11.596453,1131.000,0,4.143960,4.143960,1.493440,1.309600
tracking_cdrone3_20260822_203534_108_milestone4,milestone4,1787456159.496347427,raw,5,5,0,detected,-7.485069,1.587633,0.948486,-60.084000,-16.312477,-4.508629,0.607910,0.017575,1886.500,1,0.000000,0.000000,0.000000,0.000000
tracking_cdrone3_20260822_203534_108_milestone4,milestone4,1787456159.496347427,raw,8,8,0,detected,-4.037739,2.035355,0.302754,0.279521,0.257940,-0.472940,0.873535,3.552603,19945.250,1,0.000000,0.000000,0.000000,0.000000
tracking_cdrone3_20260822_203534_108_milestone4,milestone4,1787456159.570708275,target_map,1,1,2,predicted,7.756284,13.673345,4.563262,0.005957,-0.430413,-0.277244,0.233687,20.682566,808.828,1,2.070197,2.070197,0.740468,0.771763
tracking_cdrone3_20260822_203534_108_milestone4,milestone4,1787456159.570708275,target_map,3,5,0,detected,-7.700363,1.527374,0.908478,-3.213920,-0.899561,-0.597246,0.597730,0.017575,1886.500,1,0.066988,0.000000,0.173446,0.366747
tracking_cdrone3_20260822_203534_108_milestone4,milestone4,1787456159.570708275,target_map,6,8,0,detected,-4.017201,2.052851,0.274802,0.306590,0.261185,-0.417275,0.858906,3.552603,19945.250,1,0.066988,0.000000,0.173446,0.366747
tracking_cdrone3_20260822_203534_108_milestone4,milestone4,1787456159.570708275,target_map,7,10,2,predicted,2.683573,-2.468516,3.159288,0.143649,0.090092,0.056843,0.000000,11.596453,1131.000,0,4.243801,4.243801,1.528384,1.334560
tracking_cdrone3_20260822_203534_108_milestone4,milestone4,1787456159.670552015,target_map,1,1,2,predicted,7.756879,13.630373,4.535582,0.005957,-0.430413,-0.277244,0.221597,20.682566,808.828,1,2.170035,2.170035,0.775412,0.796723
tracking_cdrone3_20260822_203534_108_milestone4,milestone4,1787456159.670552015,target_map,3,5,0,detected,-8.021234,1.437564,0.848850,-3.213920,-0.899561,-0.597246,0.582556,0.017575,1886.500,1,0.166826,0.000000,0.208389,0.391706
tracking_cdrone3_20260822_203534_108_milestone4,milestone4,1787456159.670552015,target_map,6,8,0,detected,-3.986592,2.078928,0.233142,0.306590,0.261185,-0.417275,0.837103,3.552603,19945.250,1,0.166826,0.000000,0.208389,0.391706
tracking_cdrone3_20260822_203534_108_milestone4,milestone4,1787456159.670552015,target_map,7,10,2,predicted,2.697915,-2.459521,3.164963,0.143649,0.090092,0.056843,0.000000,11.596453,1131.000,0,4.343639,4.343639,1.563328,1.359520
tracking_cdrone3_20260822_203534_108_milestone4,milestone4,1787456159.770969391,target_map,1,1,2,predicted,7.757477,13.587168,4.507752,0.005957,-0.430413,-0.277244,0.209442,20.682566,808.828,1,2.270416,2.270416,0.810545,0.821818
tracking_cdrone3_20260822_203534_108_milestone4,milestone4,1787456159.770969391,target_map,3,5,2,predicted,-8.343852,1.347264,0.788898,-3.213920,-0.899561,-0.597246,0.567301,0.017575,1886.500,1,0.267207,0.267207,0.243522,0.416802
tracking_cdrone3_20260822_203534_108_milestone4,milestone4,1787456159.770969391,target_map,6,8,2,predicted,-3.955816,2.105145,0.191255,0.306590,0.261185,-0.417275,0.815181,3.552603,19945.250,1,0.267207,0.267207,0.243522,0.416802
tracking_cdrone3_20260822_203534_108_milestone4,milestone4,1787456159.770969391,target_map,7,10,2,predicted,2.712334,-2.450478,3.170669,0.143649,0.090092,0.056843,0.000000,11.596453,1131.000,0,4.444020,4.444020,1.598461,1.384615
tracking_cdrone3_20260822_203534_108_milestone4,milestone4,1787456159.808609962,raw,5,5,0,detected,4.749687,4.644650,2.581342,39.182011,9.790147,5.229249,0.607910,12.462695,1886.500,0,0.000000,0.000000,0.000000,0.000000
tracking_cdrone3_20260822_203534_108_milestone4,milestone4,1787456159.808609962,raw,8,8,0,detected,-3.595277,2.120374,0.286065,1.416993,0.272276,-0.053447,0.878418,3.808618,23029.250,0,0.000000,0.000000,0.000000,0.000000
tracking_cdrone3_20260822_203534_108_milestone4,milestone4,1787456159.871786594,target_map,1,1,2,predicted,7.758078,13.543755,4.479788,0.005957,-0.430413,-0.277244,0.197228,20.682566,808.828,1,2.371279,2.371279,0.845847,0.847034
tracking_cdrone3_20260822_203534_108_milestone4,milestone4,1787456159.871786594,target_map,3,5,0,detected,4.915335,4.683458,2.598948,2.787161,0.652975,0.296234,0.598878,12.462695,1886.500,0,0.059433,0.000000,0.170801,0.364858
tracking_cdrone3_20260822_203534_108_milestone4,milestone4,1787456159.871786594,target_map,6,8,0,detected,-3.540759,2.136260,0.273158,0.917312,0.267285,-0.217170,0.865366,3.808618,23029.250,0,0.059433,0.000000,0.170801,0.364858
tracking_cdrone3_20260822_203534_108_milestone4,milestone4,1787456159.871786594,target_map,7,10,2,predicted,2.726823,-2.441391,3.176402,0.143649,0.090092,0.056843,0.000000,11.596453,1131.000,0,4.544883,4.544883,1.633763,1.409831
tracking_cdrone3_20260822_203534_108_milestone4,milestone4,1787456159.970742941,target_map,1,1,2,predicted,7.758667,13.501170,4.452358,0.005957,-0.430413,-0.277244,0.185247,20.682566,808.828,1,2.470218,2.470218,0.880476,0.871769
tracking_cdrone3_20260822_203534_108_milestone4,milestone4,1787456159.970742941,target_map,3,5,0,detected,5.191096,4.748064,2.628258,2.787161,0.652975,0.296234,0.583841,12.462695,1886.500,0,0.158372,0.000000,0.205430,0.389593
tracking_cdrone3_20260822_203534_108_milestone4,milestone4,1787456159.970742941,target_map,6,8,0,detected,-3.450001,2.162705,0.251671,0.917312,0.267285,-0.217170,0.843639,3.808618,23029.250,0,0.158372,0.000000,0.205430,0.389593
tracking_cdrone3_20260822_203534_108_milestone4,milestone4,1787456159.970742941,target_map,7,10,2,predicted,2.741036,-2.432477,3.182026,0.143649,0.090092,0.056843,0.000000,11.596453,1131.000,0,4.643823,4.643823,1.668392,1.434566
tracking_cdrone3_20260822_203534_108_milestone4,milestone4,1787456160.070735931,target_map,1,1,2,predicted,7.759263,13.458133,4.424636,0.005957,-0.430413,-0.277244,0.173139,20.682566,808.828,1,2.570210,2.570210,0.915473,0.896766
tracking_cdrone3_20260822_203534_108_milestone4,milestone4,1787456160.070735931,target_map,3,5,2,predicted,5.469789,4.813355,2.657878,2.787161,0.652975,0.296234,0.568645,12.462695,1886.500,0,0.258364,0.258364,0.240427,0.414591
tracking_cdrone3_20260822_203534_108_milestone4,milestone4,1787456160.070735931,target_map,6,8,2,predicted,-3.358277,2.189431,0.229956,0.917312,0.267285,-0.217170,0.821680,3.808618,23029.250,0,0.258364,0.258364,0.240427,0.414591
tracking_cdrone3_20260822_203534_108_milestone4,milestone4,1787456160.070735931,target_map,7,10,2,predicted,2.755399,-2.423469,3.187710,0.143649,0.090092,0.056843,0.000000,11.596453,1131.000,0,4.743814,4.743814,1.703389,1.459563
tracking_cdrone3_20260822_203534_108_milestone4,milestone4,1787456160.112378120,raw,5,5,0,detected,4.811319,4.405733,2.621862,0.202885,-0.786485,0.133386,0.607910,12.289006,1886.500,1,0.000000,0.000000,0.000000,0.000000
tracking_cdrone3_20260822_203534_108_milestone4,milestone4,1787456160.112378120,raw,8,8,1,held,-3.348373,2.152900,0.349606,0.812775,0.107069,0.209169,0.878418,3.966943,23029.250,0,0.303779,0.303779,0.000000,0.000000
tracking_cdrone3_20260822_203534_108_milestone4,milestone4,1787456160.175223351,target_map,1,1,2,predicted,7.759885,13.413157,4.395665,0.005957,-0.430413,-0.277244,0.160485,20.682566,808.828,1,2.674704,2.674704,0.952046,0.922890
tracking_cdrone3_20260822_203534_108_milestone4,milestone4,1787456160.175223351,target_map,3,5,0,detected,4.891314,4.397607,2.633966,1.365809,-0.138728,0.206668,0.599009,12.289006,1886.500,1,0.058569,0.000000,0.170499,0.364642
tracking_cdrone3_20260822_203534_108_milestone4,milestone4,1787456160.175223351,target_map,6,8,1,held,-3.298015,2.163393,0.350620,0.859816,0.179166,0.017316,0.798845,3.966943,23029.250,0,0.362348,0.000000,0.170499,0.364642
tracking_cdrone3_20260822_203534_108_milestone4,milestone4,1787456160.175223351,target_map,7,10,2,predicted,2.770410,-2.414055,3.193650,0.143649,0.090092,0.056843,0.000000,11.596453,1131.000,0,4.848309,4.848309,1.739962,1.485687
tracking_cdrone3_20260822_203534_108_milestone4,milestone4,1787456160.270534515,target_map,1,1,2,predicted,7.760453,13.372145,4.369248,0.005957,-0.430413,-0.277244,0.148947,20.682566,808.828,1,2.769990,2.769990,0.985396,0.946711
tracking_cdrone3_20260822_203534_108_milestone4,milestone4,1787456160.270534515,target_map,3,5,0,detected,5.021455,4.384388,2.653659,1.365809,-0.138728,0.206668,0.584528,12.289006,1886.500,1,0.153855,0.000000,0.203849,0.388464
tracking_cdrone3_20260822_203534_108_milestone4,milestone4,1787456160.270534515,target_map,6,8,1,held,-3.216086,2.180465,0.352270,0.859816,0.179166,0.017316,0.777920,3.966943,23029.250,0,0.457634,0.000000,0.203849,0.388464
tracking_cdrone3_20260822_203534_108_milestone4,milestone4,1787456160.270534515,target_map,7,10,2,predicted,2.784097,-2.405470,3.199066,0.143649,0.090092,0.056843,0.000000,11.596453,1131.000,0,4.943594,4.943594,1.773312,1.509508
tracking_cdrone3_20260822_203534_108_milestone4,milestone4,1787456160.371185303,target_map,1,1,2,predicted,7.761052,13.328844,4.341356,0.005957,-0.430413,-0.277244,0.136764,20.682566,808.828,1,2.870593,2.870593,1.020607,0.971862
tracking_cdrone3_20260822_203534_108_milestone4,milestone4,1787456160.371185303,target_map,3,5,2,predicted,5.158860,4.370432,2.674450,1.365809,-0.138728,0.206668,0.569238,12.289006,1886.500,1,0.254458,0.254458,0.239060,0.413614
tracking_cdrone3_20260822_203534_108_milestone4,milestone4,1787456160.371185303,target_map,6,8,2,predicted,-3.129586,2.198490,0.354012,0.859816,0.179166,0.017316,0.755827,3.966943,23029.250,0,0.558237,0.558237,0.239060,0.413614
tracking_cdrone3_20260822_203534_108_milestone4,milestone4,1787456160.410169125,raw,5,5,0,detected,4.773266,4.372231,2.576793,-0.127786,-0.112504,-0.151347,0.607910,12.041555,1886.500,1,0.000000,0.000000,0.000000,0.000000
tracking_cdrone3_20260822_203534_108_milestone4,milestone4,1787456160.470739841,target_map,1,1,2,predicted,7.761646,13.285963,4.313735,0.005957,-0.430413,-0.277244,0.124700,20.682566,808.828,1,2.970219,2.970219,1.055476,0.996769
tracking_cdrone3_20260822_203534_108_milestone4,milestone4,1787456160.470739841,target_map,3,5,0,detected,4.803836,4.365250,2.577341,0.544331,-0.124305,0.009760,0.599375,12.041555,1886.500,1,0.056160,0.000000,0.169656,0.364040
tracking_cdrone3_20260822_203534_108_milestone4,milestone4,1787456160.470739841,target_map,6,8,2,predicted,-3.043926,2.216340,0.355737,0.859816,0.179166,0.017316,0.733948,3.966943,23029.250,0,0.657863,0.657863,0.273929,0.438521
tracking_cdrone3_20260822_203534_108_milestone4,milestone4,1787456160.570710421,target_map,1,1,2,predicted,7.762241,13.242935,4.286019,0.005957,-0.430413,-0.277244,0.112594,20.682566,808.828,1,3.070189,3.070189,1.090466,1.021761
tracking_cdrone3_20260822_203534_108_milestone4,milestone4,1787456160.570710421,target_map,3,5,0,detected,4.858253,4.352823,2.578317,0.544331,-0.124305,0.009760,0.584182,12.041555,1886.500,1,0.156129,0.000000,0.204645,0.389032
tracking_cdrone3_20260822_203534_108_milestone4,milestone4,1787456160.570710421,target_map,6,8,2,predicted,-2.957970,2.234251,0.357469,0.859816,0.179166,0.017316,0.711994,3.966943,23029.250,0,0.757833,0.757833,0.308919,0.463513
tracking_cdrone3_20260822_203534_108_milestone4,milestone4,1787456160.670486450,target_map,1,1,2,predicted,7.762836,13.199986,4.258354,0.005957,-0.430413,-0.277244,0.100511,20.682566,808.828,1,3.169976,3.169976,1.125391,1.046708
tracking_cdrone3_20260822_203534_108_milestone4,milestone4,1787456160.670486450,target_map,3,5,2,predicted,4.912570,4.340419,2.579291,0.544331,-0.124305,0.009760,0.569017,12.041555,1886.500,1,0.255917,0.255917,0.239571,0.413979
tracking_cdrone3_20260822_203534_108_milestone4,milestone4,1787456160.670486450,target_map,6,8,2,predicted,-2.872172,2.252129,0.359196,0.859816,0.179166,0.017316,0.690081,3.966943,23029.250,0,0.857620,0.857620,0.343844,0.488460
tracking_cdrone3_20260822_203534_108_milestone4,milestone4,1787456160.713683128,raw,5,5,0,detected,4.719025,4.552895,2.844842,-0.178713,0.595245,0.883152,0.607910,11.772302,1886.500,1,0.000000,0.000000,0.000000,0.000000
tracking_cdrone3_20260822_203534_108_milestone4,milestone4,1787456160.770796537,target_map,1,1,2,predicted,7.763433,13.156812,4.230545,0.005957,-0.430413,-0.277244,0.088364,20.682566,808.828,1,3.270283,3.270283,1.160499,1.071785
tracking_cdrone3_20260822_203534_108_milestone4,milestone4,1787456160.770796537,target_map,3,5,0,detected,4.726951,4.567566,2.871332,0.146657,0.271448,0.490125,0.599696,11.772302,1886.500,1,0.054049,0.000000,0.168917,0.363512
tracking_cdrone3_20260822_203534_108_milestone4,milestone4,1787456160.770796537,target_map,6,8,2,predicted,-2.785926,2.270101,0.360933,0.859816,0.179166,0.017316,0.668053,3.966943,23029.250,0,0.957927,0.957927,0.378952,0.513537
tracking_cdrone3_20260822_203534_108_milestone4,milestone4,1787456160.870801687,target_map,1,1,2,predicted,7.764029,13.113777,4.202824,0.005957,-0.430413,-0.277244,0.076257,20.682566,808.828,1,3.370269,3.370269,1.195494,1.096781
tracking_cdrone3_20260822_203534_108_milestone4,milestone4,1787456160.870801687,target_map,3,5,0,detected,4.741615,4.594707,2.920338,0.146657,0.271448,0.490125,0.584500,11.772302,1886.500,1,0.154034,0.000000,0.203912,0.388509
tracking_cdrone3_20260822_203534_108_milestone4,milestone4,1787456160.870801687,target_map,6,8,2,predicted,-2.699957,2.288015,0.362665,0.859816,0.179166,0.017316,0.646096,3.966943,23029.250,0,1.057913,1.057913,0.413947,0.538533
tracking_cdrone3_20260822_203534_108_milestone4,milestone4,1787456160.970817804,target_map,1,1,2,predicted,7.764625,13.070724,4.175092,0.005957,-0.430413,-0.277244,0.064144,20.682566,808.828,1,3.470295,3.470295,1.230503,1.121788
tracking_cdrone3_20260822_203534_108_milestone4,milestone4,1787456160.970817804,target_map,3,5,2,predicted,4.756285,4.621859,2.969363,0.146657,0.271448,0.490125,0.569299,11.772302,1886.500,1,0.254061,0.254061,0.238921,0.413515
tracking_cdrone3_20260822_203534_108_milestone4,milestone4,1787456160.970817804,target_map,6,8,2,predicted,-2.613953,2.305936,0.364397,0.859816,0.179166,0.017316,0.624129,3.966943,23029.250,0,1.157939,1.157939,0.448956,0.563540
tracking_cdrone3_20260822_203534_108_milestone4,milestone4,1787456161.009251595,raw,5,5,0,detected,4.790012,4.549411,2.177629,0.240173,-0.011787,-2.257411,0.607910,11.513748,1886.500,1,0.000000,0.000000,0.000000,0.000000
tracking_cdrone3_20260822_203534_108_milestone4,milestone4,1787456161.009251595,raw,14,14,0,detected,-6.350511,1.791296,1.548151,0.000000,0.000000,0.000000,0.702148,0.019735,1211.000,0,0.000000,0.000000,0.000000,0.000000
tracking_cdrone3_20260822_203534_108_milestone4,milestone4,1787456161.071599245,target_map,1,1,2,predicted,7.765225,13.027340,4.147147,0.005957,-0.430413,-0.277244,0.051938,20.682566,808.828,1,3.571092,3.571092,1.265782,1.146987
tracking_cdrone3_20260822_203534_108_milestone4,milestone4,1787456161.071599245,target_map,3,5,0,detected,4.800799,4.555710,2.122031,0.198091,0.115668,-1.021019,0.599634,11.513748,1886.500,1,0.054454,0.000000,0.169059,0.363613
tracking_cdrone3_20260822_203534_108_milestone4,milestone4,1787456161.071599245,target_map,6,8,2,predicted,-2.527286,2.323995,0.366142,0.859816,0.179166,0.017316,0.601994,3.966943,23029.250,0,1.258736,1.258736,0.484235,0.588739
tracking_cdrone3_20260822_203534_108_milestone4,milestone4,1787456161.071599245,target_map,8,14,0,detected,-6.350511,1.791296,1.548151,0.000000,0.000000,0.000000,0.692590,0.019735,1211.000,0,0.054454,0.000000,0.169059,0.363613
tracking_cdrone3_20260822_203534_108_milestone4,milestone4,1787456161.170729160,target_map,1,1,2,predicted,7.765816,12.984681,4.119668,0.005957,-0.430413,-0.277244,0.039936,20.682566,808.828,1,3.670204,3.670204,1.300471,1.171765
tracking_cdrone3_20260822_203534_108_milestone4,milestone4,1787456161.170729160,target_map,3,5,0,detected,4.820432,4.567174,2.020835,0.198091,0.115668,-1.021019,0.584572,11.513748,1886.500,1,0.153566,0.000000,0.203748,0.388391
tracking_cdrone3_20260822_203534_108_milestone4,milestone4,1787456161.170729160,target_map,6,8,2,predicted,-2.442067,2.341753,0.367859,0.859816,0.179166,0.017316,0.580228,3.966943,23029.250,0,1.357848,1.357848,0.518924,0.613517
tracking_cdrone3_20260822_203534_108_milestone4,milestone4,1787456161.170729160,target_map,8,14,0,detected,-6.350511,1.791296,1.548151,0.000000,0.000000,0.000000,0.675192,0.019735,1211.000,0,0.153566,0.000000,0.203748,0.388391
tracking_cdrone3_20260822_203534_108_milestone4,milestone4,1787456161.270841122,target_map,1,1,2,predicted,7.766412,12.941589,4.091912,0.005957,-0.430413,-0.277244,0.027813,20.682566,808.828,1,3.770321,3.770321,1.335512,1.196794
tracking_cdrone3_20260822_203534_108_milestone4,milestone4,1787456161.270841122,target_map,3,5,2,predicted,4.840264,4.578754,1.918615,0.198091,0.115668,-1.021019,0.569356,11.513748,1886.500,1,0.253682,0.253682,0.238789,0.413421
tracking_cdrone3_20260822_203534_108_milestone4,milestone4,1787456161.270841122,target_map,6,8,2,predicted,-2.355986,2.359690,0.369592,0.859816,0.179166,0.017316,0.558242,3.966943,23029.250,0,1.457965,1.457965,0.553965,0.638546
tracking_cdrone3_20260822_203534_108_milestone4,milestone4,1787456161.270841122,target_map,8,14,2,predicted,-6.350511,1.791296,1.548151,0.000000,0.000000,0.000000,0.657618,0.019735,1211.000,0,0.253682,0.253682,0.238789,0.413421
tracking_cdrone3_20260822_203534_108_milestone4,milestone4,1787456161.299819231,raw,14,14,0,detected,-6.224787,1.839114,1.459409,0.432682,0.164564,-0.305408,0.702148,0.019337,1211.000,0,0.000000,0.000000,0.000000,0.000000
tracking_cdrone3_20260822_203534_108_milestone4,milestone4,1787456161.370843172,target_map,1,1,2,predicted,7.767008,12.898548,4.064188,0.005957,-0.430413,-0.277244,0.015703,20.682566,808.828,1,3.870321,3.870321,1.370512,1.221794
tracking_cdrone3_20260822_203534_108_milestone4,milestone4,1787456161.370843172,target_map,3,5,2,predicted,4.860073,4.590321,1.816513,0.198091,0.115668,-1.021019,0.554158,11.513748,1886.500,1,0.353682,0.353682,0.273789,0.438421
tracking_cdrone3_20260822_203534_108_milestone4,milestone4,1787456161.370843172,target_map,6,8,2,predicted,-2.270004,2.377607,0.371324,0.859816,0.179166,0.017316,0.536282,3.966943,23029.250,0,1.557965,1.557965,0.588965,0.663546
tracking_cdrone3_20260822_203534_108_milestone4,milestone4,1787456161.370843172,target_map,8,14,0,detected,-6.208612,1.845265,1.447993,0.237975,0.090510,-0.167974,0.690218,0.019337,1211.000,0,0.067967,0.000000,0.173788,0.366992
tracking_cdrone3_20260822_203534_108_milestone4,milestone4,1787456161.470985651,target_map,1,1,2,predicted,7.767604,12.855453,4.036428,0.005957,-0.430413,-0.277244,0.003579,20.682566,808.828,1,3.970447,3.970447,1.405556,1.246826
tracking_cdrone3_20260822_203534_108_milestone4,milestone4,1787456161.470985651,target_map,3,5,2,predicted,4.879908,4.601902,1.714282,0.198091,0.115668,-1.021019,0.538941,11.513748,1886.500,1,0.453809,0.453809,0.308833,0.463452
tracking_cdrone3_20260822_203534_108_milestone4,milestone4,1787456161.470985651,target_map,6,8,2,predicted,-2.183914,2.395546,0.373058,0.859816,0.179166,0.017316,0.514294,3.966943,23029.250,0,1.658091,1.658091,0.624009,0.688578
tracking_cdrone3_20260822_203534_108_milestone4,milestone4,1787456161.470985651,target_map,8,14,0,detected,-6.184785,1.854328,1.431174,0.237975,0.090510,-0.167974,0.672642,0.019337,1211.000,0,0.168093,0.000000,0.208833,0.392023
tracking_cdrone3_20260822_203534_108_milestone4,milestone4,1787456161.570878506,target_map,1,1,2,predicted,7.768199,12.812451,4.008729,0.005957,-0.430413,-0.277244,0.000000,20.682566,808.828,1,4.070354,4.070354,1.440524,1.271803
tracking_cdrone3_20260822_203534_108_milestone4,milestone4,1787456161.570878506,target_map,3,5,2,predicted,4.899698,4.613459,1.612274,0.198091,0.115668,-1.021019,0.523758,11.513748,1886.500,1,0.553716,0.553716,0.343801,0.488429
tracking_cdrone3_20260822_203534_108_milestone4,milestone4,1787456161.570878506,target_map,6,8,2,predicted,-2.098012,2.413446,0.374788,0.859816,0.179166,0.017316,0.492354,3.966943,23029.250,0,1.757998,1.757998,0.658977,0.713555
tracking_cdrone3_20260822_203534_108_milestone4,milestone4,1787456161.570878506,target_map,8,14,2,predicted,-6.161009,1.863370,1.414392,0.237975,0.090510,-0.167974,0.655104,0.019337,1211.000,0,0.268001,0.268001,0.243800,0.417000
tracking_cdrone3_20260822_203534_108_milestone4,milestone4,1787456161.585992098,raw,14,14,0,detected,-6.039145,1.920704,1.352729,0.648706,0.285112,-0.372784,0.702148,0.017684,1211.000,0,0.000000,0.000000,0.000000,0.000000
tracking_cdrone3_20260822_203534_108_milestone4,milestone4,1787456161.585992098,raw,15,15,0,detected,-3.158213,2.050029,0.738705,0.000000,0.000000,0.000000,0.447510,2.965334,32448.000,0,0.000000,0.000000,0.000000,0.000000
tracking_cdrone3_20260822_203534_108_milestone4,milestone4,1787456161.670706987,target_map,1,1,2,predicted,7.768794,12.769483,3.981052,0.005957,-0.430413,-0.277244,0.000000,20.682566,808.828,1,4.170186,4.170186,1.475464,1.296760
tracking_cdrone3_20260822_203534_108_milestone4,milestone4,1787456161.670706987,target_map,3,5,2,predicted,4.919474,4.625006,1.510345,0.198091,0.115668,-1.021019,0.508586,11.513748,1886.500,1,0.653547,0.653547,0.378742,0.513387
tracking_cdrone3_20260822_203534_108_milestone4,milestone4,1787456161.670706987,target_map,6,8,2,predicted,-2.012175,2.431333,0.376516,0.859816,0.179166,0.017316,0.470430,3.966943,23029.250,0,1.857830,1.857830,0.693918,0.738513
tracking_cdrone3_20260822_203534_108_milestone4,milestone4,1787456161.670706987,target_map,8,14,0,detected,-6.002069,1.936493,1.330300,0.463877,0.197541,-0.280620,0.688118,0.017684,1211.000,0,0.079927,0.000000,0.177974,0.369982
tracking_cdrone3_20260822_203534_108_milestone4,milestone4,1787456161.670706987,target_map,9,15,0,detected,-3.158213,2.050029,0.738705,0.000000,0.000000,0.000000,0.438568,2.965334,32448.000,0,0.079927,0.000000,0.177974,0.369982
tracking_cdrone3_20260822_203534_108_milestone4,milestone4,1787456161.770530701,target_map,1,1,2,predicted,7.769389,12.726515,3.953374,0.005957,-0.430413,-0.277244,0.000000,20.682566,808.828,1,4.270016,4.270016,1.510405,1.321718
tracking_cdrone3_20260822_203534_108_milestone4,milestone4,1787456161.770530701,target_map,3,5,2,predicted,4.939249,4.636553,1.408416,0.198091,0.115668,-1.021019,0.493414,11.513748,1886.500,1,0.753377,0.753377,0.413682,0.538344
tracking_cdrone3_20260822_203534_108_milestone4,milestone4,1787456161.770530701,target_map,6,8,2,predicted,-1.926340,2.449219,0.378245,0.859816,0.179166,0.017316,0.448507,3.966943,23029.250,0,1.957659,1.957659,0.728858,0.763470
tracking_cdrone3_20260822_203534_108_milestone4,milestone4,1787456161.770530701,target_map,8,14,0,detected,-5.955760,1.956214,1.302286,0.463877,0.197541,-0.280620,0.670594,0.017684,1211.000,0,0.179757,0.000000,0.212915,0.394939
tracking_cdrone3_20260822_203534_108_milestone4,milestone4,1787456161.770530701,target_map,9,15,0,detected,-3.158213,2.050029,0.738705,0.000000,0.000000,0.000000,0.427399,2.965334,32448.000,0,0.179757,0.000000,0.212915,0.394939
tracking_cdrone3_20260822_203534_108_milestone4,milestone4,1787456161.870944977,target_map,1,1,2,predicted,7.769987,12.683310,3.925545,0.005957,-0.430413,-0.277244,0.000000,20.682566,808.828,1,4.370396,4.370396,1.545538,1.346813
tracking_cdrone3_20260822_203534_108_milestone4,milestone4,1787456161.870944977,target_map,3,5,2,predicted,4.959134,4.648164,1.305926,0.198091,0.115668,-1.021019,0.478158,11.513748,1886.500,1,0.853758,0.853758,0.448815,0.563439
tracking_cdrone3_20260822_203534_108_milestone4,milestone4,1787456161.870944977,target_map,6,8,2,predicted,-1.840031,2.467204,0.379983,0.859816,0.179166,0.017316,0.426463,3.966943,23029.250,0,2.058040,2.058040,0.763991,0.788565
tracking_cdrone3_20260822_203534_108_milestone4,milestone4,1787456161.870944977,target_map,8,14,2,predicted,-5.909196,1.976043,1.274117,0.463877,0.197541,-0.280620,0.652974,0.017684,1211.000,0,0.280137,0.280137,0.248048,0.420034
tracking_cdrone3_20260822_203534_108_milestone4,milestone4,1787456161.870944977,target_map,9,15,2,predicted,-3.158213,2.050029,0.738705,0.000000,0.000000,0.000000,0.416169,2.965334,32448.000,0,0.280137,0.280137,0.248048,0.420034
tracking_cdrone3_20260822_203534_108_milestone4,milestone4,1787456161.882284880,raw,15,15,0,detected,0.046275,2.061865,0.347933,10.815316,0.039947,-1.318877,0.783691,5.929178,29580.000,0,0.000000,0.000000,0.000000,0.000000
tracking_cdrone3_20260822_203534_108_milestone4,milestone4,1787456161.970906019,target_map,1,1,2,predicted,7.770582,12.640274,3.897824,0.005957,-0.430413,-0.277244,0.000000,20.682566,808.828,1,4.470382,4.470382,1.580533,1.371809
tracking_cdrone3_20260822_203534_108_milestone4,milestone4,1787456161.970906019,target_map,3,5,2,predicted,4.978940,4.659729,1.203839,0.198091,0.115668,-1.021019,0.462963,11.513748,1886.500,1,0.953743,0.953743,0.483810,0.588436
tracking_cdrone3_20260822_203534_108_milestone4,milestone4,1787456161.970906019,target_map,6,8,2,predicted,-1.754062,2.485118,0.381715,0.859816,0.179166,0.017316,0.404506,3.966943,23029.250,0,2.158026,2.158026,0.798986,0.813562
tracking_cdrone3_20260822_203534_108_milestone4,milestone4,1787456161.970906019,target_map,8,14,2,predicted,-5.862815,1.995794,1.246059,0.463877,0.197541,-0.280620,0.635423,0.017684,1211.000,0,0.380123,0.380123,0.283043,0.445031
tracking_cdrone3_20260822_203534_108_milestone4,milestone4,1787456161.970906019,target_map,9,15,0,detected,0.421354,2.063251,0.302194,4.367616,0.016132,-0.532610,0.766866,5.929178,29580.000,0,0.085877,0.000000,0.180057,0.371469
tracking_cdrone3_20260822_203534_108_milestone4,milestone4,1787456162.070553064,target_map,1,1,2,predicted,7.771176,12.597382,3.870195,0.005957,-0.430413,-0.277244,0.000000,20.682566,808.828,1,4.570037,4.570037,1.615413,1.396723
tracking_cdrone3_20260822_203534_108_milestone4,milestone4,1787456162.070553064,target_map,3,5,2,predicted,4.998681,4.671256,1.102088,0.198091,0.115668,-1.021019,0.447817,11.513748,1886.500,1,1.053399,1.053399,0.518690,0.613350
tracking_cdrone3_20260822_203534_108_milestone4,milestone4,1787456162.070553064,target_map,6,8,2,predicted,-1.668376,2.502972,0.383440,0.859816,0.179166,0.017316,0.382621,3.966943,23029.250,0,2.257681,2.257681,0.833866,0.838476
tracking_cdrone3_20260822_203534_108_milestone4,milestone4,1787456162.070553064,target_map,8,14,2,predicted,-5.816587,2.015481,1.218094,0.463877,0.197541,-0.280620,0.617930,0.017684,1211.000,0,0.479779,0.479779,0.317922,0.469945
tracking_cdrone3_20260822_203534_108_milestone4,milestone4,1787456162.070553064,target_map,9,15,0,detected,0.856612,2.064858,0.249116,4.367616,0.016132,-0.532610,0.747341,5.929178,29580.000,0,0.185533,0.000000,0.214937,0.396383
tracking_cdrone3_20260822_203534_108_milestone4,milestone4,1787456162.170512676,target_map,1,1,2,predicted,7.771771,12.554355,3.842480,0.005957,-0.430413,-0.277244,0.000000,20.682566,808.828,1,4.670002,4.670002,1.650400,1.421715
tracking_cdrone3_20260822_203534_108_milestone4,milestone4,1787456162.170512676,target_map,3,5,2,predicted,5.018483,4.682819,1.000022,0.198091,0.115668,-1.021019,0.432625,11.513748,1886.500,1,1.153364,1.153364,0.553677,0.638341
tracking_cdrone3_20260822_203534_108_milestone4,milestone4,1787456162.170512676,target_map,6,8,2,predicted,-1.582425,2.520883,0.385172,0.859816,0.179166,0.017316,0.360668,3.966943,23029.250,0,2.357646,2.357646,0.868854,0.863467
tracking_cdrone3_20260822_203534_108_milestone4,milestone4,1787456162.170512676,target_map,8,14,2,predicted,-5.770216,2.035228,1.190042,0.463877,0.197541,-0.280620,0.600382,0.017684,1211.000,0,0.579744,0.579744,0.352910,0.494936
tracking_cdrone3_20260822_203534_108_milestone4,milestone4,1787456162.170512676,target_map,9,15,2,predicted,1.293221,2.066471,0.195874,4.367616,0.016132,-0.532610,0.727756,5.929178,29580.000,0,0.285498,0.285498,0.249924,0.421375
tracking_cdrone3_20260822_203534_108_milestone4,milestone4,1787456162.181910276,raw,15,15,0,detected,-0.096669,1.948392,0.810007,-0.477075,-0.378716,1.542170,0.837891,5.632348,28887.750,1,0.000000,0.000000,0.000000,0.000000
tracking_cdrone3_20260822_203534_108_milestone4,milestone4,1787456162.270834446,target_map,1,1,2,predicted,7.772369,12.511181,3.814671,0.005957,-0.430413,-0.277244,0.000000,20.682566,808.828,1,4.770310,4.770310,1.685508,1.446791
tracking_cdrone3_20260822_203534_108_milestone4,milestone4,1787456162.270834446,target_map,3,5,2,predicted,5.038353,4.694421,0.897606,0.198091,0.115668,-1.021019,0.417380,11.513748,1886.500,1,1.253672,1.253672,0.588785,0.663418
tracking_cdrone3_20260822_203534_108_milestone4,milestone4,1787456162.270834446,target_map,6,8,2,predicted,-1.496179,2.538855,0.386909,0.859816,0.179166,0.017316,0.338640,3.966943,23029.250,0,2.457954,2.457954,0.903961,0.888544
tracking_cdrone3_20260822_203534_108_milestone4,milestone4,1787456162.270834446,target_map,8,14,2,predicted,-5.723685,2.055043,1.161894,0.463877,0.197541,-0.280620,0.582774,0.017684,1211.000,0,0.680051,0.680051,0.388018,0.520013
tracking_cdrone3_20260822_203534_108_milestone4,milestone4,1787456162.270834446,target_map,9,15,0,detected,0.050238,1.931051,0.862498,1.703036,-0.201034,0.608519,0.819821,5.632348,28887.750,1,0.086262,0.000000,0.180192,0.371565
tracking_cdrone3_20260822_203534_108_milestone4,milestone4,1787456162.370954275,target_map,1,1,2,predicted,7.772965,12.468091,3.786915,0.005957,-0.430413,-0.277244,0.000000,20.682566,808.828,1,4.870424,4.870424,1.720548,1.471820
tracking_cdrone3_20260822_203534_108_milestone4,milestone4,1787456162.370954275,target_map,3,5,2,predicted,5.058185,4.706001,0.795388,0.198091,0.115668,-1.021019,0.402165,11.513748,1886.500,1,1.353786,1.353786,0.623825,0.688446
tracking_cdrone3_20260822_203534_108_milestone4,milestone4,1787456162.370954275,target_map,6,8,2,predicted,-1.410099,2.556792,0.388642,0.859816,0.179166,0.017316,0.316655,3.966943,23029.250,0,2.558068,2.558068,0.939001,0.913572
tracking_cdrone3_20260822_203534_108_milestone4,milestone4,1787456162.370954275,target_map,8,14,2,predicted,-5.677245,2.074819,1.133800,0.463877,0.197541,-0.280620,0.565201,0.017684,1211.000,0,0.780165,0.780165,0.423058,0.545041
tracking_cdrone3_20260822_203534_108_milestone4,milestone4,1787456162.370954275,target_map,9,15,0,detected,0.220736,1.910924,0.923420,1.703036,-0.201034,0.608519,0.798850,5.632348,28887.750,1,0.186376,0.000000,0.215232,0.396594
tracking_cdrone3_20260822_203534_108_milestone4,milestone4,1787456162.438253641,raw,15,15,0,detected,1.168254,1.949533,0.458179,4.934269,0.004450,-1.372424,0.837891,6.850013,28887.750,0,0.000000,0.000000,0.000000,0.000000
tracking_cdrone3_20260822_203534_108_milestone4,milestone4,1787456162.470774174,target_map,1,1,2,predicted,7.773560,12.425120,3.759236,0.005957,-0.430413,-0.277244,0.000000,20.682566,808.828,1,4.970260,4.970260,1.755490,1.496779
tracking_cdrone3_20260822_203534_108_milestone4,milestone4,1787456162.470774174,target_map,3,5,2,predicted,5.077961,4.717549,0.693453,0.198091,0.115668,-1.021019,0.386992,11.513748,1886.500,1,1.453621,1.453621,0.658767,0.713405
tracking_cdrone3_20260822_203534_108_milestone4,milestone4,1787456162.470774174,target_map,6,8,2,predicted,-1.324259,2.574679,0.390371,0.859816,0.179166,0.017316,0.294730,3.966943,23029.250,0,2.657904,2.657904,0.973944,0.938531
tracking_cdrone3_20260822_203534_108_milestone4,milestone4,1787456162.470774174,target_map,8,14,2,predicted,-5.630933,2.094541,1.105784,0.463877,0.197541,-0.280620,0.547676,0.017684,1211.000,0,0.880001,0.880001,0.458000,0.570000
tracking_cdrone3_20260822_203534_108_milestone4,milestone4,1787456162.470774174,target_map,9,15,0,detected,1.252236,1.947409,0.446572,3.480214,-0.088018,-0.480999,0.832836,6.850013,28887.750,0,0.024131,0.000000,0.158446,0.356033
tracking_cdrone3_20260822_203534_108_milestone4,milestone4,1787456162.570752621,target_map,3,5,2,predicted,5.097765,4.729113,0.591378,0.198091,0.115668,-1.021019,0.371798,11.513748,1886.500,1,1.553596,1.553596,0.693759,0.738399
tracking_cdrone3_20260822_203534_108_milestone4,milestone4,1787456162.570752621,target_map,6,8,2,predicted,-1.238299,2.592591,0.392102,0.859816,0.179166,0.017316,0.272776,3.966943,23029.250,0,2.757878,2.757878,1.008935,0.963525
tracking_cdrone3_20260822_203534_108_milestone4,milestone4,1787456162.570752621,target_map,8,14,2,predicted,-5.584557,2.114290,1.077729,0.463877,0.197541,-0.280620,0.530126,0.017684,1211.000,0,0.979975,0.979975,0.492991,0.594994
tracking_cdrone3_20260822_203534_108_milestone4,milestone4,1787456162.570752621,target_map,9,15,0,detected,1.600168,1.938609,0.398484,3.480214,-0.088018,-0.480999,0.811894,6.850013,28887.750,0,0.124105,0.000000,0.193437,0.381026
tracking_cdrone3_20260822_203534_108_milestone4,milestone4,1787456162.670888662,target_map,3,5,2,predicted,5.117600,4.740695,0.489146,0.198091,0.115668,-1.021019,0.356581,11.513748,1886.500,1,1.653723,1.653723,0.728803,0.763431
tracking_cdrone3_20260822_203534_108_milestone4,milestone4,1787456162.670888662,target_map,6,8,2,predicted,-1.152208,2.610530,0.393836,0.859816,0.179166,0.017316,0.250787,3.966943,23029.250,0,2.858005,2.858005,1.043979,0.988557
tracking_cdrone3_20260822_203534_108_milestone4,milestone4,1787456162.670888662,target_map,8,14,2,predicted,-5.538111,2.134069,1.049631,0.463877,0.197541,-0.280620,0.512550,0.017684,1211.000,0,1.080102,1.080102,0.528036,0.620026
tracking_cdrone3_20260822_203534_108_milestone4,milestone4,1787456162.670888662,target_map,9,15,0,detected,1.948632,1.929796,0.350323,3.480214,-0.088018,-0.480999,0.790920,6.850013,28887.750,0,0.224233,0.000000,0.228481,0.406058
tracking_cdrone3_20260822_203534_108_milestone4,milestone4,1787456162.692907810,raw,15,15,0,detected,1.712634,1.868221,-0.344891,2.137769,-0.319310,-3.153642,0.837891,7.383602,28887.750,0,0.000000,0.000000,0.000000,0.000000
tracking_cdrone3_20260822_203534_108_milestone4,milestone4,1787456162.770846367,target_map,3,5,2,predicted,5.137402,4.752257,0.387081,0.198091,0.115668,-1.021019,0.341389,11.513748,1886.500,1,1.753686,1.753686,0.763790,0.788422
tracking_cdrone3_20260822_203534_108_milestone4,milestone4,1787456162.770846367,target_map,6,8,2,predicted,-1.066258,2.628440,0.395567,0.859816,0.179166,0.017316,0.228835,3.966943,23029.250,0,2.957968,2.957968,1.078966,1.013547
tracking_cdrone3_20260822_203534_108_milestone4,milestone4,1787456162.770846367,target_map,8,14,2,predicted,-5.491740,2.153816,1.021580,0.463877,0.197541,-0.280620,0.495003,0.017684,1211.000,0,1.180066,1.180066,0.563023,0.645016
tracking_cdrone3_20260822_203534_108_milestone4,milestone4,1787456162.770846367,target_map,9,15,0,detected,1.908099,1.852878,-0.483972,2.741870,-0.215229,-1.950953,0.822958,7.383602,28887.750,0,0.071289,0.000000,0.174951,0.367822
tracking_cdrone3_20260822_203534_108_milestone4,milestone4,1787456162.870968580,target_map,3,5,2,predicted,5.157232,4.763836,0.284871,0.198091,0.115668,-1.021019,0.326175,11.513748,1886.500,1,1.853793,1.853793,0.798827,0.813448
tracking_cdrone3_20260822_203534_108_milestone4,milestone4,1787456162.870968580,target_map,6,8,2,predicted,-0.980185,2.646376,0.397300,0.859816,0.179166,0.017316,0.206851,3.966943,23029.250,0,3.058075,3.058075,1.114004,1.038574
tracking_cdrone3_20260822_203534_108_milestone4,milestone4,1787456162.870968580,target_map,8,14,2,predicted,-5.445303,2.173591,0.993488,0.463877,0.197541,-0.280620,0.477431,0.017684,1211.000,0,1.280172,1.280172,0.598060,0.670043
tracking_cdrone3_20260822_203534_108_milestone4,milestone4,1787456162.870968580,target_map,9,15,0,detected,2.182578,1.831332,-0.679276,2.741870,-0.215229,-1.950953,0.801988,7.383602,28887.750,0,0.171396,0.000000,0.209988,0.392849
tracking_cdrone3_20260822_203534_108_milestone4,milestone4,1787456162.955821037,raw,15,15,0,detected,3.181190,1.908572,0.783297,5.585662,0.153474,4.291070,0.604980,8.547068,46530.000,0,0.000000,0.000000,0.000000,0.000000
tracking_cdrone3_20260822_203534_108_milestone4,milestone4,1787456162.970565796,target_map,3,5,2,predicted,5.176968,4.775360,0.183148,0.198091,0.115668,-1.021019,0.311034,11.513748,1886.500,1,1.953422,1.953422,0.833698,0.838355
tracking_cdrone3_20260822_203534_108_milestone4,milestone4,1787456162.970565796,target_map,6,8,2,predicted,-0.894522,2.664226,0.399026,0.859816,0.179166,0.017316,0.184972,3.966943,23029.250,0,3.157704,3.157704,1.148874,1.063481
tracking_cdrone3_20260822_203534_108_milestone4,milestone4,1787456162.970565796,target_map,8,14,2,predicted,-5.399087,2.193272,0.965530,0.463877,0.197541,-0.280620,0.459942,0.017684,1211.000,0,1.379801,1.379801,0.632930,0.694950
tracking_cdrone3_20260822_203534_108_milestone4,milestone4,1787456162.970565796,target_map,9,15,0,detected,3.227408,1.908438,0.799206,4.305955,-0.012442,1.482159,0.603357,8.547068,46530.000,0,0.010733,0.000000,0.153757,0.352683
tracking_cdrone3_20260822_203534_108_milestone4,milestone4,1787456163.070697546,target_map,3,5,2,predicted,5.196798,4.786940,0.080936,0.198091,0.115668,-1.021019,0.295820,11.513748,1886.500,1,2.053529,2.053529,0.868735,0.863382
tracking_cdrone3_20260822_203534_108_milestone4,milestone4,1787456163.070697546,target_map,6,8,2,predicted,-0.808448,2.682162,0.400759,0.859816,0.179166,0.017316,0.162988,3.966943,23029.250,0,3.257811,3.257811,1.183911,1.088508
tracking_cdrone3_20260822_203534_108_milestone4,milestone4,1787456163.070697546,target_map,8,14,2,predicted,-5.352650,2.213048,0.937438,0.463877,0.197541,-0.280620,0.442370,0.017684,1211.000,0,1.479908,1.479908,0.667968,0.719977
tracking_cdrone3_20260822_203534_108_milestone4,milestone4,1787456163.070697546,target_map,9,15,0,detected,3.658466,1.907193,0.947581,4.305955,-0.012442,1.482159,0.588216,8.547068,46530.000,0,0.110841,0.000000,0.188794,0.377710
tracking_cdrone3_20260822_203534_108_milestone4,milestone4,1787456163.170835972,target_map,3,5,2,predicted,5.216635,4.798523,-0.021312,0.198091,0.115668,-1.021019,0.280600,11.513748,1886.500,1,2.153672,2.153672,0.903785,0.888418
tracking_cdrone3_20260822_203534_108_milestone4,milestone4,1787456163.170835972,target_map,6,8,2,predicted,-0.722344,2.700104,0.402493,0.859816,0.179166,0.017316,0.140996,3.966943,23029.250,0,3.357954,3.357954,1.218961,1.113544
tracking_cdrone3_20260822_203534_108_milestone4,milestone4,1787456163.170835972,target_map,8,14,2,predicted,-5.306196,2.232830,0.909336,0.463877,0.197541,-0.280620,0.424791,0.017684,1211.000,0,1.580051,1.580051,0.703018,0.745013
tracking_cdrone3_20260822_203534_108_milestone4,milestone4,1787456163.170835972,target_map,9,15,0,detected,4.089676,1.905947,1.096008,4.305955,-0.012442,1.482159,0.573070,8.547068,46530.000,0,0.210984,0.000000,0.223844,0.402746
tracking_cdrone3_20260822_203534_108_milestone4,milestone4,1787456163.270849228,target_map,3,5,2,predicted,5.236447,4.810091,-0.123426,0.198091,0.115668,-1.021019,0.265401,11.513748,1886.500,1,2.253684,2.253684,0.938789,0.913421
tracking_cdrone3_20260822_203534_108_milestone4,milestone4,1787456163.270849228,target_map,6,8,2,predicted,-0.636352,2.718023,0.404225,0.859816,0.179166,0.017316,0.119033,3.966943,23029.250,0,3.457966,3.457966,1.253965,1.138547
tracking_cdrone3_20260822_203534_108_milestone4,milestone4,1787456163.270849228,target_map,8,14,2,predicted,-5.259802,2.252586,0.881271,0.463877,0.197541,-0.280620,0.407235,0.017684,1211.000,0,1.680063,1.680063,0.738022,0.770016
tracking_cdrone3_20260822_203534_108_milestone4,milestone4,1787456163.270849228,target_map,9,15,2,predicted,4.520323,1.904703,1.244242,4.305955,-0.012442,1.482159,0.557944,8.547068,46530.000,0,0.310995,0.310995,0.258848,0.427749
tracking_cdrone3_20260822_203534_108_milestone4,milestone4,1787456163.293411732,raw,15,15,0,detected,3.231577,1.870633,0.358572,0.149255,-0.112383,-1.258126,0.604980,8.297359,46530.000,1,0.000000,0.000000,0.000000,0.000000
tracking_cdrone3_20260822_203534_108_milestone4,milestone4,1787456163.370498657,target_map,3,5,2,predicted,5.256190,4.821619,-0.225187,0.198091,0.115668,-1.021019,0.250254,11.513748,1886.500,1,2.353350,2.353350,0.973672,0.938337
tracking_cdrone3_20260822_203534_108_milestone4,milestone4,1787456163.370498657,target_map,6,8,2,predicted,-0.550658,2.735879,0.405951,0.859816,0.179166,0.017316,0.097146,3.966943,23029.250,0,3.557632,3.557632,1.288849,1.163463
tracking_cdrone3_20260822_203534_108_milestone4,milestone4,1787456163.370498657,target_map,8,14,2,predicted,-5.213570,2.272274,0.853303,0.463877,0.197541,-0.280620,0.389740,0.017684,1211.000,0,1.779729,1.779729,0.772905,0.794932
tracking_cdrone3_20260822_203534_108_milestone4,milestone4,1787456163.370498657,target_map,9,15,0,detected,3.378925,1.865715,0.356748,2.019770,-0.067409,-0.024998,0.593947,8.297359,46530.000,1,0.072953,0.000000,0.175534,0.368238
tracking_cdrone3_20260822_203534_108_milestone4,milestone4,1787456163.470835209,target_map,3,5,2,predicted,5.276062,4.833223,-0.327612,0.198091,0.115668,-1.021019,0.235008,11.513748,1886.500,1,2.453666,2.453666,1.008783,0.963417
tracking_cdrone3_20260822_203534_108_milestone4,milestone4,1787456163.470835209,target_map,6,8,2,predicted,-0.464404,2.753853,0.407688,0.859816,0.179166,0.017316,0.075116,3.966943,23029.250,0,3.657949,3.657949,1.323959,1.188542
tracking_cdrone3_20260822_203534_108_milestone4,milestone4,1787456163.470835209,target_map,8,14,2,predicted,-5.167035,2.292091,0.825152,0.463877,0.197541,-0.280620,0.372131,0.017684,1211.000,0,1.880046,1.880046,0.808016,0.820011
tracking_cdrone3_20260822_203534_108_milestone4,milestone4,1787456163.470835209,target_map,9,15,0,detected,3.581542,1.858953,0.354241,2.019770,-0.067409,-0.024998,0.578774,8.297359,46530.000,1,0.173270,0.000000,0.210644,0.393317
tracking_cdrone3_20260822_203534_108_milestone4,milestone4,1787456163.570816517,target_map,3,5,2,predicted,5.295869,4.844789,-0.429708,0.198091,0.115668,-1.021019,0.219811,11.513748,1886.500,1,2.553661,2.553661,1.043781,0.988415
tracking_cdrone3_20260822_203534_108_milestone4,milestone4,1787456163.570816517,target_map,6,8,2,predicted,-0.378427,2.771768,0.409420,0.859816,0.179166,0.017316,0.053157,3.966943,23029.250,0,3.757943,3.757943,1.358957,1.213541
tracking_cdrone3_20260822_203534_108_milestone4,milestone4,1787456163.570816517,target_map,8,14,2,predicted,-5.120650,2.311844,0.797091,0.463877,0.197541,-0.280620,0.354578,0.017684,1211.000,0,1.980040,1.980040,0.843014,0.845010
tracking_cdrone3_20260822_203534_108_milestone4,milestone4,1787456163.570816517,target_map,9,15,2,predicted,3.783507,1.852213,0.351741,2.019770,-0.067409,-0.024998,0.563651,8.297359,46530.000,1,0.273264,0.273264,0.245642,0.418316
tracking_cdrone3_20260822_203534_108_milestone4,milestone4,1787456163.663909435,raw,15,15,0,detected,5.807230,1.606491,0.001599,6.951731,-0.712924,-0.963477,0.604980,10.685479,46530.000,0,0.000000,0.000000,0.000000,0.000000
tracking_cdrone3_20260822_203534_108_milestone4,milestone4,1787456163.672914982,target_map,3,5,2,predicted,5.316084,4.856593,-0.533900,0.198091,0.115668,-1.021019,0.204302,11.513748,1886.500,1,2.655708,2.655708,1.079498,1.013927
tracking_cdrone3_20260822_203534_108_milestone4,milestone4,1787456163.672914982,target_map,6,8,2,predicted,-0.290685,2.790052,0.411187,0.859816,0.179166,0.017316,0.030747,3.966943,23029.250,0,3.859990,3.859990,1.394674,1.239053
tracking_cdrone3_20260822_203534_108_milestone4,milestone4,1787456163.672914982,target_map,8,14,2,predicted,-5.073312,2.332003,0.768455,0.463877,0.197541,-0.280620,0.336665,0.017684,1211.000,0,2.082087,2.082087,0.878731,0.870522
tracking_cdrone3_20260822_203534_108_milestone4,milestone4,1787456163.672914982,target_map,9,15,0,detected,5.817781,1.605549,0.000392,4.732349,-0.422442,-0.541161,0.604643,10.685479,46530.000,0,0.002229,0.000000,0.150780,0.350557
tracking_cdrone3_20260822_203534_108_milestone4,milestone4,1787456163.770592451,target_map,3,5,2,predicted,5.335445,4.867898,-0.633690,0.198091,0.115668,-1.021019,0.189449,11.513748,1886.500,1,2.753444,2.753444,1.113705,1.038361
tracking_cdrone3_20260822_203534_108_milestone4,milestone4,1787456163.770592451,target_map,6,8,2,predicted,-0.206650,2.807563,0.412879,0.859816,0.179166,0.017316,0.009284,3.966943,23029.250,0,3.957726,3.957726,1.428881,1.263487
tracking_cdrone3_20260822_203534_108_milestone4,milestone4,1787456163.770592451,target_map,8,14,2,predicted,-5.027975,2.351309,0.741028,0.463877,0.197541,-0.280620,0.319509,0.017684,1211.000,0,2.179823,2.179823,0.912938,0.894956
tracking_cdrone3_20260822_203534_108_milestone4,milestone4,1787456163.770592451,target_map,9,15,0,detected,6.280301,1.564262,-0.052498,4.732349,-0.422442,-0.541161,0.589861,10.685479,46530.000,0,0.099965,0.000000,0.184988,0.374991
tracking_cdrone3_20260822_203534_108_milestone4,milestone4,1787456163.870939016,target_map,3,5,2,predicted,5.355320,4.879503,-0.736132,0.198091,0.115668,-1.021019,0.174200,11.513748,1886.500,1,2.853777,2.853777,1.148822,1.063444
tracking_cdrone3_20260822_203534_108_milestone4,milestone4,1787456163.870939016,target_map,6,8,2,predicted,-0.120382,2.825539,0.414617,0.859816,0.179166,0.017316,0.000000,3.966943,23029.250,0,4.058059,4.058059,1.463998,1.288570
tracking_cdrone3_20260822_203534_108_milestone4,milestone4,1787456163.870939016,target_map,8,14,2,predicted,-4.981433,2.371129,0.712873,0.463877,0.197541,-0.280620,0.301896,0.017684,1211.000,0,2.280156,2.280156,0.948055,0.920039
tracking_cdrone3_20260822_203534_108_milestone4,milestone4,1787456163.870939016,target_map,9,15,0,detected,6.755112,1.521877,-0.106795,4.732349,-0.422442,-0.541161,0.574686,10.685479,46530.000,0,0.200298,0.000000,0.220104,0.400075
tracking_cdrone3_20260822_203534_108_milestone4,milestone4,1787456163.963098526,raw,15,15,0,detected,-3.039388,2.243295,1.136872,-29.565779,2.128226,3.794130,0.604980,1.506994,46530.000,1,0.000000,0.000000,0.000000,0.000000
tracking_cdrone3_20260822_203534_108_milestone4,milestone4,1787456163.970502377,target_map,3,5,2,predicted,5.375046,4.891021,-0.837807,0.198091,0.115668,-1.021019,0.159066,11.513748,1886.500,1,2.953359,2.953359,1.183676,1.088340
tracking_cdrone3_20260822_203534_108_milestone4,milestone4,1787456163.970502377,target_map,6,8,2,predicted,-0.034760,2.843380,0.416341,0.859816,0.179166,0.017316,0.000000,3.966943,23029.250,0,4.157641,4.157641,1.498852,1.313465
tracking_cdrone3_20260822_203534_108_milestone4,milestone4,1787456163.970502377,target_map,8,14,2,predicted,-4.935239,2.390801,0.684928,0.463877,0.197541,-0.280620,0.284416,0.017684,1211.000,0,2.379738,2.379738,0.982908,0.944935
tracking_cdrone3_20260822_203534_108_milestone4,milestone4,1787456163.970502377,target_map,9,15,0,detected,-3.049434,2.243852,1.138295,-2.223573,0.123251,0.315108,0.604297,1.506994,46530.000,1,0.004518,0.000000,0.151581,0.351130
